x	y
1.49516950292304	1.23868236850354
-0.586363262008349	0.225445746311403
0.855649747034486	0.980286396083092
0.821441603357931	0.601640710485758
0.457973464705071	0.167618117264498
0.871896197642479	0.720482080269296
0.611144933733342	0.421575684480403
-0.289003215206477	0.100328574963044
0.748846846158512	0.600073167699422
1.27093127294664	0.554877020749922
0.283359502049798	0.172850611698098
0.408548199370204	0.281180859030287
1.34674371080016	1.02921433164363
-0.397917372327526	0.113210213347022
-0.405916820197231	0.361209888490493
1.26102041152251	0.550485124685218
1.6457026297447	1.86429321787904
0.132742993973497	0.0341362592279412
1.26124408907508	0.563558163566281
0.665964189395576	0.567689922988107
0.490020642408577	0.429214566927924
-1.22868226324655	0.750644107661328
-0.496803079889684	0.335036222459843
0.4587057746495	0.165829202991859
-0.384358633883316	0.112187030580755
0.750251847046398	0.326209238316887
0.627270637170638	0.20187306156162
2.494060561827	1.39946272520233
-0.591675130838174	0.244288006229102
0.17062155108023	0.140943366717878
0.963922030815966	1.02324497758784
0.0173291713014407	0.0124060199962418
-0.126054545236864	0.10396715714194
-0.109230534502443	0.0874174120467365
0.375198761016708	0.311701783841894
-0.6503346530723	0.605699981865237
-2.34546073548418	1.26968906177935
0.375508297969343	0.154250432471742
0.117296203637045	0.0527752964789137
1.39801145355452	0.889889510288778
-0.230759622577923	0.132040310778396
1.78126663945127	0.700677528751251
0.726440091093816	1.02311704622932
0.425708839633051	0.428238884660686
0.260942387147038	0.219421206239164
0.259090020176967	0.227272809905355
0.181800389535992	0.135618782011021
-0.0441603534380123	0.0230246596056658
0.685854085341831	0.699315408873533
0.776901699162557	1.08291353022122
0.578414138886107	0.638367237894972
-0.545082747954735	0.415704934319377
-0.0299015514201426	0.0199648785771732
1.26386905101673	0.549424816588521
0.977508083966328	0.374996717181427
0.326134559558641	0.147545184675729
-0.31294748506273	0.201322433872927
0.0863025903287126	0.0299622438588172
0.103627257682195	0.0306301827891827
0.166054149747067	0.120696386650024
0.145394729669601	0.0954482151874683
0.452168758234465	0.41431202751969
-0.736415545292803	0.668502742402022
-0.200356465999018	0.173237221764472
0.432590966309672	0.410171258475497
-0.970977286728399	0.738492679790152
0.159459056685719	0.114144204924587
-1.04104398934722	0.556148258118499
0.327271472886814	0.148062450918119
1.06140165400609	0.793885624807323
-0.227895911672294	0.127371643200168
0.0753321203418176	0.0262254746883194
-0.644692498447637	0.158795616333555
0.49375751938636	0.425332067093025
-0.799471456541383	0.918652371214466
-0.361169774320023	0.325269282781205
-0.0692471105155346	0.0343778988109698
0.0790391291686279	0.0590696228979465
0.311615995504892	0.156591399893771
-1.08963526975271	0.473987491495537
-1.00205213341012	0.640885749434682
1.77899154437403	0.697731563428209
1.1999600664541	0.845692889534096
0.984331134375082	0.391220929591653
0.617731138644824	0.55190646103838
0.461758252218846	0.430951559923304
-0.119118461300315	0.0998515895801576
-0.238174316158966	0.201370303938278
-0.295722989379587	0.2664200535731
0.0363002277419535	0.0227143743335516
-0.840958039933235	0.401616990682173
-0.644137672685696	0.15938672368822
0.304151998967084	0.16508795197887
0.624544083793489	0.525788529499524
0.282625000192173	0.173990846578343
1.77875508171201	0.70553941258921
0.713860701588295	0.683082867744612
0.36198729797964	0.300819165542561
0.0278430631592599	0.0164508452985376
0.35430044517133	0.324213846664292
0.422449486481393	0.294577874221967
-0.0584515551335826	0.0375515337482354
-1.22346388941257	0.715457108274233
0.103045998295941	0.0317521774583255
0.0832835543238855	0.0352076285009484
-0.384629606774007	0.230650843235965
-1.09129791721178	0.473002093574455
1.20874835956161	1.67730482470159
0.0673866237384431	0.0480501944997763
-0.0746895679677449	0.0566100999686703
0.585122572235841	0.654374282397778
0.330750657085055	0.313032917105099
0.0173679182957985	0.0132236094439891
-0.040892218054055	0.0293289808325886
0.0866529548368514	0.0652086373374738
-0.379537961930527	0.351327552298264
-0.47647642228628	0.453694197556716
1.72677500324209	1.27022985603398
0.624214008916153	0.206232457822621
1.35226080775225	1.05031393401668
0.732491718961447	0.694515376927267
1.08031554326542	0.981974406007092
2.06192892322831	0.945450100823738
-0.0781352125111664	0.0573035715966532
0.188952843966772	0.154099053742926
-0.301004300393868	0.272748889371892
0.265149327762926	0.214673943858501
-0.161261352376327	0.13007653331892
-0.759662712395848	0.978612896184461
0.610815677901719	0.668252173015396
0.292726656208374	0.308111943724418
0.835978296163613	0.452107744408734
1.39198718939204	0.878557877944574
-0.500525524434465	0.354158617911887
0.975203499698229	1.09973188301866
-0.595088385779071	0.385657448335454
-0.590165547585576	0.242952924388323
-0.00184487289330771	0.000895213908937782
0.42126213144852	0.404000368290434
0.284842147254167	0.172535487149506
0.0752198925645419	0.0547783000041711
-0.664683436623477	0.642206983476617
0.1510661982192	0.105359689792403
-0.100358671490623	0.0749554418256645
-0.291310238246044	0.153607742103516
-0.432113661356761	0.316025900777204
-0.447920217017002	0.401571109020751
1.39350539097595	0.873742612776647
0.495907908181044	0.498544844360589
0.135837202494271	0.0761786832403308
-1.19496445851935	1.0593961849639
0.0644364097022559	0.0441137794727435
0.275065431055608	0.180221564665757
0.143886741343835	0.0975066098524085
-0.670129787965277	0.649889794016436
-0.854952984377468	0.468011366981546
-0.288003609048903	0.100132891438743
0.468389680044914	0.290267369687921
0.048161435509496	0.0464881737232372
-0.460415738293682	0.541263584133833
0.686662614714749	0.652402765024763
0.436092045571136	0.407217049828085
0.964633038662753	0.780401288365406
-0.674620150076861	0.338140341774038
0.564446693014796	0.527523921397968
-1.55549879602793	0.836623934060424
0.251906788098861	0.234442621071525
0.143062719444902	0.0948043811182407
-1.30117511805162	1.22446179934335
-0.614029454109315	0.465385010301134
-0.733016412057708	0.632957752267757
1.21184498082239	0.814258501259621
0.748720029019344	0.323834639770185
0.329135067386633	0.149046178732025
0.624310399004356	0.303370466158071
0.123702302059323	0.0651288735173546
0.75415061114213	0.33272994375613
-0.62248116499253	0.461568615032851
0.478358497021794	0.429816117467506
-0.0737697762379258	0.0465542505327148
-0.417311179561738	0.341972626796846
-0.10619607301719	0.0487671859589495
-0.282444503090029	0.0957971311372689
0.463797882233633	0.172742420349666
0.490438848956888	0.616747895387973
0.0211437160951664	0.0158180615148956
0.659415077956722	0.56674248401811
-0.18291737737985	0.130350341689385
0.26833637890317	0.170683065467705
0.985363700386821	0.34361976201845
0.263269931344902	0.207592048435575
-0.26505722691846	0.222989747672459
0.294585218237696	0.173717042040786
-1.14525714287818	0.829700114396126
0.498651087071076	0.294737089433561
2.06715014894934	0.927692097975827
1.42365420901275	0.486816559821607
0.586191418636243	0.408814018626721
-0.676310390747008	0.628137357129184
0.464901668325985	0.172681502759963
-1.04990702564731	0.551080873104381
0.835839296065074	0.464928465157793
0.0995121353052794	0.0298057460236983
0.0798202363482105	0.0310264592342791
0.648582108686572	0.559701033639757
-0.220493522706322	0.0858373609288333
-0.58222717682976	0.531695248061731
0.62869457355659	0.666342822347748
0.53361876588791	0.426863535026744
-0.109159849529665	0.050161739068834
-0.161798153426485	0.0672394393988596
-0.281888903821783	0.0962298133777609
0.627270637170638	0.20187306156162
0.0750155538529547	0.0286102999704407
1.00252623207051	0.491876771102163
0.128111433683627	0.077345249838785
-0.652452337482925	0.556742327036464
0.473466385495945	0.418452966443196
0.907184588714079	0.623466191965454
1.07968348673589	0.951984192921834
0.134055214227096	0.0350949903423807
0.541774605851138	0.429284799049937
0.837847271339345	0.458840464412753
-0.372402450943461	0.229129805502875
-1.47051779309333	1.64184306941877
-0.215178953222529	0.0838903568248648
-0.373992179785985	0.280707266279338
-0.37329770652213	0.168700964809978
0.462502963352406	0.170193407126297
0.464388858542812	0.284918349013646
0.806512162652381	0.667508953454958
0.628920170542908	0.306461337324852
-0.0569287820519349	0.0362247922407899
0.988000179086613	0.91176694586271
0.138680928592786	0.0834056571459181
0.878990100556141	0.741627202541408
-0.181526834367127	0.103544562624748
-1.22829595237761	0.706247529356444
1.89227087448788	1.16930447921713
-0.0147331335514166	0.00813175199639527
-0.232265382034429	0.127242500258968
0.114585650779681	0.0588219319921473
-0.0423963566463112	0.0227237950129367
0.091740404577488	0.0407905730290846
-0.840074226278844	0.476887443641493
-1.6555342867728	1.29102868246853
0.377186351134019	0.154116786086016
0.340608439659498	0.154214705457646
0.961976672917953	1.01344424802318
0.410750819065368	0.284282472996493
-0.304215369812146	0.190970372108197
0.272324038572488	0.181965531475279
0.112784905711342	0.0522098099234384
-0.10696459172906	0.0496405049350619
0.816401836539318	1.03676057721346
0.755401551550225	0.71160663739583
-0.731954425121694	0.632924033831381
1.71778696865937	1.3516454386934
1.10385195271308	1.1465252968098
-0.0214734048134965	0.011689501054645
0.114022036542843	0.0614684244884911
2.68882044361848	1.59304372438996
-0.104868606146836	0.0745637741689859
0.143811475445739	0.0930229790154434
-0.28211732937594	0.21725337771047
0.0851819051673344	0.0296652672214374
0.7429219449725	0.449352356388047
0.000247025714151716	0.000274119930668438
0.120829305240238	0.0634898703246183
-0.695367191756835	0.419967583002308
2.06370220786983	0.957566185457224
1.44826393523382	1.93492051663962
-0.142681940422767	0.0887402208904685
0.0357629476174427	0.0229716928333482
0.108230720002109	0.032394906422211
-0.418100225891183	0.289883480478731
0.134363712526382	0.0796080675000614
0.276042423686246	0.174525808609447
0.111966039288409	0.059110852113708
0.0778270082919687	0.0263578324194458
-0.187017265080686	0.134085712843741
-0.313092415284291	0.225077491649248
-1.08283202515333	0.862792708645238
-1.1419527496492	0.835765612040153
-0.148405625140251	0.0920470321583213
-0.0170007651270785	0.00903852741110097
0.405134721799179	0.299550778407368
0.13617273196111	0.0348078928142129
0.466224698760268	0.500160316478643
0.183700379759399	0.165476887197706
1.55683105977292	1.08168168076925
0.280705974120642	0.168460073639199
-0.165728038752909	0.0708414880188827
0.736804179813056	0.454790224010527
0.490642286439461	0.271354222869084
0.773410529058923	0.793803310058736
1.20907348821758	0.665919555081924
-1.86633885974437	0.797190444648949
1.2962947652141	1.53904462597642
0.461905018621673	0.426180107409144
0.838174914303176	0.464340321863489
0.121842607704797	0.0675112830847961
-0.801102103360852	0.854369381789874
0.98302975309741	0.834941299071565
-0.220623933790158	0.119121026672926
-0.591576269967124	0.244285145307513
0.329677179016978	0.304537302438022
0.933487176638179	1.07152228005106
0.0871183663589307	0.0380458682819579
-0.0629989438742453	0.0298806488127826
0.656338122817063	0.558379263825117
-0.642305964160651	0.54912356476705
0.088248495823753	0.0386093541481255
-0.67162147113876	0.349301728169769
0.0593992377122143	0.0395533406257722
0.152873617003755	0.107427479406936
0.40756926195726	0.285067285879504
-0.218800383249056	0.0856518567102529
-0.0109990528802256	0.00912793629217647
0.330356299089599	0.316128993128118
-0.00113739536821186	0.00050151882643457
-0.0276748080223297	0.0146031990572897
0.67166087070459	0.445603727005801
-1.34240660085818	0.640753754062414
0.547482578368232	0.294494542243722
-0.100203143281621	0.0442585380591427
2.68024790442728	1.68591848438005
0.535130858472167	0.41260583724269
0.169889850732055	0.135875315365663
-0.246062386167445	0.190726017478733
0.474802085008945	0.425224117109278
0.116679372266624	0.0614831714847957
0.336077438721983	0.150769844122444
0.467359044739879	0.487489404121639
0.511203790349345	0.534412191785209
0.106301285825649	0.0501718781243377
0.423164939477132	0.421990830474455
0.0541064917747702	0.0483090283193015
-0.36495973176661	0.301037607106127
0.896327720221372	1.10442752866558
0.841205868002248	0.472902810675194
-0.364390772585208	0.181510093629459
0.46351797590832	0.418899481814595
0.448143136436796	0.420155825911231
0.655718503620307	0.683767681275985
0.551425969698725	0.736443560146461
0.854184906288243	0.995487550353275
0.261788628592205	0.239353587872113
0.423191817284654	0.277962989777005
0.618757420702131	0.518498514205787
-0.23637412158011	0.130671755649002
-1.08556518807028	0.45518361508974
0.503015313778349	0.399884157885819
0.380334993588217	0.405333160111411
0.558126102151348	0.727299500134795
-0.462420961126886	0.604525010744018
0.205978294023084	0.222470698159206
0.178000432135586	0.156389393901895
0.375050822299837	0.307543330720283
0.36113250295277	0.3086983077194
0.467895418557727	0.296170677400673
1.40109416737488	0.863490534999425
0.270425186281714	0.203837666403475
0.162465833147631	0.1552603444705
0.167487132403112	0.146654979320879
-0.403137599142058	0.522874360917911
-0.46273977998317	0.671636258937067
0.0632043585472474	0.062278577424657
-0.11375416321259	0.105221121820005
0.658976977409245	0.680792721785963
0.429651562779807	0.478711048489324
0.282051505086586	0.165723310248726
0.264587858256505	0.202958123661747
0.370501391944489	0.15175216456725
1.64350458508089	1.83968459622047
0.26770085936917	0.178755767813865
0.10154643538708	0.048124102278335
0.461582830108924	0.294726908407448
0.629411549256692	0.202901816700143
0.28942636003734	0.160611238314692
0.555788450387838	0.656323777843613
0.33193816367557	0.313894224688095
0.601989767788291	0.683652163056135
-0.491931779819165	0.569780627692033
-0.18792854846545	0.204817285861003
0.00391545605995442	0.00368067555516569
0.344786777075271	0.453286750789552
0.674776475544693	0.898962836684456
0.276812207753201	0.210217194150414
-0.315704451220963	0.201205130417352
0.15164631163834	0.155910726389903
0.00777975478035253	0.00432314825531209
0.0038751556989957	0.00254021748822007
-0.219115183600691	0.0836242271300612
0.292971062509167	0.308236716846845
0.439404830266492	0.421163996274047
-0.168725034341824	0.0700443890941612
1.1056898290051	1.13088601823146
0.307764107157313	0.156820110739403
0.749709921303002	0.327976123435365
-0.209352074636292	0.0775616117502389
0.922525525777448	0.894788741502784
-0.366433090031041	0.299911573181609
0.222585042062398	0.217705323396928
-0.0735937332800682	0.0653175773421218
0.0478456669281462	0.0397440359833236
0.587069591696418	0.637437922958975
-0.696321400435229	0.748685799360181
0.527224734470827	0.655196777344747
0.415690261090241	0.42326275747537
0.550077235229702	0.764069874688028
0.32242217299614	0.363699578138802
-0.728300106036254	0.999204065448228
0.056751010805269	0.0564656259830395
0.254217467963321	0.183122163502125
1.02683219033825	1.05803942350718
0.387430948728192	0.406539132267093
-0.616013165927215	0.673088909130287
-0.379202067861456	0.424685185402795
-1.07458180308497	1.3163331183416
0.0559349380424406	0.0511421438761921
0.413041227280361	0.29288699736289
0.130690226837182	0.0790150418042442
0.324391272754782	0.325694981986194
0.0975275544315713	0.0742470409788686
-0.338210188120393	0.307925351600203
-0.371150217725647	0.230540497070175
0.0750923034000375	0.0292854829006848
0.302184028061834	0.152327442658867
0.154699972844877	0.110982290199261
0.825560636771157	0.60627960992666
0.498651087071076	0.294737089433561
1.497684903766	1.21845508687383
0.329647490264758	0.149900476153648
0.331864977579039	0.154408445547702
-0.850553525556965	0.496408201415835
0.912899367481969	0.623332618153432
0.166397708677883	0.129338462905042
-0.179984100647506	0.105135086643203
2.84581163771043	1.92810478502121
0.99278152760427	0.498083405007933
1.21365274148725	1.54645731079681
0.257328530176293	0.210773790222327
0.344387253578313	0.311581904566656
0.0699316468485146	0.0505088700520158
0.260970400637917	0.17999844007644
0.619725017165948	0.291878461742693
-0.535876789403522	0.51715356535424
-0.0358611751640362	0.023552682398357
0.739063158252162	0.446460866278505
-0.178725132437686	0.104082689175665
0.298087825861944	0.161902327468146
-0.836449371406221	0.592395805430661
-1.34157309645805	0.612060459352876
0.652638767437017	0.574889902059865
0.464512310957657	0.267512780690741
0.553004640620991	0.524460780923854
-0.968438791695506	0.688434413564448
0.0827334321686494	0.0315793801463084
-0.187356941337044	0.107777368316884
-0.164015078850608	0.0654351845682698
-0.112352993438175	0.0501333925948382
-0.220710184182329	0.15157941629512
0.0928679759159815	0.0410306273378697
-0.661576331190961	0.64747499245357
0.55263895780017	0.296119387926464
0.738492430570862	0.439776950093596
0.983272005294628	0.385176841231482
0.105075251240443	0.0499651336223834
0.344898483535	0.293522623449457
1.57664402724885	2.38571120319518
0.383213546197841	0.304401684310985
0.763146341142727	1.04256847349755
0.399488721064577	0.414715463958835
0.467566519847347	0.475250059434927
0.542712941864754	0.688046986147865
0.27536908006698	0.180625468318489
2.05387786920029	1.3816644739192
0.334793234503895	0.313323703686198
0.396387644298769	0.302993024777591
0.155745001475081	0.111192128738653
0.136404826781053	0.0826516232642898
0.55263895780017	0.296119387926464
0.627604218608779	0.206681567866676
1.44242320067844	1.44221613164158
0.0445266084388941	0.0294859414097683
-0.432465178658373	0.310693951145742
0.57394727097462	0.430103014534611
-0.190969189815451	0.13661729948349
0.378889700064774	0.154566749667274
-1.86755356554038	0.80568809316241
-1.27130014201706	1.01300620042195
0.0949356180955491	0.0286123748989967
-0.0773897058601001	0.0377582642449001
1.72852849284348	1.30414566008938
-0.820613184670893	0.701211553987844
-0.713492620078235	0.501866918968111
0.62318349270671	0.303437764606221
0.307334390443747	0.164949165774661
-0.366201455279064	0.295702047484852
0.632567043888623	0.698101009495
0.279577947775393	0.179732560197962
0.315986908844411	0.319818937692832
0.265077482714828	0.228648437813268
0.987570113756516	1.42111304324921
0.816581120017716	0.685945271071831
1.28807489271234	1.62876915387652
0.660768039499956	0.41885299582364
-0.367784607112725	0.181191252970988
-1.14156714622345	0.750939674512225
-0.0749257499589703	0.0353093964537571
0.626021020969377	0.202441140232469
0.812223502322021	0.744567409331112
0.516878472583355	0.502005083964707
0.476322965953704	0.43090502889836
0.4859821234583	0.419566615805227
-0.684351430859682	0.697453539041109
-0.970508446246107	0.727201785151999
1.09526167314476	1.12029548858787
1.95447286098855	2.20638597839383
1.20554070677303	0.998348587424302
0.406429576190219	0.300082674830978
0.571982378408927	0.428461447999489
0.382920817635309	0.287821207196699
-0.829008186848201	0.73783285907867
0.963392639389598	0.778913125674452
-0.109116761813603	0.067623731349422
0.685436400545943	0.774031781868265
0.852070093584643	1.07893661875136
0.527208735965116	0.53706430420143
0.369121411800567	0.389249726612013
1.30149394160002	1.52527546219355
0.711217477283175	0.850723183689187
0.570189995639191	0.412563419355001
0.171410023856977	0.132725603685387
0.662860267781065	0.676433578748182
0.294413092644928	0.159880505981597
-1.10805156654237	0.432273297562329
-0.0389403489804775	0.0259829383898338
0.564697327984657	0.535160846182171
-0.480706817200257	0.451490257320299
0.809072281906556	0.710713144350851
-0.740093403471279	0.656031896945885
-0.468413071147575	0.377085732694197
-0.0284157486523174	0.0191471935212083
-0.286428589380057	0.207857469621767
0.263514928193482	0.209155528164492
0.139712521689042	0.0917172164874489
-0.571291336843471	0.46226566642513
-0.134409218410403	0.0806143057380398
-0.00974920288544322	0.0065301321844436
0.708400535798251	0.828378320908881
0.505457723140515	0.520951937269036
0.979923370962195	1.59165735872082
0.277150661506586	0.191871541748654
0.150018699528224	0.106856855337445
0.829100983712891	0.823991246076171
0.461454758378396	0.500362479351885
1.2689232297754	2.07680896393005
-0.0212791987378666	0.014645111350991
0.82880655483902	0.598081279896218
0.5399808912713	0.522589725967179
0.943126667852689	1.10934701077944
0.270566971024481	0.172886848009735
-1.14311658412761	0.827617966600279
1.89550408904883	1.19680592407266
1.21416125118555	1.39298346140798
0.467320082594154	0.297523351501338
1.02625366639235	1.38574364833268
0.00324704955431058	0.00192863761588887
-0.228719517462505	0.124060061841167
1.27677169792705	1.65704638202595
0.297430640141275	0.16308204636688
0.492881330986789	0.41617569975936
-0.470667726093507	0.365397672365706
1.10019026618086	1.10541860738072
-0.1416072843824	0.100511704646579
2.10381593299437	3.49422814291129
0.243989980720355	0.231787461653882
1.08106274762131	1.40315212878366
1.15139147183842	1.64995100743342
0.621541639846386	0.627003183899689
-1.19009032444165	1.09297023431551
0.0196469964122288	0.0135165823613691
0.272849694477598	0.174886108363707
0.00356336734995944	0.00263563110867273
0.580955892851864	0.619640164371669
0.349379449383905	0.304723954485289
0.0246227726171772	0.0188490976940989
-0.218800383249056	0.0856518567102529
0.61448726529733	0.444453510940854
0.272985662802187	0.190295420968642
-1.38224641288342	1.3892726410153
-0.468710194237047	0.204782524004371
0.81486142443111	0.600955434269567
0.931222476961721	1.31064862951316
-0.628866340236574	0.798263777655841
0.450468196585903	0.507208664884122
0.497778658148746	0.532362401047432
-0.875722879181725	1.16003993342187
0.330068929085737	0.348957224940094
-0.116122910417971	0.107508086085799
-0.371214080770375	0.456157345841898
0.308096224576566	0.320858012997964
0.139837684155162	0.0889304717729792
0.141538783194927	0.0856232593160255
0.430796699394692	0.53269498400167
0.904763379685305	1.0058935622626
0.393079830214891	0.51266805987695
0.438427393459061	0.41474091289052
0.159044398359085	0.119186026162188
0.270041597262488	0.290362262157785
0.103014010191256	0.0877590106350989
0.138067898708382	0.0838408504388727
0.627044599180307	0.195779320396137
1.50481783637797	0.797345043041251
0.42978654270321	0.492352050296528
-0.542529187419077	0.428023149411706
0.627746374486235	0.866863886551531
0.499047572068677	0.507930920036527
-0.502481031324526	0.439587627665188
0.168718558793532	0.135001285536275
0.717920236281226	0.704858811715341
-1.52146373431423	1.09774035898364
0.810028352961411	0.849120036608324
0.409310322803527	0.292857401465942
1.26444349260734	0.578135234411907
-0.219927876311413	0.084402575819922
0.625686508530105	0.298390010441057
0.117536063948167	0.066324713043873
0.809258854858679	0.532420837924119
-0.606305451437147	0.60365143781711
0.996141767135739	0.48952690809136
2.29769071686375	1.08080886816832
-0.107114479048713	0.0476836361905844
0.282685752524471	0.162308191587437
0.336607435779624	0.29203305619414
0.678509742979526	0.836561379426667
0.264948946786516	0.223310325554638
0.780958197898507	1.00650803235188
0.776409845238775	0.838386196011758
0.747807778928371	0.574804140085145
0.993280217347246	0.921806824542271
-0.917378295919186	1.14802173899322
-0.366842307248421	0.227824675395066
-0.413835836716146	0.327175721607213
0.162596559128355	0.120874656003777
0.33876939147429	0.317819929158429
0.161992539997812	0.11774439794094
0.255524746534017	0.215208496089235
0.653316508818276	0.635319024649019
-0.0992992503777365	0.0735911369487046
0.0879791077098235	0.0671883648518399
0.288339595142778	0.164082154139817
0.253709688587757	0.195794273803884
0.112736437467014	0.0539511442983398
0.163500055002908	0.117490605503589
-0.270520941285367	0.20424526293444
-0.836922137291181	0.56968979559019
-0.63883934105918	0.158048670727366
0.766606936357221	0.775443721660325
0.994729203727117	0.49925578169636
-0.365533271976856	0.178217174908607
0.379442807034015	0.159006819090808
-0.997255820816206	0.641498232065167
0.0774988373967104	0.030330717677558
0.808752674074378	0.704530199946313
1.20989857075275	0.702886311454836
-0.398244180096521	0.115712636565849
1.97631860834154	1.76073206650939
-0.13123257068364	0.096326617630059
0.330343092396356	0.377222628429522
0.241023343070877	0.237304917978308
0.55304951311117	0.797773994467902
0.359513019507541	0.44694319227412
0.348813773649689	0.3934417208277
0.167580103091521	0.160580148738478
0.728867647537015	0.982157927122728
0.821064665110276	1.06033725765321
0.444432956444116	0.293837079457601
0.500990067111596	0.294943632410782
-0.734662338462359	0.707951206351279
-0.0423963566463112	0.0227237950129367
1.14585198843465	1.43973945709061
-0.277204501965047	0.214695476583603
0.363297618738811	0.29457258900998
1.49869513613746	1.81287438049259
0.816527332974738	0.966715333248884
0.02386233770949	0.0177615211902494
0.443093330936545	0.418404174084469
0.138233133278007	0.082524037020569
0.548888918319711	0.288501915819139
0.404832375174521	0.280691182612534
-0.540916104231176	0.296363923965748
0.99221542166023	0.482803280594087
0.260353343376887	0.228885586675278
0.994729203727117	0.49925578169636
0.893854927322259	0.554191755268924
-0.161544360171771	0.0686406426894939
-0.0834572227413192	0.0394213318084162
0.0863025903287126	0.0299622438588172
-1.34240660085818	0.640753754062414
1.40106256160681	0.901219777787475
0.540059348928672	0.268950536237407
0.261190515088677	0.227812720434976
0.277132792323461	0.316345070614316
0.115976270852708	0.11211338328557
0.940003399749469	1.3359734941773
0.175990275851962	0.163978679886764
-0.311397233683669	0.205144845137062
0.263051835659498	0.198796809419603
-0.939837029288961	1.15463054868902
0.154702754396855	0.106509479075087
0.171219284136682	0.132844873527688
0.184227421392041	0.163388415045745
-0.740707143707219	0.726250000983
0.262835144212007	0.205468263018014
0.686620886130883	0.85664845184236
1.49375109736794	1.71018764289502
0.514929872682477	0.419049152729122
-0.00258501448627979	0.00178674184803853
0.110724570365188	0.0967776765525363
0.305109138837913	0.285084269562102
0.510241678200633	0.513746628437731
0.280940514547231	0.168264165822317
-0.380076928686239	0.227523021467911
-0.464351232975984	0.208039413092911
0.255989495894452	0.189530510374782
0.486062733622136	0.587851293361461
-0.221870563814894	0.17350180113053
0.359199844819559	0.31904277547494
0.00631365124909108	0.00405256710645487
-0.0683311771667606	0.0600240880265321
0.325836632267046	0.316142240341117
0.69523818760958	0.829394139337394
0.0967024219411584	0.079577159326179
0.170017460196276	0.131203377395465
-0.0508193253889845	0.0389289196906852
-0.126011708958399	0.127484812817946
-0.392439625066949	0.442568471311921
0.159309409417649	0.160932523467705
0.046809660933453	0.0380193796506516
0.172785827663799	0.145646664181046
0.820751088430108	1.23835394294807
-0.0264188843393788	0.0213576150300371
0.260589209952314	0.206567090218038
-0.586748686485873	0.738498633178733
0.0128499406571934	0.00948154952198334
0.328831881068592	0.31211426187706
0.38413038867458	0.298520562064221
0.467152642983239	0.401231664961999
-0.960010375414755	0.686606495922406
-0.0818368772503888	0.051342148380044
0.497426612580672	0.292688647312342
0.537962259315134	0.431202642599458
0.698732539678799	0.675322618382908
0.257317256286313	0.235536981401256
0.753393415848933	0.590659631283977
1.02505219970997	0.634672330958724
0.108689870634487	0.0928505717925676
0.239097663876812	0.235589297266334
-0.176472665237754	0.120109811791562
-0.677568357630126	0.949852796790505
1.4564991913485	3.35784563950918
-0.0387822253678437	0.037529987846039
0.437175848155087	0.492077628387443
0.27549428314633	0.178863773424655
0.757891336572417	0.579325438646998
1.07796558789637	0.930155710171006
0.694587597608967	0.566850568713288
0.500522514811044	0.282345629423766
0.310311788428108	0.160100973503052
0.103472015641541	0.0927020833532933
0.0656241595494396	0.0422768967092164
0.178858858817302	0.201396127507735
0.223538002215971	0.238607866654678
-0.162441711649809	0.158559005562384
0.252437280361176	0.21640632903487
-0.0003031513666251	0.0000743179487197489
0.27983812835784	0.165965587358308
0.407282275329487	0.41335556940666
-0.0960407753058256	0.0717353921732263
0.625990545503479	0.535235954620767
0.367340545747427	0.314285218382414
0.493775820077236	0.283380712937043
0.423491805530956	0.277198842742219
0.121873851726863	0.064033952572406
0.457451534714092	0.165709173447527
0.3805675496222	0.158271878821346
0.128448265424161	0.0323915516366303
0.759567945157751	0.317070575992758
0.460940811333597	0.167843938439159
0.37776312384199	0.149982574623984
0.285768261682016	0.330468496394567
1.37290832644684	1.74926133697151
-0.202654882761403	0.158470709493709
0.992663102230624	0.931347489991744
-0.101726088915574	0.0453869134017403
0.243437147265069	0.200180441658379
-0.411320915580409	0.411533336669111
0.422687979982737	0.410382571522351
1.15313693098093	1.52296220025096
0.962995757037671	1.01617721296898
-0.320666602901931	0.337341873367326
0.396704995914647	0.309183033120886
0.115104942972067	0.092890563052786
0.256050525781041	0.215087246956564
0.529563537034976	0.407315152158017
0.131738987482305	0.0816836319429841
0.381138174989249	0.304012425804329
0.551499873987955	0.511311830147297
0.116082618679017	0.114359127560576
-0.11315460755401	0.0724535184103601
0.296322525584256	0.271735078666067
0.172445828364556	0.161386175590986
-0.0195281491753873	0.013224455078288
0.380629216062892	0.297589013109805
0.628036220173178	0.644833067119624
0.419389720438162	0.296295902595851
0.320810782889615	0.318747302169214
0.41696506074613	0.390228074838049
0.620768536620559	0.56051929254281
1.01226934346466	1.01113102475656
0.00878322223938776	0.00506396181712569
0.493339989544555	0.276954393034063
-0.664041614814134	0.341636500574779
0.659780123371231	0.424560919088436
0.316312954542058	0.159997509921027
0.432675108756656	0.293200826502166
0.388959651771932	0.304308861377241
0.115535757204471	0.109411233459786
0.483566537548781	0.406786981041506
0.435782852365582	0.56669608121778
0.689500374073134	0.691656156708877
0.508810513814146	0.781446145340537
-0.444852268566366	0.387720494937117
0.128349767332095	0.0787146187389149
0.264773326146764	0.196862350766533
-0.478794918809577	0.375823569149781
-0.369363687702301	0.176013346741241
0.0785327932615103	0.0298390377661321
-0.590052721678399	0.244408072677239
-0.391911501912874	0.117579348986781
-0.294288305436767	0.0975293715241797
-0.179996342156439	0.106466253369562
1.11800921112775	1.24920918837939
0.251814353410094	0.239190645505709
0.387774126447159	0.401497823066698
0.91194297127009	1.15589036016692
0.335890889236164	0.311586386031324
-0.0231498438248026	0.0151915585147858
1.04979791724709	1.53620168680195
0.59924289337708	0.62108943754121
-0.149141807585886	0.128178146020486
0.85945616667049	0.952220571378956
-0.3227433565734	0.287976506336464
0.2838196643617	0.169729644063624
1.93930726193335	2.21299988064805
0.731046119843916	0.799952202722619
-0.281897360847043	0.217571601648877
-0.279550602294058	0.208514831297216
0.39416945695953	0.296524917788096
0.850232573201154	1.05844480733617
0.75433361137075	0.583170046682772
0.268233244315139	0.214595080273629
0.339077414606001	0.327887112267594
-0.0797486969882991	0.0602527644509272
-0.332566159498447	0.357066854301082
-0.174940210587577	0.157689325119062
0.267768379736834	0.174029087436402
-0.126571596147795	0.115699291225223
0.679507364877532	0.79038698976505
0.346522797500024	0.299320775455333
0.355849371740107	0.321647523257253
0.401415351318035	0.405872833681006
0.299184852289999	0.308612871253301
0.0897356183032637	0.0679412877712232
0.756142757642859	1.00346575464516
0.267364130669274	0.16914607255271
1.03095940704301	0.654630639313202
-0.671624035581877	0.351061903937463
-0.368877977643291	0.230235955297894
-0.912016075337142	0.838813171813223
-1.35345235454791	0.632057148035701
0.985496471514131	0.390439575213324
0.998151255210399	0.491440590443094
-0.775614146902992	0.279913059585337
1.26391355901167	0.561298018793083
0.158753727426354	0.0319702215245481
-0.153176509055524	0.0611150714246853
1.19613500056428	0.927666467141362
1.07333515100561	1.30857959670833
-0.0812916747095494	0.0517713059692288
0.973872015728596	1.25727409125451
0.707115242226693	0.772065415864449
0.556263532373609	0.616275455193106
1.82197414709718	2.5654824738824
0.104187040076509	0.0826830957028882
1.1035237636565	1.66649234647434
1.10464267936513	1.10777820560297
0.65048480254523	0.564908423146324
0.0906122739913434	0.0402108220457489
-1.38092123069576	1.15380218556065
1.29754513056636	1.27860083046717
0.11795980060815	0.0662220613868726
0.257464476495918	0.185667501780025
1.19369563946926	0.977863041796332
0.513656997543421	0.604986072560629
0.16997583051744	0.156377997030994
0.0329007107706474	0.0258423156454492
0.404823809844883	0.409814752801782
0.18019940511687	0.156750324671175
1.1466584102076	1.6175737608302
0.0518200844642198	0.0426982910336347
0.327931097380985	0.308457819125478
-0.12793794942168	0.102226481371331
0.376214734100336	0.286283258541668
1.28822158082734	1.6080839610221
0.167704475289825	0.145113878279966
0.162149858796522	0.117845862832246
0.62626814643395	0.559167083550991
0.369531883247105	0.29323094294669
0.309723097787449	0.152870983492251
-1.12230857039843	1.06423162657469
0.335253839367856	0.152166799654565
-1.89524292784983	1.25510777266406
-0.109257276633241	0.0495251965393016
-0.497655397396787	0.330906762839295
1.40103299724403	0.898135553077962
0.10301028537334	0.0302445871008309
0.624555066495811	0.29954513242504
-0.389216380627225	0.119015445231895
0.755673930124711	0.324821725710155
0.458180798570166	0.166345325053339
-0.214045256270537	0.0832571614702204
-0.150361553862099	0.0905441343574502
0.897562533835483	0.972834092051421
0.897206850206681	0.980739837738623
0.661477647091048	0.842700860866025
0.7757041279559	0.829763469451342
0.498437172894999	0.506883736909306
1.00046751755665	1.42747090100965
-0.325804866869961	0.26806753646252
0.167364027746672	0.131195522614773
0.821695586156523	0.737686195801053
-0.0480583917412387	0.0247850056340816
0.0768523916691063	0.0267928003360428
-0.161145802555271	0.0696020296961957
0.31183609362493	0.159979488357984
0.664612341350632	0.440646289588949
-0.699096053527119	0.423692318110681
-0.717665041052813	0.529686241036673
0.994790200551208	0.897358259734002
1.50606291472316	1.7414015476027
-0.0125618581360911	0.0102784077756887
-0.134874937539385	0.109552506141608
0.555052337402846	0.62552966305611
0.273955214521089	0.289350215768647
1.08419908464093	1.47022813469653
0.69655898443257	0.56296272756505
0.645468691872886	0.749896339892269
0.595606240202108	0.560302786298277
0.254697010202021	0.206425096668185
0.17374745135974	0.141906871109214
-0.0887594092212387	0.0745753100181346
0.174976574962036	0.139635544196633
0.0292779669023599	0.0229244877603827
0.36811703618899	0.31648862865674
-0.462005390543839	0.211411845043983
-0.200955380489456	0.126338084373481
2.06715014894934	0.927692097975827
0.752490650730316	0.328528115687303
-1.04416708598361	0.554084333321905
0.74984246289549	0.326550597011606
0.664288533770915	0.428966127651296
0.626353692789401	0.202693100319571
1.20964764931883	0.681520227002706
-2.57876269927201	0.714863128228587
-0.284484314312499	0.0985437623557484
-0.291405672757444	0.101142567173792
0.545218245051131	0.291575551432465
0.300620998915628	0.166178954097377
0.62349807803668	0.556978950022754
-0.107084474327806	0.0496420542182246
0.67081623568341	0.439949895478888
0.284610406816613	0.174384730228044
-0.713731135477255	0.505051467036565
0.464360462059486	0.170348743224255
-1.73516372247567	1.03109669323748
0.458180798570166	0.166345325053339
-2.57876269927201	0.714863128228587
0.133188023621963	0.033275095155478
-0.291405672757444	0.101142567173792
-0.77680154360055	0.280831111550184
0.458547540391706	0.166540477166596
-0.114397086315414	0.0729098349675244
1.19923295955348	1.18011072929692
0.952167273515193	0.749620904323662
0.665335990599503	0.430395533800606
1.42884536885227	0.45746536315437
1.40441375350347	0.875007614229781
-0.0458248579359647	0.0241380662397419
0.837676661154178	0.460044867522333
0.951745520709487	0.759798493299102
0.285631545257624	0.175507212057108
0.0797533503770951	0.0278103540498117
0.461397746740608	0.171369029815336
0.820198134361882	0.605596060665115
0.752490650730316	0.328528115687303
-0.367432177548032	0.177182878790613
1.39314799293907	0.885431887155317
-0.218800383249056	0.0856518567102529
2.75571284707686	0.834893809414133
-0.645482767593714	0.160931846851905
-0.64084325135703	0.160134884536478
2.75861764295678	0.824549587266122
1.50814150716134	0.763062298434072
0.746929425203615	0.322304509729284
0.135790792563548	0.0348333749263102
-0.38687234605088	0.113957457619
0.626021020969377	0.202441140232469
1.71035704687706	0.945095917478986
-0.728279093075996	0.588885090939176
-0.532239597558419	0.417087534064338
-0.652005575546715	0.606860687119947
0.6650997300866	0.968222931443686
-0.36857356894882	0.307348061210542
0.540400034019236	0.424095113252822
0.106457531134628	0.0859731209651086
0.408708381906793	0.396001324097428
0.658824215085513	0.574623323620284
0.816728461617645	0.580082503626603
1.30468652446152	1.48944052244988
0.292114248025082	0.159104089311894
0.100061605050661	0.0484056743119679
0.289930355362628	0.160675201368239
-0.109136097013793	0.0490106766088269
-1.38173936267402	1.42257942159185
0.748695225488418	0.56349696763739
0.173206468868482	0.134033310578355
0.409648268733272	0.397207919346851
-0.142514766529144	0.11385207013935
0.821541415441249	0.961719703057151
0.403808090154877	0.411006170195159
0.65395520610825	0.65805667109079
1.02177992113349	1.06750615180248
-0.61018605455167	0.737394212203187
-0.252899741941352	0.237723423070901
0.150998751028366	0.105453940330201
0.0604177855833255	0.0421247939107548
-0.321587750011467	0.244677701896576
0.466848844336086	0.295804380293639
0.521716581185639	0.426173079657887
0.394953170336803	0.295374743167418
1.1217295022239	1.25625203083335
-0.74039796026816	0.719360891677643
0.111125270894863	0.0578048767239469
0.65813498218083	0.55998748245003
-0.83965421831957	0.581011872048297
-0.64084325135703	0.160134884536478
-0.365077897917912	0.176890716994951
0.756536544342093	0.322084276760236
1.85453874436945	1.61188889177617
0.551500097755116	0.281542098899246
-0.212420756737323	0.0825751637182051
0.131067166561275	0.0326506183290704
1.39347318051979	0.89887408203719
-0.58395180652433	0.372040616696738
0.406678902888551	0.301307318446476
0.515464320147897	0.52633031282973
-1.03944292635726	1.40201536262752
0.504877212489872	0.64094514474961
0.933344828328596	1.11710307205383
0.653094041939455	0.784803825471032
0.470099060610363	0.511524515605628
-0.0378102373329904	0.0296511177112776
0.336211751789802	0.317706124936463
0.277299167947051	0.192199419645756
-0.350079613478212	0.300467157583309
0.370241791919929	0.152190156026142
0.609435281184819	0.438456965463525
0.574777685341788	0.42424607183626
-0.831268736901758	0.549138098662112
-0.0740184410337506	0.0470633262596098
0.956923647564158	0.793685417567122
0.970561697292703	1.53582312326469
-0.0598644624577886	0.0536261986898967
0.164370587689248	0.147491308716666
0.15289079839102	0.145773495516653
0.568947043766925	0.757468938931379
1.47910092428801	1.22660968537382
0.0509214276859865	0.0332195545902862
0.33165663145104	0.317917164510725
-0.0518132947882855	0.0402116407992729
0.397600022764791	0.366627310740756
-0.252164286270324	0.23662723596267
-0.0444623833372496	0.0295688351827289
-0.894269110562431	0.989324240215435
1.21846783597889	1.80522663705754
0.813170780393829	0.826269274722747
1.20836360919243	1.30713571246053
0.991964295030968	1.16163744310366
-0.286334661817441	0.10048957400549
-0.38615841734883	0.115062787239416
1.01969145207421	0.597919683622821
-0.29114057608971	0.151626843775602
0.535730180078241	0.414127450532274
2.0665525092379	0.914689769221606
-0.583494752522221	0.233644200876605
0.383890385248296	0.15553924319242
-0.845490729080467	0.480825144137817
-0.369896411348725	0.229900957173682
1.11804900804393	1.22019862538361
0.650833906994841	0.561905165362379
1.01907806039138	1.0872071112375
-0.186179543319889	0.133459544178253
0.26227548406173	0.171311763160684
-0.833235081675753	0.674739595578439
-0.282521178828651	0.147024906338229
0.661244053181747	0.433828048599693
1.97118188729217	0.519035878594205
-1.22070542853393	0.692804759735359
-0.121679871862654	0.0543931138194392
1.02944868891818	0.623251251351586
-0.452254175075264	0.265496653798786
0.329093959509509	0.148390037083637
0.0858932241031261	0.0626308741975329
0.378947868176372	0.303591558016317
-1.11983634572839	1.52224075889997
1.2788028261398	1.73993134724436
0.573351422852428	0.432982559394504
0.565885248350162	0.548584250273725
0.922548113472195	0.571747807222759
0.879558411086576	0.756048038390175
-2.3458173963191	1.26230684847757
-0.166478872866695	0.113954497339728
0.547929655253183	0.530911419706484
0.667415858241876	0.440592149346954
0.562041840084673	0.411775320613526
-0.426308453920516	0.284943027190723
0.626425212255634	0.296735620411499
1.30803523653079	1.39297363915047
0.824228820942983	0.586935850829797
-1.34036345685522	0.642095257518807
-0.387414800382299	0.119080555694114
0.845627174808966	0.436349983896702
0.105409287263493	0.0314219528424027
0.0898267552079947	0.038706324967244
0.62086217813941	0.295177503066108
0.132067537915266	0.0811086366131855
0.0750060962437864	0.0533023457306188
0.248416257687909	0.241554616742058
1.38113019123743	1.71854744049475
0.261317886098745	0.210686496144201
0.864576125334825	0.971883883181249
0.0150207360687313	0.0104599577509002
0.959221413608833	0.743696562037658
0.585171554977723	0.542361124704505
0.120829305240238	0.0634898703246183
0.983119578710432	0.364603451979623
-0.168332896011418	0.0673200710716551
0.496203843195716	0.288354312269328
1.19945467807998	0.838624119139853
0.280578535998961	0.170625773567553
0.534952818646248	0.425686335960614
1.20794841229315	0.666763047552064
0.492114816340101	0.281144799184288
0.562511331087382	0.514949678749364
0.425123279612337	0.410565646947727
0.270710378407442	0.192595223756848
0.292615017324878	0.166498706991186
0.621006908071277	0.295460890512761
0.0950381409100411	0.0739463948366012
0.269370444315513	0.21104903263944
0.156875518266953	0.115766296702221
0.419438807125283	0.40901286704055
0.00657639788542286	0.00379490133248648
0.700099706819709	0.851559353762318
0.557080818663843	0.527693911642637
0.575393233486557	0.553687499544078
0.376752606206586	0.289597879470037
0.259476732609391	0.191175288524152
-0.214604766674018	0.147134550209234
0.414817839746026	0.295300006757353
0.0146931454325371	0.0109702744503812
-0.333541095000247	0.300517758751013
0.414521671742872	0.411044529689522
-0.279604943536941	0.214056684826062
0.907597902078076	0.613790768813801
1.3188226508839	1.17201874766311
0.251787076913706	0.227490871934081
1.59122130356035	2.35405711695131
0.595841347681087	0.712206951079395
-0.0655949995664433	0.0430749497871831
-0.280551429898165	0.137215788363096
0.156835391552549	0.10443779329243
0.985041686970382	0.377024165300835
-0.282821156918564	0.0988815735560713
0.752626682393411	0.33028241849571
0.627604218608779	0.206681567866676
0.996116704762337	0.496497670210441
0.610755340334712	0.422854299834915
0.624090558456308	0.628041115823753
-1.07084377205195	1.36990729038108
0.624918672741171	0.857802699966542
-0.263982764671511	0.179875755007125
0.354835221686829	0.323999720503062
-0.372722495850646	0.380362071965269
0.336938919473105	0.312478927444954
0.266818581572565	0.205747950617218
0.262171987140899	0.214016950243502
0.0976094633124292	0.0465767943013458
2.49447975869959	1.40966716395175
0.103045998295941	0.0317521774583255
1.09820236792288	1.1017943275157
-0.232401543701282	0.128793554623931
1.43548908791334	1.37218243351911
0.616462082267298	0.280652474664773
-0.588191121773133	0.363156753703296
0.466076927617161	0.299418503931208
0.708886383984004	0.799130297675155
-0.254120366816916	0.221526564739631
0.618531068847462	0.28589958677396
1.98705394541166	1.88857258315541
0.458991880102853	0.423668037910543
0.0503895986959554	0.0341505173804444
0.164504321336161	0.12263186593369
1.32447877228481	1.23279666086281
0.41214897938243	0.301646595518235
0.986866694396914	0.879885224147016
0.255128055193737	0.22682820145749
0.344698595383219	0.311272643423615
0.569778598538427	0.546307723176477
0.708229173953472	0.789304472991508
0.876524842479244	1.01885750383246
0.340638385556714	0.318869466140047
0.751693133900681	0.983158420858264
-1.83178272748534	2.42460284095939
0.186113666612991	0.150549390110944
0.527043332335559	0.393351254881476
0.504124931966794	0.518452646428286
0.861377902720563	0.854311626483023
0.277246877079563	0.187752228582439
0.422659548803143	0.405207724250647
-0.207939716739264	0.180698199373699
0.0893337258547903	0.0658658234024525
0.0143099836276513	0.00996068506988878
-0.482442450198787	0.458918137370831
1.64350815107743	1.90104882885246
0.514499478435177	0.40143806779881
-0.0886941553296647	0.0574682882308907
0.498151484034781	0.423989010037104
-1.45804985214395	1.71444320151977
-0.249766117495253	0.213006642274597
1.83894854095941	1.98229876949176
0.26082629972231	0.179750062538707
0.0835289363343475	0.0288207649669139
0.492255707099579	0.271851973997423
-0.390472835472116	0.116879089635184
-0.652586767226502	0.155611636332248
0.100096074774265	0.0301299343383275
-0.964887235567853	0.729550060068018
-0.849415300241183	0.568724003245335
0.481098382647927	0.417738543611918
0.48764227110064	0.420435074105391
-0.0194937318052519	0.0133630119651252
-0.0894123410894292	0.0662404550069801
0.728449862954071	0.698941398820676
-0.811849077129783	0.908221924719308
1.04480946056556	1.2301919916847
1.19394918652059	1.36287398660634
1.11662733320466	1.22014175966389
-0.596427431458673	0.36159731632591
0.0898514141658088	0.0341835401696441
0.280740847168526	0.165142789422819
-0.290831073210723	0.152870434535431
0.26200219818431	0.172399995369066
1.02853981024577	0.616359586243894
0.597393438263924	0.386439781801429
0.088248495823753	0.0386093541481255
-0.0495944354127607	0.0258119434244848
0.514242398137095	0.403515595753153
0.121496498109189	0.0699128754600044
0.0000183028611721877	0.000117612840572876
-0.193911416061844	0.110626228542146
0.103045998295941	0.0317521774583255
-0.363929514631408	0.177049201800859
0.902409891522267	0.60850676523573
1.59897775047806	1.89717630566062
0.554909790860487	0.274906599619508
-0.494412822260308	0.420412898866788
0.135608227638874	0.0843022638390304
-0.0409073025647512	0.0217059028401873
-0.442811870650196	0.2604074246703
1.19824824069599	0.842310357655703
0.510436188789384	0.41963800285197
0.0682813595359364	0.0466248125006216
0.756648215367297	0.590982756323114
-0.0327316050198255	0.022136595362264
0.730719215462251	0.781059667670131
0.354385650314802	0.308982930661441
0.164950762821478	0.123523786818458
-1.13089760869248	1.10142949196151
0.366685311244156	0.307992475072842
0.869082332092934	0.747483844149611
0.110851693387803	0.0919091484556008
-0.239762438155531	0.183031122028584
0.502599012897105	0.416022631037934
0.744445540972667	0.553086391196355
0.87236538507683	0.846073650093174
0.297268326048534	0.163242009540859
0.512626231153111	0.538434600584598
0.158105339842338	0.117258408979164
0.10962988030514	0.0553918598905056
0.497131549395534	0.28162132572952
-0.220493522706322	0.0858373609288333
-1.08797368838094	0.470206436380931
0.897662836130241	0.593395821484485
0.455340259003968	0.284540179534652
-0.183018312616969	0.16123758031387
0.347442493580456	0.315298382148906
-0.290949105383373	0.284933363916585
0.113179494142111	0.0972029562737692
0.906056486685115	1.26905413058033
-0.588627821396158	0.757036575955356
0.556190711893181	0.69400244804689
0.0437465005502318	0.0354681936091404
-0.417392634057602	0.325186007798656
0.706065226649911	0.637378006842878
0.503967896613801	0.280220840401766
-0.30474557323013	0.194527897348777
0.542017090788714	0.431468099468602
-0.278204895138754	0.230086591694507
0.15506382492264	0.105026498770465
0.115069813145979	0.0621838826424153
-0.10939717502235	0.0505572936316364
-0.141498803315439	0.0851334883118031
-0.42423214390852	0.392495629505423
0.403058778499432	0.404870108169118
-0.12884571221808	0.0911122642061692
0.704822427159159	0.574106791523512
0.616127036062711	0.435409508981877
0.624108393817335	0.300273357864464
0.873793788207928	0.734633182694481
1.48849075050351	1.28049157591388
0.921500992376638	1.16756720186726
-0.505185446430476	0.430635830937967
-0.0418915986033169	0.0282070397231037
0.564992764087386	0.540315520265907
-1.9984226552984	2.41604514227523
0.169151582592281	0.137980241038077
-0.413140720385766	0.33752189523579
0.421110782883027	0.420464602069697
0.570725024873678	0.639801360821396
0.24908839499272	0.218856523708315
0.439829830448284	0.413347487962945
0.263999738398201	0.238851692770084
0.441614328100511	0.408946609064107
-0.451824879880313	0.458013384214515
-0.204868094915643	0.175356343989616
0.266880757878184	0.209811694640915
0.379760926704787	0.297672577700169
-0.756946933622071	1.02890213003132
-0.155273961673606	0.112284239791164
-0.149631090262758	0.154434154518246
0.155013188056043	0.108215522661729
-0.00828041611998614	0.00574879066541637
0.908381449753021	0.918758132044363
0.463797882233633	0.172742420349666
-0.0462030714787411	0.0239748785482629
0.489174088316827	0.426108994495863
1.01002484791014	1.24390306307581
-0.0118231134872034	0.00798170459179582
0.623726850636059	0.742555167898332
0.145660228252592	0.0969036305652316
0.626210487308579	0.569499202628086
-1.11792619279279	1.25430803587028
0.109127366176944	0.0965612008235243
0.334150548819864	0.308650127485412
0.396518533909747	0.296547904591644
-0.10818175409238	0.0503139094541736
0.272815862726792	0.169497540804493
-0.453847034085472	0.262916808331304
1.6527569568091	1.91403817278134
0.0168435774852066	0.00904637170517821
0.127346183888247	0.0723784917893694
-0.079525900034475	0.050421317678
0.184876876058983	0.148999379536734
0.568626238204481	0.404086473273827
0.083941213140527	0.0324483577365955
-1.35647034176894	0.63045930481192
-0.460743468536459	0.20944737454361
0.298339881810496	0.144808196464053
0.405475517392215	0.416535846907945
0.869937268733925	0.855032768152912
0.722927806694647	0.687345021396674
-0.66508745635235	0.654169489314181
0.150572686896199	0.101513480316237
0.124193319932318	0.0688240966968143
0.477481786782682	0.417968100096214
0.749256146472034	0.581907695593371
0.606105915810702	0.507123811890689
0.084431653225161	0.0619053016562322
-0.389493885397746	0.373673970796903
-0.141736694228071	0.112763291611202
0.377546086664271	0.310502525620662
-0.688184302154727	0.772478682936771
-0.0835882595186791	0.0541356900952429
-0.122297708976803	0.0881771249603998
0.161787793514536	0.113443547153317
0.0424741574379004	0.0346856732548802
-0.0652807436893282	0.0495711688613189
1.20841543434178	1.51919684247428
0.487364740301886	0.417269100968483
0.256248920754308	0.214352649648199
0.155557269174548	0.112084214824321
0.0235775243941846	0.0171125915363856
-0.365324667350801	0.331218214530118
1.12548486532162	1.32670774588956
0.461962264913527	0.427869588473463
0.703477076358147	0.578692800214995
0.304391193951924	0.152862672936133
0.10069007483259	0.0297396298478327
0.446175755006105	0.415546462775093
0.18509263025456	0.148960883714805
-0.177483682277549	0.139958524666082
0.177844056094048	0.142429551463323
-0.0414598146546105	0.0281514138576613
0.17040828214253	0.131499113775729
1.42720420425474	2.4664739370447
0.70875956364264	0.808435403686475
-0.276263112747947	0.204511323968926
0.307176252608807	0.302464481084136
-1.07048516809406	1.52187460029522
0.735375617880669	0.941658827264783
0.258572188689931	0.201972930151474
0.271671953292279	0.200531788481768
-1.04425895642532	1.14102107413333
0.057196573631956	0.0383509790359406
-0.0301838720876155	0.0199655114031949
0.615895994911608	0.712349675440475
0.243380338876809	0.200583693545432
0.0927891564260097	0.0730180799911282
-0.252482548877085	0.215438217263321
0.541812969867087	0.534319193839776
-0.642544070928108	0.536095534366923
-0.0532491157042766	0.0343595822171404
0.343183222360408	0.327070876160308
0.0953506170774404	0.0739719547853608
0.264742886883045	0.196531587634637
0.125210561344596	0.0647556922385555
-0.145617714152356	0.0908412864918794
-0.608200643889651	0.447665581469337
0.723958346011099	0.678615500261897
0.181836883226223	0.152908700675993
-0.143685279887238	0.144993802207991
0.133249631783475	0.0800048024133013
-0.111474691862702	0.0697343978052383
-0.116914743334536	0.084922342115132
-0.830059315668006	0.733517142111608
0.0426647223453247	0.0345438136184083
-0.179024416798429	0.122171468713319
0.558301809726161	0.628784862717564
0.133944634433688	0.0830781004934483
0.463797882233633	0.172742420349666
0.0670438358519542	0.0440910636298174
0.94515994146147	1.44085478365984
1.29771799798894	1.43888241483593
0.620229160449024	0.418887403001596
-0.363266523868747	0.179280777672671
0.311412186913331	0.159611466218126
0.125046229214094	0.072772658379214
0.506014424783909	0.293201657117152
0.84457413465976	0.46049355905406
0.30320074724964	0.275117948363642
0.256560616568341	0.208261767396801
-0.678468041293534	0.938893598081178
0.105556990882925	0.0858909234165131
0.313226147186212	0.315751496465972
0.352784885007844	0.310065068671873
-0.827509296134484	0.734396815343376
0.166737587886348	0.145596558600275
0.463071304107993	0.410278743255958
0.0821320270953071	0.0561712243663996
0.0167373270839796	0.0101727594548575
-0.581263819226331	0.36496740646316
0.158904534752255	0.109340565702052
0.717993286636629	0.676731027434683
1.71369339704479	1.27734420757139
-0.575854963289239	0.644748821777837
-0.73010465148692	0.586104063485257
0.403292062493103	0.303846721601489
0.857541780864795	0.861897041500186
1.89018502063463	1.15446136337702
0.0960983244651062	0.0288082267016384
0.627789785231298	0.306541152822373
0.369094685248048	0.143933551040916
-1.56042537278948	0.579941964514164
-0.230191392294713	0.12773462679489
0.0358380410005651	0.0208231560229089
-0.540094496800027	0.541111775479797
0.438337875139796	0.289552783485552
-0.446218700240588	0.261866331078018
1.10260542328805	1.14256783750851
1.06023483651109	0.808647405675752
-0.624378628876671	0.470699935412404
-0.906951013624938	0.899815488667711
0.0835390138563691	0.0358234341552062
0.276621501811193	0.17537235752712
0.415876750400395	0.299689363385541
1.19812713178686	1.32186428270322
0.535440078211015	0.416663051778982
0.361385433079202	0.314281984351408
-0.449058558935327	0.269283596283953
-0.116739659001731	0.0535130543853252
0.319833327175502	0.371612963714379
1.78400002166126	0.721622382894883
-0.497830800483816	0.342192614455378
1.71257908399425	1.01895185797457
0.0967065039296332	0.0296609893650379
0.472486357669919	0.160639388440737
0.244590965681216	0.209873547231631
0.0271055118014677	0.0167094598091981
0.477560871137995	0.674822293035838
-0.129058002320312	0.105623519506773
-0.0000567519648938219	0.0000960902367626203
1.07867428236556	1.42528332729144
0.769276219374157	0.819035709762563
0.12128416726003	0.11077598457062
0.155008050418379	0.112400173876372
0.0462839973136108	0.0392116704808779
0.133630093926174	0.0791007141632612
0.305195820009687	0.145541206503458
-1.0448366836857	0.554028539045652
0.332670745115838	0.15127819807015
-0.59255299622038	0.2399056382342
-0.181305498491739	0.14284562797291
0.408752451364685	0.295557305229631
0.520786865815347	0.428806609604848
0.104228258880499	0.0319441294807729
-1.79072956232629	0.430508702225031
-1.55547969770884	0.583954737959864
0.462502963352406	0.170193407126297
2.49574973168213	1.41482056834518
0.448757969654807	0.2601273887291
0.237062133011089	0.223815644494705
-0.154219138102331	0.0644270818473371
0.345069768559418	0.32084483313679
0.962669461008488	0.775094402671266
0.134055214227096	0.0350949903423807
0.614575758376311	0.651055043818353
0.328319927982123	0.15090604936144
-1.73588446213627	1.06206536374427
0.458615807803006	0.164918991607186
-0.0769484051209016	0.0673513770484944
0.115431275030995	0.0606009756529387
0.0104091178502437	0.00949217417566182
0.174493353892853	0.192539287000202
-0.0507943292719456	0.0338545690841931
0.455775825532632	0.411872617501617
0.408463675614822	0.286262533101976
0.105660266552202	0.0520923041466259
0.296371258240161	0.310280701574307
0.754018401148221	0.320871978078715
-0.0717239219170242	0.0355799233467145
0.826481260902801	0.589102807379644
0.756938577497406	0.317806962929199
-0.319200113848963	0.262949666101943
-0.559496346107424	0.470523559254449
-0.239623108642855	0.270663979792099
-0.152908622026115	0.134033615369364
-1.08229067048117	1.34592961525679
-0.122453208621135	0.102348020463415
0.67710123883519	0.678518790272914
0.11315329141438	0.059079592537497
0.947757445815052	1.0207215184956
0.0261307368366546	0.0193262681296747
-0.00474912842146015	0.00328168435424065
0.160170000656727	0.120365125986354
-0.424956012103514	0.301862390298949
-1.38302051669052	1.11356423663015
-0.476856236191685	0.384421085477627
0.259459666436497	0.180219266049189
-0.113901939319306	0.0519138267222836
-0.206421009831402	0.163957719704682
0.00370397850686799	0.00218651500620967
0.666745905047743	0.426545220746689
0.628519863854362	0.19652190193655
0.749556939759827	0.313922512845844
1.51105949070864	0.750826552878151
0.837818723724715	0.459397660093533
1.34521991221004	1.04389200922296
1.20410181734904	0.656915206212178
0.311909125432713	0.150415042915998
-1.49749224758126	2.01244257560243
-1.19205646816084	1.07835694716654
-0.288023992162108	0.149222067938101
0.42071204105126	0.285785628298616
-0.320901635338506	0.286030784349923
0.0124753616191957	0.00701818090474833
0.721306593289218	1.02878301691758
0.556563785993947	0.741423397792653
0.0464206846959352	0.0299174769277808
0.66944010849396	0.746567572542405
0.264795347360394	0.209308944615015
0.546438498902845	0.285029867460556
0.823273634812875	0.608631022962633
-0.180286015405898	0.10443411059654
-0.0540706015460156	0.0421547313170232
0.267827663330787	0.202516028465812
0.0163097942806921	0.0114352027336621
-0.212801206992455	0.169526227716013
0.439803295300434	0.429563703592157
0.100262709947569	0.07906947895277
0.430110428806307	0.421873271098213
0.0258775513159379	0.0159985185632356
-0.0437602714603269	0.0294220753958767
0.265653100378394	0.176476183716588
0.0518807835059501	0.0346403252580252
0.453047791393875	0.431838676463744
-0.657247001386787	0.597387765350066
-0.209281247782947	0.179640947684755
0.262854744207891	0.203584657567871
-1.52731771678354	1.07114422006888
-0.910453333550882	0.812403178837955
-0.727772126866406	0.601989926276659
-0.187017265080686	0.134085712843741
-0.0171433347791734	0.0111793136634782
0.513164040378285	0.419469912976946
1.2016719020987	0.847228910040638
0.620925858515873	0.292815007401042
0.0981280986263747	0.0416225696372133
-0.487077302455524	0.447193788455069
0.264775421144607	0.207789127959218
0.876742938256319	0.774173810280735
0.106353073770914	0.0877959288704354
-0.0164555678540049	0.0109994409602954
0.890601248792914	1.10634794134216
0.875210771579713	0.749811587750871
0.187211430448015	0.167646037146701
0.281726248798923	0.168901210089591
0.111658372042489	0.0536120724355619
0.327673479703689	0.146908299218171
0.479307644596696	0.426045085756046
0.511547341616353	0.428607226935813
0.569002845973788	0.748272774033513
0.612519896414653	0.634108290590129
0.688977304237412	0.682939095247652
0.267390898399022	0.224178658099048
0.261864663309938	0.234977381328659
-0.183059052864487	0.130228071283468
0.25984663317749	0.23453227276972
0.380549390752233	0.308244881230818
0.121064031142774	0.0636215688790345
0.501647053267074	0.289677531271216
0.0749818092094967	0.0545264690732856
0.359811715951563	0.31939051015665
0.253268137703849	0.26589080587539
0.114422050191713	0.0869809221942115
0.288746994631305	0.302564935203498
0.373313696706451	0.154595118914839
0.0797407533169717	0.0307595388654801
0.378061633127794	0.156892679811585
0.0829319545190342	0.0325337424393879
0.319802079233189	0.157696307055833
-0.243253111097184	0.18758340263218
-1.39211830340053	1.15046467903125
0.144706760688101	0.0936326582152412
-0.319727983210769	0.205074419420284
0.0784735223179072	0.0303704707766851
0.496483894027883	0.294732712752393
1.26444349260734	0.578135234411907
0.62816073065031	0.199117754874169
0.670594953860314	0.443507005115283
0.679618250060639	0.673406055326352
0.287623526077263	0.158330864112765
0.412440273600761	0.386022980907796
0.0969424915828754	0.0756930452388979
0.413776877665231	0.52137197838989
0.459922350215289	0.406598867548245
0.17420508084104	0.132718869848153
-0.226373181206749	0.149678814195901
0.673990100904755	0.43404955672217
0.696425025414442	0.693420344978391
0.0845824472513806	0.0358539841623619
0.692303136450257	0.879286132192263
0.357783990680421	0.322939273662369
0.0361686612962371	0.0286710433622087
0.132281879883387	0.075887356886671
0.166692623826167	0.124368341539189
-0.271578719695405	0.241165705628976
0.249106036491796	0.220132166855414
-0.665294091431354	0.671162054359482
0.484883360535194	0.405671132426866
-0.263426520639803	0.181067001686311
-1.65188077627908	1.30027073443617
0.273803040721015	0.179802418633638
-0.539151567211777	0.412706110968293
0.497239044811798	0.498334178769805
-0.555274635739226	0.448525676875598
0.660525720160294	0.431479523195548
0.0328783245333555	0.0200573202259476
-0.0738503042024749	0.0373340990982572
-0.277742456664444	0.210558593365006
0.681759669005782	0.431183332465598
0.129757279790636	0.033278997874612
1.71727979642117	1.28066727642868
0.307399932814575	0.151150081773884
-0.29028379178964	0.0973885165614567
-0.221920134122003	0.083207074051068
0.323169327981992	0.153872128919674
-0.225172340526259	0.126943733231067
0.14170102655265	0.0921966319195519
-0.133569336597333	0.0985538670931837
-0.226853995456123	0.127038669132095
0.508762924473249	0.657424913877984
0.107596579998382	0.0548692089916077
-0.300109078992275	0.244880551344632
0.274308905119161	0.197064567611311
-0.0731656685052144	0.0359379447258267
-0.0778372159538173	0.0580636223948571
0.799703548621771	0.982243606059382
0.165683758027989	0.120831782226101
0.45791893107789	0.496216873735829
0.502066790725088	0.405628883317888
0.949760093739756	1.00067459891634
0.467144336657412	0.417234820957863
0.488466465797967	0.414652369617635
-0.204668026160016	0.159870517138504
0.0875976651007379	0.0632476700157763
-0.0911754536167502	0.0661209655895029
0.990133587096901	0.908104045167441
0.15527606987184	0.108671963381516
-0.00653605672547555	0.00368359107572699
0.366741995042869	0.313577944156692
-0.123100044963012	0.0885186656885094
0.416857766862066	0.408008930492926
0.414460155194824	0.301974210755628
-0.67142914610695	0.668971126481457
0.0826294858629163	0.0640697061938923
-0.868600401614124	1.0143582620785
-0.663487989788068	0.63399667982819
0.335961923184666	0.311645018775421
-0.887100835373544	0.951206010717673
-0.179984100647506	0.105135086643203
-0.0149758484321256	0.00838508295765321
-0.304656359221611	0.196794789327885
-0.15560131538637	0.0891339995794034
0.160587183359449	0.112387707346953
0.751419077975197	0.589215543063511
-0.262934231895979	0.179136368032391
-0.23305352640057	0.124910833384279
0.515903546534749	0.43158886007408
0.503283617153075	0.407188151814315
-0.729285840187958	0.630059814075796
-0.112889251274228	0.0821988464126247
-0.587622503583667	0.673228279019768
0.901599638076851	0.592722163483969
0.422611271068977	0.412522321150294
0.185190175251269	0.159573245398326
0.370938078859082	0.314486741799791
1.1978703302758	1.15511261782927
0.484007084763585	0.422760636693459
0.384381299455544	0.295743703327781
0.814709506841598	0.830743247721241
1.14954693262628	1.46440601220602
0.716504819753798	0.702145202052664
-0.247511418663823	0.189265711009921
0.100247212412248	0.0790871925893972
1.47013298666037	1.87653989319282
0.218941334072035	0.218651891484332
0.50298347423602	0.647696549514892
1.44687928680399	1.42357262745383
-0.161261062287295	0.116882097516556
0.218836497324152	0.214041864489277
-0.174486066157676	0.150672139392263
0.0390273576258698	0.0342360260600343
-0.66709155891167	0.694954501889861
-0.367680909364998	0.177954676865524
-0.839740663851303	0.486322239505559
0.459165058195656	0.421550499623676
-0.308528229762853	0.197579563569467
0.307248957108381	0.297470160236977
0.559703082870664	0.52294419405114
-0.358482788093527	0.286930821187775
0.651561937305248	0.766765002726144
0.0477207264701636	0.031778292170827
-0.200870302389346	0.155625048014923
0.0193699377347602	0.0145423924386174
1.35025533417543	1.05642428606668
0.708756368063342	0.654132316066873
-0.500228151402773	0.414219823873463
0.415640919950824	0.286710389830511
-0.297156006145871	0.274517586178636
2.31873760709392	2.54215987765028
1.06935482729525	1.14945237001369
0.276999033797839	0.180350223298239
0.149453417648254	0.102935218749051
0.423276622224291	0.488843419391555
0.333354270818202	0.309949620772631
-0.195724757365512	0.150700059506331
-0.181101930279922	0.145629280257488
0.736185235592167	0.949424819520411
-0.0654469204953867	0.0499804610191446
0.365015492230184	0.400021785356647
-0.00329637603218773	0.00230559829246341
0.000591518221165265	0.000449212078599767
0.340192590968962	0.318395874480963
0.0103688123440438	0.00720679778227354
0.105813412491411	0.0920535071855858
0.136314904322472	0.0867622872662246
0.528291459270581	0.542481718304973
-1.14894107739869	1.4856396371346
-0.673308282442223	0.745065311806076
0.820409447230628	1.04770439947714
0.543730037195317	0.739278027664741
0.0397498436462294	0.0318375238034551
0.309318800720504	0.314347350299612
0.153863645940355	0.104735226227241
0.549808529473436	0.534191976083962
-0.0750380284397937	0.0572052742231429
-0.515405297937571	0.596076354819166
-1.33330244696758	2.22287336318511
-0.730906652694332	0.634205544888929
0.866827706033655	0.708911391337233
0.290491584241125	0.161058431424262
0.562928281254874	0.639482236621834
-0.0899178011783851	0.0585621464138136
0.166108655205696	0.122144467906339
-0.0628716056538695	0.0477556098424635
0.268983023945711	0.217596755648396
1.09636225450025	1.10709048265344
0.549794883856074	0.539285663773194
0.486055404325911	0.412732523309925
0.310690172409811	0.163435758437255
0.268624508383952	0.170719579079307
-0.57058314486532	0.491655123128074
1.09229152362004	1.04498235132858
-0.392794545262241	0.378052913512478
-0.948407302591688	1.06288069856449
0.539908145709318	0.491764716582557
-0.0659634450637617	0.0433213150889503
0.166582891505283	0.128130358407875
-0.131654809139993	0.106997881905723
0.346021180954062	0.304694825504248
0.643308042322873	0.800651594658498
-0.043217950758943	0.0294131997475388
-1.08848020108281	1.15328788527583
0.602305477114195	0.653790011798587
0.443072923897765	0.414787005010856
-0.283669792294014	0.240708447270114
0.356228038058902	0.311561051812994
0.149190924942579	0.106440837638246
0.453397273374063	0.414178845771896
0.462154323845174	0.291732338481111
-0.0485437119779403	0.0243409270689944
-0.209990325709276	0.165517117955303
0.055514010835924	0.0373186124884682
0.42208004367527	0.293666508140587
0.696928496154537	0.584105931282687
0.117678549383263	0.0659626857712306
0.864406984476683	1.24391382649803
0.0511849147320826	0.0345665819901408
-0.00288765982454443	0.00148249265018115
0.286934673226739	0.297279688313994
-0.356863374994523	0.275394296495404
0.0233914676891351	0.0144969558104674
0.511751283084181	0.411033341599553
-0.0304764270240799	0.0201192361922222
-1.02378235317769	1.38099220500257
-0.089531932959084	0.0587816604866777
-0.26746228697181	0.243741719081831
-0.105377663733431	0.0885828707218217
0.496201088442869	0.670322424501753
0.11576845798596	0.0624957845179715
-0.022014016783583	0.0121044079172929
1.8988987470232	1.19115724934956
1.49911155290775	0.747286307307152
0.630191316768395	0.299135332137487
0.974574753714996	0.372135739368442
0.456878606887496	0.168759010980697
0.54671383291068	0.288061043605768
-0.623418484624507	0.469838423159022
0.173342595828897	0.161784082207439
0.739597754588864	0.437172408484212
0.111927340903659	0.0571814734606374
0.986931384220946	1.42898657399173
0.102984159526444	0.0926230973894056
-0.841055087559948	0.658048540986421
0.124051753362573	0.069110885892726
0.128585211720911	0.0697831415021806
-1.09129791721178	0.473002093574455
-0.641593953748224	0.517337167850153
0.258620021828108	0.216179947599188
0.0902020651415928	0.0298461185549466
-0.0851704215734568	0.0636425503034457
-0.0248312491372304	0.0171288317283381
0.186838713392603	0.204236139518051
-0.0579293049627289	0.053777507382841
0.156325578355817	0.115984915346937
0.51521318830596	0.430821795219286
-0.389228201363298	0.351881758768375
0.258878582972865	0.200450889976014
0.586909625028011	0.654938775845948
0.362850550770116	0.309703799849905
0.259636620134191	0.210774698898242
0.74177574749151	0.800358218136819
-0.0236488310846392	0.0163558378337729
0.0836576399493056	0.0638561283077101
-0.562161341425287	0.477292010155595
-0.758610662001531	0.931481308735026
-0.668875110765958	0.701446691748777
1.84492748031077	2.40058509441038
-0.473316419906005	0.373838775532335
0.959195174761659	0.791313365682295
-0.439904074311296	0.421375463223464
0.856558994352629	1.06410420505885
0.660154739030211	0.688697541382134
-0.14655395122947	0.0910524224683255
0.974574753714996	0.372135739368442
0.844593326819251	0.466453397242953
0.151527847166213	0.10345514229013
-0.837502403278298	0.595062898012118
-1.02215905987671	0.962347384971536
0.150167094749709	0.0997793173393036
0.265781421285711	0.20183016906391
-0.424862819631896	0.305585852368744
0.130288272395148	0.0761406486874441
0.363260915041033	0.298848649205629
-0.326108667250868	0.274815443062948
0.00310353592647546	0.0018117733103175
-1.18749495633511	1.05396918722501
-0.372080028213027	0.275240203659348
0.821166797891056	0.591646694887096
0.148234088114508	0.102087641651721
-0.370808150475437	0.264866418769628
0.873143400512456	0.724286741224838
1.20842590165623	1.50965382906053
0.378429809257076	0.312256741514854
0.2648000207326	0.17833660143165
0.312825906414596	0.158677017645091
0.332670745115838	0.15127819807015
0.455781402727788	0.167900327425104
0.0787680617508713	0.0307239352526201
0.600721658106556	0.607114969427977
0.275191085977179	0.176881603886288
-0.131890540554102	0.0755747949447837
0.384287851780494	0.298968760999981
-0.282689812618661	0.213027814722007
2.06083680322181	0.933096144031891
0.0854741467779108	0.033391450001843
-0.312489462471807	0.20280777024163
0.177490689404156	0.146002432215107
0.128711303263266	0.0767245636244436
0.166423231388248	0.147151749972669
-0.251216855602977	0.124581690573751
0.803468699675491	0.896595769137343
1.35078307186873	1.01989130043838
0.137488721234064	0.0350378725869664
0.934119453302454	0.259434889433519
-1.0930129160133	0.457794321807033
2.75923265308788	0.836083273652134
0.983164175326675	0.382206253694542
0.755266649161194	0.334388877016082
1.0320886629501	0.640280426211003
0.618944159757233	0.638334084552015
1.78525713344207	0.719573624005265
-1.16769428011736	0.3688513844815
0.985041686970382	0.377024165300835
0.137911084131349	0.0345700868305953
-1.13767799877813	0.809708532421516
0.297436061353542	0.165840059093165
0.980915453669032	0.387196291764176
0.549925046407139	0.294673712239491
0.702219649177522	0.580700518629892
0.817755616928455	1.16362321089373
0.281786960257206	0.301421099583134
0.401709049271748	0.30865696484195
0.256154644485117	0.229080570929425
0.382919209045346	0.296462324726683
0.150159199094436	0.102950427885034
0.172234928771786	0.155981795112401
0.161397007669351	0.1240366256443
-0.416922019798542	0.340931513291697
-0.741701775234349	0.658663461733396
-0.327718617485681	0.266216177836792
-0.203982034800052	0.178067574202565
0.467631800010578	0.413523032510534
-0.252934015020805	0.232275430273402
0.173178576517616	0.154631176891886
0.0911151497793054	0.0724110571594274
0.138260120337593	0.0891675785994632
-0.261065519041061	0.177334272521202
-0.0656963351974697	0.0434624606097426
0.759669451756434	0.718278097020965
0.370159673508384	0.315967740462056
0.12233084209617	0.0689255676112
0.289304341646746	0.18067730451821
1.44115219445706	1.97588988696528
0.738344612709114	0.449818065625604
1.58968791314066	1.95684248244687
0.457802288289984	0.281276850703391
0.0755634191989881	0.0250750277749915
0.32075406926917	0.139776953541831
-0.840106009512164	0.397764443513192
-0.679980176186401	0.328827883447135
1.19572716642219	1.00527320024899
0.286087135272688	0.171191854391092
0.375728304348257	0.295232780625835
0.587780510916465	0.645733488814425
-0.289533176541195	0.309839964473803
0.287234884204001	0.170695658510506
1.32539494153452	1.20685853176764
0.914946841664446	0.613544683673241
-0.732002762305415	0.592371039057669
0.724168996170677	0.702492202555609
-0.446146648297058	0.393631072112906
-0.0461065063082156	0.0236349419073941
-0.0146872622428527	0.0101591796000994
0.035170093411972	0.0224462640981962
-0.534493568925454	0.407475851154457
0.131048050836963	0.0793430080267415
-0.0169143721626132	0.0110404757519357
0.138081184583062	0.0867622391356507
0.188615402985982	0.163331961295055
-0.21894911880153	0.182518010567343
0.672351939118859	0.442870823735797
0.46854646063425	0.427708825536878
0.429695618299682	0.402622960045892
0.423621793459365	0.416218418358732
-0.0153298683459327	0.0103549395925975
-0.253729591073667	0.271056568483121
0.6360274658311	0.763389907108628
-0.287086378969002	0.233970144827951
0.0619247615046303	0.0425308955333254
0.305035560564035	0.165742480610852
-0.904051781309358	0.905296278101105
-1.02065799841688	1.16287919676832
-0.00153501043737383	0.00126742651381358
1.24777857517997	1.97576226356005
0.242866423539459	0.234477536956188
0.775789966142901	0.814963878809291
0.160192853513627	0.117714281616023
0.0931360518875327	0.0685752883088872
0.0948999878114214	0.0442843689045138
0.542777349565984	0.279862103322081
0.106155362772775	0.0503134822045688
-1.49815611497995	1.38627388521448
0.872837711252128	0.768685563684145
0.117295537907259	0.0623061078813463
0.672234163059969	0.438128508052119
-0.042811876246446	0.0224770635223295
0.604133429495183	0.398491399560217
0.14100232107209	0.0873337019733229
1.20382618577867	0.847998011603678
0.424109468546325	0.397808740715463
0.710272370506158	0.781554714830344
0.572635712200792	0.542480704048469
-0.00402156890275935	0.00282063717008259
0.151368480723069	0.105438846263003
-0.360170407826526	0.315354773602648
0.536824064574612	0.525047753586736
1.20678184930089	1.29362593302865
-0.516737201185947	0.430584852929547
0.869669288895022	0.715721971848964
-0.660770923563319	0.634421228787927
0.920825732001386	0.893035229988515
0.0515327748291788	0.0338678444866839
0.263458013844677	0.222928975132039
0.245268816839559	0.228451239763291
0.675619086437874	0.82188294146907
0.77690014630445	0.996069840965382
0.497911989520688	0.517974316596388
0.268823829237026	0.186641837114438
0.980322582763501	0.374301200409669
-0.0271947836435799	0.0145750053689174
0.251824720861186	0.219056217928104
0.475404214041503	0.41054453694212
-0.427455093032406	0.311414978357329
-1.04888242239335	0.57038591806793
0.150058449713397	0.0994607662568979
0.249556609266816	0.224827137455401
-0.378146886221056	0.303893848645357
0.964088737535056	1.26160806184898
0.266813972761286	0.210804613172804
0.373367563239688	0.398489906143166
0.715027076130592	0.689836586233794
-0.435742515045751	0.308632134715523
0.10172349337258	0.0486640787843886
0.266400991037445	0.166338479684412
0.701598196521534	0.570531596587729
0.424884871736735	0.277803164824581
0.410569629032841	0.296946040478264
-0.112143377341236	0.0524774867941722
-1.55572969351911	0.865635080149587
0.621852570339308	0.195889917983624
0.306818249334781	0.154400923083398
0.455208583252588	0.164568994135686
0.756536544342093	0.322084276760236
1.10155821425245	1.12892067562779
-0.630169527200576	0.704012387260818
-0.734215777534845	0.589406293868431
1.19409673270705	0.804554216643711
0.268337424867074	0.169487483734823
-0.292183225538958	0.139550962593523
0.397671530762583	0.306766338724632
-0.371940422770783	0.277013931835338
0.28942636003734	0.160611238314692
-0.0929224572862905	0.0672606725088522
1.31715618802096	1.16757551428452
-0.585112136099917	0.37051686952329
0.0318250723292959	0.0191558630539052
0.33225751417348	0.353447822952864
0.504506167799611	0.287509794827881
0.211291968929662	0.230188770327322
0.780816951333366	1.00983242411038
0.274035778014903	0.192306231580997
0.987658221695388	0.919480109140306
1.61072911027242	1.42776664014341
0.615480639954933	0.277226973541926
0.11524303916069	0.0595993309970292
1.21408798266319	1.39632561647018
0.27818635005082	0.226622365367205
0.748602316805589	0.326365269074333
-1.22686907731335	0.737503388841104
0.308453891666874	0.154583698488334
1.61590591806537	1.51534222716613
0.267864078577932	0.303305311458515
0.529449660751931	0.407817518525037
0.639507123108833	0.800099046323773
0.108230720002109	0.032394906422211
0.486075757447069	0.40514153084077
2.60364317298447	2.47678631866176
-0.375546567675412	0.173385210853587
1.02845767501038	0.640326911735257
0.463345065732719	0.160739851129601
0.934119453302454	0.259434889433519
2.76068911076416	0.834413169841194
0.159048181307119	0.0314930078193147
0.624771021919602	0.197435251980405
0.461963535836702	0.171991450715647
0.551504680397196	0.431406949586585
-0.0187600644456147	0.0103395245009218
0.235649054068718	0.231942348528792
-1.16596771366689	0.370238974932709
1.78001105513688	0.707897055469528
-1.88060469174476	0.775213241544616
1.40138848495097	0.867404139285541
1.26342255745963	0.561490394209629
2.76068911076416	0.834413169841194
0.894018576559974	0.991910438477291
0.634293090405059	0.278525561246745
0.626021020969377	0.202441140232469
0.157376252038133	0.0320040543511302
0.253601801318263	0.203452827533535
-2.13286107286682	1.04745076384827
0.0175859325560841	0.016353335705538
0.657632622241599	1.05329423948883
0.486580253546926	0.517065756268306
0.165970750267932	0.121781751275157
0.695132194929781	0.551100466599863
0.753744451693955	0.331923496071961
0.480428144653588	0.523501330089617
-0.304530111260399	0.282388961274949
-0.0391060197968012	0.0205685942928938
1.89428457813158	1.13905232673698
0.805452874831019	0.725149667933652
0.273098589567662	0.224026235535732
0.625298128882801	0.289893301771933
0.278602488846415	0.174829640378538
0.872277870017531	0.748090063299746
0.650124200799917	0.565814311797436
0.835839296065074	0.464928465157793
0.758820350956836	0.698673219955031
0.271474528759266	0.186346555518593
1.40136692664045	0.842823213478958
1.25848123554044	0.54815487992961
0.982094350992236	0.388744915484838
0.460940811333597	0.167843938439159
0.75415061114213	0.33272994375613
0.983864395710949	0.380362548270328
0.535204888613005	0.429466933504606
0.68288468184659	0.899072572844094
0.281960365412483	0.169949129800225
0.338263372933037	0.153630585511498
0.0836622490053748	0.0292266687447064
0.079484645559682	0.0269542318139156
-0.674621991606438	0.342248055100551
0.733274658638609	0.440364369276597
0.334071823356121	0.152071366368868
-0.119317554746783	0.0860381321524383
1.06202561174101	0.806777876184091
0.830636182533368	0.426088787502377
-0.668624474196505	0.343112526455049
0.740959355862503	0.881113674021012
0.571414693601725	0.439471454506274
0.138683696544942	0.142300351555503
0.168247257930654	0.156236362860853
1.21731863449027	1.40823057484035
1.20918978734645	1.51042195077073
0.403699718620446	0.274344424616506
-0.779063896426831	0.289518739243686
0.262329564841807	0.206612325533938
0.149127731079384	0.101329002852791
-0.0816447756067959	0.0395580721085286
-0.0432559824110972	0.0223788699057074
0.492383390728354	0.274200030491176
1.56531633770487	1.08853798890434
0.0991726970278608	0.0803626303327758
1.20142345347478	1.24444538469698
0.652949594772643	0.553512276802849
0.128349767332095	0.0787146187389149
1.31335091791614	1.29464780685072
0.622288460411843	0.295224960085863
0.546263207426088	0.290882531900132
0.49414667457815	0.28448551986313
1.30990910867904	1.34886176269349
0.650124200799917	0.565814311797436
0.165189284846811	0.131898943073019
1.35268073982908	1.05911960713987
-0.179980773791711	0.104311263570739
0.111331291909753	0.0590877814021872
0.546440556842592	0.292733794279044
1.19839086000185	1.10180105202542
0.434565485732567	0.292801184040961
0.116152813320581	0.0627960724406646
0.263889620729655	0.223636580256225
-0.0534022078267	0.0349472141371978
2.06493706592102	1.50904203829839
-0.00884311822643662	0.00487585876141139
-0.626255277945917	0.666280285030062
1.19712775611273	1.23652692187077
-0.508884573967798	0.439569670583642
0.356319136535587	0.310947104635845
-0.53715224375242	0.424588974427584
-0.0237357073720418	0.015878515461414
0.454093863107773	0.282955828252925
-1.74851598709393	0.980412620783676
0.419685292200481	0.410653376755368
0.170246229129149	0.1348563094656
0.2681151374015	0.215484836340037
0.352828862138394	0.309937963581968
0.289494140051662	0.155083898211905
0.00108802499438614	0.000881664140274931
0.837028914880774	0.467124033318988
-1.69849286788588	1.70424906442672
0.869088676632892	0.959933061065039
0.357051466297717	0.295970262945869
1.32200503733262	1.22349003419173
0.138143787320766	0.0855026868027272
-0.440834536624618	0.570960726509587
0.0757831556507107	0.0528722756709568
-0.22847530318958	0.236096664475209
0.460619453430733	0.563048667948331
0.113645047073034	0.0892886601987516
0.0941196806278322	0.0730221054316992
0.132001566773394	0.0751925751720624
-0.258999929809587	0.171471317800859
0.276914847626087	0.365372142606924
0.169578321985235	0.169492382527708
0.302202072822835	0.288669717702023
0.547726610318615	0.546996102637938
0.967544238870072	1.25529267017987
1.20536287116411	1.55674048569202
0.416275390874659	0.297571066225702
0.714566426926178	0.684375736491538
0.624023810229995	0.65355910049086
-0.0849177404943614	0.0604572808864102
-0.0413657696273551	0.0281425245867989
0.525744801097463	0.535193960159994
0.179649678824736	0.143643717732113
0.260898570770329	0.202649779813562
0.338122543568556	0.313985912723605
-0.60044615283906	0.761760781553389
-1.31960469051411	1.81450899703166
0.408469018088218	0.407901261357784
-1.53142929152847	1.087537539275
-0.586239627165035	0.381590145663983
0.117523859705558	0.0619902602191692
-0.814199642400708	0.775652462044659
-0.0656428049543994	0.0428615918909862
2.84370142116545	1.95601272527729
0.261979927618643	0.212882775931669
0.384260181084574	0.270182803917964
-0.723090586518182	0.471578212686535
0.271727364078752	0.188845050262237
0.481887878805905	0.411704296410583
0.150688119201142	0.105486350907039
-0.157449682462087	0.114489568866839
0.491830303439793	0.413660817330278
0.267336996543826	0.23061803137836
-0.218249466427462	0.188968897255545
0.744316596530614	1.05797981769475
0.454344685101448	0.418553838283768
0.0721336887424145	0.0524731486913597
0.903801656087791	1.29804496468053
0.026060980656426	0.0194846650139907
-0.561834836496356	0.557699930002811
0.2470003909156	0.218455271448033
-0.0966213232716443	0.0710992934840566
-0.696567035465678	0.418378958562776
-0.36402876864744	0.174441058646814
-0.844693845361034	0.498821914926817
1.21298942933491	0.688284090149078
-0.692571209332378	0.430840288199803
0.464360462059486	0.170348743224255
0.175877269795295	0.147135737283776
0.753533269678665	0.595280900518355
0.661244053181747	0.433828048599693
-0.162784840803835	0.144839909968256
0.77563762169924	0.861408504994212
0.0451241004001089	0.0376797293108808
0.180512072379983	0.143662081637254
1.90950966290101	3.75851034573024
-0.731825867176187	0.672208963718269
1.29912918586891	1.4830783815763
-0.145467414785083	0.132206416491079
-0.347724102368206	0.307875820719071
-1.41878218615716	2.41134641274244
0.508265348641195	0.53048894722481
-0.423830858330817	0.344992759332392
-0.587652316388345	0.241426801877699
0.005563165692409	0.0031424937554812
0.810513665218703	0.568541646401186
0.0840713679569881	0.0330678928364576
-0.119571336728449	0.0945753561729779
0.147155600908877	0.144507667581139
-1.28074089278707	0.94711986776739
0.136379925113441	0.0886306509634818
0.746995074082264	0.426627104878984
0.539478934093983	0.424499909986757
0.27212625940143	0.191745558499859
0.126477510120696	0.0767272898807843
-0.0112268055965388	0.00899457700589609
-0.0375280265470726	0.0194196145200789
0.618192569998868	0.559264998357731
0.806959162532753	0.72997918224423
0.173345490985893	0.163609003992072
0.747807778928371	0.574804140085145
-0.288717610941699	0.289815099365159
0.0934683217410076	0.0740995405176752
0.283437344459244	0.180237844774614
0.265484108203096	0.182693923647773
0.270279994046267	0.17090122635792
1.28112301212785	1.88657970213977
0.0406060834821823	0.0325186385384122
0.0444691315819928	0.0364955112780267
-0.0254799885036344	0.0171392355343505
-0.0394971690478965	0.0308546991614632
-1.19310618523893	1.51340487210956
-0.183023293299407	0.142317877193982
-0.00369565876812266	0.00188880734673302
0.561830895590468	0.633107952677617
-0.274585095804685	0.207408252963108
1.45345907089708	2.52594813400799
0.244060458341584	0.21594904583091
-0.333455685907508	0.275489515967031
0.333409678386964	0.307633751819937
-0.73243843928631	0.587203381290108
-0.467787538354177	0.210606589059927
0.65907785340798	0.415448702236333
-0.660576283402279	0.597118268559143
0.330268439910352	0.148152094544185
-1.08818277366312	0.434096122272713
0.274223925103014	0.176270371544878
0.284840487133626	0.163328404806433
-0.590734741110338	0.393204644043328
0.458186584388918	0.426280906779151
0.73607882563855	0.440151987513129
-0.150905332124554	0.108140900151977
0.384460137183958	0.297064527366097
0.133291542042425	0.0818083337641232
-0.503273025273876	0.496129337317587
0.400877893546234	0.396557634648486
-1.49247597486468	1.40523131229505
-0.122417185736383	0.0745255994232039
-0.129878478553568	0.104931700447486
0.165178510434576	0.130184569329735
0.903744881091017	0.987692658960989
1.20924733795718	1.14885628641076
1.08218180397606	0.963386262312938
-0.366538780974907	0.273628499039103
0.131052458583355	0.0718358486058693
-0.465626191949631	0.205918033492053
1.20118507718548	1.40978851752583
0.0226508246275291	0.0137721420942526
0.169829501505686	0.127653978592221
1.12666298729377	1.24120534923806
0.591818475475477	0.607517886912152
-0.588243972224005	0.613717284353082
0.332791661211768	0.306269895563768
0.361518699782666	0.317362538437621
-0.410182071519223	0.360440713074742
-0.00479675082225981	0.00399122166775498
0.565241204440443	0.530807296947242
0.561414651591853	0.52865539333728
-0.884085544863679	0.973452568322762
-1.11377496109904	1.3256350020917
-0.155410219024279	0.112337583309807
1.13346034363146	1.38596576612097
0.957520851256756	0.764006668033462
0.264422878319162	0.221798797956135
1.78307887847796	0.709225455677425
-0.595979076022663	0.244250852954832
-0.556464046827263	0.280147169960971
-1.49155732616307	1.2870297971434
0.995583028977196	0.494669375145016
-0.213233518612356	0.080385952791209
0.625860958960487	0.571856741939809
0.833400616879736	1.10053590394221
0.246792891080681	0.226888766249525
-0.181571162401319	0.106389922998234
0.537500961965648	0.529443154899355
0.100067688260056	0.0843095563568861
-0.675141625646022	0.691685422528421
-0.0162435215271353	0.00904466438990146
0.444821378074987	0.410569556012328
-0.743453370356302	0.926020503530289
-0.575794906922921	0.645604635733763
-0.398271066500243	0.344600213250153
-0.654420763248685	0.577677741622829
-0.383746399951087	0.230346533880058
0.265622387156422	0.204071961635532
-0.500443321099689	0.406509036774293
0.462983928562472	0.430980650259451
0.654428875972258	0.657082447490147
0.0969573726612118	0.0780831087294228
-1.29548828404732	1.19930928492602
0.156290218612664	0.106341694576374
1.43276533866286	0.435058532904394
0.0875743620682619	0.0295065643425438
0.998361002220925	0.485080308626588
-0.165728038752909	0.0708414880188827
1.57077953099291	1.06538536698679
0.134477423644699	0.0339077240788829
0.157483407177667	0.107271054804031
-0.0802727511221363	0.0521175514517795
0.282276151068934	0.183453935010497
-0.57309804960242	0.589974667409791
0.836003290460427	0.445346671416681
0.575905443868081	0.43926207983191
-0.296570307980453	0.297766225923478
0.742300388646283	0.814429671425365
-0.739473130766163	0.7537308064922
0.144101536168685	0.0972108775540331
-0.156368897289817	0.113569287894409
0.858051372819674	1.06195080084661
0.15814748726484	0.104427518147877
-0.0248465452342779	0.016801735613423
-0.548010864765362	0.422560512608626
-0.994012676595222	1.25225470923655
-0.489449403483156	0.533610206663702
1.20146554510467	1.18357694638023
0.845744261347321	0.928589350643832
0.0913910144909445	0.0385999994300676
-0.456271413922584	0.206131885177769
0.132317236140496	0.0337294970472214
-0.238987018280541	0.128588974376921
1.03095940704301	0.654630639313202
0.993069419033068	0.479677752928752
-0.246189117150383	0.193525425949262
0.438943613346056	0.406144603930053
-0.900102574916429	0.883011368755583
-0.166133727411485	0.134219634899082
0.504353513525561	0.508727343344303
0.464916673936184	0.418787770115136
0.79275965971239	1.0044399022873
-0.329478883470222	0.27203106205019
1.28311346072412	1.93943774105778
0.924311755882108	0.893467767061801
0.429037906676492	0.415582721829226
1.47384769186565	1.87869751431203
0.466915296728119	0.41193262978668
-0.0383802120850975	0.0262097764205053
0.161865199313202	0.125204686585235
0.0967223148581469	0.0765332687889722
-0.327886979237025	0.241235932098342
-0.045514949773298	0.0228710981863458
0.426013143041664	0.282993652020965
-0.021676266065278	0.0117027447144909
-1.13373024088668	0.792560398966652
-2.03859645708439	1.52441047364502
-0.584109834843767	0.380797345354502
0.457802288289984	0.281276850703391
0.160599221384119	0.0319324278424885
-0.818035334222635	0.801328025323728
0.548953803518401	0.631126449993656
-0.369529576451176	0.233362353039891
0.471695675767301	0.415835951529538
-0.0218153594993102	0.015040118992281
0.904814139560202	0.952619095284379
0.352979136267441	0.307334139985207
0.0278592350313408	0.0206798241593036
0.719527433693626	0.687368501231528
-0.281302445785208	0.207259812386695
-0.813294472023057	0.853702558726034
-0.815170575208942	0.684113215295367
0.0409220681578375	0.0264396448454116
0.280490712711532	0.189502887668354
0.131677639707433	0.0787881107629074
0.585494276480919	0.535536709257457
0.985458403027882	1.14936833182568
-0.235123341358197	0.131408888023018
-0.116279996197577	0.0834613899209578
0.0766965119867013	0.0259372589356657
-0.158929505002163	0.0655972357663633
-0.586811949783884	0.398183014294401
-0.112306065409785	0.0509874543967285
0.373859170147347	0.153493330334551
-0.289120545354252	0.0982326823496038
-1.27009940781162	0.956148703983222
-0.940216987239435	0.825315589666822
-0.157990819791809	0.0663873643346392
0.0962779906025868	0.0454338824432827
-0.320363724873405	0.20867487375099
0.266982234212406	0.209096434692291
-0.195606893782897	0.110966216253253
0.992434845155979	0.957069820223087
0.371738899826314	0.296101827812017
-0.586920434514109	0.55164232672768
0.537714388732941	0.427277878733091
-0.617716738902724	0.450273497089782
0.526310864100303	0.534137982383503
0.146013819169895	0.0976619147686602
0.290994541764563	0.16021387168432
0.444566872550091	0.416684898554759
-0.0210962068222897	0.0114450248643439
0.0193647889952624	0.0120170897510162
-0.255856064280763	0.219394760942913
0.384427631834474	0.302733806215281
0.134798032161648	0.0858622282497612
1.19381448176886	1.16206611261842
0.578432094728387	0.42867369635205
0.768629047357226	0.799657434309821
-0.495966704806219	0.345539174655563
-0.545833952043792	0.423353197801976
-0.461802264011016	0.207870771479338
0.373568798601819	0.15183567176426
0.159048181307119	0.0314930078193147
-0.538189383078424	0.292096871730267
0.266994371298063	0.194022187579349
0.295621910637721	0.164944286128296
-0.296378108858839	0.144805618302477
1.2087716737728	0.694707909412889
0.0867009668262325	0.02954368232303
-1.58481180414735	2.01291796985542
-0.353071286738568	0.315448097883937
0.49433428818163	0.266877450453067
0.34678692149868	0.366616329044694
0.168596333336959	0.122221276027498
-0.833869386202967	0.635908905666888
0.131491392132515	0.0808651586830505
0.290359472719517	0.384366735673941
0.39032146227775	0.309241384645821
-0.0563174728183866	0.0493678022630616
0.217240869328706	0.230619638905342
0.51055455729674	0.526480686966267
0.462970972740127	0.412772606766269
0.275755874757638	0.174684081182978
0.73955276778364	0.452644667395625
0.308453891666874	0.154583698488334
0.269375539606751	0.206836756349232
0.821333807347387	0.605445738463536
-1.13798367451449	0.779772465305986
0.877053844053314	0.749842408886253
0.719099642704782	0.704461463142601
0.619393341769603	0.628701674132723
-0.0711568669959652	0.054009858559143
-0.0777154185287742	0.037230121867383
-0.887997116813423	0.863197574573248
-0.339847851039531	0.274909964218185
1.11040168370733	1.54632861741108
-0.669677118376765	0.708187991133986
-0.432424290655492	0.414072850936849
0.0846710751557248	0.0634950906574073
0.084563410776885	0.0565848475101808
0.469138508176269	0.29747717126704
0.540803843727288	0.427078862284042
0.112973818665854	0.0603962433394632
0.626432207838539	0.420570644383606
0.957615883806455	0.777271499016639
0.157376252038133	0.0320040543511302
0.285340955456252	0.168919997210564
0.906239612964053	0.597169685301122
-0.117778452246414	0.096864010655124
0.361461531570967	0.306051246186469
-1.00067671079104	0.633451906392598
-1.22764227949821	0.730996772670526
-0.282444503090029	0.0957971311372689
0.519081287532065	0.42367394919807
1.10149047688056	1.05097375735753
-0.0176239874707092	0.00973489211191741
0.328034233987566	0.314012381895479
0.962713225240322	0.757489878736763
0.816171953804921	0.581731091484831
0.274467692335826	0.161033755013334
2.06192892322831	0.945450100823738
-1.055951901505	0.520269186594039
0.101439999817291	0.0483391916608687
0.0840713679569881	0.0330678928364576
0.0831864066641268	0.035350642042927
0.290336458309885	0.173503475238626
-0.037187250534653	0.0294134929887583
0.721537516748827	0.948869819198782
-0.421383968677388	0.297172503911366
-0.541887208103624	0.298371690220039
0.459653081728996	0.281583680986869
0.083364303669693	0.0278306534832984
-0.857309162026337	0.45985753044244
-0.0717239219170242	0.0355799233467145
-0.780824300968471	0.287187108205516
-0.184283256087052	0.159074452383602
0.114866289597144	0.0616119381248846
-0.147337584872668	0.0877357795640489
0.344736924247959	0.296709251779495
2.25952991395409	3.96355870040476
0.412311747733035	0.457752289951586
0.188830489895619	0.162767686866218
0.7501200549136	0.320963863006981
1.19704350904063	0.840834028749607
0.909370887612537	0.610012164351701
-0.363586077424636	0.223381400287171
-1.24836893960524	1.71690799944831
0.545856020918915	0.535557412509848
0.514973018797832	0.430505641356307
-0.212759287233062	0.185335594092731
-0.00310877481814736	0.00159271244046304
0.454799399719043	0.416435830990464
-1.24330933013055	1.47527612206086
0.249037357367283	0.19740842730633
0.352403594370942	0.322440838249352
0.0274909433362746	0.0164499418973903
-0.834947702358744	0.663683284448499
-0.312604233854892	0.184530778242277
0.0967662270564486	0.0778872445758162
-0.227400692796705	0.213232475916943
0.0630857300413773	0.0444317927957056
0.265823082757671	0.205366137964025
0.0166788610969656	0.0123191957128247
0.992333785606069	0.903770022091068
0.537435943290334	0.428476018368696
-0.216866748898177	0.084545409463104
0.305213384071419	0.166104824842584
0.302984177998465	0.148011687699064
-0.0344091445188666	0.0172847650814166
-0.279934844862196	0.215949134177102
1.60991335930663	2.60712284479403
0.690046617797616	0.928640718450799
0.153875530704287	0.109664452871287
-0.0882197286615571	0.0728260636236527
0.00935282348478596	0.00695677975182202
-0.426896531351434	0.334598540516032
-0.0399046899496248	0.0269980130413058
0.869635368200303	0.743894361607262
0.0540027851274248	0.0364167793060509
-0.613995196724278	0.464522630849705
0.442771808073997	0.293185224462454
0.621502123607691	0.740883264434218
0.658480568929848	0.689307549087656
0.384823912312937	0.298926830929134
0.751225912335407	0.322510250149983
0.132742993973497	0.0341362592279412
-0.294176834607404	0.100252958759811
1.21425945071244	0.692587737931648
-0.543634915555162	0.304032387262377
0.366598769559803	0.299840685344799
0.644083294315019	0.822419075413934
0.0839313750273898	0.0285951134541565
0.0980292021522113	0.042564176944264
1.50592840417108	0.79577269509704
1.21440625892405	0.667249517314026
0.29810003410526	0.168267694515372
-0.0736695380630833	0.0371982084650483
0.542780837787786	0.284744936845755
0.71705189247492	0.79239364574275
0.378026494522901	0.152710361725204
0.624771021919602	0.197435251980405
1.42110686808989	0.473285696777816
0.157376252038133	0.0320040543511302
0.158753727426354	0.0319702215245481
0.155829146463452	0.031555170264943
0.131437035089151	0.0328454578584694
-1.19209396721767	1.06355915314548
-0.439198841934482	0.37860439548292
1.42365420901275	0.486816559821607
0.104228258880499	0.0319441294807729
0.102312934927208	0.0296618233199376
0.100085234519901	0.0304622748614045
1.42711577781187	0.48718262978292
-0.393161815436493	0.115548211004811
0.157376252038133	0.0320040543511302
0.13275945701123	0.0810812186092151
-0.0757182756622274	0.0658441199128711
-0.285776590878588	0.0962571720116781
0.287988426684165	0.15513097409554
0.756380029726619	0.332098700403031
0.626700152182185	0.294675392011566
0.375552205096749	0.154887241397544
0.455781402727788	0.167900327425104
1.70839924701471	0.990558288698013
0.748602316805589	0.326365269074333
-0.364143078472549	0.173664375626224
-0.66759124111276	0.333804774052949
1.1966046669287	0.848481515027658
0.0811621917047568	0.0561377567145802
0.329664973733363	0.14750810766704
0.0964571884616922	0.04203146667943
-1.3180877163251	1.59579820436891
0.344993948313217	0.308563151060605
0.445294414594044	0.295527165568168
2.05690178516483	1.38128895780865
0.267790928782384	0.171302857049784
-0.102820638113153	0.0459147478676048
-0.043780145171874	0.0224717243776908
-0.836883378953274	0.695744162405099
-0.832792489807875	0.369402787200241
0.742487301596953	0.452114790483384
-1.00570820314685	0.658037098839518
0.553686238739729	0.291624498502172
-0.949256018642488	0.774580614417091
0.450665400225773	0.158170183686056
0.294728845664083	0.158323611938966
0.127220039851846	0.0767674233256471
0.0445047721726659	0.028181554379123
0.298494685718976	0.165117130626829
-0.257431427999901	0.174659526726799
-0.176460259312317	0.0999394428806224
0.430364815857353	0.281649388022331
1.19138187745694	0.9408866389724
1.10064793608042	1.04271041957496
0.121790999672367	0.070494269430081
0.4718431629769	0.293952260749558
-0.498930468747446	0.342771046174187
0.628779457531873	0.303899766161232
1.2052875797974	0.691283246517672
-1.55297054956976	0.850403024685629
0.105869564379822	0.0316265065865925
0.461963535836702	0.171991450715647
0.874391498668837	0.724982958672945
0.665177211109683	0.434556962244349
1.20699727834425	0.964276199901249
-0.192022601156226	0.134072616288865
-0.187806941570303	0.147978639237368
0.0183219702770037	0.0110865898463913
-0.274409997787168	0.209366371810901
0.258837142312217	0.203759098671705
0.220243523700618	0.234345089741998
1.89227087448788	1.16930447921713
0.0990736878909837	0.0425587899189808
0.633286187194816	0.299734645919669
0.736178195223312	0.439024887911275
0.757899895679314	0.324271281853468
0.0015814042495822	0.00101238543779517
1.20290923072695	1.26443204294227
0.336029245344996	0.154095070969898
-0.842001966615698	0.389149240961068
-0.0405309567896516	0.0210909175153913
0.145891860779415	0.0931344389230382
-0.0288792840153313	0.0194569830896164
-0.00260286805043714	0.00130977240646971
-0.20142671416952	0.129564912594803
0.26778724215282	0.187653027074767
-1.77790614203919	1.92089890238044
0.263484981412117	0.199404726189022
0.0609114970890232	0.041136888011139
0.252069672724778	0.194583736398776
-0.838300318711133	0.717962024383894
-0.605701803927697	0.598117604813428
0.0688673947042108	0.0481872004400777
-1.20696703669227	1.66296819783386
-0.0739223321249018	0.0549754137016923
0.363941408236021	0.309440199315635
1.31975913126725	1.16802071772889
0.115250831247272	0.064130253347821
0.54377859308135	0.417033999939215
2.06277282020679	1.41453898220979
-0.373298044874516	0.230760914345964
0.28533532047262	0.152423060480613
-0.375809479765499	0.235480799282848
-0.0681754749038055	0.0340487975796084
0.283875191800862	0.173884826751954
0.308501035504536	0.151252528904095
0.16056178492915	0.123981700692943
-0.0000436722398810148	0.000108607948868659
0.46823319420298	0.170755366799563
-0.586998503448555	0.375919200336963
0.296204573956273	0.164466821980455
-0.496782841904736	0.327311546465684
1.43361990808957	1.42769339438067
-0.0832994960782438	0.0534822386386557
0.254063532266018	0.195176488955955
0.367952369703512	0.304036234053027
0.0718373999855958	0.0521026742064744
0.480713906763428	0.398488539491399
0.367141482183073	0.286479960970268
-0.285025907327955	0.218641905247867
-0.0999012864967952	0.0741388701182573
-0.607020124611775	0.606970217463575
-0.740227131617091	0.778489534201187
0.357718764645969	0.309689175874222
0.34630252897739	0.30607816913632
-0.0185176646112464	0.010205313674418
-0.0662365192797146	0.0599253212023702
2.06024667701915	0.940618357599958
0.317603463142915	0.153649606593331
0.0953319095166653	0.0414619807945561
0.999506317986771	0.482492681249088
0.293507139640594	0.164574134798499
1.02213010705303	0.59070969496328
0.45907663633152	0.286615430470525
0.122283682514912	0.0636968143571634
0.265423684968026	0.192983521104545
1.48032058132352	1.23659157670552
1.84043603140557	1.927013849383
0.180072167757854	0.152628906386805
0.856188458825259	1.09453173647865
0.502542480041202	0.535655621121543
0.570994399830325	0.416896938552277
0.287449359268109	0.156815288072203
-0.182825158405813	0.108030731820904
0.541882670833757	0.527827995402131
0.942068717697736	0.717091967204551
0.137588089582461	0.0888946274409554
0.626658141897554	0.303766749764013
0.140997245966698	0.0846325669101323
-0.0511205737236426	0.0261930031486969
-0.920688513800672	0.858949878034281
0.0581773035578942	0.0386078565976185
0.719965061386053	0.701460683607003
-0.534860679358496	0.410581491927458
-0.322657232296725	0.290724273603803
-1.03595279391969	0.953351680170803
0.46288478168132	0.508045498750949
0.566633140442741	0.407319948470209
0.131556127729157	0.0752192604904239
-1.89798741552354	1.28017210971229
1.71481366082915	1.34673940975623
0.0944396714118348	0.0403106954317735
0.480758176466324	0.573508978405352
0.518259247791487	0.411795775286047
0.619289744920442	0.646636267821525
0.244919468674229	0.226268894577206
0.306730322278202	0.159274279382378
0.84006446502752	0.464926123560993
-0.67593502281227	0.724081115662203
-1.0021912450456	0.619768074081511
-0.184839334732503	0.109201223377252
0.101862515758426	0.0307565119518936
-2.13947467977938	1.00661743248084
-1.17062204890495	0.365594250228461
-0.283933232085005	0.09758760197118
0.619713851501106	0.199126209354249
0.336059328339797	0.155492558971359
0.541564099859902	0.280812677421613
1.26342255745963	0.561490394209629
-1.34679094417939	0.669567715273614
0.352493208750319	0.322154395817933
0.0694409688620879	0.0625173426290491
-0.105896818600499	0.0480675311459568
0.627932531674089	0.296576891369718
1.26334127462784	0.579536363224572
0.957725820857801	0.749885857142442
0.327419036842973	0.320044600430672
0.135746802005903	0.0337209783910702
1.50237228809971	1.73548221531612
-1.03901963085744	0.987892145925778
0.755673930124711	0.324821725710155
-0.834505143153349	0.395488792215213
0.460024834150016	0.158916622561157
0.0963554171618731	0.0416051012380854
0.042671013774552	0.036749642920926
-0.304483685652578	0.340567695548246
0.269787587822851	0.195146039252528
-0.227708740090907	0.197056818005581
0.343919064898619	0.31709103769668
0.588648148266194	0.550050931600944
-0.593648333173821	0.592648991157942
-0.00124236520061911	0.000578389376657911
-0.371771384952587	0.23742367634223
-0.114459910060846	0.0524025224499887
-0.71940412995592	0.521834802830792
-0.28226996239096	0.0968292699610618
0.33943586306721	0.154713866446324
0.0863025903287126	0.0299622438588172
2.35346499697871	1.93264356922512
1.50481783637797	0.797345043041251
-0.406172295321345	0.350709635576382
0.0432216046546876	0.0373114029590871
-0.378841073338126	0.235114551767459
0.502310845331997	0.282779450942869
0.340619575267594	0.154296143987067
0.740658291563818	0.45492322671815
0.122080297715884	0.0642330922846062
1.2024670632785	0.980160342228072
0.371364201304262	0.15228958088688
0.402583562732447	0.40891449974604
0.135790792563548	0.0348333749263102
0.755426623235685	0.31345790777126
1.20666655571317	0.686246370584108
-0.463856088224362	0.204749842021427
0.0967107898723161	0.0421507631919002
0.10763488069844	0.0322597896295304
0.0847846516657851	0.0295255806080394
0.627789785231298	0.306541152822373
0.307876794059088	0.159451751755365
2.06714875057711	1.48899849709924
0.332492900988721	0.152507922668847
0.0808242609502022	0.0314416504709488
0.353540930553912	0.311533530470235
0.268624508383952	0.170719579079307
-0.160708166309654	0.112165187507557
-0.83522387100386	0.661944029704953
0.408522974093044	0.299322227938507
0.751506753339581	0.581759857169748
-0.496807224554643	0.425416918824836
-0.235893542279686	0.125966646754124
-0.231587465714523	0.132064584056127
-1.38143716803117	0.906691884333159
0.091740404577488	0.0407905730290846
-0.109257276633241	0.0495251965393016
-0.642190501571802	0.161710387629989
0.0909852712113923	0.0345497072531681
0.0929663492841127	0.0412464833746394
0.753744451693955	0.331923496071961
0.289654262734567	0.156740419703102
0.412545586180199	0.289627794464612
1.65647899811798	1.88356451363614
1.01983530401144	0.582941695149983
0.0892922774062002	0.0386009504091137
0.134571048127909	0.075362632232117
0.0809602855199442	0.0316430610513847
1.48971081681115	1.28148884357941
0.272125182821008	0.169729168743648
0.736178195223312	0.439024887911275
0.135790792563548	0.0348333749263102
0.985496471514131	0.390439575213324
0.928250860984743	0.252367083560708
0.308221856904382	0.152721313458545
0.752902027240624	0.321256926493172
0.667158690341881	0.427805249606064
1.19460909290096	0.788808013640446
0.622636915965159	0.512504275949113
0.906081876319992	0.603598548889639
-0.308236170406466	0.202560063379908
0.0859044012705507	0.0292623865401666
0.734541153722639	0.439964597926673
-0.667437720020129	0.341193389803571
0.115911592090156	0.0615023473938875
0.265920965474747	0.179789000028415
0.250082366205191	0.186010070410465
0.608282875320356	0.530807585303918
0.31278579184475	0.153649428895839
0.58923642715445	0.549639038695249
0.46724106419698	0.484954507228044
-1.03184533947793	0.920180181756356
0.169651321042104	0.127855477740327
-0.736299825597738	0.697683139703943
0.683154419265721	0.668423483129893
-0.471569821495819	0.380913832000998
0.583192170203688	0.530781689427328
0.270972967787595	0.195966454211733
-0.21841274135243	0.149135033168081
0.533879221013652	0.406616445027418
-0.498263621063892	0.350881372377848
-0.847378817315066	0.453937895644882
-0.171086539990683	0.070151465017273
0.131145994885419	0.0731939080096935
1.28620694896057	1.4351805837702
0.546189813042084	0.427315732587958
1.3241606074081	1.2153970520761
0.625571518911485	0.556307900353684
1.2044671793509	1.57555351354983
-0.385615309025223	0.115960720203465
-0.642489378014278	0.163742963398487
0.983864395710949	0.380362548270328
0.337078027651981	0.152650838758089
-0.421231557197288	0.298782142529008
0.913716743507892	0.600609217966029
0.993336284177223	0.495937115399256
0.842257904979303	0.450112501680263
-0.665864316492025	0.345768078838367
1.05690232258459	0.787278535530545
-0.0201599151676785	0.0111640241111535
0.0867981359793889	0.0657135919919139
0.685858291767237	0.75366941117491
0.0602888966818453	0.0398673570032948
0.0733049748585693	0.0530045527168886
1.06720746247595	1.31419571061532
1.74413672867339	2.23350953130251
0.159281145891405	0.118940142966667
1.41327547688687	2.23791980278264
0.575905443868081	0.43926207983191
0.388349367439315	0.406807575763212
0.188624529667425	0.15418148267506
-0.21900781658762	0.153461565847558
-0.32912896780097	0.269981437258995
-0.234455078179034	0.177429670342428
0.666881246430144	0.443991137044635
0.87925122297054	0.771932172692011
-0.117160651261457	0.0515523122423594
0.261091085544992	0.210725746760463
-0.584288025577752	0.38922812048596
0.114468512219797	0.0587408774972388
0.50122809214266	0.290117041445158
-1.00273048268131	0.650539830170363
0.275166846174581	0.192862063249804
0.000959482183483807	0.000630480081629341
0.50491629747888	0.411801063767646
-0.0437892347134876	0.0230442278626084
0.327940418217416	0.148075775485728
-0.11041721796301	0.0475496956059061
-1.56707037932935	0.842301955456519
0.876195709059663	0.74567392966598
1.19728591582542	1.18588769355705
0.0906942833003833	0.0651115760631038
0.157376252038133	0.0320040543511302
0.741763164034188	0.452044880027493
0.49414667457815	0.28448551986313
-0.189642680932495	0.111510054242989
-0.968217062805505	0.750677775824844
1.26574854075059	0.585413729728026
-0.842565303229816	0.491946373024326
0.460024834150016	0.158916622561157
0.00304478352156159	0.002231501627805
0.105865565065999	0.0877884542408637
1.0408046214098	1.11281738926783
0.248315926294258	0.214283080175119
0.716361947969776	0.654245452710068
-0.0820936262151044	0.061803645680472
0.23003108469815	0.209677674712171
0.17425988302487	0.161427626594962
0.536098615079548	0.667144615688501
1.56170718049698	2.73855456837009
0.0163522205716628	0.00988489834845392
0.862020916396068	0.875198988811549
1.9403630955356	2.22596630609274
0.421682548686408	0.405917848600172
-0.923984605071065	0.854061201239862
-1.23167552187438	0.705364350684268
1.35200003577972	1.02841736200495
0.272173662895469	0.186257462387996
0.00175368337287556	0.00154746453869774
-0.531977754493147	0.503343656279931
0.0983300411084057	0.0468430464706815
0.753194005201718	0.314234541102156
0.917116515406791	0.612212442883762
-0.0719155907186021	0.0352535973010592
1.05492476680431	0.802793653594702
-0.248694235787559	0.194956076512747
-0.448332981218571	0.264984047409611
-0.109703189982856	0.0515545387717787
2.49686493972264	1.43043459205751
1.86333605464734	1.53552707021231
1.19650621993168	0.824308432504789
0.282979813867157	0.170389306171716
0.107268053739949	0.0860932484103598
0.626353692789401	0.202693100319571
0.459180415733866	0.166160604374828
1.77749872582517	0.686784873656213
0.934119453302454	0.259434889433519
0.160599221384119	0.0319324278424885
0.932780241498866	0.253570251530169
0.155829146463452	0.031555170264943
-0.541317167192543	0.282307871171623
0.624450906498706	0.297342190041494
-0.854601402818448	0.47613028586914
-0.156573262499439	0.0656448597288955
-0.215481459744967	0.0835298070606415
0.98833383506247	0.363915001439311
0.624771021919602	0.197435251980405
0.226557876175494	0.267252394766354
0.276904687355225	0.282737114398321
-0.01608616863274	0.0111464818898081
0.406664658071027	0.473410044342867
0.196317514674604	0.16371811948826
0.647786845772559	0.712744802868837
-0.405811381102371	0.345676691825779
1.18111135024027	2.38755734121178
0.357664574317617	0.438879198720896
0.605731241731271	0.771529400760823
0.176304041108616	0.170996523775462
0.307121108467855	0.153491873936065
0.178185077760343	0.17220091109698
1.06185533415401	1.3150933151214
0.50427608399686	0.524300940005552
0.683539172020922	0.694310875106622
0.465606487782499	0.291934938215409
-0.0430729372989995	0.02692448995598
0.49024524695654	0.426401631232361
-1.08797368838094	0.470206436380931
-0.158135735496799	0.0662683502256002
0.0807434254504402	0.0319500710890931
0.369766906682655	0.305938362544093
0.123143005128179	0.0682883693738526
0.757786614680549	0.900204302307111
-1.13127576975323	1.07709716969092
0.375801423441852	0.152128418034435
-0.839260453723205	0.393194546848372
0.549154288281363	0.291019345415956
1.03687446985066	0.638715945392441
-0.782018250277475	0.280909151217907
0.728544194660239	0.687711440707564
0.336425269844225	0.153246151058615
1.20194281953286	0.645126464577584
0.544860077548492	0.281958344974066
3.254585846148	1.14756036262443
0.102462536993614	0.0312982295035309
0.750418543945066	0.432627615604324
0.00944078904977851	0.00676491441848476
0.158753727426354	0.0319702215245481
-0.588036829956713	0.233513194722921
0.134477423644699	0.0339077240788829
0.620956729636381	0.198581629955028
1.20764352105974	0.674326763285446
-0.103581140413981	0.0472683673824644
2.21049221577563	2.36053316541125
-2.39158461844321	2.14970139451728
0.466209000587984	0.16511620817836
-0.78302234654777	0.277624063329933
0.36847275060799	0.389650995330218
0.435427573605601	0.398778479118873
0.0407099613230515	0.0319527430508384
0.155361574272822	0.113214512713813
0.0761412408468567	0.0554426617978693
0.26385087959268	0.196937918453244
-0.326551429095785	0.31909834351229
-0.0116196828066021	0.010092704445577
0.0467206372196524	0.034894247914132
-0.343827570388834	0.360487722050974
-0.464351232975984	0.208039413092911
0.619946110419846	0.296494470925561
0.310734408769719	0.158400428592301
0.910994337036764	0.610614435884617
0.262857789814951	0.212216055650807
0.370831153769074	0.284412480211574
0.565405350465937	0.415095779837837
1.10385195271308	1.1465252968098
0.370241791919929	0.152190156026142
0.0796325750086788	0.027755792309614
-0.0767174670730672	0.0492740913931565
0.165913486213751	0.124204333308425
0.455781402727788	0.167900327425104
0.464545068853424	0.160093767329829
-0.297612026009991	0.0983757158367387
1.19846016703698	1.24886208017531
0.953713367995702	0.793680949654738
0.624552251346485	0.558708507117991
-0.424956012103514	0.301862390298949
-0.0783873978999891	0.0499474383102364
0.0797533503770951	0.0278103540498117
0.101862515758426	0.0307565119518936
-0.288678915106647	0.149478818247592
0.84239713705338	0.471915434291117
0.613370085128858	0.18828109250909
0.504235023917117	0.287920246513198
0.975189933568742	0.364151172248145
0.291949157126775	0.159352736415881
0.155829146463452	0.031555170264943
0.0851819051673344	0.0296652672214374
-0.589694505919671	0.38973249557404
0.137027060480449	0.0881325393490409
0.160599221384119	0.0319324278424885
0.104700368657167	0.0319205339675311
0.848475655468809	0.438568869022189
0.160599221384119	0.0319324278424885
-0.643835551953249	0.165404098536463
0.0712879993847147	0.0240967534444606
0.157376252038133	0.0320040543511302
0.498651087071076	0.294737089433561
-0.377911649083053	0.22008037494994
0.373862945856293	0.152086936823742
0.329507082020611	0.15270463796505
0.932780241498866	0.253570251530169
0.982685861749079	0.37889071089191
0.0932192131973048	0.0399977988211923
0.507923606154423	0.527000610392588
-0.529947903733879	0.479629193012347
0.448896857790379	0.423688615680575
0.91783792940352	1.22992348108011
-0.50383822510836	0.51170402706976
-0.556597250068257	0.709290462194491
0.104887126623513	0.0820064136907116
0.62299227965343	0.645108507546203
0.986062687889315	0.932482526140938
2.4906609379366	1.34582735210773
-0.585877789251473	0.234464998966687
0.134477423644699	0.0339077240788829
0.464901668325985	0.172681502759963
0.344254808755548	0.310129811362405
-0.0467110905266143	0.0239400349081254
0.370584004060007	0.270758467355496
-1.09673621501813	1.16986405442738
0.266602532121855	0.193390824473989
-0.6712238647418	0.342052651409614
0.538698139829427	0.405784692845549
-0.29594178399216	0.15267774230819
-0.643835551953249	0.165404098536463
1.39652454092287	0.908036554025269
-0.583725071657407	0.226883268712682
-0.375825376491646	0.230522135275043
0.105403435102231	0.0499464941400226
-0.196308338229493	0.160922766290358
0.916843306216222	0.87845502759113
1.30825065736462	1.33336823221983
0.463197894813074	0.29352846357503
0.129757279790636	0.033278997874612
3.25826397108009	1.12567851312806
0.441777725624014	0.294316730579933
0.935813643911742	0.887178657302141
1.39318815626559	0.852160457524503
-0.290664199974058	0.0986973844946974
0.461963535836702	0.171991450715647
0.752902027240624	0.321256926493172
-0.459481832080963	0.204084058699921
-1.79072956232629	0.430508702225031
-0.286334661817441	0.10048957400549
0.74186756368483	0.45469246983488
0.0719010147305747	0.0271847726205051
0.98949805750274	0.369719209133139
-0.0436477640711871	0.0233045578449348
0.745819717855592	0.322704336250723
1.26501688934451	0.565624097597492
0.619713851501106	0.199126209354249
0.134509830181074	0.0805559581474028
0.432256123011579	0.299228657127456
0.119937801668037	0.066674633406475
-0.533379936680855	0.411142575577059
-0.289845478586985	0.156050399493278
0.705975627027148	0.624555621672931
-1.13817112266208	0.811405714088381
-0.656342945979865	0.588398153861236
0.387904610246332	0.310756177498136
0.826646690766635	0.739089541792704
-0.0754180844279471	0.0365801183667942
-0.288282182108274	0.149452646093757
1.49394656109508	1.24088699802538
-0.2942196625004	0.154157394289877
-0.216866748898177	0.084545409463104
0.127310953653149	0.0711558338715289
1.42365420901275	0.486816559821607
0.759112400606866	0.724789867085907
0.346478380872456	0.315793384481581
-0.561336808091705	0.476959450987204
0.74077530720077	0.786766216657089
-0.645200845762192	0.538391368783377
-0.236173608262086	0.127284104676124
-0.583250860023916	0.387332264953107
0.0240800084226185	0.0149677870202227
0.0988346759486186	0.0476477424841157
-0.70664471253347	0.423878546212705
-0.715765620628605	0.506473736630774
-0.545853084013511	0.292344811521437
0.480660763077842	0.401482223672486
1.72699420459249	1.74693897082521
-0.50260094351422	0.445815781297383
-0.0975611035958806	0.078537564801249
1.21206277089403	1.29547975015193
0.145177035047338	0.0924159852615492
0.293179535988117	0.160114857421243
1.0573795652098	0.81522027129582
0.293014418784254	0.159400769324993
0.378061633127794	0.156892679811585
0.461963535836702	0.171991450715647
-0.449219399273279	0.257188994814475
0.697553340866629	0.593160939079606
1.3976855949006	0.913229219308446
0.0779666897881993	0.0269328568776476
0.0828077264305933	0.0281649207806399
0.333036242346212	0.154663026447471
0.573931906360208	0.441690881826848
-0.470857608456602	0.201451667642944
-0.453866455768949	0.198303066341367
0.500750178266571	0.279994294100815
-1.86808779948703	0.803044775954171
-0.284902447411141	0.144168846099733
-0.828685203696272	0.366283996342318
0.498794573982193	0.296372187007938
1.49705850254047	0.738162811550007
-2.12895374996199	1.03193927663883
3.25173965682184	1.12116003728636
-0.290664199974058	0.0986973844946974
0.755673930124711	0.324821725710155
0.504938060455059	0.520693378120388
-0.206843906278969	0.193268598791694
0.53005189680651	0.531510943967683
0.823442507642815	0.942343044173141
0.590636764026075	0.556423690175512
-0.432534731178903	0.444023301642581
-0.279212308393335	0.229368522266498
-1.02874311199561	1.3408227277795
1.09445511791492	1.42894337002304
0.0270537599104653	0.0208090783364344
0.0555463016318255	0.0375019631523225
0.496453383108488	0.278795341765468
0.326097984310278	0.148305824079129
-0.466596683412195	0.206388187063366
0.331499952373776	0.150543939481325
1.90001724435692	1.22412230099909
0.105869564379822	0.0316265065865925
0.748036460780159	0.318980374769638
0.459276540699918	0.170099779410914
0.725638863635455	0.392686275326156
0.107000088788163	0.0513101083485701
-0.0972691969042576	0.0791032274722332
-0.218241180719334	0.147424430360803
-0.291396556047673	0.220596409637292
0.600155205796718	0.547854692988287
-0.373025441346717	0.235854833540921
1.32674224422617	1.15308980481458
-0.0534261396416535	0.0340617854117326
0.135900082334856	0.0797611580677289
-0.427701725151351	0.303141521365815
0.284028425164766	0.179598246200323
0.304613488519033	0.15387215973329
0.39641023681087	0.287904355884433
-0.49315184006558	0.330777292786493
-0.683540650415411	0.77612086904308
-0.52379763990159	0.476360444086119
0.50951579585874	0.41152079806635
-0.621098273000453	0.478081207985036
-1.55572969351911	0.865635080149587
2.61283153326964	2.46660487475666
0.852549646684411	0.428321259138971
0.331478931676713	0.151675878851523
-0.154606213204982	0.0658895182215375
0.105992285527341	0.0317813963724559
0.490933154172225	0.256812613623217
0.392566821902684	0.283058725166352
0.155829146463452	0.031555170264943
-0.591188338999509	0.238642231883662
-1.55862968888351	0.566986097926498
-0.779624912120717	0.275479486957074
-0.16414446716594	0.0659499986128381
-1.08888026990326	0.457840071173562
-0.842334741942421	0.4050383296159
-0.838942626789325	0.574384952906108
0.101523197950979	0.0434599800019192
0.137488721234064	0.0350378725869664
0.627604218608779	0.206681567866676
0.158753727426354	0.0319702215245481
1.97266332953	0.514407739913456
2.37311714706834	1.85522547897686
0.226728502695756	0.222220149570413
-0.00478606101750604	0.00314863124813757
0.0179847208846341	0.0133655430422536
0.107609796139137	0.0936860476283507
-0.576417876624969	0.63277421451233
-0.329384343877461	0.278055600673111
0.315657735589422	0.313274377495964
-0.802800989462603	1.03578083003228
0.176312571165768	0.15543994214689
0.0375338197566683	0.0294018470291199
0.482208889980783	0.392506239293033
0.0852095309252077	0.0332679475572966
1.72519739713105	1.28597633494482
-0.593676802115709	0.234476441089884
-0.214045256270537	0.0832571614702204
0.751372558000356	0.328960641569524
0.461397746740608	0.171369029815336
0.0772568459403886	0.0263911838257256
1.26334127462784	0.579536363224572
0.982685861749079	0.37889071089191
-0.967401524937977	0.737058162225862
0.609700579707756	0.416907412240201
0.082627912374758	0.0620506930347371
-0.451130605525241	0.244657171690213
0.370616431075927	0.314754498329936
0.268745180011267	0.179332052176256
-0.832964167123589	0.722327237062945
0.0793540152247352	0.0275109590294752
0.535540489068086	0.423075415831073
0.541011646503571	0.432769779615244
0.622964300445271	0.200951799928207
-0.456480092416739	0.197314430817857
0.11944885735035	0.0542236090415865
1.40422293094153	1.56205080237721
0.973090222762533	0.751935676795562
0.167602273341023	0.123887974789387
0.0999164692791523	0.0481146858755573
0.162885526591838	0.122102444730219
-0.20538809798548	0.0732532369125153
-0.84006820060082	0.388641726933892
0.075226838252516	0.0293658729568729
1.78563439698378	0.686237867965869
0.752741599786876	0.318509220243848
0.935803053851377	0.251484404125009
-0.168725034341824	0.0700443890941612
1.89455744014009	1.20601593791133
0.103045998295941	0.0317521774583255
-1.0423079301677	0.558998459886999
-0.236514259563367	0.130552588890679
0.738492430570862	0.439776950093596
0.293014418784254	0.159400769324993
0.275992240099219	0.188445035406747
0.0978685689848365	0.0298543200160592
0.0641403879099555	0.0450667783000468
-0.2442791104508	0.205848033300718
0.0995754009945991	0.0752479861347526
0.0540084322847208	0.0363749468850175
-0.449628200052307	0.441467492978652
0.893587116790421	1.16310186360404
-0.0620733197059949	0.0462923910927814
1.70814219034783	2.81047633448086
-0.180282049236211	0.107567133462506
-0.69601569274096	0.42427330601886
-0.0448041248935266	0.0228487586521871
1.73451003408248	1.69533971647729
0.462032979918721	0.167801448279283
-0.385817123341917	0.1151032481101
0.990283436013483	0.472631611244091
-0.535191380117425	0.295448918929544
-0.540246314377708	0.307717716716862
-0.534121042869809	0.418294993517295
0.140072048997029	0.0910515675272954
-0.310376382278686	0.304394373930721
0.884464221998526	1.3198642861274
0.909664929037183	1.02811974999562
1.8804489137053	3.4333600502665
-0.653020750962884	0.606173498898528
1.00001732329884	0.93463411356267
-0.157301553152841	0.126242926588085
-1.00491287145656	1.01434811723189
0.401402580940398	0.301533327974055
-0.18936174089769	0.112672324299196
-0.730256279094856	0.660842603335112
0.252656342096302	0.223369097641182
0.41865779088367	0.301830975007539
-0.0794196809611345	0.0517462075658032
-0.222167173903274	0.154982916821846
0.654801722018446	0.570998232635251
0.338251720433474	0.153727063574259
0.320941547958843	0.155218099504303
0.542250617612372	0.263744059228372
-0.161138431508569	0.0677302591191062
0.162389845521601	0.116445094061901
0.50125730148398	0.286684438263802
0.327673479703689	0.146908299218171
0.423938031052521	0.420801500920544
0.52015258658911	0.514485081638234
-0.0119190887030383	0.0081075869837058
0.238061374134982	0.231177730072583
-0.0276050911071994	0.0221684305591111
0.0761938383723626	0.051078596866242
-0.0206838053826607	0.0169681488824127
-0.245662473992266	0.252345618455558
0.268884416893508	0.287818114627739
0.875470891488648	0.746529846882224
0.560744473827568	0.272690589602373
0.308978397960818	0.158961245862407
-0.367621467347346	0.173461115310091
0.499198073968671	0.291284707966694
-0.966255351933563	0.717977497697561
0.619713851501106	0.199126209354249
0.378315736836852	0.157995342139036
1.100236144974	1.12197560516363
0.334855650712252	0.15516928410186
-0.713808187052906	0.974617600367506
0.649862503482263	0.755478364536206
0.400593705123657	0.389245413407963
0.369981114650079	0.307231473737736
0.714458500188555	0.694274215637405
0.610165195396846	0.428034630257393
0.862341320590554	0.979126532687449
0.168521581352128	0.130804796329981
0.0742134378578095	0.0257965205330274
0.29760626613773	0.166180252241366
0.0364996712034347	0.0233775671579316
0.119235498756771	0.0684179762406645
-0.468016294494228	0.360368466601441
0.0161834925579386	0.0097433320339455
-0.160734020432551	0.116206220996802
2.07170771432182	1.39848853703016
0.303815700061736	0.148993280806547
0.837028914880774	0.467124033318988
0.746948256809027	0.433208176132982
1.26276795395584	0.555800546030484
0.392648207604259	0.302479200782681
1.42711577781187	0.48718262978292
0.0797533503770951	0.0278103540498117
-0.112676021207466	0.0514031510173607
0.458029864208968	0.503393664236802
0.0392176826301568	0.0325916441071998
-0.418819836536425	0.414000401022104
0.498178180170213	0.534720315394459
0.565723511238629	0.704833316170619
-0.325775303676581	0.357050737725495
0.29667012556833	0.356709082562974
1.90001724435692	1.22412230099909
0.333698754732159	0.154319291589953
-1.55644669104143	0.558318041712006
0.10301028537334	0.0302445871008309
-0.387414800382299	0.119080555694114
1.027247761011	0.620334453848081
0.160599221384119	0.0319324278424885
0.104810382414038	0.0315902356824143
-0.288003609048903	0.100132891438743
0.516932254318384	0.428783944270722
1.05486935577957	0.760630021604518
-0.322252239870894	0.305381645732688
1.15265517529156	1.47787610154434
0.537714388732941	0.427277878733091
0.764981836093231	0.915286773512476
-0.817052391670288	0.79476087828391
-0.667443272088399	0.343718998039652
1.02612074172261	0.610514131829355
0.57280314033762	0.411913298973055
-0.186771191052735	0.131418608408774
0.699300557036999	0.872473950785948
0.457985433215993	0.410655347841021
0.95906939112486	0.750480793052205
0.0865751754914722	0.0900119589541221
-0.327838481120432	0.380553152771157
0.113434872527986	0.104619050257635
-0.906569973382234	1.55591448137259
-0.255524414368055	0.322895514011949
0.175342883656372	0.206852439854879
1.70867657325314	0.950511248375004
-0.653924709908149	0.157031807796804
0.380015350224025	0.153305357422704
0.132742993973497	0.0341362592279412
0.0783720735206347	0.0268136757622562
0.995279219591534	0.490016510918398
0.509448741572321	0.428272341206289
-0.548270919227107	0.302239116885881
0.376330646268101	0.396948792730448
-0.361591071405561	0.264299529119778
0.161566349056011	0.116231062254123
0.273588776609418	0.192629583098859
0.66435893108049	0.425551580014069
1.1966046669287	0.848481515027658
0.563595066946328	0.526686049185438
0.879388197434276	0.752416201991721
0.331609492884101	0.318446580724789
0.665516265304254	0.428826877849778
-0.309221142459952	0.350626907556886
0.337039684313691	0.328512920447837
0.437358618587975	0.652695022821051
1.50203441173833	0.781095917610704
-0.64084325135703	0.160134884536478
1.50133640305696	0.75136502602786
0.389200437108558	0.148918590516079
-0.0462030714787411	0.0239748785482629
0.480976384718412	0.643760656584631
-0.0197487291000309	0.013628679043493
0.255941429598937	0.219742356100585
1.75502376619313	2.11443012643715
1.4003344771717	0.872903994864284
0.0389449067162189	0.0245060162982028
-1.0872222022263	0.458704578400995
0.752626682393411	0.33028241849571
0.560919451745863	0.625953331794115
-0.0910064359823966	0.0876121538937362
0.444241903214992	0.420774663495418
0.108156121528292	0.106081851763314
0.279993140392171	0.181277678097359
0.755266649161194	0.334388877016082
1.39111804110278	0.867945416873049
-0.779624912120717	0.275479486957074
0.622404875111649	0.199001544034778
0.362692517462178	0.284526707069349
0.533514165693057	0.419611484971225
0.78048079572448	0.995677039686515
0.66387275460886	0.439502279185514
0.296539476903776	0.159003907205429
-0.132224973812159	0.117802820414524
-0.327538891950725	0.244400794173926
1.0002956006875	0.497525749834541
0.37271782880562	0.298457459309128
0.173175554394194	0.163549867915398
0.140543851408076	0.151586850814823
0.505877179834469	0.756948537744699
-0.0260854544603244	0.0270640916856639
0.197253027742687	0.244893270596533
0.236333032940016	0.272109255939907
-0.051714586376485	0.0260911772237408
0.461397746740608	0.171369029815336
0.463797882233633	0.172742420349666
0.617900015159401	0.198196728181155
0.985496471514131	0.390439575213324
0.425286619506612	0.475097736679639
-0.0432508131267362	0.0285395482306655
-0.0395224176416063	0.0188991017401279
0.501157820112168	0.582124650543643
-0.116741708647751	0.130770464097242
0.0516219757454804	0.0463918633284524
0.0306505871129751	0.0234820111502184
0.160312717753318	0.152231425113739
0.217806805694025	0.262848040119794
0.0644792014652499	0.0835176290857137
0.235472456824955	0.247035266116859
-0.0979040480989702	0.0996400714738088
0.458243055471028	0.293884596287239
1.55835966281602	1.08020534576751
0.326097984310278	0.148305824079129
0.49321794834488	0.521409843422553
0.0624746057230202	0.0661810357131011
-0.034324975846498	0.0343249878101262
0.327396768646858	0.372734157603158
0.416187498569325	0.605922771683109
1.03640846878086	0.63121496772461
0.0822364182874595	0.0319428913492115
0.366688917920656	0.304230361261119
1.06447865387795	0.81535357122477
-0.363055237624122	0.180130165034426
0.326134559558641	0.147545184675729
0.114405375087143	0.111584849649815
0.107232382801496	0.105246758759941
0.354232485349579	0.42290635615497
0.49648595532701	0.670954081784626
0.591989274383746	0.766395250028053
0.233480540674241	0.230295635063577
0.106197346261373	0.0817756656189401
