x	y
-0.135807244834421	0.192502579157136
-0.0365359971575007	0.028118915172184
-0.416942605585277	0.645217790274609
-0.207222584385857	0.33876268710303
-0.101290723612485	0.130053524833941
-0.27183773234924	0.319701115538867
-0.188010168844477	0.252929685204581
-0.103468575397207	0.114437867457827
-0.00107250700858314	0.00145954276589114
0.0660059443393544	0.115531643659791
-0.532794969102202	0.782158657945686
-0.0585551987876139	0.0819278969434986
0.106468387435816	0.20277164449527
-0.355114649237752	0.532575550437028
-0.564453844404791	0.83302149190786
0.104136519643427	0.0944273656655731
0.470901841486761	0.490675412163077
-0.0964580705163642	0.180471541064065
0.0360651701587461	0.062980871126369
-0.303033345816688	0.403673510045395
-0.181887354179515	0.299667497255115
-0.278396161011296	0.566751163335833
-0.43437953831976	0.830540945233252
0.440961034972245	0.591860706917166
0.214186436064312	0.21701876940243
0.888726743527575	1.10107855310463
-0.428720367922232	1.25651525688819
-0.155157024033849	0.369228653209969
-0.667278510410921	3.13584237186101
-0.562497158047952	1.46286589688334
-0.265891766499874	0.502851563338696
-0.0289612026941972	0.0343818578266634
0.0747259939213924	0.107031650420732
-0.168482469410901	0.284878186219057
0.0311984732007696	0.0404421081864174
-0.0788660970145183	0.0797225560027517
0.0338800647716459	0.0420164119405168
-0.108915135088358	0.152572335970237
-0.141324032040755	0.190082531458731
0.816171953804921	0.581731091484831
0.178098473935661	0.147351478730632
0.333268858169518	0.365837375696754
0.217190027395361	0.225100240778789
-0.0902730071168272	0.0750004945885818
-0.0632937657059802	0.111539472907585
-0.0124635657575167	0.0222499401147168
-0.115090080174091	0.28514345635739
-0.161548835189105	0.272912363950334
-0.196766626512103	0.367683867002552
-0.101088606323473	0.212866361225844
-0.118470677829953	0.237772833805052
0.0718221570184429	0.103801653732141
0.109822309442917	0.184034497230678
-0.457448408874199	1.05154441135712
-0.106835170472358	0.168761088590179
-0.0716129268808928	0.104441909669373
-0.111659037659385	0.154405835392169
-0.0723743953738032	0.0728209900699408
-0.36681385851991	0.710081287162424
0.163784122086116	0.260076340884166
-0.111801898920322	0.153783993460034
-0.1290859123633	0.163439488938982
0.392706906401112	0.295322834254062
0.111348777689597	0.104112555641763
-0.312472557235181	0.309067884124796
-0.300649087765119	0.301690850911561
0.342552857815483	0.374060080016013
0.303308871499421	1.01418944734528
-0.071507417830238	0.176672388916936
-0.0892842359911391	0.214383176856272
-0.480258048953825	2.498975560743
-0.232599360998582	0.619675148369136
-0.557230826529383	1.85145292807157
-0.264995252416437	0.636754229512594
0.23031528517888	0.638307866140751
-0.115278347110681	0.245937655299012
0.203936202658871	0.452703293963213
0.181429934100027	0.362710841648574
0.0458120072054097	0.0692949475528386
-0.0865929631911561	0.146307141662662
0.127965574198367	0.211820221941536
-0.240129259948777	0.45046184803872
-0.410588418842312	0.866531242627205
-0.00766887547024089	0.0102925091844895
-0.107312172009683	0.144634741104883
-0.0693441501680143	0.0939461738331317
-0.762793471707217	1.45814286710075
-0.78494503371595	2.30223979588783
-0.584213351242447	1.17565631371394
0.801618852331085	0.776945145286933
-0.802164868575485	0.910898489440162
0.342140810688695	0.355876655101447
0.165688576488282	0.157997551736808
-0.0706936019611033	0.0545052677156128
0.0685608355130723	0.36196337301505
-0.238106465937824	1.91680464048989
0.0184540086902869	0.0588899091822361
-0.474863942794317	3.13736830785446
-0.283044779602144	1.12480330279777
-0.425896081339326	2.09336258245196
-0.377359405436706	1.54926934432986
-0.131599796686613	0.278722170111744
-0.253138521025965	0.699999354736249
-0.12737122869897	0.31487132910662
0.364641072538165	0.850912518989692
0.426320060397408	1.07534392112258
-0.152462124591424	0.23375236747213
-0.196703920834257	0.227499320320865
-0.235721248856309	0.270303911597586
-0.356676836058377	0.495651014044099
-0.090783255779872	0.0985256633948702
-0.273794255405708	0.455713498179832
-0.600248114387558	1.57422953468926
-0.348839098073525	0.542789521177038
-0.309989069211601	0.372709133092504
0.0560693567476155	0.0371115929733827
-0.247508863089995	0.230983590746353
-0.179262131364713	0.171207834032795
-1.04264391391487	1.18642685405502
-0.160375191045434	0.128161653738962
0.155220684269135	0.110988683410862
0.0482995826869278	0.0408221496732364
-0.374602344672107	0.264250151539856
-0.196306045039467	0.134235657820498
-0.0204576017091351	0.0903170804014476
0.0200153163143701	0.0825882620413643
0.551537389039634	4.9492989557094
-0.0280209184096019	0.0828278562764044
-0.0230338366231108	0.0464290299058266
-0.145973658855734	0.464934826204221
-0.109394236013302	0.20564733047253
0.282995201423543	0.524455419260568
0.401749062756914	1.33860581836068
0.135229177743346	0.37103822051097
0.0255115716924464	0.028886355934349
-0.154891811667602	0.12599289181136
-0.126415066292742	0.272001581282008
-0.162629833883633	0.183552933198582
1.09785368830288	1.58838718853136
-0.266756900223772	0.183107068354191
0.0820048602144238	0.0283833400215427
-1.73516372247567	1.03109669323748
0.0953194311698286	0.0415984847441531
-0.594309537462567	0.238922816108823
-0.457423357303725	0.258098363058509
-0.921986553262524	0.823417544094972
0.0604810042373156	0.0598016030885651
-0.307122944568933	0.387321189050002
-0.220636221918249	0.211624481713178
-0.0191725458961511	0.010568210910619
1.05979995105433	0.777941013560778
-0.282775615988398	0.263190461101517
-0.279581148542873	0.255519744655046
-0.106654936673654	0.0464769184835424
0.115082673764015	0.728155463893945
0.192199469348221	1.19165774992784
-0.50828735707637	4.01527738659698
-0.0317236996007122	0.0778329613934588
-0.376747405317063	1.96249867021218
-0.595103382536739	3.17189891067164
0.204249053255436	0.483625083129498
0.0673587304458467	0.126905879616743
-0.509338030467456	2.2268064401255
0.166471895373462	0.296060119930176
-0.150602005097965	0.16587020252318
-0.103979419774601	0.0949848886439112
0.0532866947574187	0.0349669970024141
0.0382386241613498	0.0295403099174724
0.27334215925911	0.190213510996906
-2.04094498805652	1.4863553890018
0.114815522156561	0.0589097223972939
0.0052783041389489	0.00288463987185802
0.113423208438997	0.0596083757227433
-1.89221697584376	1.23093009733724
0.283245610967053	0.178379930781733
-0.0413766631873304	0.0220617287220981
-0.201515946409425	0.16535974506947
-0.183008563388838	0.175997734550561
-0.445411479002298	0.592213876453592
-0.399730974453183	0.38847269908254
-0.0109411728821241	0.00602050663224035
0.670421627100259	0.448921020919638
-0.275414234117871	0.279250091596916
-0.673525471885616	0.887484887858805
0.146313822311039	0.0998906235990424
0.0995486687987311	0.0937684035002441
0.0413776795366172	0.0372600769591527
0.0373677008818833	0.16967588134591
-0.253228939791142	1.96004335753063
0.0700636608345021	0.225036828633851
-0.146807067136546	0.59634787506704
-0.465527164284957	2.67506461621458
0.689022310500545	2.96163437841298
0.286457565966319	0.881866149647068
0.107257221578196	0.300384986345113
-0.275807836643906	0.366396010545385
-0.0365939532710277	0.0242073787563146
-0.999318753126855	0.617798592131508
-0.169908774249378	0.0700851224249338
-0.209594757133085	0.0791214744034798
-0.211042134874645	0.080262206826289
0.0840713679569881	0.0330678928364576
-0.265072550008735	0.177369093014645
-0.97089627008934	0.735575469212794
0.00301124001271724	0.00177220521867149
0.456391224602809	0.287144774984848
0.586992996846738	0.723519178154881
-0.779496821258637	1.3034420145174
-0.830081686934115	0.63499357061885
-0.844472085042818	0.487812374671431
-1.04888242239335	0.57038591806793
0.267059764158731	0.226498604347671
-0.0574854984880144	0.0375253461805734
-0.29437323299873	0.155346567683436
0.375110349717639	0.488330102099537
0.154622068435204	1.02276383124721
0.115480946683429	0.594155901506891
-0.199590391074134	1.28923608729134
-0.391307866850277	2.79967492729028
0.688828093125525	4.29291596758242
0.356542711893897	1.7856299381811
0.176177943623149	0.840978186294281
-0.638964819295873	0.526036613563561
-0.0674840607634	0.0322531170673173
-0.439662216851145	0.249980919931363
-1.68690483293156	1.75894602365161
-0.664682007093979	0.337929849384862
0.628920170542908	0.306461337324852
0.0762293098220703	0.0296445578095493
-1.13693411444947	0.80753317028137
-0.166905579641379	0.0708923687004452
-0.35033663353797	0.151161932417113
-1.30555431700631	1.63171602649809
-0.379148088396559	0.576917686628554
-0.105084597275863	0.0949007032253803
-0.0683335475828907	0.0439133836868872
-0.997837317069857	0.61957173369367
-1.54876272273149	0.818501627337961
-0.40786242695479	0.39276441904881
0.167155625829145	0.130240771614625
0.0589278611607916	0.0495086271853473
-0.237906876234667	0.266841270519452
-0.0602590733520914	0.0677655787705354
-0.109237226105241	0.100302476921009
0.0315484120751272	0.142798561866439
-0.247581861154282	2.03313677794166
-0.0619790240029761	0.238783503469434
0.522966734479579	3.86577619736649
0.395166682219465	2.24274365938521
0.130072832987759	0.467038196238686
-0.539089023538139	1.50589601650766
-0.272691138902992	0.535645583932563
-0.342945167832796	0.648719445253947
0.0278659004640953	0.0323583849440623
0.0447061607053466	0.0294136537688642
-0.286904904329421	0.235953931137369
-0.0547016922366793	0.0355558272984389
-0.812780164691616	0.853384280701335
-0.163786718487198	0.133332779646922
-0.016941624366436	0.00926334776485437
-0.309675473462666	0.191615553105521
-0.733701620237133	0.600776359362343
-0.0877908742429209	0.0553614657762109
0.00647945477962558	0.00366797922387608
0.856915544559697	0.848362212562936
-0.45950901329973	0.492902925477598
-0.682330763454136	0.802225278594273
0.339282739509108	0.328390471256796
0.607036584805903	0.636203058867712
-0.519522304248181	0.487109634131059
0.747589910753693	0.599093491535226
-0.431733333681813	0.460771214619214
0.753009746926228	0.967007223310817
0.0769331742933847	0.0561774333507345
0.360731776388434	0.390236228102119
-0.0846549780956438	0.0733361278778755
-0.109870964903453	0.103191611253415
-0.140964234774762	0.127376175427038
0.0144063966474204	0.0619500614043484
0.362764814241695	3.15745660220702
0.589134281181144	4.4959061609097
0.284370509028598	1.65844394084543
-0.283286083039466	0.430605298351939
-0.208670572814909	0.464515839691971
0.00895728679638195	0.015192161804818
-0.358075000640581	0.679500660408283
-0.423765090617969	0.599566254611984
0.0607168782800835	0.054394746909238
-0.444459307097329	0.557578136642725
-0.739578610738372	0.717455817648669
-0.820106643009979	0.713929179942548
0.493015263199364	0.424286402014539
-0.106853730609557	0.0780556228907672
0.648129706764554	0.661812523297137
-0.529273853266262	0.405668597146614
0.00105348383647758	0.000635066853236765
-0.0271947836435799	0.0145750053689174
-0.0604164647640796	0.0454032853132327
-0.0175610920834264	0.00969580862793174
-0.369498878366245	0.310286680949613
-0.261830162583549	0.173765389597197
-0.557666285147743	0.73864656983885
-0.381367093783326	0.462482545320993
-0.187707003544102	0.164155695132632
-0.50200382343209	0.426186235356137
-0.260894118815301	0.178065891310491
0.0668335296172587	0.0585621073594937
-0.810232396884248	1.01785937338343
0.138257221839887	0.0917335692635308
-0.293472835451062	0.332956086186476
-0.253759098353575	0.308471552424484
0.228667761935601	1.82144321264188
0.31084092565562	2.49222981636345
0.0517987359635382	0.169631254752999
-0.113632645984346	0.252850470174819
0.00796136339557684	0.0126786118533971
-0.0562847152027298	0.106112615108905
-0.40246851752732	0.895378064717569
-0.0904995788994394	0.154841465266712
-0.419042228125517	1.02344324048748
-1.0197320975761	4.72543294862608
-0.378048251815855	0.736699434716632
-0.539083774511494	1.35393111510772
-0.0594515556270965	0.0748167291663646
-0.936592384192895	1.1446205265928
-0.233885342466972	0.196722037912343
-0.743923388036118	0.841048587729892
0.135818063025803	0.08779599960076
1.09340156409529	1.44103709345084
0.100067688260056	0.0843095563568861
-0.600549380245979	0.680581483802034
0.345251631441152	0.3103587143487
-0.239821765042216	0.187285864315022
0.103718331061285	0.0861765196277145
-0.118274613244267	0.0722290089797582
0.42059516045804	0.491680663169183
-0.474713666335623	0.448161016943653
0.158939353289872	0.121680470653078
0.50791063960194	0.522774658718341
0.404554170871472	0.300509542257556
0.49970988974076	0.422013433445174
0.567388799446524	0.407234917553525
-0.73996748025319	0.646082613036268
0.380225170957268	0.303622391938832
-0.8561976810596	1.10551783509327
0.161567762941714	0.126612024790836
0.102774542845051	0.0828625112128146
-0.859944086632909	1.06270345828735
0.718921835264561	0.945140284661748
0.176173787933753	0.159991397424234
0.333658477050645	0.292701488866848
-0.730722671157129	0.833239569957206
-0.103228920968462	0.0646867465334977
0.118776373332805	0.702870104628
-0.275027846400808	2.0809567127762
-0.0591619223622974	0.136334976823481
0.135248525770248	0.285396203580111
0.0385287147533159	0.06590759471544
0.0873562620084336	0.172833529540582
-0.278191177033609	0.620467853355631
-0.608476518893184	1.79457958458955
-0.84144900155046	2.93601166834992
-0.861058092178277	3.57676703518851
-0.636875715441715	1.57402806162262
-0.586069877097657	1.64382276134051
-0.593841047305078	1.22089964618639
-1.10362781715	1.10225060457236
0.870597715049183	0.741542553361147
-0.280380293633257	0.211953397691074
-0.372059801455192	0.276700140523353
-0.218274142386386	0.166506208497146
0.0832811221698462	0.0630532347919915
-0.58637182761423	0.639404453005398
-0.573616744256489	0.601867499629822
-0.999420000873031	1.24852577789418
-0.968380668393217	1.26228607206114
-0.0692810508497802	0.0501941295598949
-0.0100976455524477	0.00683427832448748
0.183060461290977	0.155949177607596
-0.102403423790169	0.0743929715419106
-0.202383582316331	0.171329290290974
-0.0193000491296544	0.0132816805191695
-0.320430540732303	0.287858612143777
-0.803661783925979	0.879946051168842
-0.864356610727138	0.974805803456169
-1.06579253230162	1.17560690047312
0.198522440901988	0.195619379162949
-0.167103743729345	0.148135589373514
0.814182741447542	0.829243905249641
-0.80105049567594	1.03822166623792
-0.289415854630665	0.24465547533947
0.166296840342872	0.132091188629008
0.507650884163545	0.523996615766184
-0.224907319640717	0.212645672129579
0.0876978865385789	0.0663245559409889
-0.115496063256893	0.0708165073303708
-0.546558307818571	0.542920205765085
-0.262544049395116	0.226047225052078
0.1178031565752	0.709227606303373
-0.0329450256657981	0.133215157348326
0.141685612351907	0.252222359914267
0.150483101700216	0.251697765099601
-0.153097957307634	0.257222296706034
0.143581964980864	0.212559177275344
-0.571745833355829	1.3141855132244
-0.64668119476098	1.55508350432581
-0.461170298149842	1.42196607728368
-0.459599297915974	1.47687379387158
-0.779348764463021	1.61366974376643
-0.326025267959404	0.370297236023019
0.489744438599904	0.639822921947108
0.251703211748623	0.287199113781516
0.528462934120984	0.628971156547059
-0.430021078934999	0.426654408130989
-0.230154934297403	0.128649840308238
-1.37993424260871	1.63217639685822
0.0105297604173544	0.00597800488653231
0.392986744797517	0.294301170393579
-0.516754131121965	0.473057908038462
-0.537700726092457	0.428575459621366
0.502072329185407	0.296454728338625
-0.283414519050799	0.214341647718402
0.510737930454355	0.417029433538228
-0.565660779726076	0.494806757321212
-0.916484719513949	0.892505857058781
0.0923140803094564	0.072520174698433
0.0618456750756856	0.0531584194566387
0.312991736042252	0.309680595832377
0.117304037621242	0.106563769149659
0.0215046371485994	0.0132723268077608
-0.44033252620503	0.259960779817622
-0.0529829324191266	0.0391296602794793
-0.143580456746855	0.0985862304394132
0.0186700144801568	0.0113140187876256
0.256817251953902	0.179788390538134
-0.055831974517229	0.0359068419343631
0.424378380167366	0.425076265800387
0.732338042284682	0.689580583123356
1.2566961294066	1.99105382767243
-0.286166377156169	0.341891348665457
-0.480230365187758	0.556331122265412
0.374695221690269	4.40796242777193
0.55991621750293	5.94563658626046
0.334620295862382	1.87007533977263
0.293267550430428	1.15833127654447
0.0808456927302935	0.208266301754438
-0.0522704622156492	0.123746882592726
-0.584527791036489	1.92183783656123
-0.148132357045841	0.276968295395289
-0.410773061562286	1.10583725338392
-0.486643828724831	1.29098198826939
-0.797215206730676	2.60394019993248
-0.471596525834783	2.44613126896329
0.0272354248886412	0.0262129156387882
0.0156484539252057	0.0148715634140369
-0.43308958551071	0.656634218850745
-0.675779488754713	1.25545921599094
-0.23793414080072	0.269453065375538
0.0679809498126638	0.0480685574924093
-0.831691393739995	0.731558860366191
-0.819984532303596	0.791275942465774
-0.871919763104062	0.996980984230781
-1.97482696825066	1.71406257839298
-0.936195388476812	0.775014459398338
-1.37767825461381	1.78443721159997
-0.0869460625506887	0.0555894718725498
-0.529743670686364	0.501428799313596
-1.04648049214789	0.941703021127143
-0.737176459177467	0.827074588634279
-0.502759923493531	0.609952039337254
-0.0705297869396549	0.0839011561651648
-0.480195008864271	0.713115796918669
0.226233786005156	0.234789398310249
-0.740444296456207	0.697714156316753
-0.0198577272918911	0.0108719618777899
-0.0804741291845404	0.0836114318214094
-0.0765367838696907	0.0662032175277249
-1.12942182168359	1.06485717709629
-0.248578403393312	0.188564119643509
-1.03184533947793	0.920180181756356
-0.129222712859265	0.0954383677711258
-0.562585652571055	0.832953127092527
0.249702795317108	0.273888066707507
-0.406580289917987	0.742137402853654
-0.12131926680955	0.148454361712733
-0.497691035662997	0.509102439791239
-1.96076783535768	2.91195801452839
0.218548355756128	1.71662353256298
0.0268397005076778	0.0981386063271706
-0.0116766984687422	0.0333293253070854
0.309905558322574	1.62410227874054
0.0142274537939721	0.0356210590613571
-0.397936943984027	1.89768176151912
-0.409754954970534	1.85642354804124
-0.52635897947855	2.8543284538456
-0.507937198391262	1.27781292610227
-0.216338215669452	0.147208102723312
-1.43175864510406	1.92587551317543
-0.0976591549767274	0.0718158400117613
0.374140762921168	0.299595358218433
-0.397211046532571	0.388789436343231
-0.344332656279487	0.332017475455866
-1.13716023807239	2.55568292208267
-0.436474288077485	0.536182944935737
0.782439921772506	1.15968603030551
-0.328213824323655	0.35277279509858
-0.511898859942356	0.617412566556222
0.218172442117027	0.233408505039555
-0.338051618287412	0.410651881883304
-0.698866130461231	0.965406511315163
-0.778856096777538	1.1131363317856
-0.133259254571593	0.119830520449948
0.551554649963197	0.527154315353475
0.0850414699711225	0.0618607307266902
0.0862014898316211	0.0639310898420249
-0.213949520760995	0.22612303189017
-0.906749075980289	1.38510482554685
-0.5269308085955	0.817749628629114
0.260549965674665	0.283508467366247
0.751191138942183	0.999681747835569
-0.22843681352176	0.237059409219
-0.596342557079346	0.708247088281537
-0.39074068703433	0.521989554455033
-0.94534829885365	1.45956150025437
-0.679721388623369	0.937039051705318
-0.252074300731006	0.207478077222159
-1.39165191184899	1.16855449977081
-0.284408811298486	0.241645568369084
-0.680662075786163	0.926071533439135
-0.488755793020667	0.601661311843344
0.12763537652477	0.787112756684465
-0.0314720693205241	0.118110614365019
0.0684714568600905	0.24215396502776
-0.0418971909837444	0.118540291459923
-0.0952113183994672	0.2840080473961
-0.0277381217185552	0.0712780826291508
-0.377088628846469	1.91720558205718
-0.430487262931217	1.88669428005601
-0.40786242695479	0.39276441904881
-0.648146053475497	0.555314660794543
-0.189744137114363	0.132575987473562
-0.0533294048550969	0.0353755578490116
-0.473316419906005	0.373838775532335
-0.645144409309742	0.506654805491706
0.256797822919737	0.228250018354401
0.220140640563406	0.229886183956765
0.048481005273273	0.0471387350268832
-0.0521316836106271	0.048538172027473
0.0179866230604431	0.0172395255753646
-0.0440968108215127	0.0422826760965357
0.526102830331401	0.777332874346531
-0.327936026208346	0.352419427186289
-0.248721246259411	0.279866419154836
-0.12140059923939	0.13034542976401
-0.553345585974375	0.833951890621228
-0.19095871344593	0.206822866369194
0.165650662973989	0.141222474289486
0.168866744769284	0.130172570850384
1.82857955233643	2.87736452160667
-0.395761543951094	0.490390105627386
0.0422409649241928	0.0381862066533902
0.0423522145826245	0.038318674098233
-0.811068544746254	1.19929687688858
0.187866515455677	0.157260528898245
-0.863646688291102	1.33398392007945
-0.361320697223577	0.547728970123191
-1.04466647435658	2.20438776275632
-0.911070413686814	1.68674180903419
-0.450380025724777	0.513758298675771
0.0981389795439812	0.078795661988921
-0.0708968042466413	0.0458323400640984
0.149102438855146	0.105601992881525
-0.322386236836931	0.37119785013508
-0.341253388294162	0.363306870147526
-0.574182869316333	0.692839871655553
-0.611177229488689	0.632236999214573
0.0435371386302118	0.200610998123472
-0.00938093426487844	0.0323341651315352
-0.125627176101021	0.524719868006453
-0.0799871909763851	0.264920192475508
-0.237003071176271	0.988536006271358
-0.217722323130992	0.861894602358582
-0.282849867990245	0.994330129179918
-0.388423916436722	1.58576205298461
-0.39050726150066	0.373127103856394
0.147378052641966	0.101470367082833
-0.499967598147502	0.425682937313421
0.5899217157596	0.535006817326524
0.172628307526932	0.14698391051513
1.0881371877856	1.53106280691294
-0.353816346807695	0.336424938060601
-0.529994612633811	0.636139772851511
0.320593090225334	0.341466878683064
0.382596783604477	0.460461036113638
0.582037912675912	0.823084817253607
0.0496447337646249	0.0469291164984518
-0.351696993094477	0.478263778289807
-0.272117007747389	0.326667789044889
-0.115057819253625	0.11588569333222
-0.0947042544729854	0.0953497603742765
0.789034936930535	1.44366242816857
0.171834295081885	0.162192625763969
1.75119081194037	2.10511629488973
0.262506421860246	0.225460940021987
0.103525642325404	0.0983619027887351
-0.149871121398314	0.165382781336145
0.687802282985525	1.04630297676433
-0.201997627117901	0.216801489937168
0.767654531171715	1.25208044054206
-0.273064350677597	0.299529801615442
0.0483556897980992	0.0474374230353803
0.598872595752246	0.970405677497994
-0.748750212741112	1.19675071261038
-0.0993163741835432	0.0831534381358365
0.154124737367988	0.104670430086439
-0.11406820810587	0.0717156756707334
-0.126669728248809	0.0926923173143335
0.322627815801917	0.378444260534813
-0.335930227150658	0.358510912166939
-0.395063640571556	0.402586934592806
-0.851021468428733	1.10338433686811
0.0567352760340406	0.269729502700488
-0.0114595890938544	0.0411917372732296
-0.138735243246177	0.573773931649591
-0.236663129771356	1.04472008400912
-0.128460273340548	0.440977769080092
-0.229755780545171	0.694511465817633
-0.453082915801933	1.74080522133011
-0.493791595692977	1.36507615536606
-0.321093264017121	0.979283133115742
-1.07674686091976	1.08636539390301
-0.613228699871356	0.623532136537852
0.4513444632144	0.381287021080056
-0.656893082497745	0.916763271052013
-0.966850744635027	1.25220294709329
0.281984968564478	0.303011109053649
-0.517571985259989	0.612696326486187
0.321504494726526	0.372285303334372
-0.338611897987463	0.384623618584832
0.277053768067251	0.305412947769053
-0.172678169626342	0.193762281506294
-0.266888599637869	0.27137879271093
0.317523156818533	0.318911878047805
0.828326686606338	1.3397776762129
-0.0589004003270777	0.0528916111092343
-0.0232014709432987	0.0229280062993965
0.164131498670417	0.154949852192791
-0.303260042583738	0.317704388686086
-0.634490217274167	0.536639375974169
-0.0839722830619266	0.0721341306806476
-0.390922011142153	0.49465352828203
-0.962745555809147	1.39635389441581
0.180923429282873	0.176481071344858
-0.0115915626184919	0.00952889907474475
0.902359202571461	1.27378285584418
0.397677301615988	0.411625430467865
-0.8488699470581	1.38549783107861
-0.778908278560917	1.17273036088939
-0.398429904851914	0.514252957945846
-0.00347588710832355	0.00291229591125433
-0.739633236504437	0.715291176117595
-0.809031217454275	0.899548333647659
0.505786548813521	0.527407611035086
-0.803163929045923	0.995706925789515
-0.989651305810224	1.31412501023926
-0.287136029298545	0.287466275783463
-0.631503617403282	0.79068925047235
-0.446341963730608	0.393494687933682
-1.22126374111196	1.26072640292424
0.110010343288572	0.660574143123726
-0.0443362030390553	0.174344855479491
-0.107336705382727	0.391232877917931
-0.208372404493644	0.828750433384732
-0.0849891920443903	0.223137690396789
-0.285737512552454	1.06472402261164
-0.355443135359902	1.32896991261499
-0.953748455891807	5.67093469297903
-0.522195313507882	1.96045634230269
-0.577621333103511	2.55337617450559
-0.334497021267028	1.0392453134759
-0.480044413134591	0.608859516832794
-0.580457226707096	0.806695198149826
-0.459194207995634	0.597934305981326
0.178176804430447	0.150693518031393
0.720113776929046	0.886714788343416
0.447456758104735	0.549429692464792
-0.456678814225458	0.495843512234845
-0.769270756907946	1.05426836654606
-0.0349185408068757	0.0279559371525802
0.263296131600141	0.227589777236026
-0.066727229045588	0.0600256096855483
-0.162533571629098	0.170685164247475
-0.0175579871530156	0.016685454154739
0.0633904390581023	0.0572033947046596
-0.5026106088654	0.601601018460976
1.06919917295122	1.87667556142022
-0.0704865878144135	0.0597488617204062
0.857344099480945	1.3611468997003
-0.00438358857903593	0.00344277381403053
0.043807848683464	0.0415344985638719
-0.761432983169127	1.020999976772
0.0943053516392569	0.0681092165315084
-0.258686320626265	0.26336452878385
-0.371004187394876	0.448998666286976
-0.67942716498644	0.905026708723845
-0.199773360030543	0.190331090599822
0.110532798644451	0.104975079352724
-0.107358560480464	0.100008289108365
0.291887920423335	0.311757552138522
-0.699778027595187	1.12839953418201
-0.312733997744114	0.358649900432416
-0.615016080861501	0.889670108051033
-0.600332421742866	0.857685508296208
-0.11748466911091	0.0970285072184869
-0.412108709560741	0.362322916222087
0.382886829143435	0.403949804723777
-0.142770871753937	0.14652795850307
-0.35377618640167	0.374532442352489
-0.319251271220649	0.340523449680698
0.0218435428725749	0.0878857106599382
-0.05323359029718	0.204757928685259
-0.0112495073595937	0.0314420887974984
-0.135905457476427	0.419831593235764
-0.174424251217994	0.531348852406058
-0.409641773529377	1.73463086073677
-0.909728027945996	4.56959484983084
-0.82143732929853	2.41782823913457
-0.517273678080613	2.00989319132407
-0.250046534349349	0.689653412475912
-0.43118050235915	0.602452880003555
-0.12729809855269	0.116231166232857
-0.206962288811165	0.201862695369684
0.35834204844387	0.315942305682864
-0.0768414827050779	0.048165002709057
-0.0240553572534465	0.0127188516745775
-1.04405908820661	0.95533894013365
-0.41565227101548	0.335798511775406
-0.834321326823583	0.635436573657109
-0.153562623446276	0.110403276621578
-0.114615305896464	0.0958661751918379
0.277066031932431	0.302765534511239
-0.334209925390982	0.397968707371089
-0.0376145368758361	0.0300044814039985
0.135137578827595	0.147071314917777
0.160841811589801	0.160591595644593
-0.0788357175970628	0.0773556225591246
-0.84864100067198	1.1890006093852
0.204224509227349	0.213393060523637
0.62127953124853	0.8311643310613
0.0983730036280889	0.0799433855400734
0.353419613237477	0.293587766184783
0.41461323599845	0.296182633100752
0.713492816101774	0.678299975652123
-0.328519361205727	0.344719049537221
0.11623270940397	0.101530286314851
0.359541348561233	0.429112692558656
-0.223337072128997	0.23104126546795
-0.174594167369841	0.13922424094802
-0.324518328120119	0.345700569461081
-0.173559771923558	0.155639560422445
-0.722928119348561	0.999121175379675
-0.492300070899033	0.716006979921683
-0.281291538594212	0.258035949292564
0.0446322671193918	0.0288158109550879
-0.263426520639803	0.181067001686311
0.0704693333309168	0.0459018235212016
-0.139744425307491	0.126333037412909
-0.514405471372925	0.54078808667655
-0.00321444046352982	0.00166508785835966
-0.715390099764672	0.535064025903988
0.0063556064159495	0.0234420094056345
0.0539886568038744	0.219759568890958
-0.0907778072778222	0.283985993117995
-0.192136060154256	0.686948639005708
-0.292241518427091	1.08987058493085
-0.589085393538872	2.7012096130901
-0.278071006808125	0.493975791487669
-0.227896274963871	0.65406358343432
-0.32069167522824	1.02075991201286
-0.279657331992405	0.33205092791128
-0.706210533076634	1.35131745268719
-0.3864685691702	0.438293683447068
0.721296584422246	0.945823956688812
-0.629059690503746	0.764014300420932
0.270779731878211	0.201300698545733
-0.445467973493806	0.251306551401699
-0.568340388666185	0.478821518693514
-1.04378930102592	1.14378167542651
-0.0636808545332376	0.0422145786517236
-0.654669170900426	0.589238182703671
0.507237610733813	0.596815804973427
0.275577488631597	0.305414910458266
0.146758562322634	0.161642999044916
0.41332512949239	0.560521501829215
0.718077750342046	1.17473189087007
-0.848483203544024	1.58311148627825
-0.326417003157819	0.350894480664565
0.341365492741506	0.427358533637925
0.027728506502707	0.0258857020402734
-0.13339297109974	0.131926905826777
0.284076502267748	0.301865827273444
0.990152562984256	1.38408369934429
0.433860806636792	0.283568943975451
0.811567910191752	0.555148446668312
-0.025968231759265	0.0201400268673841
-0.380487297004916	0.460622827073634
-0.189916982641124	0.18422073927421
-0.0601960833095548	0.0536645039910889
-0.958924892731873	1.32149828936933
0.0653080888688252	0.0596679463686396
-0.402598063984655	0.540789874190225
-0.532112379060758	0.769275295751401
-0.317868047079818	0.396408842599246
0.142931658489878	0.0937742391056573
-1.39344417671172	1.40225042528975
-0.0717295928359617	0.0357638185707838
-0.477086115987195	0.456078630005474
0.609308068970787	0.70773463498344
-0.294274201937251	0.349617967440505
-0.393497329692215	0.40043066914302
-0.559910686132662	0.438195320003669
-1.22805296767194	0.73429794716178
0.0762961668975239	0.390704745117433
0.0601484014975972	0.239266346877722
-0.0665982035111915	0.227307009042371
-0.127865917458728	0.427005761812819
-0.428144606037353	1.96770532355082
-0.113295182112306	0.211380952889245
0.0118930175977828	0.0273550024231356
0.219282513903187	0.745780573080654
-0.170580950547488	0.241843170365085
0.000388341236861339	0.000360450903850695
-0.192071722672556	0.197702314577324
0.259644377785307	0.204651982605204
0.397553470659721	0.277987831038596
-0.736439388957619	0.647054618983499
0.468862386704983	0.488412440827768
1.04892188387939	1.20686931770561
0.26485654390689	0.228259000978745
1.19690212559956	2.14535404953622
0.351138328122961	0.465140967271922
-0.103970358129351	0.100433116163449
-0.233337659884347	0.271896893448103
-0.474604797681469	0.743770932859509
-0.0408748218055375	0.0470688116537567
0.861271560391835	1.59347892456821
-0.41539001258821	0.491334580595714
0.186808673742467	0.217501103847255
0.349053203863724	0.539983899074516
0.070713506066105	0.0731870590271347
-0.0840807214481678	0.0725556497616773
0.62136780681041	0.566835328653026
0.102092914148172	0.079424274271852
0.397456446480012	0.508360676560645
0.704811692774471	0.971109040413207
0.114686113776652	0.112885526443836
-0.428498537313143	0.604993638897233
-0.145096220975803	0.133418662443546
-0.280873490957987	0.336799416413225
0.0428517306490343	0.0435866421810331
-0.323476532039376	0.43106417868314
-0.399016935597135	0.55592349554924
-0.552560629980022	0.626230770586307
0.738527000605264	0.819077458106141
0.314784492336423	0.159800318309179
0.962359767954104	1.22170567588249
0.545005816096688	0.74362529123882
-0.865498535843587	1.27075155030791
-0.318873176042647	0.361768769696642
-0.0406459449855832	0.0324551467162079
-0.1251928743183	0.10429567932581
-0.366227375451315	0.332481907856544
-0.207669867883556	0.195759106243049
-1.19303524233496	2.07191101082702
0.112673639292568	0.0964623215966247
-0.345558169061033	0.286057865468503
-0.0177993054350824	0.00981711303557948
-0.507570928249516	0.441830513455103
0.00193429577115951	0.00705753763683866
-0.255675822761504	1.70749591006208
-0.406036569002976	2.24920920409052
-0.373199377983559	1.5689399048328
0.0523148604281253	0.0804157218898243
-0.0357877786683438	0.0822201346306576
-0.0628476274686357	0.144264543562109
-0.497173266350721	0.79871513298237
-0.0381742583751644	0.0339157907169968
0.619779970608963	0.867802408610293
1.71608264343448	1.2858115712843
-0.312869005643301	0.201162082927629
-0.21898392718194	0.147098893520048
1.50243299787658	1.76567733361253
0.126077013990706	0.070021637230765
-1.18805640167233	1.01715181515759
0.642026126051624	0.838123375897415
-0.485672529707768	0.591651431453744
0.7877118477506	1.30356263330119
0.58364392013523	0.924806900099705
0.0752574533082487	0.0829801556456935
0.0333094694255781	0.0309540016521431
-0.401611884905374	0.548635151817978
-0.0717730083736037	0.0625084903435666
0.23065748337203	0.23584831457961
-0.00604716199047551	0.00502349470195476
0.476963784835438	0.622326780333814
0.0900758528877199	0.0701988357881045
1.20579570024428	1.12001746340483
0.10276962795574	0.0488672257867107
0.624541707258404	0.729952643534787
-0.0651828882697201	0.0684193211474671
-0.152500353896572	0.139912700885444
0.674403642556048	0.909595875444993
-0.0587912254456517	0.0445327668996788
0.368230283989304	0.388570756955046
0.00606070735107518	0.00532398124055715
-0.108106812556807	0.102034390653447
-0.0960654670885667	0.0864387461246696
-0.29827351445272	0.269181987406573
0.134278319539875	0.0755627824070852
-0.103581140413981	0.0472683673824644
0.277150661506586	0.191871541748654
0.237950576894476	0.205063361780696
-0.12829413570157	0.13466365132086
-0.23119964956507	0.200147903700458
0.145272990098374	0.100787814924254
-0.992680854904673	1.27192762235898
1.21915333615841	1.58892608836999
-0.369903021388046	0.303563023368342
-0.526527237481725	0.374096767060589
-0.231516284849385	0.201638465940726
-0.122939050615549	0.102049021326504
-0.571170889904054	0.605094745897448
-0.931742134493367	0.846953536499059
-0.24033436291121	0.222246997438289
-0.0845940503677484	0.0638001265998548
-0.342086526018005	0.338619812775498
0.00502510029916099	0.00325859828630051
-1.01230399665695	1.02388094024187
0.590640469391781	0.538746729668245
0.0672040637639418	0.317824194754272
-0.116428997168716	0.550833146239292
-0.171212506185261	0.683477815778897
0.038528992244732	0.0803958263426103
0.218400254721622	0.914604089487145
0.132413846762898	0.175845122728226
-0.0347458957444867	0.035345636831649
0.0116121649594124	0.012014848787681
-0.316271033958008	0.387171354272783
0.332894007176881	0.5769769176654
-0.681121360762898	1.57202690086204
-0.117491114311494	0.127148448565678
-0.16098888958887	0.154590415150062
-0.124561426196665	0.123872200585564
0.332753043371125	0.395428228262914
0.369099922948642	0.299789717861482
0.609878309113807	0.412332797999426
0.260577035309661	0.221624818213208
-0.870746372121975	1.03220122298137
-0.740577908215845	0.913204206877099
-0.978952751776328	1.0831133412643
0.49291921381356	0.593051701469273
0.187148328641067	0.202982521665151
0.168712312428253	0.205090995971143
0.159644387410208	0.198461710522247
-0.192824781576271	0.241826765239218
0.33787627272144	0.485935838496248
-0.448731839201491	0.671476866857465
-0.39671728747869	0.464436717119104
-0.272567434308395	0.394394781332078
0.160175444941776	0.186817034090607
-0.047621470016918	0.0460708068870501
0.1867505405718	0.158945718025943
0.763445690900315	0.725594514887562
-0.509257711240761	0.431274951359326
-0.139806926315922	0.121629093736039
-0.0490505340020724	0.0445323522879791
0.354039041302672	0.498175892986176
0.237272524855787	0.227382225582867
0.476427743739732	0.518529132082931
-0.142820257491927	0.148744688129971
-0.422270408700672	0.602713752701
-0.498255185078157	0.761838082089912
-0.0644866647406185	0.0675831072815279
0.046409003647776	0.0376868303444388
0.775004975236463	0.818418194817706
0.342837531935692	0.147361995870317
-0.419068716392376	0.334936977339143
0.385211041978654	0.406615672245073
-0.183995097969694	0.189104128204481
0.228191135456876	0.224261684038172
0.477332613682134	0.516246877039269
-0.0330381378306097	0.0221316539847731
0.307978567153149	0.293054177880459
-0.184818882673904	0.147647629157524
-0.530431064602406	0.488713488087641
-0.589634052727855	0.525372403359166
0.457349590208387	0.506537913358092
0.432798139033147	0.476634613641445
-0.496402599428227	0.517059643768605
-0.252819457246585	0.23905170411089
-0.0162537411653656	0.0111255837792019
-0.302642312681405	0.289922492963427
-0.0277489698104223	0.0221641070323235
-0.156476416558403	0.0909211256863167
-0.178571795310709	0.103424328280707
0.059050862897271	0.268604094968347
0.156106503997936	0.810427766124686
0.561245558818099	3.10675776428428
0.104493974417849	0.113467231018464
-0.195642780336729	0.215225521522554
0.175123153594998	0.209545414376729
-0.658733828791769	1.46450387515693
-0.393531920237499	0.565927646919184
-0.322770722143148	0.479109194534585
0.020420567694728	0.0197833118549668
-0.427243845382121	0.588610387643675
-0.093034125148203	0.108821168898916
-0.619114515793141	0.909694404473008
0.0501037561177513	0.0445666901118077
0.481311464524374	0.56831961839233
0.785857128263012	0.894793858403121
0.268134441677116	0.202145246506292
0.249288056274287	0.199186457914249
-0.23317757705656	0.175936501271895
-0.304816488983642	0.240038503143087
-0.125001020600278	0.103525875505668
-0.254412773913661	0.270579582087245
0.053348694381422	0.0543338533685459
-0.681159933051472	1.03239432503645
-0.0641021785919848	0.0659109680665013
0.499153803326463	0.74602360050143
-0.408688697947527	0.591100326511691
-0.30084183530568	0.341338240479731
-0.0731703515433884	0.0767719884835514
0.0978953227515355	0.105106889873261
-0.334741761678631	0.385025436765182
0.302182950464539	0.346715483483089
0.36714140433444	0.395544450273587
-0.186815359202488	0.111172393787722
0.272821152733652	0.204637830523101
0.0389158812438407	0.0324139012101095
1.1607598614777	2.45064429994341
-0.217939410106578	0.207521231973588
0.0013169827334937	0.00106892747983031
-0.145804069204125	0.134315701985304
-0.495814343691631	0.540673581895428
-0.53917888812836	0.73903176219113
-0.211912901853096	0.220737954832499
-0.263242360933002	0.288414849368956
-0.457188685736341	0.451532801000715
-0.559884048451725	0.476227003804222
1.85574467162456	1.62222155146716
0.469582877298327	0.420225618150779
-0.386098796455002	0.386962770269856
0.160350288676456	0.142186353459216
-0.0373523987102179	0.0293811298724015
-0.110053688708036	0.0978614345839129
0.0845314654407939	0.0608252482484609
0.152724550160672	0.110198215414524
-0.668160229847557	0.6617621258231
-1.28977394548831	1.20700562751155
0.383403174483867	0.30505290638706
-0.535184085994447	0.40896863115855
0.150109160135374	0.10426635678708
0.304627190177826	0.292116021450683
-0.0978698559008153	0.0690253764945313
-0.43668815540129	0.446936208783751
-0.0826409258464449	0.0617019683559762
0.259402723290128	0.207969444932011
-0.0677601805288872	0.0492257844697521
0.0471972835968592	0.221351590871308
0.131181135532571	0.767533297073461
-0.486380945798711	0.584916555937219
0.331788341664506	0.365939571273154
-0.311116311569456	0.440641443654296
-0.132265143315136	0.177838954011424
-0.152109609128546	0.171955459316916
-0.19816846733851	0.268070669769799
-0.594459031840881	0.95917509219985
-0.366782304668283	0.419177553221195
0.112573114180596	0.132608451631427
-0.165133938529319	0.212248974671062
-0.36521144197027	0.528578799404265
0.00210518065277914	0.00179881666033716
-0.46784788315776	0.837143998984507
-0.407595756815769	0.600901780695805
-0.0757121737872987	0.0799517376907123
-0.369787057585418	0.56903331968919
-0.254892246571868	0.336338662203604
0.0278981919022275	0.0307665955533269
0.120026475125319	0.118140031155879
-0.484385051571422	0.656045637502823
0.366505990387286	0.486847173205827
0.0362614310894004	0.0282188607013038
0.245242921258824	0.310823581124346
0.108085171410014	0.10389802776466
-0.496064341800063	0.587364187994606
0.0102196713841992	0.0074881057237405
0.0525003681102741	0.0441172633765459
-0.75095496113981	1.17243659881746
0.00427510372886153	0.00352638632312075
-0.433511554096582	0.51536662047841
0.47505451541764	0.703537295643843
0.46023434581766	0.732170045482442
0.062748408865927	0.0645438050259775
-0.0700011306840163	0.0696900685623736
-0.293961991356953	0.293479982886572
-0.0153839937528263	0.0125998476349236
-0.125078362312105	0.15368917529158
-0.591706031743224	0.768984000004319
0.11277878394773	0.100369494923512
-0.462392561585974	0.541050840156881
-0.511616006975027	0.591489529596383
0.173020714396593	0.155583240018738
-0.41496619662073	0.553250125604991
0.227890904572661	0.227566834170671
-0.374564563944976	0.481256987958524
-0.210013580633123	0.232191675069318
0.171408949865369	0.156086386684956
-0.23270556642774	0.240932984453402
-0.174348437851644	0.174374323662127
-0.829587580725133	1.19927267684792
-0.279224945129123	0.143280685700469
0.398241200767332	0.302063893175718
-0.217116752762467	0.0836858719890332
-1.26027893227582	0.937234366240838
-0.722566360602009	0.51600341716358
-0.913821008555103	0.860559497412444
0.265828479253993	0.201892215655557
0.270923354383316	0.205604906732859
-0.158086943547689	0.126625543031758
-1.07947436406196	1.14511254133293
-0.105334876470585	0.0648068493009625
-0.554389402157583	0.531380601842767
-0.364981089898978	0.326323904117557
0.119875922015865	0.780096028419385
-0.000331873906981126	0.0010489694477023
-0.447645116693151	2.3955751702998
0.0793278005648788	0.110896068469502
-0.572903901150841	0.777519666629883
-0.482226715076832	0.526636316667365
0.0102449777170834	0.007318029238475
-0.658200676719901	0.648494211880261
-1.12956248592643	1.36753429280382
-0.123438973542268	0.0880520317506394
-0.790604895582538	0.807220682806102
-0.751764334914455	0.929567290191648
-0.699500294985817	1.43953311019273
-0.420663168603337	0.532554048369708
0.289636949587651	0.462136445163314
-0.145669782679071	0.126325213289145
0.164897568959743	0.126153733245751
-0.695414640258081	0.807255793296378
-0.701507970058849	1.0933380467432
-0.10222287391757	0.116738211991573
-0.166136237621126	0.161776205873386
0.105224157344364	0.146801547001759
-0.0624055057209342	0.0870439097081272
-0.192908572269086	0.338667416798252
-0.70187111663149	1.94578567588065
-0.144029942782896	0.248322549070763
-0.149187152879353	0.258543719855245
0.150675411237681	0.197247006362266
0.484951903310617	0.507099731959333
-0.522139987415172	0.564390408505566
0.400691833346346	0.305510863126058
-0.354657589629385	0.342420117310685
-0.81292096679961	0.838707289235385
2.20870411456534	2.39169007609035
-0.0422326552313392	0.021903934345753
-0.366726148872355	0.289321442810994
-0.738697484394318	0.702853301931265
-0.0465829766086554	0.0305503224286054
-1.0322289727426	1.22469176215415
-0.0730809185090217	0.0643968810859522
-0.0366694699069308	0.0537360582478273
-0.644218461502951	1.25311548613532
0.198102448846287	0.20326971271113
0.269694629596519	0.19742676590285
-0.364952630927441	0.302545484402593
-0.239244126031318	0.320251096567221
-0.50534896115929	0.783293647024033
-0.0638641945303783	0.0485357833593235
-0.538896644914468	0.403518464460334
-1.06596456434188	1.41631837179795
-0.0850399732298748	0.0557482072714802
-0.265767110604111	0.451269908270812
-0.277533304403522	0.36695872968169
0.299538718361265	0.651570543164547
-0.818270179383274	1.94733461154337
0.454874938425673	0.491120817193378
-0.650525545027441	0.795336464909379
-0.307389860032658	0.198579301338934
0.502960149975364	0.689990213186919
0.455781402727788	0.167900327425104
0.0984758276116217	0.0297093562183957
-1.86578224026329	0.789266212193223
-1.16596771366689	0.370238974932709
-0.594069883165114	0.245822164998383
0.0812373235908491	0.0301030704854667
-0.744385829285162	0.930342228435476
-0.822701877731523	1.10703252739618
-0.634391777894436	0.773708155778716
-0.541052158073904	0.297255157900361
-1.55910943009502	0.844421675992681
-0.219321710929349	0.15361811410984
0.0924910316289127	0.487302038158573
0.213352352153503	1.2827083027242
0.102025657141909	0.193882696566357
0.0523073989738687	0.078259899766149
0.273711750230538	0.498681009703441
0.313669188251371	0.557427633489569
0.0274712369436968	0.0361075693479158
-0.321838694994838	0.583384126689868
-0.0917396069459591	0.10524416210157
0.199591286565543	0.263025730153383
-0.173651395779071	0.199819296424046
-0.347653555667407	0.558488392782144
-0.172341749369533	0.276792194456588
-0.636967191903361	1.89624711982689
-0.179338993081192	0.262206511943695
-0.341481206512861	0.518467110793466
-0.103048105739883	0.138554380519132
0.0265556230925605	0.028703561022561
-0.32537622022637	0.505921754947048
-1.01363769691067	2.6443224235613
-0.544991045963995	1.15148244758021
-0.160194950282658	0.225064502345327
-0.544727007713644	0.938992574297281
0.274075328375156	0.294862539779568
0.17644395986311	0.149346978962793
-0.644274982735326	1.08748642028653
0.0879975685860202	0.0806653090465367
-0.782148252137222	1.21678818325889
0.166604249734566	0.167244579300467
-0.576973700755347	0.826909716437088
-0.312278922890356	0.447363093436252
-0.0710488216721959	0.0786117211783615
-0.0581115360097043	0.065329123106435
-0.214268216188826	0.238853538876314
-0.231054102882504	0.262376456322015
-0.0269113128282674	0.0258528099260683
0.427801348616402	0.482221302420936
-0.37463601069229	0.546956166210487
-0.000528627194253389	0.000416460833579992
0.219413020844464	0.253936687733274
0.8527529513054	1.3198167148033
0.108406314576564	0.0886594094803118
0.0228353062516485	0.0169544390980557
0.0430178442846524	0.0438584953087498
-0.720056787509458	1.34591085419868
-0.0398612661826082	0.0393692933185224
-0.487120892459067	0.675747819348949
-0.319196196834345	0.398835338139424
-0.815051887024105	1.41108849240889
-0.38654843236144	0.47988053458262
-0.171265331580376	0.191478301717716
-0.238327260566268	0.271769586049731
-0.0546858790940802	0.0493798441238354
0.47486481772258	0.578743559826332
0.259798857135563	0.182546330486848
-0.368599423073682	0.377260505925387
-0.31664794326341	0.417785660343171
0.195748725683159	0.212391330593235
-0.307555875169577	0.300640172155454
0.344811204859943	0.306656108124459
-0.440002036026364	0.384278029977139
-0.0624762233987644	0.0414510333507735
-0.0564973540483944	0.0417577399108775
0.160962594344952	0.107015559723792
-0.236556280977021	0.183044072112042
-0.736999420086568	0.794060131671058
-0.584144848025131	0.553128263482606
-0.266777186710196	0.242747803495199
-0.132392924694049	0.104198731473881
-0.502371924737926	0.500470004032659
-0.284869037580498	0.257611243691256
0.0330343752746918	0.136878423469397
0.046292032611219	0.168472376067595
0.173605820728082	0.667188937946172
0.100237266707073	0.221993095268812
0.0174247624081962	0.0275043088313817
-0.15812955258743	0.269594541617737
0.13000406901088	0.213751204854688
0.153100508622415	0.259926783045276
0.180338083172759	0.264907563885495
-0.0588396158687629	0.0706277418946459
-0.218143984387472	0.321498097875539
-0.495705663050105	0.967361784954914
-0.0409572298499077	0.0519009683302199
-0.892112981087501	3.17534711253301
-0.510840386871303	0.960083963279421
-0.0726729754448054	0.0868253805383085
-0.734167238442589	1.89578931002663
-0.663167568022016	1.276620111125
-0.198659929874818	0.262607391009933
-0.64424690572041	1.3696951203827
0.0846638768420026	0.0932390116331962
-0.654140683016402	1.2277017126165
-0.582092151094675	1.06639043853118
0.305707641778255	0.292593986305996
0.0859250594869382	0.0621976494096219
-0.821944452502795	1.25580015060348
-0.373433994690138	0.408935809916779
-0.361144419519235	0.409078974603775
-0.287812208432164	0.24111641246597
-0.616654846078173	0.961555742889925
-0.446043604083955	0.758692659962856
-0.261754947321257	0.341866410381883
-0.484946394548416	0.837727649661826
0.165029633569833	0.21173861388035
0.327064864003184	0.480254202538245
-0.279977130264331	0.354214077131882
-0.034074216292943	0.0355993968704918
-0.211166822588276	0.295339118766232
0.301198447415215	0.400347192857
-0.29885666421768	0.395567243484394
0.178764497807034	0.159725710804712
0.0850216830987044	0.0573301938901181
-0.282878595016646	0.249169250694349
-0.118441702211327	0.114738798156402
-0.0856026252586041	0.0877005734729651
0.719842416173573	1.19290569135806
-0.238645662464538	0.271003939260066
-0.688205044809462	0.958141105408406
-0.541798792383321	0.852907842712437
-0.426823385106593	0.590544875723944
0.216388380014423	0.259655827423358
-0.395802166217735	0.605485651003039
-0.147033256188592	0.150397296155162
0.402657237534863	0.410211684572851
-0.710462837820561	0.514362444985556
0.36870654303559	0.309000563130196
-0.673398599626885	1.0906977431708
-0.36102554022123	0.498512712295157
0.100369253490716	0.0900349126966067
-0.125208158266668	0.0998420819340547
0.256850121585729	0.229495445530505
-0.433523855484613	0.298533939288159
0.157172087935407	0.112167146725284
-0.010165187025347	0.0068282836750832
0.152181885114598	0.0982973925383252
0.0234395237239623	0.0178184541116601
-0.409812658656269	0.322058506844378
-0.982503495014393	1.05592992275207
-0.300234432277507	0.279409997249393
0.0394400678888094	0.174778757008075
-0.0766209971837553	0.334158994483886
0.108587747659328	0.329518087277162
-0.146215690440257	0.423226680285132
-0.180421592163364	0.524457636192271
0.216951181519215	0.566941151339716
-0.369027052610453	1.14774421985448
-0.597963170354185	2.32045245790124
-0.540024160217229	1.6059133892755
-0.384716787205478	0.866063689263105
-0.501717903437256	1.25332922242866
-0.205392531376762	0.397859334473905
-0.386948406867994	0.969158701309048
-0.663846357028314	1.78769885556631
0.0300505878650248	0.0376613066205272
-0.317475102440318	0.618021841424086
-0.908177550174666	3.06629491064055
-0.911595472205978	2.84822980948111
-0.694942053424422	1.97765042522369
-0.325240913871418	0.493103082705882
-0.777657283177726	1.74725446378351
0.0806470553905464	0.0964894036029374
-0.357257318251284	0.395877470374208
-0.0445639483491054	0.0338252396196692
-0.429479024401269	0.52438460032104
-0.663079695575502	0.863432802570909
0.294210390641815	0.286758816146578
-0.136683816759274	0.11621877357278
-0.455861786980678	0.713562272499106
-0.756700267494623	1.70075657944477
-0.0444490058911542	0.0510036877612094
-0.249872697203274	0.401930685076257
-0.589419125418664	1.23096550260139
-0.442925318143402	0.794157877174466
-0.0503633103988673	0.059324274611514
-1.06356000948955	2.34736329250738
-0.089596390863189	0.103090910203898
0.11973652724514	0.151344248884088
-0.0311367926500859	0.0313099038917849
0.000861851184745117	0.000783993451785301
-0.312625502620784	0.249103128765643
0.0868323072645351	0.0676854336943572
-0.0290467136939479	0.0278186599255609
0.546157380218819	0.974877485180916
-0.312135859664287	0.43940156543442
0.269472662057537	0.335575004168845
0.0143503555685679	0.0130367116133014
0.210506033254749	0.247647635016164
-0.457945140768056	0.710908808466857
-0.782811623762795	1.57743347187328
-0.578016974394169	0.943485783774829
0.174544422328416	0.168248381231758
-0.151631752103165	0.121884552312748
-0.49565211986707	0.409446856836896
-0.0640545210378847	0.0410250928023178
-0.335826148603876	0.409492737879374
0.869714371455228	1.55367818125819
-1.15274359283961	1.87136922606582
-0.219150282168893	0.208767324113883
0.0977815915452262	0.102007586333751
0.042871161972927	0.0363750194691979
-0.271065160004907	0.225415443081249
-0.452332126157389	0.554346239301202
-0.88485939922096	0.979019666662504
-0.497235120623621	0.564992744014497
-0.308924319690841	0.325461471266283
-0.479062245465001	0.455432540310639
-0.263319639725909	0.240623825399828
0.260806143877551	0.231246325717502
0.173507715768115	0.168284845204834
-0.137022305315553	0.126617429506587
0.17739963108562	0.151027406986386
-0.117595561125304	0.0852007977543695
-0.473892876943157	0.568226314172836
-0.193977415905874	0.165907898433237
-0.116072074737179	0.110632967688103
0.0985324073218617	0.548541847387886
-0.0160889751662836	0.0530712016482896
-0.0543889462674816	0.156912807958425
-0.311736798515678	1.34978659007778
-0.0836582293303317	0.19818456422366
0.0436627157839068	0.0928438901227902
-0.435194604466488	1.63536651595745
-0.338350565777539	0.922664518030778
-0.446370629743597	1.40956968479196
-0.330356588054046	0.894571020452352
-0.394558775718239	1.0693138135708
-0.551807960504276	1.75543107975362
-0.68176250199151	2.7646436345442
-0.832203130235226	2.39787281172859
-0.14916542395956	0.20738494459028
-0.355826334490367	0.77897851046806
-0.593301957563221	1.54287965176317
-0.814002882635928	2.17437071694377
-0.717688700875567	1.97949613359372
-0.316897375224822	0.436837349415544
-0.0671983456519199	0.0663504760143712
-0.613131499634819	1.23155036005041
-0.535283146852795	0.654110963016768
0.661279291642713	0.834028003634167
0.101798945922034	0.0875629274265995
-0.322831846640653	0.334823588947643
0.170443269618154	0.135430837568437
0.109568063616979	0.0872747961362907
-0.432913325084462	0.522517002573559
-0.284564513282899	0.417611111398769
-0.130472804637775	0.179627222710996
-0.162016417286088	0.210276738248102
-0.169024371233366	0.228602465687611
-0.51124667609167	0.856417135911316
-0.496019820318681	0.78264388064326
-0.476378939895845	0.909683845868041
0.153016637571244	0.192439373284789
0.0555875186437654	0.0548223282404951
-0.331880137828117	0.325139714396251
-1.00929250310511	1.01111522901778
0.364227081930487	0.31275901171267
0.344394415714751	0.41045485107472
-0.165839990111984	0.188569536919841
-0.609626651554587	1.1000612592203
-0.682745829756017	0.928227787563041
0.111792381877907	0.0996493941382452
-0.452448664550569	0.603219906630212
-0.356307015298495	0.490649471485843
0.0592615827888626	0.0625499896009704
-0.248717748226406	0.2229538058123
-0.131556632852278	0.120482616850016
-0.490847445661846	0.770496487762228
0.462756556806201	0.549047350328053
0.268377543738768	0.285417679183007
-0.338158388157834	0.39954977100732
-0.682902382300569	0.942616359682692
-0.455466353168061	0.501567281279013
-0.345191512832024	0.361816906136716
-0.010114957931241	0.00836995984519291
-0.123780996653574	0.103204745034051
-0.556634435621467	0.637497838596
-0.213082685762209	0.218531069036292
-0.0565359120224161	0.0427513350640858
-0.127541615309301	0.11733537235597
-0.00126981502486341	0.00115842958388862
-0.581582655330317	0.651564425865025
-0.455960681642868	0.536744882283059
-0.24679284598438	0.229763835014977
0.0297299198575772	0.0228079710150147
0.298700180778232	0.325666935652396
-0.387877668093603	0.439553823288435
0.767372069723821	1.16789610280005
-0.789494607672762	1.26397160441127
0.066587746323657	0.315925334544114
0.0425108587973719	0.16432880745961
0.144328116853445	0.564230938015023
0.012533042302322	0.0277592202963449
0.132778030842867	0.36532041949712
-0.344588853396272	1.21197942746855
-0.0307849256304851	0.0592379902337912
-0.177265552837992	0.402033459055987
-0.08813449125813	0.157761684527478
-0.626120283666203	2.16380872727566
-0.262147526192033	0.607687779315477
-0.570503645271987	2.20886605650696
-0.529572515277657	1.43890413602294
-0.265352516076596	0.339069673387393
-1.0643184546773	2.62779172039649
-0.283776209867591	0.504229371940808
-0.68670946004173	1.61451178712393
-0.33049206237369	0.534885995066175
-0.363307057877917	0.699409993651527
0.0887040716374715	0.0899664459322314
-0.249455874202497	0.268941613818782
0.23014517724406	0.235838051804778
-0.399644842948965	0.388419219425599
-0.0488812765214565	0.0244683577568802
-0.179220993214714	0.122480480668565
-0.0805179814192725	0.0519761609164748
-0.540616873070959	0.419025100307786
0.628275134414402	0.562294364371694
-0.167615823267869	0.189147932815325
-0.257326542691258	0.292533985347775
-0.724896159259267	1.3121720880651
-0.875128494184408	1.83619559016952
-0.409533844068813	0.583678410786622
-0.171497013500686	0.1919191607777
0.619387179171221	0.848670569688151
-0.452672974549324	0.526430075603239
0.273572440576605	0.220534337992227
-0.842453412168475	0.496464344097513
-0.67580237814775	0.341654203452474
-0.810563247469072	0.778151710968067
0.700042354738923	0.948140884534425
-0.0638816709365509	0.0541293211568739
-0.0791319984729398	0.0597295925678142
-0.12385143950364	0.102547546549978
-0.356458018249457	0.402740809907271
-0.230739947582687	0.241802143831227
-0.725178836843249	0.601999374884713
-0.965783006108149	0.750870287289168
-1.04543745609039	0.561328552526599
-0.803218175632617	1.00807408498865
-0.116115524651083	0.106952788563771
-0.399631490356321	0.35371056752592
-0.498310343827934	0.498721479107109
-0.125766402478414	0.129799253401791
0.0564209606493084	0.0516487820033581
0.473939142986484	0.577365563849611
0.166565781078631	0.160759877545537
-0.0124109857686412	0.0119851538783865
0.111729707302491	0.0977008947631417
0.320662871419583	0.356665608075904
0.182638300055308	0.169392262390499
-0.0650748803662803	0.0572724371244582
-0.168662975206801	0.170999126176061
0.105254375874844	0.0927830818784716
-0.00532918009104339	0.00440831490211167
-0.296167751874823	0.350128211765296
-0.354629822310832	0.394426783783501
0.551172701562905	0.691906832108663
-0.0207750604964514	0.0143575797918117
1.40162602879633	1.5155863935526
-0.0909986631382518	0.0784439773648853
0.358058832692123	0.393468918822146
-0.435676554175093	0.44464954922687
0.0276531263473742	0.119190883146922
0.0401240012536503	0.1554272562139
-0.0592967135175272	0.184651107623424
-0.0657991786245559	0.186066877554441
-0.192151005617493	0.64397372499274
-0.0329639803643392	0.071323953497599
-0.182154159977329	0.4371118196085
-0.446535573669452	1.57917195058014
-0.361846326362046	1.10266690194247
-0.74925591218066	3.2653568373315
-0.699412999373375	3.04121414085521
-0.282016878326161	0.592564831561708
-0.765120609640168	1.78928498162418
-0.109499821329695	0.132762091808376
-0.277096556654893	0.544942888637027
-0.449814509160915	0.976624437198501
-0.387268255939238	0.72999635027125
-0.0566115370482206	0.0606374535644287
-0.814399014089854	1.23136036225509
-0.809338166578208	1.14192833727657
-0.906000716900377	1.24607777570556
0.0548139389349065	0.0372575942090297
-0.512113057627814	0.511043421901656
-0.239977563180738	0.185665904928112
-0.345408217310814	0.390585871663813
-0.24687429334426	0.327548450406992
-0.622198444460911	0.864956833324076
0.214539496465535	0.214830872919031
-0.0241558340922384	0.0191296472909127
0.343996037780169	0.14786641397496
1.29170677722278	1.49337835689691
-0.31804273274336	0.357765299386097
0.0529085656448637	0.0490614560662555
0.234218586909258	0.231066174045388
-0.461963297858396	0.473486506026277
-0.283711646491342	0.285187614276147
-0.00625145756179216	0.00519015931350818
0.245563389993205	0.216741372237611
-0.00292670205485114	0.00246978762847198
0.14505601234628	0.160105472676634
-0.402449393298543	0.609716767613794
0.347483559178044	0.372414474627056
-0.717590310388704	1.05758264959484
-0.0252460626919205	0.0272564898374816
-0.0553114352203345	0.0515280544796341
0.278752369546254	0.32496788524865
0.162612083941659	0.156020291687702
-0.38400383229642	0.464429879688022
0.015194491222405	0.0144434618315323
0.265323119839099	0.29267488535432
0.4034088357399	0.47807757318226
0.182647527475837	0.215508132815834
-0.05001224826129	0.0470067567888354
0.602841564912344	0.951520868029132
-0.239314739007237	0.220523033401274
0.289192003523503	0.307126280672627
0.308829941829366	0.312980693874791
1.25885625151757	2.14645465757932
-0.305199072992612	0.32784495604756
-0.261318594159101	0.309230038447943
0.0779757737356013	0.412985882338846
-0.0267223244525385	0.0993619630628941
-0.0742384836691732	0.258829965094207
-0.0366648476185984	0.10360390740225
-0.406632726497453	1.97941497610286
-0.0603845778688849	0.144225372289527
-0.342996031346162	1.21609214492997
-0.506405590160531	2.28052206815703
-0.1340281262554	0.330391734425473
-0.650094896001623	2.92595149530436
-0.181286444411127	0.335977075770094
-0.281097213721012	0.472365563297308
-0.0829916429283356	0.110732699234556
-0.404405595394177	0.981979619937317
-0.218460466624383	0.369224247521313
-0.182943679255653	0.225962509841589
-0.267526075570838	0.363073792659789
-0.37769522957838	0.467272682039641
-0.362577207130456	0.300378055565685
1.47317178195916	1.89683560569194
0.170069001889054	0.124642234908563
-0.995091430107997	1.20899917039924
-1.11217239590852	1.94867328688552
-0.336740561785231	0.415810181886053
0.0211080550205207	0.0205865845242495
-0.741265985563367	1.06170489994903
0.109781461292649	0.10833639902159
0.609136861269005	0.79330195811332
-2.35244412500364	1.29660332403158
0.546089710055664	0.542167098712874
0.622856509512199	0.734061202811579
0.053891105752728	0.0496857175539299
-0.315869490091115	0.38898024279208
-0.161874582438886	0.162544985303827
-0.280240544262283	0.303062602559037
0.264626013586288	0.348952404551583
0.0967097234593417	0.11658851219412
-0.124024969210669	0.143346463214452
0.198291209594493	0.219257732042534
-0.469575933959745	0.646568251334608
0.359138371430813	0.433593267134711
0.00718343225216098	0.00674183616189988
0.056062397833844	0.045750760552236
-0.101425953640867	0.113176554078243
-0.231746705429215	0.349062909828409
0.620604787136222	0.980681234931591
0.538632388198492	0.85590498612683
-0.158055835995733	0.17274047533866
-0.459091443587538	0.604210459877943
-0.0403579454968448	0.0354736832431057
0.399807219575674	0.417526525663542
-0.152965097698668	0.15018904686527
0.599892552261145	0.862296361535305
0.296266745849864	0.312977088195183
-0.04927054864874	0.0453559102158945
-0.106242123749778	0.11017750848364
-0.123415464576077	0.137221270868353
-0.24796646450885	0.325198742680421
-0.0270488947221671	0.11531732018856
-0.0543492144739566	0.224725925091359
0.0173749073523526	0.0479341199379984
-0.0646998613851477	0.179680107442868
0.0473034878234955	0.109399974524716
-0.441580671752401	1.72157630042171
-0.159311261634907	0.394137910705208
-0.167172212994978	0.419593811734036
-0.586328025653776	2.20607790471898
-0.164299343256066	0.324329507900757
-0.662585007691804	1.44074453825644
-0.0682015788393853	0.0797686458860673
0.544327459658391	0.967676403679182
0.201003288558288	0.223637969221291
0.141428173888952	0.139033307865591
-0.594079525160488	0.555048941003825
0.285563755182037	0.165446561139905
-0.112114446233087	0.0788633857338196
0.0154448087387373	0.0116050478361374
0.0104374199300666	0.00926112088245785
-0.227326100644138	0.233551636829424
-0.622287441578968	0.669572133961622
-0.840189843672322	0.466670928351019
-0.193900211329119	0.111124851206864
0.0487207813792764	0.0329477810822125
0.0496640165503691	0.0400286348411792
-0.48646609087699	0.518474021801039
-0.645149646777807	0.589780111087269
-0.114825088727691	0.122888813587319
1.06010494753756	1.77719062262551
-0.6258974948448	0.951335726805432
-0.17514805776943	0.171453379077765
0.368382907762571	0.561162105576079
0.105196802869484	0.0943093099265826
0.0914096223170051	0.0923788036992771
0.314317383062234	0.320922097112469
0.129023499394499	0.151702423627659
0.541597690119745	0.872625617863197
-0.201062107469362	0.194457762196478
0.326133348648566	0.42072684136279
-0.0121063845305578	0.00927093126533875
0.109882688554837	0.0998825538954524
0.516395344206853	0.686620358036247
-1.01110486070967	1.40811140417072
-0.275249286139067	0.258222561957961
0.319144159714554	0.320926905166163
-0.0135696030141731	0.0112761490804468
0.104425484082131	0.103226656209208
-0.243751909382583	0.229995917028698
-0.558755748213817	0.864586453381973
0.108558401284693	0.643485207957437
-0.0507048604616732	0.211046848544723
0.0508824532000495	0.168073997271055
-0.000497172108071068	0.0012183698980887
-0.195880278693802	0.63443591275987
-0.217063251978591	0.676509706496098
-0.194668618604649	0.507286051452164
-0.656693916003041	3.01338392810174
-0.0180141463640619	0.0276460190573842
-0.444127151431965	1.07767166500122
-0.183553226117755	0.292248386573729
-0.176945991040819	0.265290972685232
0.751161364912674	1.32475508303777
-0.296295405084852	0.371959593916304
0.274268163946534	0.338936988054447
-0.179202573139397	0.143347891976627
-0.315810497858913	0.203796681229757
-0.319269786725249	0.267596867708578
-0.598193762423916	1.01018273233548
-0.253514772479974	0.300253289636536
0.117737340022699	0.0615058028833395
-0.387262824534424	0.22553457571556
-1.37218534437932	1.8838918969895
-0.0661736534706708	0.0573252943401739
-0.562316671165529	0.573498474636711
-0.262192222767971	0.247374166790089
-0.499235118841707	0.6073570909992
-0.320536508232434	0.204798030176431
-0.0220352127164799	0.017635482329552
-0.416857174286534	0.447017074852417
0.00898792756394335	0.00673341394603857
-0.0667984130458172	0.0719730055005253
-0.169046338992822	0.208783104458031
-0.245955111886539	0.320996243902939
-0.0343008099306173	0.0334927648514361
-0.249307884566616	0.349180939029141
0.486726114449579	0.801929681599152
-0.394172243446822	0.478751886044259
0.0559479079479115	0.0598062554960643
0.99943365889454	1.90238332303108
-0.132997038503248	0.122365637596313
-0.104078466152775	0.115955274747054
-0.125817553006333	0.130342988633698
-0.209701651882798	0.200500290470994
-0.00807497214372209	0.00682244198566517
-0.276215037335903	0.286694121924288
-0.443533026960691	0.505493973059541
0.174978679630911	0.160496366609372
0.308500402598564	0.312273136627166
-0.313083236762078	0.354992002256863
0.0207790863173247	0.0862757031038691
0.038986495614362	0.15662338637158
-0.107445692528232	0.404375233406773
-0.150160559131367	0.514673025312057
-0.350607651917266	1.51228574905626
-0.511878989655366	2.48489442628846
-0.591758961195596	2.88141738901166
-0.0984323407375156	0.177230784413842
-0.179076518158397	0.335374351229605
0.0557526786557888	0.0802220635891914
0.0223356460236116	0.0305142505203006
0.0822270701760323	0.112193670918452
-0.489206177295967	0.847289328852894
0.0132870964036012	0.0137652276354219
0.196308332748202	0.238380745862232
-0.164190407940428	0.132621704079695
-0.412303957017033	0.335637944615456
-0.456183797324449	0.465844024094257
-0.200969647075483	0.24158558713628
-0.174059983213212	0.153910084332923
-0.138354392056404	0.0838404922079456
-0.252374624590227	0.235481179032603
-0.592371576542061	0.553594521022981
-0.247157952946518	0.339450343677962
-0.10103023154274	0.13016626265336
-0.0516132779429085	0.0479005395093957
-0.0465270073765921	0.0507090856892724
0.292887462912198	0.330850686164494
-0.088021681295839	0.0932884460692328
0.150419640497222	0.160977989032021
-0.0968280856880873	0.0915488437130176
-0.221664179030364	0.2335722382806
-0.222903315561529	0.20962609407195
-0.162395072607634	0.157696443642044
-0.361586923538476	0.424300857110015
-0.206164737604296	0.198558300594086
0.0589783580995959	0.276752760066859
0.0331287304617607	0.121760506175897
0.084175355245971	0.270627516882814
-0.171319587669762	0.576880670918686
-0.232602449244922	0.768542588861249
-0.282807562368056	0.931208215223072
-0.234935604618896	0.560129688667479
-0.000184551708195002	0.000294580448400137
-0.20086571268572	0.250119876619854
-0.0948897549406897	0.104895617650995
-0.942085379760396	1.14755108078251
-0.208174462606402	0.176557183835545
0.0058565882166048	0.00583009347095809
-0.527488260736738	0.75660535927838
0.161780586483768	0.157575030750616
0.147293392461642	0.161675546434778
-0.651127363600596	1.06741004698279
0.0661296394486181	0.0594177811388305
-0.264850750124529	0.262003588292249
-0.0605348673070763	0.0629816167965084
-0.616726375891261	0.66343513335619
-0.328225918515444	0.298502797828421
-0.245732405517067	0.255536435408959
-0.831662927795771	0.674868914640722
-0.113134533769016	0.0711023205896113
-0.0365514408387202	0.159896296850078
0.0145592451601999	0.0495440406240582
-0.0648179380538992	0.195913654945311
-0.22737134748708	0.818354673523003
-0.110838764848373	0.265933425054667
-0.114977463468258	0.198785698465649
-0.25874578540121	0.413662535057527
-0.0291364909363106	0.0392637882889647
-0.0299481671652035	0.0289657042122281
-0.337527773526448	0.452520851713539
0.457193486914821	0.5502320264321
0.252222071995123	0.281785679014477
0.000209648498936828	0.000187805921938277
-0.150206142426835	0.150062414512455
-0.557139393275359	0.700723983051848
-0.0587203814527037	0.0505972196502277
-0.129450444492034	0.121410380108963
-0.313362918609163	0.314012934953401
-0.634368571772054	0.721267661140559
-0.456271413922584	0.206131885177769
0.105315217738336	0.0499841641590801
-0.0188012399187385	0.0747844798744967
-0.0975194883487192	0.424194855954467
-0.0377563676904673	0.104871519190153
-0.367221318069834	1.58186444974958
-0.431444576020275	1.2865472904924
-0.273807991804582	0.251164613031098
0.0822395906683424	0.0610809137967526
-0.154750386328992	0.156129043700275
-0.218800383249056	0.0856518567102529
-0.645482767593714	0.160931846851905
-0.0702858245614711	0.34053358550399
-0.0598963667529479	0.236803452341313
0.154540457318512	0.572960052587263
-0.455783519793801	0.53115582763534
0.111966039288409	0.059110852113708
-0.262563313576556	0.237866986841846
-0.327121213051663	0.375596222341364
-0.0425368299171845	0.0425114595376557
-0.201303335696762	0.251819893411037
-0.386246574698029	0.560886361560923
-0.372918396449588	0.392818222726017
-0.170548101475896	0.182876919981547
-0.243429474394663	0.274335157822903
-0.787598179584324	1.25818789913912
-0.283000027866874	0.0969845561461558
-0.182682815744387	0.104245512807605
-0.00322767639593248	0.0119642384998409
0.164395377404351	0.871028465497206
-0.141384228619564	0.1394203612938
-0.233234757970512	0.240573656731838
-0.617222978699902	0.973064274911213
-0.153628337486424	0.157905475330479
-0.157025271446592	0.126789656033504
-0.640729465266517	0.542072800831345
-0.49934566302178	0.585823842939962
-0.261063257104002	0.269083182010496
0.720725656543009	0.87049901956882
-0.78434998521797	0.94224074659769
-0.270221882029407	0.348745108023519
-0.137473983868993	0.140928868634516
-0.179038124292381	0.17526451315481
-0.140407703280016	0.143355498304372
-0.167409612321129	0.198783715251089
-0.0459538170788805	0.0478716430189828
-0.140416664679188	0.114407197197477
-0.184919683120269	0.186329337822304
0.206140494663427	0.215900974925188
0.0728990440933862	0.0275949562167036
0.039390264324172	0.0256071713277697
0.0675703094806644	0.329489315643126
-0.226045830537623	0.323789200871711
-0.0799314525601709	0.083785022220006
-0.276565874471607	0.341796483189085
-0.621820226882709	0.921424630332118
-0.777367316751068	1.39236711331156
-0.839241611851065	1.66809508728541
-0.583117279325789	0.652589612040556
-0.386417311069649	0.323533533158647
-0.371162872824391	0.232688671757426
-0.175256528329085	0.117937248501864
-0.567861994720484	0.843041673275568
0.0553765397641772	0.0527633744328804
0.162690664268362	0.162441417059462
0.413331357491937	0.471792376843942
-0.000837819672290702	0.000676382404681807
0.159033909902821	0.184575901378208
0.0976759603337649	0.107199386554137
0.0597103695933619	0.0496106489619677
-0.108940404067324	0.117031074818196
0.280526170105558	0.335181880837801
-0.0830974407174011	0.0823085261194374
0.0379915558602157	0.0324442436747908
-0.0315898690062843	0.0304649453278637
0.0894624152164661	0.0962151334157697
0.000921817628525432	0.000849906452168695
-0.375480498858237	0.481372458567589
-0.050047030477066	0.0444369239051903
-2.57876269927201	0.714863128228587
-0.372844884493814	0.178994553988468
0.0538928941551518	0.0364356069525672
-0.317996145093321	0.184267615681499
0.464173896639186	0.17167260536398
-0.278843092003225	0.216005744848583
-0.0482959739940784	0.0547172708084347
-0.0374598686871726	0.0426460536874952
-0.377371244076136	0.566673167115011
-0.0619534273261622	0.0652859956578616
0.647341100816098	1.31294896948678
0.582261172989281	1.05747014529236
-0.35031828390297	0.506598247652373
0.0934161969158946	0.0887972474772125
-0.141766064382307	0.129893200302455
1.34029509752133	2.00544170036555
-0.329337799897352	0.299496648964411
-0.140484590612662	0.149784526925842
0.0665463526218321	0.0657875050927182
0.750984920182184	1.04837094669382
-0.778412952930356	1.47234435353778
-0.263597440333604	0.288756151559019
0.725049576651049	0.964576900351629
-0.00664643336990709	0.00463810068321049
0.0422376954732236	0.0327967450369933
-0.504187050259989	0.515111375257693
0.227550307250068	0.230211272063118
0.455003309536538	0.489785773758235
0.169364169838079	0.127378020800437
0.169789704348296	0.142238789151733
-0.194863383057295	0.17057512955358
-0.123196838787461	0.0997738977648573
0.616492812852929	0.723539409399584
0.798375309465485	1.1811787700522
-0.197072077021624	0.190366472451841
-1.08851164878125	0.456184286801699
0.0842032066087718	0.0331003360540759
0.0933102537897366	0.0401520812509586
-0.03162930478215	0.0202206726968054
0.758052538845137	0.324366577950008
-0.458803597341672	0.20630505999701
-0.159731038967959	0.137468793656089
0.0125628819806861	0.0119538595069072
0.374275705669477	0.493610728565219
-0.219797584314475	0.244944005706108
-0.142428325112435	0.14129785675818
-0.329297563121321	0.406967411922117
-0.683906813598083	1.06741641240729
-0.785517452170413	1.12199515026528
-0.530765076495948	0.575198665765065
0.35167334587097	0.320358222005902
-0.28324253284341	0.217802060642061
-0.278768273133459	0.227780144002176
0.264342619371134	0.285903019875882
0.720033495336862	1.03571958569265
0.517696453650514	0.594315955251498
0.310902944061466	0.315978262757757
0.259826732561753	0.211861104328587
0.042292230492267	0.0345416906007234
-0.220540715990008	0.171488369660681
0.0228439216287547	0.0169741108367242
0.174375368266707	0.135710408442518
-0.286442651350714	0.216166508784974
0.690628702327803	0.854972078953397
0.472305056137102	0.417498784364098
0.496841707597008	0.532456581354311
0.106074846317596	0.0881371894507606
-0.313643559023564	0.253724105798997
0.862841834303173	0.952513820716393
-0.0915360489214815	0.0757247039614873
-0.806869701644542	0.88666946496799
0.496755904084964	0.285098489678341
0.460290226090372	0.170493638317434
0.998646972409603	0.507236524506667
-0.0265778926740496	0.0175926979716224
-1.38136664799151	1.35321378625992
-0.307611016828242	0.201876522627777
-0.156311263881952	0.111989557028313
-0.702875383282533	1.19050752808143
-0.0905708230343525	0.089531077263119
-0.0309421198509265	0.0327014476602429
-0.175460393690683	0.211305795322514
-0.48363248922078	0.697232321206458
-0.0373305765855903	0.0373168276739531
-0.526579879976568	0.861863586467003
0.0500471362290559	0.0486748650690728
-0.0676212103084229	0.0730735346943757
-1.27698597510084	2.4013459910057
-0.41551107137218	0.495972152548617
0.384744339421722	0.40574155686568
0.236821144592607	0.235283544517227
0.364750629703046	0.421842662231574
-0.647349576911418	0.894437293742729
0.452103786209341	0.542975262837088
0.409334487817874	0.468443621089903
-0.53558493003248	0.491783101917344
0.15017721194951	0.0927348136241643
0.370656621903814	0.299582314201106
-0.445637184532864	0.39032154837848
0.247964940583343	0.17448854408448
0.574654220369163	0.60843692868082
1.29529422915042	1.63092602610411
0.415661917680366	0.405053077382425
0.963348217412612	1.24995055028211
0.645659506008464	0.755609753411851
-0.0187400593374006	0.0129577077154791
0.0525471151389212	0.0353619623842696
-0.109408411128494	0.0881040936293747
0.605312191651147	0.653383728343753
-0.305631553938923	0.326547885317177
-0.55471330634667	0.560871852767906
0.143064293297385	0.0903425232453394
-0.104677414629508	0.047663285109805
-0.307692996365882	0.198153930227969
0.111143041711482	0.0527100823622016
-0.432930356319659	0.308233648457838
-0.413345698091932	0.335509957215596
-0.489996525478889	0.76581334189452
0.0594416011971407	0.0728037858967026
-0.377360760982428	0.544727193488046
-0.0306765760844252	0.0313844892008121
-0.23230548765578	0.292636533030713
-0.63465273662939	1.14640271997407
-0.10258222194613	0.118845459356836
-0.301211745771972	0.442700150186562
-0.310112704030374	0.461163285298832
-0.770956616014886	1.28541940708741
1.46799831919428	2.41799302622975
-0.21156966641774	0.142011308164062
0.107961129955418	0.0917074330766863
0.102791517358879	0.105238866722983
-0.213622034140734	0.251119983960347
0.155390483437456	0.150666648015437
-0.308012373294785	0.330764839995572
0.110207332250689	0.101940671289413
-0.179922659326041	0.170985941797448
-0.247977899367899	0.222325750499681
-0.336612241628416	0.379123741200375
0.259289317233633	0.228814460851624
0.645487776779121	0.888293504765658
-0.918944969823337	1.15107453667825
0.174937318378612	0.169924542772639
-0.360706945296388	0.370811478662532
-0.437770340521084	0.372936255462972
0.244540368411658	0.219718677181553
-0.46502421189061	0.47109361162136
0.332484802876727	0.366553473728024
-0.607546378867384	0.79942382234404
0.112108624344846	0.0932878142261305
-0.0568208270311955	0.0436575617548679
-0.68623102955674	0.833482803892704
-1.37189007387078	2.08803745429153
-0.683558879906166	0.806515287888731
0.913716743507892	0.600609217966029
-0.358201687848998	0.174008060627031
0.259826732561753	0.211861104328587
-0.14033361929986	0.0849052458521677
-0.290136559991967	0.284082484900653
-0.00665390637800047	0.00643385558682296
-0.529387003734398	0.912388379483069
-0.181131371851483	0.235644014063417
0.643928117987213	1.09104615985001
0.374547800650659	0.458908577153228
-0.171232486443119	0.186321167767778
0.192518959706756	0.21413026549846
-0.22406718352522	0.296444603254282
0.0598158513294111	0.0575287299637158
-0.26798650380014	0.241521467401764
-0.145931912496695	0.104258100036675
0.49122457225557	0.266339864601509
-0.792372961098173	0.91421198300964
-0.268816208458853	0.286592993835077
-0.45503599690986	0.584047234242892
0.133078019215076	0.140153465250676
0.270495056357189	0.288297053637346
0.108426002959924	0.0999494449313798
0.103049802588234	0.0894071140171697
0.096495268959604	0.0945657085582635
-0.300909553721446	0.28001717106872
0.18250659643758	0.147664544385343
0.270053526291145	0.293548505263505
-0.0108167531207408	0.00746042137260992
-0.116018359877844	0.109410590485937
-0.0745734601719079	0.0566194620748351
-0.0196211928704709	0.0104898032314527
-0.0880646941313682	0.0693566320702774
-0.176084650603971	0.152688370604592
0.536027869981614	0.609107342013741
0.601731396014507	0.64482197611573
0.0913739843508788	0.0699813708832594
0.0791604312140384	0.0573602468316998
-0.738327965735016	0.8314634296312
0.752043115827078	0.988883667492434
0.516964336315753	0.665050424080339
-0.518181957170028	0.603715253366323
0.753431737440417	0.658190500607346
0.368916684123937	0.301986464208921
-0.722612738579206	0.588350910448505
-0.220973030170251	0.312874410143605
-0.312122087225973	0.503814365877196
-0.271420467305238	0.374623027062889
-0.0740967501168776	0.0785898408870713
0.256617487961998	0.325817791860922
-0.0134691384030472	0.0148229135034641
0.140580414501153	0.179085692625376
-0.0231578421861396	0.0239653451466663
-1.24239961325787	2.27563022251356
0.0172237651685198	0.0127968275459703
-0.0798130182935134	0.0519452248629738
-0.640047692955752	0.704471085940604
0.0183793448220749	0.0167458350473718
-0.0314841435186293	0.0307974771772774
-0.648590561288526	1.04668605256591
-0.0261639342323228	0.0210366185086004
0.549647002125946	0.805040483439358
1.35324735946515	2.44082745774139
-0.737835515332255	0.8596378656601
-0.696862245831183	0.799370124972701
0.318895356922294	0.307693729062089
-0.672545066514206	0.871122344206615
-0.96033026688025	1.27987478593277
-0.0211504768033683	0.0172688775895856
-0.0467621604237007	0.0363215402141641
0.0569215480177109	0.0467801734546729
-0.0649725745188147	0.0492615442833484
-0.437842095673854	0.412833549379732
-0.0874286523500388	0.0572183919103883
0.490431319626573	0.514909874789307
0.51855039844433	0.520708148027565
0.464591785530976	0.510611288455163
-0.451567706487784	0.495465734035067
1.618096266772	1.50005821152994
-0.0953930210584266	0.0798968244958753
0.170431777020733	0.135006848118065
-0.435299523845817	0.300158817493355
-0.211725658635542	0.168400525176956
-0.601916317591243	0.713236895912859
-0.336423645871446	0.29810157171121
-0.0865604837177696	0.087661285475316
-0.293869051516105	0.415775182977851
-0.0100810050140668	0.0126504534107797
-0.0185149084883036	0.0213276046354666
0.598215655894282	1.27210147874919
0.0528080583315423	0.0624493291516694
-0.278405570048884	0.389420103253078
-0.0801523653266072	0.0964636275471687
-0.244644187239486	0.340890849010897
-0.22119763011917	0.301371250275673
0.148698517633114	0.156534411352556
0.169019607773961	0.162692748660575
1.33283112239008	2.14123791358556
-0.575623936848109	0.738449092478924
-0.129900641277846	0.150796279674767
-0.138706121103585	0.15564996178187
0.310953020706012	0.346387320400006
0.371545445191947	0.48376481715249
-0.31223110847457	0.354391617269751
0.0478280732421792	0.0382329060406034
0.445490575304649	0.491100384203913
0.27339694702087	0.294600574376985
0.255586336508105	0.218170620234105
-0.189921293641371	0.165158415259348
0.438964146592078	0.470703199822047
-0.201133812262834	0.188697640130419
-0.36352015373039	0.31502567555734
1.12354797015645	1.33118217538138
-0.564006681241444	0.686900197568624
-0.230693651327473	0.236577857752367
-0.908378734311488	1.28759071794545
-0.364978902926859	0.351154347346925
0.808433562982739	0.710006380537956
-0.668550806225235	0.692987263727468
-0.541095905305625	0.398893486294829
-0.463444749694582	0.398613921208499
-1.09307457286917	1.55043885660009
-0.581897542360215	0.66594980048852
-0.602377000076691	0.725286715514437
-0.45069820684015	0.493732179284745
-0.22788492968007	0.407064281288052
-0.317480043654115	0.632820121504716
-0.0314985639472021	0.0373089341112575
-0.127536986441579	0.173990680530705
0.198750738542169	0.283259691681948
0.502231052875598	1.039774885714
0.322248127534133	0.471836696737065
0.0369888227257978	0.0414105277998698
0.302547605542259	0.5140212626514
0.0612319951434547	0.0765513439512923
-0.248826183139159	0.335683057921019
0.531049822148435	0.912655166133733
-0.514296878814498	0.912992084016213
-0.503247572814065	0.808931767333801
0.157563587253307	0.206562292777675
0.206877266712196	0.220648415371524
0.459048085958922	0.614862601702226
0.376652429962233	0.473933129962786
-0.0304008670925145	0.0296988137549908
0.144587194025828	0.160002417624315
-0.247388235343378	0.278167033988915
0.0173971918593157	0.0160794740602378
-0.146823722795884	0.100089096945921
0.807622689798996	0.729001107595203
-0.254594419324131	0.193798554602704
-0.191045270703675	0.136224712011343
0.130326449789484	0.0737034924724336
-0.0200501631096074	0.0137686137253452
0.652606437985407	0.568234132672084
0.332562832943478	0.303010571824147
0.302394516027023	0.287337827183384
0.0662097127708227	0.0472396783716036
0.310869432873942	0.297478041557485
-0.691679183666879	0.816350345433943
-0.0362509222431294	0.0241655078578365
-0.426435828205559	0.428746868268336
-1.2173804573177	1.23112793797732
-0.105765951680798	0.0784489575095191
-0.181254896923788	0.129371425400536
0.00144739632146137	0.00113597300708254
0.0319170661966025	0.0251821691066165
-0.00772735921780745	0.00527374625006431
0.751166410365054	0.586428875192458
-0.365694920756843	0.302530617245247
0.13091278711705	0.190853620584588
-0.108421336549735	0.16410576212885
-0.0268632149939447	0.0321294499264276
0.379003545769106	0.616090049072945
-0.144357730375093	0.184016522260396
0.449256442308663	1.00816959308267
-0.143412595302116	0.179094021842056
0.258296880164747	0.327003530784968
-0.225365295622366	0.306205761421564
-0.149684692387323	0.192109405311055
0.109773693010903	0.105396569129358
0.0146617010979459	0.0137196149213805
-0.163460283846573	0.200690550774301
0.174374275997676	0.172697900944525
0.160202974927202	0.193529606005525
-0.379147751735859	0.443809639913135
0.51850461909831	0.744277884216221
0.745751450394805	1.10781169729817
0.100903603886137	0.102739201054678
0.0913262116487365	0.0973388988221516
-0.390411925781206	0.43732940921555
0.644658113250605	0.998124175768631
-0.226941783813922	0.196554603249629
0.574918204916075	0.430807165704511
-0.400562216700294	0.357817827406319
0.299558138443532	0.16616293770085
0.281504261881264	0.180804932210545
0.502587942190411	0.294475311721082
-0.736598187521971	0.725821947090598
0.259806246681759	0.200012117962077
0.000612615279705965	0.000330531154765201
-0.206145592208597	0.159736569004906
0.395716315945395	0.39576692600958
-0.0674595638287198	0.0498127843101987
-0.0860775882440362	0.0651928206477615
0.0219640571820139	0.0166603266218252
-0.0530468045637484	0.0337872733995364
-0.964874558493965	1.09287100649725
-0.22265533625951	0.156246951864605
-0.733894760479983	0.764826564122502
-1.25483165638326	1.61851599774777
-1.13803038205057	1.10294935839768
-0.584138602359065	0.542851467007396
-0.588369353571845	0.52102207454453
-0.494690504737586	0.4241392450403
0.26530599145722	0.20927202726409
0.0910462526720134	0.0712361947393339
-0.109068689687129	0.068962297669412
0.0864803246511751	0.0660469177117206
-0.0561682261245323	0.0423780451947551
-0.285210505905616	0.220834297112802
1.01513167759446	1.02951945393492
1.20356596236795	1.39961342720556
-1.05055152894545	1.14024434836294
-0.0381904303168315	0.0534692360701962
-0.123665984452474	0.188229565079282
0.568470016095047	1.37003484683134
0.126083207955582	0.203353160246365
0.395413464828281	0.872954283543962
0.0221372226697617	0.0280477613126019
0.480180697224747	0.903987358547576
0.082222997478458	0.0890910202940253
-0.0117239618337227	0.0142063046019032
-0.218378958717448	0.315858361894362
-0.272030961018286	0.390137411740265
-0.055289888822791	0.060063583080955
-0.693300322105634	1.2533558600535
-0.245180972640872	0.321356222225708
-0.228774007390212	0.343284007312721
0.384342489393768	0.602458021337031
0.781487821485709	1.44856250404744
0.130398338996122	0.159130612935466
-0.151089724183985	0.154229746244064
-0.467156592842326	0.609934673844251
-0.340920631555345	0.399783370072264
0.209872649770767	0.261267403859894
-0.82051305914553	0.730098372712138
-0.332226936602586	0.2457074676994
0.264116120165711	0.197318502822332
-0.360704867293193	0.261391750429802
-0.739265028887387	0.768820585955235
1.1982531783687	0.965421255992099
-0.151175438197469	0.106993032754617
0.345523589905583	0.321307448167287
-0.654370917615162	0.581657622518019
-0.746507687382735	0.822096547619594
0.0188087972395362	0.0115580300130862
0.389634541112373	0.289492340795464
-0.736889770822099	0.825518679136429
-0.057701916056655	0.0446765618678254
-0.538342004068181	0.486353324466995
-0.438923700646563	0.475296805824562
0.723463230159524	0.970512349067342
-0.498427880998725	0.504354355982575
-0.185207416610927	0.132454344606811
-1.46221491916424	1.69175364346725
-0.368022370324206	0.293545347970253
-1.14175188949313	0.764546265647363
-0.328277158531295	0.243296899777874
0.237375323498924	0.206399378595985
-0.114117400411703	0.0846483095592033
0.149905153287417	0.107952730180703
0.427893644234005	0.426771528844361
0.169998467179987	0.131203536272327
-0.273737315994006	0.254338701406589
-0.482321500568969	0.453453933205302
0.0647463230094359	0.0450545885087758
0.372245062674242	0.304570219948986
-0.0684744013057246	0.0443682316384467
-0.609569125676086	0.454525103297121
-0.721933575034442	0.674195964679451
-0.23231841012446	0.342224693767953
0.198055592313781	0.275517850600439
-0.0030852869289825	0.00470112895170724
0.166899198549664	0.265161343996487
0.329780405397073	0.573975055681979
0.131012685909846	0.140705042635457
0.658678970514782	0.92787463870874
-0.258911364340622	0.420164728677561
-0.130090329427428	0.1445584089308
0.0491162244105066	0.0425154156912045
-0.911738168775658	1.45872130672355
-0.399011941526273	0.463441656235915
-0.257466268106791	0.221051191232984
-0.43822600539273	0.767361864880559
-0.140532530694769	0.179156348031441
0.163701655557365	0.261246425055468
0.172063683251786	0.239352091346528
-1.75764668105874	3.57828290634269
0.4906742382458	0.585233408957888
0.517956164044504	0.539491365494052
0.224659227146171	0.230289290771254
-0.561176609398732	0.480978030510278
0.135453370881168	0.0804227626503327
1.26574854075059	0.585413729728026
-0.69948734008821	0.43158605309223
-2.16127377576865	1.65364499940382
-0.97089627008934	0.735575469212794
1.50091913562524	0.779651307038813
-0.156959333593826	0.0671733120880896
0.422897977519592	0.268245263164832
0.0759463736482597	0.0553132660314234
-0.40411243860669	0.357290857769363
0.666789189579785	0.614524714195552
-0.697587823746237	0.444083300773306
-1.46314552644651	1.45192890222405
-0.899645163426409	0.930966873193203
-0.282199271972734	0.248611180169201
-0.0709809378811763	0.0351068844023276
-0.214952348589234	0.148572168449809
0.93138519196672	1.13912760902594
0.245174370320135	0.284308477942698
-0.25426832555808	0.165295109312404
-0.185986260286606	0.107266441101758
0.0951301733454547	0.0403024987992703
-0.973275808173624	0.72640563955167
-0.246390281543965	0.194041592459374
-0.397654367610675	0.385115692101296
-0.243123926661108	0.250277373606339
-0.347504366086772	0.368341614212511
1.08974174476057	1.42546104158566
-0.166361399346548	0.14496714130465
0.234904773754836	0.240447486881029
-0.134545692110213	0.125100259066662
-0.209351085504308	0.181774921554109
0.485941205270883	0.513216297511463
0.688252071479427	0.560835810762738
0.269554262717019	0.185165653705478
0.347976783072539	0.32267938857971
1.29377649140036	1.29537707888736
0.912764165515073	0.626949612071108
0.738244891475289	0.445576756495428
-0.15260809509883	0.092459615324223
-0.727330108919097	0.503406587021684
0.282049948859674	0.176807722190494
-0.295285068377665	0.37126712381167
0.233808895336977	0.274069956165438
-0.174685608357329	0.223894343785019
0.302222078769279	0.792176175695087
0.170709215518662	0.306361115854265
-0.199063373920747	0.297696612516705
0.641908589009152	0.836120414849908
-0.359328962223891	0.252125408075644
-0.244948499259737	0.351105079829454
0.241209804971984	0.292672905597859
0.463055339766987	0.499681382751115
0.106711857756088	0.0881578460910759
-0.867448716982619	1.04813888165485
-0.747466976180264	0.845482231743588
-0.214495698639992	0.296261192299618
0.017586552259377	0.0185677627360176
-0.236236758330948	0.457459859089113
-0.350386725435654	0.461311232448697
0.154321645031369	0.108220124866403
0.248112061635058	0.20876771155957
0.15106633263719	0.104077121743738
0.454081886519057	0.512236602705578
-0.541316994670889	0.297370842382134
-1.05795174763684	0.532089966891847
1.49633490780582	1.25443889178454
-1.05335730411485	0.553960076078413
0.624555066495811	0.29954513242504
0.0782252388978445	0.0270754063959677
0.0985921011418287	0.0465132483581769
-0.467936858739029	0.187177914680009
-0.430331764703958	0.300894973966474
0.509066425931911	0.525195139353759
0.759718934776779	0.683401857440205
0.14740027141932	0.0987331509616776
-1.1447483554302	0.80073011781602
-0.365760118434263	0.176630816359075
-0.18608406521305	0.16037118118625
-0.810310751545612	0.870133204680118
-0.0354184680427286	0.0237353809609677
0.261681963379929	0.206749619233405
0.215537334474783	0.21791621817237
-0.188987140832808	0.224101598487004
-0.0570704530768023	0.0380420840272581
-0.537378124908691	0.295424317358587
1.49027668912446	0.699397148044449
0.311724905812829	0.159546936453255
-1.09788697248405	0.44614914936298
-1.38728525385232	0.91129024770561
-0.12903228120005	0.0922812363960131
-0.0358966451699518	0.0187210353608605
-0.42952390458558	0.471955988225153
-0.170763750412126	0.190328393748001
-0.726510719541044	0.993188007494909
0.359383672802811	0.436066891182888
-0.636816658202602	1.01002695828109
-0.150264279157872	0.150643769072011
-0.966115233708816	1.428314353156
0.390640311212277	0.469654101715639
0.595620673715712	0.892444501569398
1.44117649962754	1.43779182678712
0.731291981015923	0.698728734826411
0.0955030091678991	0.0712404337443181
-0.290724773468953	0.145828312063351
0.623044328046606	0.301801827558271
-0.165736249074232	0.0699691499575131
-0.842453412168475	0.496464344097513
-0.780257488020119	0.283070259872901
-0.975197363435163	6.75641539845051
-0.470221724890988	1.24947623612442
-0.635830199900881	1.35444158098446
0.0739892167319803	0.0830153953086325
-0.397912843738294	0.655502889711231
-0.469519735157904	0.855485435584928
-0.328680247284245	0.558648095658786
-0.167966943089091	0.198147850502689
-0.218414676000348	0.334926601292582
0.0740046549645902	0.132350733857829
-0.519570509166551	1.34066657632463
0.0454467804650411	0.0601187793216976
-0.708657080949578	1.09956452250664
-0.11279150678755	0.106866515144997
0.144079289510854	0.189375595202863
-0.560664512415841	1.02730031431126
-0.326451930989362	0.336396912966576
-0.119865484762668	0.0859762068139793
-0.898998792506905	1.40653994132101
0.606056840231985	0.642540225367735
0.37406954451538	0.643905931183879
-0.171631000523248	0.230042598022416
-0.227272337124821	0.380561421213863
-0.451909437333625	0.707714000288334
-0.735852067269584	0.827442095601245
0.661868024139794	0.942971158580983
0.256566279780632	0.22835704545371
-0.0928632488049272	0.0790082984609279
-0.11825947421795	0.0530898109271823
-0.28705364274674	0.147866880349862
-0.84034365424693	0.390555046186727
-0.844838540503249	0.388651413633221
0.453200797875285	0.15944382517923
0.137105047028005	0.0341560549509494
0.329135067386633	0.149046178732025
-0.700125347399711	0.440372825127046
0.907940214288115	1.00037563498413
-1.36201754484693	1.87648333321643
-0.670180990143704	0.669147563261372
-0.314380008263036	0.208920285597064
-0.843243808416123	0.481672027604284
-0.538866263082957	0.290448825442656
-0.276168799873076	0.255679037308838
0.107865011756199	0.0525950128380857
-0.169889679403049	0.130241122745084
-0.478089155656667	0.546218747045074
-0.116738806411261	0.108512293802719
0.166519682296594	0.123025020506309
-0.253736249519379	0.167934479841848
0.0443104582060798	0.0283391216378556
-0.361932123360035	0.179325288797912
-0.07221852757619	0.035678968000432
-0.586136581048264	0.241536581895022
-0.148684590742447	0.106551910306247
0.0897356183032637	0.0679412877712232
0.385484728040679	0.305233095783572
0.569004978472944	0.628418550502273
-0.0286571246462654	0.022561893091714
0.71930765609902	0.865792622116343
0.451633430255372	0.406922058476431
0.178469576807076	0.160008466443033
-0.0602804416978055	0.0496815357320299
0.632791201491865	0.709305175762074
-0.0274328834423925	0.0218450731212546
0.506402354931759	0.591814291060732
-0.184279902523131	0.106539391163744
-0.0817155318672614	0.0534117492418576
0.208744675082699	0.200026647618503
-0.530711017027281	0.283853051329272
-0.451001373484964	0.265535635969394
0.300620998915628	0.166178954097377
-0.460962502204717	1.86761867219906
-0.310100653751066	0.694113461087868
0.137464418885678	0.208781105650226
-0.391957974223206	0.674427148409035
0.23844728214368	0.353977437917744
-0.120732160073606	0.168842971204756
-0.571776017858574	1.10858909129123
-0.0754964841791357	0.088842083232163
-0.751513982055351	1.91498641061063
-0.158333473020555	0.33584410845648
-0.493681871985859	1.29413046774708
-0.121887563621395	0.176632899543016
-0.357346137452698	0.457864004577301
0.294483871096661	0.296581836755267
0.320490265516054	0.490087914958827
0.0415858777978031	0.0483576572570608
-0.528452810223157	0.721036468680187
-0.0632360283176124	0.0586203074211101
-0.0195585831247824	0.0151781525404661
-0.317102743068392	0.335132376263156
0.0758878269550691	0.103799656300926
-0.562778481819158	1.11498966776562
-0.226570519519392	0.407211975331371
-0.229443227620215	0.326648931225989
-0.627036173950153	0.737467243462485
-0.106868416681808	0.0877953699764854
-0.913017049287364	1.21923819420372
-0.449157857758755	0.558677183722344
-0.537501451735799	0.288735002440659
-0.67162147113876	0.349301728169769
0.489532969848255	0.277356124287055
-0.532798018918103	0.502086608951816
-0.848375461132126	1.18083612837919
0.00593080549812114	0.00410965442898224
-1.30945632884296	1.38596385000272
-0.591311287770609	0.384430617572965
-1.47230302184014	1.59164554265885
-0.998374179123216	1.24076811242473
-0.261804291065047	0.178346262029732
-0.0758042349826244	0.0375049838388895
0.180918402222217	0.153202185172683
-0.0155513009970072	0.0119616867692052
-0.21164230336014	0.273993310651448
-0.738518081265255	0.756564226627281
0.121492597092613	0.06717172526337
0.285918381801165	0.172436783274533
-0.260559736062656	0.174525084114283
-0.0324043319959961	0.0255126005081803
-0.502748473062773	0.341978063433144
-0.404269474905116	0.393406921564885
-0.283543341211079	0.312038786173336
-0.115609037110577	0.108702945478076
0.342250729374595	0.289149732139551
-0.514351511439356	0.590770712046408
-0.476588385596524	0.571596990694633
-0.537400897339278	0.693788866353893
0.0535883303142794	0.0461363019397325
0.0584710311153345	0.0522909521510611
0.433103798611795	0.28350968238906
-0.506152791989093	0.449710085422137
0.112756663556553	0.106080535365557
-1.47000228122191	1.61263624372307
0.0763634618075378	0.0299713372413008
-0.224559385780771	0.124603812360923
0.138907605948472	0.0861925105940846
0.0979427421161137	0.0452940946619403
-1.90060159971319	1.24072296408589
-1.38333552059862	0.918704627006653
-0.747824672038231	5.00110499639888
-0.481107310785452	1.44452612230612
-0.312897701314643	0.640392939483989
-1.53045845373145	5.97835861903525
-0.0322119407693489	0.0382503623609496
-0.369233675344446	0.7145449995586
-0.518056184866255	1.05214166202467
-0.54230330268315	1.07461396329847
-0.481850142888832	1.11310296313074
-0.112214802246022	0.224968219484763
-0.642333938993196	2.0012021792619
-0.396569187197362	0.87091180604548
-0.586525744764713	1.01039094332668
0.380404046149525	0.539855524953524
-0.0308903010503032	0.0416506030098472
-0.576472881006458	1.16217936148181
-0.535706415667417	0.763451586848237
-0.883293155691698	1.43190517070171
-0.450253467028618	0.671511420970178
-0.656621245594204	0.914096160795102
-0.357289178875326	0.644573278592575
0.297380990845054	0.465222234661963
0.0774212016966737	0.120676760019761
-0.290282981506737	0.482579056494566
-0.334900552904659	0.359566995131692
0.173241192991538	0.166924278791432
-0.71985546122807	0.97395876811604
-0.444406738375699	0.544971668288935
-0.0185270157440533	0.0102905943738388
-0.321399488689618	0.203586776580432
-0.372844884493814	0.178994553988468
-0.223020780996592	0.0820065254901187
0.739743001869511	0.422961185825189
0.604587961638982	0.411219495067561
0.646761574881397	0.657264547801994
-0.744216704976773	0.909937235206614
-0.0798130182935134	0.0519452248629738
-0.843321795888802	0.477961896790263
0.462138532987708	0.287879116373484
-0.0816581651395042	0.0796632718633455
-0.524752881377277	0.541589941214105
-0.158743007180471	0.126235849313695
-0.541256419892774	0.425388492478776
-0.204991534925244	0.156856215326775
0.244190249135728	0.258398457832174
0.331106618386046	0.424044528859018
-0.140015088716783	0.0846129532887604
0.42219110088154	0.30361640829337
-0.962523892424126	1.11289337615359
-0.258141034416082	0.303914643924664
-0.206203864390437	0.180286582506679
-0.258900011970778	0.252293724362133
-0.292823222441482	0.273756410066125
0.123253215447767	0.100122106532566
-0.100486060435828	0.0823976732916322
-0.188079506503888	0.134448188686852
0.616814521041304	0.548961454876273
0.289147148603421	0.304831376884311
-0.230759622577923	0.132040310778396
-0.0841424869591349	0.038095970402923
-0.612835070148201	0.454719749019683
-0.698329970728859	0.434690237144354
-0.849536604698225	0.499414147590173
-0.501798713773616	0.351294659912131
-0.492178771899038	2.75438394537426
-0.610267292851454	2.21659784287198
-0.11294178185229	0.186749464434502
-0.760126154736838	2.22328853010738
0.0531535560912809	0.065635001017149
-0.335616402614527	0.689968463815606
-0.597721598647907	1.4792766351209
-0.325898989757776	0.575809650583501
-0.209137516527328	0.344296375291159
-0.43700355968532	1.14503013847155
-0.661889817425556	1.83532372044084
-0.0607697077224358	0.0818144350923943
-0.059731828785594	0.0692559213768766
-0.16089389100766	0.201643243260218
-0.381134775257917	0.72687416645549
0.36579705696367	0.602276426276914
-0.328108765348368	0.409213607413828
-0.338100378532656	0.349343384226469
-0.707824033115385	1.07843186817223
-0.571245067292846	0.85853684933684
-0.343223273388285	0.604932309266638
-0.0704929595718412	0.0785226304515456
-0.117892752310841	0.15278230324121
-0.313101683450361	0.456994603472935
-0.156309466684275	0.125858601772022
-0.0303092504739342	0.0278463978242452
-0.0415205004529399	0.0314667844326636
0.242862183340679	0.241884728157862
-0.36283117427825	0.265061349474579
0.290561886060982	0.174276575507719
0.56722041324034	0.433743059702801
-1.25925112171744	0.857993117715799
0.824255199990005	0.725082233299428
-0.398903471864112	0.380845920742301
0.0765939001486895	0.0562914967135564
-0.663742465255466	0.643086622880742
0.0369871663662235	0.0234844756054438
0.544766777983599	0.27605304969632
-0.428245272093753	0.308613446952395
1.34480061516635	1.01540143405777
-0.397224463613158	0.407374430613242
0.164608964760437	0.127338197819982
0.539054457046875	0.522567220957588
-0.38143075069284	0.303895077863621
0.259364424718104	0.21213541749146
0.178926066003015	0.154233094106771
0.447407745151564	0.500639677119623
0.0582591788195085	0.0387881565923693
-0.266306549604409	0.17381066838829
-0.389810665484933	0.266004845236101
-0.0199135256682203	0.0108700530340375
-0.670209243438032	0.662831728794502
-0.263426520639803	0.181067001686311
-0.884088990252552	0.954557708045758
-0.593366124033908	0.558004551937476
-0.832898545561798	0.563911679040038
-0.0813484479099267	0.0534623455020679
-0.557944881010195	0.477794848825132
-0.624185604415998	0.64744214393853
-0.139543970792195	0.0860788646176979
0.491499632391174	0.415512890898859
0.14009307415792	0.0918211350903444
-1.14104871157121	1.11625960779125
-1.08219385541825	0.914953662359333
-0.352540374881372	2.11282439097788
-0.547972193677641	3.66119540644785
-0.422188090055894	1.69729864320616
-0.0727124792970798	0.14688081064735
-0.182438637552364	0.371682580873883
-0.0761896731440957	0.123509835156584
-0.189360301964767	0.394718046063548
0.062608460568645	0.103778169075358
-0.273083862577702	0.547796499171095
0.0345534434520041	0.0415278096692246
-1.03486526962095	2.31772445592715
-0.311433473840673	0.516798402363576
-0.237263570468567	0.370410523550957
-0.296073288082239	0.485388598476534
-0.654312880727012	1.50534498995463
0.00416148384000873	0.00475107030735045
0.198505590389064	0.240655466848051
-0.36694823670554	0.57805627935021
0.0615442747620966	0.0797585793095624
-0.468527482405796	0.76219196990008
0.0291259861926192	0.0331458323671749
0.117522642012574	0.114237360825297
-0.25464111975447	0.258248155376842
0.0790142815441668	0.0577811134784402
-0.000686959051980063	0.000607831771550246
-0.860258348627436	1.21744855203781
-0.349813657088766	0.455443494130358
-0.212456956170524	0.225785048139448
-0.256265668282911	0.169622228689474
0.129021399394336	0.0745377853403605
-0.0860393971939767	0.0547576926051953
-0.185102798547168	0.129047473971815
0.0159201004088012	0.0111181846388672
-0.0211737368327829	0.011255692435431
-0.0601144600171092	0.0402106672753306
0.275489957115196	0.210931510366389
0.148268905280321	0.100900638629837
0.16588833015372	0.11733227006742
-0.744349973953998	0.77017586923028
-0.45000212422755	0.39894988302148
0.811436502461368	0.851074071867793
0.0954286957791387	0.0741646685465343
-0.650528893657208	0.605995612498231
0.158547982848235	0.117060669745033
0.00237676962136582	0.00179215085501449
0.0418898455865522	0.0271461276821479
-0.00199754904971815	0.00155266639320521
0.0439399850913629	0.0284536614953196
0.175397208081176	0.151982785923799
-0.670801582593143	0.712047227465106
-0.737413819416369	0.799178466411639
-0.723558262473397	0.640686053220072
-0.663560067843833	0.68872761180082
-0.807385858447968	0.823502038049388
-0.482715066043784	0.45486767776194
0.563720207147156	0.528825741880976
-0.229862929432587	0.194232058437795
-0.317306131456732	2.0458031347388
-0.286263920546393	1.3136644723953
-0.0529558947890553	0.128421089248422
-0.0675715023010575	0.149208246071708
-0.131354909463242	0.277505868886842
-0.000658356622337632	0.00114130990768404
-0.260498582658415	0.702049451247858
-0.0406413369665656	0.0700539900634606
-0.171018930525456	0.31237590830803
-0.225660146279479	0.282473963995807
0.0937534406672685	0.121001503055636
-0.136440291636586	0.220872716104779
0.0505758131897983	0.08996354587953
-0.0737369906532316	0.109529577721099
-0.014361303584085	0.0187576501601769
-0.403261773005675	0.699675316631005
-0.310702868442979	0.586199381719265
-0.47522188167036	1.04525808855806
-0.368763572410246	0.792372703569861
0.231287878345436	0.342044043800847
-0.0589578206641647	0.0543996053048045
0.14953581847474	0.155299234100279
0.0496681274686426	0.0336050314962523
0.667280864002376	0.841175497081818
0.0302266762186701	0.0319230698100792
-0.22462476939269	0.155280628346641
-0.0990521392239868	0.0977015137315101
-1.01952322719111	1.49549873795382
0.96002714924739	1.2486440265174
0.0356173758133475	0.0272136458811723
-1.77307258569858	2.33444625297085
0.261596959487327	0.236463687579939
-0.016181522227201	0.0129301999089729
0.317738905732981	0.296700262595466
1.21937472842985	1.97759097548325
0.0966464152492916	0.0721860808571977
0.224380374041927	0.230090011611668
0.750557272119944	1.11770865875352
0.506051600822256	0.575719257755305
-0.323881982999717	0.369615472158593
-0.332133377262133	0.380264198309091
0.0396073208351059	0.0332295555057244
0.68961352705281	0.909504694126344
0.417888076788122	0.458416302939072
0.0229723172356255	0.0171693450499292
0.162642852433343	0.121575197200781
1.3092577318447	1.36811130997086
-0.556998944974426	0.74812784417875
-0.0550480809992724	0.0425084511790224
-0.0769722645112331	0.0638914486044226
1.10172405410365	1.77570455543553
0.971003550413	1.49453959722656
-0.122827326289129	0.111025820173439
-0.121448239393938	0.112264539414866
-0.672805420262709	0.350398092905828
0.113614438144567	0.0537066565278029
-0.399090570182044	0.417542582683229
-0.0384887283615881	0.0202211204274553
0.183009815098552	0.152300505705269
-1.24622705022575	1.49858689113356
-0.136822520123332	0.299630998724986
0.0239082002222597	0.0419890567356909
0.096085113986413	0.13859117431383
-0.464481908654682	0.744036809404021
-0.273875884550811	0.429093996028694
0.295486571560777	0.603391599012383
-0.0928195508525486	0.159817473615982
0.118957946631331	0.192791439699834
0.291917039870787	0.574920744771871
0.490556207260988	0.958821363745029
-0.269699760382	0.484769436684114
-0.561731118340617	1.35767578231395
-0.492893312126925	1.07316414144401
-0.686296406541018	1.76802151721303
0.274567000057445	0.382126443964838
-0.100824892885762	0.0823866244443517
0.0312124127648095	0.0195849013695182
0.11115215545374	0.106691092400815
0.110436810237111	0.135708676514243
-0.251924658675061	0.323610844675721
-0.14212883041823	0.158458167642892
-0.364731649794527	0.40755838945769
0.0349474518951112	0.0277184554802819
-0.0791959394126784	0.0595372359578013
0.100402636518228	0.0818135961647272
0.268259179011426	0.220327833898893
-0.324378944539273	0.296084953487206
0.518188272775769	0.608369150378242
0.561049819137842	0.689165451983192
0.0656797647749166	0.0465785503858424
0.113760615865432	0.108261989790034
0.455447770117391	0.496538309583694
0.343009260622821	0.309325944579122
0.0449576599709287	0.0354685854197352
-0.0125425692815426	0.0102030455622083
0.229381546908312	0.230025261570353
0.123409584363818	0.100140237599805
-0.0467106968583385	0.0442817444710284
0.396061046500874	0.397938766398082
-0.111383857901858	0.100320012146182
-0.459743874727276	0.46124503148668
0.017595218546803	0.0131921513572906
0.372474870782994	0.312576639749179
0.534952818646248	0.425686335960614
0.722458449335444	0.711883904557248
0.0384867256242423	0.0298529706903283
-0.0653630040234716	0.0574379055999592
-0.0608578023415808	0.05313974553455
0.21739363187226	0.223772908595206
-0.494720298521125	0.565795702232356
0.669081103223277	0.92785171570516
0.0949341620064603	0.0751357310485403
-0.737005255796392	0.732101966733471
-0.835391334997082	0.38727347745158
0.374990044057072	0.15359158120241
-1.05129289823663	0.575164026889131
0.0262315158396637	0.0160838891181458
-0.0291334024968601	0.0466070468194285
-0.683679776209212	1.70142441209263
-0.0637863659936174	0.0885339176829324
-0.159706510046673	0.302402070356106
-0.145720007849015	0.311113290964627
0.0163651664090549	0.0273540058076016
-0.0895668410699881	0.151177774905429
0.183633321141252	0.281779089053596
0.109736854505383	0.175939587503702
0.000792358684807701	0.00115251735643225
-0.0236424610463341	0.0346747874501983
-0.0752952254935325	0.104675342429392
0.433993612650182	0.80046455020146
0.161581883322673	0.167159415001264
0.361747388372618	0.321158291356002
0.00545365165360411	0.00490738335798002
-0.0200736958878983	0.0243559904722915
0.2681151374015	0.215484836340037
-0.171873530817484	0.173914822393751
0.256495767769146	0.203704746829128
0.633244184735298	0.643799006839729
0.515310187214307	0.641771516207156
1.0066207254337	1.29397469552874
0.593910295579443	0.762504014333838
0.186912641387339	0.212943177558882
0.782411816389464	0.914588840221729
-0.335072142634613	0.332151615494607
0.118693703729909	0.107533517090603
-0.638301482243445	0.930541632298299
0.246909026152549	0.229869076146916
1.03017330439915	2.1100451350683
0.762561846788165	1.2580713875746
0.102121119558298	0.0838361982238419
0.404522188938198	0.461687775026299
0.340623483420992	0.327203390479034
-0.48935531728002	0.436047591936676
-0.0697063984940907	0.0456308618183729
0.820572155398036	0.57806827777827
-0.0137972841877804	0.0114280098673977
0.351423396864442	0.38161269175081
0.0433851369869324	0.0375130269291616
-0.141812184565719	0.146638166546511
0.447965595766386	0.549289370329326
0.239636812806669	0.281089310631855
-0.12600448783821	0.117908804250629
-1.08820605865195	1.53452366681472
0.261625041318351	0.193957316601928
0.0898267552079947	0.038706324967244
-1.09744618998393	0.474113478007243
-0.585008204493309	0.235645522718231
-0.293141505940319	0.154804486637655
-0.444956383782682	0.255969868666374
-0.453501143652298	0.266054551085129
0.183677196464914	0.152203882553011
-0.0104559148093798	0.00702122570453641
-0.012489468822545	0.0485020600873211
0.0459831085385142	0.173153095583763
-0.0809478278117876	0.222677479145108
-0.392877091777218	1.65223292836758
-0.086470854628706	0.15464408875286
-0.660021882120298	1.48439506744172
-0.510527930432734	1.0432463858504
-0.102028182743333	0.190389006581642
-0.267965882146491	0.79137701391639
-0.58942118544367	2.15593018810121
0.0448484847275796	0.0692510199750868
0.243092824593995	0.414755704554264
-0.554727390430537	1.37632787793346
-0.607622954605751	2.10568342452851
-0.272911476513161	0.60701390825322
-0.561811668612319	1.40988758278209
0.169208080905605	0.227217799136898
-0.0232168489023959	0.0190124339216051
-0.232837685229291	0.176944583351559
0.348541075619927	0.470215931128081
0.0603312605611417	0.0703432432990614
-0.213239974939623	0.346733568486255
-0.207038668069878	0.195647769446084
0.113978560999723	0.105640173415084
-0.0273139378537634	0.0233212004735553
0.0209436640715125	0.0160479998477783
-0.293996031017453	0.289776945858363
0.108053075054705	0.0946697688764537
0.138856711131643	0.0884324927100174
0.0691820006788215	0.0614145757604494
0.058066065330521	0.0542052720789296
0.0511071274281106	0.046232698664215
0.33807719372739	0.374279185201895
0.0558749885267756	0.0487195093319372
-0.634835086352654	0.910561571387001
0.175404973682394	0.159360526573906
-0.894000501532509	1.22309146990476
-0.228314948312566	0.208657787670579
0.240536072721339	0.219680345597927
-0.454157555812418	0.458489762370769
-0.177296085094524	0.124931535183877
-0.0685447463882387	0.0336319179749325
-0.167915951103202	0.163440815908161
-0.651242895855127	0.783817932318331
-0.726572451256599	1.03378713198909
0.0437557652135672	0.0383737574388799
-0.180364728283785	0.195929113251538
-0.0946085423575856	0.0912694791604173
-0.195969595648849	0.20549266717594
-0.701292630079809	0.809221298569098
-0.362798447140516	0.297712340731033
0.279453147221778	0.165703222228319
-0.158145352490082	0.0677363470685039
0.108230720002109	0.032394906422211
-0.839260453723205	0.393194546848372
0.100695116573214	0.0300028983375715
0.0818764751479077	0.032155773127938
-0.162734248992983	0.0687752633996953
-0.501570192215909	0.42931828447786
-0.639483213297048	0.5414121643438
-0.365857545508068	0.225519225247698
-0.00308428484340964	0.0115329573432567
-0.050397417595658	0.196585433159964
-0.104067208496768	0.35403461558183
-0.0587881053561166	0.167239562141892
-0.237412916275113	0.906406796464937
0.00524429461335607	0.0107139749109125
0.0685866939810078	0.129488378733634
-0.573405261390905	1.35947042030784
-0.484034934233591	1.26448771336427
-0.183871572623212	0.441463048736282
-0.354367882274823	1.0987773086061
-0.184022578323139	0.435770231086715
-0.186037539822763	0.379016481958526
-0.230593547211545	0.427180848592305
-0.0740846566015314	0.131337359919388
-0.210978024538146	0.469407516762603
-0.301293696840268	0.719082763722869
-0.274496126393433	0.544646711360976
-0.700664932410345	1.23160837211088
-0.229739663700415	0.218094152482538
-0.824628694008484	0.773605659053938
0.426968123983598	0.534838020127701
0.135041446972461	0.176082457104003
-0.675706534262589	1.708034170895
0.0877488153900726	0.0926756952929951
-0.172059288381497	0.193615294488448
0.235971110171545	0.338776836011455
-0.00659612163296862	0.00602299883225433
0.055654326725426	0.0503336825886617
0.168474808522246	0.200730867675978
-0.130941830021112	0.138377536581539
-0.491328356551836	0.680855847828148
0.1187187043302	0.119645800322278
0.129086058835648	0.104158714941647
-0.211801512456369	0.206132399437569
-0.0839388805142147	0.0844150184052507
-0.0770755292798947	0.0679174106954517
0.00907195852508647	0.00773825354814094
-0.145765441142389	0.118447449769949
0.584521108313652	0.716875423534228
0.264737640858583	0.224961682432522
0.144801401860354	0.0893650635025379
0.508065043597431	0.289843113841656
0.661355444839083	0.76997081994416
0.997677588179616	1.49238879143768
-0.222773599309456	0.250057715763051
-0.323142224938677	0.327486528447743
0.381942505121739	0.456253821340391
0.290353013553949	0.310743215317497
0.161235634154123	0.164872056963411
-0.128360093310969	0.103267037467408
0.314371399967799	0.305571252451893
0.185776775282967	0.143685334786045
1.21019730777908	0.660925321745373
1.90241023256605	1.20089927039883
-0.462847133216176	0.207713698731469
0.626712267325273	0.199948384911517
-0.387414800382299	0.119080555694114
-0.897312062150852	1.18914893431323
0.0447800223266685	0.0290062927002764
-0.324703069754515	0.238564575060825
0.138194156660479	0.806910785024673
-0.139633351089619	0.683620082637305
-0.33256425720959	1.87201986582993
-0.397213149621731	2.16645553487379
-0.038070619485369	0.0903494908019775
-0.458109839081985	1.58043367454615
-0.87553943132385	3.24994009048966
-0.375753656143878	0.909904345798814
-0.308977498871995	1.06952879943161
-0.179939392319291	0.52484283262138
-0.410374189931436	1.45470423162404
-0.0350757912406123	0.0566528973952669
0.256842264314617	0.540775389721387
-0.243078126259624	0.555080524911988
-0.267353789458086	0.661725372513751
-0.101671492030361	0.195690383217115
-0.101995314091455	0.174836456000531
-0.400427226693892	0.565456121775784
-0.240597753114552	0.186620525575397
0.269534706541403	0.287202713640673
0.0659179415625728	0.0808442934099841
0.197036769322143	0.295917863943799
-0.0931394111956789	0.104203636809919
-0.0256562508360446	0.0275488728450587
0.108064036414698	0.12511882410359
-0.204316240022157	0.238343360778267
0.167151235134274	0.162867426840101
-0.0791886561783337	0.0802923529907966
0.335551164854076	0.461082741461881
0.219337385849176	0.207294100632512
0.188884732945629	0.196550036770709
-0.165756445641613	0.203320561914356
0.143895285176813	0.160567715455458
-0.114218504390299	0.0917032966020562
0.587165371782545	0.793964408835337
0.254577951816695	0.273317785333751
-0.243787938806203	0.252864023822489
-0.566153601819329	0.582706396548569
-0.208378261029308	0.161720275584616
-0.0342211695157801	0.0178559535401666
0.0253365006466684	0.0188707404305585
0.10969730343656	0.110302877878512
0.412432596440841	0.513228028425065
-0.220015117628625	0.227187061284084
-0.0588868737227632	0.053332988678319
-0.277389425318881	0.296235303860804
-0.0981929615476653	0.0937082341439694
-0.179685424898019	0.13884287596142
0.708407313853609	0.769468945227639
0.130597256331498	0.0743022797647719
-1.87726233275914	0.809546531938739
-1.78593882430978	0.438502679264093
0.101761412778276	0.0298505896142007
-0.385817123341917	0.1151032481101
-1.55906333315202	0.580168763315108
-0.0939864010752223	0.0672089629205178
0.0780223598602239	0.377666772930587
-0.21110901368663	1.29195109412254
-0.196504207291538	0.871028734793618
-0.113627674786967	0.343141427281366
0.279297550126236	0.983619827077155
-0.520188792034325	1.73516192274174
0.325481926227912	0.883532542040919
0.0941104800460738	0.21903592450999
-0.214951265951737	0.698126949009761
-0.329688983641538	1.07336143046264
-0.199240682754432	0.466740855375535
0.35116232404047	0.889512262752625
0.200735234434297	0.457572533392085
-0.2320719886642	0.624923345587816
-0.384015820244248	1.05830835665389
-0.451978160050627	1.20661590558473
-0.0992402326414854	0.131404664667631
-0.472646466836649	0.451455001126634
0.165531296635029	0.198149269840738
0.046276562297615	0.0630889126716972
0.30528521597767	0.569803247648861
0.433308351988657	0.745008762517148
0.559990793821213	1.00727896840236
0.382698021872675	0.556018436548262
0.73345844638267	1.24907524069536
1.03890471199646	2.1138657124562
0.229939582040937	0.227879364775591
0.046144033628398	0.0420533659083207
0.159074833720074	0.165217021882172
-0.461430581215482	0.502721485304135
0.0425327802213452	0.0338440979944178
-0.201000548646864	0.218487540572329
0.253507282914054	0.314275281880349
0.285314935049314	0.344777630435856
-0.0022335183743737	0.00191313069526374
0.226954432003554	0.221654252838309
-0.372753084235291	0.279611276483354
0.280957357545922	0.175503338410314
-0.486084590866217	0.516019138312306
-0.00711186987701146	0.00595044764350822
0.276053576154086	0.338239371871507
-0.269752114628985	0.321531504323808
-0.223197925391159	0.211866847747369
-0.598112177119831	0.761177103425378
-0.766282003377243	0.992910743530198
0.0920483082637968	0.0787242695189336
0.169513655212643	0.116956996215195
0.024136209635935	0.0146046491822135
-0.670441278400072	0.349959468170089
0.464336919364376	0.163738497192423
0.622964300445271	0.200951799928207
-0.291949673887983	0.0997020403248869
-2.35942703244302	1.23627740041974
-0.176652848415886	0.151541554239944
0.0962330808976824	0.524391299959208
0.0486365662617979	0.189111969773187
0.117880551219144	0.458725203289572
0.0636929188912674	0.177412935103894
-0.21813383822042	0.640240955092835
0.00213158063493356	0.00402997714155467
-0.107640231837682	0.292447849263417
-0.137812531334681	0.4403291914923
0.162990604409826	0.474944510092371
0.17933039252929	0.515201834567563
-0.0495244710661025	0.0902644999490192
-0.174617140148929	0.415272283739628
0.0558086058069189	0.117144802692426
-0.454140775636819	1.56012385959603
-0.154190319482091	0.312474705536409
-0.330501294952257	0.491168620211432
-0.0145197979565254	0.0190259263009106
0.276384669440663	0.529264042461763
-0.342527567510511	0.636786491137533
0.457005623694693	0.827016815552761
0.124576840902654	0.132834378881441
0.314983769658682	0.372620217526086
0.317958356382147	0.391848497396802
-0.0851736712783026	0.0895687262743022
-0.28423880833171	0.328248582514604
0.102219615748413	0.105759504708075
-0.592246370792128	1.03398087389538
-0.0071365861712164	0.00604352562189683
-0.156594116666939	0.108702481566742
0.468198735845841	0.416238962344332
0.0997714694210449	0.105553832525637
0.47747639105864	0.578317673369269
-0.147096272932027	0.170743975077283
0.410163614108473	0.492276850741169
-0.0338926774585221	0.0346374246118381
-0.564396888226309	0.746653822893397
0.18134575028694	0.162319158546027
-0.599673803040288	0.71133966060383
0.353132095435602	0.323340126220391
-0.470983896809761	0.207016432605201
-1.22568560822148	0.736529232774376
0.103529560349089	0.0311123486344785
-0.459385448817437	0.205642920404858
-0.921286931461013	1.17738117972262
-0.000500262315543927	0.00189353484718597
0.0317335522546533	0.121916902164473
0.0149004249120275	0.044296034428102
-0.351682963560294	1.89130111245778
-0.560883172581054	4.28336285678276
-0.410678384560654	1.9909198709084
-0.343539878495536	1.30426652622734
-0.469014168914829	1.7464825512347
-0.180854578372935	0.489452477229425
-0.502715110038165	2.34002593175399
-0.334771464995925	1.06809296163194
-0.18903406377767	0.437450075307159
-0.95525560188916	3.38210642925107
-0.130182927038357	0.165074224691161
-0.188493704514304	0.324315217706321
0.855480257779002	2.78805088950813
0.452645686222411	1.01094591152622
0.460700565742042	0.812123735905874
0.178406331611549	0.192912045482253
0.267015912783562	0.301349705605289
0.250968986815815	0.31304371204297
0.0990536988594653	0.0918533330043299
-0.285592662658481	0.242481145397514
0.142161866800072	0.0966643526201062
0.479014984115988	0.635026869035218
0.514967332206432	0.644446334091894
0.153378618895014	0.146937454178161
0.180391685751476	0.200804719886304
0.0600797793745582	0.0598135699627906
-0.0449211365732037	0.0439784604770884
0.470446272599069	0.509024090073038
-0.382124587066422	0.391721668666716
-0.67162147113876	0.349301728169769
-0.211538355704268	0.080673971622883
-0.702820721324565	0.427416945803817
-2.03733455857972	1.48375594017839
-0.967414591054206	0.723880073516257
-0.405313110146899	0.383823135341277
0.0124289056755142	0.0491992368195497
-0.24137194615961	1.59453415443007
-0.291084922687486	1.45641183599962
-0.193474586314584	0.880825253052573
-0.429450915996838	2.77353166915725
-0.481806660219477	2.69480740915174
-0.328094363829624	1.30851554791361
-0.0410198563753826	0.0863517589985312
-0.142055244444468	0.351373232205156
-0.874235671569028	5.53651029904211
-0.261084783020751	0.727360304701267
0.246671828559919	0.438766150108186
0.241535184714208	0.51298899441766
0.434216748933394	0.940944127152001
-0.418011815678409	0.508306010815679
0.0063572542427412	0.00581395739415969
0.125056572113605	0.134235519638138
-0.508282362944017	0.739641746706534
-0.414846825789918	0.572279753643938
0.170846219328906	0.129831745319267
0.327765369092135	0.322445702481284
-0.240325838535345	0.221864503791253
-0.622086995900259	0.884483805986218
0.0395372205689038	0.0327584171584024
-0.5887850345355	0.237422252793502
-1.38482104516613	0.936822854287305
-0.0851800378893411	0.454730126727183
-0.212000636335909	1.35630077121418
-0.0964810826245623	0.356083969317488
0.255454040667427	1.21744492066863
-0.0636152373646308	0.171914260667141
-0.298085606952354	1.1073523560565
0.112115322126304	0.311145195644867
-0.0187974098144647	0.0360416317568055
-0.0235467557981223	0.0404435592776809
-0.26345697134992	0.73850948772525
0.201655108725495	0.413130292678808
-0.470515163210058	1.28646409617785
-0.102046004200549	0.141443318599103
0.120205800623918	0.161737091605066
0.171694322081766	0.123825234419245
-0.30422220524503	0.298096976624111
0.096849768101872	0.096083778298148
-0.411714752963221	0.490495239095251
0.431623548665194	0.58361903314469
-0.0986921339295447	0.0815169964940597
-0.145625066387836	0.14304617839407
0.09250521840915	0.072473240747033
-0.746197102131708	0.926301457853064
-1.38865218995448	0.92068814705514
0.156898401404528	1.11115863083736
0.103631428900842	0.526084423660617
-0.124132876086632	0.511336653287703
-0.395646922678477	1.83553569846613
-0.116331952284713	0.253294384823131
0.0464931710282309	0.114821020719266
-0.136714657104881	0.33545908731244
-0.678095813070217	2.08785831979236
-0.771155380143663	2.75135958991612
-0.0417866657398124	0.055300712318166
0.0201181462278042	0.0229755201436957
-0.207436800788152	0.531903013191254
0.134941340591961	0.300366002628629
0.112298895340262	0.209464996756598
0.0122868159437039	0.0119067333841506
0.118228548781196	0.156517700214408
-1.34544668406716	0.648505997878093
-0.181703770559828	0.128390622228617
0.0978685689848365	0.0298543200160592
-0.661175744106054	0.981785158680737
-0.00607066266577898	0.00508538433358602
0.45131038177906	0.55798628739577
-0.285519376077062	0.215854370976641
-0.0281498329133613	0.028588315740489
-0.363071497553041	0.317222952737401
-0.62310296732218	0.467925080771925
-1.09191745531136	0.889811328087825
-0.666365336897121	0.668751269860456
-0.603981496476798	0.713651677335789
0.0910832787114607	0.516102241201573
0.115034564413407	0.608471610036751
-0.199402744941265	0.994139854821458
-0.216299883153249	0.79563221905242
0.201755439263337	0.818565554268307
-0.107171243250783	0.284528892641852
-0.312365306245151	0.939690880098568
-0.384771548390197	1.1966809877523
-0.00945737666502932	0.013556956747287
-0.219382432784199	0.404945465987606
-0.0493753087967701	0.096771057042678
0.174939786623618	0.425931296084134
0.296760752117412	0.72236255999491
0.0662536305554672	0.061814768830879
0.39201763837456	0.44784252064825
-0.281762793365918	0.238040906638226
-0.167269162595571	0.1479288338167
-0.0823734038976513	0.0618847595051189
-0.473371243556419	0.479621946674467
0.0487601167094936	0.234684188681448
-0.0685919733485912	0.305882411442801
0.0210607181842127	0.063269517682171
0.0125189200243703	0.0358002560433435
-0.347494370802406	1.5822966392312
-0.360897637408916	1.55895288899685
-0.732683741992344	4.94859157758881
0.0760453372947557	0.16992912038626
-0.0606040348452171	0.122237896709173
0.109439579111663	0.254117961733268
-0.0561424677167679	0.0898694422756406
-0.31940729836778	0.364729518920092
0.054833457438296	0.0478431867204054
0.0247028596242481	0.0261725730911812
-0.0398857728200188	0.0396281373933759
0.0708476436159242	0.361648067174379
0.163838251320185	0.879312770190279
0.101185129098753	0.381436430540182
-0.0649108768910692	0.180991096635955
-0.138019425514696	0.461993037784191
-0.271333795338859	1.12318268236239
-0.201727528102535	0.658589082157805
0.114256292325583	0.289625558750061
0.0704602227459676	0.343516345341674
-0.110146953173574	0.547577642398343
-0.00166227508824093	0.00437574326066831
-0.355566517682319	1.97119135374318
-0.26719188430649	1.16415045878993
0.0605668611537801	0.155498156627876
0.0568001420691131	0.125819211104565
0.0930590433122772	0.183683654970932
0.0343310694520195	0.155482276440643
-0.169040542823384	1.00059002659847
-0.104906672402654	0.393931590379192
0.00537349039025089	0.0140701728647606
0.0912960447139588	0.257036148694401
0.036831800748861	0.163811844061531
-0.144546307443439	0.769298195402225
-0.0627004098921959	0.204831520142973
0.0593354005101433	0.162949434113056
-0.0344679254795831	0.142570027729634
-0.243800706119698	1.64570334849155
-0.0424872982255298	0.129593072475196
-0.0409269944830769	0.112764689623194
-0.0601745584597444	0.151958202037784
0.0586525950895457	0.284077166683974
-0.0944964003822026	0.421850443128008
0.216419724031619	1.06797110009048
0.193724738052893	0.672979083440553
0.0349146758873706	0.151300886425813
-0.0208654773624378	0.076293172651826
0.181946112548573	0.781014990820405
-0.0412631455018436	0.184294639923438
0.065721674978719	0.276912290910648
0.238843959229277	1.09418955740328
0.361310367003125	2.18415995931253
-0.0612210859407223	0.171158792838586
0.18889791453393	1.48442991680342
0.106452967666811	0.573336175865135
-0.10377159135494	0.515324958401209
-0.406597869170447	3.74357027743564
-0.402211457843009	3.14112279932661
0.0514038072714305	0.16825614127024
-0.72741480864613	6.3737382709899
0.0238141495932108	0.104529493842767
-0.160550268677952	1.02508858771055
-0.330557109521351	2.72191640873848
0.193926749546643	0.947159718465765
0.380071425697602	2.19503237496161
-0.253441933861892	0.95687487811964
0.112773854648363	0.699431019211256
-0.0706358257967108	0.356159136202658
0.339677785310837	2.19746010068248
0.646981860580909	4.91419006520488
-0.222033728685552	0.673264248117726
0.0682399871889496	0.370080497041765
0.241263427714597	1.75666085131239
0.252444397158278	1.43331653825966
-0.479611239335073	3.24864701277182
0.0973763153735596	0.53175981872121
-0.0361504426332839	0.140575209833306
-0.738396923518174	7.41036519629971
0.0960779262067654	0.541448729513597
-0.113035311406507	0.562616837775312
0.0885394249626414	0.455583691104929
