x	y	clickSelects
-0.044147123577421	0.385279510023069	44
0.059630395261282	0.110321249031039	44
-0.044176834607404	0.100252958759811	279
-0.038557802363748	0.0973699014911801	65
-0.032821156918564	0.0988815735560713	633
-0.034666801812777	0.0997029697152663	57
0.016608721951662	0.201137046545949	140
0.112372399994365	0.0819324756490595	44
0.108346446844067	0.0864703733859006	44
-0.029541599186673	0.141583709856535	44
0.039034250268716	0.0794297654505771	44
0.061004876128359	0.133674543832193	329
0.00682268562840599	0.128306560416291	329
0.085597865375099	0.133838141849544	329
-0.073997686977498	0.243267908568394	44
0.096933610768524	0.122462408261633	44
-0.039792814428076	0.22181540056067	44
0.068961578188418	0.144435524883173	279
-0.037450417018744	0.0985460555820956	279
0.066504542440129	0.142908504767388	279
0.031355196871011	0.152608169182328	279
-0.085147395293839	0.343012967040149	279
-0.111712096482334	0.408458089514258	279
-0.118517971471005	0.304627279357999	279
-0.023315110171761	0.227503719117181	279
0.067460597374404	0.129507604501839	106
-0.079427444847382	0.271218294839766	218
0.032224229530288	0.151633605897168	218
0.044474034989221	0.159216779653429	218
-0.065208619494259	0.305001120288932	218
0.025905425425934	0.155391387826781	218
0.090579737858993	0.128626153275957	218
0.056818675087184	0.132576353827781	218
-0.041078746481431	0.155644548885539	218
0.039622573053485	0.183958137306509	218
-0.050686900798977	0.263752125132515	218
0.069874684028578	0.139396478879357	218
-0.024184230470036	0.206689733177993	218
-0.01471951439312	0.175339455108171	218
0.067532621825414	0.130687227808656	218
0.028019843003568	0.155729241609635	65
-0.111232217020946	0.214248681002591	65
0.115799085714124	0.0973349707467291	65
-0.119640510439996	0.309003222344631	65
0.083458078086097	0.132268961529935	127
0.034821046777471	0.0838903568248648	127
0.066246364037944	0.131488798490894	65
0.015694322197951	0.199850012257605	633
-0.012257511891007	0.224223746220714	66
-0.075516713748563	0.28636386230529	66
-0.00663072043857499	0.217280028624076	66
0.06585520069956	0.130971802619738	71
-0.010609536135666	0.223963148626364	71
0.06189465709207	0.150323753060232	71
0.121533713647526	0.10159093225727	71
-0.073322450520325	0.220674611456541	71
-0.117681431375556	0.259331749848299	33
0.039492902548976	0.139634215786287	33
-0.073576314634449	0.245133648871439	33
0.099415828788512	0.0896823243502181	33
0.032913383393464	0.0803809256316934	293
-0.113876392188581	0.264355739189796	293
-0.122413960134721	0.222603298457007	10
-0.041949673887983	0.0997020403248869	10
-0.063832554801919	0.202774056944461	10
0.013748481441559	0.183793165025745	7
0.11396291643802	0.0995308977813582	7
0.092592685918482	0.109106859877557	7
-0.042914339586053	0.219217167242898	7
0.109774156905322	0.084989144087589	6
0.088455639828229	0.0686406426894939	7
-0.035269950481384	0.22518096276986	7
-0.063832554801919	0.202774056944461	116
-0.053696251607933	0.297276724953646	116
-0.124754874705976	0.331351075424451	116
0.084411791834922	0.117741621772036	116
0.086080726528577	0.116519008655097	16
-0.030458289411396	0.145050705158105	16
0.099830796610448	0.0914753091297084	16
0.098453093010664	0.0935984288230888	16
0.091854647509918	0.0677363470685039	16
0.028127826835431	0.0866066223589225	16
0.034518540255033	0.0835298070606415	256
-0.00761941941802902	0.173677883774204	794
0.062465294056694	0.110217090050802	256
-0.030298813918442	0.14390424467444	126
-0.025990311424372	0.0898986874532016	126
-0.124945060948787	0.235295101235017	126
-0.066997849768986	0.201331080951987	3
0.060932531601975	0.109181611774227	3
-0.00235090763321	0.166502065615881	3
0.100782283146169	0.107870019416031	3
0.026939152345691	0.152973750335819	357
-0.119749796921762	0.25864631725175	357
0.013896722136215	0.129058450624126	357
0.01244066331937	0.131665084760355	357
0.054882296459513	1.14427118039596	44
-0.113870785402009	0.366131986447706	329
0.034580758798915	0.144110873653425	44
0.036840687242753	0.145414992363416	44
0.012211694045021	0.243299084282703	44
-0.034835380799853	0.298583543573964	44
-0.123536280354901	0.232563647282714	279
0.031064151415727	0.149732573162525	279
-0.042509991977067	0.101934122656818	279
-0.039230114211057	0.301302852244849	279
0.095362020141375	0.151070756253707	279
0.104547331002388	0.0865971436979987	279
-0.070263611901653	0.243670174199058	279
0.030805292148008	0.186708516294914	279
-0.116699781781475	0.500483908462054	279
-0.035645981353249	0.242357393052792	279
-0.111676815549434	0.177710154760845	279
0.106877852285204	0.0871890837117342	279
-0.104325303073299	0.240056073728444	218
0.014264306484244	0.122594803069583	218
0.062742115669533	0.109216644898474	218
-0.062800988668238	0.206962461757117	218
-0.078258747210525	0.282567453117896	218
-0.012691330345537	0.176843643476277	218
0.029448499394324	0.155019811360097	218
0.118563652190331	0.0957945606590231	309
-0.033907625536917	0.14905114587847	218
-0.032764942154256	0.145873726870682	65
-0.046752986536593	0.249548460260809	127
-0.105642379264521	0.403258203819817	127
0.078807968590273	0.16302737199894	127
-0.115078456978416	0.222450584726941	633
-0.117789533589694	0.307794130421116	633
-0.012327872266161	0.278555496471846	633
-0.108323409570228	0.316960442761779	66
-0.112234484274912	0.375863674360034	66
-0.012872326338171	0.312658947856815	66
-0.023344217162097	0.269756130013789	66
-0.112854379512216	0.26230336003484	71
0.03185056540674	0.116700053283189	71
-0.019112860836535	0.179168927613335	71
0.051020917106107	0.17027184603225	71
0.037421750652508	0.161647389188627	33
0.00225718723967	0.191931576906821	33
0.088516413271693	0.130108541380243	33
-0.041078746481431	0.155644548885539	33
-0.015043350217969	0.178280444223354	293
0.061448170064056	0.145357826576549	293
0.023119100855344	0.0852611612353138	46
-0.056965997178913	0.201842053568975	46
0.070334223870523	0.143532699801917	46
-0.02030187571205	0.179728248543208	46
0.00844450991534801	0.190020096497236	10
-0.122133994552783	0.227244061932497	10
0.102663716818365	0.0908806249880266	10
-0.074369236658165	0.245433159347167	10
-0.035147906705372	0.241885542089493	10
-0.016756900223772	0.183107068354191	10
0.060931873048536	0.134070522025278	46
0.00729222457242101	0.231665479807413	7
0.081274965658176	0.0700443890941612	7
0.087671033746337	0.0699594559399261	7
0.088455639828229	0.0686406426894939	7
-0.010071449012764	0.235446444358025	7
-0.116649036015554	0.264937072129368	7
0.029895004172647	0.171620584699618	7
-0.061506374143111	0.336732138354412	7
0.116359321932296	0.109653368811922	7
-0.123057004383544	0.226094526337491	7
0.103701720954804	0.0890341207480028	6
0.066432337117799	0.147930141106332	7
-0.073050499258962	0.272061351185448	7
-0.070654168914527	0.237933538092898	7
0.090026883780733	0.0686499958168626	116
0.028378908086965	0.0860146778006772	116
-0.036334661817441	0.10048957400549	16
-0.035776590878588	0.0962571720116781	16
-0.030793978226643	0.142391886167731	16
0.089623153806677	0.0668978496737645	16
-0.047043521028116	0.100061325242159	16
-0.019888324229739	0.201440229219697	16
-0.00537914116495902	0.167063577711583	16
-0.040749172421685	0.314793481061985	16
-0.118317704974297	0.273868612120861	16
-0.079623138401993	0.320335853075401	16
0.033816289788718	0.147735626309002	16
-0.111575745546715	0.177868923317431	794
0.061466451274455	0.131581540308181	794
-0.065035559920397	0.207266323331744	126
-0.097195744155323	0.340646559209942	126
-0.124458373706962	0.273753695045188	3
-0.115109503471282	0.215703821726022	3
0.021894118909299	0.127655643795404	3
0.088484269187923	0.0661144289487588	3
0.032008193254151	0.0825104649056222	3
0.033695112568591	0.0842527587055829	357
0.065482790885184	0.106977333423114	357
0.026428855598276	0.191419658377505	582
0.01674660138407	1.9696547716037	44
0.024232954068185	0.384446605922724	44
-0.015462682990062	0.309938162117285	44
0.016271050986458	0.239237555044473	44
0.091646555874168	0.154732290326892	329
-0.011690210061132	0.31438628077069	329
-0.04098057114278	0.377087525550342	329
0.09282120342179	0.114155509821769	44
-0.121936048145509	0.268558124122918	44
-0.089793315857336	0.449360676528434	44
-0.072941752088069	0.418700349383814	44
-0.036542212419064	0.315791620673835	44
-0.117135633018442	0.301319752192576	44
0.000986677799078989	0.195404578344896	279
0.047535965166159	0.228656445149469	279
-0.092158576584582	0.363005342669732	279
0.064951736897516	0.160956278709932	279
-0.019448369537549	0.240302267648246	279
-0.02153804286181	0.293117858879972	279
-0.040663970401777	0.248171143982297	279
-0.092140919504471	0.35114160591137	279
0.093608841742392	0.11420104345808	106
-0.031532743806358	0.145680881549073	218
0.119490896453723	0.0948824885256528	218
-0.045451978974296	0.154697251417915	218
-0.016087992377216	0.1732165818596	218
-0.119710515565	0.476549424906195	218
-0.034158929520914	0.330378075430983	218
0.121024891330186	0.0944338802661053	218
-0.069321073877632	0.201921123336146	218
-0.076031835203779	0.344109443557504	218
0.065603732439275	0.107391042996372	309
0.068707482835354	0.107513788662522	309
0.088455639828229	0.0686406426894939	309
-0.111575745546715	0.177868923317431	127
-0.120663436917228	0.417433677556382	127
0.093666802749561	0.142129648838169	127
0.00449986346027101	0.277508499251206	127
0.103193549588339	0.119879692339189	66
-0.036022347143567	0.311236778095847	66
0.121717031365194	0.0945462648051858	66
-0.047823088398378	0.340404674675027	66
-0.106007089402405	0.412624312500667	66
-0.019267207790535	0.19867552741389	66
-0.116555254521681	0.178342905360421	71
0.104866945301264	0.0863151378414051	71
0.027916153557003	0.148786191536368	71
0.049244861762046	0.157225188822434	71
0.016947677798064	0.263083250984118	71
-0.106539926565038	0.438812943877616	71
-0.019769876511957	0.273251965802056	33
-0.006822346635595	0.171202112321997	33
-0.081680182944951	0.279834544201748	33
-0.06411496212536	0.234175544129138	293
-0.112701536766098	0.177021009473907	46
-0.034310279701572	0.146572411623769	46
-0.120754558725035	0.234682776242234	46
0.055381727003446	0.153657711142989	46
-0.040460197490611	0.242870817138581	46
0.044444227496183	0.160296399408984	46
-0.124202853182616	0.275935459579732	46
-0.00403386360736802	0.217180205492845	10
-0.00190397679100202	0.211942927847264	10
-0.027479393247274	0.207335482188764	10
-0.122028441536717	0.515343645338052	46
0.111714322985145	0.138693010372922	7
0.064902847568284	0.109542596485701	7
0.071025679050599	0.102418250030633	7
-0.092442661956696	0.362787851975366	7
-0.085029426534428	0.372153210432996	7
-0.081098955931748	0.328411027110508	7
0.104719817705269	0.131219350414955	7
0.064053886863304	0.130129250723468	7
-0.077719388873869	0.259787718703315	7
0.072186699200257	0.196984715991706	7
0.092382834821816	0.135464928954361	7
-0.077571451133026	0.295027209822216	7
-0.040402672761663	0.262905782992388	7
-0.027565868238051	0.256310778253681	6
0.021740775114229	0.214821836907029	6
0.022692936684952	0.197040157248	116
-0.034002955136234	0.329895630623151	116
-0.111697952541136	0.173126093371318	116
-0.123723654789771	0.175739623503187	16
0.084271961247091	0.0708414880188827	16
0.074541345912835	0.10147278794297	16
-0.111049968152409	0.31151374054658	16
-0.078072874019454	0.284662827655533	16
-0.123323307640238	0.232338761125004	256
-0.109201293455586	0.360654286600425	256
-0.119043284691022	0.274489642767136	674
-0.042215360131952	0.293719900575187	674
0.017172038121576	0.129748084059068	357
-0.069200113848963	0.262949666101943	582
-0.030410141561237	0.0932717698273877	582
-0.121791201502871	0.610636683808371	44
0.039215141840151	0.203724050798517	44
0.11964583823189	0.10800366284014	329
0.11929335292996	0.13812033767186	329
0.034771139857515	0.0813964807041977	329
0.003534022066325	0.27200283402509	329
-0.025619936701188	0.370262694050036	329
-0.065798649905778	0.422704775424537	329
0.121358763070879	0.0888103867305979	106
0.090962250275063	0.11434498449801	279
-0.121231761905521	0.496775522633552	279
0.06837656560887	0.200049868098528	279
-0.099358797832095	0.300291484696281	279
0.015987295984922	0.22084814298245	279
-0.048476313223528	0.381946785763148	279
-0.097383910180456	0.509735795396544	218
0.031617771121201	0.210187742869326	218
0.104430377972212	0.144780434125069	218
-0.066978398091662	0.283797977733564	218
0.095910587120687	0.129923378706511	65
0.094763436223643	0.1123118052145	65
0.027296786979202	0.122866089680684	65
-0.106092138634412	0.447782394981528	633
-0.109557662330344	0.173911207289536	57
-0.116759679199717	0.179344000079687	57
0.02612901273988	0.15216831407146	71
0.087475300168254	0.140933126803735	71
0.085597865375099	0.133838141849544	71
-0.00364297147856502	0.208710467320206	71
0.055004393255052	0.187351774295763	71
-0.028657879245577	0.283155511926814	33
-0.017464436878111	0.19826138785795	33
-0.066506343088093	0.314404209923678	33
0.049224434964195	0.194956897605026	33
-0.00833960263354799	0.176488965543081	33
-0.038864692806487	0.24705522918415	33
-0.120434057556414	0.36822832605156	33
0.103324986119337	0.118029677876127	33
-0.064866489493492	0.235597894936491	293
0.00422931727293499	0.185302571529624	46
-0.100529041796811	0.369192050669197	46
0.001892782467805	0.208137466972285	46
0.020447735181953	0.15568992118515	46
-0.031072961773832	0.216946694025638	46
-0.109658325791891	0.321742594111555	10
-0.019054328434999	0.244832366210522	10
-0.099220699646641	0.360830401276941	10
-0.072656667247481	0.366263635297913	46
-0.116555254521681	0.178342905360421	7
0.049884024178093	0.193208206842277	770
-0.016622875995323	0.267917625414406	7
0.116891388447077	0.124435309001178	7
-0.088882123848771	0.4119662811424	7
-0.066989049077655	0.315067613738455	7
0.075566286069561	0.134234900487941	7
0.099271444063369	0.132712880293323	7
-0.080229827519181	0.291031012577668	7
0.035107824145229	0.19325678980073	7
0.102427216544572	0.0900843832156109	7
0.058657470907178	0.11217672615378	7
-0.113008475336314	0.263441482101524	7
0.027149046976648	0.155394073461132	7
-0.026844214513483	0.206227593325775	7
0.074125056329484	0.137405643810866	6
0.06175682000033	0.198314717094018	6
0.07763195140448	0.168889612427969	6
0.049707545698454	0.193520922206333	7
-0.007105073125526	0.234733964679994	7
0.060539639590057	0.152196904594885	7
-0.00983724760217197	0.22636004253813	7
0.091314427151	0.114441520403547	7
-0.066887264978045	0.278744970530509	6
-0.069035397938035	0.266576223369187	6
0.034225851031057	0.170758510728956	6
-0.061357969814402	0.308092316020999	6
0.06887337218844	0.193839715134068	6
0.097613418784874	0.0635698377985418	116
0.086635044080705	0.0698099487664053	116
-0.115175544360744	0.177824561589628	16
0.070733347076566	0.103383794268054	16
-0.121613522868439	0.177898148441455	16
-0.006658575884745	0.219012214777055	16
0.000365779297588992	0.234792851667727	16
0.038518921325036	0.165413211443153	16
-0.034136774637043	0.284233209247042	16
-0.124630652893819	0.225471488113963	794
0.069756783291779	0.125381166227566	794
0.092822862097288	0.114378595906011	674
0.023100643161029	0.231997422004871	126
-0.118924384030437	0.306821379875754	3
-0.032197337625258	0.202443451027004	3
0.00867917219978701	0.128478822527998	3
0.063888770270493	0.110295844328018	3
0.014403020858773	0.200545847648371	357
-0.043141505940319	0.154804486637655	357
-0.067564712503401	0.236637064990509	582
-0.04106492890849	0.247232869693348	582
0.054346681442007	0.307369532131652	44
0.00324839255495701	0.491368547625694	44
0.03526042377177	0.28017032009523	44
-0.04084940569396	0.357539945147313	44
-0.028328369103393	0.33493130008825	44
0.055759671788408	0.213749724233667	44
0.014667555239776	0.258955634109739	329
-0.120048302557869	0.593258486418938	329
-0.100693827254266	0.570361149790206	329
-0.112556341205527	0.553151160165676	329
-0.027960452214338	0.215028546862074	329
0.013811534300204	0.284254705025148	44
-0.075731349658687	0.500067637357276	44
0.048026300136767	0.210991035308779	279
0.086446031686827	0.194428918326783	279
-0.010016772343749	0.287761161362317	279
-0.123383107249136	0.227261347325089	279
-0.116961003618761	0.39037372488034	279
0.099549962550896	0.141464335464833	279
-0.00326711539949698	0.389203086126001	279
-0.033752998201687	0.149437185581366	106
-0.121718844309875	0.178778600415411	218
0.091566528119803	0.175166348461539	218
0.095652674267226	0.0616325474491277	218
0.10515027753273	0.145784647271576	218
0.040658848760726	0.183064985946495	218
-0.067123876278224	0.342507624304801	218
0.091164972787865	0.128766397481328	218
-0.115484380798299	0.469574870567559	218
0.070260464144388	0.104662540171079	218
-0.115077897917912	0.176890716994951	218
-0.105723633435351	0.169575715948803	65
0.02096348528499	0.154118255574772	127
-0.039741096782999	0.100867367680409	65
0.088848908573589	0.0696786937937549	65
-0.010120446214318	0.355158328878447	633
-0.078834817169849	0.294790886913841	66
-0.11973563751072	0.272766512648427	66
-0.024131621071881	0.394466302308004	66
-0.042860889330421	0.249540685185483	66
-0.041405672757444	0.101142567173792	57
-0.047043521028116	0.100061325242159	57
0.094551671468732	0.139871973821254	71
-0.037790280135662	0.147911412029906	71
-0.074489169024236	0.34162750988085	71
0.07206887493328	0.195052149195979	71
-0.015210296368991	0.345089207521292	71
0.050948957225192	0.246722765419074	71
-0.083948107163273	0.414033816633338	71
-0.12294808698228	0.178196571751714	33
-0.072470594026392	0.275194033891618	33
-0.119640510439996	0.309003222344631	33
0.057489338564365	0.176763738040742	33
0.081274965658176	0.0700443890941612	46
0.116514077942679	0.104083311018346	46
0.02855407700191	0.167135485418732	46
0.071482584886211	0.152005668353307	46
-0.08983986852899	0.337983202391395	10
0.110472405781746	0.142341645662045	46
-0.084009897093237	0.239233977165746	46
-0.073494656169549	0.204548770200319	39
-0.031711399386998	0.0964972843217709	7
-0.020551265681858	0.274280190609374	770
-0.038768951710484	0.155789952419083	7
0.022229989076777	0.292465930245083	7
0.012049509948825	0.272094703122349	7
-0.056593429867132	0.331361568697467	7
0.112779206302869	0.132622828890166	7
-0.013337783941441	0.171388607883199	7
0.036160762685693	0.184685359250909	7
0.010540403810301	0.130759653438419	7
0.028191096298551	0.155279172801169	7
0.003609718456035	0.194041592459374	7
-0.090582974460285	0.336529263286389	7
-0.06464649519651	0.313710380333206	6
0.015226505355949	0.20316425731678	6
0.03386834453699	0.247984282393993	6
0.104382285847644	0.0908412864918794	6
-0.121162872824391	0.232688671757426	16
-0.119615491828955	0.463718247630759	16
-0.113145694950372	0.46524904809559	16
0.037851728216943	0.225233610057308	256
-0.061908670823843	0.301517663060426	16
0.063910255228505	0.11002633795931	256
0.105489402902121	0.0855377562932545	256
0.069249185145156	0.144529370405972	794
-0.038574492496522	0.24168905124725	674
-0.00080648226718999	0.248871095417114	674
-0.064422657087668	0.254643686011692	256
-0.124945060948787	0.235295101235017	256
-0.106881635240654	0.320258947659914	126
0.11587073554182	0.110278397928661	126
-0.079830257541345	0.352378081442238	126
-0.035781380202666	0.0977859364375766	3
0.025617547461625	0.0866724066444074	373
-0.120780272144221	0.217733569161123	582
0.062902461666282	0.107785145773703	582
-0.041365623185924	0.236092534854433	582
0.011491342313131	1.44916260439647	44
-0.043170259998283	0.75143489147271	44
-0.062131575899972	0.578581357147696	44
0.06504475639786	0.225348477149025	44
-0.014294154464584	0.244508524938953	44
0.083689253479394	0.166826011040097	329
0.052245220625239	0.203848493033139	329
0.084206820589001	0.164935613871449	329
-0.020688032630234	0.273881410990003	44
0.108740537944788	0.126325752365402	44
0.016649019918844	0.192524137934345	44
0.087209474241898	0.165054613153276	44
0.084451578695835	0.187110915004182	279
0.00440924771787099	0.244063868711183	279
0.028053216191838	0.213574479368715	279
0.077133180744703	0.154294539228547	279
-0.116330861854218	0.288792525321575	106
-0.030213915084488	0.141013497456211	218
0.064745830440973	0.110127513332426	218
0.037662961775243	0.079131486685013	218
0.080023838545456	0.134070192953939	218
-0.080919100704663	0.279177327871069	218
0.046050612911798	0.177732615355999	218
0.062982905901509	0.174142223354405	891
0.123234581179547	0.092732308057734	218
-0.11904337387918	0.275302570977406	218
-0.064352558248549	0.208120922208503	218
0.036787096459292	0.145593566664568	218
-0.109260904144207	0.325075513270372	218
0.102559060297228	0.105047829059473	218
-0.116187833779433	0.272386245793572	218
0.068730038419651	0.105080814970422	309
-0.014407854764826	0.172533428959365	65
0.082926710434981	0.145841968102311	127
0.097953212282185	0.110560720606146	65
-0.117691591158441	0.32236919327716	65
-0.116956697292073	0.367561100919541	66
0.112938139628198	0.110619365261375	66
0.09909448764011	0.119696014009588	66
0.116383286297154	0.105898716718802	66
-0.029720701401038	0.142105607426923	57
0.029827093190349	0.0855443837267312	57
0.087763755273588	0.115700708938815	71
-0.036033801407436	0.220255648634907	71
-0.037230856679771	0.24413981435346	71
0.00698057798801599	0.230360101716288	33
0.013622106057712	0.199815537432313	33
-0.113838883809367	0.328176144131992	33
0.071430942632916	0.14357491337456	33
-0.119112144513587	0.230195931022829	33
0.100457227363549	0.090641778931503	33
0.024858028992844	0.158276084983577	293
0.062144801663024	0.134195634755109	115
0.11058602434027	0.112275311701193	46
-0.011178650992973	0.169781094204512	46
0.0679991418522	0.108103400621005	46
-0.059195836109329	0.204233156307904	10
0.108863979958738	0.115749149168388	1426
-0.038708259961152	0.1483024045052	10
0.065178398875912	0.110506584842636	46
0.028290101077008	0.179173561804835	46
0.037089725928361	0.169622918256156	39
-0.00688663052524902	0.261291070489762	39
0.117954692106589	0.101599201852923	39
0.106925897589011	0.0876943182254238	1441
-0.072194580585563	0.24342901059261	770
-0.037868741433305	0.287856546825652	7
-0.044913609501512	0.24646548716719	7
-0.012544049395116	0.226047225052078	7
-0.07139221393001	0.25450520279651	7
0.020896595204783	0.199843818962345	7
0.033909553010739	0.183179376273136	7
0.042610212541973	0.137615062683319	6
-0.115857545508068	0.225519225247698	6
0.118887920541745	0.121588612665629	6
-0.113143375953304	0.330764287790583	6
-0.058958491954437	0.198316987879758	6
-0.032375969590202	0.239267368575739	6
0.119237101989039	0.132477363578895	6
-0.011249929189446	0.179041958237382	116
-0.124074974625525	0.178414589726087	16
0.027658921440329	0.155386682079691	175
-0.00337947046472198	0.166696664862546	16
-0.077929460534542	0.297928965861228	16
-0.112571084773759	0.221716179121282	16
0.029671923030849	0.146627123835626	256
-0.122424296022667	0.23186524127707	16
-0.082034756060821	0.265094400048578	16
0.035709360427822	0.184308266576524	256
-0.095078407664453	0.337842221646173	674
-0.09586758740501	0.354801344451977	256
0.086879552189216	0.11727987037996	126
0.046436923253809	0.159546713637931	126
-0.119199249753895	0.259299822407094	582
-0.050688298267122	0.149306081091051	582
0.050794892348507	1.46756615244376	44
-0.087298769901757	0.805115170690512	44
0.088907772347875	0.245025820820075	44
0.084866399485767	0.172721906050333	44
-0.00174858674911699	0.283244540192705	329
-0.040916835332044	0.346259243492669	329
0.081658278328322	0.211097861812718	44
-0.079738497836677	0.404549260042402	329
0.083027414366167	0.158765479111098	329
-0.060463768279063	0.226806698805902	329
0.067456885699199	0.108635782903036	329
-0.103845873904945	0.335440701716724	279
0.00486558654723501	0.232018273309156	279
-0.021820483506324	0.273870431039745	279
0.049889950681619	0.254394147742622	279
0.088854197444729	0.0696020296961957	218
0.03927536350446	0.078474916229084	218
-0.124816624753818	0.468958017007264	218
0.065963603750347	0.157568804299382	218
-0.042549024694588	0.154691611573152	1782
-0.061608590786619	0.197230242095913	218
0.045042836749667	0.178639014856492	218
-0.119363687702301	0.176013346741241	218
0.099267011214834	0.136388120855919	65
-0.066886271239681	0.314531400882404	65
0.086644796186402	0.0695636587592439	65
-0.071988547009825	0.197527634636422	66
-0.068980310778752	0.240534646451044	66
0.017124486815294	0.240280197402325	66
-0.036334661817441	0.10048957400549	71
0.029252586204215	0.154776579275989	71
0.019226878059963	0.199257577180676	71
0.061553593224299	0.107251489964889	71
-0.120544908306843	0.232338985185711	71
0.110075480029956	0.0972337670611571	71
-0.123717329542711	0.277237950503146	33
0.029353632315837	0.118610796676751	33
-0.034759658232879	0.143078433930158	33
0.019454844918629	0.132093096357099	33
-0.121652916825827	0.230430271388687	33
-0.016313471442711	0.244740137735136	293
0.030660972175585	0.200129252403726	33
-0.110450507270413	0.177690109107766	46
-0.034538582903957	0.258510067084522	46
0.10256246882336	0.0997056149470994	10
0.05302098860401	0.174394935667346	10
0.093265213971153	0.113021006111784	10
0.019251293862322	0.154066122482264	46
0.114797944856389	0.125322151056728	46
0.084834778643054	0.147395841026063	39
0.029254945641705	0.0854250005513325	39
0.028719256626502	0.0833626227972781	869
-0.060372860261808	0.248690158712802	7
0.124832182238404	0.0920096574482119	770
0.121238886849801	0.0950409854978252	770
0.031251787486271	0.0794260058400662	1532
-0.04475603527124	0.340341281726629	7
-0.086138618521918	0.243245941424767	7
-0.110736069998085	0.345986571993975	6
-0.081409438942436	0.320432889797178	6
0.010570183424156	0.224900056383292	6
-0.109557662330344	0.173911207289536	6
0.035645218034596	0.0797204818685667	116
0.030954127329924	0.0849130701263498	16
0.033133251101823	0.084545409463104	16
-0.034484314312499	0.0985437623557484	116
-0.108099084102798	0.174383140358508	175
0.022888304255066	0.154554416933289	16
0.112078697512571	0.12574006865209	256
-0.020264896454479	0.235645846434339	256
0.110730662735893	0.129096652342175	256
-0.124766989201866	0.387754244127351	674
0.014876658641803	0.131408888023018	674
-0.067858062451812	0.210019729810159	3
-0.080919100704663	0.279177327871069	567
-0.07810247180095	0.243324945361334	3
0.070926263975472	0.121098257314904	357
-0.000355497955069006	0.206357512443527	373
0.093026087204313	0.0665899724954097	373
-0.099136739586896	0.370945470364017	582
-0.041709035790934	0.711627188569218	44
0.073365076706426	0.291639624964793	44
0.045770101355015	0.219193931643373	329
-0.12412278881876	0.575451731902381	329
-0.102171585961777	0.431123285615655	329
-0.052310876871089	0.388022004393943	329
-0.024138529289383	0.348319201590476	329
0.022138576123381	0.12648813257132	329
0.108695321273962	0.140414313741046	44
0.042383232148015	0.161177760865318	44
0.034821046777471	0.0838903568248648	44
-0.061327994385027	0.230792219804305	279
-0.111575745546715	0.177868923317431	279
0.069898840636629	0.126849569115659	279
0.096429444168555	0.063674280759672	279
-0.114143078472549	0.173664375626224	150
0.059634392781522	0.165121657232618	218
-0.033554504638585	0.0989113001367016	218
0.094210150681308	0.0664471867554923	218
0.010788213861792	0.223139287407769	218
-0.033752998201687	0.149437185581366	218
0.040085985671133	0.0796598453827803	218
-0.032821156918564	0.0988815735560713	218
0.112195223408175	0.112589276827928	65
-0.122181490831527	0.364446352124366	65
-0.111932123360035	0.179325288797912	65
0.03012249984042	0.154448725586191	65
0.089645088569364	0.0680799420359369	66
-0.023275525463131	0.249643882029067	66
-0.115077897917912	0.176890716994951	66
0.096576995561895	0.0648653927500094	57
0.02224681150919	0.083688272706105	71
-0.11350186255776	0.346227180866043	71
0.038663479477844	0.16640750374786	71
0.088455639828229	0.0686406426894939	33
-0.064116259660136	0.197605919369959	33
0.091841596348273	0.0662756134284721	33
0.036300009311804	0.180476992041656	33
-0.03373215256691	0.299202485292079	293
-0.043198005658186	0.0947188276506702	46
-0.03226996239096	0.0968292699610618	46
0.033507781586435	0.147229631546622	46
-0.120754558725035	0.234682776242234	46
0.085449611535287	0.0701654696624501	10
-0.032398415520264	0.262385459191244	46
-0.0912567258679	0.33800582258123	46
0.12402025165776	0.106715579370844	46
-0.020500980643653	0.298451702094373	46
0.079225710537317	0.13472097396798	770
0.025170607782483	0.188134202862597	770
-0.041405672757444	0.101142567173792	7
-0.061551279667691	0.200794528505682	7
-0.00982297614486899	0.169065856234155	7
0.054648319171659	0.18830657766437	7
-0.027519406620518	0.305885543549973	7
-0.074918582972133	0.312704537096802	6
0.090948854703221	0.129110488671359	6
-0.056948368382853	0.324914867942892	6
0.075199659367158	0.17320839063034	6
0.093897486170602	0.121046526413477	6
-0.020350223082134	0.248205934211442	6
0.092217081677337	0.141915421035875	6
0.021702691277101	0.126915644744044	6
-0.048139769593235	0.0982707429680951	16
0.034816021320133	0.0819523405343454	441
0.092382768013478	0.114879437324951	256
-0.009217745591243	0.25846865690745	256
0.082458284515653	0.0693594727346167	256
0.108490635581019	0.116230664474593	256
0.038483379442276	0.161932734226238	674
-0.118807115991936	0.176282427884228	126
-0.075645289251342	0.295202358474356	126
-0.080571681338891	0.323829163981659	126
0.015313841953891	0.130942104030362	3
-0.080957363742974	0.272449501173511	582
-0.074347387330611	0.268119537736096	582
0.067574154088322	0.408061708620025	44
0.06674592166092	0.319329153615644	44
0.053151104840493	0.264376910881383	44
0.08378525239824	0.221048154319523	44
-0.104027990169312	0.526245941253953	329
0.092704639652756	0.180529752458406	329
0.023553787790619	0.191210804349476	329
-0.010785126194876	0.281378009010559	44
-0.00607156715510598	0.216900473651485	44
-0.09255935408124	0.341098182201181	44
0.059379798614256	0.186074187861659	44
0.119920392710883	0.092232853979568	279
0.019086056101843	0.235522212131024	279
0.063807265890249	0.106901364405113	279
-0.035684416236491	0.0976644493235311	106
-0.03864030739062	0.0977108457752417	106
0.09288725815623	0.123895659049849	218
0.09905425100005	0.0919508154372015	218
0.093032346403046	0.067448723057753	218
-0.113586077424636	0.223381400287171	218
-0.111598761140675	0.172817942128577	218
0.028127826835431	0.0866066223589225	218
0.031547047194162	0.0791985726061594	65
-0.121613522868439	0.177898148441455	65
-0.038098765450592	0.254325617877294	261
-0.00763955165752001	0.167848001812017	65
0.062066709587515	0.107755862658537	66
0.095401572669062	0.0658401733562713	57
0.066536280078532	0.146679720244208	71
0.016690685896005	0.127013957887116	429
0.098590487258823	0.0916311020365719	33
-0.035973454843108	0.213877051251329	33
0.029221908990834	0.0846487438237963	33
-0.118501539409555	0.260193416040133	33
0.094440814015122	0.112613214621886	33
-0.074795212259935	0.263848041633716	293
-0.121718844309875	0.178778600415411	46
-0.121047706217987	0.267898569051155	10
0.023961276494607	0.1240126592123	10
0.087278299254596	0.0687080658224371	10
0.021169623010472	0.212378050030461	46
0.065194701284458	0.1082722333057	46
0.00191483825580799	0.189746265366394	39
0.032571845101236	0.0848849970120097	869
0.087265751007017	0.0687752633996953	1441
0.062886114348536	0.144841551481997	770
0.093682918810984	0.126548331816654	770
-0.115299576951823	0.332687808645345	770
0.056138618852344	0.135957494062906	770
0.121733880714885	0.131938699945003	770
0.017543004152008	0.213306137348184	770
-0.08187328792266	0.32497843855501	7
-0.071052619982429	0.267655161669551	7
0.096432035108071	0.0641110657081929	7
-0.045388891824554	0.271435692400043	7
0.107574889228589	0.0988529577499387	6
0.119176100784501	0.108711256949629	6
-0.080679887308903	0.322237825694915	6
0.124811480530951	0.103167094160388	6
0.050058682555796	0.166069679503184	6
0.043730640609889	0.193754307565382	6
0.075564427702222	0.153512964496117	6
-0.045672218155409	0.266505967110704	6
-0.006363270169427	0.273213187749068	6
-0.079035158643197	0.29204062608056	6
-0.00542149935925301	0.257224717238393	6
-0.047043521028116	0.100061325242159	16
-0.108201687848998	0.174008060627031	256
-0.036888952753567	0.099347238411251	256
-0.11688244665567	0.176849102038869	256
-0.042509991977067	0.101934122656818	256
0.025810343169937	0.149460495887524	126
0.103374278700834	0.0882201678627919	567
0.087278299254596	0.0687080658224371	3
0.030361676400167	0.0844616484120457	3
-0.015423645619964	0.177806631964011	357
-0.116658663310794	0.180391722950282	357
-0.036888952753567	0.099347238411251	373
-0.099156643093213	0.371272517389656	582
-0.082637703616215	2.39909459620472	44
-0.041604924281849	1.43373985939388	44
-0.055533556988009	1.08386474914713	44
-0.108265388997161	1.27879045720481	44
0.034577039649052	0.0828853408353346	329
0.045230943629043	0.298342080043505	329
0.027901812285476	0.250747323121368	44
-0.12085640233609	0.265189035518538	44
0.107067035386057	0.11416877402213	44
0.06456454234489	0.22958914258679	44
0.057671389618642	0.134632419993599	279
0.064897161315715	0.129867468852841	279
-0.032821156918564	0.0988815735560713	106
0.063471686174592	0.109458452767456	218
0.095248416549386	0.0634155712187899	218
-0.040303690539138	0.0979933554871614	65
0.040597905978794	0.180882983011444	65
0.066608314793332	0.145552780689869	65
-0.034110007668423	0.0965434778636971	65
0.089157194013144	0.136767187709579	261
-0.039741096782999	0.100867367680409	65
-0.034059956544731	0.14631240265746	71
0.066796652182387	0.144053759181133	71
-0.032821156918564	0.0988815735560713	33
-0.032801791280365	0.233378965819139	33
0.017323205737001	0.178464434338918	115
0.085458594030296	0.0704861106918886	115
-0.031711399386998	0.0964972843217709	115
0.038461644295732	0.080673971622883	46
0.064427077897717	0.178396180775431	46
-0.036059144076533	0.151154308515643	46
0.010597326258975	0.124689036637161	10
-0.062728462423947	0.301535916793881	46
0.036414982877848	0.224041467996445	46
0.01738399361684	0.13002968908268	46
-0.063311216842826	0.204534096731948	46
0.039034250268716	0.0794297654505771	39
-0.038077589807673	0.0984608342885161	430
-0.119502904447541	0.355715281494811	770
0.029221908990834	0.0846487438237963	7
-0.104593572307476	0.373819215560235	7
0.070082271766374	0.196358492625635	6
-0.031532743806358	0.145680881549073	6
-0.00759430063931599	0.221370728809823	6
0.00378194455515199	0.231786409382503	6
0.104409013009837	0.132561528368337	6
0.055972110598016	0.17957839007702	6
0.084847789213136	0.17731919217601	6
-0.034028472668903	0.28042523967909	6
-0.013869757400697	0.258780968610518	6
-0.070218380010983	0.238495140701704	6
0.094226252835513	0.0661305133209542	441
0.085607502832942	0.132218792031325	256
-0.016899278296331	0.177218056025032	256
-0.121150217725647	0.230540497070175	126
0.037434452752617	0.874334449507684	44
0.028746806598132	0.546050414541255	44
-0.039799776836381	1.11283318801135	44
-0.067139443402527	0.887082472718484	44
-0.012780202442484	0.609507317886983	44
-0.0959606376381	0.973672104686807	44
0.057184862540069	0.279544590732635	44
-0.085596766377638	0.643914343691955	44
-0.051681869817304	0.437654764468464	44
-0.032821156918564	0.0988815735560713	106
0.092387975546128	0.0673817443342374	106
0.10379888268721	0.0898760891293601	106
-0.00229014628629998	0.193780846729029	106
0.057518405678315	0.232822937886921	106
0.032247856846649	0.0822726371214799	106
-0.031362317631611	0.210289592621374	891
0.015399020250255	0.176300775207639	218
0.087024459016063	0.0679181485027223	218
-0.115410543328793	0.181883504087744	218
0.088854197444729	0.0696020296961957	309
-0.042509991977067	0.101934122656818	65
-0.065209701808829	0.224683402792049	65
0.082451622506956	0.0693950704717008	261
-0.017307294892489	0.180952128277424	66
0.01325708173637	0.262359610335067	66
0.087811600408505	0.0685508585089442	57
-0.122280580035956	0.229460185107446	57
-0.035684416236491	0.0976644493235311	57
0.093429446601629	0.0643993534356531	71
-0.110578463859075	0.337688622263622	71
-0.027096261119496	0.0902183890187664	71
-0.032444503090029	0.0957971311372689	33
-0.119468413141507	0.172757475237216	638
0.037086116932841	0.0809812305827812	33
-0.124813473753219	0.230341934238741	46
0.064902847568284	0.109542596485701	46
0.081628354757233	0.149016162696719	46
-0.064255534939746	0.235432315968804	39
0.044740043174927	0.222297281832469	770
0.094210150681308	0.0664471867554923	770
0.044178162925199	0.21934977083572	770
-0.114390772585208	0.181510093629459	7
-0.036148543005058	0.0965870649959654	370
-0.111642390648827	0.435615893756517	7
0.067841361189395	0.160755328271235	6
0.073922396708278	0.119890706279642	6
0.031997199412221	0.0847309034950032	6
0.086894275610684	0.166722392487262	6
0.021478058280186	0.286037743472938	6
-0.075886455855605	0.241981364534068	6
0.091212407840863	0.0683930799468978	16
-0.077212388669998	0.285794235992563	126
-0.034110007668423	0.0965434778636971	567
-0.035221187230623	0.0996917527572204	3
0.092009180208191	0.0663873643346392	373
0.124459828125977	0.417331921091131	44
-0.096689095675745	1.58436363196721	44
0.002103186605873	0.664561932141798	44
0.12450362938474	0.24190955240397	44
0.028588551664798	0.333454215891775	44
-0.010574139151414	0.318313809436464	329
0.034892358900753	0.337518512980739	329
0.013689819582018	0.130581843560532	44
0.065128385840871	0.192153577462853	44
0.021427436804249	0.30431444014773	44
-0.124813473753219	0.230341934238741	106
0.033384338727619	0.0837178281943874	106
0.037579243262677	0.0825751637182051	218
-0.085706248752125	0.296682316592391	218
-0.040106085879917	0.0990256675498028	309
0.033447556067561	0.0826853587513352	261
-0.039179528953552	0.0992222010404019	261
0.038794243720732	0.07753726271352	66
-0.115856263312971	0.169415463658917	57
0.032571845101236	0.0848849970120097	71
-0.041768272360646	0.0974789672557957	71
-0.040664199974058	0.0986973844946974	71
0.073062120413957	0.168707758337789	71
-0.00320235246304701	0.23629236836179	71
-0.019888324229739	0.201440229219697	115
-0.087192616911025	0.349509911289008	115
-0.040844223800902	0.101660915739334	46
0.09879438014622	0.0625969506985082	46
0.064053886863304	0.130129250723468	46
-0.036059144076533	0.151154308515643	46
0.045555125161889	0.178333600268558	46
-0.048139769593235	0.0982707429680951	39
-0.037450417018744	0.0985460555820956	39
0.06219086172573	0.110121581249863	7
-0.039741096782999	0.100867367680409	7
-0.015633540363531	0.271792679707071	6
-0.00128028182321999	0.193191862426722	6
0.017241377538571	0.0817494168988151	6
0.015086130262182	0.131802097909141	6
-0.103282201599418	0.404578901594578	6
-0.101400561397802	0.365756277259864	6
0.012112735538943	0.270771766466114	6
0.066723335726315	0.159837425442761	6
0.029827093190349	0.0855443837267312	256
0.10208324373638	0.0894278963108937	256
-0.11151693405286	0.3375243051242	256
0.115147723839994	0.11769393030111	256
0.063551879760796	0.106493656941482	126
0.037827428336572	0.0791925118237079	126
0.023119100855344	0.0852611612353138	3
-0.102184710908954	1.59628988228371	44
-0.121830635381247	1.79581635556481	44
-0.062720126885582	0.489623981428967	44
0.01517941874538	0.392133512579262	44
-0.077019662530497	0.345503795528759	329
0.018992245765868	0.24172398243666	329
-0.081527291158263	0.593974923076116	329
-0.024174024051484	0.418409790204823	329
-0.037205704734192	0.148042824247877	44
-0.112724578106539	0.173978890426403	44
-0.00767199008786501	0.279589248438851	44
-0.032444503090029	0.0957971311372689	106
-0.036589724387222	0.0947047350810355	218
-0.111598761140675	0.172817942128577	218
0.081667103988582	0.0673200710716551	65
-0.028390655885749	0.0932240137501433	61
-0.039741096782999	0.100867367680409	261
-0.031888903821783	0.0962298133777609	66
0.08648744706082	0.0697556684484991	71
0.02483619403354	0.260003127395426	71
0.104986660543382	0.149578793208936	71
0.111294684558878	0.110621992564788	71
0.039034250268716	0.0794297654505771	33
0.010304406102448	0.182419028149559	33
0.10452833016282	0.089629246523365	46
-0.069461266809581	0.266400586577695	46
0.073998880722154	0.10000519859674	46
-0.00918924469522597	0.222780416819943	46
0.094231202394731	0.156838035634699	39
0.12277144683307	0.0995678471004344	39
-0.06624491233487	0.204427973576339	39
-0.076727551761595	0.256239664939993	39
0.068694501508261	0.14284562797291	39
-0.039673644675882	0.0981180899957098	39
-0.016562100484086	0.263712146635896	770
-0.06765839798937	0.258066792200254	770
-0.099483524458483	0.363450270355491	770
0.045626019740358	0.204507508728583	6
-0.048843029581249	0.148561099341666	6
0.107271616171925	0.166544488321508	6
-0.066404264518082	0.255265081763713	6
0.058956499999477	0.16812718100073	6
-0.077317416685313	0.399239982942444	6
-0.105985995316267	0.376183236382478	6
-0.054391147985199	0.351858752042506	6
0.11364279675418	0.0815400726779843	6
-0.040844223800902	0.101660915739334	256
-0.031295012707062	0.286064370770841	12
-0.12047389907	0.17768576437024	126
0.017529625434906	0.127197013623173	567
0.084809276765218	0.0675310038000734	3
0.014876658641803	0.131408888023018	3
0.02224681150919	0.083688272706105	373
-0.115800733393431	1.55816313328866	44
0.037131146869373	0.554305997691508	44
0.035840703036593	0.257570178294826	44
-0.119235246491166	0.67748276594735	329
-0.058751084395955	0.413532416736366	44
-0.0415258592731	0.367130975092137	44
-0.035747622856282	0.146718311005283	137
-0.068473886612532	0.312897910676544	44
-0.022720201616062	0.289875093623147	44
-0.118126970701675	0.306170715690173	106
0.029827093190349	0.0855443837267312	106
-0.116542134223475	0.34508064426358	891
-0.118387063680415	0.302546224403443	218
0.061920493496112	0.134448188686852	218
0.106486595491942	0.0877021702772468	218
-0.11851463573384	0.233203271102798	218
0.078921963900497	0.0690673320827641	218
0.092453093103151	0.112860760118395	579
0.025440614219229	0.124603812360923	65
0.052190450997966	0.13524581602022	66
-0.119012691520472	0.182343680456661	57
-0.117885908363832	0.181539308233536	57
-0.068300795178172	0.206270711876834	57
-0.031919297184587	0.214783247982948	71
-0.067748423023213	0.196985414380564	71
0.120014442216695	0.0953899000623798	429
0.066032959526155	0.106661509823914	33
0.066583435744764	0.103182639960002	33
0.068371011690301	0.129848922088232	115
0.102026826507103	0.106604098815879	115
-0.11539393321605	0.264536009927265	712
-0.017034862605812	0.176150662532024	712
-0.065035559920397	0.207266323331744	712
0.109740442804529	0.0980649975407072	46
0.072420241671419	0.103021960063918	46
0.105198925636368	0.0855114658524159	46
0.061258281565436	0.147308698185913	39
-0.106869816392416	0.288253764445108	39
-0.035221187230623	0.0996917527572204	39
0.089645088569364	0.0680799420359369	770
0.055014650459537	0.162370842670945	24
-0.031785724613991	0.286135045165707	770
-0.099568309558628	0.35721424777683	770
0.109316296261261	0.115440951416607	770
0.062259848842882	0.148294722337399	770
-0.031694927825796	0.277042198510662	6
-0.050111827773531	0.284508866021661	6
0.035800406347768	0.185245507757431	6
-0.00335675829022603	0.237132227749755	6
0.010086760519545	0.183410442443195	116
-0.012643842674326	0.171282592984797	16
0.027833759275522	0.083078386468886	16
-0.035221187230623	0.0996917527572204	16
-0.039003215206477	0.100328574963044	441
0.030609722602038	0.08503352403686	16
0.087265751007017	0.0687752633996953	16
0.03629137816529	0.077781342457493	441
-0.115270827095188	0.176045349901873	256
0.056104280952552	0.154062359051023	12
0.001765780584255	0.195121395345615	12
-0.041908044212002	0.153137372739392	126
0.011818725144864	0.176435281796632	567
-0.068273672877701	0.241993576539145	567
-0.035781380202666	0.0977859364375766	3
0.023119100855344	0.0852611612353138	3
0.098058808616346	0.0920197625887234	373
-0.117759278170471	0.258373504668085	373
-0.018010600243828	1.95933471184337	44
0.0000675761696899979	0.194901817251811	44
0.067456885699199	0.108635782903036	217
0.019770283358408	0.196712978474097	44
-0.053282934636165	0.292429145245929	44
-0.00171419789775801	0.257622115155462	106
0.005306583769709	0.19213902949677	44
-0.058353434996427	0.199630849536387	44
0.02149354592688	0.128683103323474	218
0.084895701658358	0.0685157215219355	218
0.0455181349669	0.161950152136001	891
0.091313270935904	0.112642568415209	891
0.109275992487671	0.0852018935037596	218
-0.113950692668896	0.176707297794156	218
-0.112945983363906	0.174330952253409	218
-0.043141505940319	0.154804486637655	218
0.086635044080705	0.0698099487664053	65
0.083084897817217	0.0706370159862854	65
0.037332136589465	0.0829524662765178	65
-0.06012251164859	0.202819240882451	261
-0.022485472850359	0.201345054103036	261
-0.06730963928246	0.204349046209054	261
0.035954743729463	0.0832571614702204	261
0.121717031365194	0.0945462648051858	66
0.119510632160515	0.0730454510461799	57
-0.062147793287111	0.20810214419853	57
-0.111676815549434	0.177710154760845	57
0.080649912851139	0.129109487848021	57
0.065997618650838	0.106029424137772	71
0.031375277320982	0.153371721112897	638
0.085458594030296	0.0704861106918886	33
0.024162266641085	0.154806523362452	33
-0.118518820037343	0.217162634253817	712
-0.118112899593426	0.306827724337335	46
-0.034059956544731	0.14631240265746	46
0.0410118914662	0.159282452037666	1426
-0.034914018529261	0.240506504832225	46
-0.123726689537797	0.332058570155483	62
0.105555808365957	0.132288877043669	770
-0.007863663766488	0.213355147130611	770
0.059830128227751	0.148585031015243	770
0.073795034972153	0.140073866356301	24
-0.012934231895979	0.179136368032391	24
-0.093023613725253	0.336734542506021	770
-0.037840067486397	0.26390030830876	370
0.099397513981632	0.136769936540988	6
0.00743404467714901	0.180086314083053	6
0.034673910636762	0.207907563085415	6
-0.064315950732089	0.312021973213452	6
-0.108201645183991	0.402255654488505	6
0.037579243262677	0.0825751637182051	16
-0.035490699305524	0.0943819627118705	16
0.08844439565035	0.068113421679743	16
-0.033554504638585	0.0989113001367016	16
0.032324764969356	0.085014775594618	441
-0.047043521028116	0.100061325242159	103
-0.034484314312499	0.0985437623557484	103
-0.110679325776411	0.173551971799259	256
0.012767185813352	0.184907913374905	12
0.101719571191285	0.0878252876842967	256
-0.025397269222516	0.179364918287381	126
-0.119207543074038	0.27229471669169	126
-0.027832827646384	0.214234768754923	126
-0.036942911700164	0.24560644502889	126
-0.112724578106539	0.173978890426403	3
0.088988261055565	0.0663111875034403	3
-0.040791766390316	0.0963573978372085	3
-0.033373369385784	0.0962028074971388	3
-0.040664199974058	0.0986973844946974	3
0.102673973003873	0.0871276537060401	373
-0.113825558312248	0.223167403513825	36
0.054881389285746	1.42296772923636	44
-0.042923271328807	1.19138071384297	44
0.071357741662576	0.194432024204607	44
0.09523781981614	0.23480763856234	44
-0.00921825881640598	0.341110083559612	44
-0.039831906933991	0.31123666815976	44
-0.119315309655925	0.259626475659275	44
0.062031561179885	0.147039197177888	44
-0.022378544064445	0.208292960426376	44
0.063952120572294	0.13282681482268	44
0.042325078799821	0.156981275155684	44
0.062900023602571	0.11160826379656	106
-0.024324331650428	0.209923738013454	891
-0.061608590786619	0.197230242095913	218
0.074282046861876	0.100065137397161	218
0.061081663700389	0.108772766053836	218
0.061628195575143	0.111997737239689	218
-0.035384441373782	0.151130084661899	65
0.033133251101823	0.084545409463104	65
0.06266549123885	0.133575201915405	261
-0.068804850570579	0.229044107675886	261
-0.062434820360806	0.204337653582578	65
-0.00209404184266399	0.164727227436779	261
-0.034113433725632	0.0952093668407896	261
0.030954127329924	0.0849130701263498	57
0.066447490598347	0.110111988274003	57
-0.000345481768461997	0.163487737197748	71
-0.116031201490179	0.295463839196957	71
-0.121567571957702	0.278429371982044	46
-0.117007310762317	0.228001744472371	46
-0.062453924811297	0.206510526537733	46
-0.11875116543537	0.173656134943503	770
0.065179886053856	0.130132845240607	770
0.095137698418469	0.111366662134409	770
-0.069330321308011	0.236779846389538	770
0.00707353931719701	0.204599711265785	24
0.065797565123916	0.128788509751422	24
-0.0232936813598	0.274034191827177	770
0.124608008958628	0.0905235125110542	370
0.082545615348815	0.117621596215074	6
-0.059670447559693	0.196230417152752	6
0.094538006781868	0.153436022358461	6
-0.038996743471585	0.31336908680768	6
-0.065278620320633	0.424791933660171	6
0.097624551549709	0.0929381358252514	6
0.00916712498300501	0.205500791787399	6
-0.048542713911447	0.182621123005753	6
0.061208477331013	0.110877686005045	6
-0.060715464187648	0.308902158866335	116
0.06347315134836	0.111235999956934	116
0.033384338727619	0.0837178281943874	16
-0.041949673887983	0.0997020403248869	103
-0.030959153023269	0.0927082896123313	12
-0.00395793753775298	0.166044650193807	12
-0.00452255256968498	0.214020409342542	12
-0.12030574340281	0.277311672845683	12
0.113388954638014	0.0832594113399681	12
0.091451763771991	0.124899807461111	126
0.062608780838049	0.133334631718284	126
0.039894972006167	0.177925251300626	126
-0.118112899593426	0.306827724337335	567
-0.036888952753567	0.099347238411251	3
0.063610596624594	0.131641364568273	3
-0.042063945698896	0.154540386456222	373
-0.01243996157179	0.175117655977535	36
0.107458769426256	0.0866690389424197	373
0.064852596197781	1.34073999789831	44
-0.050752896315516	2.072154802599	44
0.064849068185373	0.337584783290767	44
-0.087481221371118	0.565178051280863	44
-0.093608344418632	0.392444527649358	44
0.041344801714625	0.202497904612827	44
-0.02988978813367	0.21079527532142	44
0.089633094677217	0.0679754700006138	22
-0.078329506424731	0.27429145767508	22
0.041740432613091	0.139428533136233	218
0.029144175663412	0.116096861508886	218
0.013689819582018	0.130581843560532	218
0.028378908086965	0.0860146778006772	218
0.024875015377072	0.122020285849135	218
0.029506477293678	0.0858373609288333	218
-0.035221187230623	0.0996917527572204	579
0.026484437464026	0.149364772570646	65
-0.110809555578001	0.177134753388643	261
-0.013426520639803	0.181067001686311	261
0.063888770270493	0.110295844328018	65
0.02024391002878	0.128548336459331	261
0.076389637284042	0.145598206964182	65
0.025002858925303	0.123674966548891	71
-0.078150251206465	0.244378424489357	71
0.087931946361598	0.116483937760689	71
-0.034179193055065	0.217680041501888	71
0.08924367013465	0.0656452833712304	33
-0.117885908363832	0.181539308233536	638
0.016962581789883	0.127782890192125	115
0.113923829530246	0.0981298127770964	46
-0.030735385476729	0.23451555227544	770
-0.114410715319033	0.269889938030791	24
-0.065460783177945	0.261794910758293	24
-0.0331777521455	0.220479682934731	24
-0.112871153624994	0.262684615056378	6
0.055263716293369	0.19086748823938	6
-0.117321817572653	0.329966015640474	6
-0.00022875321261201	0.213294911527418	6
-0.00973346156936899	0.173677412004401	6
0.093280770108861	0.126424952468992	6
-0.045529669529742	0.244853219815336	6
0.093462924682763	0.137768513694109	6
0.058493783710055	0.134767597416882	116
0.029469538367795	0.0835500430961918	16
-0.036334661817441	0.10048957400549	16
-0.031711399386998	0.0964972843217709	103
0.036184200901163	0.0798987096307707	103
-0.088750521669272	0.361338388487833	256
0.020104670219325	0.127196854426068	12
-0.121718844309875	0.178778600415411	12
0.079570202459344	0.150461458690465	256
0.06147144420854	0.110591130693771	126
-0.00248254887708499	0.215438217263321	126
0.017812074372345	0.130817887830024	3
-0.035221187230623	0.0996917527572204	3
0.056933693905643	0.111023633712887	373
-0.087808861387148	0.678957341395425	44
0.104715457225894	0.225415928318947	44
0.086237651178292	0.162261934816658	44
0.036697038071508	0.242034424981664	44
0.061466451274455	0.131581540308181	44
-0.088715938074779	0.39059176849466	44
-0.038444960966871	0.0987462625586103	44
0.0047201374302	0.188021012131276	106
0.043939492272828	0.160192660514233	106
0.062608780838049	0.133334631718284	106
-0.112921144958979	0.174211037270746	106
-0.034666801812777	0.0997029697152663	218
0.050323275187526	0.108149458721822	218
0.124950075362068	0.0974571987347812	218
-0.033000027866874	0.0969845561461558	218
-0.029498051546691	0.095443783491025	218
0.081274965658176	0.0700443890941612	65
0.040405242866915	0.0791214744034798	65
-0.015825851396526	0.194651135928976	65
0.02787786330142	0.0853279547917187	61
-0.111697952541136	0.173126093371318	261
0.086635044080705	0.0698099487664053	261
-0.032257062003191	0.142607854614537	261
0.040085985671133	0.0796598453827803	261
-0.034059956544731	0.14631240265746	57
-0.040844223800902	0.101660915739334	71
0.107647630715638	0.129039614501302	71
-0.039637929803886	0.291128993160879	71
0.032324764969356	0.085014775594618	33
-0.034484314312499	0.0985437623557484	33
-0.034000234559347	0.220722104374837	46
0.066706542723945	0.129969472878533	46
-0.00784769592232798	0.172458879039678	46
0.110507338248317	0.0814334956984916	46
0.068445921755637	0.108258609831653	46
-0.059098862300559	0.372002973379761	62
-0.083595320054412	0.352727995316665	62
-0.00858740187097601	0.173386322569994	1703
-0.032423013371182	0.21622956146885	1703
0.026822854508404	0.187333030913874	770
0.043852555442382	0.189053263278595	770
0.031199616750944	0.0856518567102529	370
0.010540403810301	0.130759653438419	6
0.037372401491706	0.186362926763639	6
-0.024312104411871	0.290672330334184	6
-0.068499443900172	0.240492820160253	16
0.088854197444729	0.0696020296961957	16
-0.033933232085005	0.09758760197118	16
-0.034666801812777	0.0997029697152663	12
-0.011781143345565	0.176559186028176	12
0.014669681754395	0.129316598150473	12
-0.030959153023269	0.0927082896123313	12
-0.030838895101146	0.216232552750674	256
0.098018008959073	0.0911776333624229	3
0.09922114888733	0.132840283597707	3
0.121247864042691	0.105999972398919	3
-0.119468413141507	0.172757475237216	3
0.083628380706142	0.0681982588955052	3
0.028378908086965	0.0860146778006772	550
0.0649754062323	0.148833198969515	3
-0.122754981225939	0.333457345548295	373
-0.062306749989061	0.5535903596941	44
-0.118740148773964	0.574062537165094	44
0.026893828231304	0.271676287143898	44
-0.071433269544663	0.43102242325828	44
0.019240377422077	0.132040310778396	44
0.060357319067505	0.111510054242989	44
0.093756632081422	0.13807080248545	44
-0.119754596591592	0.334725714684686	44
-0.048718640865148	0.0934524974674831	267
-0.123865553012925	0.172961959490468	218
0.065736705219974	0.110287252790846	218
-0.110789889558079	0.174887743481813	218
-0.119418915062046	0.27663113628379	218
0.039034250268716	0.0794297654505771	218
-0.122916028920888	0.234976633155104	65
-0.037205704734192	0.148042824247877	261
0.059638770234645	0.133117355459192	261
-0.015926199889364	0.239155110936555	65
-0.048139769593235	0.0982707429680951	261
0.096585540963019	0.0638681995923575	261
0.027501498025959	0.118506897059634	33
0.061782084171621	0.127771490028706	429
0.025617547461625	0.0866724066444074	33
-0.043616633641534	0.0999802149630228	46
-0.120164362570232	0.272125132154553	46
-0.042549024694588	0.154691611573152	46
-0.114390772585208	0.181510093629459	770
0.101537118018154	0.103845269048511	770
-0.112701536766098	0.177021009473907	770
-0.119289651065006	0.297665506164058	6
-0.039131226966371	0.262013674612998	6
0.089980400501804	0.116057444017478	6
-0.062224843744716	0.197181105769563	116
0.059638770234645	0.133117355459192	116
0.065736705219974	0.110287252790846	116
0.084018133451254	0.0656167736069244	16
-0.03293622117392	0.218843661998431	12
0.02537523060731	0.155280628346641	12
0.026195714492819	0.0843318781499821	256
-0.121322414341046	0.26722836493662	126
0.0679991418522	0.108103400621005	3
0.023353273961718	0.12137927564665	3
-0.034110007668423	0.0965434778636971	373
0.033685038268665	0.0826909760795535	36
0.106843361266948	0.263317850592246	44
0.00637341679367601	0.300451738969524	44
0.034279440612388	0.0804244772168177	137
-0.074190891106742	0.234382436418625	44
0.119793571017285	0.0951299879040413	106
0.099238215608428	0.0916811436215728	106
0.035650449353322	0.0823857333644256	106
-0.036334661817441	0.10048957400549	218
-0.123806224858085	0.238958044831211	218
0.017589489679366	0.175019129857714	218
0.097613418784874	0.0635698377985418	218
0.030067881089756	0.0815511712359029	218
0.086644796186402	0.0695636587592439	218
-0.013251669415488	0.268843754954773	121
-0.074270396302212	0.295701294718812	65
0.012127245574661	0.205057776898143	65
0.030630845159395	0.152730742865878	61
0.028127826835431	0.0866066223589225	261
0.022090889134479	0.154620490872328	65
0.030631722546375	0.0846682819002339	261
-0.112724578106539	0.173978890426403	261
0.046485130113539	0.158524824290287	33
0.028975392263023	0.0828860312428892	33
-0.032444503090029	0.0957971311372689	33
0.00350192815005401	0.190725754599638	33
-0.065547542586496	0.231221581611138	46
0.039836864827013	0.0797159279295881	46
0.021320741996059	0.153517637130562	46
-0.046322972679317	0.151212081102488	46
-0.012894805639852	0.174057482770443	46
-0.02938442592854	0.143669788155482	46
0.052515409615123	0.169143756688135	46
0.000848612825518014	0.229409864473692	46
0.03012249984042	0.154448725586191	770
0.097767765967007	0.108014520391313	24
0.081752484844598	0.166899545835432	24
-0.100682311175819	0.374379799261406	24
-0.057489557312969	0.197997785246966	370
-0.047263531157903	0.2629776207645	6
0.024899034669433	0.153845676900307	6
0.057456076088501	0.151291021221138	6
-0.121290132893405	0.235729203272845	662
0.076448349238425	0.187155663537216	6
-0.036270300237585	0.312980711579383	6
-0.025787792470898	0.274142336708887	6
-0.059966131098645	0.306399320552976	110
-0.030938264263214	0.210325911395024	16
-0.117621467347346	0.173461115310091	16
-0.041949673887983	0.0997020403248869	12
0.082756534023121	0.144362930061341	12
0.062982734919314	0.134085712843741	12
0.077088577667115	0.134621460245162	12
-0.091330227388274	0.307073026602181	12
0.007822949557721	0.226450457265627	126
-0.117759278170471	0.258373504668085	126
-0.036888952753567	0.099347238411251	3
0.095955671673814	0.0910700844976143	36
0.09042079117602	0.065061444958357	36
-0.035194858133522	0.249417337819024	36
-0.040436928309697	0.149988841948428	36
0.029343864153196	1.54389342682119	44
-0.026840805973941	1.60685999829183	44
0.018872902335423	0.459619451623551	44
0.088053451017715	0.312757621417234	44
0.089527910145454	0.175134036394332	44
-0.019349209638374	0.282501520290183	44
0.06221091643214	0.106703326849485	44
0.022138576123381	0.12648813257132	106
-0.035776590878588	0.0962571720116781	267
-0.116303581513091	0.178005738321746	106
-0.116247322702694	0.385369452841074	218
0.064172804141282	0.11050004913009	218
-0.063943843639487	0.204715140290887	218
-0.032821156918564	0.0988815735560713	218
-0.113454893006341	0.297699641134754	65
0.024414571429261	0.124289961915031	65
-0.116399135236318	0.177232857570925	261
-0.084086925996679	0.286971055836465	261
-0.032821156918564	0.0988815735560713	261
0.0314462311969	0.0836577550685956	261
0.0588114018433	0.135271460097904	261
0.031997199412221	0.0847309034950032	261
-0.034666801812777	0.0997029697152663	261
0.032571845101236	0.0848849970120097	33
0.038709217483997	0.0819489753591244	33
0.116108061825055	0.107710332648183	33
0.091593441265938	0.063396940075206	625
-0.033000027866874	0.0969845561461558	46
-0.069036609031241	0.24259204675618	185
0.00781175088943301	0.219251127259089	46
0.059635832095545	0.147481573624467	770
0.030379729890352	0.0827955374959944	770
-0.036008904300014	0.239289124070583	24
0.026195714492819	0.0843318781499821	24
0.116779343261898	0.0790925568581652	370
-0.03861047511274	0.154935039302282	6
-0.072821293295141	0.320315213420997	6
0.124379827835526	0.101876042439636	6
-0.00388916725117	0.230481833760925	6
-0.124263919555989	0.366560700487224	16
0.028100013410244	0.144750899145946	16
-0.035597576264984	0.0972797899163222	16
-0.065576052323319	0.27815240890619	12
-0.068274445086953	0.265155089010155	12
0.030361676400167	0.0844616484120457	126
-0.034405099994732	0.149105714312775	3
0.026998385657784	0.0867821277358564	3
-0.117680909364998	0.177954676865524	3
-0.064646764827255	0.234284461412483	36
0.00089876066219699	0.564244000934373	44
-0.06228341848892	0.47033314672706	44
0.025417565328301	0.239164802061291	44
-0.046682563503687	0.153949183121462	44
0.084271961247091	0.0708414880188827	44
0.025821793727789	0.122950566917945	106
-0.115547486066783	0.406973558164545	267
0.089645088569364	0.0680799420359369	267
-0.0087692942639	0.16827586453792	106
-0.038077589807673	0.0984608342885161	22
-0.03226996239096	0.0968292699610618	218
-0.035095285543046	0.285715301429285	121
0.091212407840863	0.0683930799468978	65
-0.040303690539138	0.0979933554871614	27
0.068807923885524	0.14432704462226	33
0.028719256626502	0.0833626227972781	33
0.034771139857515	0.0813964807041977	46
-0.038607303028815	0.255492397651672	185
-0.074190891106742	0.234382436418625	185
-0.00851921582809101	0.170579202010483	46
0.087278299254596	0.0687080658224371	46
-0.103498243529841	0.373378831784829	46
0.03644639914254	0.170146698675262	46
-0.118157216769696	0.273813430458781	770
-0.018711259332098	0.19851888943786	370
-0.115077897917912	0.176890716994951	370
0.085449611535287	0.0701654696624501	6
0.080509781101358	0.188334363935912	6
-0.097259159970637	0.364577905783813	6
0.046643499075784	0.190776293103389	110
-0.108982575439478	0.405076557836478	110
0.089659126292287	0.0671185574350419	159
-0.033000027866874	0.0969845561461558	16
-0.03090496990165	0.216697487011237	12
-0.069755398743186	0.268589785716666	12
0.117224521118343	0.0956192989606247	12
-0.040106085879917	0.0990256675498028	256
-0.040844223800902	0.101660915739334	256
-0.039120545354252	0.0982326823496038	3
-0.074056135715724	0.245535176458444	36
0.066717041758705	0.161047956027808	36
0.02418736577387	0.126119700976863	36
0.038461644295732	0.080673971622883	44
0.00622875772581299	0.270122065641721	44
-0.121367687291392	0.181282072219641	44
-0.040844223800902	0.101660915739334	218
0.024388675091859	0.122054458462967	218
-0.05671793200605	0.189657019137135	218
0.097143339329282	0.108214110035467	121
0.096009914912042	0.0938927905553689	65
-0.113143375953304	0.330764287790583	261
-0.033554504638585	0.0989113001367016	437
-0.066250604653932	0.237804750037223	33
0.007933868243957	0.18950727972965	33
0.019682724088002	0.173403314458365	33
-0.038213042500073	0.150126368737632	33
0.046341580818761	0.147734384071989	33
-0.039910611834495	0.151088925153232	46
0.061628195575143	0.111997737239689	185
-0.121534383009351	0.263708315411348	46
0.029506477293678	0.0858373609288333	46
0.092768126187734	0.0628320183273971	195
-0.034000234559347	0.220722104374837	62
-0.11404999684435	0.301204479631152	520
-0.02157158660942	0.180666375581428	770
-0.033554504638585	0.0989113001367016	770
-0.121290132893405	0.235729203272845	24
-0.052850282840639	0.21134915398261	24
0.058694156545429	0.186833669988686	24
0.088455639828229	0.0686406426894939	24
0.087236259756317	0.115777144400966	6
0.050847838115657	0.21044608512397	662
0.023488120541141	0.154211424121312	6
-0.044493421961183	0.270963722270948	6
-0.12247246677445	0.310821146721068	110
-0.122318177114666	0.392375765090229	110
0.020360838517101	0.239638375376324	110
0.062719729708335	0.161010455091628	159
0.029827093190349	0.0855443837267312	12
-0.057631807699154	0.197684837972129	12
-0.124219930671463	0.308969354467551	12
0.086627369275071	0.068905671220185	12
0.060810505061288	0.106048511794902	256
0.028454275205353	0.0841132277672702	256
0.030631722546375	0.0846682819002339	126
-0.00833960263354799	0.176488965543081	3
-0.044176834607404	0.100252958759811	35
-0.042509991977067	0.101934122656818	35
0.046300634783695	1.11250621663731	44
0.119542614380293	0.486541770478021	44
0.052370326035725	0.674654265049401	44
0.051087621792218	0.314383805430286	44
0.124138599647682	0.148391577376339	44
-0.039003215206477	0.100328574963044	44
0.017942891251457	0.319438716040657	44
-0.091177990295429	0.351148045964814	44
0.045799556737557	0.242285390475819	44
-0.042509991977067	0.101934122656818	44
0.028219316484539	0.155616104903093	44
-0.044003584272093	0.149895211487729	106
0.095401572669062	0.0658401733562713	486
0.091212407840863	0.0683930799468978	218
-0.095747500434044	0.308789084368049	261
-0.062257394011803	0.230122445245967	261
0.077431556252549	0.11630158890837	33
0.025862556062562	0.0830636205125575	33
-0.026106833327555	0.212418522818612	33
0.074546878133499	0.113830523948901	33
-0.117784607112725	0.181191252970988	1099
-0.033022166274621	0.274978553131452	33
0.019028416564946	0.130114793454322	46
-0.070407295445565	0.229258798553694	46
-0.111697952541136	0.173126093371318	195
0.033695112568591	0.0842527587055829	46
-0.035221187230623	0.0996917527572204	62
-0.060155771380037	0.204930884449562	39
0.043704845780772	0.160071270243644	770
-0.039371265288312	0.243781418333888	24
0.097872614095062	0.172934468837116	24
-0.08948944591095	0.332373102463388	24
-0.065717965695697	0.238642486254682	24
0.08608722179876	0.0688440974591837	370
0.088066635948908	0.0650451252570071	6
-0.067475800883629	0.31755088492962	6
-0.056062847243892	0.347459707030131	662
0.012690711210715	0.223359417376778	6
0.059381366796773	0.209307706864119	110
0.046983506640984	0.192584114262047	110
-0.020088700809082	0.24882689033298	159
-0.063399579466926	0.257906004952731	159
-0.040155466763657	0.151005141106985	214
-0.111598761140675	0.172817942128577	12
-0.023001782659435	0.204431972996014	12
-0.034666801812777	0.0997029697152663	12
-0.10370947829015	0.161094174767984	256
-0.038557802363748	0.0973699014911801	126
0.033943777459511	0.0826846560772573	126
-0.035684416236491	0.0976644493235311	35
0.107224437407458	0.0864602763739099	3
-0.086557597003294	0.31497541146753	36
-0.022625926693286	0.324442027887295	44
0.018362475925838	0.196850487246955	44
0.031997199412221	0.0847309034950032	106
0.030884816399309	0.0836242271300612	1174
-0.039179528953552	0.0992222010404019	1174
0.034518540255033	0.0835298070606415	218
0.064911699502084	0.106875572160904	218
-0.033836647229341	0.0940940572078076	218
-0.031603832918012	0.145579599084134	121
-0.03226996239096	0.0968292699610618	121
-0.041877901000775	0.0967465802409254	27
-0.033554504638585	0.0989113001367016	27
0.031997199412221	0.0847309034950032	61
0.020282146823893	0.130606433347868	261
0.017642612701147	0.124195951359239	261
-0.037343287652806	0.100052395781568	261
-0.117624022090362	0.225281197344105	33
-0.104494790979996	0.285025710517857	33
0.022523554856046	0.120182337523486	46
-0.000972064232478975	0.193370122113447	62
0.068164452397056	0.107142076686499	62
-0.011303423282589	0.178094705946887	39
0.052466632386426	0.153368504979942	770
-0.01226266086212	0.174514963307259	24
0.033695112568591	0.0842527587055829	24
-0.026576332635081	0.258087333481905	24
0.01760044461985	0.20075473556081	24
-0.043085915916512	0.264082146121231	110
-0.118920231305892	0.306935248000161	110
0.025304112670654	0.206105406823418	110
0.084834778643054	0.147395841026063	110
0.038017770974028	0.145220254136018	159
-0.06689704688423	0.209804901671614	12
0.042529048236912	0.182267354474589	84
-0.038003609048903	0.100132891438743	1486
-0.112824044354316	0.175515859885757	3
0.039034250268716	0.0794297654505771	35
-0.035638702154122	0.146519684497556	3
0.118378461881575	0.803129364854526	44
0.018435188235889	1.2905046792385	44
-0.047685541339422	1.59244747162963	44
-0.115410543328793	0.181883504087744	44
0.107900975858269	0.148034577310115	44
-0.096036205612644	0.693342890036038	44
-0.080822616486701	0.449278933005205	44
0.00390683560247199	0.220642290569974	44
0.020496601791815	0.131410681852503	44
0.086656616315006	0.0676908038516913	486
0.085458594030296	0.0704861106918886	218
-0.01224822500973	0.223039477016163	218
0.032571845101236	0.0848849970120097	218
-0.034666801812777	0.0997029697152663	27
-0.037450417018744	0.0985460555820956	27
-0.074045002878679	0.245237205120266	65
0.010977166482373	0.130129507931921	261
-0.116399135236318	0.177232857570925	33
-0.061749951383177	0.312622926738905	33
-0.081751086186674	0.303511625018776	33
-0.012683766899216	0.169687771268628	46
0.086246525151526	0.112433555488082	46
0.021503628305781	0.159212450774297	185
-0.060155771380037	0.204930884449562	46
0.081282940610135	0.069427867342986	770
0.093426737500561	0.0656448597288955	770
-0.119735706707516	0.291721621702842	24
0.102270928768031	0.0911483436297797	24
-0.0579247971536	0.203513030789599	24
0.085469650850059	0.0696226927657445	370
0.016129362374571	0.131133989323224	6
-0.045838750076392	0.313112389429054	6
0.043387007586263	0.171895737738282	110
-0.030984595369832	0.305109538778694	110
-0.081039828911819	0.297595001868191	159
0.021686634647871	0.126302364081135	159
-0.039845478586985	0.156050399493278	1486
0.034577039649052	0.0828853408353346	3
-0.031373273293577	0.143837422627645	35
-0.10843654129695	0.173138477570059	592
-0.096740165459194	0.437672010495236	44
0.038461644295732	0.080673971622883	44
-0.05624012944841	0.298557059457245	44
0.031885397830773	0.116160605267891	44
-0.036334661817441	0.10048957400549	44
0.063299238421085	0.104941566310171	44
-0.044176834607404	0.100252958759811	267
-0.041877901000775	0.0967465802409254	267
-0.035781380202666	0.0977859364375766	218
0.03603333787329	0.137809535501143	218
-0.038444960966871	0.0987462625586103	27
0.038709217483997	0.0819489753591244	33
-0.115713486900551	0.216791544006432	33
-0.040844223800902	0.101660915739334	1608
-0.033554504638585	0.0989113001367016	33
-0.061882233910666	0.229110697031084	33
0.023846433795507	0.152826255843032	46
-0.043198005658186	0.0947188276506702	46
-0.114622043458936	0.171956064174454	195
0.040647925363708	0.0775616117502389	195
0.017433158869831	0.199825884690564	46
-0.038077589807673	0.0984608342885161	62
0.093429446601629	0.0643993534356531	39
-0.106431870839141	0.313165945711652	24
0.051101411450841	0.220456439019848	24
-0.017511217921987	0.19229793150083	24
-0.033554504638585	0.0989113001367016	370
-0.035221187230623	0.0996917527572204	6
0.076880438428883	0.149481563679791	6
-0.017731312968929	0.24434426869344	110
-0.037902704473425	0.0979451695114842	256
0.016204925941844	0.152106664149759	84
-0.069508276892406	0.242425051524159	256
0.080098412134248	0.0701084182543547	795
0.031499156037739	0.083321269701168	1486
-0.120754558725035	0.234682776242234	126
-0.05474557323013	0.194527897348777	126
-0.110347339665975	0.175766077187402	126
-0.036589724387222	0.0947047350810355	3
0.033695112568591	0.0842527587055829	36
0.080098412134248	0.0701084182543547	44
0.095123079764855	0.108521293464236	44
0.121718674668412	0.118150952979641	44
0.059738391087965	0.315651342009064	44
0.063401696022637	0.227558609001778	44
-0.122390406409944	0.158728645635354	44
0.11514759390739	0.0795729539941506	106
-0.120990572126558	0.228866355498382	22
-0.114215063966927	0.223505792662483	218
0.04874970213312	0.174440663135934	218
-0.036334661817441	0.10048957400549	121
-0.042983975858768	0.0956197390635565	27
0.026649757482368	0.122602329023026	27
0.00890661635433301	0.190082378501076	61
0.028378908086965	0.0860146778006772	261
0.064150331821567	0.125820697914454	33
-0.030050495256059	0.0957453786530271	33
0.031747629582172	0.0848483208395658	46
0.046783905627994	0.173641310747602	46
-0.111214018333778	0.348288857129272	46
-0.108229956137528	0.287621194897751	46
0.078921963900497	0.0690673320827641	195
0.104937303064347	0.0866842092675649	372
0.063721238061762	0.149328831984726	46
-0.043595166050694	0.29370204526884	46
-0.03226996239096	0.0968292699610618	62
0.017127052231807	0.121726047118455	62
-0.036888952753567	0.099347238411251	770
0.091864264503201	0.0662683502256002	770
-0.116095055490452	0.224110333551786	24
0.025002858925303	0.123674966548891	662
0.014141401746717	0.203162854576947	662
-0.036331549107819	0.226786181677117	110
-0.1189782041071	0.423705919484642	110
0.110075480029956	0.0972337670611571	159
0.084282252206357	0.0705379079167224	159
0.089890396222734	0.0654667493056377	12
-0.037136029298545	0.287466275783463	12
-0.121042011641222	0.165698862529758	795
0.016943192784689	0.132202216312341	126
-0.051387819818436	0.18263245126307	126
0.039836864827013	0.0797159279295881	35
-0.040844223800902	0.101660915739334	3
0.098243222025014	1.0635713099189	44
-0.048019301841112	2.12563330115079	44
0.076177655389568	0.941286486900068	44
0.006107675493601	0.191888824501684	202
0.081571839012323	0.17025429203797	44
-0.037343287652806	0.100052395781568	44
-0.033373369385784	0.0962028074971388	44
0.068156548428184	0.129288308863463	44
-0.112901863261128	0.174250432478318	22
-0.071114422869444	0.245390778620368	22
0.044356909707881	0.136256183513933	22
0.083866046585597	0.133665396731617	218
0.024490973123415	0.0849086834958781	218
-0.035684416236491	0.0976644493235311	218
-0.109557662330344	0.173911207289536	52
-0.119111888255689	0.180899303365201	33
-0.027088786403243	0.205130827959874	33
0.098809079399716	0.0902919901646478	33
0.094505142963569	0.0924548502921513	429
0.029469538367795	0.0835500430961918	33
0.03927536350446	0.078474916229084	33
-0.05474557323013	0.194527897348777	46
-0.120754558725035	0.234682776242234	46
-0.033554504638585	0.0989113001367016	46
-0.118722092787539	0.222424496989648	46
-0.117885908363832	0.181539308233536	195
0.035903496340796	0.081202382331144	195
-0.033000027866874	0.0969845561461558	62
-0.039741096782999	0.100867367680409	62
-0.073810633865243	0.274100223027655	24
-0.073459230761863	0.277125062544314	6
0.084132374195346	0.119136549505875	6
0.053122153946646	0.167748557966931	159
-0.034666801812777	0.0997029697152663	2027
0.029759114008335	0.0838078012751067	159
0.061553593224299	0.107251489964889	12
0.046115773419268	0.160807529542263	84
-0.116205660534803	0.176081386715375	126
0.116779343261898	0.0790925568581652	126
-0.047911419540845	0.150673785353228	35
-0.03861047511274	0.154935039302282	3
-0.115799966571269	0.301576772862389	36
0.091847088387879	0.0675854687100914	202
-0.035776590878588	0.0962571720116781	44
0.034518540255033	0.0835298070606415	44
0.014536711463691	0.288990811884539	44
-0.058657148574342	0.200072420219505	44
0.033133251101823	0.084545409463104	22
-0.111827671721661	0.216419909290493	22
0.066627978861699	0.173476038388413	44
-0.03226996239096	0.0968292699610618	44
-0.037343287652806	0.100052395781568	486
0.019425806235043	0.123235611867777	218
-0.103824945301037	0.162269389818158	121
-0.118918107445329	0.394183855721487	121
-0.112038672684178	0.179269996958016	61
0.098382213651416	0.107348158112	261
-0.111130217384591	0.161058028757336	261
0.062357387017991	0.108979503086287	261
0.076944229146322	0.155248951175477	33
0.066521920756478	0.163931368133834	33
0.035630058620356	0.166402189712348	46
-0.039741096782999	0.100867367680409	46
-0.068780050311188	0.365091674240455	46
0.070094692283512	0.157291654500888	46
0.0991476689143	0.0917829629433075	46
-0.071803235600649	0.244862723087855	62
0.089262882484024	0.0970973985531846	62
-0.034666801812777	0.0997029697152663	62
-0.033330786310714	0.146900932270319	62
0.026195714492819	0.0843318781499821	24
0.036446954359832	0.0814085363546913	6
0.04671580012431	0.187948223680242	6
0.060456654361692	0.163308378783855	6
-0.112628986615034	0.54368425688088	662
0.031199616750944	0.0856518567102529	662
0.031199616750944	0.0856518567102529	110
-0.016203680686223	0.18065890888719	110
0.019943676679185	0.237725012126686	110
-0.062994809256726	0.302659058553701	110
0.023578083968054	0.128016152296584	12
0.052326091425656	0.150591327530456	12
0.069057287157182	0.145720626106143	84
0.00993296538917801	0.131218309419159	1486
0.081282940610135	0.069427867342986	35
0.033133251101823	0.084545409463104	3
-0.039179528953552	0.0992222010404019	36
-0.040001630070306	0.155382466997557	36
0.109984911283217	0.0846129532887604	44
0.092457431412767	0.159616034252096	44
-0.10932582151259	0.176468370548125	44
-0.031532743806358	0.145680881549073	44
0.100323990236509	0.092337993688216	22
0.06157425165844	0.148372429573329	22
-0.031888903821783	0.0962298133777609	486
-0.045380985853846	0.0982484663067579	22
-0.040844223800902	0.101660915739334	22
0.087265751007017	0.0687752633996953	218
-0.040303690539138	0.0979933554871614	121
0.061502730860194	0.131163686873877	261
0.085469650850059	0.0696226927657445	261
0.00993296538917801	0.131218309419159	261
0.089645088569364	0.0680799420359369	119
-0.039179528953552	0.0992222010404019	119
-0.01226266086212	0.174514963307259	33
0.021677088430849	0.0808229748391947	33
0.098289125944496	0.105049177929775	33
-0.092654105834678	0.283264977249592	33
-0.041405672757444	0.101142567173792	873
0.088468934070634	0.0681505287957826	33
0.083106020548938	0.069414178066151	33
0.030609722602038	0.08503352403686	33
-0.048693504826368	0.148935906852907	33
-0.045949637753264	0.0993208974835679	46
-0.109426332601734	0.174046207244927	46
0.109782327415214	0.0842548197084046	46
-0.01359681914563	0.173389462299753	195
0.067769001270552	0.126725919501313	372
-0.10843475258047	0.322443832956749	372
-0.123025441346717	0.235854833540921	1036
-0.073525679540741	0.246842868557396	62
0.105710170733861	0.0884384547868887	24
-0.117680909364998	0.177954676865524	24
-0.036205971543514	0.244223134675851	24
0.057395479830079	0.208565927575639	24
0.081581735732743	0.150016645058619	24
0.045556247522541	0.159089370499085	370
-0.109260904144207	0.325075513270372	662
-0.017533504531958	0.245828464967935	110
0.08638358152716	0.126270192757709	110
0.10778707385427	0.11586738414064	110
0.003194823704365	0.237675601767787	110
-0.01196471374033	0.266876126128624	159
0.102336473953112	0.130847200782607	159
0.057735860437074	0.149439687176765	159
-0.03211732937594	0.21725337771047	159
-0.068230529474011	0.199700436795784	159
0.064186384416594	0.111422943915699	16
0.031997199412221	0.0847309034950032	12
0.086635044080705	0.0698099487664053	12
-0.109557766135081	0.214718642029055	12
-0.041405672757444	0.101142567173792	12
0.058821506210999	0.133841563726297	12
-0.073321123887878	0.206360295256094	12
0.00417217927840499	0.183175098084712	12
0.015501995348244	0.200488626857999	84
-0.083893025235277	0.299401010867781	84
0.068729796464663	0.107945050099913	126
-0.124824238908674	0.237867098360064	126
0.024858028992844	0.158276084983577	126
0.026299460364346	0.148562090987637	126
0.03378790079866	0.165595711953395	126
0.107517229859005	0.943916718322381	44
0.01239161318577	0.204124348771771	44
0.115239103398498	0.155249333881438	44
0.025533534194821	0.153095595662307	44
-0.093821588974303	0.345367788273102	44
-0.063798023410392	0.232669215413136	44
-0.102875733252543	0.36947325410761	22
-0.033000027866874	0.0969845561461558	106
-0.044641826941259	0.0973398658330648	22
0.091207638572559	0.0682922372056308	121
0.094848161328012	0.0931145770535444	218
-0.055559577317112	0.274771115403082	218
-0.044524492322549	0.154310614755688	218
0.096692325470059	0.0925703918625466	218
-0.120176381627893	0.224292451731723	218
-0.035597576264984	0.0972797899163222	27
0.036200303569454	0.0835865372794923	27
0.034518540255033	0.0835298070606415	261
0.080098412134248	0.0701084182543547	261
0.028127826835431	0.0866066223589225	261
-0.036211450507733	0.150160730066521	282
0.013689819582018	0.130581843560532	282
-0.116345149762357	0.302381249587506	33
0.036200303569454	0.0835865372794923	873
0.012172421679588	0.178244479122697	33
0.043763875179505	0.181228453464135	46
0.027249027083795	0.0844998473523929	46
-0.113266523868747	0.179280777672671	46
0.1083927156176	0.100511704646579	46
0.065889464033335	0.108876024833747	195
0.087811600408505	0.0685508585089442	195
0.033695112568591	0.0842527587055829	195
-0.114638332491962	0.174951958745581	372
0.062902461666282	0.107785145773703	62
-0.11764588678343	0.271704146855094	62
-0.056055235485994	0.295844826050886	24
-0.040734087681503	0.149299084184645	24
-0.024666633101256	0.217932712895801	24
0.026195714492819	0.0843318781499821	6
0.023396568393529	0.195008857113741	6
0.0860346389993	0.11591875457773	2131
-0.075490742595178	0.238056359874431	6
0.108458542785557	0.0864783587139156	6
-0.00148641525012599	0.281707247644849	110
-0.062869005643301	0.201162082927629	110
-0.046305427843997	0.247732327754177	110
0.05656536906522	0.169216915450719	159
0.122325253637932	0.118790564735555	159
0.003661393923865	0.190009897094674	159
0.088455639828229	0.0686406426894939	159
-0.112065051624653	0.326879664063028	159
-0.015293915877224	0.178132300221245	16
0.091070494997837	0.0655972357663633	12
0.012744251403236	0.176426689145217	12
0.049129697610654	0.155625048014923	12
0.017625935096489	0.198958187433158	12
0.033133251101823	0.084545409463104	84
0.026998385657784	0.0867821277358564	126
0.066447490598347	0.110111988274003	126
-0.062274508591285	0.19652068285136	35
-0.040106085879917	0.0990256675498028	3
0.111119850094958	0.163435760839914	44
0.061144546052409	0.295494908462861	44
-0.011815554487839	0.308138013126655	44
0.012787649608352	0.296966471678847	44
0.122181795727494	0.165670636407086	44
-0.110625439313295	0.573371028457151	44
-0.12151336538282	0.276793087634481	44
-0.067263841229795	0.285046648333518	44
-0.047043521028116	0.100061325242159	22
-0.029498051546691	0.095443783491025	22
-0.032821156918564	0.0988815735560713	22
-0.115647096772191	0.171753669309679	22
0.064566174855141	0.164686827687282	218
-0.033840573821021	0.145796674596219	218
0.095393786795018	0.0658895182215375	218
0.029304272149	0.0790795167635698	218
-0.035597576264984	0.0972797899163222	27
0.096585540963019	0.0638681995923575	27
0.06465796694503	0.132309845925669	27
-0.00689951282076501	0.192765335848611	27
0.070280560093441	0.124609284304567	261
0.024827659473741	0.126943733231067	261
0.090668196120738	0.067872764367876	261
0.097618847742173	0.0620299900677623	261
0.041319434300345	0.182477871816405	261
-0.038444960966871	0.0987462625586103	119
-0.023878799455559	0.293160749890052	33
-0.074902541406724	0.203462548057222	873
0.096429444168555	0.063674280759672	33
0.026204340842665	0.210135401560002	33
0.068205108062403	0.139581798976921	46
-0.060658721438179	0.224576063576703	46
0.026268425351989	0.122233038706571	372
-0.00542860531182499	0.171585630476845	372
0.046048579496028	0.230980856562392	372
0.010119900666462	0.196557882180158	62
-0.033933232085005	0.09758760197118	62
-0.107203890220466	0.168753894379891	62
0.109160239362019	0.100433602701946	62
0.092491429887051	0.124933085280692	62
-0.061211060032765	0.220314849550166	62
-0.031159069703148	0.0981044391984633	62
0.094730773156399	0.124970872178058	24
-0.109838817319522	0.255970859173591	24
-0.027066899137143	0.221495067730725	24
-0.036223604618772	0.207500648036856	24
-0.046255363697859	0.423643071213434	24
0.094217174489699	0.0668846672946918	24
0.071010702213103	0.103580595462022	24
-0.018385664610774	0.359384373575943	662
-0.046528907139161	0.300028941619876	6
-0.051048854048159	0.3974146629836	110
0.014290666850307	0.232736020626008	110
0.068200108840639	0.153281927363726	1014
-0.035781380202666	0.0977859364375766	12
0.040285445982172	0.178833755469219	12
0.024638697436503	0.150922701203621	12
-0.049175170344234	0.316440107692003	12
0.028415539029358	0.188903228862173	12
0.019155132130154	0.217334147806621	12
-0.033554504638585	0.0989113001367016	84
-0.010618211871086	0.166587032913386	126
-0.031159069703148	0.0981044391984633	3
0.021524557116902	0.156789929676408	36
0.062092723718149	0.146971104831795	36
0.021920378299504	0.196896977158842	36
-0.025934841072633	0.137460610897163	36
-0.015280346839622	2.18604073947153	44
0.071460316790812	0.517050279562258	44
0.051697759610286	1.22962383607308	44
0.032547317249271	1.18767334845335	44
0.085019533349909	0.457273866315333	44
0.049218904399415	0.575476025643323	44
-0.086964000322702	0.376125769386667	44
-0.085438207350292	0.487996658218311	44
0.063077809400354	0.183065102141145	44
-0.058657148574342	0.200072420219505	44
0.099151138016694	0.112635762998192	22
-0.116743837704877	0.178653450589112	22
0.038461644295732	0.080673971622883	22
-0.077620337698277	0.243610853534779	22
0.083094420358621	0.0708923687004452	22
-0.113371739730811	0.296442816578864	121
0.042793205188549	0.160841897489364	121
0.073835310611893	0.100084206197655	218
-0.062886716713873	0.228500888486945	218
0.105653768628848	0.0895119386768235	121
-0.041078746481431	0.155644548885539	218
-0.038393949818681	0.218067610940012	218
0.086635044080705	0.0698099487664053	218
-0.00960571444571601	0.176749399879582	218
-0.10843654129695	0.173138477570059	218
0.088455639828229	0.0686406426894939	218
0.087024459016063	0.0679181485027223	218
0.00786422641722501	0.12796334315609	121
0.035650449353322	0.0823857333644256	121
0.034518540255033	0.0835298070606415	27
0.035066157430021	0.0823857434934907	27
-0.013173391338616	0.175796854028175	27
-0.05601213039971	0.19356556083188	261
-0.048309236334379	0.153317323159002	261
0.025866634263798	0.0852415048002229	119
0.026195714492819	0.0843318781499821	33
-0.042449636914218	0.149230605973284	33
-0.058009291923877	0.222013036768573	778
0.031355196871011	0.152608169182328	46
-0.110789889558079	0.174887743481813	46
-0.038003609048903	0.100132891438743	46
-0.115515570839912	0.182323978553707	62
-0.07638296322648	0.275723674029545	24
-0.061058571139806	0.344753242477117	24
-0.03184027776093	0.210248943404679	24
-0.000735821162449024	0.259945488165011	110
0.121606740202195	0.105805184466786	110
-0.037934072140645	0.233534844634423	159
0.062201857001303	0.157586913853339	159
-0.033554504638585	0.0989113001367016	16
0.090821356184562	0.0674176342232614	287
0.093032346403046	0.067448723057753	12
0.088732849013126	0.13025771853966	126
0.087616748698523	0.0926787181188002	126
-0.012643842674326	0.171282592984797	3
0.068313392451557	0.10323574871865	3
0.011743593862472	0.131342968843869	3
-0.002439990518601	0.625851700885058	44
0.087438166907711	0.161109812036571	44
-0.123095743220664	0.333249657018553	44
0.057149503169026	0.162115289257111	44
-0.118980433253782	0.305754870247081	44
0.110641097825637	0.11485656601111	22
-0.035480003627849	0.150264951462006	22
0.042020184652229	0.0755306156283427	22
-0.014858747174298	0.173944312741419	22
0.069755755015615	0.103983893896122	22
0.030858868918491	0.0832456220941683	121
0.020851641458529	0.127987947587978	218
0.09402576153823	0.113357569721732	218
0.030183762270026	0.114748764909713	121
0.08844439565035	0.068113421679743	27
-0.117885908363832	0.181539308233536	27
0.020706674374504	0.130479660355606	261
0.099992914328549	0.0893711762317994	261
-0.112217741267479	0.220390282489365	261
-0.037343287652806	0.100052395781568	119
-0.053094282631846	0.0965120642950822	119
0.080805530917382	0.0935056929164527	33
-0.063640711942275	0.233158618455379	978
-0.119931022449282	0.276670160542862	33
0.087029870754219	0.0667634287985753	33
0.033695112568591	0.0842527587055829	91
-0.115056696291655	0.175029911379019	91
0.065736705219974	0.110287252790846	778
-0.042927994753099	0.148382975325554	778
-0.028243120485341	0.138958119803457	33
0.011583201977994	0.129987008314534	46
-0.012515040026673	0.180014749414868	46
-0.111932123360035	0.179325288797912	46
0.018640556375659	0.128137056476816	46
0.101841258751546	0.0919709602275845	46
-0.119043284691022	0.274489642767136	129
0.06649401596655	0.129430450486401	129
-0.112207348478903	0.298442135423063	62
-0.00274436761452801	0.193321961275028	62
0.028127826835431	0.0866066223589225	62
0.089659126292287	0.0671185574350419	93
0.103226473919691	0.132450114415023	24
-0.03603597792886	0.283790806115187	24
-0.014201465726181	0.177900392001438	6
-0.078204807146331	0.243169454387698	6
-0.028416814584689	0.216425660214194	6
0.066447490598347	0.110111988274003	6
-0.052529856905594	0.314324325265856	110
0.105046754479168	0.127859210547891	159
-0.03935925643723	0.150086835791999	159
0.031199616750944	0.0856518567102529	16
-0.034484314312499	0.0985437623557484	287
-0.038557802363748	0.0973699014911801	120
0.032324764969356	0.085014775594618	12
0.029506477293678	0.0858373609288333	12
0.089645088569364	0.0680799420359369	12
-0.117528003334728	0.177416726371003	12
-0.115430151041409	0.177559559799132	12
0.056375346470443	0.112412231248234	84
0.088438710436629	0.115171291656503	126
0.013582853608545	0.157397050656086	126
0.025862556062562	0.0830636205125575	3
-0.00616545328399598	0.173204658993543	126
0.064115978578861	0.128979761701003	126
0.035066157430021	0.0823857434934907	3
0.024205225027192	0.0804435351823733	3
-0.06354242966526	0.198501538471078	3
0.00359835296814101	0.670674351371735	44
-0.068747656565213	0.35584940263738	44
-0.04134985718815	0.29254196565789	44
0.103575980093183	0.147849451710611	44
0.006804651697291	0.252781114811483	44
-0.114952630927441	0.302545484402593	22
-0.089584701350681	0.352303095683068	22
0.092387975546128	0.0673817443342374	22
-0.103480412264192	0.166188395642647	22
0.032078805945357	0.0826138956081452	22
0.022968783093627	0.15400759293419	22
-0.034110007668423	0.0965434778636971	22
-0.11851463573384	0.233203271102798	121
-0.035480003627849	0.150264951462006	121
0.085469650850059	0.0696226927657445	121
-0.111676815549434	0.177710154760845	27
0.019895478624474	0.124734116558598	27
0.01426983947719	0.132072954073636	27
0.035066157430021	0.0823857434934907	64
0.028556065752724	0.0815259054652622	64
0.023618555005019	0.123472112060394	261
0.06261782699545	0.110688716075371	261
0.029506477293678	0.0858373609288333	261
0.084282252206357	0.0705379079167224	136
-0.11653559733672	0.180059005687762	33
-0.117255109736677	0.231656265210372	33
-0.044863629294012	0.154071705292746	33
-0.034405099994732	0.149105714312775	33
0.063629023125928	0.109311772537484	33
-0.026777761703495	0.211701254160114	33
-0.03071148426273	0.214640576367843	33
-0.037450417018744	0.0985460555820956	33
0.098000613769475	0.0613630117286617	873
-0.069193987093031	0.203435421832222	46
-0.010514894405333	0.17778418127927	46
0.099172237495864	0.0587804730637724	46
-0.073047139165169	0.246264318685164	129
0.098215410283682	0.0929560211668065	129
0.098790008719229	0.0932614264232231	129
-0.069988674416044	0.266922685147324	62
-0.074425575855396	0.246419706232218	62
0.016562161268172	0.131432445874432	62
0.05201928477862	0.151889941174285	62
0.011548583113515	0.175800175322675	62
-0.103824945301037	0.162269389818158	62
0.09879024014519	0.0629754136756986	24
-0.116399135236318	0.177232857570925	24
0.071278470817639	0.104156955147247	24
-0.022952727413855	0.206130741582342	24
-0.057276774287969	0.199816822195184	24
0.097245459128156	0.109824053491538	24
-0.027832827646384	0.214234768754923	24
0.100659847041929	0.0929076657637487	24
0.080722865165947	0.146696284801664	24
-0.011161206398991	0.185270438552852	24
0.031330320666645	0.149375428219301	24
-0.066175218506978	0.200211410239163	6
0.10531825839461	0.0902325125527352	6
0.037700586231763	0.202391928373871	6
0.02618437188432	0.193018431522849	110
0.019498754462408	0.190416416023495	159
-0.035592662658481	0.242481145397514	159
-0.120130980970654	0.230876559671332	1713
-0.119111888255689	0.180899303365201	12
0.093427045619638	0.0658936152661343	12
0.035733114401847	0.145957574851628	12
-0.109222936383059	0.175582048422268	84
0.067456885699199	0.108635782903036	84
-0.117910522465566	0.267580758781412	84
0.087265751007017	0.0687752633996953	126
-0.122583694089084	0.302887400714418	126
-0.071582114418967	0.241862635835936	126
-0.122632273767917	0.224000024536082	126
-0.11710735490885	0.269818694260094	126
0.062003917132979	0.146833648248695	3
-0.021686854424752	0.2467640557659	126
-0.031159069703148	0.0981044391984633	3
-0.031711399386998	0.0964972843217709	3
-0.11891110380594	0.18077343603372	3
0.01223231946483	0.130829335615531	3
0.111859773206326	0.0821119363415233	36
-0.122772340582392	0.271368436324757	36
0.062588977941174	0.982975606631013	44
-0.116883666709903	0.392147406897214	44
-0.108022248478594	0.316488806510104	44
-0.034586297136026	0.0953979977237683	44
-0.039003215206477	0.100328574963044	261
-0.032821156918564	0.0988815735560713	110
-0.034934469118937	0.0944173718215948	110
-0.110444235049343	0.322838251048761	44
0.106253966412795	0.0892178083751491	44
-0.025685859482267	0.212186254820701	44
0.038709217483997	0.0819489753591244	22
-0.038077589807673	0.0984608342885161	442
-0.035781380202666	0.0977859364375766	121
0.016341327166174	0.130694412054171	121
-0.031659944997541	0.217289249987829	121
-0.109426332601734	0.174046207244927	121
-0.044547147027648	0.335374264694852	121
0.074187764173651	0.157211648945372	261
-0.043616633641534	0.0999802149630228	261
0.068156883926655	0.14105126201898	261
-0.051257794549047	0.39755948809755	261
0.035954743729463	0.0832571614702204	33
-0.039003215206477	0.100328574963044	33
0.092531485836829	0.155682763583933	33
0.097642832946494	0.1196707935526	33
0.124035799785141	0.117879402699105	33
-0.111697952541136	0.173126093371318	33
0.00583395539603099	0.126605755801798	1365
-0.096320762959254	0.331111445242296	46
-0.041949673887983	0.0997020403248869	46
-0.03460894672257	0.251834193099401	372
-0.111529323706726	0.323803373662193	943
0.081293011478553	0.0667757973930032	129
-0.05991663775384	0.204825702509591	129
-0.078790610439411	0.340115740982726	129
-0.041949673887983	0.0997020403248869	93
-0.014748717137278	0.179689131145946	24
0.121237114393445	0.102079835628664	24
0.00418458040202799	0.203911140336854	24
0.096823490944476	0.0611150714246853	24
-0.047086117016531	0.286918749592545	24
0.052946605987531	0.168694051944387	24
-0.11690573941877	0.271752854077368	24
0.017986082099938	0.131526042793827	6
-0.068915452694326	0.342080886713045	6
-0.090645939978478	0.529676582676263	6
-0.102968306669898	0.392733945173647	6
-0.034148353178631	0.218089218259853	6
-0.023761426282852	0.327272950926993	110
-0.113845651410925	0.369635649370931	110
-0.09674408330757	0.368077504375406	110
-0.047194772856958	0.298385873740104	110
-0.00898664875569699	0.223995820542891	159
-0.033273860189078	0.321646314906344	159
0.09348584259821	0.143359068579319	12
-0.012269819721619	0.172381558242054	126
0.00538410088084401	0.18197491246736	126
-0.120544908306843	0.232338985185711	126
0.106253966412795	0.0892178083751491	3
0.057986868252239	0.135133742976383	3
-0.032821156918564	0.0988815735560713	3
-0.12455455301947	0.233891612566602	36
0.035650449353322	0.0823857333644256	36
-0.072007961087532	0.311054511581257	537
0.032571845101236	0.0848849970120097	36
-0.059259885808321	0.695376257115898	44
0.090386200420397	0.352605444548524	44
-0.028622333817524	0.248700964509402	44
0.095780861897669	0.0644270818473371	44
-0.001817782297235	0.531805406935947	44
0.030778279322258	0.340121896262592	22
-0.034666801812777	0.0997029697152663	22
0.010242754156082	0.183787970495407	121
-0.045284672188123	0.0984201421286275	121
-0.078051793582668	0.20337623690024	525
0.084809276765218	0.0675310038000734	261
0.03487489935008	0.160658866475222	261
0.086635044080705	0.0698099487664053	261
0.022364025550044	0.124080695757573	136
0.093040666406174	0.0671733120880896	119
-0.037343287652806	0.100052395781568	33
-0.00913917613351001	0.339732630170382	33
-0.015855855674169	0.184349357625309	33
-0.093441605591024	0.353712460148007	33
0.017471085444081	0.158050113726197	33
-0.045627334481636	0.319288093255696	46
-0.03935620171279	0.283009791679831	46
0.066447490598347	0.110111988274003	372
0.048788437201352	0.20717769227787	372
0.094701923411808	0.125520367336727	943
-0.113386550945839	0.171021830204335	129
0.021683453181497	0.259047864685406	129
-0.00236852018744599	0.238256278192909	129
-0.028195295932353	0.355718974649552	129
-0.113635653976243	0.376998440471339	129
0.043486373098985	0.0736354994037705	129
0.058746582464486	0.208181637696129	24
0.040794714156188	0.222114485098004	24
-0.118812644482251	0.404238502872491	24
-0.114048065654676	0.176623779893235	24
-0.00822415528245402	0.17323668233459	24
-0.030607766050953	0.0942679306222286	24
-0.121410612244641	0.229684295165775	6
-0.094864299516236	0.411015195088655	6
-0.056984891368853	0.355291312735181	6
0.074021497287347	0.0983627070210666	6
0.103839480442297	0.0892560347616839	6
0.093345696003056	0.112675926532055	6
0.038034196831699	0.252317595302009	110
-0.027659648775709	0.301533799912854	110
-0.01398329284306	0.342324376216189	110
-0.081136571587434	0.365575935504344	110
-0.107173852898821	0.411470062393914	159
-0.044793113061964	0.247097746342425	159
-0.046476032205904	0.0965408498607179	159
-0.096359374991734	0.33399804677495	159
-0.044288305436767	0.0975293715241797	159
-0.04028379178964	0.0973885165614567	530
0.099095881411961	0.156980809690768	12
-0.048409563809289	0.263505643237191	12
0.000783282158425991	0.257535669640497	12
0.064529681304669	0.148055825114338	126
-0.090510408935663	0.386644875083805	126
-0.121521888639398	0.272747027838133	124
-0.04028379178964	0.0973885165614567	124
0.039034250268716	0.0794297654505771	3
0.028719256626502	0.0833626227972781	36
-0.119012691520472	0.182343680456661	36
0.02418736577387	0.126119700976863	36
-0.115857545508068	0.225519225247698	36
-0.088908289741902	0.334995192978647	44
0.032401623810882	0.23245439875083	44
-0.05425947546744	0.41652330942055	44
0.061920493496112	0.134448188686852	44
0.014876658641803	0.131408888023018	22
0.034518540255033	0.0835298070606415	22
0.031747629582172	0.0848483208395658	442
0.023370064025987	0.0850861587615147	442
0.00737989245222401	0.182999764085026	22
-0.00899992980958703	0.171471317800859	22
0.042358368322968	0.213601568277155	22
0.00512414447451901	0.187054229169132	121
-0.00282216900686999	0.21373982030958	121
0.032303597600429	0.0823453868364376	121
0.030631722546375	0.0846682819002339	121
-0.042063945698896	0.154540386456222	121
-0.029498051546691	0.095443783491025	121
0.032324764969356	0.085014775594618	121
-0.115078456978416	0.222450584726941	121
0.034518540255033	0.0835298070606415	121
-0.031888903821783	0.0962298133777609	118
0.064877213324672	0.108220673288103	261
-0.117329764327379	0.318834582660276	261
-0.00654261347044399	0.168034861708565	261
-0.079804229181598	0.241403951157115	261
0.084670648687142	0.0691768460062868	33
-0.011285475021144	0.216660462678093	33
0.097610052033421	0.063514348073361	33
-0.120169810940878	0.309799624558979	33
0.066908648202713	0.105306201995941	33
-0.043709832452461	0.243022021410279	33
0.054126357611269	0.167712738129289	46
0.097002904609624	0.119485765696367	46
-0.011249929189446	0.179041958237382	372
0.066184924565235	0.108407487808936	129
-0.082794199723221	0.268353307491453	129
0.123637641798824	0.0899168731230718	129
-0.036750586832594	0.241658747399357	129
0.024491261581805	0.23270500615405	129
-0.101353975456622	0.335582658192911	93
0.082027193578074	0.148883268529722	93
-0.109222936383059	0.175582048422268	93
0.055358155089367	0.186187637569372	24
-0.08974428651719	0.33511765428089	24
0.059679044469434	0.202321232425961	24
0.092427981125384	0.113867460121439	24
0.048826383411684	0.226774750498822	24
-0.065953816681111	0.25961202074436	24
0.092487085258028	0.172549101190663	6
-0.00662980010851499	0.303394526619035	110
-0.000779217977303015	0.223064798074633	110
-0.070824554401644	0.313122015136893	6
-0.097120016272852	0.323394178811982	159
0.123251978442172	0.0933487010245266	159
0.018404079940951	0.0829607701709235	159
-0.045284672188123	0.0984201421286275	12
-0.039289607204148	0.244642422469337	12
-0.045268994606699	0.27056518005217	12
0.015777876605812	0.22311171173066	12
-0.118340960843522	0.322071332760305	12
-0.078065731377661	0.249178134823997	12
-0.119111888255689	0.180899303365201	84
0.067579460139484	0.126954828127526	126
0.071032726384327	0.125258089807076	126
0.018428484862589	0.21260190612596	3
-0.03036433305851	0.213987036536746	124
0.025617547461625	0.0866724066444074	124
0.087820048576752	0.0688955958773601	124
-0.034110007668423	0.0965434778636971	124
0.088468934070634	0.0681505287957826	3
-0.04350873735292	0.0985154916594325	3
0.015313841953891	0.130942104030362	36
0.084271961247091	0.0708414880188827	36
0.014812267341804	1.03436727172766	44
0.101353726925374	0.332599406787601	44
0.069249185145156	0.144529370405972	44
-0.03705364274674	0.147866880349862	44
0.123840044363618	0.15200708526881	44
-0.104272600586672	0.430306504297081	44
0.030115784814746	0.226454498312455	22
-0.054726989920512	0.301702578326643	22
-0.113718278365003	0.266822651391582	22
-0.070638777151832	0.240384624203355	442
-0.112921144958979	0.174211037270746	22
-0.116399135236318	0.177232857570925	22
0.020871152698805	0.0840387392477608	22
0.114788222853934	0.125557034116057	121
-0.069084992443002	0.368504878502407	121
-0.06940519405816	0.207861682206306	121
0.0314462311969	0.0836577550685956	121
0.105653768628848	0.0895119386768235	118
0.122563125151318	0.0936733847481946	118
0.095992645336862	0.110865826937591	118
-0.036334661817441	0.10048957400549	64
-0.076624651361223	0.199726202856195	261
0.035402591963392	0.0811033342417626	261
0.06802517544264	0.106795657569766	136
-0.037343287652806	0.100052395781568	136
0.038461644295732	0.080673971622883	33
0.019455747510171	0.153054672979184	33
0.017551064184172	0.128856305739068	91
-0.00711430953845299	0.171785019381775	33
-0.066914144747195	0.258539603240746	46
0.107657462617078	0.0878920170690218	46
-0.01286750053979	0.178006044458389	46
-0.074752896348232	0.248691092250951	46
-0.011955725505612	0.17527386731215	129
0.048970577908012	0.171519164159515	129
0.112599883090827	0.112920222579353	93
-0.042509991977067	0.101934122656818	93
-0.035036406360162	0.0943842436968129	93
0.120091847625222	0.105038393834595	24
0.031573078122248	0.168586174315485	24
-0.00582431899704999	0.261522254446645	24
-0.087127853110678	0.331753680497832	24
-0.044202875377233	0.260915056537048	24
0.022354489524637	0.12540382376618	6
0.065562840699451	0.183701216069589	6
-0.04105652903704	0.266260666180623	6
-0.104150351879131	0.428995785563401	6
0.102750015630686	0.132089400425599	6
0.08723541866225	0.118225912336514	6
0.036581360995987	0.193902731215445	6
0.114649696745551	0.125215223316012	110
-0.032206597266615	0.366192580506789	110
-0.11937163208472	0.309145701632472	6
0.07441508977014	0.157899243299943	6
-0.055059464295902	0.300657484502595	6
0.020445738560614	0.215463457473642	6
-0.100177694569733	0.455673355708002	159
0.030514618391473	0.199158399167439	159
-0.04350873735292	0.0985154916594325	159
-0.045380985853846	0.0982484663067579	287
-0.030959855698174	0.143032503061616	12
0.097613418784874	0.0635698377985418	12
0.02968361949457	0.183939612597996	12
0.082078894010786	0.150648643894055	12
0.020345869153924	0.217254399072397	12
0.096844191221987	0.123626054560322	3
-0.034983087613038	0.150507137730227	124
-0.033752998201687	0.149437185581366	124
-0.072061928721122	0.198502418106974	36
-0.063416829001218	0.208216905985775	36
0.087026109995016	0.0682088596972497	36
0.112146620487852	0.920549867553193	44
-0.017519013919112	1.22945982102239	44
-0.000198740396241015	0.318782597136343	44
-0.00197406607242201	0.414358216063596	44
0.089033632725907	0.270978661404266	44
-0.052775956555721	0.554222180083473	44
0.122557409592468	0.170574895766034	44
-0.072495521717847	0.321344768426723	44
0.056495030877395	0.17174798892943	44
-0.067087948545151	0.204499781998071	44
0.091847088387879	0.0675854687100914	44
0.110044413835364	0.0831706417403883	44
0.094581275028912	0.123454545232992	22
0.038894464165124	0.324331992630881	22
-0.11073843068945	0.346016118493239	22
-0.027645539609628	0.0922286927830656	442
0.027689495174687	0.121308272512341	22
-0.014683016781223	0.224778017970566	22
0.090834097271021	0.0670397845703292	22
0.0000637272592579896	0.232986450054682	121
-0.121925108088165	0.231504104743596	121
0.041343538722261	0.240408554402541	121
-0.111801532037941	0.171951301053952	121
0.088468934070634	0.0681505287957826	121
0.084815420155273	0.0670113045130629	118
0.100782283146169	0.107870019416031	118
-0.056352474059378	0.315982617944096	118
0.056653312350086	0.112334665643138	261
0.042784902616269	0.19968265112409	261
-0.040438717965052	0.141748405633255	261
0.058638343747081	0.111592150082452	261
0.094987626909916	0.0607144570531891	33
-0.111266303217559	0.352402948939562	33
0.093427045619638	0.0658936152661343	33
0.035066157430021	0.0823857434934907	33
0.124514702662372	0.116400694664169	33
0.034771139857515	0.0813964807041977	91
-0.037534538502611	0.15467277640721	33
0.085458594030296	0.0704861106918886	33
-0.122844884493814	0.178994553988468	33
0.084382855833838	0.131378990416077	33
-0.007234641184378	0.261035175762538	46
0.091870276465961	0.159982616058869	46
0.010553472389047	0.228980581714821	46
0.102323156340248	0.119197213156328	46
-0.035597576264984	0.0972797899163222	46
-0.032821156918564	0.0988815735560713	46
0.071140937139998	0.142376209493732	46
0.061347834450777	0.110224771688401	129
-0.021639838170083	0.177013266459346	129
0.074987589932878	0.0994260963508707	129
-0.032833813072498	0.235654030966598	129
0.01109516404934	0.260304919175561	129
-0.120805997632616	0.362488009004583	129
0.035645218034596	0.0797204818685667	93
0.104669423418651	0.100572125543017	24
0.085407500418969	0.163414266973033	24
0.095250337319207	0.111277864225235	24
0.034085153788727	0.274778985982157	24
-0.029098531706457	0.348627307480914	6
0.108564951552284	0.128980072680717	6
-0.098449490849003	0.447312893704429	6
0.105256731946788	0.087727495661001	110
0.058769568375547	0.162187463784029	6
0.016294109465416	0.203036464804034	6
-0.044958781814699	0.325635065256295	76
-0.00546640165470702	0.1681361618639	159
0.034685569129349	0.133724904665611	12
0.052098737339455	0.199237880822086	12
0.061956683336471	0.162385868101816	12
0.083050816672285	0.133351197619347	12
-0.020229509774666	0.272572706949626	12
0.080139317193466	0.170879650661166	12
-0.035221187230623	0.0996917527572204	84
0.090030868407556	0.0693206000865867	12
-0.035221187230623	0.0996917527572204	12
-0.021493515233635	0.246725719041832	126
0.065803217265616	0.105281482213372	3
-0.110708051820701	0.325315106938043	124
0.031199616750944	0.0856518567102529	124
-0.035781380202666	0.0977859364375766	124
0.017420947609622	0.155364795448611	36
0.068512202557378	0.144293121348097	36
0.093203949336891	0.265620512347681	44
-0.00436700224772402	0.353432272227044	44
-0.096173713910749	0.366369538495541	44
-0.030427484684921	0.212442184225946	44
-0.116759679199717	0.179344000079687	22
0.084271961247091	0.0708414880188827	442
0.118391825199821	0.11646766565588	22
-0.114275442684656	0.411833294765443	22
-0.031159069703148	0.0981044391984633	22
-0.120593353997572	0.17709703779627	22
0.02481998521833	0.115053110536155	22
0.108251701725234	0.0881354922379402	22
0.029377637398455	0.151101572889942	22
0.065975537405736	0.146723592434687	121
-0.079232356399954	0.393740650468903	121
0.035954743729463	0.0832571614702204	118
-0.050624020019053	0.353995769525378	584
-0.022440699843084	0.206978696500196	261
-0.110001617863294	0.405082352832229	261
-0.020233533831048	0.27302882921985	261
0.090821356184562	0.0674176342232614	261
0.114287135404857	0.110962739775509	33
0.095486358846991	0.153107358441337	33
-0.013479285094785	0.17943693776349	33
0.013148016677779	0.125863074425932	33
-0.066066144953897	0.205560865783415	33
0.07014275542928	0.103588920396065	33
-0.114991384329539	0.303816494194559	46
-0.076460683038466	0.317790705323229	46
-0.00986168023300099	0.24116687258237	46
0.033114747861574	0.18017750651186	46
-0.08189638537781	0.273061648002355	46
-0.026217533330824	0.202005077156584	372
0.042301769358255	0.197732177683305	129
0.041928822332332	0.191002977470243	129
0.0000675761696899979	0.194901817251811	129
0.086516343456671	0.161855785396311	93
-0.104649644777647	0.428105459679162	93
0.02604388787215	0.122786069098995	93
0.02536959486954	0.0850523845784104	93
0.085897332205154	0.132546419484688	24
-0.08366253798839	0.327705061860549	24
-0.118002478239383	0.266123902476519	24
-0.06847374978436	0.235373783679359	24
-0.07761985611579	0.407634111546602	6
0.00962802561012899	0.186317033831162	6
-0.068488414351989	0.398193334457077	110
-0.041565811005964	0.247016824485633	110
-0.062985498248835	0.20344739886033	6
-0.110876667363671	0.293590143312936	6
-0.060198270539881	0.320995465004145	76
0.027940242656915	0.188640881599881	159
-0.01738190081825	0.177302113039017	76
0.030936283537961	0.231081966014119	76
-0.01036208901859	0.290436299971833	12
0.006894188730868	0.250653617341714	12
-0.035781380202666	0.0977859364375766	12
-0.111166290153334	0.324882847935244	126
0.021827420521122	0.195754171276044	3
0.033133251101823	0.084545409463104	36
0.030609722602038	0.08503352403686	36
0.121131808517694	0.705524228934329	44
0.061726787397501	0.320439568455994	44
-0.058972319106401	0.60361788877445	44
0.079987066527798	0.180601578562676	44
0.032109864644669	0.237096490402058	44
0.078772781845539	0.303752462173882	44
-0.070329627475919	0.491001751121767	44
-0.00845811586697498	0.290676161431738	22
0.063184640797512	0.111172393787722	22
-0.063862406798361	0.314798217324378	22
0.050723022638985	0.253147605871201	22
0.092736648469672	0.0935039943786819	22
-0.122045502917318	0.227314499949079	22
0.05808710436564	0.107944073813751	22
0.069717950763789	0.107567133462506	22
-0.118807115991936	0.176282427884228	22
-0.033554504638585	0.0989113001367016	22
0.084282252206357	0.0705379079167224	22
-0.040075037709304	0.385269170869529	22
0.030379729890352	0.0827955374959944	121
0.106113599635387	0.12794766307595	50
-0.034666801812777	0.0997029697152663	50
0.023370064025987	0.0850861587615147	118
-0.076751481868082	0.327896313191001	118
-0.00416160742912097	0.279858614573172	584
0.06266993864325	0.199845930236871	584
0.095401572669062	0.0658401733562713	261
-0.081759950565071	0.248633599153295	261
-0.046300725343057	0.0964572365827708	261
-0.034666801812777	0.0997029697152663	138
-0.050406544327837	0.248661857118836	33
0.07168667923513	0.191575656400797	119
0.019820806836826	0.126013895531826	33
-0.027204501965047	0.214695476583603	33
0.00106227142867699	0.207489909399777	33
-0.00662980010851499	0.303394526619035	33
-0.114178898781779	0.179707856512192	33
0.031861636924331	0.151788059593956	33
-0.047402140531223	0.266788580152689	33
0.017827308924702	0.157727089560736	33
-0.068143074331829	0.223929420853426	33
0.063215734159345	0.144217295777875	46
-0.028336519882589	0.281958529775195	46
-0.073234436342733	0.232562461581338	129
-0.119008934059191	0.359834626176812	129
0.010166028514498	0.199914537774368	129
0.100515651791811	0.131661667646369	129
0.116899106893375	0.134665441264409	129
0.100764348615033	0.155857243176467	129
-0.05991663775384	0.204825702509591	95
0.069497303064105	0.188010548144092	93
-0.113950692668896	0.176707297794156	93
-0.032912756595687	0.143892594208412	93
-0.081971270820406	0.504960439276709	24
-0.020370227847126	0.299964568132328	24
-0.00640543415109202	0.213743661994627	24
-0.01226266086212	0.174514963307259	24
0.00788725052318601	0.194087346708557	24
0.115836445360136	0.136479746496437	24
0.090828654758528	0.157835184873319	24
-0.00711966831240901	0.218032275122655	24
-0.01153971996729	0.224972601714265	24
0.020885498636295	0.127537611090674	6
0.090110262325925	0.113664939853062	6
0.067770396750386	0.215438120034613	6
0.00330137977064501	0.320567892080967	6
-0.032098711327133	0.353582882918945	6
0.034049334910337	0.203741218914215	6
0.100680194445942	0.15701110310958	6
-0.035735356672105	0.235733363914495	110
0.114013836546419	0.161244575406469	110
-0.058121542471147	0.198022141772506	110
0.019180011870711	0.216851050387533	6
0.031898401770756	0.165430036354817	6
-0.049468542400252	0.316741397266683	76
-0.00288654358713603	0.281275166645875	76
-0.049142092998176	0.0949393011225188	159
0.032571845101236	0.0848849970120097	159
-0.030607766050953	0.0942679306222286	12
-0.035221187230623	0.0996917527572204	12
-0.121162872824391	0.232688671757426	12
-0.077745669655703	0.314967658860399	12
0.064464906972232	0.111405180424642	12
-0.038989621123419	0.238216117260949	12
-0.075807022965408	0.350314009065613	12
0.12155612214844	0.119260230993555	84
-0.00612083008108899	0.242167122573432	84
0.069422731961983	0.105472044145625	12
-0.076170570356719	0.23823606376205	12
-0.037534538502611	0.15467277640721	12
-0.020937718836509	0.181371766063613	3
0.04238889385918	0.180053845269623	3
-0.00122966563599902	0.233026578061407	124
-0.025209934368328	0.296839237475711	124
0.049484840630488	0.174780417804792	124
0.075163245042443	0.136597336145657	124
-0.105290512276947	0.204348246686225	124
0.034821046777471	0.0838903568248648	3
0.018522311820578	0.266860662810813	3
0.062900023602571	0.11160826379656	36
0.069451414203416	0.137611879633031	36
-0.113850950494166	0.17416901412382	36
0.014488811780051	0.215878909723596	36
0.071289851390187	0.296417210011678	44
0.093828775558273	0.154116491207364	44
-0.02379718368686	0.344295870001248	44
0.004183029595103	0.294122011302561	44
0.00627677349001399	0.303082297463614	44
0.012500933305395	0.314378943502219	22
0.034789350336692	0.221767821955561	22
0.061314709810242	0.16271119403741	22
0.024569309068098	0.214568412146208	442
-0.060383662493814	0.307660507476288	22
0.00119506760685401	0.251236782071235	22
0.000478477246270009	0.212156414760863	22
0.058182727962911	0.150482210919861	22
-0.06820315879925	0.343371733156249	22
0.033031301230102	0.255563146996871	22
0.100928964612085	0.133863627678581	22
0.053460631923602	0.197885463251626	22
-0.08150581218531	0.242794055747665	22
0.108890029112182	0.130814132388885	849
0.037276331568268	0.159940070938672	50
-0.067858062451812	0.210019729810159	50
-0.032821156918564	0.0988815735560713	121
0.088455639828229	0.0686406426894939	121
0.028382442500167	0.154446909711504	121
0.060689734641927	0.134134959272183	584
-0.077589594558695	0.248188255104287	584
-0.062079702098866	0.311311818782454	261
0.068036600708905	0.159211375010548	261
-0.015086239864623	0.226392198632124	261
-0.052079120445354	0.296127176003299	261
0.097543554732231	0.137421478233242	261
0.104946297780595	0.132369262092558	261
-0.082989486941798	0.350848575106248	261
0.038461644295732	0.080673971622883	308
-0.005066189276487	0.171825839634895	138
0.070142244685627	0.144043858541919	119
0.088735666995713	0.130729801296013	33
-0.114619779579172	0.348925848388714	33
-0.064138195640018	0.197895393580137	33
0.010148404651177	0.187963770855395	33
0.07449448578046	0.136408504750601	33
-0.079615863934196	0.317768214516054	33
-0.050959013485789	0.268739792630694	33
0.060178270428552	0.148492938438896	33
0.023292275800076	0.189284319522095	33
-0.116345149762357	0.302381249587506	46
0.108078502105075	0.0844377229068526	46
-0.045276105737375	0.292096847786642	683
0.030604992802796	0.225223902849694	46
0.08794019370739	0.163288791866769	46
-0.023764265535564	0.251410177805372	46
-0.039415854630665	0.24465547533947	129
-0.112901863261128	0.174250432478318	129
-0.011185821419515	0.289868820505573	129
-0.098053680341365	0.334112039945468	95
-0.035712244589633	0.290603023243181	93
0.070405008225244	0.124497884293711	93
0.029954143801785	0.144833043928781	93
0.102855849806884	0.126982022354909	93
-0.090686714686493	0.334404869956382	24
-0.07889583987487	0.299904256176935	24
-0.065551936310307	0.371121576960359	24
0.037489154425845	0.222721276139551	6
0.062606021369719	0.166198957520409	6
0.116150126689207	0.107584875141412	6
0.046459981122258	0.203718491110865	6
0.060839100782591	0.166511709625042	6
0.059781544956814	0.105378802336808	6
-0.12046430829858	0.401661281570018	6
-0.014883762765205	0.282505157488915	110
0.032008193254151	0.0825104649056222	6
-0.037135795510813	0.151037758166957	6
0.015086130262182	0.131802097909141	76
0.119303881649784	0.12220356640355	76
0.068896990166354	0.179773213138563	76
0.102663716818365	0.0908806249880266	159
0.03247612266907	0.114276086555084	287
0.089645088569364	0.0680799420359369	159
-0.041812325564828	0.149927648018727	159
0.0641803376615	0.106525865551667	12
0.124885953253525	0.100878195002368	12
0.11876742931636	0.096326617630059	12
0.085104070776964	0.133200239756695	126
-0.065101456596121	0.204872569338403	3
0.044506344630643	0.158042289425332	124
0.075128508277261	0.137811159151534	124
-0.028416814584689	0.216425660214194	124
0.06802517544264	0.106795657569766	124
-0.064944133388202	0.200628238079826	3
0.104449390273598	0.130905295040547	3
0.036057812370295	0.168299875889172	3
0.069590139132751	0.123365395931001	36
0.110332550745989	0.119272188900609	36
0.074058167313914	0.554426353512806	44
-0.026689584157781	1.03829034329731	44
-0.074013538284191	1.14826683572797	44
0.007667664190042	0.704272289723343	44
0.116158872624777	0.140819316953049	44
-0.11751113149065	0.331539169862809	44
0.124124674799504	0.177222193248638	44
0.053180940512055	0.242461358472237	44
0.075427955167703	0.149457099429123	22
0.070792789227842	0.161404744480321	22
0.00596883663016401	0.314101547577882	22
0.09883463412819	0.138729634241811	22
0.011011932211805	0.207242016170162	22
-0.036748905309279	0.214088078102917	22
-0.030439544402324	0.277196512019404	22
-0.064796380526799	0.20345718725904	22
-0.124086840162879	0.271454705152014	22
-0.018620480030588	0.179065217271065	121
0.112790545359754	0.123893051746673	849
-0.008884994508078	0.245012752108205	121
0.002588515252817	0.254627378463871	50
-0.063324849189181	0.272025796425457	121
-0.06794188850155	0.235398539986921	118
0.101134821249769	0.107098997965163	118
0.06412917289573	0.131166842818294	118
-0.03861047511274	0.154935039302282	584
0.068623768678311	0.119519259046147	584
-0.031445148032005	0.255771666819755	584
0.118249953269892	0.0954696065528731	584
-0.035081748678156	0.255361822381277	261
0.089333158109452	0.126690209275661	261
-0.12294808698228	0.178196571751714	261
-0.083016585857727	0.327671053370353	261
0.07278042579332	0.14120353095389	261
0.089002775024258	0.116083854579816	261
-0.071432938658104	0.245490563146687	138
0.00715920576294701	0.225164098739658	33
-0.124813473753219	0.230341934238741	33
-0.117143067704016	0.396039232722877	33
-0.034209020241631	0.217439387838375	46
-0.036334661817441	0.10048957400549	46
-0.036243974908356	0.0976634706791572	46
-0.04028379178964	0.0973885165614567	46
0.107513150306805	0.129693475627525	46
-0.019072923910602	0.248483418844719	129
-0.034666801812777	0.0997029697152663	129
0.036266982561835	0.167133509049334	93
-0.044703547854004	0.153018134887852	24
0.089623153806677	0.0668978496737645	24
-0.013559297338263	0.171281356688173	24
0.122093985057594	0.0913859335039059	24
0.05650406410102	0.203491022250765	6
-0.107002526486604	0.344397759099587	6
-0.075427506452619	0.315718969895241	6
-0.041405672757444	0.101142567173792	6
-0.030874059464374	0.308214547964077	76
0.018635354828262	0.175585067622075	76
-0.116658663310794	0.180391722950282	159
0.072383373150308	0.121291872818131	159
-0.00657898370394999	0.171699864122896	12
-0.011728632105233	0.17067892262602	12
0.019601893642104	0.156572022159732	12
0.088995406071146	0.0676588625413926	12
0.030711190716744	0.149987023703222	12
0.100369324216014	0.0860798510649867	12
-0.077154878350081	0.242033446130222	12
0.030361676400167	0.0844616484120457	12
-0.067405458863027	0.315242737319386	12
0.092011714469982	0.113768211688897	12
-0.019316612619611	0.267489071621241	12
-0.066746094748992	0.197563210633133	698
-0.010698862073365	0.250578620120447	124
0.054162179879238	0.136430769703529	124
-0.062937282042488	0.311271993943413	3
-0.042288518739606	0.286030144189745	3
0.039877971069485	0.706698555762839	44
-0.076680077152425	0.346558704752951	44
-0.017382933066845	0.524830950953738	44
-0.023761672848376	0.362708251313452	44
0.079164789605153	0.266479823129491	44
0.074578823312364	0.276120959887769	44
0.11757219592037	0.138999896144529	44
0.02498529688899	0.260665277455214	22
0.091582098960629	0.115680410875127	22
-0.093674227813439	0.330996251082869	22
-0.077342325512427	0.412880213973554	22
0.100525083272046	0.105694586980889	22
-0.07124131607565	0.338357040729194	22
0.080620718476642	0.134764997325949	22
0.094681747288008	0.138338108048252	849
-0.121590474456262	0.285259650375122	121
-0.119571353771694	0.286157479347136	121
-0.112807853656105	0.325068897742573	50
0.089980400501804	0.116057444017478	118
-0.081048046072202	0.322974527554398	118
-0.079238227757957	0.24052703446209	584
-0.09779224602796	0.365437166800847	584
-0.012146332688061	0.225716334743798	261
-0.066967941369123	0.27511565774803	261
-0.051361178348919	0.301373645160214	261
-0.014580576887733	0.18143328916142	308
-0.062318098695536	0.238687290492738	138
-0.034387407719224	0.220590862397724	119
-0.059166789296169	0.201552683122584	33
-0.115239617700004	0.284420048609302	33
-0.083725503455719	0.271648973188764	33
-0.104991684558513	0.31674605199279	33
0.013773408678367	0.238759948335629	33
-0.060330094147244	0.19341479838572	33
-0.075608243568226	0.244229011469334	33
0.022769876166962	0.154110390021085	33
-0.033000027866874	0.0969845561461558	46
0.120728723331816	0.0954585552781771	46
0.026447525993966	0.156595937987116	46
0.096065076613515	0.106319718692851	683
-0.075980663529991	0.28396231116385	683
-0.080024688943225	0.319455364454667	683
0.017106422965879	0.20169670642447	683
-0.059465614219246	0.287700980348643	683
0.026787705438851	0.155713804506692	129
-0.084612223699908	0.323418601320342	129
-0.036334661817441	0.10048957400549	129
0.113252223280066	0.0820319600273466	129
-0.079815124727442	0.323288245291573	95
0.103000036747352	0.133179511495765	95
-0.036334661817441	0.10048957400549	95
-0.041049979234059	0.28817124505333	93
-0.076580966695573	0.319916101319798	93
-0.079314256861125	0.300711803653688	24
0.084282252206357	0.0705379079167224	24
-0.120816045368237	0.272482211664963	24
0.024483920511909	0.0851579907468306	24
-0.026843376772574	0.134705584243846	6
-0.06117225871528	0.321654142984034	6
-0.115906723701057	0.263877941327161	6
-0.111142548837888	0.31310247143668	6
-0.016756900223772	0.183107068354191	6
-0.041426919573116	0.266531561630904	6
-0.035221187230623	0.0996917527572204	6
-0.020743982707468	0.274766195224188	110
-0.108913587112141	0.289532605804391	110
-0.111472294373269	0.174950673082655	110
-0.033554504638585	0.0989113001367016	110
0.040647925363708	0.0775616117502389	6
-0.12062437686498	0.275432610608368	159
0.055792609120802	0.169800811385965	76
-0.075271742029692	0.267042260198439	76
-0.066451410756966	0.257552400994123	159
-0.026929659733556	0.206939330982959	287
0.044116116171572	0.174536394167645	159
-0.027321962473898	0.213488139193481	159
0.095695466414229	0.108750971388157	12
-0.033840573821021	0.145796674596219	12
0.073503445186065	0.140830860626381	427
-0.045839949723291	0.153509639732433	12
-0.067271196384493	0.205062639349176	12
0.028079865877997	0.083207074051068	12
-0.051848681890892	0.265157630239361	12
-0.04811095615299	0.30185824905812	12
-0.071121727969455	0.207059074342224	698
-0.064190892348724	0.314127297384742	698
-0.04613127641134	0.143664905211166	124
0.028398274749071	0.152856331002876	124
-0.050059470563274	0.269246709604729	124
-0.034578438061265	0.241098289728482	3
0.091040561413175	0.114190323738575	36
-0.035448139149097	0.215011830256948	36
-0.039120545354252	0.0982326823496038	537
0.032303597600429	0.0823453868364376	332
-0.115499943689299	1.38122770070326	44
0.090963567238613	0.141287320629848	44
-0.034341010338317	0.548511332495395	44
0.079463458799486	0.189891096894763	44
0.008231717670028	0.233897758993624	22
-0.037477690476792	0.216473649239162	22
0.05220939538389	0.154833660852658	442
-0.111616389476461	0.309862379979333	22
0.103679058590295	0.134580836246743	22
0.11297935396661	0.109616397714787	22
-0.11923118290501	0.305522438717296	22
-0.015293116978573	0.176511689031135	121
0.035894703125052	0.146907134299512	121
-0.020924604726193	0.24059249336514	50
0.068671329771009	0.122079354856932	50
0.076086358187786	0.136392405254786	50
-0.123189764081231	0.23302095659595	50
-0.04747501310516	0.271497415753246	261
-0.000133790075764972	0.18785971402829	261
0.00467562259367901	0.186837636292792	261
0.023786430300103	0.127612430024662	261
0.062742115669533	0.109216644898474	138
0.063483298297934	0.130579333324794	119
0.042356704824724	0.158324469616924	33
0.084929403111247	0.118753853518866	33
0.089645088569364	0.0680799420359369	33
0.062531575503384	0.130262958386749	33
0.088848908573589	0.0696786937937549	33
-0.00616545328399598	0.173204658993543	33
0.072922766122644	0.122767973079418	33
-0.041847593537753	0.247820349244151	46
-0.068273672877701	0.241993576539145	683
0.017942091723251	0.125965638378422	372
-0.049669966100505	0.181489368332268	372
-0.038557802363748	0.0973699014911801	129
0.104515569122151	0.0881619771769656	129
0.102518595997868	0.119585736138064	95
0.099195916688768	0.109035823949559	93
-0.039673644675882	0.0981180899957098	24
0.021915234877305	0.153185525315739	281
-0.049804571670223	0.0973794940097657	24
0.014530385013711	0.128524957207053	6
0.065803217265616	0.105281482213372	6
0.095099132632982	0.125109590155803	6
-0.03968700452328	0.154256465120477	607
0.034016563466019	0.0811173319914491	6
0.064186384416594	0.111422943915699	159
-0.106533668640462	0.287762976723952	287
-0.112171380304629	0.300419153702293	159
-0.062800988668238	0.206962461757117	12
-0.00156193865631799	0.16361116197136	12
0.064792583389073	0.132454344606811	12
-0.119577411921898	0.274850285511408	12
0.045974309626163	0.0724242918245232	12
0.088435210746348	0.0665980288095068	12
0.038709217483997	0.0819489753591244	12
0.099725954989259	0.108760150182075	1682
0.100841963652051	0.089011928271483	347
-0.113801421413491	0.327583603847723	367
0.064902847568284	0.109542596485701	3
-0.06354242966526	0.198501538471078	3
0.111872384872424	0.0837128031379348	36
-0.078870528120392	0.23798634948861	36
0.081365181289186	0.208442054562682	44
-0.108192544402602	0.527551881555283	44
-0.009699876182722	0.401197623952795	44
0.00456823954121	0.31204957365289	22
0.074582681828511	0.195724890151832	22
0.108148229530314	0.146638507729339	22
0.055219891154861	0.183417440995413	22
0.106010557559979	0.161575126123641	22
-0.112216344379709	0.284268443308277	22
-0.081373773169878	0.247735726509092	22
0.00983595499713499	0.183582964691562	22
0.076350529392069	0.155102786717518	22
-0.067000959171947	0.261654758954689	22
0.077252597551676	0.117308338571528	442
0.11557442118876	0.110098389192775	442
0.072593954968433	0.140540519320702	22
0.090064696027838	0.127857955773817	22
-0.101908919348999	0.34254465492031	22
-0.023967162449614	0.177457462134397	22
0.060811061507578	0.151396171049622	22
0.105902669787396	0.0871031553520041	22
0.038794243720732	0.07753726271352	121
0.08648744706082	0.0697556684484991	121
0.018342353060563	0.1998451152622	121
-0.082612645095964	0.24822286218238	50
-0.036981198748894	0.149075151108642	584
-0.109199723034535	0.169989365163514	584
-0.067031111206296	0.205329724446167	584
-0.044281832563264	0.242028068797823	584
-0.100525822781957	0.301647103147381	584
0.095384177222134	0.111304282649484	261
-0.04579886621043	0.242287981814063	261
0.009954174257821	0.186358355498011	261
-0.033727487243185	0.238047698623651	261
0.112895418016667	0.100064328823259	261
-0.113799099867552	0.295715417835699	138
0.062800846715418	0.148379805988554	119
0.028402432272964	0.150178782484174	119
0.118730049998211	0.097092964770582	33
0.03082098470071	0.172420422115039	33
0.086703290468929	0.140518124633747	389
-0.031159069703148	0.0981044391984633	33
-0.026358140200908	0.212644580801945	33
-0.01359681914563	0.173389462299753	33
-0.073494656169549	0.204548770200319	33
-0.113950692668896	0.176707297794156	33
0.024399814133723	0.125510370619078	33
-0.112824044354316	0.175515859885757	33
0.094071113505806	0.0636694110085941	33
-0.034514342625543	0.213794190180885	33
-0.029864806673222	0.216820285949155	372
-0.059528218242585	0.200478996125009	372
-0.041515198315076	0.149127906284915	129
0.084271961247091	0.0708414880188827	129
-0.00168112842124002	0.215305712308936	129
-0.085394927826267	0.306877222090348	129
0.063677853536531	0.128735875344396	93
0.023145892668538	0.152190398224767	24
0.00943095442785	0.18764203285494	24
-0.066066144953897	0.205560865783415	24
0.010073144233983	0.204031561960328	6
0.017759265399619	0.17623726104371	6
-0.118514528289803	0.358241350441448	6
0.036510442387253	0.187444321633134	6
0.056903965277677	0.137610316779892	6
0.00670554815259999	0.188343966660036	607
-0.073290427498579	0.197571826189744	6
-0.041968139454293	0.0965050431706499	6
0.030609722602038	0.08503352403686	76
0.11620027488121	0.0962133283900146	76
0.086014991890835	0.116109763698817	159
-0.07341928274415	0.24392037568387	12
-0.110859894750293	0.286122654722118	12
-0.014598885538363	0.171027777570825	12
0.061196450506209	0.111015241350376	12
0.020082133992799	0.121358323894588	427
-0.111575745546715	0.177868923317431	12
-0.043071318843924	0.0994935601069163	12
0.030648357151989	0.0799863747474367	12
0.091841596348273	0.0662756134284721	347
0.084895701658358	0.0685157215219355	698
-0.00811335228930399	0.16889084780383	698
0.087499168311405	0.113763501405555	3
-0.067545829179712	0.209028210039727	3
-0.073085245594591	0.270489211414816	3
-0.073270339240991	0.269686915080471	36
0.062481086477216	0.110482221262384	36
-0.042135219997542	0.249447350054314	332
0.064065405554015	0.106302250476069	332
0.044019540911155	0.184358413525047	22
0.116755542378528	0.137643557917744	22
-0.092205707890671	0.410963957744669	22
-0.058341658810227	0.278886434172602	22
-0.054611455726279	0.388105416004254	22
0.034449213954636	0.188581591621924	22
-0.043653348348353	0.245432997089623	22
-0.034011076623819	0.238578498780787	22
-0.088290149691197	0.352288168094487	22
-0.081315855349699	0.297532859707973	22
-0.041399560124384	0.249223447752826	22
0.100017108962026	0.104431066227997	22
-0.042063945698896	0.154540386456222	121
0.072922766122644	0.122767973079418	849
0.071874258747801	0.124301444327599	121
0.013896722136215	0.129058450624126	50
0.066706542723945	0.129969472878533	50
-0.015604254280777	0.181172855738514	50
-0.060622576601078	0.275605409368488	584
-0.12455455301947	0.233891612566602	261
-0.03175111709639	0.20646210566047	138
0.107441507504985	0.0999302581848048	119
0.001765780584255	0.195121395345615	33
0.025617547461625	0.0866724066444074	33
-0.033755303876388	0.219530162151865	33
-0.067271196384493	0.205062639349176	33
-0.071732667840657	0.203088994989119	33
-0.031318005269428	0.208223920889308	33
0.02380216353411	0.155560389380167	33
0.104869006248655	0.089980622919021	33
0.036643413957411	0.14747185925235	33
-0.031888903821783	0.0962298133777609	33
-0.041405672757444	0.101142567173792	33
-0.018576503819376	0.181914101851862	46
0.093216280197513	0.113577930918506	683
0.122014221864088	0.0945843109212518	683
-0.062671010697288	0.205860418370439	372
-0.035221187230623	0.0996917527572204	129
0.106295281830232	0.0854520205289967	129
-0.034484314312499	0.0985437623557484	24
0.097610052033421	0.063514348073361	24
-0.071036092327045	0.256628869856463	281
0.088455639828229	0.0686406426894939	1146
-0.03935925643723	0.150086835791999	6
-0.073513685284428	0.24616783238644	6
-0.033006409671972	0.14822007055335	6
-0.121440486801779	0.362914792540413	6
0.02787786330142	0.0853279547917187	6
0.034821046777471	0.0838903568248648	76
-0.069126001426924	0.241279024975953	76
-0.036635951405631	0.217274852060886	76
-0.055369524773272	0.277623300755802	76
0.057938422317534	0.111405953614906	159
-0.070461968912722	0.263761404546684	345
0.109659782311184	0.084778602734015	12
0.081269096004483	0.0694401102038381	12
-0.037343287652806	0.100052395781568	12
0.07867184229788	0.131612055703071	12
-0.120380887691921	0.175219788153678	347
0.06585520069956	0.130971802619738	3
0.031747629582172	0.0848483208395658	3
0.062552925972651	0.107083325566494	3
-0.011560053881441	0.172975107365104	367
0.065495265713875	0.13061146930862	367
-0.062392398433433	0.229110414211538	36
-0.025450283655568	0.465642818199528	44
0.116276770008116	0.141408999584633	44
0.117467109784755	0.175633609529255	22
-0.032911175618197	0.216321826652628	22
0.091152886844458	0.161222744355698	22
-0.05776674544088	0.357473250956033	22
-0.074455515885677	0.397751682944242	22
-0.098895102635835	0.535613195139595	22
-0.123604560439564	0.399608927396867	22
-0.084169583391883	0.415678389970816	22
0.066739611468665	0.187932809805812	22
0.089850632117916	0.129180036798159	442
-0.015643224499375	0.262259288682492	22
-0.03205327949906	0.229778147131083	22
-0.03749453372854	0.216785261012204	22
0.082557312291854	0.150411197905209	22
0.105059518085863	0.109793800931116	22
0.050512080658962	0.172714182662072	22
0.068538840709426	0.127758478506398	22
0.038848187222138	0.201309939171854	22
-0.063628746597587	0.20608274152129	258
0.014396147440111	0.126474009886441	258
0.097350933128125	0.139298649141252	121
-0.06116110779846	0.331613568628196	121
-0.084163770987671	0.243689779148158	121
-0.078060007873327	0.247820207809788	121
0.022909999207834	0.168861224053787	121
0.093778705169253	0.125439325513855	50
-0.00173538649471799	0.165187849876056	50
-0.050478129330935	0.249482665777102	118
0.091594658893885	0.064411272478991	584
0.104154030916134	0.102449167560445	584
0.110858263829653	0.099787822658538	118
0.032562239926853	0.15022899639284	584
-0.018379273592434	0.180625067666255	584
0.042827382440189	0.16429797622344	261
0.093983745118118	0.112006580151661	261
0.066888049909683	0.147466393606027	138
-0.116759679199717	0.179344000079687	138
-0.025632832518216	0.250850103833047	119
-0.023544448253213	0.177147671940774	119
-0.033060970957163	0.233715856579117	33
0.06780418765693	0.138787105163812	33
-0.118404383159859	0.33561982005994	33
0.071433923333302	0.103880128212688	33
-0.038010042061422	0.242679241083863	33
0.010698826226524	0.181336648182495	33
-0.041405672757444	0.101142567173792	33
-0.103779585487647	0.243001057637903	33
-0.079201556062942	0.27690100537374	683
-0.00844820196678697	0.221346143071741	129
0.03379476288814	0.149871232674438	129
-0.067545829179712	0.209028210039727	129
0.1093238755715	0.100704241090557	129
0.033990701557135	0.149648350269178	129
0.123196344891706	0.103223523185086	129
0.109543055380234	0.123667462489717	95
-0.025261135173469	0.255905790526925	93
0.117623867103809	0.0945415538116001	93
-0.117630123163542	0.377862840112631	24
-0.07867637589798	0.275657778703534	24
-0.038003609048903	0.100132891438743	24
-0.116492330726771	0.172327667329313	24
0.037332136589465	0.0829524662765178	281
-0.011781143345565	0.176559186028176	6
0.042269474471237	0.178092281862306	6
0.012046382109401	0.206496045629702	6
-0.111169774320023	0.325269282781205	607
0.084670648687142	0.0691768460062868	174
0.093563639282084	0.065302296622145	174
0.031997199412221	0.0847309034950032	6
-0.124305063415899	0.213717906580366	76
-0.030458995613718	0.235871551419787	76
0.03033520873674	0.210551000928904	76
-0.041558199461128	0.229061264114757	159
0.067893118629388	0.105196722730618	12
0.024171155448667	0.123012041239826	12
0.073551993612938	0.102062636626667	12
-0.003189131864683	0.163279812635628	12
-0.111206643647486	0.216467942558122	12
0.064913912080539	0.106386048951769	12
0.019756167292936	0.0816168258286316	12
-0.118657431829614	0.176612086959164	12
0.011482459614214	0.181796620640578	12
-0.017206264653837	0.227644099633546	12
-0.11690573941877	0.271752854077368	347
0.087026109995016	0.0682088596972497	347
0.06219086172573	0.110121581249863	367
0.06952895990573	0.144590847883353	367
-0.100913450940924	0.308404416463439	3
-0.014338238169528	0.181342306207831	3
-0.094887827516635	0.340942552528986	22
-0.090289288150211	0.547349112417156	22
-0.01322496815417	0.257812126761026	22
-0.032441960348704	0.329214326316048	22
-0.109214057732556	0.364294381501294	22
0.049082663842275	0.153410064773413	442
-0.02061987556298	0.179635776977245	22
-0.060567479881138	0.20423991036946	22
-0.116902724781607	0.381396008531605	22
-0.110247839227904	0.323247548389294	22
-0.017899423410108	0.181696831555712	22
0.043486373098985	0.0736354994037705	121
0.033384338727619	0.0837178281943874	258
0.026981820949209	0.149639678771165	121
0.025748393747115	0.151709140845321	50
-0.074643386107648	0.242956784798523	50
-0.061214995143312	0.198379137652093	118
-0.044288305436767	0.0975293715241797	584
0.090026883780733	0.0686499958168626	584
0.020308075790236	0.156807843800832	584
0.03264988548035	0.146210483453898	261
-0.073047139165169	0.246264318685164	138
0.091070494997837	0.0655972357663633	138
-0.104826834359695	0.284048145987021	138
0.093447312415582	0.106491844492606	119
-0.076323648375655	0.273985041677963	33
0.066375989348406	0.129027532971915	33
-0.034902447411141	0.144168846099733	33
-0.033554504638585	0.0989113001367016	33
0.097517251221607	0.093549134687559	33
0.028446271976906	0.146964762353187	257
0.110341037525239	0.0761005666348182	33
-0.029914247464224	0.213073499784158	387
0.092387975546128	0.0673817443342374	129
0.076669008632928	0.119577397524476	129
-0.089437428059965	0.297301140449654	95
0.120489955654579	0.0941763425908933	95
-0.039003215206477	0.100328574963044	24
-0.064380008263036	0.208920285597064	6
0.108501196684561	0.0851334883118031	6
0.06585520069956	0.130971802619738	6
-0.009267790715632	0.170996206523324	174
0.023997598304462	0.1253990880484	6
0.038709217483997	0.0819489753591244	6
-0.016398157911571	0.181977569626439	76
0.032571845101236	0.0848849970120097	76
0.061910973299594	0.112284362515607	76
0.038274341364458	0.168400525176956	159
-0.020436119516119	0.182490013212622	159
-0.060223984198447	0.203565884888722	345
-0.015129091198198	0.179958783075231	345
0.073707389830153	0.0988047223943457	12
-0.119012691520472	0.182343680456661	12
0.036811652986641	0.146105075234971	12
0.090390377824273	0.113685688097528	12
-0.117711060514674	0.305537692731787	12
0.091847088387879	0.0675854687100914	3
0.063471686174592	0.109458452767456	3
0.061196450506209	0.111015241350376	367
-0.039596463320942	0.150011979090771	367
0.09330707402586	0.0937969335284797	367
-0.070751028688781	0.269239012397591	3
0.02787786330142	0.0853279547917187	3
0.029221908990834	0.0846487438237963	86
-0.058333992381533	0.388351945891435	22
0.043620305563604	0.385197301719963	22
-0.112928701865294	0.463073525471824	22
-0.070574733481983	0.431204493193304	22
0.031241195544368	0.145497606498817	22
0.10210858085624	0.105253555710082	442
-0.072673333765879	0.246154461790113	22
-0.039020350066625	0.240901082348451	442
0.113378965493722	0.09808911779917	442
-0.01378039094382	0.237357138169216	22
-0.006739655098636	0.264554282260455	22
-0.066066144953897	0.205560865783415	121
0.064805430382111	0.106309374717813	50
0.108458542785557	0.0864783587139156	121
-0.109222936383059	0.175582048422268	584
0.094726038326394	0.112284239791164	118
0.061559593835541	0.131613952923586	584
0.072083729561803	0.123732057383019	261
-0.037737268576921	0.217386774624932	261
-0.014766959341572	0.175950278008996	261
0.00505408966031901	0.192299555672864	138
-0.035480003627849	0.150264951462006	138
-0.121534383009351	0.263708315411348	138
0.066472859654425	0.130293554643781	138
-0.078342285102664	0.264278305503204	138
-0.074533836472624	0.268835831405749	138
0.014947062131198	0.173899060670402	138
-0.024868093926301	0.210322473652205	119
0.00194780369238301	0.227484186662962	119
0.107914780538713	0.0876371044613806	119
-0.114271233962917	0.322539055576935	33
-0.119751752790274	0.258408386638666	33
-0.068592542554633	0.234979835437376	33
-0.026385495589038	0.212800305155033	33
0.01213141389116	0.182324029442726	33
-0.040844223800902	0.101660915739334	33
0.029469538367795	0.0835500430961918	33
0.087278299254596	0.0687080658224371	33
-0.111343747601896	0.322355687276037	683
0.099725058326832	0.0933130288363847	129
-0.032821156918564	0.0988815735560713	372
-0.031532743806358	0.145680881549073	372
-0.037343287652806	0.100052395781568	129
0.00557898334763099	0.227897645806315	95
-0.06630460792587	0.231942969645976	95
-0.123717786335995	0.312265991747482	792
-0.07319312944996	0.245548979629702	281
0.02418736577387	0.126119700976863	6
0.106897085119014	0.114675980345033	6
0.00479921923846099	0.189481961140923	607
-0.025757942783494	0.179142753232126	607
-0.036334661817441	0.10048957400549	76
-0.038077589807673	0.0984608342885161	76
-0.102552529966435	0.376206868940299	76
0.097181774279455	0.0931953737626644	76
-0.047043521028116	0.100061325242159	76
-0.0000356296906510178	0.192906826514654	76
0.09282120342179	0.114155509821769	76
-0.117885908363832	0.181539308233536	12
-0.036555497783795	0.150537234798652	12
-0.037205704734192	0.148042824247877	12
-0.06450494160108	0.315775089271506	12
-0.114709162729325	0.327191504381007	3
-0.039741096782999	0.100867367680409	3
-0.041288568441028	0.245404925450138	367
0.107566334827561	0.08558391870213	367
-0.030248763061525	0.215567576081731	367
0.027183408187826	0.152522979377081	3
0.078515588830314	0.135937877997302	86
-0.098499763570382	0.603136984550034	22
-0.065002131112002	0.546745640254126	22
0.057558318233245	0.258505371167596	22
0.00170051546104799	0.248633410774728	22
-0.017934502807205	0.269506679196593	22
-0.10658743178188	0.457500913438301	22
-0.083730267483099	0.383521619597944	22
-0.082662789791286	0.274115390545815	22
-0.070363724873405	0.20867487375099	22
-0.017899423410108	0.181696831555712	442
0.059934163502423	0.111173495399204	22
0.088326916698804	0.130131075526149	22
-0.085629842591305	0.300603976522843	22
0.017291205666386	0.178894477462748	22
0.021315302993452	0.125742927016248	22
-0.115155424328594	0.31557486218598	22
-0.009990990363691	0.219056018480005	22
-0.012714697891914	0.177875137992847	258
0.035148449406381	0.170505156522072	50
0.05710744811599	0.132868544827007	50
0.112847802286175	0.0799389089651313	50
-0.040064215506897	0.147186540741826	50
0.02224681150919	0.083688272706105	118
-0.074135727785501	0.204058669305891	584
0.026908838299958	0.123351496212778	118
-0.120818918075534	0.276780558951703	261
0.069168989846573	0.105107223323102	138
-0.122788606934812	0.238814134542385	138
-0.071087566052125	0.204647072686529	138
-0.121188837745678	0.273804303168189	33
0.022936040578764	0.126735407564073	33
0.085449611535287	0.0701654696624501	33
0.00924521179923901	0.186911652869016	683
0.030807587792563	0.079056974507891	129
-0.020075467620117	0.182928323796028	129
0.073038170656314	0.133763041143463	129
-0.110907747759714	0.284590586758217	95
0.035713978817528	0.187544316504169	95
0.114432828222499	0.0996570997331449	24
0.062650520311399	0.108679770064825	24
-0.076907151348864	0.275124718701944	24
-0.116759538758193	0.330521785830281	24
0.072083729561803	0.123732057383019	6
0.09104648925903	0.113463287057664	607
0.063194059360745	0.111796920435012	6
-0.120038153813922	0.179022808330083	6
0.068438191296074	0.106724116693639	76
0.031997199412221	0.0847309034950032	76
-0.115857545508068	0.225519225247698	345
0.039249049372542	0.143896496168778	12
-0.123259483065503	0.227472553747917	12
-0.0663482386245	0.203104119284294	12
0.034577039649052	0.0828853408353346	12
0.028378908086965	0.0860146778006772	12
-0.032521178828651	0.147024906338229	12
0.018572999666577	0.126303585968005	12
0.029804923818506	0.154246875904588	12
0.026998385657784	0.0867821277358564	12
-0.116555254521681	0.178342905360421	12
0.100419701308853	0.0909683332473848	12
-0.044623986542982	0.266812916639646	12
-0.024106067458179	0.249592660903717	12
-0.015103373823867	0.241994769373852	12
-0.124315906917415	0.230931785837812	11
0.100997670242059	0.092478901678656	11
-0.011830162583549	0.173765389597197	11
-0.022659843418929	0.202005423738365	3
-0.00325577422541501	0.169074152245991	3
0.05500235482446	0.136068200731583	3
0.061791474442837	0.911711693264396	500
-0.114734549990378	0.774704811193733	22
0.037871312406887	0.246329274803376	22
-0.03195094692974	0.445916036789355	22
-0.022771448700275	0.530113042399371	22
-0.083762233803735	0.993186002639874	22
0.086196999749412	0.286612372322936	22
-0.020232059657671	0.502144574413263	22
-0.03444997872073	0.470653897847295	22
-0.079063070834403	0.582364209256689	22
-0.012796442143589	0.455425974264319	22
0.011841320103132	0.29820330412984	22
0.077447662083217	0.184607983921729	22
-0.110342694981271	0.426250506071413	22
-0.120276645683111	0.263246966317806	22
0.099931235906348	0.0907858978291417	22
-0.064307866447318	0.3594462970116	22
0.071290305982425	0.103635510946904	22
0.038767586605132	0.202081704982579	22
-0.00162283671102997	0.193130412429598	22
-0.00744041790357203	0.260467897641253	22
-0.06061614622533	0.336183391369145	22
-0.10932582151259	0.176468370548125	50
0.037332136589465	0.0829524662765178	50
0.024619711040964	0.126631203297146	118
-0.00555578555665798	0.16979130642533	118
0.00817102746343701	0.24654321716431	584
0.040870419377837	0.14073145041024	584
-0.107056830009877	0.166844586865436	584
-0.075286820520606	0.20282564337315	584
0.021261234980234	0.197375174874917	261
0.075478167634667	0.171005460801366	261
0.012393649371042	0.20414649919025	261
-0.030248763061525	0.215567576081731	261
-0.089918574861698	0.354910072117571	261
0.088455639828229	0.0686406426894939	138
-0.065404144429019	0.204173317594943	138
-0.00183322086790899	0.210153237627753	138
0.016560106459146	0.201668689807055	119
-0.114971621838402	0.16498290187778	33
-0.043786067902285	0.154316306362464	33
0.11881555050573	0.104860736942152	169
-0.020288594647484	0.248428825556138	33
-0.00335942640606901	0.164100700653918	33
-0.012044924727506	0.176325537171745	33
-0.119479768544018	0.333887870721506	33
0.00657176795069001	0.189967833852529	33
0.070249935511418	0.144433357474127	33
-0.121771384952587	0.23742367634223	683
-0.023590085985942	0.208033546715094	129
0.062373359536	0.133863693685598	129
0.097517251221607	0.093549134687559	129
0.089645088569364	0.0680799420359369	129
-0.00833960263354799	0.176488965543081	129
-0.06463475802665	0.236994426098606	129
0.064620065141437	0.149159789725949	129
0.019808607705287	0.12773462679489	129
0.040787874963842	0.199047585185643	129
0.019226883167658	0.195207075586263	95
-0.014405878160224	0.235905199679786	95
-0.051789719289161	0.191965031644656	93
-0.110970149813444	0.351896497194759	24
-0.083251190347984	0.304986076829136	24
-0.120169810940878	0.309799624558979	24
-0.033844212409331	0.241230994592504	24
0.094279656814536	0.121414719083499	6
0.017993486212335	0.201569639843795	6
0.095250229109126	0.0642683787751947	6
-0.11513173574664	0.325324333921848	607
0.05473546371861	0.187941194245651	607
0.08517315334484	0.128692516918144	607
-0.08221163050825	0.297811174623035	607
0.013870970609488	0.177581019465654	607
0.118488494501517	0.0943071007017275	6
-0.113246240169208	0.26342099108088	607
-0.088427599782681	0.354328205327896	6
-0.108696218363418	0.341392924157417	6
0.068428837598681	0.106389922998234	6
-0.090317162709307	0.353825750094724	76
-0.119092683014642	0.379781167514274	76
0.016129362374571	0.131133989323224	345
-0.121821750750057	0.176535431748265	12
-0.035221187230623	0.0996917527572204	12
-0.034110007668423	0.0965434778636971	12
0.033685038268665	0.0826909760795535	12
0.017795087593853	0.20195253536534	12
-0.110390808141009	0.253467597935609	12
-0.014981202263753	0.179194352628145	12
0.021422141322359	0.171120493156842	12
-0.074215774142359	0.241300896251659	11
-0.046864806391301	0.142596337739648	11
-0.119792606042371	0.275894358522693	11
0.106645121220859	0.0874560883770632	3
0.053681800872223	0.106030319159925	367
-0.048991941781447	0.149143143921852	3
-0.062375742967443	0.289688441189342	3
0.118050232525912	0.0778519510185853	3
0.00990438363792601	0.182082279064673	3
0.020192995181911	0.196016461120062	3
-0.100232780428825	0.343835401052543	86
0.069057287157182	0.145720626106143	86
0.071583614101737	0.155876402096113	22
0.115637702167189	0.183116865786321	22
-0.037641737061654	0.830595539597991	22
-0.082392227860039	1.0099543399237	22
-0.022554028275119	0.60751038389863	22
-0.049167113677531	0.673854354556187	22
-0.072267291523309	0.373380085395482	22
0.056111657895709	0.319814673184103	22
0.068111607145284	0.158398566035795	22
-0.083201130677409	0.350239467795404	22
-0.059505403553899	0.201450777169255	22
-0.058900938219453	0.196679921848681	22
-0.035221187230623	0.0996917527572204	22
0.017155175958986	0.13269280261873	22
0.037827428336572	0.0791925118237079	22
0.030241848041692	0.171223703291324	22
0.076686517715681	0.211299582159643	22
0.123634573272055	0.0905462895698392	22
-0.036813935307929	0.3393216243777	22
0.069582871128537	0.12853930887299	22
-0.055915426005171	0.273042597262501	22
0.095708219798657	0.121465982192057	50
-0.104268434425155	0.517387030457807	50
-0.117621467347346	0.173461115310091	50
-0.028648010654433	0.141032790599201	50
-0.035781380202666	0.0977859364375766	50
0.069393719334002	0.141918721803866	261
0.057266424961273	0.105477613550812	261
0.07616101651703	0.150839698153905	261
0.00655599361522999	0.183515132920704	261
-0.117790843593149	0.273571392437742	261
-0.046476032205904	0.0965408498607179	138
-0.122164999492254	0.169202842665515	138
-0.120889929280031	0.299574936742197	119
0.025440614219229	0.124603812360923	119
-0.079293576050725	0.249659135211767	119
0.099162241270088	0.108717995536923	33
-0.11711205040128	0.224778631080738	169
-0.030512989085272	0.258642416949104	33
-0.058859482589301	0.223331200365836	33
-0.114518246299544	0.315723853031826	33
-0.113586077424636	0.223381400287171	33
0.082058166145763	0.135622643927905	33
0.025157834591067	0.209195100724614	33
-0.055700155856239	0.302607271743734	33
-0.107106348550782	0.283981226008317	129
-0.119772577795489	0.232357775089864	129
-0.113703477891792	0.329405564667582	129
-0.00684575185396602	0.164916078516819	129
0.066625663788195	0.160776768474223	129
-0.113718278365003	0.266822651391582	129
0.055451149445853	0.135927563317973	95
-0.016516981652686	0.180685652241905	95
0.02604388787215	0.122786069098995	93
0.030678289070651	0.15361811410984	24
-0.099160714236428	0.36948165940254	24
-0.05333790419915	0.280421880475003	607
-0.00745916765661098	0.287159398332549	607
-0.081874090617422	0.356085932217668	607
0.034189918224249	0.206646314370599	607
-0.036786804189069	0.264996107849894	607
0.103206296220344	0.11348218111363	6
-0.086231217091404	0.341702735190678	6
-0.033022766331851	0.262453159018732	6
-0.037693017966135	0.15456792356179	6
0.015920785560826	0.175597171252223	6
-0.102079677953999	0.311839260369962	6
-0.12482797300695	0.273531186014573	6
-0.073196490695887	0.391742355877926	76
-0.076371002807457	0.340271016425818	76
-0.108411817678861	0.256174860885763	76
-0.037027956793087	0.25690412289543	76
0.032324764969356	0.085014775594618	76
0.098000613769475	0.0613630117286617	12
0.035066157430021	0.0823857434934907	12
-0.036334661817441	0.10048957400549	12
0.089645088569364	0.0680799420359369	12
-0.11664091905017	0.181884268605108	12
0.00894695880258001	0.265550640684224	12
0.072041133444992	0.13995167135062	12
0.017172038121576	0.129748084059068	12
-0.034405099994732	0.149105714312775	12
0.095586309413289	0.0910114034724671	3
0.013443719022979	0.183044072112042	11
0.097610052033421	0.063514348073361	3
0.017986082099938	0.131526042793827	3
0.092384505946137	0.0661689725513588	3
0.029759114008335	0.0838078012751067	3
-0.037343287652806	0.100052395781568	3
0.036682119491378	0.164913497368118	3
-0.054270687636471	0.303498111198	86
-0.045331308680524	0.245959214789531	86
-0.072491613779619	0.263242552892333	86
-0.091988909814263	2.38763039985386	500
-0.091579514185962	1.11263624965385	22
0.04235923357322	0.180934266327521	22
-0.050097032093445	0.473947374738126	22
-0.00515235521124102	0.278034932786886	22
0.111382004183128	0.151927376448099	22
-0.11699334151516	0.178703921562146	22
0.044218303449288	0.163216939407686	442
-0.026128441810439	0.385726684231054	22
0.103701720954804	0.0890341207480028	22
-0.115515570839912	0.182323978553707	22
-0.072510586241565	0.333592754702631	22
0.029506477293678	0.0858373609288333	258
0.091070494997837	0.0655972357663633	118
0.121796869582203	0.130800618887913	584
-0.014167592032494	0.292684229765579	118
0.082765875291061	0.185829971551657	261
0.043224555670805	0.158665725099623	261
-0.035092638187665	0.230560009487561	261
-0.00400509935319898	0.238040133157732	261
-0.031888903821783	0.0962298133777609	261
-0.047043521028116	0.100061325242159	138
0.031747629582172	0.0848483208395658	138
0.109774156905322	0.084989144087589	138
-0.033670443388603	0.141712331075128	119
0.008482545930869	0.227430774183997	119
-0.039741096782999	0.100867367680409	169
0.090418757213938	0.0649914054849079	169
-0.010089370316516	0.355360215333865	169
-0.103823416934363	0.377295417430257	33
0.094737580639779	0.0935042176560053	33
0.058024763235306	0.169466225670991	33
-0.077037377169958	0.313187417183927	33
0.090418757213938	0.0649914054849079	387
-0.058528229762853	0.197579563569467	129
0.061928405913573	0.108838068283602	129
0.030884816399309	0.0836242271300612	129
0.091207638572559	0.0682922372056308	129
0.094217174489699	0.0668846672946918	95
0.113622699306954	0.0984145263458297	95
-0.09196136423967	0.350495964722351	95
-0.040844223800902	0.101660915739334	93
-0.015610930882331	0.345343071365937	24
0.048319591824334	0.207103972996706	24
-0.106535933855789	0.289117783800884	24
-0.059852129531783	0.36022301308356	24
0.027249027083795	0.0844998473523929	24
-0.075584620759865	0.455832045801548	6
-0.031072254977835	0.263298841159896	6
0.1107052360577	0.141847918510186	607
-0.094225041657124	0.440769220252008	6
-0.061021376560914	0.329132719374102	6
-0.114787825791232	0.493697083975292	6
0.038352690746585	0.196410034326284	6
-0.034484314312499	0.0985437623557484	425
-0.005613924192022	0.213869191720265	12
0.105052394949229	0.164999084688328	12
-0.122391514710941	0.424465433170797	12
0.03330321554057	0.204162872364621	12
0.065512088294965	0.106772753111148	12
0.093040666406174	0.0671733120880896	11
0.021661834641479	0.12152069228964	11
0.073438944698809	0.0940490765461303	11
0.080098412134248	0.0701084182543547	3
0.014090186001299	0.129832669937145	3
-0.118225292415005	0.178722819749561	3
0.093040666406174	0.0671733120880896	3
0.062838735221068	0.129319583349639	3
0.077141167491943	0.219576381933175	86
0.091854647509918	0.0677363470685039	86
-0.090801241681269	0.557114941265099	22
0.07214368726559	0.221219028696594	22
0.017737901094051	0.24040676683828	22
0.001662625064559	0.288813569433451	22
0.097613418784874	0.0635698377985418	442
0.017051566551632	0.0824116762773899	22
-0.071795511401302	0.402195216322222	22
0.015313841953891	0.130942104030362	22
0.032571845101236	0.0848849970120097	22
-0.091980428143712	0.352279502261016	22
-0.034113433725632	0.0952093668407896	22
-0.037796418466704	0.281559389018823	258
0.013438737725759	0.316906985362039	50
-0.038003609048903	0.100132891438743	118
0.005971858176159	0.208490625783958	118
0.032303597600429	0.0823453868364376	118
0.103937364747645	0.0903882696618933	261
0.079029825997929	0.192631723396403	261
0.078554602072717	0.152780440736774	261
0.031199616750944	0.0856518567102529	261
-0.04751662842415	0.0944161602735649	138
0.032247856846649	0.0822726371214799	257
-0.032444503090029	0.0957971311372689	1107
-0.066267871652463	0.35810344309149	33
0.01830964350401	0.19835180000758	33
0.049120042852803	0.175923589429905	33
0.072955556054196	0.123640664867441	33
-0.041405672757444	0.101142567173792	33
0.003536952735121	0.127354533161271	129
0.107025409045168	0.0829932750124945	129
0.080098412134248	0.0701084182543547	129
-0.111676815549434	0.177710154760845	129
-0.034773350868647	0.296195151296368	129
-0.016415494322849	0.314428422149622	129
-0.033933232085005	0.09758760197118	95
-0.032444503090029	0.0957971311372689	648
-0.030131178060794	0.32777047188577	95
-0.083693772380438	0.379327156835676	24
0.101221159477585	0.134681360183727	6
-0.00698636572633698	0.408442901514373	6
-0.00530696140878301	0.250162455430608	6
0.086316633851645	0.147811461173941	6
0.115039966581577	0.12139678575681	6
0.100534192762058	0.0886589633886195	76
-0.033836647229341	0.0940940572078076	76
0.038709217483997	0.0819489753591244	12
-0.122054549323963	0.173262836319063	12
-0.03161774811956	0.336951105493667	12
0.092692528556695	0.142627237315014	12
0.032307846564248	0.240391611370308	12
-0.031159069703148	0.0981044391984633	11
0.06458483248972	0.175063311310869	11
0.064063108029628	0.130512962225963	11
-0.065101456596121	0.204872569338403	11
-0.034586297136026	0.0953979977237683	3
0.103491609356525	0.151577561593385	86
-0.11509364117216	0.299297382037824	86
-0.044048830580675	0.371261014435327	22
-0.035684416236491	0.0976644493235311	450
-0.000551231901960991	0.212444107820348	258
-0.035221187230623	0.0996917527572204	272
0.111314169137461	0.123555349723476	118
0.088468934070634	0.0681505287957826	118
0.085469650850059	0.0696226927657445	261
0.037579243262677	0.0825751637182051	261
0.090521054993731	0.142512543637438	261
0.077099259991912	0.0682603245596691	119
-0.062746456541858	0.201911001157926	119
-0.031758482215841	0.142149864507636	119
0.031997199412221	0.0847309034950032	119
0.033990701557135	0.149648350269178	169
-0.041908044212002	0.153137372739392	169
0.074759042361605	0.171094561265117	169
-0.119254151801748	0.36413486317568	169
-0.011743962321828	0.314167822196558	169
-0.03638547904018	0.138206473570049	257
-0.038246023928663	0.0933492230866423	1107
-0.118879379751983	0.26889739427446	33
-0.123406737210238	0.231846545524058	33
-0.087818493599711	0.272591998462046	33
-0.060410277626219	0.284339544403072	33
0.035066157430021	0.0823857434934907	683
0.099462321834791	0.107088464708068	129
0.013049064946607	0.130612829069905	129
-0.019762197716376	0.175681694618859	129
-0.00077977474027402	0.254578436423778	129
0.107115443107781	0.0992347371460797	95
0.08308422624488	0.135098253878138	648
0.088559808492586	0.161737375896354	24
0.107322959080039	0.116036177045258	24
0.032883247237533	0.0836858719890332	24
0.025455804955678	0.210299193125332	24
-0.065277520831411	0.379381282792781	6
0.00276217861240599	0.232101911851535	6
0.028079865877997	0.083207074051068	6
0.030858868918491	0.0832456220941683	6
0.059089826624164	0.238505012142844	6
-0.018759949982292	0.180139791987778	6
0.010144500599549	0.132267480834515	6
-0.106068188537193	0.337044348500556	6
0.036200303569454	0.0835865372794923	433
-0.058883865360503	0.204210549599248	12
-0.069176561047906	0.240240479297922	12
-0.032930849827243	0.239065751425962	11
0.047949159130986	0.196499659607501	11
0.075443945372488	0.15463913038022	11
-0.040502829661652	0.146887357932558	11
0.030858868918491	0.0832456220941683	11
-0.075140590870555	0.272962830865548	3
0.095248416549386	0.0634155712187899	3
-0.049559265118855	0.340482403694048	86
0.11318467671694	0.160292374238278	22
-0.024354753041825	0.207273232506046	22
0.084271961247091	0.0708414880188827	22
-0.034666801812777	0.0997029697152663	22
0.065750094110651	0.177198484287628	22
0.022728559998132	0.124770061990265	22
0.030609722602038	0.08503352403686	272
0.11179380565579	0.0948867971733581	22
0.052813213692658	0.210898339495128	22
0.044579222944174	0.219465419013336	22
0.086644796186402	0.0695636587592439	258
0.078776169604475	0.0949319803148602	272
0.023961276494607	0.1240126592123	258
-0.04344635334625	0.153143709545193	118
0.024058479130985	0.237948178592375	123
-0.032656405018038	0.234436610468216	118
-0.106656911175649	0.311184926681472	261
-0.121045285850371	0.230129042007211	261
-0.123992179785985	0.280707266279338	119
-0.079345623248487	0.274862450659058	119
-0.045740845162937	0.239808119170538	119
0.099388672683376	0.0931941476040251	119
0.029345480154306	0.225513741867748	169
0.10572148972119	0.112200510328338	33
-0.046682563503687	0.153949183121462	33
-0.017113678888162	0.182229274670197	1107
0.005622866712237	0.227120845916046	33
0.110710015170955	0.0845747114048577	33
0.094784052911772	0.109862325893489	33
0.083633730559137	0.0687147756142815	33
0.090668196120738	0.067872764367876	372
-0.122788606934812	0.238814134542385	683
-0.03090496990165	0.216697487011237	129
0.012581517118417	0.131330656668078	129
0.109778599797298	0.0831715774651151	129
-0.030607766050953	0.0942679306222286	95
-0.111143079832624	0.352835065638636	129
0.044547063463926	0.193433777760733	129
-0.032678119106177	0.14799379484426	95
0.018231621164343	0.254272474109543	95
-0.116590072292178	0.469681866738175	24
0.066727272193136	0.109911692723542	24
-0.060888785302571	0.201282219631369	24
0.113676376026888	0.110543675901135	24
0.112157017966786	0.113551583519669	6
0.090142112769831	0.156712329294606	6
0.10144735327874	0.0904087343576756	6
0.03788116815295	0.243558245098042	607
0.00413781596688601	0.206277556388794	6
-0.03705364274674	0.147866880349862	6
0.087660908442195	0.165763651704646	6
-0.123383107249136	0.227261347325089	6
-0.068760505889692	0.284691195840099	6
0.063427204964059	0.127006455548169	6
0.122150302118696	0.117189213167482	76
-0.039179528953552	0.0992222010404019	76
-0.083658185438379	0.353684124609323	11
-0.118845604595211	0.302841162531022	11
-0.065928520495337	0.256483402547859	11
0.018642057354036	0.259240429308503	11
-0.034968057407048	0.21877092259605	11
-0.113500879669709	0.171726940458612	11
0.061096970466807	0.165756553074988	11
0.035903496340796	0.081202382331144	11
-0.030481323351496	0.268688285167735	3
-0.03935925643723	0.150086835791999	11
0.085449611535287	0.0701654696624501	3
0.121717031365194	0.0945462648051858	3
0.089633094677217	0.0679754700006138	68
0.030388323017877	0.17007405091657	3
0.065889464033335	0.108876024833747	3
-0.00134257086314299	0.271960063240551	86
-0.061608590786619	0.197230242095913	86
-0.111130217384591	0.161058028757336	86
0.074556452367102	0.716962764828096	445
-0.072158277390802	1.44550404250401	445
0.109467923677706	0.189710350872659	22
-0.043103431640671	0.335400871381643	22
0.089037773656789	0.197353073178668	22
-0.060711844148733	0.384415144907082	22
0.112658567853381	0.160908590801123	22
-0.045146487467017	0.298534749560084	442
0.11054827334577	0.127421133840198	442
0.115761788661413	0.104785685377049	22
-0.036310656749157	0.24189495893366	22
0.034624066082029	0.18802831291362	22
0.03892202745159	0.184621572478954	272
-0.117542719707914	0.26249045230919	272
-0.105762309647827	0.283505892858159	272
0.112904468637971	0.11130479504255	272
0.055309870653613	0.148911372776368	272
-0.026571370174473	0.199603369661522	272
0.095716866470265	0.0899786929369901	118
0.065341647374056	0.147855679820578	118
0.041569935322709	0.138292065548696	123
0.110118203992459	0.0857083297112657	118
-0.066959686518767	0.237307971721167	123
-0.066746094748992	0.197563210633133	123
0.061413913349768	0.162217724144191	118
0.012538311210743	0.1824712025383	261
-0.016337419802696	0.17882349083022	138
-0.036750586832594	0.241658747399357	119
0.064767261954593	0.126638347197511	119
0.069209187760553	0.128536304329457	119
0.051562476108046	0.111588092278696	119
0.082729739438095	0.116906012525685	119
-0.079594390271036	0.269778218323416	119
-0.031886944326717	0.213669938393804	119
0.07270700666403	0.118800528245315	119
-0.062036933805223	0.226635538278136	48
0.056653312350086	0.112334665643138	169
-0.03790807356112	0.23756460651117	1107
-0.018516434845617	0.179657921965428	1107
0.00808304645323399	0.185096284201634	1107
-0.008888352129443	0.176327959172879	33
-0.056669454604189	0.197438409184434	33
0.100508789249169	0.0906267108832564	372
-0.04185299358554	0.144676966522242	129
0.099725954989259	0.108760150182075	129
-0.054130086189371	0.212940235819181	95
-0.00758346576887198	0.24378505193262	95
-0.071798500192428	0.26963813447233	95
-0.114601464017651	0.224051033219096	129
-0.038023992162108	0.149222067938101	95
0.067255745322679	0.14586493186501	95
0.060596390761124	0.163397232472332	95
-0.078136303741374	0.349825527739445	95
-0.124520062885131	0.384600175389057	95
-0.064545487376546	0.284036885355342	95
-0.00792404110241002	0.209379038574021	95
-0.114282106715345	0.260016710173863	24
-0.111201110434438	0.287438858634122	24
0.087677627668438	0.0686232966343337	24
-0.118510630130253	0.326725889264247	24
0.122323875118742	0.136260924756201	6
0.08995049393773	0.129053469194019	6
-0.073824710047804	0.267991440496139	6
-0.069432950632255	0.344413353307295	607
0.08439849891288	0.133402010855641	607
0.046067721801395	0.190612531057457	6
-0.030770319656887	0.139323220320022	6
0.063910255228505	0.11002633795931	6
-0.062224843744716	0.197181105769563	76
0.050103193207137	0.153487005263583	76
0.095649828543542	0.112760023212351	76
-0.033995412396078	0.143439011990394	425
-0.061185751868803	0.206387458937295	425
0.029759114008335	0.0838078012751067	425
-0.118243322685509	0.231525082649026	12
0.065869868758778	0.131666953404794	105
0.029742543641058	0.151528064279356	105
0.114856009620496	0.0972080615283555	11
-0.040992014052083	0.241979661268987	11
0.066702962046585	0.146321023835175	11
0.066562043339523	0.129757970255211	11
0.092465845346851	0.113024944469284	11
0.095629108265394	0.110633074333838	11
-0.069921262242246	0.314057145495424	11
-0.016087992377216	0.1732165818596	11
0.118898176550391	0.103612005580253	3
0.070545827671834	0.142471530331126	68
0.011667833900711	0.185518573225025	68
0.033133251101823	0.084545409463104	86
0.08744943881089	0.428123299378886	445
0.115158321015279	0.172518777569657	22
-0.106482123704565	0.430380437181384	22
0.03176605997886	0.236982353364367	22
-0.024399474722537	0.298071621736211	22
-0.070675240511439	0.235744249958032	22
-0.065625275162802	0.209695153460418	22
-0.011065519041061	0.177334272521202	272
-0.114286038160419	0.182328310624969	118
0.041532774374477	0.0774954864056119	118
0.080727525259776	0.0695963673116973	118
0.027561090956687	0.0839793512558072	118
0.015518988089269	0.132579529730796	123
0.026960742643765	0.156684747424021	123
-0.032607789689948	0.145602097833888	123
-0.117978694092697	0.263982210451025	123
-0.061551279667691	0.200794528505682	123
-0.113522530688907	0.266876601011614	1237
0.074260983882562	0.101841103366347	1237
0.029448499394324	0.155019811360097	1237
-0.120049585417835	0.221287753262917	1237
0.030072123688587	0.084402575819922	138
0.04485065540999	0.0728040851148428	119
-0.040672844348612	0.150283928028671	119
-0.03226996239096	0.0968292699610618	119
-0.040069705095234	0.151140455452075	119
-0.034983087613038	0.150507137730227	119
0.069153756999957	0.105702654640751	119
0.111284251693289	0.0839094060397257	119
-0.037919932104189	0.148442349443922	169
-0.032821156918564	0.0988815735560713	33
-0.033933232085005	0.09758760197118	33
0.030858868918491	0.0832456220941683	33
-0.030458289411396	0.145050705158105	683
-0.037693017966135	0.15456792356179	129
-0.068746243140563	0.231211554145661	95
0.072992522741117	0.102515523295012	95
-0.038003609048903	0.100132891438743	129
0.02066366637577	0.154826074339649	95
-0.120754558725035	0.234682776242234	95
0.038709217483997	0.0819489753591244	95
-0.039120545354252	0.0982326823496038	24
0.067294046857686	0.105796031284891	24
0.089275334838086	0.116790034751072	6
-0.119896411348725	0.229900957173682	6
0.114287135404857	0.110962739775509	6
0.015726960932431	0.132294372339728	6
-0.077167268962354	0.241805155141767	6
-0.036148543005058	0.0965870649959654	6
-0.074849959095003	0.273186839863711	76
-0.079293576050725	0.249659135211767	76
-0.062800988668238	0.206962461757117	425
-0.032821156918564	0.0988815735560713	425
0.035954743729463	0.0832571614702204	425
0.089633094677217	0.0679754700006138	433
0.091997734992296	0.0662030548437142	433
0.035650449353322	0.0823857333644256	105
-0.039179528953552	0.0992222010404019	105
0.031747629582172	0.0848483208395658	11
0.102717791619026	0.0889417368657489	11
-0.124583771113625	0.234816455949679	11
0.026748865775633	0.0864957094687745	11
0.030609722602038	0.08503352403686	289
-0.118652990572236	0.219907865048219	3
0.029400657725556	0.1527361284426	3
-0.11891110380594	0.18077343603372	68
-0.037205704734192	0.148042824247877	68
-0.013982764671511	0.179875755007125	3
0.057221173669248	0.1342451944218	3
0.078736511788595	0.184318786450316	22
-0.049018710541571	0.146732429715457	378
0.060102664879014	0.186308947402369	22
0.027296786979202	0.122866089680684	22
-0.108545008864221	0.212118769759938	22
-0.113344447642501	0.291650545048721	272
-0.033933232085005	0.09758760197118	22
0.037332136589465	0.0829524662765178	272
-0.041632722730228	0.151551089692114	272
-0.046831496933146	0.151234091193401	272
-0.045298415965055	0.152453184992983	258
0.075404179649851	0.0969925637173296	258
-0.033933232085005	0.09758760197118	258
-0.120140029095817	0.181916583854437	272
-0.039003215206477	0.100328574963044	118
-0.114286038160419	0.182328310624969	118
0.086493261282447	0.0689783432958266	118
0.032681905051909	0.116010657179756	118
-0.039741096782999	0.100867367680409	138
-0.10932582151259	0.176468370548125	138
0.020863064689026	0.124508091298224	138
-0.032821156918564	0.0988815735560713	138
-0.116658663310794	0.180391722950282	119
0.033133251101823	0.084545409463104	119
0.029759114008335	0.0838078012751067	33
-0.045298415965055	0.152453184992983	33
0.089489412359856	0.0669635552650903	372
-0.039159273053283	0.15083523621432	372
-0.114977878734115	0.17340261105499	1013
-0.115618198906116	0.177867309854093	95
-0.039290885629269	0.148262725159996	24
-0.032821156918564	0.0988815735560713	24
0.060867107290372	0.129425873981816	271
-0.063240996063057	0.196019465726981	6
0.028551610816485	0.121838214821064	6
-0.120832198692446	0.165398629259335	221
-0.116743837704877	0.178653450589112	6
0.039034250268716	0.0794297654505771	6
0.084271961247091	0.0708414880188827	6
0.039836864827013	0.0797159279295881	6
-0.042287463721504	0.148380192218808	76
-0.110679325776411	0.173551971799259	76
0.036200303569454	0.0835865372794923	76
0.033133251101823	0.084545409463104	76
-0.105723633435351	0.169575715948803	105
0.087265751007017	0.0687752633996953	12
-0.036211450507733	0.150160730066521	11
-0.119111888255689	0.180899303365201	289
-0.032821156918564	0.0988815735560713	3
0.065720097476869	0.106539391163744	68
0.0314462311969	0.0836577550685956	86
-0.048309236334379	0.153317323159002	86
-0.040844223800902	0.101660915739334	2117
0.087005663199255	0.260285092346132	22
-0.044005344919896	0.492125346471448	22
0.01626647176401	0.322203323716255	22
0.108652203977903	0.116537505311084	442
0.080408644746445	0.144348475602636	442
0.060902404661129	0.167871562663591	22
0.115035050617324	0.117772821681582	22
-0.080491401526033	0.323810681732534	22
-0.112102091876527	0.348488519108838	22
0.099874830643104	0.1340101751208	22
0.032016990451136	0.144885496143502	22
-0.024591549160443	0.280195730426235	272
0.01459355008213	0.222026341984086	272
0.073836381715729	0.152498071142202	22
0.093964513068861	0.113517882240483	22
0.066277533498319	0.104275170800092	22
0.106200131471348	0.117521456537836	272
0.081309756111127	0.147122664480432	272
-0.113514538043428	0.297925929327785	272
-0.118253083353565	0.287952956535972	272
0.069717950763789	0.107567133462506	272
-0.078277158531295	0.243296899777874	272
0.010237561844469	0.183031122028584	118
-0.067577880838454	0.205800008826023	118
0.041132073781182	0.163022737653296	118
0.112417292531096	0.113268916442468	118
0.060683300352202	0.179215682655918	118
0.024858028992844	0.158276084983577	1237
-0.104993144319582	0.352300771656988	1237
0.014806093211756	0.183070589971883	118
0.121118450171432	0.0921937585157975	119
-0.081990448138976	0.325566966019979	119
0.068135427069083	0.126721997304035	119
0.062373359536	0.133863693685598	169
0.092659223877879	0.110190500107519	48
-0.08170451567979	0.347102245097651	1107
0.068873865273953	0.123909671322492	1
-0.110704076151302	0.213538208017037	1
0.02503842628068	0.125382979356139	1107
-0.119012691520472	0.182343680456661	33
0.087322785693971	0.132921414752707	372
0.122668720173419	0.103715037461856	372
-0.122565040469186	0.304991732188371	372
0.092393526874579	0.0664357746640747	1
0.101568935928541	0.118168772850433	1
-0.033554504638585	0.0989113001367016	95
-0.025369774698822	0.133751271922852	1
-0.0333286655353	0.293167293850447	95
0.078101787266119	0.11829217631642	95
-0.039910611834495	0.151088925153232	95
0.099013189437928	0.122770940475838	95
-0.075187127125657	0.266698546389007	24
-0.030248763061525	0.215567576081731	271
0.069239412773945	0.157485649082172	6
0.043990449553838	0.187914984525705	6
0.087820048576752	0.0688955958773601	6
0.090668196120738	0.067872764367876	6
-0.032821156918564	0.0988815735560713	6
-0.015129091198198	0.179958783075231	76
-0.044488788980792	0.25032186353749	76
0.109782327415214	0.0842548197084046	76
-0.064380008263036	0.208920285597064	76
-0.06888883768761	0.206117681438408	76
0.058070687882577	0.132030074056301	76
-0.068581281440212	0.206444272961319	12
-0.115299149675428	0.271705786371046	12
0.059299508725133	0.106453434447215	12
0.099700449883104	0.119799676264376	11
-0.12030574340281	0.277311672845683	11
-0.122280580035956	0.229460185107446	492
0.030322271068429	0.153775834697279	289
0.121028551687293	0.0947915195609854	68
-0.112431624675724	0.319163440431164	68
-0.072560453507505	0.268563950316135	68
-0.067947836532341	0.226948508872819	68
-0.115507348620697	0.330774905697957	68
-0.063110108442604	0.208807506320601	68
0.02676866763131	0.150460469692615	86
0.041280100999274	0.212434851539537	22
0.093032053473479	0.121172964918555	22
-0.056051633338493	0.194269869822531	378
0.071769368283822	0.155596727715777	22
-0.041078746481431	0.155644548885539	22
-0.121940422770783	0.277013931835338	22
-0.022994329114828	0.180723616659787	22
-0.111315033325266	0.218195681140121	22
-0.042549024694588	0.154691611573152	22
-0.03886695685232	0.147359245981368	22
-0.12030574340281	0.277311672845683	272
0.033384338727619	0.0837178281943874	22
0.090030868407556	0.0693206000865867	272
-0.040106085879917	0.0990256675498028	272
0.03040792649902	0.116987181108362	123
0.059199217073816	0.110183969714765	123
0.030067881089756	0.0815511712359029	118
-0.039754697036434	0.151704643009777	138
0.081282940610135	0.069427867342986	119
0.029469538367795	0.0835500430961918	169
-0.030050495256059	0.0957453786530271	48
0.090026883780733	0.0686499958168626	1107
-0.031159069703148	0.0981044391984633	1107
0.094068000782089	0.0640017507677954	683
-0.115743746946877	0.170840689889497	372
0.011743593862472	0.131342968843869	372
-0.11664091905017	0.181884268605108	372
-0.039264282888704	0.149403641072255	683
0.037579243262677	0.0825751637182051	1
-0.117870027988942	0.178263389937337	95
-0.041664907316418	0.150523659495167	24
0.031747629582172	0.0848483208395658	24
0.032571845101236	0.0848849970120097	6
-0.031159069703148	0.0981044391984633	6
0.094604996488611	0.0638871900013672	6
-0.11688244665567	0.176849102038869	216
0.093811585878649	0.0604978544809963	6
-0.115077897917912	0.176890716994951	76
0.093196566784557	0.0644431852428494	76
0.091997734992296	0.0662030548437142	76
0.034821046777471	0.0838903568248648	76
0.082842946142885	0.0670410529029956	76
-0.034666801812777	0.0997029697152663	76
-0.034586297136026	0.0953979977237683	76
0.037332136589465	0.0829524662765178	76
-0.037450417018744	0.0985460555820956	76
0.038461644295732	0.080673971622883	433
0.02787786330142	0.0853279547917187	12
-0.041949673887983	0.0997020403248869	12
-0.028311152781527	0.141375672503359	448
-0.033554504638585	0.0989113001367016	492
0.030631722546375	0.0846682819002339	86
-0.035597576264984	0.0972797899163222	68
-0.035221187230623	0.0996917527572204	86
-0.00419747567162498	0.414983990236474	22
-0.024918284253821	0.454972409996276	22
0.074063511961791	0.193148151113913	22
0.056459201837377	0.267418983896622	22
0.100978398903721	0.106025818921033	22
0.107901643881374	0.0848378504505949	22
0.00552286682271599	0.189773840075896	22
0.120898874284405	0.0936013203219423	22
0.067306311944299	0.123843052744239	22
0.011498900563765	0.177472943522551	22
-0.035781380202666	0.0977859364375766	272
-0.110347339665975	0.175766077187402	272
-0.022990793506219	0.199152586391968	272
-0.055891266171395	0.194471008421697	272
-0.105696239864819	0.318769812092259	272
-0.02198483732255	0.208574084026478	272
-0.00616545328399598	0.173204658993543	272
-0.064380008263036	0.208920285597064	123
-0.036361464461504	0.145819851345115	123
0.10707309751911	0.088071337647818	1237
-0.038768951710484	0.155789952419083	1237
-0.073631830210592	0.205270563207154	138
-0.049233277413402	0.152462939839697	138
-0.12151336538282	0.276793087634481	48
-0.035776590878588	0.0962571720116781	1711
-0.036334661817441	0.10048957400549	48
-0.022440699843084	0.206978696500196	1107
-0.12047389907	0.17768576437024	1
0.011583201977994	0.129987008314534	1
-0.117984822226702	0.17873352015356	1107
0.036200303569454	0.0835865372794923	1107
-0.060586290227863	0.201370916225439	683
-0.038003609048903	0.100132891438743	477
0.025002858925303	0.123674966548891	1
-0.031532743806358	0.145680881549073	95
-0.07810649983382	0.276476058149222	95
-0.057084349739497	0.196837417685502	24
0.030447780818835	0.151179356083158	24
-0.010114058152833	0.218443904045044	221
-0.007370768713514	0.219583067503021	221
-0.033840573821021	0.145796674596219	6
-0.039656448544364	0.147909538689437	6
-0.04437323299873	0.155346567683436	216
0.026960742643765	0.156684747424021	6
-0.035597576264984	0.0972797899163222	76
-0.058121542471147	0.198022141772506	76
0.107781730189447	0.0866059361901321	76
-0.034666801812777	0.0997029697152663	76
0.034821046777471	0.0838903568248648	433
-0.032821156918564	0.0988815735560713	12
-0.04738347131165	0.147574391608378	12
0.069816547534715	0.126885692287746	289
-0.014823964890492	0.172661925655174	549
-0.072692394694751	0.201632318646961	377
-0.121290132893405	0.235729203272845	68
-0.059317287709863	0.199872567799124	68
0.121190300079305	0.249161702463765	22
0.075062555274144	0.303594450287293	22
-0.071825736193486	0.408608727329923	22
-0.00190397679100202	0.211942927847264	22
-0.029081537734543	0.446569243877376	22
-0.067914806951166	0.316505779678845	22
-0.039027420008776	0.262613256043949	22
0.084834778643054	0.147395841026063	22
0.010721508559126	0.202997193944213	22
-0.034856662681957	0.275213225348806	272
-0.015604254280777	0.181172855738514	272
-0.103170759814633	0.373480469895586	272
-0.06214901856851	0.302106731678597	22
0.014275865992056	0.220796456005459	22
0.108989800105	0.121472757414775	22
-0.11875116543537	0.173656134943503	272
0.120260033752126	0.0956380587321785	272
0.063888770270493	0.110295844328018	118
-0.077167268962354	0.241805155141767	123
-0.114128683182794	0.289595700519629	123
-0.119909398686428	0.262524843125405	123
0.022525471612683	0.119757210017842	123
0.096754494715672	0.109128706296168	123
-0.122921144988664	0.310952631621483	123
0.010242754156082	0.183787970495407	123
0.031997199412221	0.0847309034950032	118
-0.020082068562701	0.251251716437928	1237
-0.117611767859728	0.322355879471278	1237
0.080949623262036	0.134124262332348	1237
-0.036433017840022	0.290884131947618	138
-0.01282650607044	0.173910875537639	138
-0.045603228845749	0.154576444541454	138
0.040509686201573	0.14070486785788	138
-0.089510422649835	0.276483994012896	138
0.068395102681897	0.140928479960548	48
0.066246364037944	0.131488798490894	48
0.034267011914175	0.0833813791673214	1
-0.040940252868512	0.246082647323203	1107
0.029062531867574	0.153595756713498	1107
-0.107203890220466	0.168753894379891	33
-0.03226996239096	0.0968292699610618	33
-0.081457747283729	0.303867198483982	683
0.08844439565035	0.068113421679743	1
0.058795216941709	0.133488417847313	1
-0.117885908363832	0.181539308233536	95
0.076354158399266	0.118003884937985	24
-0.115874292854895	0.332742238374208	24
-0.10640503774082	0.401002853815923	221
-0.078373169767503	0.266645774745038	221
0.083335232713189	0.119033022882807	221
0.117454309679448	0.0948823670027559	6
0.01074741652744	0.187623538966758	6
0.052696449422318	0.170955637437839	216
0.005629235209693	0.191903475457549	6
0.060418470657271	0.106155163800603	76
0.100336760634805	0.108021575486215	76
0.058936480338921	0.111547636390807	76
-0.117621467347346	0.173461115310091	76
-0.070157719928112	0.205803515528769	76
0.028769020525159	0.120628714590768	12
0.028127826835431	0.0866066223589225	12
-0.110789889558079	0.174887743481813	12
-0.00607156715510598	0.216900473651485	11
0.103287153193064	0.0872130130302282	492
0.034580758798915	0.144110873653425	492
0.092250178460703	0.0652431770024941	289
-0.028655805711255	0.215614280655887	86
0.122134809293753	0.092887901823406	86
0.068297034371149	0.105891432057788	68
-0.115299112891186	0.302026462858751	68
0.093608841742392	0.11420104345808	86
-0.11459886681894	0.328612384981527	86
-0.038077589807673	0.0984608342885161	86
0.070978971433227	1.12300791643768	445
0.018370415176009	1.32725112114334	445
0.088093217857731	0.374382737278739	22
0.083571744378905	0.162669675862698	22
-0.087112508836461	0.308470053787906	22
-0.025487031024209	0.327007130467032	22
-0.043625990081677	0.154437919974303	22
-0.11851463573384	0.233203271102798	22
0.110598430202224	0.0833185524507431	22
-0.018759949982292	0.180139791987778	22
-0.049973890679387	0.270552174881853	272
-0.117119658755342	0.265356829559141	22
0.035599912242894	0.228442005721287	272
0.034225851031057	0.170758510728956	272
-0.1099646890651	0.367090839537972	272
-0.044980234012104	0.273168549633637	272
0.101350640913496	0.165877962080133	272
0.035066157430021	0.0823857434934907	971
0.035196334352144	0.204710566860342	123
-0.039741096782999	0.100867367680409	123
0.022112230774018	0.123471301938351	118
0.062201423676207	0.11162880010586	1237
0.103472088140072	0.131497123145527	1237
-0.038398273544337	0.236350075459718	1237
-0.075732753988781	0.433639168545402	1237
-0.029498051546691	0.095443783491025	138
0.088848908573589	0.0696786937937549	138
-0.039540731039784	0.218346722486019	138
-0.031806759741074	0.259380576754879	48
-0.124181826112868	0.273379196933039	48
-0.04270909924011	0.15351816250549	48
-0.082885400628114	0.354397939174447	1
0.00552022493849599	0.228114304234264	1
0.032005396248369	0.171878328330486	33
-0.112577207130456	0.300378055565685	33
0.096588788926337	0.121375932916753	33
0.072420241671419	0.103021960063918	33
-0.031159069703148	0.0981044391984633	683
0.086080793816425	0.114917617926015	683
0.061910973299594	0.112284362515607	1
0.019195460716291	0.153240452391271	1
-0.017666585956708	0.182948354635941	1
-0.025927923480908	0.213842897986406	1
-0.105829920531762	0.169382083769327	1
-0.034634274266494	0.144804897613623	95
-0.050829686096875	0.266859204727723	95
0.117666199897191	0.107921793787492	95
0.039417456472022	0.167135864920543	95
-0.038768951710484	0.155789952419083	95
-0.107344861252394	0.320406602082386	24
0.034875034290124	0.168848191496011	24
0.051285581032552	0.189255414866502	216
-0.104238641728195	0.345202263674266	216
0.071010635370906	0.104141545129893	216
0.120523380556277	0.0907696502098993	216
0.077885483178826	0.170481141609263	6
-0.116020842319688	0.268729752983482	216
-0.031919297184587	0.214783247982948	216
0.069153756999957	0.105702654640751	216
-0.118461805067256	0.17026087359281	216
-0.060463768279063	0.226806698805902	6
0.078739208134142	0.163157224438406	6
0.058588284822394	0.168199857960413	76
0.068789782190095	0.14171270445855	76
-0.068671838633183	0.318230693289238	76
-0.015423645619964	0.177806631964011	76
-0.033933232085005	0.09758760197118	187
0.032571845101236	0.0848849970120097	187
0.041532774374477	0.0774954864056119	76
-0.03226996239096	0.0968292699610618	76
-0.119112144513587	0.230195931022829	12
-0.114120680696776	0.322395341148978	12
-0.120282942161187	0.275226840847602	12
0.032103131090799	0.114522015086133	448
0.054852582067964	0.137774864679332	12
-0.111671339176595	0.298830178142508	12
-0.070609128307748	0.262880114387897	511
-0.075125888758188	0.248483649643586	511
0.032571845101236	0.0848849970120097	549
-0.015072550008735	0.177369093014645	68
0.043146337278418	0.0760998046296874	86
0.026651214491678	0.153178182159518	86
0.077344173190802	0.152502489146849	86
0.11525508062293	0.0799731721357095	86
-0.122306523350854	0.234676021748218	86
0.030005988993179	1.40665926251679	445
0.104879619146744	0.470118384609352	445
0.123276644476273	0.385650591504882	348
-0.11332380814049	0.352904728273424	22
-0.07378976841829	0.238969696506672	22
-0.00569091851791098	0.358340522017296	22
0.021229171978951	0.171217773375586	22
-0.045246191862994	0.150920084751973	22
-0.033933232085005	0.09758760197118	22
-0.045380985853846	0.0982484663067579	272
-0.061839265969447	0.207225712447557	272
-0.114178898781779	0.179707856512192	272
0.025609526562181	0.0838091288138549	272
-0.058734790290591	0.219518869278686	272
-0.04870711651886	0.0990964315912489	272
-0.115175544360744	0.177824561589628	4
0.109603576839962	0.115090947896615	123
-0.105120481627709	0.309146508379151	123
-0.042509991977067	0.101934122656818	123
-0.113055237624122	0.180130165034426	123
-0.077687404345003	0.247483927344273	138
-0.115410543328793	0.181883504087744	48
0.039136766314045	0.167492627873756	48
0.099985465307813	0.146242597716881	48
-0.121821750750057	0.176535431748265	48
-0.121136869626718	0.393344047440516	48
-0.039097373480441	0.339057256132463	48
0.117218203657861	0.123312764162371	1
-0.00347378669155402	0.325935150797378	33
0.092682695807693	0.159440079132053	33
-0.094446567081078	0.392861757680981	33
-0.03513540617596	0.148720871461971	33
-0.038444960966871	0.0987462625586103	683
0.11077302968469	0.169582257226334	683
0.00497582036572999	0.312209346025823	1
0.104285142566236	0.0871884217116122	1626
0.000281110805282009	0.326838204266679	1
-0.118269237532953	0.231818820295005	95
-0.071965444294122	0.246079983168017	95
-0.039741096782999	0.100867367680409	1
-0.039669871742735	0.276773405220803	95
-0.040844223800902	0.101660915739334	95
-0.029628278663399	0.216982553974165	24
0.037089725928361	0.169622918256156	24
0.088036555371912	0.176623446979752	24
-0.116303581513091	0.178005738321746	221
0.024429112264229	0.328065005897391	221
-0.017354018256484	0.179201862929986	216
0.031034150948114	0.289903606106421	216
-0.063770217363324	0.56013192591489	216
-0.034484314312499	0.0985437623557484	216
0.04120449037804	0.163756925573741	216
-0.106220372643056	0.347932048484617	216
-0.080386742319333	0.370416807975212	216
-0.00469569048992002	0.240112735378472	6
-0.037444253864463	0.0944657108433005	6
-0.040862987172058	0.217542312630683	76
-0.045997448377711	0.153258203179753	76
-0.030959153023269	0.0927082896123313	76
-0.108940195030296	0.323561830981619	12
-0.034634274266494	0.144804897613623	12
0.048856829519164	0.17061003989555	12
0.082005671971507	0.144165328818891	12
0.028454275205353	0.0841132277672702	12
-0.119772577795489	0.232357775089864	511
0.00304625603304901	0.285247872246412	511
-0.123025441346717	0.235854833540921	511
0.02604388787215	0.122786069098995	511
-0.07585217057727	0.271594529973874	511
0.103287153193064	0.0872130130302282	289
-0.08911974286729	0.409940994142432	289
-0.036310656749157	0.24189495893366	549
-0.042509991977067	0.101934122656818	68
-0.042029341145643	0.256726736153219	86
-0.1209152443162	0.228533098770539	86
0.107390034425356	0.168384666414881	86
0.059458080716395	0.211313190212392	86
0.051514510857879	1.6015664621659	445
-0.034807306645405	0.521051988760048	22
0.021287219282229	0.128548498706021	272
-0.115336305944833	0.265931501213615	272
0.030711190716744	0.149987023703222	272
0.01223231946483	0.130829335615531	22
-0.043774704686869	0.366000417535525	118
-0.043141505940319	0.154804486637655	118
0.029759114008335	0.0838078012751067	272
-0.040844223800902	0.101660915739334	118
-0.04028379178964	0.0973885165614567	123
-0.116555254521681	0.178342905360421	4
0.033199025096521	0.0813466018132412	123
0.08948131221333	0.0675394272345379	123
-0.124824238908674	0.237867098360064	118
-0.112125972520206	0.429095762275051	118
0.057432926443095	0.170121737840629	118
-0.113500879669709	0.171726940458612	138
-0.046476032205904	0.0965408498607179	5
0.08648744706082	0.0697556684484991	5
-0.012763920022506	0.177315318630485	48
-0.110789889558079	0.174887743481813	48
-0.122164999492254	0.169202842665515	1855
0.02232401385444	0.149952001990538	1
0.032426092065977	0.149516530876044	1
-0.00546640165470702	0.1681361618639	1
-0.108407967023233	0.519789490077431	33
-0.114845839451991	0.416391039103084	33
0.052855791730544	0.207029372581612	33
0.096424975459255	0.131162306794446	33
0.013896722136215	0.129058450624126	33
-0.112824044354316	0.175515859885757	683
0.013281237650517	0.183508385454185	683
0.046436923253809	0.159546713637931	683
-0.013237295482337	0.339906860474651	683
-0.035502231560493	0.326112996395474	1
0.077084512674576	0.169923957703648	1
-0.109616959239866	0.32036781162077	1626
-0.027748187191273	0.282169026230689	95
-0.109199723034535	0.169989365163514	95
0.012878701153648	0.272169066583158	1
0.021309150505676	0.217197257615008	95
0.11328194875248	0.102862142894224	24
-0.06991544586588	0.377544101790868	24
0.078680188379488	0.0929796105714827	888
0.021011232645389	0.250100639653559	221
0.031908685558656	0.151446359453038	221
-0.067985042053214	0.261952894008713	221
0.035047651410766	0.148572168449809	221
-0.033169762927186	0.14892608196591	6
0.104329146512836	0.0858203725935792	216
0.015171342494265	0.264176061302804	216
0.048579644372526	0.246475920638187	216
0.058482260134027	0.14043461335351	216
-0.121939842333367	0.53453243279522	216
-0.092967043353279	0.377374349957257	216
0.092177689627254	0.153649810800153	6
-0.010514894405333	0.17778418127927	6
-0.038444960966871	0.0987462625586103	76
-0.104601749769964	0.168439279258891	12
-0.030050495256059	0.0957453786530271	12
-0.058879092854451	0.404427697418716	12
-0.020638954808106	0.321338303196086	12
0.106814746476767	0.138635392864373	12
0.05151695714154	0.192934111662108	511
0.052862016050403	0.171080139272076	511
0.089004625039132	0.0669687120506962	549
-0.109640389523255	0.313442026222184	68
0.039785103772294	0.0750425128358206	86
0.019198552478861	0.219795296989139	86
0.038635931244102	0.758363721797909	348
-0.107748687806192	0.428304805639336	22
-0.075653840618395	0.245897358471541	22
-0.034690878182175	0.22154859108937	22
0.11618705716307	0.0795587750765459	118
-0.033933232085005	0.09758760197118	272
-0.012711613158972	0.315104924486663	272
-0.086554557269122	0.382612970449286	272
0.06839968624853	0.206988742503425	118
-0.00964661766686298	0.265612334866813	272
0.09879024014519	0.0629754136756986	118
0.097547866498724	0.110989554640972	272
-0.039120545354252	0.0982326823496038	272
-0.044641826941259	0.0973398658330648	123
0.048901261212831	0.153592237267534	123
0.07023548524265	0.144530104112921	123
-0.117306269527744	0.219986470682277	118
-0.034149469133788	0.148674580057842	118
0.106372372142865	0.130412818149782	118
-0.041405672757444	0.101142567173792	48
-0.114489416288729	0.222946840537764	48
-0.118317704974297	0.273868612120861	48
-0.080947462223534	0.383165798509789	48
-0.00663180637966798	0.258496738098632	48
0.020429653889552	0.232177907906296	48
-0.048309236334379	0.153317323159002	1
-0.064439152648566	0.201482774200622	1
0.038248172050439	0.167159148037521	1
0.076267655038093	0.146105899788873	1
-0.10932582151259	0.176468370548125	33
0.094071113505806	0.0636694110085941	33
0.077436101934099	0.135322583580677	683
-0.026958328162698	0.211447030524113	1
0.123635144289011	0.0905385574773982	1
0.018022072590204	0.130382414409927	575
-0.063885651294206	0.257741746475534	575
0.020225915800399	0.169374536362368	1
-0.02247352002011	0.271611115997771	95
-0.016491653709395	0.281810890331593	95
0.058638343747081	0.111592150082452	1
0.028336702423217	0.12136604882829	1
-0.106703165105718	0.345076660691297	953
-0.039800258418389	0.312166379523835	24
0.08465432172222	0.180576185548339	24
0.019663123066975	0.130463232897587	888
0.122389754306069	0.0884667239601147	221
-0.00596190810937403	0.259002188209195	221
0.07701559578397	0.16649842621382	221
-0.091877117441039	0.446281147499404	221
0.092898240954668	0.173121914376077	221
-0.104437655831065	0.416758351956705	221
-0.017601650275687	0.179375559224187	221
0.066032959526155	0.106661509823914	6
-0.014495896616225	0.292021025780327	216
0.065481766600569	0.1317055591669	216
-0.013857170588556	0.272757616072724	216
-0.0567650324776	0.29813815283789	216
-0.037108880161621	0.242410460198139	6
-0.025541683324336	0.30249543396965	6
-0.074752233320913	0.26974336049155	76
0.033199025096521	0.0813466018132412	12
-0.048844125893189	0.185381490879553	12
-0.058337047037455	0.386856798833642	12
-0.065260182539724	0.366823503735378	12
-0.07108089501505	0.282270964111173	12
0.124461298869927	0.108897766831816	12
-0.078272121349677	0.428679109435299	12
0.07021712784672	0.178200470418082	12
-0.037902704473425	0.0979451695114842	12
0.00890661635433301	0.190082378501076	241
-0.111643121032018	0.360282801570693	511
-0.077591528919071	0.30037504138761	289
-0.017434642646159	0.259027173824321	549
0.10775859054436	0.0818176912258261	549
-0.033554504638585	0.0989113001367016	86
0.00310252972789599	0.189173743651292	86
0.102448091254601	0.0899847932330648	86
0.01919542132641	0.124193956384752	86
0.109278462732135	0.24835057991469	348
0.105873382423192	0.234634079763785	22
0.05682855351755	0.295615625947405	22
-0.122154228503861	0.702175247305524	22
0.04542984194237	0.208000611790859	22
0.107499259502377	0.114902496424517	22
-0.0331777521455	0.220479682934731	22
0.050319103966163	0.173074120350732	22
-0.118988141447975	0.35277836017973	22
0.111156832214117	0.125702565460215	118
-0.111863236619249	0.31731824029932	272
-0.046537560321138	0.270572688392779	118
-0.120967564828338	0.365744330590373	118
-0.103369282654863	0.338464424991369	272
-0.029301819785541	0.0929450301209328	118
-0.033752998201687	0.149437185581366	123
-0.110450507270413	0.177690109107766	123
-0.066832608963379	0.232476696539524	123
-0.08096373314798	0.262921816888073	123
0.008052781672439	0.130477921993869	118
0.1092870453684	0.127178074561158	118
-0.016203680686223	0.18065890888719	118
0.065700642630267	0.148252839013831	118
0.082451622506956	0.0693950704717008	5
-0.033330786310714	0.146900932270319	138
-0.054864919196768	0.324300070234034	48
0.070152273782706	0.104458474047309	48
0.063619473420201	0.149409215130899	48
-0.118213194847809	0.361743483572998	48
-0.032280271916953	0.215853481627514	48
0.078979216875089	0.113877128599133	48
-0.117885908363832	0.181539308233536	48
0.056828894211003	0.109961001798109	48
0.109740442804529	0.0980649975407072	1
-0.110498775016266	0.291065343423313	1
0.04016255459403	0.184960708261146	1
0.024195652576224	0.154505586818692	33
0.063735088403403	0.108841686433804	33
-0.123937572355809	0.271764415808288	33
0.078764193176566	0.134722057280672	33
-0.030063893093881	0.30922983354579	683
-0.081254123091037	0.279365978866183	683
-0.067460653807433	0.265231464837253	575
0.017106422965879	0.20169670642447	575
-0.065489824736519	0.310485561779506	575
-0.118225292415005	0.178722819749561	575
0.102187011302426	0.0591897794686277	1
-0.032821156918564	0.0988815735560713	95
0.118134715323346	0.136749994037918	1
-0.088535787614646	0.302631974938786	1
0.098066954477613	0.156303956031663	1
-0.072026950452646	0.269114018649687	1
0.104048205693952	0.0910684155098913	24
-0.116743159048075	0.286029363380607	24
-0.091739643706824	0.336871042653472	24
-0.022204093757059	0.293507847372657	888
0.040710320674507	0.199011151427886	221
-0.037741634329421	0.304961517197118	221
0.011760060857103	0.237689003527931	221
0.007716751907449	0.229001606413983	6
0.041687275982594	0.182332219663321	6
-0.059430726841874	0.308442458914872	216
-0.123640986684323	0.445427537901932	216
-0.057189381991441	0.330953484090349	216
-0.106846063672907	0.16977523983082	216
-0.088625599328535	0.363713692072007	216
-0.040772179003611	0.213794736214311	216
0.085458594030296	0.0704861106918886	216
-0.059376737490588	0.193453210003556	6
-0.07057845617605	0.244371764271188	6
0.065548651145494	0.103975016645075	6
-0.118894690700902	0.311499489893427	76
0.076125118073337	0.117913710169623	76
-0.069543824480911	0.20667043800691	76
-0.04123257702919	0.152159248474004	76
0.02148162759121	0.122360244848652	76
0.085458594030296	0.0704861106918886	76
0.089645088569364	0.0680799420359369	305
0.017734617965571	0.127242500258968	12
-0.081473634692321	0.237943483020366	12
0.012788506827391	0.13206380969758	12
0.115964637886145	0.0979885359368376	12
-0.069543824480911	0.20667043800691	12
-0.119281595079664	0.360932422341247	241
-0.00351559667787998	0.215127749885511	241
0.069901217836506	0.172402697933722	289
-0.123815477529524	0.457007717481204	511
-0.075941873729401	0.228775924293584	511
-0.109445792606765	0.369687450281283	289
-0.016538598865732	0.263074908777319	289
0.01919542132641	0.124193956384752	549
-0.082070359014046	0.327077923531933	86
0.033986240858782	0.205286057047274	86
-0.069624038357364	0.276689054522339	86
-0.100333406274683	0.397204990596131	86
0.065032984110066	0.132816501624639	86
0.059640626949327	1.26849343946885	445
-0.109545294603437	1.69013574194165	445
-0.029147493469019	1.49652813195396	445
-0.021583614913689	1.19348799573761	445
0.106285882986193	0.436736652192553	348
0.049174616128842	0.370448625876847	22
0.029587619761257	0.34360285909529	22
-0.064315950732089	0.312021973213452	22
-0.025160830997149	0.255174825077858	118
-0.099898274656365	0.392225302814009	118
-0.124266539871047	0.417515419287542	272
-0.03260958848867	0.3456536463931	118
-0.00463578173089402	0.218177725830352	272
-0.078412974010385	0.316786484429745	118
-0.017673004546256	0.297397336487944	272
0.027296786979202	0.122866089680684	118
0.019808607705287	0.12773462679489	123
-0.051385741546448	0.298048204065872	118
-0.048647197289227	0.287548938020731	118
-0.02615273291911	0.226716669610982	118
0.023358459857606	0.125844868414804	138
0.073647882138647	0.15176206710228	48
-0.054667337178592	0.30020842315195	48
-0.044753335802937	0.23905672972542	48
-0.116759538758193	0.330521785830281	48
-0.083251190347984	0.304986076829136	1
0.122014221864088	0.0945843109212518	1
-0.122678871008946	0.271316547893357	33
-0.086000823440687	0.307476136033836	33
-0.006822346635595	0.171202112321997	33
-0.056952384156389	0.283137221750176	1
0.068962765808869	0.159010288568385	1
0.03175463165624	0.0820715723339266	1
0.018640556375659	0.128137056476816	1
0.028127826835431	0.0866066223589225	1626
-0.036510752900565	0.284903905089828	575
0.027689495174687	0.121308272512341	1
-0.116492330726771	0.172327667329313	95
0.103559142659137	0.131535308854525	1
0.076100633412872	0.191572942657241	1
-0.070358224403925	0.242124364819595	24
-0.040106085879917	0.0990256675498028	24
0.034285056447321	0.165831769852066	24
0.028696016230315	0.184036484917615	24
0.016494872441636	0.208958902935383	24
-0.110609887482012	0.329023048129565	953
-0.032090160453636	0.217724526930837	953
0.043220632563567	0.199545088137051	24
-0.025488792215477	0.27304244258106	221
-0.094682301239269	0.446615498961061	221
0.085571895698851	0.139013453846861	6
-0.047838101180205	0.349558889414324	216
-0.116399135236318	0.177232857570925	216
0.088468934070634	0.0681505287957826	216
0.058004089002462	0.169120571280102	216
-0.035592662658481	0.242481145397514	216
0.033695112568591	0.0842527587055829	6
-0.120593353997572	0.17709703779627	76
-0.081392438963363	0.393687974219992	76
-0.011427195777314	0.225094005853684	76
0.064186384416594	0.111422943915699	76
0.093032346403046	0.067448723057753	76
0.110118203992459	0.0857083297112657	76
-0.036617676774983	0.152213825612064	76
-0.039845478586985	0.156050399493278	305
0.027520553889547	0.120789774202004	305
0.066184924565235	0.108407487808936	12
-0.116874132048406	0.225217574753976	12
-0.065215733459478	0.19997095070157	12
-0.119111888255689	0.180899303365201	12
0.081269096004483	0.0694401102038381	12
0.078883933419951	0.14491137269727	12
0.025346764101061	0.235911731279628	511
0.044415591414648	0.154214809984764	289
0.063194059360745	0.111796920435012	289
0.011702961250927	0.184762658086371	289
0.029483166506952	0.149753659294312	86
0.019624716747319	0.217725016816807	86
0.04022862667279	0.165987233891035	86
-0.021024521552114	0.249274994332164	86
0.048583196378865	0.185174226097933	86
-0.111854896697328	0.354294224358561	86
-0.039120545354252	0.0982326823496038	86
-0.0107749241067	2.01153718938909	445
0.000775982939553999	1.33771287271727	445
-0.020920177328919	0.404819991783963	348
0.0144073319289	0.223722711611356	22
0.097667848948062	0.121960775908384	118
-0.11173655352684	0.242277295970202	118
-0.06771146899927	0.287742288562204	118
0.014254325491826	0.129977554492669	118
0.089719133420142	0.116099131145668	118
0.11131001218041	0.10712370420638	118
0.023341359063554	0.300088760762567	272
-0.00143162943888098	0.246703545397904	118
0.018845796711725	0.21403429765466	118
-0.116227375451315	0.332481907856544	118
0.036682119491378	0.164913497368118	272
0.102739790811623	0.102194883383871	272
0.012639276701869	0.123561285693442	118
-0.011160666659564	0.173196655664444	123
0.061251068557153	0.131916324157925	123
-0.017167815212146	0.244567118994332	123
0.104410249473224	0.103864658687574	123
-0.022857733739638	0.20624536298253	123
-0.023096498379674	0.252396489050899	123
0.116771086903887	0.0970107786844734	118
0.011863409310118	0.202646917174466	118
0.051669393511748	0.154540740650808	118
0.017598456298718	0.128793554623931	48
0.069662630066049	0.125627693636283	48
-0.121568266398065	0.302441588161892	48
-0.040285775288313	0.257008804960612	48
0.033794284341822	0.171937666853466	1
0.032741751695839	0.169314654471224	1
-0.124452826974565	0.232205957617485	33
0.014806093211756	0.183070589971883	33
0.058432022518881	0.133303870037287	33
0.093615944839262	0.123833969780546	1
-0.032355466282274	0.219404616468043	330
0.09578275931427	0.0632310641919204	1
-0.035642013155655	0.237898828719163	1
0.06636259312721	0.14679442506507	1
0.00246239097461801	0.230950881418544	1
0.000726152176280998	0.251440280251829	1
0.0465697036701	0.206696109718385	1
0.092432697718877	0.153688718757372	1
0.020400033341278	0.220039923791912	24
0.058983029492741	0.187705750960194	888
0.058350494728944	0.198039946474055	221
-0.064088959075862	0.322527411290447	221
0.096725815604005	0.15991060540544	6
-0.00313279130607302	0.213665262684686	6
-0.081196419249784	0.361311513625912	216
0.058848950614151	0.149146927148165	216
0.11006500112264	0.128843012014321	216
-0.0989671639137	0.484423505503744	216
-0.032355466282274	0.219404616468043	6
0.031195805215663	0.15188841546747	6
-0.072441709964065	0.290233340709574	76
0.066177624277942	0.108856364717137	76
0.085458594030296	0.0704861106918886	76
-0.10731596227358	0.171087175334703	76
-0.036334661817441	0.10048957400549	76
0.031747629582172	0.0848483208395658	12
0.031199616750944	0.0856518567102529	12
-0.072472435242089	0.232435050689971	12
-0.061491295702321	0.203703842286523	12
-0.038751703122056	0.244815074264357	12
-0.018401293880805	0.196414764284117	12
-0.016525467649211	0.246107128643717	12
-0.101471392483745	0.414174268004273	241
-0.074693610414971	0.348261573953362	511
-0.088765683908563	0.382858524286651	511
-0.036014352604766	0.316042270030585	289
0.105808300599736	0.118567220658309	289
-0.12062437686498	0.275432610608368	86
-0.040797173407777	0.216246221263542	86
0.027722107607561	0.211205893330727	86
-0.11779636485052	0.298026642227116	86
0.051886355295933	0.187732594626198	86
0.00648306091779799	0.180224152668918	86
-0.076209955013686	0.343659218935874	86
0.077408066536759	0.255955746199789	348
-0.121263512212998	0.226933620927291	22
0.038709217483997	0.0819489753591244	22
-0.028752673190078	0.0925546551709775	118
-0.047726157654124	0.147808845946029	118
0.029506477293678	0.0858373609288333	118
0.088201846573515	0.0672394393988596	118
0.114576076870013	0.0808264732979439	118
0.093972707011723	0.14146392895782	118
0.035519176076929	0.230052389432696	118
-0.00754921881190301	0.219367540798139	118
0.01244066331937	0.131665084760355	118
0.030858868918491	0.0832456220941683	118
0.021906939245382	0.262719614915783	118
-0.036977988908244	0.0954693967476338	118
-0.028752673190078	0.0925546551709775	123
0.088582076825498	0.0621884452837543	123
-0.041968139454293	0.0965050431706499	123
0.056457140195091	0.136231017260027	118
0.06636259312721	0.14679442506507	118
0.087278299254596	0.0687080658224371	118
-0.033933232085005	0.09758760197118	5
0.036200303569454	0.0835865372794923	48
-0.042549024694588	0.154691611573152	48
-0.11672302133062	0.415745523217063	48
0.004900637432637	0.190777336473041	48
0.09879438014622	0.0625969506985082	1
-0.053958252310038	0.266428015817417	33
0.022257985836149	0.115466630967819	33
-0.011280993493512	0.286247805274245	33
0.063184640797512	0.111172393787722	1
-0.040844223800902	0.101660915739334	1
-0.077672034180675	0.422546370558322	1
0.068877294225219	0.104551614219391	1
0.086493261282447	0.0689783432958266	1
-0.037135795510813	0.151037758166957	1
-0.051554586555943	0.385663982634271	24
-0.00305448833408001	0.166404957440406	221
-0.011119649454103	0.419552593859804	221
0.012421551896496	0.221542427268252	221
0.047010189768572	0.240952840180806	216
-0.007555735096405	0.171155327940303	216
0.0262617105775	0.232620597366351	216
-0.119237788770797	0.388791142202776	216
-0.053446607108629	0.350083070498019	6
0.055322904084136	0.209785016633399	6
0.07525908146546	0.188090767821576	6
-0.08545092873128	0.34223185601099	76
-0.053244430427682	0.351052085830074	76
0.069434652996735	0.107359435311643	12
-0.073950213039731	0.454247574890715	12
-0.123566173352121	0.237219317130406	12
-0.11288978455684	0.382428521237611	289
0.101010282238617	0.0597004763001397	289
-0.056669454604189	0.197438409184434	289
-0.00790954813939698	0.244008626260302	289
0.020896595204783	0.199843818962345	86
0.01426983947719	0.132072954073636	86
-0.001269467877904	0.351088305083814	86
0.035065169335812	0.0820746547568553	86
0.00193128113355001	1.779416636282	445
0.022795053579689	0.325086648528963	118
-0.023279663925882	0.614195398345112	118
0.048108321143803	0.469918755070669	348
0.076170844658859	0.152332474954333	22
-0.112677866005038	0.259254666277488	118
0.080490287906499	0.0676882000442608	123
-0.106320457562817	0.387424471620373	123
0.084282252206357	0.0705379079167224	123
0.034821046777471	0.0838903568248648	123
-0.117636087782606	0.268139479573515	118
0.019200171114579	0.127850155772211	118
-0.039754697036434	0.151704643009777	118
0.069570810986685	0.101433557486518	118
-0.120974045720515	0.275518469448024	118
0.029903444065729	0.0811806005499426	118
0.019396103567971	0.1246905722584	118
-0.036334661817441	0.10048957400549	118
0.094064464477132	0.11262659846501	48
-0.11711205040128	0.224778631080738	48
-0.121771384952587	0.23742367634223	48
-0.033827742365812	0.139947862187127	48
0.006932385358075	0.23791195385937	48
0.120584916087018	0.133266437078963	48
0.115729637601318	0.108453694090483	48
-0.045298415965055	0.152453184992983	1
0.088854197444729	0.0696020296961957	1
0.084236586724835	0.127630081884645	253
0.110681961012774	0.114379405663356	33
0.048854245376183	0.214465181067652	33
-0.090069791327215	0.332079980156125	33
0.090802023544919	0.0647489136191031	349
0.01223231946483	0.130829335615531	683
-0.049853157613784	0.237362117943263	1
-0.065936300974362	0.208495044374986	1
-0.042549024694588	0.154691611573152	1
-0.10932582151259	0.176468370548125	1
0.121331756545838	0.0943724153405255	1
-0.039741096782999	0.100867367680409	1
-0.014938225287324	0.180822158691287	1
0.094715381444643	0.154659106683269	1
-0.000354460424828007	0.316972234710852	24
-0.036888952753567	0.099347238411251	953
0.119242417795335	0.0966415590112114	953
0.069273677192105	0.199031406474449	953
-0.056862348716848	0.299090218644229	24
-0.033169762927186	0.14892608196591	24
0.013674672221542	0.296494243004634	6
-0.031911580119347	0.308855500073657	6
-0.067206257845521	0.206860180953732	6
-0.072269017339462	0.236350942609914	216
-0.036835225550758	0.366887166828896	216
-0.026442025533298	0.208059367587027	216
0.00699200943235701	0.287258801341576	216
0.067906120085647	0.176930866904645	216
0.053933694977948	0.221160096095034	216
0.076151090341688	0.118778243506346	216
0.056682063524132	0.133679894767132	216
0.035999750406581	0.205231961536267	6
-0.021051751215065	0.299913011198735	6
-0.052192914545238	0.454211301533535	6
-0.012026563498614	0.242783684936539	76
-0.061185751868803	0.206387458937295	76
0.097624551549709	0.0929381358252514	88
-0.096894170206945	0.458386857804701	12
-0.036465388148245	0.283032564793028	12
0.003530833089881	0.192002345131185	12
-0.057725097176209	0.330886076102926	12
-0.116881459302193	0.301690181425323	241
0.10409033035628	0.112747734899769	289
-0.039276577576493	0.293815619253578	289
0.03975034527813	0.181472657906325	289
-0.067577880838454	0.205800008826023	86
0.067764196293051	0.106589972093927	86
0.037579243262677	0.0825751637182051	86
-0.041405672757444	0.101142567173792	86
-0.039845478586985	0.156050399493278	86
-0.107442827796589	0.337415398697436	86
0.073551993612938	0.102062636626667	86
-0.068339754004186	0.337397866467659	86
0.080941163644342	0.718294958815322	348
-0.030174887108181	0.777582572246815	118
0.076363010034138	0.338333477831908	118
-0.068295837603209	0.367249137500341	118
0.114134045099615	0.12167767778817	118
-0.090597157421696	0.329110972697563	118
0.093487253658562	0.150194559082883	118
0.060080723409779	0.209503880731315	118
0.098127830324786	0.107528791802608	118
0.002228059191138	0.193729483035613	118
-0.109407748795688	0.325926719842916	118
-0.076541048866445	0.347283768016745	118
0.056780089758744	0.171622565272783	118
0.031852334203227	0.210222508347512	118
-0.11488897723959	0.301404090087039	272
0.02996790661656	0.152485419288947	272
0.072992522741117	0.102515523295012	118
-0.039508995936797	0.149988458947545	118
-0.035221187230623	0.0996917527572204	118
0.01632341949031	0.129637986688622	4
0.118959923630287	0.0962769920273159	123
-0.020971059074915	0.201634733131382	123
0.010765150407603	0.184502512173379	123
0.063358582766281	0.133554040423677	123
0.00558304042612301	0.190396255471512	118
0.048690343379832	0.17311403002406	118
-0.035147906705372	0.241885542089493	118
0.030379729890352	0.0827955374959944	118
-0.03749453372854	0.216785261012204	48
-0.035704083578738	0.232687508239669	48
0.095231152294301	0.112099388777136	48
0.071968912554104	0.1374788244487	48
-0.124321860578384	0.307404267896936	48
-0.0479093421685	0.272192339784532	48
0.029827093190349	0.0855443837267312	48
0.120258447564312	0.106410286685364	1
0.090921983977588	0.113088984459906	1
0.090510030222756	0.115703969173721	1
0.120002747985116	0.0958935789876687	1
-0.120431604112061	0.268038539833525	253
-0.031512582627712	0.217324030578345	253
-0.00592318850244999	0.211656297364105	349
-0.065695287437257	0.199043113645318	349
-0.066846593120738	0.282513294072156	1
0.060800253402411	0.13146116216272	683
0.064298928486559	0.16129813493281	683
0.028127826835431	0.0866066223589225	330
0.084809276765218	0.0675310038000734	1
-0.117432177548032	0.177182878790613	1
-0.06004029598808	0.19320852781853	1
0.001449623094711	0.193304958310258	1
0.010322035037242	0.207859223829452	1
-0.098154122404005	0.40025430308154	1
0.019409974839771	0.203025628626953	1
0.104984696416195	0.0900484912604515	953
-0.11830913544346	0.261733878700042	24
-0.035263102128604	0.234071843436079	24
0.096534928073352	0.159144359876716	888
0.120221544995474	0.118173651304788	6
0.086635044080705	0.0698099487664053	216
-0.025977010924683	0.27721669708549	216
-0.061185751868803	0.206387458937295	216
0.019663123066975	0.130463232897587	6
-0.031198242278537	0.333860505901149	76
0.014530783843647	0.246620245114255	76
-0.120591521952468	0.310568822794454	1574
0.031199616750944	0.0856518567102529	76
-0.061608590786619	0.197230242095913	76
-0.112802887859941	0.177889945709836	76
0.028719256626502	0.0833626227972781	305
0.091841596348273	0.0662756134284721	76
-0.081702464687534	0.24409046625693	88
-0.032436350732059	0.250329780757607	12
0.083517409002537	0.146940818755114	12
0.068790738470948	0.146118964583461	241
-0.013672132917267	0.179855075089452	241
-0.097880676124623	0.340808536671111	511
-0.123603403224796	0.406674579337197	289
0.07028256974238	0.105129094074323	86
-0.016337419802696	0.17882349083022	86
0.063341536770763	0.107950047006293	86
-0.074090328213432	0.273938161007532	86
-0.050482627518863	0.27778348522622	86
0.063524736552083	0.148696545661413	86
-0.074494703947986	0.265999609055677	118
-0.079618341744513	0.303762237058248	118
0.055536321526811	0.133141767175447	118
-0.094603619023935	0.383637519621506	118
-0.038177315014629	0.240498476544607	118
0.122299205441354	0.105087005340613	118
0.041989698544449	0.239424585235134	118
-0.079752396768772	0.297939999352489	118
-0.046752986536593	0.249548460260809	118
-0.080429916088913	0.30097133767011	118
0.105076842754151	0.117771581086703	118
0.062896951452417	0.14977000092726	118
-0.120936677365266	0.305839519383808	25
0.065788706076961	0.130251023320428	272
-0.113055237624122	0.180130165034426	118
0.040405242866915	0.0791214744034798	118
-0.116241371661361	0.23031485081442	118
0.121024642118283	0.0934644791538564	123
-0.108075907165288	0.170723525722407	123
-0.073126882472077	0.235411748977754	123
0.090062928558548	0.116036789810218	118
0.023370064025987	0.0850861587615147	118
0.080107700808806	0.0684076701574575	5
0.038385149825549	0.168694064467424	48
0.064186384416594	0.111422943915699	48
-0.034983087613038	0.150507137730227	48
0.099292825318764	0.0913778891479683	48
0.067907122036139	0.129746870724262	48
0.088063187462893	0.160875498275263	48
-0.076616916254539	0.271804944139058	48
0.119605798714086	0.104677546260931	48
0.060255862885637	0.132575987473562	1
-0.06636941544628	0.205816156222903	1
-0.012333953976643	0.177595641544464	349
-0.113386550945839	0.171021830204335	1
-0.016017512180694	0.178460460796072	1
-0.033670443388603	0.141712331075128	1
-0.117075671714641	0.225572432059956	470
0.006107675493601	0.191888824501684	470
0.042044043855353	0.180002425079639	1
0.075881953513137	0.170715808959338	1
0.112808520570663	0.112664534370731	24
-0.108742223462328	0.406098797135396	24
0.107914780538713	0.0876371044613806	953
0.120174765306741	0.103760919586234	953
-0.085664166147117	0.30573256153286	24
-0.018233712130678	0.271757877957686	221
-0.121336174531621	0.36456866335901	6
-0.11205152439964	0.330236558551059	6
-0.018472814465521	0.241251294841861	6
-0.00787057368173	0.167981598849535	6
0.00362523722330299	0.191370728235712	216
0.099852429751269	0.0914932111966835	89
0.094112329396428	0.0910080415860286	76
-0.094093989376935	0.417086130181153	76
-0.063190696959223	0.304068740359757	1731
0.041775938794275	0.0781877444144566	76
0.093032346403046	0.067448723057753	76
0.031747629582172	0.0848483208395658	76
-0.038282182108274	0.149452646093757	76
0.029462238972924	0.0794000984721817	76
0.065719209791242	0.128114769953163	88
0.019454844918629	0.132093096357099	88
0.00760592211807001	0.189049825527423	12
-0.11296462298538	0.376839930773415	289
0.025885406540305	0.23519875602998	289
-0.03226996239096	0.0968292699610618	86
0.101134821249769	0.107098997965163	86
-0.027314368862909	0.26023077527202	86
0.100439462546425	0.107036585917193	86
0.011206503160789	0.18730495965871	86
0.123312775176732	0.347533703078998	118
-0.041045453919706	0.335228712595459	22
0.100768297524798	0.15056479409124	118
0.00342991741318999	0.278316532804787	118
-0.117784820820021	0.326599705659484	118
-0.00955921879499799	0.264142381992351	118
-0.120820114037062	0.477609434970248	118
-0.011953837195616	0.213925172852178	118
0.033155299486522	0.171379055742695	118
0.028216970141136	0.226100556354627	118
0.091207638572559	0.0682922372056308	118
0.082309773290759	0.0682565751623869	4
-0.111473637083425	0.258183374078084	118
-0.032911175618197	0.216321826652628	118
-0.048510344652785	0.247150968679463	123
-0.120598169786386	0.364371829595757	123
-0.124362282821761	0.292436451291158	123
-0.119426413781555	0.262238403338915	123
0.07151168389194	0.15704082017866	118
0.034998471211945	0.226076211022065	118
0.022060482328434	0.228259369678143	227
0.000604269774285987	0.23412614038005	118
-0.060756331255552	0.202133214703776	5
-0.018516434845617	0.179657921965428	48
0.030271178021965	0.150314722428428	48
0.046013762460323	0.176901250041781	48
-0.113825558312248	0.223167403513825	1
0.042956635471039	0.162129616268642	1
0.040764394642075	0.178912041748717	253
-0.037834539276302	0.289389050600123	253
0.063458830353544	0.109326716673302	253
-0.03196724969	0.219262598958559	253
0.063458830353544	0.109326716673302	1241
0.066003470809912	0.130842178976153	1241
-0.116467303301056	0.29586031703075	349
-0.07057845617605	0.244371764271188	1
0.066776384789289	0.15709972912929	683
0.072705087914866	0.101496502198889	1
0.108794441338021	0.0861235985850589	1
-0.1105512972724	0.176493818919201	1
0.082757954970088	0.135018903204245	1
0.064284839390219	0.130518481232644	1
0.117956000738443	0.0967031047872184	470
-0.072718662093466	0.323013825201103	470
0.058191565613127	0.202041269408458	1
-0.072673333765879	0.246154461790113	221
-0.113381752957695	0.302565804350348	953
0.062013570566597	0.181442048875096	6
0.069621031485519	0.178207763142535	6
-0.018944943591653	0.290563844537484	6
0.124385151664037	0.119264054158235	6
0.012432156506921	0.242386455226866	6
0.057346834537622	0.177678986258046	6
-0.049577916012013	0.275515510828936	216
-0.057576609991409	0.323135458993338	216
0.104937303064347	0.0866842092675649	76
-0.105840635223201	0.378785542915542	76
0.068122822463575	0.155433839608429	76
0.060367192023476	0.105752653660367	76
0.075662457972229	0.0995151823466009	76
-0.116498785486668	0.303485956234071	76
-0.033169762927186	0.14892608196591	76
0.0384427654973	0.0750456669556001	76
-0.119111888255689	0.180899303365201	76
0.070735279571769	0.104062854819986	88
-0.116887516010118	0.3052954253483	12
0.099852429751269	0.0914932111966835	12
0.03074724317839	0.20707843452201	12
-0.031762793365918	0.238040906638226	12
-0.029779654665552	0.25465963994565	511
-0.073550473145552	0.292033620261459	511
0.068861544257717	0.161324461006532	289
0.065181117326096	0.147647629157524	289
-0.040435227345412	0.239006483827775	289
0.015974934521731	0.202681506216822	289
-0.116807210989991	0.30295446195672	289
0.034381904190886	0.146388773014096	86
-0.070737160117349	0.244995330814656	86
-0.063311216842826	0.204534096731948	86
0.087931946361598	0.116483937760689	86
0.105447112005519	0.117990984516332	86
0.113200019638526	0.111403189412883	86
0.053104455837292	0.161079507271401	86
-0.024522682281942	0.255060743678666	86
0.05779925769746	0.131051369448608	86
0.047727488168726	0.175351119447488	86
0.094970284411769	0.117039642509237	86
0.089332113100339	0.473199512895795	118
0.08804087642579	0.227375860116642	118
0.064431791917551	0.288034217031066	118
0.038649849589101	0.220668052936381	22
-0.003800593287487	0.307911841083539	118
-0.08284977972366	0.497525660924476	118
-0.061160035631447	0.372300134286144	118
0.098284217230458	0.172201359707828	118
-0.041224779395391	0.369247559344037	118
0.004772522914643	0.318645899398155	118
-0.071754388008853	0.270234090029109	118
0.017701084380873	0.212235268830966	25
-0.06141297353875	0.278552725067184	118
0.09689326768988	0.111212613346936	123
-0.073259385916532	0.264174282016228	123
0.094804025189901	0.132382872915521	123
0.099097776898149	0.149982754551052	118
-0.068318248066204	0.342991422656829	227
0.00504123508142801	0.227426531689828	227
-0.08650053454256	0.361563670306284	227
0.059843903645444	0.183984927822017	118
-0.024750742436597	0.296977709350939	118
-0.043812178020206	0.269601669987007	118
0.069629756464493	0.125318813652556	118
-0.080649791218248	0.300886367745918	5
-0.010894118815301	0.178065891310491	48
0.086323842731906	0.143019653360701	48
0.09378329204433	0.126947555371341	48
0.026514263058708	0.189985387361995	48
-0.027960452214338	0.215028546862074	48
-0.073824710047804	0.267991440496139	1
0.037086116932841	0.0809812305827812	48
-0.061327994385027	0.230792219804305	253
0.098452119807373	0.139420498054131	253
0.057837235556941	0.132678949962001	253
0.038481910025573	0.197650677704595	253
-0.067031111206296	0.205329724446167	253
-0.055358790868322	0.188840117623987	253
-0.043484607600191	0.249606597018931	349
0.1197633672387	0.116401498490878	1
0.092383123997262	0.141322319047361	1
0.067293715091748	0.127300163702846	1
0.067764196293051	0.106589972093927	1
0.03719348669332	0.165993138632278	112
-0.121858309148561	0.331665220906685	1
0.119534793438288	0.122363852803602	1
0.09914280760548	0.120257842920223	1
0.11748246415385	0.124001710522348	953
0.118355112171763	0.128887927722965	6
0.092362886365928	0.143702936084076	6
0.033328394313185	0.16372684764107	216
-0.091954572569672	0.350884251046013	216
-0.040844223800902	0.101660915739334	89
0.025862556062562	0.0830636205125575	864
0.082034000675285	0.126740687299367	76
0.025949431483666	0.151500887457984	76
-0.00817465344337398	0.19406947035479	76
0.030293455812658	0.146255134089039	76
-0.071082432794124	0.258078556041277	305
-0.012027331988241	0.177584651192687	305
-0.117885908363832	0.181539308233536	305
-0.124557172604397	0.229049860334258	88
0.059365542709542	0.111632914427306	88
-0.11856133290223	0.175199406987205	88
-0.109817559366092	0.314820856160294	88
-0.073750478974073	0.23712799900007	12
0.066562043339523	0.129757970255211	12
0.105951223872983	0.129320172946302	12
-0.03136229677374	0.278156009236956	12
-0.05297629282015	0.276653645032454	12
-0.071060989566732	0.243849631433913	511
0.106907938973133	0.12079849128806	289
0.023984828294248	0.158599449884094	289
0.066451783586754	0.127482859441786	289
0.033838936762949	0.15059600974386	289
0.035832953786373	0.188036848790904	86
-0.035211415054324	0.257513296241398	86
-0.0209830721594	0.182256476922642	86
-0.124297989450626	0.224251210807709	86
-0.123815782346263	1.72628353153948	118
0.114580821617348	0.196050606482709	118
-0.028817032491147	0.367302618423234	22
0.081794297836422	0.203805381822331	118
-0.028080972966363	0.315963291928238	118
0.00300249069093	0.296810094925794	118
0.018195880485981	0.290430211935248	118
0.046010799651026	0.248103104809668	118
0.104804878127988	0.165622247650595	118
-0.039363144250043	0.314319844687989	459
0.12273079552539	0.092502266817406	118
0.033456880470388	0.148926549314125	118
-0.119589804944483	0.472923206035286	118
-0.073376146290191	0.333385745178273	118
0.00884521091909601	0.250079606708287	25
0.083779082096984	0.135068341197812	118
0.104068087503305	0.104258100036675	118
-0.015885441477213	0.179469977676948	118
-0.066569655000992	0.240691323676161	118
0.019343755754085	0.17605954353395	123
0.102008166085054	0.131964837484944	123
0.026195714492819	0.0843318781499821	4
0.103143769236117	0.103430915633636	123
-0.117045401898562	0.358449589006086	118
-0.114748612941637	0.172559671236752	118
-0.031723240526297	0.21828962654658	227
-0.094332656279487	0.332017475455866	227
-0.013596824728647	0.241101858817799	227
0.103713022098348	0.115896051951774	227
0.06708262262015	0.130350341689385	227
0.057352437466991	0.171244696645152	118
0.11364279675418	0.0815400726779843	118
-0.124089338622434	0.274666155751272	5
-0.114355459732375	0.261019375694409	48
-0.034000234559347	0.220722104374837	48
0.038182864707357	0.197168317880091	48
-0.093307590707424	0.389385749268336	1
-0.121328200148341	0.304457433351358	253
0.031023302237594	0.191154316999868	253
0.00844450991534801	0.190020096497236	253
0.034267011914175	0.0833813791673214	1
-0.114048065654676	0.176623779893235	1241
-0.043393208468727	0.253811672089882	349
-0.026375546917454	0.247177586112785	349
0.023899852993799	0.190381222012929	1
0.072670285195671	0.176308661282629	1
-0.102852460429056	0.376210476174184	683
-0.068327509529934	0.239561898197646	1
-0.115175544360744	0.177824561589628	470
-0.089002107587408	0.334236766158264	470
0.005064930985924	0.181090635838406	470
0.097992058121564	0.137774257302051	1
0.073547549487686	0.158212477143886	1
0.064716183345684	0.143872037709267	221
-0.044762529648897	0.152724687533105	221
-0.123536280354901	0.232563647282714	221
0.084274277285948	0.148428537964164	6
-0.00582431899704999	0.261522254446645	6
0.095406121093627	0.122201145782684	6
-0.06636941544628	0.205816156222903	6
-0.068106088334169	0.236276016013997	342
0.089633094677217	0.0679754700006138	216
-0.037450417018744	0.0985460555820956	216
-0.117885908363832	0.181539308233536	76
0.0689277126855	0.122390132352995	76
-0.038976114158659	0.244481258278708	76
-0.069555614756194	0.237614855341642	76
0.063130804827858	0.13342715490744	76
-0.123422891607645	0.227801279905366	76
0.015919898537919	0.130027472526343	305
0.091906914616764	0.0929443998191112	305
-0.00633470226790001	0.172590555609192	76
-0.051177610255425	0.189726622173364	76
-0.058161024214748	0.197564593693285	88
-0.071821200446118	0.244435485750971	88
-0.036287913893803	0.216994299066618	88
0.110856591239219	0.128754542523129	12
0.032324764969356	0.085014775594618	289
0.084498253982175	0.150345999273434	289
0.020272599642552	0.158891531573726	289
0.025411747397122	0.148897948645982	86
0.017369789215849	0.188054520302149	86
-0.076108667250868	0.274815443062948	86
0.10572148972119	0.112200510328338	86
-0.013819227961923	0.242262266599682	86
-0.102757251171037	0.301598148633607	86
-0.039579361092384	1.45988000668955	118
0.091113274111596	0.244781537716102	118
0.117654014277828	0.149102587130183	118
-0.042846759063538	0.3694858678273	118
0.069957484321127	0.209760132127637	118
0.032640857085324	0.250044285508515	118
-0.056959553360598	0.444102855817083	118
0.03784604405096	0.245373950715542	118
0.058931155999748	0.225635987875709	118
0.067402321251319	0.177966113026198	118
-0.029907511831358	0.362790494592417	118
-0.034429760000448	0.336251151684398	459
-0.117574805990402	0.170806978504869	118
0.105800391958352	0.0891344505616082	118
0.037089725928361	0.169622918256156	118
-0.080866802214324	0.35518483950116	118
0.082217951652347	0.128438936656016	118
-0.113611976469157	0.259477496252736	118
-0.075632844865777	0.309418584246948	118
0.089480099763781	0.173603228841588	118
0.049819500965145	0.194306971190323	118
0.021996457282561	0.154914215770584	118
0.114466532033479	0.0812821905196033	118
-0.124882730532964	0.280809522846701	118
-0.071710346727422	0.278367611782068	4
-0.092652510888173	0.334652169700163	4
-0.031928447177872	0.207336778239038	123
0.009954174257821	0.186358355498011	123
0.07061098462548	0.1400270097129	123
0.089645088569364	0.0680799420359369	4
0.059931961704439	0.111786168307298	123
-0.068846856061302	0.235643883120642	123
0.011474514462739	0.181456274734839	123
0.039487531786189	0.185065516089972	123
-0.040903933122771	0.292621241474331	123
-0.028318382813774	0.304868629488361	123
0.038621591049803	0.201854691274431	227
0.04035218544781	0.183753421621274	227
-0.00407581396926798	0.23609546127686	227
0.086988092966097	0.162065061394811	227
0.10452833016282	0.089629246523365	5
0.055727734453846	0.185712551941626	48
0.07927611777485	0.152101247924708	48
-0.078325983895964	0.273281606596976	1
-0.015684810553568	0.225797414167872	253
0.06261782699545	0.110688716075371	253
0.108720882298589	0.0858628028435126	1
-0.114062254676075	0.219696890387727	1
-0.039741096782999	0.100867367680409	349
0.00892645078509199	0.129266121721554	349
-0.123913984150019	0.391787470831391	1
0.040607346346094	0.197091937664006	1
0.043847693493424	0.207747553447798	1
0.012590687930997	0.246434396887494	1
-0.105350387651976	0.318032567391508	112
-0.121567571957702	0.278429371982044	112
-0.033000027866874	0.0969845561461558	1
-0.032821156918564	0.0988815735560713	470
0.068749093483208	0.104147104492239	470
0.084730885202233	0.159092531945967	1
0.059255863702765	0.176149801157186	1
0.074302098989284	0.119804470007098	1
-0.071331156048136	0.269937666270242	221
0.031675440337637	0.142270560756496	221
0.062483808927941	0.1089378471449	221
0.030361676400167	0.0844616484120457	221
0.012055852178725	0.225034919713191	221
0.102945725999965	0.147962579197006	221
0.049467989942049	0.192084523941696	6
-0.00991182613601499	0.170821075800369	216
-0.013710900020571	0.177734180431007	216
0.037902499836775	0.0787834475463307	89
0.121989072255632	0.116667449016569	76
-0.08676105990145	0.333016051404505	76
0.121659235698467	0.0925495984028182	76
0.073949151745666	0.140026729190089	76
0.031236334254352	0.14754934815357	76
0.028551610816485	0.121838214821064	76
-0.121168517907527	0.264327482327054	76
-0.111053731603108	0.208569060199992	305
-0.00711430953845299	0.171785019381775	88
0.068473165632873	0.103544562624748	88
0.024553828648498	0.115938657711518	88
0.031199616750944	0.0856518567102529	12
0.090834097271021	0.0670397845703292	12
0.100870095693695	0.145849351961283	12
-0.018226637721298	0.246928060582001	12
-0.11749184861982	0.373567843077199	289
0.089347603909368	0.114369799767837	289
0.083018433642891	0.167358982790234	289
0.043755706143799	0.158801048561251	289
0.022375108330796	0.158525265647101	289
0.019240377422077	0.132040310778396	289
-0.070662568406194	0.300351423725764	289
0.025792297782597	0.185391372020059	86
0.115333024696957	0.109531127188237	86
-0.071239326696093	0.279234019301475	86
-0.084308172327029	0.352721593912258	86
0.039417456472022	0.167135864920543	86
-0.115416709134318	0.354963262222712	86
0.085401893199698	0.980168379119552	118
-0.110427975751189	0.646456814634234	118
0.065186943301383	0.216223887288653	118
0.057858457870365	0.23964079547986	118
0.018674300073848	0.287314796016537	118
-0.091894554753363	0.378730929961851	459
-0.036560434615746	0.305395416682899	459
0.074260983882562	0.101841103366347	118
-0.044425265244968	0.264019725014553	118
0.088024053075403	0.131363697323594	118
-0.082550724143247	0.272091097258242	118
-0.012044924727506	0.176325537171745	118
0.064176924361094	0.129343318167603	4
0.0081749716633	0.204206921472765	123
0.055226750226913	0.136583303136541	123
0.069422731961983	0.105472044145625	4
-0.044837532760239	0.241638441494821	123
-0.077905962985691	0.302052089315535	123
0.117193374829705	0.0978021905859473	123
-0.000756980630728987	0.214704792961727	123
0.07488582983916	0.136947511798101	227
-0.045522519550359	0.266441562694795	227
-0.033634644319054	0.218448275667304	227
-0.072086011206735	0.207286137491536	48
-0.063628746597587	0.20608274152129	48
-0.06779610253223	0.241769761859639	48
0.10090345200044	0.0921797448548594	48
-0.036310656749157	0.24189495893366	48
0.119719659419153	0.0961998668158143	48
-0.065033146514519	0.313105258055547	48
-0.091519797902376	0.33769542007521	253
0.106197576650658	0.086985009203612	253
0.02963339416375	0.191970817152051	253
0.096848342918719	0.110570227429062	982
-0.073330778708613	0.273773156517823	253
-0.036334661817441	0.10048957400549	1
-0.025144636479277	0.209832349295711	349
0.087678262217677	0.117566009443633	1
-0.029476817279606	0.137229300961821	595
0.061196450506209	0.111015241350376	112
0.035954743729463	0.0832571614702204	470
0.084085762651725	0.133761040938585	470
0.068600928718539	0.141472999398428	470
0.093040666406174	0.0671733120880896	1
0.091148711741831	0.115702330795969	221
0.00714498210929601	0.183697965235745	221
-0.121897357487902	0.284841638786162	221
0.103611254263288	0.117038381766838	888
0.00439169433858	0.192746160821255	221
0.041794561828995	0.163383988711502	221
0.091847088387879	0.0675854687100914	6
-0.111169774320023	0.325269282781205	221
0.033685038268665	0.0826909760795535	89
-0.041427667838831	0.233144470053165	76
0.050816827994258	0.172460205869063	76
0.120728723331816	0.0954585552781771	76
-0.122897623846331	0.301200309278969	76
-0.023040872425823	0.216940444780573	76
0.027249027083795	0.0844998473523929	305
0.025002858925303	0.123674966548891	88
-0.106846063672907	0.16977523983082	12
0.08608722179876	0.0688440974591837	12
0.047535669947119	0.186882603359369	12
0.01270427142231	0.217503815029659	12
-0.024775614085173	0.255626844745802	289
-0.00464589971477902	0.169179762037013	289
-0.115299149675428	0.271705786371046	289
-0.075986480893159	0.24716961429799	86
-0.11523410739255	0.294529141862898	86
-0.120827020293088	0.301428036870833	86
0.076874894447912	0.11856914659676	86
-0.08798472654077	0.326160895384715	86
-0.038393949818681	0.218067610940012	86
-0.122594080447061	0.177343403603011	552
0.068283157594625	0.10590762137111	552
0.052984506036141	0.656073122204255	118
-0.061592039088004	0.966832009946108	118
-0.080852488145188	0.861960222187762	118
-0.013988591938387	0.546862643706761	118
-0.105275902068559	0.575941698171297	118
0.048714139411544	0.24961702071688	118
0.061226281843238	0.226382230646407	118
-0.105207732202398	0.461943590557983	118
0.086176655708395	0.182960729930661	118
-0.056848643801517	0.413032627423413	118
-0.027783661241984	0.305391992563316	459
-0.084384829256453	0.429572436844847	459
0.049661283782896	0.204053203540966	459
-0.104517952366865	0.519678174846665	459
-0.108447727088406	0.439363550623491	459
-0.054042062492098	0.273670360820712	459
0.091148711741831	0.115702330795969	118
0.040767924331233	0.190080549162479	118
0.068803269781526	0.122708835496026	118
0.062534040256885	0.133540347515505	118
-0.022079161657874	0.245219374525612	4
0.04393291860075	0.181180459933827	123
-0.024509675187931	0.25257651009862	227
-0.11778833313028	0.369742729149695	227
-0.074819093540354	0.34673168619732	227
-0.109990034876721	0.323647988294202	227
0.115867360920611	0.106329335795934	4
0.092974728553408	0.126789656033504	118
-0.030810077568141	0.25742165579478	227
0.019198552478861	0.219795296989139	227
-0.024471969246033	0.211118215527927	48
-0.00598834665424902	0.205054845963984	48
0.081497004495013	0.128669325366783	48
0.042547069784225	0.16355087435112	48
0.00461929336740299	0.201974873758544	48
0.00297803180575801	0.203572490008002	48
0.071561979200557	0.122729237752544	1
-0.105278690983572	0.305304752790395	253
0.065456353378825	0.111030609890101	982
-0.120130980970654	0.230876559671332	1241
-0.057301446152949	0.220889285102954	1
-0.031532743806358	0.145680881549073	1
-0.112611251946354	0.351349186640565	683
0.018317243169811	0.19570860637661	112
-0.034801562080353	0.142566649292992	1
-0.120756582670161	0.291531564877398	470
0.051888115307179	0.189154132451631	470
0.012767185813352	0.184907913374905	470
-0.026803173188004	0.223570353426705	470
0.078739208134142	0.163157224438406	470
-0.06525570371928	0.339569726626601	470
-0.070532936949907	0.201064350111489	221
0.079967395075972	0.132438769106997	221
0.00160384535167499	0.18857998278157	221
0.031252909407293	0.172830513427021	221
0.043462513077243	0.163801112041822	221
-0.03471097939547	0.234948862103763	221
-0.109395529313511	0.286826837069333	221
-0.109553319155148	0.349921171496264	221
0.120472451032059	0.106497722914993	6
-0.077053490407602	0.243269902858177	216
0.091219255900665	0.066722169408396	76
-0.0331777521455	0.220479682934731	76
-0.033153737483877	0.232855844536495	76
0.02734466374049	0.156246951864605	76
-0.074282344085462	0.206029193667466	76
-0.11891110380594	0.18077343603372	76
-0.115713804338436	0.257259218182096	76
-0.035384441373782	0.151130084661899	76
0.021055593921033	0.121801006023423	88
0.063349263617578	0.127378570960208	88
0.014254325491826	0.129977554492669	88
-0.123396863098816	0.36563117612455	12
-0.06937360448883	0.233116721432299	12
-0.116198946719845	0.353505622757973	12
-0.081248937417925	0.267748334296614	86
-0.036728913938327	0.217522099598252	86
0.102174427016527	0.0918867994182428	289
-0.1121824930176	0.325416517706618	86
-0.040155466763657	0.151005141106985	86
0.11618705716307	0.0795587750765459	289
-0.027317112076248	0.203003325224824	289
0.098329296614587	0.0911530542560543	86
0.070966364017917	0.103627065025636	86
-0.00597173765637699	0.172116213381094	86
-0.117595803963911	0.303614870441631	86
0.001760685643143	0.232588674377726	143
-0.083274422306382	0.302657532921483	86
0.036720542852669	0.165949978016983	86
0.031279810714926	0.202240649312311	86
-0.062489462471807	0.20280777024163	552
-0.070885843660687	0.232547967108324	552
0.090390868849111	0.945246673022571	118
0.064975865660894	0.358726193624549	118
-0.010324860262299	0.538884302890302	118
-0.048388429121997	0.503582011786177	118
-0.012233314318386	0.258794104111211	496
0.00727996981208401	0.305931313402564	118
-0.072716901096418	0.307672697077828	118
0.083149110580175	0.169014302018344	118
-0.05643602114812	0.390640767507767	459
0.074915222174018	0.154499759733258	118
-0.015164084732603	0.26474586018059	25
-0.066832608963379	0.232476696539524	118
0.066003470809912	0.130842178976153	118
-0.119112144513587	0.230195931022829	25
0.036643413957411	0.14747185925235	4
-0.006822346635595	0.171202112321997	227
0.066528007148408	0.161833617105615	227
0.053948176495475	0.136370611297781	227
-0.00825659844564403	0.221124666478366	4
0.084017401332849	0.147447664254176	4
-0.111697952541136	0.173126093371318	48
0.056159200296173	0.136343549773552	48
-0.037631583036454	0.149930240676854	48
0.000646277259797989	0.188209544492773	48
0.047787836001659	0.155745976271862	1
0.073551993612938	0.102062636626667	1
-0.116187833779433	0.272386245793572	1
-0.011427195777314	0.225094005853684	1
-0.033786131450759	0.206274367813178	253
-0.06034237930646	0.195257709511698	253
-0.07711112933841	0.241071612671135	253
-0.111970536122684	0.258441602459709	253
-0.119605369457927	0.268997274213459	1963
-0.034621706538	0.215104375850781	1
0.100177562675401	0.0914669112102055	1
0.062378976062293	0.105408551755345	1
0.10344604877053	0.0910524224683255	595
-0.0637685670396	0.226608694566402	1
-0.115396611043748	0.304151494604603	112
0.031901996187418	0.169405474259644	470
-0.080674298940544	0.277223337451883	470
0.12461878238399	0.10018670104565	470
-0.013710900020571	0.177734180431007	470
-0.035190106115911	0.24089263381881	221
0.01738399361684	0.13002968908268	221
-0.061690108166073	0.226957950921602	221
-0.120936677365266	0.305839519383808	221
0.065989048965299	0.0998835091106335	6
-0.121718844309875	0.178778600415411	342
-0.029672418270742	0.261205790445316	89
-0.07180516936231	0.202972496298857	216
-0.119012691520472	0.182343680456661	76
-0.111676815549434	0.177710154760845	76
-0.018405084540435	0.179367058087633	89
-0.111697952541136	0.173126093371318	76
-0.056965997178913	0.201842053568975	88
-0.119012691520472	0.182343680456661	88
-0.041472651117584	0.15388680873237	88
-0.016410144155473	0.169751225149218	12
-0.116851114902861	0.291305011781543	12
0.064922067466058	0.124675592320624	12
-0.044920029039733	0.15133377367707	12
0.068991135127213	0.128670116469312	86
0.115457547517468	0.0792670789061165	86
-0.037698313867433	0.222053618440267	289
0.032913383393464	0.0803809256316934	86
0.06219086172573	0.110121581249863	86
0.068395096177832	0.158103826038214	143
-0.062668830190235	0.193394817670125	86
-0.079680954590711	0.278333628309538	552
-0.017373750971479	0.195187539901227	552
0.115045685362365	0.924513451796489	118
0.115047207482948	0.575421389974478	118
-0.00175564016254498	0.417993753121239	118
0.01383271779488	0.180083496732543	118
0.044991071488621	0.17337709174123	459
-0.033430366346046	0.261950829158767	118
-0.006712331036208	0.173389984029713	25
-0.031590089370158	0.233118210800298	25
-0.123806224858085	0.238958044831211	25
0.061196450506209	0.111015241350376	118
-0.119111888255689	0.180899303365201	25
-0.016041652713187	0.171847855949142	25
0.109935416804233	0.115420125560617	4
0.064186384416594	0.111422943915699	4
0.090859763902561	0.115428809754298	227
0.042366886470252	0.178640408880035	227
0.069269867603902	0.142786994754076	227
0.096576995561895	0.0648653927500094	227
0.093026087204313	0.0665899724954097	227
0.088468934070634	0.0681505287957826	227
0.105460251303837	0.0883156180232113	48
-0.104601749769964	0.168439279258891	1480
0.061683338703521	0.132183322985362	253
0.093426737500561	0.0656448597288955	253
0.066472859654425	0.130293554643781	253
-0.050688298267122	0.149306081091051	253
-0.04061891315637	0.243951675854726	1963
-0.00287103420055201	0.212165798089318	1963
-0.0672706255691	0.314781828073578	1963
-0.056965997178913	0.201842053568975	1
0.073950932990902	0.101679022717337	1
0.116943954985436	0.0974773676884343	112
0.025208839067057	0.121961711586718	112
-0.03861047511274	0.154935039302282	112
0.039687629096317	0.199886513623092	1
0.025564711650182	0.15206457406107	470
-0.122523471680135	0.257786577731387	221
0.092887724069746	0.126680144847124	221
-0.012160638597775	0.180090950457659	221
-0.03888767943562	0.255379020693768	221
-0.112621052656152	0.327341053555702	6
0.020880714209656	0.197021956781522	221
-0.069605566510731	0.261463997972328	221
0.076585957231868	0.137792524753495	342
0.014493593486832	0.182624786462333	342
0.113369981492532	0.0999649517082224	1525
-0.082838782316193	0.30308803948923	76
0.06412841007126	0.180203552908019	76
0.094858360785173	0.109862264791505	76
0.084018876214934	0.0661367316729492	76
-0.121954646614751	0.168888567916121	76
-0.11875116543537	0.173656134943503	76
0.087265751007017	0.0687752633996953	305
0.031997199412221	0.0847309034950032	305
-0.116303581513091	0.178005738321746	88
-0.117528003334728	0.177416726371003	88
-0.032197270262178	0.141160987190371	88
-0.122548970663652	0.238308480130202	12
0.058006580894814	0.14873796568682	86
-0.013907746008148	0.172669101094873	86
-0.116759679199717	0.179344000079687	86
-0.088425624744524	0.306348829962637	86
-0.017601650275687	0.179375559224187	289
0.06147144420854	0.110591130693771	86
0.022860202986823	0.0817819829629514	86
-0.116399135236318	0.177232857570925	86
0.030117450070795	0.187041296496323	86
0.056494084251693	1.34500898317869	118
0.035508499714196	0.440191010133685	118
0.046225066833259	0.326029521690369	118
0.01300491767531	0.313563624065984	118
0.00609919727220101	0.357344080371235	118
-0.03559621731087	0.219453195794963	118
0.084085762651725	0.133761040938585	459
0.11742429629513	0.0972171625937911	118
-0.116548165182873	0.30125799371471	25
0.007672066736399	0.130303789098583	25
-0.117255109736677	0.231656265210372	25
0.076207936982899	0.154383331084778	25
0.114361143480532	0.12639904138003	25
0.063807265890249	0.106901364405113	118
0.090668196120738	0.067872764367876	25
0.081906155282507	0.0706931848142222	25
0.00960288100249401	0.123693507758136	4
-0.015632226181902	0.174927084478361	4
0.019454844918629	0.132093096357099	227
-0.06813151536168	0.207738904899357	227
-0.124700033773235	0.272706003634367	48
-0.03861047511274	0.154935039302282	48
-0.0662448394553	0.257749573242844	48
-0.072463595938005	0.238165367155635	1480
-0.109563999627346	0.324133065544554	48
0.027330462241626	0.188465038875625	1
0.122615602307791	0.110982762368183	253
-0.073989695620643	0.258703286147016	1963
-0.044950480562669	0.248294308424057	1963
0.006697040795169	0.190349026600035	1963
0.090036938160886	0.068676259457546	1
0.018640556375659	0.128137056476816	1
0.07169334917059	0.105213922782201	1
-0.036459194115377	0.153460641953964	1
0.033441473621578	0.0835093584105645	112
-0.060223984198447	0.203565884888722	112
-0.00289249710124001	0.168756660664803	112
-0.111817026562978	0.373845819298918	112
0.119863561054381	0.105768406462199	1
-0.11033775207835	0.343256299856244	470
0.073601354139451	0.155426601613626	470
0.084282252206357	0.0705379079167224	1
0.019812001887984	0.20069065376864	221
0.021894118909299	0.127655643795404	221
-0.111708883871014	0.293103491248562	221
0.072508728343552	0.138849698247315	221
-0.067348345210308	0.201169167120827	221
0.113907832336266	0.111762921727803	6
-0.115678522761466	0.295263944251189	342
0.032005396248369	0.171878328330486	89
-0.120544908306843	0.232338985185711	89
-0.119383177322936	0.219738723560479	89
0.113388954638014	0.0832594113399681	76
-0.03090496990165	0.216697487011237	76
0.027715899152229	0.189001604297671	76
-0.109304487454313	0.168154782922087	76
0.093032346403046	0.067448723057753	76
0.085458594030296	0.0704861106918886	76
-0.10446824316627	0.160474506670337	88
-0.068626861028682	0.201860012798806	88
-0.073631830210592	0.205270563207154	88
0.058936480338921	0.111547636390807	12
0.096890151028534	0.110448364543015	12
-0.121047706217987	0.267898569051155	241
0.017381846611336	0.126441667448677	86
0.113388954638014	0.0832594113399681	86
-0.040844223800902	0.101660915739334	143
-0.113950692668896	0.176707297794156	143
0.118118900973745	0.106712222059194	552
-0.068273672877701	0.241993576539145	552
0.042839282383092	1.41204649439443	118
0.094147846815929	0.56300325059263	118
0.053640944099516	0.436702948591492	118
-0.02631512570545	0.6196687166482	118
0.051136219263123	0.443649355735082	118
0.074068021278103	0.323828703430657	118
0.083456775299029	0.18909955120121	118
-0.042838867692967	0.364136525824579	118
0.066477764129904	0.24739860366987	118
0.061225459595821	0.27783745525323	118
-0.03609236532492	0.237149576944024	118
-0.042758980710819	0.340377005533591	118
-0.113570099013166	0.606078056038035	118
0.077859315373211	0.15286295357387	459
-0.100486208836488	0.422514364467142	459
-0.029107626591394	0.30244470507839	459
-0.00347853950737898	0.237787268948276	459
-0.032041387732796	0.278752491710298	459
0.069314020809242	0.174453384758705	118
0.038057423720016	0.165072011243928	25
-0.023005513529908	0.204648885790598	25
-0.068602843729729	0.206182619074854	25
-0.099342452426177	0.427005127874581	25
-0.117448704737443	0.27086187214445	25
0.00993296538917801	0.131218309419159	25
-0.112824044354316	0.175515859885757	25
-0.035080449705884	0.21623139867594	25
0.085303437383933	0.0685647398277569	25
-0.071084312508516	0.2658569383575	25
-0.071606185210345	0.267113615281176	4
0.056835910043487	0.135294629256497	4
-0.056965997178913	0.201842053568975	227
0.091864264503201	0.0662683502256002	5
0.028019843003568	0.155729241609635	48
-0.00149358114186399	0.196186620210157	48
-0.114154105663928	0.326375894962792	48
-0.109693141194238	0.29048001994849	1
0.091800176193816	0.0941376391935956	1
-0.077810300926877	0.273743311590266	253
0.060724677821594	0.130881901562285	253
0.086964158553162	0.116968668056668	253
-0.066916983797283	0.202032791013545	253
0.068352493125185	0.125540788867563	982
0.062630197766609	0.148065910985474	1963
0.023091312280044	0.19374283071012	1
0.103165477778376	0.104205701568834	1
0.098395205773915	0.090535947003471	595
-0.028752673190078	0.0925546551709775	595
0.105920921398265	0.0885827120014088	112
0.027641984274971	0.154741108395611	112
0.108720882298589	0.0858628028435126	112
-0.071044127766662	0.237213024955632	476
0.012505629710588	0.18543488458961	476
0.078743681134162	0.151557816595349	221
0.080946700966438	0.136871227511811	221
-0.065977287006099	0.256670317354624	221
-0.06167173668522	0.199107126605188	221
-0.108634609348505	0.285554477458433	221
-0.033611177873972	0.218929187479426	6
0.118389852768507	0.0942725336376196	6
-0.115865384334231	0.269057913051576	342
-0.070206925066587	0.243657933694447	89
-0.00500127651205301	0.169331706733579	89
-0.050197864969395	0.184879109981912	89
0.089454612997187	0.115433999568571	76
0.00415682735289399	0.228889896632461	76
-0.010142972804115	0.222590127185761	76
0.050497088677039	0.1930158578304	76
-0.076408476790893	0.295021730601789	76
-0.08072095197793	0.27525606570792	76
0.043671330893629	0.136733242569544	1249
0.030954127329924	0.0849130701263498	76
0.014734068538951	0.12947872895105	76
-0.03744548244239	0.146736851321486	76
-0.035977747343103	0.146479602664208	76
0.088848908573589	0.0696786937937549	76
0.090036938160886	0.068676259457546	88
0.016733711835215	0.128780843982817	88
0.110710015170955	0.0845747114048577	88
0.095308244198073	0.092642732763678	88
-0.029083435663602	0.259254880388459	241
0.091207638572559	0.0682922372056308	241
-0.080284946571127	0.243250856107406	86
0.098521150838023	0.107044520600087	86
-0.084258614668422	0.313600818485178	86
0.093917596204043	0.112143580415622	241
0.049613143254066	0.137573638180434	86
-0.124557172604397	0.229049860334258	86
0.032247856846649	0.0822726371214799	86
0.069121079134661	0.12779227421854	143
-0.035356408596074	0.226518050572749	143
-0.018806014629023	0.181968803887926	552
0.091594658893885	0.064411272478991	552
-0.116759408724492	0.465071783878506	118
0.026088425217647	0.157683712473682	118
0.00797491145365101	0.390801551771849	118
0.107138166710699	0.0859001556276609	25
0.077759633597581	0.129020349643265	25
0.028926193575951	0.082144829055762	25
-0.116584661873482	0.324674855197258	25
-0.115517870899655	0.208266662868644	25
0.025821793727789	0.122950566917945	25
0.118007147781915	0.117205148976688	25
-0.032821156918564	0.0988815735560713	227
0.031199616750944	0.0856518567102529	227
-0.028752673190078	0.0925546551709775	5
-0.039741096782999	0.100867367680409	5
-0.124175747169773	0.227612823106493	48
-0.114143078472549	0.173664375626224	48
0.046931430579478	0.189190354605953	48
-0.00333160985790998	0.196483630965581	48
0.032426092065977	0.149516530876044	1
0.029827093190349	0.0855443837267312	1
0.015726960932431	0.132294372339728	1
0.024858028992844	0.158276084983577	1
0.083094420358621	0.0708923687004452	253
-0.079369290536768	0.225498551506464	253
-0.069108995721411	0.395531484518843	253
-0.04979788026119	0.352615943097285	1963
-0.118043917480008	0.33026146567531	1963
-0.039466269697016	0.326747600057889	1963
0.084759990535993	0.142444706060368	1963
-0.11904337387918	0.275302570977406	1963
0.017551064184172	0.128856305739068	1
-0.014583333851501	0.350237039103411	1
0.117124952766671	0.104811001888892	1
0.042671398914032	0.194677721263817	595
-0.024673833824983	0.207908357961002	112
0.025660910459431	0.124386799458264	112
-0.119893208816539	0.30311775583174	112
0.066063168844408	0.146061797933269	112
0.016361848051232	0.179514763765852	1
-0.122633169323906	0.578686098263105	1
0.091219255900665	0.066722169408396	1
-0.122164999492254	0.169202842665515	476
-0.110429141009125	0.167472552591519	476
-0.066179099260244	0.234360476881434	221
-0.094910409268544	0.360594966818547	221
-0.042063945698896	0.154540386456222	221
-0.117885908363832	0.181539308233536	221
0.093506042034871	0.192148089474916	6
0.108398514812057	0.085578703716122	6
-0.037833860505958	0.24257342633134	342
0.00510212212837799	0.222023514613058	89
0.065548651145494	0.103975016645075	89
-0.025390102078156	0.345080661419357	76
0.086644796186402	0.0695636587592439	76
-0.039741096782999	0.100867367680409	76
-0.036334661817441	0.10048957400549	76
-0.035221187230623	0.0996917527572204	88
-0.115175544360744	0.177824561589628	88
0.080241626840726	0.13725659875196	88
-0.10700850258118	0.523236072862941	88
0.069161042184968	0.217352221118159	88
-0.069336619255858	0.368091210378959	12
-0.080439940060502	0.35495288909413	86
-0.078955903328231	0.269753480206058	86
0.110884358407381	0.143015766296156	86
0.00158344504621699	0.239789392596281	289
0.062612243968354	0.107680356117874	86
-0.110649718701454	0.170762030966624	86
0.037033558843681	0.0801169084284126	86
-0.116205660534803	0.176081386715375	86
-0.072617866769143	0.694621589610644	118
0.029116502775383	0.254324028486515	118
-0.053974852783594	0.462219815031904	118
0.040275725929412	0.270055922945617	118
-0.029268477605584	0.409541979109679	118
0.113878119989403	0.158804536246717	459
0.123780743292411	0.10421815210586	118
-0.072933371242331	0.371831199445584	25
0.062013327575974	0.200262680247899	25
0.105089853086019	0.147552373597656	118
0.113933222537717	0.111528438169832	25
-0.06988677978534	0.244306892238125	25
0.00725416373245899	0.182054819289269	25
0.109676115512867	0.112241943476071	25
-0.09505831559603	0.390023488298848	25
-0.116069723988866	0.33955296365994	25
-0.026951299249783	0.255909076864495	227
0.085608672619442	0.162965721385661	4
-0.054078566885623	0.277233370409411	227
-0.040366285961645	0.284568673732461	227
-0.035549654609109	0.280667900145613	4
-0.073149780075699	0.243382961714718	4
-0.114764495515745	0.301000627582851	5
0.008698890293864	0.183731681744236	48
-0.121151015648039	0.305722207671341	48
0.074975463813093	0.155941247268082	48
-0.078504262567846	0.300965591810116	48
-0.036888952753567	0.099347238411251	253
-0.032597343798409	0.139986978605136	253
0.00916529582044401	0.24741753323105	253
0.075810168618887	0.117862286174491	253
0.059694421464005	0.167088925907172	253
0.123175602580649	0.0901092743967399	253
0.082730837404429	0.1479288338167	1
0.033943777459511	0.0826846560772573	595
-0.032821156918564	0.0988815735560713	595
0.030975767039786	0.148873793551722	112
0.107538228910624	0.116948182493697	1
-0.089747674747373	0.330911013779192	1
-0.073567913236223	0.242349873314212	1
-0.00959787750507102	0.238182727716958	221
-0.057631807699154	0.197684837972129	221
-0.04123257702919	0.152159248474004	221
-0.116276306750836	0.411386022957224	221
-0.066613285420516	0.207008631640223	6
0.082404675738475	0.149666723228494	6
0.090134248511555	0.143821187424476	6
0.078939367509584	0.0919114917245954	342
-0.038444960966871	0.0987462625586103	1525
-0.11688244665567	0.176849102038869	89
0.101055675720608	0.149419788539037	76
-0.070687384420646	0.240046429618906	76
-0.00283182717964803	0.236945549288775	76
0.067192685043153	0.127034286238008	76
-0.113560659440314	0.258324684438514	76
-0.012572710001398	0.179580222084453	76
-0.075096053751029	0.270892922296558	76
-0.069330321308011	0.236779846389538	76
0.064444468148895	0.131273987180243	88
-0.068605889427287	0.2362886189197	88
0.088738647623673	0.13007653331892	88
0.019845065702597	0.128649840308238	88
0.034518540255033	0.0835298070606415	88
-0.113850950494166	0.17416901412382	88
0.070659686952432	0.125915786832609	241
-0.079759511194255	0.308185982193683	241
0.069027506683319	0.104043996290723	86
-0.029236630851986	0.217495266964931	241
-0.036298386993255	0.152111675910661	86
-0.066657012904851	0.202800293082238	289
0.045085570141843	0.17720505264974	289
-0.12436654348433	0.260141694412749	289
0.019791053687958	0.2008031039729	86
0.042880705905646	0.189504522747039	86
-0.113438031692328	0.357722979687154	86
0.042215697060503	0.182792200771431	86
0.118926148388202	0.108691789547799	86
0.089029391097284	0.128988482914965	86
-0.122030112162482	0.323182531610869	86
0.028730939097195	0.602471992866055	118
0.069895367169394	0.250061370914831	118
0.048759344660993	0.355598381727668	118
-0.089819124520668	0.740349876931782	118
0.075322007824516	0.330001600219892	118
0.010038558008102	0.46915836054237	118
-0.053250177542779	0.583630747557419	118
0.053308848780842	0.262438161218435	459
0.119253185722153	0.187458765486999	459
-0.110496686551321	0.659205233128202	459
-0.063312832385639	0.344297189927849	118
0.100145338465917	0.117743426120467	118
-0.09813077631717	0.414388780117823	118
-0.044537452716437	0.450416678435728	25
-0.00627020700623698	0.400567254897752	25
-0.03204450482774	0.270722016080903	743
0.046065883043687	0.218517433005216	25
-0.028140502390825	0.204956165223261	25
-0.028933988588045	0.285223915880689	227
0.077697591948905	0.166191277785599	227
-0.00973612872461399	0.313831686583135	227
0.110205270021089	0.163237290929212	4
-0.07393450203009	0.295047345970732	227
0.085666468327642	0.145311537918329	4
0.037363977972182	0.217926908595957	4
0.105735029840312	0.145235301749521	5
-0.08813407195682	0.421241417711054	48
-0.073058684576619	0.458761801273921	48
0.100859592021048	0.150246534040839	48
0.061852267896624	0.179127127946065	48
-0.07262684909294	0.367785375176256	48
0.107583142004714	0.11654844736038	48
0.09160326679108	0.178873052398105	1
0.048453261624214	0.177504168983967	1
0.027370210209116	0.083709427566622	253
-0.074703069754515	0.238564575060825	253
0.098202378172955	0.172036564456421	253
-0.041862754557199	0.293273821477279	1
-0.105368928487207	0.401784736785397	396
0.071752742922871	0.200063924205058	1
0.037579243262677	0.0825751637182051	112
-0.069193987093031	0.203435421832222	1
0.049394359951918	0.175834612733488	1
-0.115725968775065	0.433002599560771	476
0.101134821249769	0.107098997965163	476
0.123394667170533	0.147040986538224	476
0.0240225839498	0.153319849672572	1
-0.071869558277486	0.277882415641485	221
0.020621293655029	0.19879345895985	221
-0.038077589807673	0.0984608342885161	221
-0.059606895158381	0.203546174124566	221
0.095459553876146	0.153561347166167	221
0.04294250434732	0.154510142462701	6
-0.084322970531841	0.328824000179388	221
-0.035681416617586	0.279335749283242	6
0.066789262865228	0.129094200931401	6
0.109015005127312	0.0826093611813618	6
-0.069021950839712	0.241270801808509	342
-0.053232141189314	0.270566416995828	89
-0.037902704473425	0.0979451695114842	89
0.093567894697665	0.0654709371322447	89
-0.037450417018744	0.0985460555820956	89
0.025609526562181	0.0838091288138549	89
0.091854647509918	0.0677363470685039	89
0.038709217483997	0.0819489753591244	89
0.00611663390997	0.216128019087864	76
0.086660105153695	0.180903741283028	1249
-0.00759736914394099	0.227983897710141	76
-0.00810723684877102	0.214850374373372	76
-0.10464584708281	0.429600809472561	76
0.040497671583521	0.163963175721808	76
-0.027755126067453	0.208501034674508	76
-0.120433730339772	0.418498624410281	88
0.00934686068468801	0.184550998902748	88
-0.103900666358433	0.339180170119419	88
-0.027561311474004	0.302064724658385	88
-0.024444060535826	0.299266323706466	88
0.090821356184562	0.0674176342232614	241
0.018412534285477	0.132064584056127	241
-0.020010336693971	0.195721567532821	86
0.085458594030296	0.0704861106918886	86
-0.114067469220138	0.324033766985397	289
-0.035210505905616	0.220834297112802	289
-0.106068235784377	0.321125154312113	86
0.042624075563176	0.21736001514098	86
0.033931993145698	0.22571836660604	86
-0.109091038686833	0.496883116865271	86
0.083875723653857	0.164741870635824	86
0.017192295191598	0.252621519321958	86
-0.002637163217871	0.254321504466775	86
0.06701992080017	0.156738640986258	86
0.043933077212042	0.217193376874985	86
-0.029676631287956	0.259656528135435	86
-0.105933825283298	0.164668208894404	86
-0.110347339665975	0.175766077187402	552
-0.075338233267541	1.0214775753662	118
-0.016966770494101	0.490638126461078	118
-0.104717680108835	0.686479653115083	118
-0.026833312211536	0.510521169722109	118
0.044360043833646	0.336141349776652	118
0.032804658784473	0.312797994233904	118
0.108501288568838	0.208847218918049	118
0.024680641376522	0.349925587092564	118
0.10344604877053	0.0910524224683255	118
0.035213195715169	0.243143155676514	25
0.105605481162173	0.148043800575342	25
0.00815672136384399	0.294767724877091	25
-0.025506925144727	0.281307738787263	118
-0.12188383967063	0.492346473133276	25
0.011046889970261	0.24731909670453	25
0.073397740511126	0.16963649586466	25
0.07823894050336	0.169085986747913	743
-0.049276065505913	0.293572789994391	743
0.072134456890502	0.168743850673881	25
0.065443863311412	0.180346847700413	25
0.051199970615521	0.192831177978842	25
-0.114593021474731	0.262201265332142	25
-0.113181596488839	0.170789564601563	25
0.086255320005376	0.165817623970441	227
-0.109202275570441	0.439165712423375	227
0.080715287039251	0.150998839227925	227
0.108909014778381	0.116532286295949	227
-0.09208330608182	0.359293589587698	227
-0.042548119058771	0.268310687618242	227
-0.119938327165912	0.271797763953404	4
0.077153923559325	0.179821704051056	4
0.047938019659527	0.180073067001884	4
-0.018865241453066	0.178917012356861	48
0.119027519678567	0.0956256909709171	48
-0.072640853391149	0.289594748931798	48
-0.057116352482047	0.321164499432107	48
-0.053240520969252	0.273632504979089	48
-0.120239509800884	0.18169644609744	253
-0.042509991977067	0.101934122656818	253
-0.014235653218328	0.173895909772523	253
0.103068289041351	0.126342794050861	253
0.085594174853831	0.133774331646929	253
0.116492630256235	0.123302382528118	253
0.117405596211829	0.0772275408478436	1
-0.036334661817441	0.10048957400549	1
-0.039179528953552	0.0992222010404019	396
0.028454275205353	0.0841132277672702	1
0.116107295949249	0.108828150237783	1
0.039292834818007	0.216526978156452	396
-0.037450417018744	0.0985460555820956	595
-0.013625339264879	0.176626433781002	112
0.08905649063325	0.123244796533122	1
-0.12062437686498	0.275432610608368	1
-0.123088914102802	0.479424493037188	476
0.089645088569364	0.0680799420359369	476
-0.039275805326276	0.241479649382433	476
-0.030050495256059	0.0957453786530271	221
-0.00875148570674	0.173954917483502	221
-0.021850503404922	0.181244118862022	221
-0.119111888255689	0.180899303365201	6
-0.109477504211015	0.33855292858328	6
-0.101777286881949	0.374809099309001	6
-0.00611784237785701	0.239352809009952	6
-0.008385221663395	0.173873954872971	6
-0.043616633641534	0.0999802149630228	89
-0.035781380202666	0.0977859364375766	89
0.010599177553446	0.240170172793814	1249
-0.084675904558072	0.306921544905636	89
-0.043813023384443	0.257071604516908	76
0.065039480546042	0.126878861005059	88
-0.0205668191891	0.194514368403918	88
0.096096422135419	0.111608558438312	88
-0.014124098226381	0.167309898889958	88
-0.00356725127760599	0.217256877488028	88
0.018412534285477	0.132064584056127	88
-0.112824044354316	0.175515859885757	86
0.066310245775014	0.10483023896994	86
0.084809276765218	0.0675310038000734	289
-0.043234763751112	0.153206851243618	86
-0.12235802893285	0.378018187381017	86
0.118730049998211	0.097092964770582	86
-0.120326385867493	0.383028074395645	86
-0.071955031132722	0.240109398630117	86
0.100643377131029	0.119525268329676	86
-0.083251190347984	0.304986076829136	86
0.026748865775633	0.0864957094687745	86
-0.062814408097675	0.775853198134263	118
0.014043518346011	0.487226933590228	118
0.017950033235371	0.415647002964349	118
-0.116571919448968	0.711625223392603	118
0.026695813856771	0.382146012182028	118
-0.11379959095333	0.607746432856857	118
0.008633310510306	0.262715035574767	459
-0.029727522321326	0.307079719805162	459
0.093216280197513	0.113577930918506	118
-0.112212417317235	0.409650982765169	25
-0.092108930314585	0.361782876898314	25
-0.035976429456015	0.315187757904684	25
-0.050162596227437	0.34444605514588	25
-0.015506463631341	0.170253764227939	25
0.039062454565978	0.203370223228199	25
0.092033285437848	0.156499779125211	25
-0.053582591641511	0.296866180387655	25
-0.077382046777045	0.269869656027609	25
0.020832245977225	0.212509774045294	25
-0.031746374737645	0.252319727535985	25
0.0661041782544	0.0996676289694023	227
-0.121318387754485	0.389361468472036	227
-0.029104453959978	0.234196356253594	227
-0.034983087613038	0.150507137730227	227
0.030209555227293	0.169445905769931	227
-0.068477244244333	0.260621800963085	227
0.074633817437027	0.170923411084006	227
0.048076382684538	0.175665826908464	48
-0.056378932468242	0.278457233907351	48
0.00688671929698401	0.19193046918733	48
-0.069390834406166	0.288825419762387	48
-0.054656359221611	0.196794789327885	1
0.106006166050626	0.107004019181713	1
0.114948359697974	0.0984912643384103	1
-0.042549024694588	0.154691611573152	1
0.065301633802618	0.180710325555508	253
-0.069727983210769	0.205074419420284	253
0.110641097825637	0.11485656601111	1
-0.021767143705967	0.274559337813099	396
0.089850632117916	0.129180036798159	1
0.033685038268665	0.0826909760795535	1
-0.118331640000737	0.173689936994635	112
-0.037343287652806	0.100052395781568	1
0.087820048576752	0.0688955958773601	1
-0.121636167771991	0.301557302180222	476
0.093024287066569	0.138186476125673	476
-0.093614038356298	0.337949551172248	476
-0.043085915916512	0.264082146121231	476
0.023578083968054	0.128016152296584	221
0.023578083968054	0.128016152296584	221
-0.093098968064924	0.333223645798097	6
-0.113950692668896	0.176707297794156	342
-0.033669792294014	0.240708447270114	89
-0.020752686754802	0.248811286405542	1249
-0.026991819822416	0.222201699155547	76
0.103066291181742	0.116282732252659	76
-0.014703456276203	0.22585339053642	76
0.004837070738653	0.185565803698559	76
-0.113246240169208	0.26342099108088	76
0.084263750925768	0.0699691499575131	88
0.088455639828229	0.0686406426894939	88
0.065160665267497	0.109201223377252	88
-0.078373169767503	0.266645774745038	88
0.063160973966939	0.106236717774054	88
0.035954743729463	0.0832571614702204	88
-0.075825457283215	0.267758852143252	86
-0.122952918077653	0.2637324690648	86
-0.070277956513295	0.199015330032592	86
0.090030868407556	0.0693206000865867	86
-0.025685859482267	0.212186254820701	289
-0.035904537440923	0.149971053867276	86
0.015086130262182	0.131802097909141	86
-0.115799966571269	0.301576772862389	86
0.021431929005586	0.213740237557202	86
0.100063413414519	0.092432362135546	86
0.010108053049484	0.184370237023011	86
0.034518540255033	0.0835298070606415	86
0.089645088569364	0.0680799420359369	86
0.068917696212564	0.871178429180749	118
-0.104040139387658	1.4894613729837	118
-0.112353561915557	1.24822072487005	118
0.078321300850052	0.289034998886584	118
-0.050892478529664	0.620048348601691	118
-0.121532578449464	0.760168950366328	118
0.066380921770658	0.239795423468845	118
-0.031429006245709	0.297940716016417	459
-0.104118770548832	0.340336064848829	118
0.062483634575441	0.171378415898335	118
0.029865843373259	0.171709334977823	25
0.016157310591542	0.235933712957664	25
-0.117255109736677	0.231656265210372	25
0.016299516269426	0.126534349808899	25
-0.037793073273096	0.24306957010635	25
0.040711543296079	0.165311297799974	25
0.124404720139261	0.0897674533354552	4
0.107318059577233	0.0887402208904685	227
0.092406611658896	0.113428790418149	227
-0.086018490073004	0.27412942564078	227
0.068601223573716	0.127814913323561	227
0.073047660387534	0.140303980389464	227
0.043393865883435	0.161448446194419	227
0.093567894697665	0.0654709371322447	4
-0.10932582151259	0.176468370548125	4
0.111352943963398	0.111508835267366	48
-0.067174127421486	0.205670568605198	5
0.003323691970986	0.192365689643575	48
-0.015368029366299	0.223123049413999	1
0.095137698418469	0.111366662134409	1
-0.122948603135636	0.275575192120462	253
-0.071765295959799	0.235609188056176	253
0.020478127025948	0.155618374487016	253
0.094784052911772	0.109862325893489	253
-0.068278794594503	0.23836044136558	253
-0.035384441373782	0.151130084661899	396
-0.017494089504442	0.1786860007709	396
0.099903648905783	0.0884428333289624	396
-0.110912996048504	0.257845015211591	396
0.098295722282698	0.108711550825636	1
0.097998066762747	0.0603373384245771	1
-0.037135795510813	0.151037758166957	112
-0.01577280641848	0.176576674697556	112
0.103596151997775	0.0904739725402246	112
0.011012981719459	0.128588974376921	112
0.01885399003139	0.128719925314364	112
0.070735779099129	0.125581013702915	1
-0.115748195322847	0.305522168320395	476
-0.046864806391301	0.142596337739648	9
-0.122413960134721	0.222603298457007	476
-0.109330144953208	0.249367164894927	476
0.067163351435843	0.108190474703591	1
-0.116399135236318	0.177232857570925	6
-0.123189764081231	0.23302095659595	6
0.091222702781917	0.114764147651252	335
-0.066943778579922	0.239713432330109	335
0.029804923818506	0.154246875904588	6
0.098271934636668	0.0901840224243002	6
-0.077589594558695	0.248188255104287	6
-0.121532162863503	0.238164096373079	342
-0.03513540617596	0.148720871461971	342
0.019820806836826	0.126013895531826	89
-0.116658663310794	0.180391722950282	160
0.120260033752126	0.0956380587321785	89
-0.015489251897797	0.182132484927406	76
-0.02938442592854	0.143669788155482	88
0.070003657843561	0.106466253369562	88
0.027076174493568	0.121301011052671	88
-0.054540397506021	0.190083022471238	241
-0.004288588130757	0.167302186483043	86
0.066019461946545	0.10833955814703	86
0.032781170706067	0.150237452771588	289
0.103374278700834	0.0882201678627919	86
0.000611241151245001	0.157563284197271	86
-0.051207039285165	0.20772912535627	86
-0.060948118828906	0.197642518892155	86
-0.12151336538282	0.276793087634481	86
-0.066250604653932	0.237804750037223	86
-0.014203718136308	1.72819699448195	118
-0.061908538031902	1.7568294694457	118
-0.031554638911925	1.24437480385742	118
-0.012646274697722	0.976253515637461	118
0.063046337709579	0.510884856136722	118
-0.029626937240749	0.754085532636395	118
0.117234917890626	0.221154631139172	118
0.088792758832045	0.289855331384302	118
0.062859365874151	0.247642943907904	118
0.077047595134304	0.240943216326387	118
-0.023627477053271	0.360197643595928	118
0.115301312053072	0.144222428478835	118
0.066640109682325	0.214007460422547	118
-0.057549554024914	0.435771014056571	118
-0.010583778044216	0.406252427683163	118
-0.108566346451684	0.408930491978712	118
-0.081809370919862	0.37391991503177	118
-0.020849263618626	0.274258789198194	25
-0.075965448001798	0.292541758371364	25
0.041177538433642	0.176669845844249	25
-0.083124296422696	0.320983874486278	25
-0.108447881922746	0.319488193612228	25
0.068164452397056	0.107142076686499	25
0.102427216544572	0.0900843832156109	25
0.123280217499522	0.101185491671546	4
0.122240933471298	0.0930502315233827	227
-0.03196724969	0.219262598958559	227
-0.016037446733706	0.178965394517501	227
0.071052215941119	0.141779487674633	227
0.032352221117684	0.203502450414252	227
0.104049132412872	0.088084611908495	48
0.065978599821959	0.147326381038543	48
-0.117930249548848	0.290072620736348	1
0.018520807709289	0.153710318428992	1
0.082054432432201	0.136165171515151	253
0.087282861001862	0.114365003537812	253
0.103111449228369	0.0916783726058062	253
0.032424309713706	0.150519703604551	253
0.024837673929977	0.156540502814697	396
-0.116881459302193	0.301690181425323	396
-0.065936300974362	0.208495044374986	396
0.062078261017122	0.133512019579573	396
-0.011518537096885	0.222744565363231	396
0.085847506766805	0.0688974235359065	112
0.097724376820248	0.0926746607279535	112
-0.070638777151832	0.240384624203355	112
0.063184958024797	0.108667613593748	112
-0.032588898642223	0.213726638693357	1
0.086493261282447	0.0689783432958266	9
0.069503747353869	0.142414681859542	476
0.084132374195346	0.119136549505875	476
-0.089546361735231	0.303295975342338	476
-0.077205529799893	0.248137130134577	476
-0.024648067759414	0.206897728723161	221
0.033510119497397	0.168017143418668	221
0.102882181721632	0.114663363525449	221
-0.12255322427684	0.266910123613814	221
0.041022052046926	0.160277156597	6
-0.028960955565983	0.207554573675994	335
-0.068555406056802	0.263171714017296	6
-0.116840438445691	0.296049116295673	89
-0.033328840636017	0.216519824735527	89
0.115923842200552	0.0969774426232226	89
-0.095729819688389	0.367835014569035	1249
0.067326845788952	0.127961832817028	76
-0.079499016817934	0.272383359032372	76
0.025253206159498	0.151661870454543	76
0.124353833147592	0.092336452135155	76
-0.105723633435351	0.169575715948803	76
0.091200840961732	0.114221288516117	34
-0.010265985866485	0.170403544260792	88
0.01738399361684	0.13002968908268	86
0.099331023486283	0.090549829503835	86
0.068024450445578	0.12615421768273	86
0.016129362374571	0.131133989323224	86
0.09785469822418	0.092716726105562	289
0.065456353378825	0.111030609890101	289
-0.025927923480908	0.213842897986406	289
-0.059621579862495	0.201131925873996	86
-0.075125888758188	0.248483649643586	86
-0.031689902878358	0.145245070239973	86
0.015899748100739	0.132180495352959	86
-0.123044731328295	0.390191789091752	86
-0.00424750704105698	0.254252593516358	86
0.100439462546425	0.107036585917193	86
-0.119258532743297	0.234210074949702	86
0.105007928656882	0.116708588119052	552
0.103486255250416	0.602719337418697	118
-0.045804580163781	0.915848015423999	118
0.047621014875061	0.533280745058615	118
-0.00628961259322403	0.514895093652962	118
0.065237989522418	0.338562750991468	118
0.018987000031884	0.349728003084685	118
0.020089828542535	0.348650318231901	118
-0.036432589286624	0.336726847963669	118
-0.0546950946258	0.483018480839171	118
0.101403701379131	0.181639828315285	459
0.077182809972125	0.204238035372918	118
0.005851039024383	0.272858284881492	118
-0.041684568360614	0.248015113884325	118
0.021091879232148	0.193358546491526	118
0.095821898487254	0.124236114826586	118
-0.030552355292957	0.223301110526872	118
-0.024954120672967	0.25712168559336	25
-0.075497593254748	0.290609134985562	25
0.099845596670638	0.138246303307076	25
-0.049616220955019	0.317786837397122	25
0.02230978232462	0.202057909758849	25
0.038858028579503	0.164583030113176	25
-0.056904748076782	0.276953760917337	25
-0.113084909295613	0.293299204609072	227
0.034801012181445	0.183152217340402	4
-0.076087712466221	0.299907075451636	227
-0.080191651520357	0.292517112148942	227
-0.048459024639171	0.275961229207003	1982
-0.00133789391705902	0.189238885402847	1982
-0.042549024694588	0.154691611573152	4
-0.109475200690857	0.254974384239351	4
0.100323990236509	0.092337993688216	4
-0.034983087613038	0.150507137730227	48
-0.117500085976507	0.23185117604862	253
-0.120298228368144	0.257056298757938	1
-0.118532296170748	0.274783198394439	1119
-0.116658663310794	0.180391722950282	253
-0.076503955033763	0.246082085481689	253
0.081724499726583	0.113043194511296	1
-0.031185159787929	0.213463848058278	636
0.091753375880377	0.126755506025016	636
-0.120140029095817	0.181916583854437	636
0.020851641458529	0.127987947587978	1
0.094217174489699	0.0668846672946918	1
-0.063110108442604	0.208807506320601	112
-0.030595889516501	0.26135835550322	476
0.095644167199918	0.1111710317262	476
-0.022803714140379	0.209193561830716	476
0.083523042548315	0.117305933884348	476
-0.0333481452442	0.210918823065909	476
-0.040724773468953	0.145828312063351	6
-0.022763524980239	0.180288186193491	6
-0.07536578815734	0.230437907418884	6
0.057008601820199	0.150697093690244	342
-0.038077589807673	0.0984608342885161	342
0.077529394489859	0.0982986135247324	342
0.119695888104268	0.0943425893029819	89
0.016508948952933	0.128429053320529	568
0.095388058377609	0.0643984244103002	160
-0.110789889558079	0.174887743481813	89
-0.042368811329343	0.150913777625816	76
-0.04329508425016	0.155082966389517	76
-0.065177248658278	0.204041562117568	76
0.020914370996193	0.127830692074862	76
-0.017694587165056	0.177194374275184	34
-0.123806224858085	0.238958044831211	34
-0.110442081544072	0.324308549249905	88
0.024399814133723	0.125510370619078	88
0.03175463165624	0.0820715723339266	88
-0.069875123870368	0.242373053455854	241
-0.03048245163484	0.214068025332416	86
0.029983653298295	0.148009055372623	86
0.068745103076212	0.129371425400536	241
0.022936040578764	0.126735407564073	86
0.060810505061288	0.106048511794902	289
0.03450335107063	0.164372403350726	86
0.113515997026209	0.0813444086146781	86
-0.068278794594503	0.23836044136558	109
0.122067129951512	0.0899363525804184	86
0.063358582766281	0.133554040423677	86
-0.117859943007365	0.22955546435368	86
-0.065035559920397	0.207266323331744	86
-0.031659944997541	0.217289249987829	86
0.109819092379208	0.0831949729747254	552
-0.099696312365946	1.0433415242887	118
-0.045594151749227	0.686254225731877	118
-0.027802570541923	0.433811158469319	118
-0.118313348763946	0.416442833171191	118
0.032545362293602	0.186366100907469	118
-0.106025179381963	0.550769453853622	459
-0.082116821879998	0.61218759001578	459
0.067156090352559	0.147349700591188	118
0.102477157037589	0.145357536035386	118
-0.00699537641124298	0.169827744359407	25
-0.112921144958979	0.174211037270746	25
-0.042386606890551	0.153361750814569	25
0.022536029007688	0.128688183210892	25
0.082013917893035	0.143976353872774	4
-0.118885536057672	0.265639790757426	4
-0.017034862605812	0.176150662532024	4
0.016341327166174	0.130694412054171	227
-0.082465066170998	0.354866282261603	227
-0.117905018488022	0.377648412334936	227
-0.031040813087732	0.330746132930262	227
-0.049798449817655	0.398953821005856	4
-0.049624587052479	0.327878295647983	4
-0.074166863931893	0.316667620374555	1982
-0.030056640314043	0.217741127691838	253
-0.114413287945849	0.291607322827741	48
-0.015209706402455	0.174086092013472	253
0.110499971300155	0.126298570911671	253
0.124463162214444	0.118790962437582	253
0.070445813203143	0.104069701025461	253
-0.124978657731468	0.274244989647395	253
-0.118907229089593	0.258930459949075	396
-0.103480412264192	0.166188395642647	396
-0.059923498425735	0.200226664558511	1
-0.038994523901059	0.150355968057456	1
-0.110498775016266	0.291065343423313	636
0.05292466142538	0.190997129180291	1
0.118083778884512	0.104191950504005	1
0.075509851826551	0.0978325197972828	112
-0.05784440622921	0.196943390628274	112
-0.032689812618661	0.213027814722007	112
-0.077383507301954	0.277049028223765	236
-0.00459110979184901	0.274280174963298	476
-0.036394472121157	0.149750068149212	476
0.036446954359832	0.0814085363546913	476
0.065716835429508	0.158101186247337	476
0.094493974345856	0.125474945552068	6
-0.10114577906995	0.293759714711844	6
-0.10461157321956	0.315841379092963	6
0.067163351435843	0.108190474703591	6
-0.011325500024691	0.242794256237953	6
-0.115993996756122	0.227828414713343	342
-0.037330974472059	0.232373870794715	568
0.105211657639434	0.089318519966023	89
0.099238215608428	0.0916811436215728	89
0.09414077315072	0.112833775236803	89
-0.034934469118937	0.0944173718215948	88
-0.031159069703148	0.0981044391984633	88
0.020814317341838	0.187315380228056	88
0.123028817072466	0.0933186679120634	88
-0.082737312495458	0.326122701155313	88
0.065153894429035	0.14356365192821	241
0.0314462311969	0.0836577550685956	86
0.02153780542073	0.129979623825684	86
0.035737969010553	0.164877515701199	289
0.063214844863032	0.13302194136689	86
-0.037048971634969	0.211051111900695	86
-0.111575745546715	0.177868923317431	86
0.029630488297547	0.15284587298932	86
0.021005982786389	0.156911183314086	86
-0.096709134966655	1.52581097361023	118
-0.051497003274025	1.12329209000844	118
-0.045620559888392	0.598691345375277	118
-0.021135696043504	0.408285237900439	118
0.010019449302446	0.296162612274621	118
-0.029224024721666	0.274143831718397	118
0.016548983123477	0.202106062652749	118
0.049120042852803	0.175923589429905	118
0.097547866498724	0.110989554640972	118
-0.021302323573314	0.200178824502469	25
0.077705429842769	0.153764041580563	25
-0.010609536135666	0.223963148626364	25
-0.035666186345787	0.221254457340542	25
0.070046265820118	0.0975671217900296	25
-0.002148483400427	0.215530140367784	227
-0.117135633018442	0.301319752192576	4
0.084887797391335	0.134357382724993	1982
-0.117500085976507	0.23185117604862	2252
-0.014338238169528	0.181342306207831	253
-0.045670230073037	0.249600042856595	253
-0.058353434996427	0.199630849536387	253
-0.019780795248405	0.179201172551605	253
0.095649828543542	0.112760023212351	253
-0.116524359949147	0.211138079679399	253
0.11364279675418	0.0815400726779843	253
0.036450491451837	0.146942590506754	253
-0.120754558725035	0.234682776242234	253
0.057423311213923	0.10822640674998	396
0.026615660081899	0.149979911703713	1
-0.069875123870368	0.242373053455854	1
-0.090605484059118	0.335058067282264	1
0.011391029826966	0.184970605221562	1
0.094608299411872	0.0626656193936178	1
0.023370064025987	0.0850861587615147	112
0.065456353378825	0.111030609890101	112
0.104189623907418	0.088137153682437	112
0.088204302473853	0.06648034388642	236
-0.113266523868747	0.179280777672671	236
-0.072171884300539	0.241826874289215	9
-0.040831073210723	0.152870434535431	9
0.104984696416195	0.0900484912604515	476
0.123877732406404	0.0918845055265943	476
-0.108786987616591	0.208393967203115	476
0.020282146823893	0.130606433347868	6
0.032061584839837	0.0819477127663829	6
0.030359871817543	0.148908997054822	6
0.124133535965147	0.0922161349352157	6
-0.122948603135636	0.275575192120462	6
-0.071342235362393	0.239370103017611	6
-0.075440110745421	0.242502643766419	342
0.09752790009661	0.0861910170484876	568
-0.036334661817441	0.10048957400549	89
-0.043616633641534	0.0999802149630228	89
0.029506477293678	0.0858373609288333	89
-0.111676815549434	0.177710154760845	89
0.00300639833548499	0.193443896494782	1249
0.107138166710699	0.0859001556276609	89
-0.015672803701792	0.17477158070562	89
-0.073725335636537	0.262880156116994	76
0.060553881343696	0.106986281746334	76
-0.117500085976507	0.23185117604862	76
0.073707389830153	0.0988047223943457	34
0.037512188847149	0.146854051496824	88
0.017942091723251	0.125965638378422	88
-0.114241093556221	0.224129040443185	241
0.090501963189673	0.112870004656016	241
0.06147144420854	0.110591130693771	241
0.026409313111922	0.155685186724897	86
0.02121275189764	0.154674295744469	289
0.063341536770763	0.107950047006293	109
0.066727272193136	0.109911692723542	86
-0.005197940265387	0.167305070109269	86
0.063369394563472	0.132021451243057	552
0.024455811893302	0.147517719643787	552
0.065446538182463	0.108709325197143	552
0.017598456298718	0.128793554623931	552
0.094011350434181	0.594566921231364	118
-0.074613209211359	1.56963067772671	118
0.032911893253112	0.772620465141098	118
-0.101800455122085	1.36530728063739	118
-0.030563360102592	0.4320781694395	118
-0.113415028943333	0.562252630371122	118
-0.00908814000921099	0.358824622474911	118
0.043586470385946	0.249763906315162	118
0.098238370579993	0.177458819946999	118
0.036352143728222	0.18049565255825	118
-0.04864664974981	0.29425492916842	118
0.082670661510708	0.135306580566724	25
0.098237480549168	0.121382414003571	25
-0.107300424789606	0.338746444053194	25
-0.035780196370938	0.252657248284681	25
0.077932550568701	0.147755687915711	25
0.068156548428184	0.129288308863463	4
-0.061839265969447	0.207225712447557	227
0.101594374859749	0.0920470321583213	227
-0.118676154785347	0.274248023113221	4
-0.069035397938035	0.266576223369187	227
0.061104780754459	0.164891574263638	227
0.06761119215495	0.147316720292263	227
0.055746915973061	0.133193725191467	227
-0.065101456596121	0.204872569338403	1982
0.103256912131747	0.0894284047809627	4
0.016943192784689	0.132202216312341	4
-0.079383800710652	0.236812026551995	2252
-0.115649695031045	0.271795463616424	2252
-0.00711861890571802	0.163632108777649	2252
0.10149787724057	0.0907286150730204	2252
-0.033634644319054	0.218448275667304	48
-0.028808039357012	0.215069598368214	253
-0.124315906917415	0.230931785837812	253
-0.11402876864744	0.174441058646814	1
0.02612901273988	0.15216831407146	396
0.022792485029803	0.12839482421975	112
0.07028256974238	0.105129094074323	236
-0.043432150187017	0.249062846460183	236
0.025239909227027	0.155971101526071	236
-0.116807210989991	0.30295446195672	476
0.09739190490117	0.092459615324223	335
0.069697126561934	0.105323158386714	335
-0.06476351232529	0.196493782563238	335
0.097613418784874	0.0635698377985418	6
-0.11710180734093	0.177017015301551	6
0.087026109995016	0.0682088596972497	6
-0.040396868775108	0.151895656561045	89
-0.069036609031241	0.24259204675618	89
-0.042860889330421	0.249540685185483	89
-0.117682810695343	0.334983855297436	89
-0.063841493804494	0.199167802501423	1249
0.08629960875304	0.133038084569896	76
0.064807676774683	0.129396949865163	76
0.10599807024393	0.0996614481686293	76
-0.119931022449282	0.276670160542862	76
0.021894118909299	0.127655643795404	34
0.022330099110082	0.127880721348117	88
-0.012515040026673	0.180014749414868	88
-0.035638702154122	0.146519684497556	88
-0.120544908306843	0.232338985185711	88
0.026268425351989	0.122233038706571	88
0.121238886849801	0.0950409854978252	241
-0.026096834927918	0.137078943399976	241
0.070705801658362	0.106669781956892	86
-0.054422826674939	0.19556976871277	289
-0.019529364404399	0.20227982679884	86
-0.017523880070767	0.19657771306624	86
0.104718317281596	0.0897284763955189	552
-0.117885908363832	0.181539308233536	552
0.114032681219085	0.497400427600132	118
0.077257003164791	0.661555229252995	118
0.054852032826982	0.655739605831717	118
0.081533573682253	0.497953000943407	118
0.012281205167948	0.495791866750027	1670
-0.11758460414923	0.590856644646062	1670
0.124755868004893	0.1521418435149	118
0.095115275619425	0.172213854263977	118
0.056868497762433	0.262848571437048	118
-0.00214069689068003	0.31230204473481	118
-0.048799934906578	0.314163343946913	459
-0.00824363656615601	0.285211600522215	459
-0.030583384839838	0.232519577159299	118
0.00996626960917901	0.188522207971174	118
0.106431217418724	0.0841130452679419	118
0.057587851256795	0.133674526967579	118
0.023899852993799	0.190381222012929	118
-0.068901850535793	0.23240458197387	25
0.030590174000606	0.167115689046481	25
0.062495647953972	0.166870337139211	25
0.04579677625467	0.158672683496774	25
-0.072363349208459	0.328637117136872	25
-0.015836213978646	0.220464867601407	25
0.04211196715592	0.16544239786618	25
-0.117298393790449	0.260522420946321	227
0.098464787538568	0.107545588600878	4
0.072845459613096	0.122766151438107	227
-0.010781348264781	0.169346632302078	4
-0.061839265969447	0.207225712447557	4
0.022237722149562	0.157202715450057	2252
0.032324764969356	0.085014775594618	253
-0.121940422770783	0.277013931835338	253
0.068760162581719	0.105534950115305	253
0.029004527855263	0.0827323611578624	253
0.025018218656027	0.122839100786064	253
0.027900884288117	0.122269355896949	253
-0.063393555808658	0.206816581014316	715
-0.035904537440923	0.149971053867276	253
0.101692378987382	0.089683563644656	253
-0.037450417018744	0.0985460555820956	253
-0.081393712202692	0.24774800350399	405
0.020938575689377	0.081407293696713	1
-0.03864030739062	0.0977108457752417	1
-0.114143078472549	0.173664375626224	112
-0.038994523901059	0.150355968057456	112
-0.115324631688945	0.172642951540356	236
-0.03935925643723	0.150086835791999	236
0.073160583829974	0.124481172941364	9
-0.034634274266494	0.144804897613623	476
0.064423412670392	0.13263154380085	9
-0.085391797534903	0.244862524466142	476
-0.022684306069453	0.207966906984973	476
0.037662961775243	0.079131486685013	476
-0.120031520735183	0.160414684179234	6
0.058917572372617	0.111461254755216	6
-0.119018277411682	0.261451879579525	6
0.023775970434885	0.150736989786097	6
0.102111465540262	0.0879137076690793	6
-0.038520676212472	0.148881225242523	6
0.092640026318907	0.0610978707261857	6
0.059190547717832	0.133844814971852	89
-0.03156171209233	0.259954771931024	76
0.041794561828995	0.163383988711502	76
-0.011505543730795	0.166871323913833	76
0.069020723816928	0.106192462862779	76
-0.00542860531182499	0.171585630476845	88
0.067628464184424	0.127301522366318	88
-0.067421557398653	0.241799821651329	88
0.055098634690922	0.111649848785755	88
0.028454275205353	0.0841132277672702	88
0.029827093190349	0.0855443837267312	241
0.012997994854329	0.131063752834908	241
-0.064072697324209	0.20853448597263	86
0.07441650012448	0.0992917124508436	86
-0.116416703196448	0.260964381285799	109
0.072908515906055	0.591818443939058	118
-0.039878411723247	0.418162856248252	118
0.071004750714444	0.215581711703401	118
0.066019056105182	0.18907346007945	118
-0.061867065318686	0.468268506992143	459
0.123157900402374	0.117829317181487	459
0.028560185582705	0.203355556858694	459
0.09402576153823	0.113357569721732	118
-0.05518268236304	0.275986903572689	118
0.051446074138407	0.148474824990252	25
-0.00403386360736802	0.217180205492845	25
-0.039145452227478	0.218070588201169	25
-0.110704867293193	0.261391750429802	25
-0.011666362195345	0.178884912417786	25
-0.070187113969242	0.237389136741402	25
0.059384880352866	0.107266477286992	4
0.108691435176384	0.0850722627688201	227
-0.033126265411166	0.213746130133491	227
-0.110359348853087	0.256985056932058	227
0.090390377824273	0.113685688097528	227
0.063952120572294	0.13282681482268	227
0.098137548431901	0.109177375814704	4
0.00890661635433301	0.190082378501076	2252
0.091567035823392	0.114698011661688	5
0.102385648925576	0.0898134702235491	253
0.065456353378825	0.111030609890101	253
-0.00951911364346703	0.171550018909907	253
-0.040175219154713	0.147720987441569	253
-0.034149469133788	0.148674580057842	253
0.075530390718253	0.100460162167711	253
-0.110902649723777	0.292516880697066	253
-0.123806224858085	0.238958044831211	253
0.018592754296181	0.128520129638469	715
0.0314462311969	0.0836577550685956	253
0.005767402999453	0.189635548659018	396
0.02024391002878	0.128548336459331	1
-0.113509645112578	0.328085575737819	1
0.02380831677824	0.15418849930447	1
0.070652872092127	0.126949821016007	1
0.088468934070634	0.0681505287957826	1
-0.122007808336084	0.233170483367389	112
0.020829979286389	0.157094103350782	9
0.088848908573589	0.0696786937937549	9
0.065803217265616	0.105281482213372	9
0.087278299254596	0.0687080658224371	476
-0.076312748477916	0.242074769568958	476
-0.068300795178172	0.206270711876834	476
0.096436694546133	0.0629752273039879	6
0.068610888107253	0.125330434005423	6
-0.119111888255689	0.180899303365201	6
0.05466704293319	0.110542852700013	6
0.093032346403046	0.067448723057753	89
0.017155175958986	0.13269280261873	89
0.101400548364265	0.0883513869630558	89
-0.071432938658104	0.245490563146687	89
0.059976503795872	0.129371722792212	89
0.067456885699199	0.108635782903036	76
0.110137232735159	0.101152634873615	76
0.010237561844469	0.183031122028584	76
-0.089230932051531	0.270840010573329	76
-0.114872584432035	0.263682935243863	76
0.105460251303837	0.0883156180232113	34
-0.00694412979393799	0.170070457935199	88
0.110795808498117	0.0854634213564318	88
-0.032832757265026	0.14661278368033	88
0.073436086626254	0.0981682666913684	241
0.093040666406174	0.0671733120880896	86
-0.103480412264192	0.166188395642647	86
-0.109304487454313	0.168154782922087	86
0.021280482537495	0.124060061841167	86
0.015853196596798	0.177308094870682	86
0.06073222556265	0.131510339545271	86
-0.121013997785329	0.266702758274551	86
0.057996758725738	0.654502804007561	118
-0.012534295811773	0.965575268352119	118
0.010641665517986	0.534453969470126	118
0.088683303546481	0.241489790214039	118
0.044609158803971	0.180375373783152	459
0.09787983456347	0.108679794659469	25
0.09731244193131	0.123720468900301	25
-0.069115721932615	0.325396303857801	743
0.021280482537495	0.124060061841167	4
-0.004288588130757	0.167302186483043	227
-0.074613575182371	0.270845321485913	4
0.060468300666853	0.132821056645923	253
0.090834097271021	0.0670397845703292	253
-0.035384441373782	0.151130084661899	253
0.0314462311969	0.0836577550685956	253
-0.122518405939734	0.229971608897375	253
-0.124824238908674	0.237867098360064	253
-0.12294808698228	0.178196571751714	253
-0.108075907165288	0.170723525722407	253
-0.041145476258836	0.150917747597283	253
0.015270961106796	0.182320280988171	1
-0.120695965510529	0.172255226187568	405
-0.040106085879917	0.0990256675498028	112
-0.039741096782999	0.100867367680409	236
0.016357414512428	0.128874858822028	236
0.093427045619638	0.0658936152661343	335
0.022104088327706	0.127371643200168	6
-0.040757115332319	0.0931603188548632	6
0.028127826835431	0.0866066223589225	89
-0.041405672757444	0.101142567173792	1338
0.020685185744817	0.170543391251901	89
0.088455639828229	0.0686406426894939	89
0.018347094773186	0.175241608846129	89
-0.116467303301056	0.29586031703075	76
0.045403983193157	0.174977041572657	76
-0.077565617964498	0.27129739194918	34
-0.087787193743627	0.278458145513101	88
-0.111912399174983	0.174521614223826	241
-0.119540234171189	0.259601137669977	241
0.038709217483997	0.0819489753591244	241
0.029506477293678	0.0858373609288333	241
0.057938422317534	0.111405953614906	86
0.034177595107375	0.165032647525377	109
-0.121567571957702	0.278429371982044	86
-0.080541659036496	0.248160039011048	86
0.084809276765218	0.0675310038000734	86
-0.109557662330344	0.173911207289536	86
0.048172527273687	0.702055520053444	118
-0.068137240659695	1.31637226691914	118
0.06333090106258	0.532403334774382	118
0.00221874442601	0.230562601750365	118
-0.123717329542711	0.277237950503146	1850
0.123776958114331	0.103270639370766	118
0.042900512330962	0.177727619286737	25
-0.033629234932979	0.281479138665693	25
0.02574171349065	0.216107802593591	25
0.102526974095981	0.116431312529167	25
0.103121146883653	0.0882589588312207	4
-0.022407697484802	0.206821505517531	4
-0.076401591814853	0.240611864805331	227
0.057645982786516	0.112253867390861	227
0.070133431976175	0.123154368479571	4
-0.01394029181174	0.163792125953666	4
-0.118155972348184	0.272620291328465	253
-0.013710900020571	0.177734180431007	253
-0.12042835639632	0.220519264120795	253
0.037332136589465	0.0829524662765178	253
0.035650449353322	0.0823857333644256	253
0.031747629582172	0.0848483208395658	253
-0.036589724387222	0.0947047350810355	1
0.037579243262677	0.0825751637182051	1
0.031199616750944	0.0856518567102529	1
-0.065900380376832	0.204163012974077	1
-0.027645539609628	0.0922286927830656	405
-0.115077897917912	0.176890716994951	1
0.058349942574064	0.108077684632742	112
0.016129362374571	0.131133989323224	1
-0.121521888639398	0.272747027838133	476
-0.115175544360744	0.177824561589628	476
-0.119209282047873	0.298233715025105	476
0.037332136589465	0.0829524662765178	476
0.018640556375659	0.128137056476816	6
-0.114305598503767	0.175452615189229	554
-0.113162081417019	0.1815113853703	554
0.032820037553709	0.0815501280992063	554
-0.036361464461504	0.145819851345115	89
-0.110450507270413	0.177690109107766	147
0.088468934070634	0.0681505287957826	147
-0.034113433725632	0.0952093668407896	147
0.028719256626502	0.0833626227972781	89
0.021746940060981	0.08420035688754	89
0.094605108841995	0.0650259267701459	1338
0.090668196120738	0.067872764367876	1338
0.094440814015122	0.112613214621886	76
-0.073303949395345	0.290996566920696	76
-0.071399488689618	0.203586776580432	76
-0.071803235600649	0.244862723087855	88
0.081282940610135	0.069427867342986	241
-0.122844884493814	0.178994553988468	241
0.084271961247091	0.0708414880188827	241
-0.120038153813922	0.179022808330083	86
0.030631722546375	0.0846682819002339	86
0.094422544592093	0.112379772376479	109
-0.041664907316418	0.150523659495167	86
0.014855747528955	0.131430115013169	86
0.031641818537615	0.117415255360658	86
-0.119018277411682	0.261451879579525	552
0.060579401351606	1.17809697841767	118
0.00145340529381499	1.20874398155656	118
0.012991405503065	1.03324013506997	118
0.024693738314512	0.318685682318985	118
-0.063901677646118	0.496891481229286	118
0.022354489524637	0.12540382376618	118
-0.068743354088252	0.371131088188028	25
-0.029041218070671	0.215434420977997	25
0.060216909588834	0.132067819135456	4
-0.07550009880874	0.202741168929883	4
0.024548795041284	0.188656771217658	4
0.122386744217621	0.105922827476921	4
0.06063825910231	0.112672324299196	5
0.10344604877053	0.0910524224683255	253
0.072922766122644	0.122767973079418	253
0.060201724327242	0.111388536429891	253
0.021894118909299	0.127655643795404	253
0.022413440478507	0.156099072508408	253
-0.116897924719972	0.300045293416698	253
0.087292894603366	0.0671052188358263	1
0.056009011348174	0.15062192172523	1
0.061347834450777	0.110224771688401	1
0.091219255900665	0.066722169408396	1
-0.034666801812777	0.0997029697152663	9
-0.039508995936797	0.149988458947545	6
-0.114286038160419	0.182328310624969	6
-0.124674357254052	0.222528343175563	554
0.091207638572559	0.0682922372056308	89
0.014855747528955	0.131430115013169	89
-0.039120545354252	0.0982326823496038	147
0.030631722546375	0.0846682819002339	1338
-0.028081129762176	0.138036958391698	1338
-0.043616633641534	0.0999802149630228	1338
0.021507804592817	0.196776725621647	89
0.113881127996042	0.111250340363993	89
0.034540541853473	0.148885714579641	88
0.039891078671225	0.16440179671421	88
-0.063617045121981	0.230144299283321	88
-0.08000153977391	0.244761541443174	241
-0.036059144076533	0.151154308515643	86
-0.121367687291392	0.181282072219641	86
-0.08521562313279	0.279260681468886	109
0.007762157283835	0.206954750146864	109
0.099767758634008	0.0880251091355542	86
0.030114739032346	0.0818013489117916	86
-0.122585232665591	0.259325655456201	86
-0.112802887859941	0.177889945709836	86
0.09914816506121	0.810578261430872	118
0.07260892432273	0.788615716385657	118
-0.102934298316952	0.522537607273761	118
-0.039210806714704	0.289658336715264	1850
-0.025609776094743	0.300017297302915	1850
-0.102448891328065	0.483390194978075	1850
-0.065402609252791	0.235096344015081	1850
0.05703020932195	0.133513566503744	1850
0.047674728471081	0.18829058378553	118
-0.04329508425016	0.155082966389517	118
-0.039817009506388	0.141063205641401	4
0.097956250004188	0.122808327999397	25
0.097522904337322	0.119396342070423	4
0.094217174489699	0.0668846672946918	4
0.082842946142885	0.0670410529029956	227
0.03742027765161	0.167885830572638	227
-0.00470181276183701	0.170040021427192	227
0.058649223134554	0.16510297899206	4
0.00507769901969801	0.188304867561595	4
-0.059718565143099	0.198737924522539	4
-0.042609264688696	0.264103030969933	4
-0.031551825399589	0.26192686186531	4
0.114229991551309	0.0978644129374687	253
0.071025679050599	0.102418250030633	253
-0.038077589807673	0.0984608342885161	253
-0.024489877013832	0.17860250352884	253
-0.039003215206477	0.100328574963044	1
-0.10673231345993	0.311236446252639	1
-0.109222936383059	0.175582048422268	1
-0.036129823726502	0.145689265983546	476
-0.038768951710484	0.155789952419083	476
-0.066585418024079	0.209908854301853	476
-0.121419538952044	0.269436478932661	476
0.063369394563472	0.132021451243057	476
0.061553593224299	0.107251489964889	476
-0.037693017966135	0.15456792356179	476
0.100793197622966	0.0905011401237496	147
0.03312923238149	0.0800539853475481	147
-0.041405672757444	0.101142567173792	147
0.081269096004483	0.0694401102038381	1338
-0.037108880161621	0.242410460198139	1338
0.021287219282229	0.128548498706021	1338
0.074586996817626	0.169655347801608	89
0.014049986473536	0.201735127213983	89
0.120869839190925	0.0937075709194434	296
-0.076608362523522	0.29527055328706	88
0.011649352796824	0.182239922322785	241
0.089980400501804	0.116057444017478	241
-0.037343287652806	0.100052395781568	798
-0.040844223800902	0.101660915739334	682
-0.121171247802823	0.276587485152383	241
0.120958135480266	0.0949591322036193	241
0.026748865775633	0.0864957094687745	241
0.090030868407556	0.0693206000865867	86
-0.013625339264879	0.176626433781002	86
-0.033669792294014	0.240708447270114	86
-0.017949930565425	0.177910988636345	109
0.059482803711942	0.109750087491226	86
-0.011974621898828	0.176080269451082	86
-0.119207543074038	0.27229471669169	86
-0.095844402141036	0.594220171271767	118
-0.101645555633778	0.544455853026011	118
0.117100862091675	0.122754735546666	1850
-0.038823447217963	0.255116989089165	1850
-0.075873931821641	0.288006079371205	118
0.061407041694265	0.177820505494723	118
-0.08983986852899	0.337983202391395	4
-0.073044445513725	0.321908083277738	4
0.090834097271021	0.0670397845703292	4
0.070632946976387	0.196956875680159	25
0.068925045027807	0.190923278912631	25
0.118435532753122	0.106627551364511	25
0.00900144227308899	0.183860491212949	4
0.028127826835431	0.0866066223589225	4
0.118140403254893	0.096486913612463	4
0.043462513077243	0.163801112041822	4
-0.119622787631774	0.363405288374187	4
0.104219502594053	0.12000480510051	4
-0.023785716372739	0.278028892404413	4
0.055438241580461	0.143698507523907	4
-0.115764473866148	0.333948224956535	253
0.100691366241235	0.123927349090669	253
0.068565562618487	0.172764643930002	253
0.115509095326474	0.0798024696727695	253
-0.041405672757444	0.101142567173792	253
0.012788506827391	0.13206380969758	253
-0.013710900020571	0.177734180431007	1
-0.034666801812777	0.0997029697152663	1
0.036200303569454	0.0835865372794923	1
0.017400557387972	0.124949220875776	1
-0.059376737490588	0.193453210003556	1
-0.055739133214235	0.189313147325748	476
0.062608780838049	0.133334631718284	476
0.02626493813705	0.151515010443892	476
0.088201846573515	0.0672394393988596	476
-0.109168490275864	0.323731867683428	476
-0.112171380304629	0.300419153702293	476
0.02537523060731	0.155280628346641	476
0.034577039649052	0.0828853408353346	476
0.057587851256795	0.133674526967579	554
-0.044176834607404	0.100252958759811	1338
0.12358508126891	0.10452982062027	89
0.051674445516925	0.171513392473162	89
-0.028735175971938	0.273200223376527	89
0.115399346779107	0.10887361517378	89
-0.04691798778359	0.271045811764999	296
-0.074906150207142	0.271671180768152	296
-0.083129676938768	0.31829345988773	296
0.043635371374859	0.180189473067011	88
0.118006342383876	0.0970715602580194	88
0.014754678815892	0.20289188545025	88
-0.035221187230623	0.0996917527572204	86
-0.113718278365003	0.266822651391582	86
0.067456885699199	0.108635782903036	86
-0.064265151155981	0.303569312973555	86
-0.057276774287969	0.199816822195184	86
-0.030613710268622	0.208731661591603	86
0.111782238554088	0.176342276406595	118
-0.061300175895779	0.357286407137499	1850
-0.029486879138084	0.223197278463319	1850
-0.071554374008247	0.261589943118091	118
-0.012473710631602	0.171618669599892	118
-0.063112572913681	0.311256842701159	118
-0.076489749846553	0.375976057500478	4
0.10090345200044	0.0921797448548594	4
-0.105981000309371	0.368434692981193	4
0.00116002053701	0.289885084046059	25
0.093576814668252	0.161419276301449	25
0.053542661369009	0.164859647559342	25
0.117156438240304	0.095773078696504	4
-0.055090728407827	0.19478756559176	4
0.004008203946751	0.223946436200241	4
-0.074027102711954	0.269618983878858	4
-0.117453352470433	0.375215843090484	4
0.029167200704881	0.211354520792892	4
-0.057360838040572	0.303170579902627	4
-0.108815512975205	0.321014256002359	4
0.023968687849498	0.215897034406441	4
0.066348628330807	0.160993149943633	253
0.093287718575962	0.109855119523833	253
-0.121290132893405	0.235729203272845	253
0.098127830324786	0.107528791802608	253
-0.034666801812777	0.0997029697152663	253
-0.115533271976856	0.178217174908607	253
-0.00198817841328303	0.167040794565537	253
0.038717330905892	0.14181850833717	310
0.023027492124699	0.195944294553146	253
0.063054407776059	0.130007357694301	253
0.073835310611893	0.100084206197655	45
-0.039741096782999	0.100867367680409	1
0.084578980498579	0.118217759600506	1
0.10037473818546	0.119766515596297	1
0.083641182322118	0.067637011579115	1
-0.035221187230623	0.0996917527572204	161
-0.074045002878679	0.245237205120266	476
0.018384135634843	0.125137969616491	476
0.085449611535287	0.0701654696624501	476
-0.091058013674557	0.308050325057271	476
-0.059317287709863	0.199872567799124	6
-0.00118614375909998	0.162875012574183	554
-0.11904337387918	0.275302570977406	147
0.101116640144441	0.0908688387150294	147
-0.10818530124018	0.287489346505118	1338
-0.119411195381801	0.25735196254237	89
-0.079513850154875	0.290624999292067	89
0.079882698897914	0.170632537233746	89
0.059405704679265	0.179500284531043	89
-0.108662425240433	0.2814793136302	89
-0.042280271352891	0.265017541011807	89
-0.006739655098636	0.264554282260455	296
-0.034110007668423	0.0965434778636971	88
-0.114058895461551	0.267870166048892	241
0.030711190716744	0.149987023703222	86
-0.1209152443162	0.228533098770539	86
0.096900588659154	0.107554473374791	86
0.065456353378825	0.111030609890101	86
-0.030793978226643	0.142391886167731	86
-0.008888352129443	0.176327959172879	2211
0.030648357151989	0.0799863747474367	86
0.036200303569454	0.0835865372794923	86
-0.065374814407053	0.724010744428614	235
-0.020750300112576	0.417041714788751	1850
-0.016277614294174	0.158018589144437	1850
-0.11834386737698	0.412093032951017	4
-0.025074696335495	0.2543021968448	4
0.10470511966897	0.141842243076229	25
0.076638286472375	0.203301320771539	25
-0.111119332053906	0.527055460354906	25
0.07988974001931	0.187292031161412	25
-0.03612667421586	0.303824485371826	25
0.094226252835513	0.0661305133209542	4
0.096506444548097	0.108654888026571	4
0.073675756545176	0.137147822347805	227
0.070990929600677	0.106087366912551	227
-0.078430946518732	0.245195967689857	4
0.102741456573764	0.126910443730187	4
0.096158045817684	0.136065627073329	4
-0.06354242966526	0.198501538471078	4
-0.047805409235274	0.276420142633896	253
0.093196566784557	0.0644431852428494	253
0.038957865125355	0.080262206826289	253
-0.053784044965999	0.191733846866877	253
-0.042509991977067	0.101934122656818	122
-0.036334661817441	0.10048957400549	1
-0.00503725266114002	0.220096755463513	1
0.099259202573439	0.106790859393298	1
-0.119185287283375	0.306881910741061	1
-0.03792648108415	0.0912369383468257	1
-0.123154668861004	0.227911130439915	1
-0.121822183213178	0.331498645946117	476
-0.118112899593426	0.306827724337335	335
-0.10626282594791	0.248601926123572	6
-0.033169762927186	0.14892608196591	554
-0.045949637753264	0.0993208974835679	147
-0.072281578964529	0.206707545248716	1338
0.117998229345077	0.121818049639651	89
0.084715400253537	0.145986913790355	296
0.074792168664369	0.139529686290224	34
0.023091312280044	0.19374283071012	34
0.098289125944496	0.105049177929775	88
0.040171346726126	0.167328766231016	88
-0.115748023850002	0.218762012318032	241
-0.015171009835382	0.173224069600153	798
-0.036888952753567	0.099347238411251	798
0.083489068144688	0.0679759085186832	88
-0.031711399386998	0.0964972843217709	241
0.067840471687066	0.127463457410257	88
0.013689819582018	0.130581843560532	241
-0.038130134208725	0.148495537712441	86
-0.105465808740856	0.280004001236164	86
0.093040666406174	0.0671733120880896	86
-0.117255109736677	0.231656265210372	86
0.023669665208369	0.154861852756858	86
0.100825247141407	0.104621795452843	86
-0.022796135956267	0.177265618568462	86
-0.058790787296605	0.294258128247718	86
0.026945042147076	0.172457234601055	86
-0.073289558421321	0.240965760349607	86
0.01244066331937	0.131665084760355	86
0.107860300513438	0.0870985121710032	86
0.102598467159125	0.426023964694627	118
-0.041488577803334	1.08402343835015	1850
-0.118040330835385	0.895357192935821	1850
0.113546373537939	0.165703178397422	1850
-0.06972419051776	0.242295800059814	1850
-0.043570380990664	0.240839208558721	1850
0.099937396552938	0.137222765772971	118
0.015916276974673	0.200118503680824	118
0.038375695273959	0.235734416672415	4
0.117954521435388	0.108896040038022	4
0.089607569179462	0.15663472025618	25
-0.092836568983471	0.338855344692233	25
0.068675685030203	0.12685486704262	25
0.02418736577387	0.126119700976863	4
-0.034666801812777	0.0997029697152663	1542
-0.078620940829923	0.277894536948141	4
0.092058476849218	0.143062175071727	4
0.068961578188418	0.144435524883173	4
0.069977596286067	0.105758596314607	4
0.088068180063078	0.0657151940782527	227
-0.021747007306005	0.202068142326485	227
-0.019303769658708	0.201246264472166	227
-0.122308426399112	0.271189970565465	227
-0.122548970663652	0.238308480130202	227
-0.121028938963788	0.227132989928011	4
0.124262568469423	0.0919338567772821	4
0.102790102326987	0.119195726009283	4
-0.027289051258607	0.224913324783377	253
0.104099168439292	0.113104701641346	253
0.047021189015851	0.176629931731372	253
-0.031689902878358	0.145245070239973	253
-0.034174576417882	0.212973492796916	253
-0.117537581110539	0.264142977963662	253
-0.068648640451327	0.242881106950551	253
-0.037135795510813	0.151037758166957	253
-0.118093708159957	0.228463732225231	253
-0.077494717035761	0.300265970172644	253
-0.061491295702321	0.203703842286523	253
-0.040303690539138	0.0979933554871614	1
-0.121150217725647	0.230540497070175	1
0.0991476689143	0.0917829629433075	1
-0.063111896711409	0.19436572021946	1
0.030899904209076	0.144403109958237	476
0.067998800288617	0.129180821482289	476
0.033943777459511	0.0826846560772573	476
-0.035036406360162	0.0943842436968129	335
-0.115077897917912	0.176890716994951	554
-0.035384441373782	0.151130084661899	6
0.085850466394744	0.0684894365294321	147
0.035954743729463	0.0832571614702204	147
-0.114048065654676	0.176623779893235	147
0.067764196293051	0.106589972093927	1338
-0.045380985853846	0.0982484663067579	1338
0.024214973449867	0.192686079946572	296
0.014683762689519	0.13181515634324	88
0.094217174489699	0.0668846672946918	241
-0.034828470786026	0.150081424771237	88
-0.03968700452328	0.154256465120477	88
0.035065169335812	0.0820746547568553	86
-0.036899282264465	0.145789722815282	86
0.020008635014964	0.212372397614802	86
0.00715036506556699	0.190407691741405	86
-0.00973346156936899	0.173677412004401	86
-0.11942596806886	0.294396596277714	86
0.025228172536769	0.124566814217739	86
0.101116640144441	0.0908688387150294	86
-0.027645539609628	0.0922286927830656	86
-0.075394665937853	1.15988099504582	1850
-0.032065599570436	1.04136561135929	1850
0.038546839395601	0.267847228501637	1850
-0.077388647970611	0.450274625556471	1850
-0.00242008146066602	0.25794736731754	1850
-0.119415703127229	0.377626119073085	1850
-0.108750176113573	0.371949217000542	118
0.065562840699451	0.183701216069589	4
0.061272369967588	0.18233112478665	4
0.110815409460375	0.146539933172011	4
0.027839544392089	0.236200597949382	25
0.00940137090714299	0.222098478809831	25
-0.019374842680014	0.265341717091188	25
0.074628084461501	0.172504014903589	4
0.048014417227895	0.155857763855017	182
0.049881127883124	0.16866479453433	4
0.095534295002182	0.112060503218407	4
0.063078812215189	0.146575133945245	253
0.025082696716343	0.123603213198364	45
-0.048718640865148	0.0934524974674831	122
0.033384338727619	0.0837178281943874	1
-0.025772657344013	0.179138882039812	1
-0.122059801455192	0.276700140523353	1
0.116746702900588	0.107612604538084	1
0.067741338739118	0.107803491265076	426
0.039963025986477	0.16540601619345	476
-0.03835111272783	0.26007859059513	426
0.114904984589723	0.0990317758090764	476
-0.116576338560456	0.26426033319273	476
-0.023504221508815	0.209305012634609	476
0.086635044080705	0.0698099487664053	476
-0.037444253864463	0.0944657108433005	6
-0.067340549799617	0.197457073372399	6
-0.107668094235778	0.276131287708887	6
0.058117068184262	0.13658746254325	6
-0.058883865360503	0.204210549599248	554
0.029827093190349	0.0855443837267312	147
-0.022753137228157	0.276133549142212	89
0.119027965026844	0.0963353146799177	296
-0.119382760467667	0.307979559521991	34
0.06502916237613	0.107641828122701	88
-0.063784807798851	0.235909936724927	88
0.108183639185053	0.116013825068778	88
0.095205501692015	0.113008929932105	88
0.093174223059659	0.0640583948818011	88
-0.121367687291392	0.181282072219641	88
0.10707309751911	0.088071337647818	88
0.094210150681308	0.0664471867554923	241
-0.10932582151259	0.176468370548125	86
0.027512068724107	0.153435854571386	86
-0.06012251164859	0.202819240882451	86
0.065264061477256	0.131303788100856	86
0.065282766228893	0.153150494277406	86
-0.111529323706726	0.323803373662193	86
0.090532542850218	0.112768469489143	109
0.11948340203426	0.104838138678155	109
-0.055159190359835	0.193951315272558	86
-0.079859132597001	0.270298619211901	86
0.091207638572559	0.0682922372056308	86
-0.011684074888279	1.39469726876567	1850
0.047632081207288	0.558092637881166	1850
0.057150030288449	0.622471393449667	1850
0.024557974811875	0.82736056160122	1850
0.037033519796823	0.467516391443684	1850
-0.064879340742039	0.559418471052466	1850
0.071402462146632	0.220122081229452	1850
0.099332611903414	0.109433252848669	4
0.046861708760142	0.178321123191057	4
-0.08265152716675	0.41191634900555	25
0.00716630818456701	0.265809845403461	4
0.092947170994453	0.16757780026851	25
-0.00455327240991899	0.214240872198858	4
0.058533730813034	0.149178621237136	1542
-0.116658663310794	0.180391722950282	1542
-0.111912399174983	0.174521614223826	1542
-0.028828785134233	0.306701216952948	4
0.019012904007244	0.215243526266127	227
0.117721510465688	0.0971273253984662	4
-0.030688594862248	0.21744682441287	4
-0.083676016447695	0.326584537757773	4
-0.056531715182496	0.302054267863567	4
0.074738051823456	0.153929445532866	4
0.102754317757779	0.133746261136121	253
0.001183183280064	0.207139594032299	253
-0.020666780856444	0.178815518029342	253
-0.058353434996427	0.199630849536387	1
0.095486745199614	0.121880847411389	1
0.036780053915423	0.0798657149562202	1
-0.033000027866874	0.0969845561461558	1
-0.030298813918442	0.14390424467444	476
0.044802110497294	0.179675284279	476
0.039785103772294	0.0750425128358206	426
-0.026466865211462	0.258075346392034	476
-0.044524492322549	0.154310614755688	554
-0.061363575545033	0.24973998083905	1338
-0.019611876910009	0.251261671077064	89
-0.031072961773832	0.216946694025638	34
0.08817487539589	0.137752149463282	88
0.064792583389073	0.132454344606811	88
-0.077028663648016	0.240174954332534	88
-0.037902704473425	0.0979451695114842	88
-0.079013364033279	0.269145646906577	88
-0.12171672296261	0.270266147463356	88
0.00806371709801301	0.186341454462722	88
-0.045781698587755	0.149391748972064	88
-0.114631413366075	0.213296251796214	86
-0.041472651117584	0.15388680873237	86
-0.107778048503722	0.286918069490707	86
0.086101074870374	0.0676484668801097	109
0.113389417797181	0.107970616824877	109
-0.00540592182025401	0.216655303411795	86
0.073047660387534	0.140303980389464	86
0.034038427916644	0.0810473908471871	86
0.039398778786405	0.712245846362273	1850
-0.051121197019592	1.36986113165219	1850
-0.048577047042767	1.38894395496835	1850
-0.084905833750862	1.22814403450996	1850
0.041568580870596	0.465193804851204	1850
0.080985682043966	0.371586958240623	1850
-0.014934195102797	0.659507586732654	1850
-0.052239177804539	0.299339538116098	1850
-0.101818146681991	0.388846755197762	4
0.046482470447875	0.212421020960671	118
0.066889380924395	0.222895097447612	2109
-0.016687107459408	0.178359396658564	4
-0.044200926928433	0.369301483768344	25
0.03804786749194	0.213546458552057	25
-0.122548970663652	0.238308480130202	1542
-0.027645539609628	0.0922286927830656	1542
0.066718102258741	0.146781859676389	4
-0.06564487784051	0.312660322387768	4
0.026603725689796	0.155576294552804	4
0.00575501854056701	0.228563302735557	182
-0.059053864703522	0.299684100883717	182
0.072488029349513	0.136696196798004	4
-0.00973346156936899	0.173677412004401	4
-0.022378544064445	0.208292960426376	4
-0.119749309480484	0.300390300215667	253
0.112371630317153	0.0816107679136481	45
0.0922485696607	0.0662500472311415	45
-0.034666801812777	0.0997029697152663	1
-0.00532578277214102	0.215359130509049	1
0.023503188708155	0.191968546120345	1
-0.12079985234407	0.265155095316012	476
-0.03078007600009	0.0933032910516184	476
-0.123629118730202	0.353933025414546	476
0.102865404884568	0.0912157413683942	476
-0.108323409570228	0.316960442761779	335
-0.035781380202666	0.0977859364375766	6
-0.122510585096151	0.298644042519802	147
0.061997639431236	0.15031041101859	1338
-0.000551231901960991	0.212444107820348	296
0.123667494635617	0.0912449218202328	296
-0.112763032065412	0.356210751143502	296
-0.011830162583549	0.173765389597197	88
0.032562239926853	0.15022899639284	88
-0.031888903821783	0.0962298133777609	88
-0.080440189039421	0.302458030013246	88
0.108049383342441	0.0857969592683935	86
0.06347315134836	0.111235999956934	86
-0.020075467620117	0.182928323796028	86
0.028574490179404	0.155651192568388	86
0.061130531539547	0.14730611008631	86
0.021287219282229	0.128548498706021	86
0.08463121367516	0.727483317643365	1850
0.08127121334762	0.78653214986321	1850
0.088731248629027	0.608599748900037	1850
-0.044150147794154	1.25248548830856	1850
-0.106635245483809	1.17637251057501	1850
-0.105802963093692	1.16030801377356	1850
-0.101422935205363	0.772803138797276	1850
-0.113416998193247	0.77172351901853	1850
-0.043126185870647	0.290944930175284	4
0.091280162840124	0.170150172891996	4
0.007585990738431	0.276877934648907	4
0.023498910120109	0.287894838301926	4
0.092912801955195	0.19240923321742	2109
0.026041183996084	0.240012612128292	2109
0.08173226858945	0.187650444436126	4
0.117555198932219	0.106320418048562	4
0.103264292962591	0.14740604151429	4
-0.034948135316224	0.336647881305229	25
0.016151188459072	0.233446444961	4
0.116359321932296	0.109653368811922	4
0.043097818668931	0.200071362168914	227
0.017602041445119	0.254697541735879	182
0.113721285902741	0.111047406492286	4
-0.059524773275493	0.327853860628404	4
-0.063784807798851	0.235909936724927	4
-0.00582720748671101	0.214254156512395	253
0.070293868641367	0.137685730987069	253
0.069027506683319	0.104043996290723	253
-0.079251974381112	0.238479891610975	253
0.057097342020201	0.168478170202265	4
-0.015775513995249	0.225512046356593	4
-0.118474867561819	0.301912778063912	45
0.097613418784874	0.0635698377985418	45
0.091207638572559	0.0682922372056308	1
0.098320843954049	0.131551176002949	1
0.109323073716661	0.0857715180047437	476
0.035402591963392	0.0811033342417626	476
-0.032336769959406	0.216450472946717	476
-0.00882052605309303	0.173060838795106	476
0.085458594030296	0.0704861106918886	476
0.00613534387902501	0.185562420054638	6
0.037332136589465	0.0829524662765178	6
0.120917010479836	0.118900780847746	6
-0.023590085985942	0.208033546715094	6
-0.045268994606699	0.27056518005217	554
-0.042583867184741	0.248865078579732	554
-0.112921144958979	0.174211037270746	147
-0.036334661817441	0.10048957400549	89
-0.120580853260765	0.175539691567547	89
0.034821046777471	0.0838903568248648	89
0.115710379958686	0.111237278692075	1338
0.023403105972139	0.150366750329567	89
0.107143182568603	0.131320116263679	89
0.118060723685337	0.106281347159843	89
0.039263547879621	0.183820665151386	296
-0.045522519550359	0.266441562694795	88
0.099559329859712	0.115219311614509	88
-0.070738825713289	0.289179102713784	88
-0.024595045264099	0.255323816832902	88
-0.065806383762128	0.233148662396089	88
0.102528641775801	0.0906990539775441	88
0.091854647509918	0.0677363470685039	88
0.073314887286334	0.139149772761848	88
-0.122133994552783	0.227244061932497	241
-0.042870949880338	0.248847925392694	86
-0.023329036517466	0.275441603790795	86
-0.064809409574666	0.19941556920929	86
-0.05712197880593	0.274247485413846	109
0.064195888778819	0.133443120123116	109
-0.06637092678588	0.197202648951221	86
0.0225784563204	0.127646848378267	86
0.062328569597896	0.852175341301485	1850
0.019473389241129	0.774605927105013	1850
-0.071324345780845	1.2201370841257	1850
0.087168618845207	0.352225910787007	1850
-0.028246069094992	0.738129921153471	1850
-0.00240522135217502	0.478806869616345	1850
-0.042813654502468	0.664125542318295	1850
0.020776467073221	0.463360914841122	1850
-0.115972357839918	0.661263948384363	1850
-0.076232977463591	0.54017415132915	1850
-0.110215727120327	0.575562055226585	4
0.011085623318732	0.283808185125907	4
-0.00255531602473602	0.234359905488704	2109
0.023120053287277	0.236315312856164	2109
0.007894704936075	0.248732649033229	2109
0.095687251567246	0.225706669218846	2109
0.08378666699914	0.135126377278668	25
-0.02503460088118	0.177778259963778	25
0.022905562197266	0.206168349265387	25
0.05750256640829	0.1350564545727	4
-0.075049126219052	0.27409842868489	4
-0.019730466284405	0.327767402028953	227
-0.023688988424955	0.278814335725862	227
0.038510853500845	0.162250941034799	182
-0.075231008405329	0.245183471631984	182
-0.089571051206315	0.442921647259204	182
0.012788506827391	0.13206380969758	4
-0.115430151041409	0.177559559799132	4
-0.109654313672586	0.257926734257677	4
0.110254634941952	0.0855406940826241	253
0.116275036884732	0.118402855494279	253
-0.076786355353418	0.239296530884005	253
-0.032145276391513	0.21705319120544	253
-0.113508435306406	0.373845785675477	253
0.094711452769719	0.12505012833355	253
-0.054021078607584	0.301051855065517	253
-0.02358271112535	0.17682687743568	4
-0.105814863186369	0.31535303828109	45
-0.069610754021702	0.257703451566708	45
-0.018260940626411	0.181440005522664	45
0.069748946789063	0.103436602627947	1
-0.021649168941791	0.27151328030236	1
0.063327945908901	0.104653216379007	476
0.067929677091832	0.121566547162892	476
0.100079671539627	0.0899863601214372	153
-0.109260904144207	0.325075513270372	476
-0.124203789876053	0.231165673371288	426
0.05802262164335	0.167248767287001	476
0.040323136649005	0.165953288023376	476
0.052703529015726	0.151572362551713	476
-0.012736032227974	0.217624455513264	476
0.100298363775589	0.116802134404732	476
0.045833307152298	0.159792836147194	335
0.065632835865597	0.10365921517923	6
0.089194209735632	0.113287291634952	6
-0.069869780024964	0.204284496086535	6
0.12196317953506	0.0940534219671184	89
0.087026109995016	0.0682088596972497	89
0.066246364037944	0.131488798490894	89
-0.121422657632215	0.269250583834416	89
0.058316901084835	0.132121759545882	89
0.104382285847644	0.0908412864918794	89
-0.11802101342479	0.227051637045341	296
0.021686634647871	0.126302364081135	296
0.02274477431156	0.127613052652558	88
0.035842523652591	0.16927402089139	88
0.027566066254976	0.208133146238275	88
0.045714655506482	0.132633459723597	88
-0.010397856630516	0.177402796600759	88
0.086879552189216	0.11727987037996	88
0.070839810094561	0.101798565398567	88
-0.07722091000215	0.296965298232713	241
-0.072026950452646	0.269114018649687	86
0.084271961247091	0.0708414880188827	86
-0.086399891086439	0.306485153850548	86
-0.068648640451327	0.242881106950551	86
0.058085456332907	0.146519244126479	109
0.089109686042093	0.136955958908872	30
0.073996067094822	0.122733744923817	86
0.094726751840287	0.123369811814796	86
0.026409313111922	0.155685186724897	86
-0.036129823726502	0.145689265983546	86
0.039916541972564	0.546400109976676	1850
-0.063438528544306	0.575652122360289	1850
0.01513184039139	0.325204540746336	1850
0.116649166663277	0.193242008172426	1850
0.05429675970172	0.305277322880242	1850
0.075843454601868	0.293399589792672	1850
0.098534853391169	0.230206538434941	4
0.058025122007627	0.20340875801504	4
0.121269203081173	0.174055930465952	4
-0.116556623629117	0.376311978430632	2109
-0.066643636498426	0.314799999101632	4
-0.118924384030437	0.306821379875754	2109
0.072703914905476	0.124931535183877	2109
-0.08038208470858	0.239161561243326	2109
-0.118877977643291	0.230235955297894	4
0.068283508987068	0.127726235478977	25
0.063722620365634	0.165018914925046	25
0.094048422992623	0.111588602032585	4
-0.037027603110058	0.258216187876146	4
0.068054150544258	0.103020757059709	4
-0.037508109873758	0.365858561271956	227
-0.055414425370198	0.276360948096628	182
0.107610335929797	0.132582031810376	4
0.031035964702535	0.152069413061133	4
0.012184278982962	0.211395346095633	4
-0.065706791518554	0.30985326785104	253
0.02153884428396	0.257551189502217	253
-0.00446462230689498	0.246390378016192	253
-0.00147266447997901	0.215611270296131	253
-0.069656351228047	0.258189397780577	253
-0.071831987569198	0.293245913208344	253
0.101440862990533	0.119227692988493	253
0.096202048261843	0.137166278500941	253
-0.115856263312971	0.169415463658917	164
-0.10969694797215	0.3671162387233	45
0.058367650281117	0.135165058368265	1
0.096732818767755	0.0890326816513472	1
0.011635051749027	0.206086117327152	1
0.102210712805386	0.117657147328007	153
0.121638377644705	0.0924442446553616	153
0.03851633479937	0.199399280610142	476
-0.044244141828869	0.315303101442191	476
0.062467461591805	0.143561664534564	335
-0.120814199374266	0.386861381414315	6
0.063831882849299	0.126596797064523	6
-0.078006114904564	0.261253483053417	6
-0.017117057518536	0.274962906188562	6
-0.09834525028411	0.294482616578926	89
-0.047559516512519	0.273206803640401	89
-0.116157582757777	0.361807260337208	628
0.090802023544919	0.0647489136191031	296
0.028704675585451	0.152505868453675	296
0.035065169335812	0.0820746547568553	88
-0.064352558248549	0.208120922208503	88
-0.105961011040899	0.403942163307761	88
0.016336998011325	0.202133942349434	88
-0.084761626059522	0.273163031459846	88
-0.114499341895304	0.260556486900148	88
-0.118905438957173	0.272803838864663	88
-0.049486214135668	0.24616563179546	86
0.098486613506197	0.109244817110831	86
-0.070754878735207	0.227352317770467	86
0.098916317325344	0.105850537886408	86
-0.069166968107363	0.360126954534045	86
0.123071734115948	0.0930262340071472	86
-0.052800605216364	0.273646348243431	86
-0.123992179785985	0.280707266279338	86
0.069565323437326	0.124298850586344	109
0.102448091254601	0.0899847932330648	109
0.012459149391311	0.205577592740273	30
-0.017232665511206	0.194923563669291	86
0.116080536230558	0.440230621030006	1850
-0.123416977348906	1.14949084128936	1850
-0.0000486366085860057	0.269274775610316	1850
-0.109785648380089	0.318856535306567	4
0.089132555614114	0.13064877234967	4
0.07025276778742	0.186054915928282	2109
0.017650260187998	0.290188573679106	2109
-0.092755598467209	0.492170140057494	2109
-0.081537854907779	0.300554416148302	4
-0.044614528926971	0.316401227479262	25
0.024179802309233	0.215755628264352	227
0.023967502680249	0.157224770756305	182
-0.117339662077677	0.307973365421312	4
0.069647836107251	0.158200327973269	4
-0.008014447250067	0.221768283124936	253
0.093184373178926	0.0651994454986154	253
-0.023221171788565	0.177213003157927	253
0.077409236677058	0.137736440672052	4
0.09735871265012	0.0908838904288632	4
0.074254112740476	0.0969462203547553	45
0.023786430300103	0.127612430024662	45
-0.033554504638585	0.0989113001367016	45
0.029506477293678	0.0858373609288333	1
0.043763875179505	0.181228453464135	1
0.088848908573589	0.0696786937937549	476
-0.06275766773723	0.202156434270297	476
0.031775014492707	0.145570781121146	476
-0.062354093893471	0.205367836286278	476
-0.115618198906116	0.177867309854093	476
0.068611169628334	0.128487770349282	476
0.081269096004483	0.0694401102038381	476
0.029087494245689	0.150280670459324	476
-0.032969450055485	0.213157577034206	476
-0.116743837704877	0.178653450589112	476
-0.02325722839505	0.208804100852311	335
0.11525508062293	0.0799731721357095	6
0.108733314914098	0.112258525055221	6
0.06133845940668	0.108731859223913	6
-0.071490016572692	0.243159925801208	6
-0.034983087613038	0.150507137730227	6
-0.123238502164084	0.301539770142339	89
-0.111304664104365	0.291512540752642	89
-0.006444344079512	0.241636024182018	89
0.073503445186065	0.140830860626381	89
0.024158933407949	0.211089594131315	89
-0.046511703284359	0.246018679076883	296
-0.032969450055485	0.213157577034206	296
-0.073460771562798	0.232123041291401	296
0.04083751176432	0.184367582452666	296
-0.039656448544364	0.147909538689437	88
0.00592268418827499	0.188060053034302	88
0.089980400501804	0.116057444017478	88
-0.117624022090362	0.225281197344105	88
0.032883247237533	0.0836858719890332	88
0.119428313322322	0.052025304156181	88
-0.00123591175455801	0.237163852095737	88
-0.11495973176661	0.301037607106127	88
0.10289688212513	0.0856309424056992	88
-0.052778475794029	0.185283998081652	86
-0.117899325418095	0.224607218715296	86
0.021311881589031	0.198737690323494	86
-0.041145476258836	0.150917747597283	86
-0.03196724969	0.219262598958559	109
0.087816339863973	0.130665349853149	109
0.064033103619259	0.128872741475942	86
0.021864206411331	0.158579544689601	86
-0.081756458665624	0.301541761331672	109
0.030554571147942	0.211191808067587	109
0.070032884211188	0.125563571456533	109
0.088735666995713	0.130729801296013	30
0.090810661878553	0.0667523385946533	30
0.118115025597677	0.426623043084651	118
0.081809606835514	0.456074867233252	118
0.031141837522694	0.58544567230284	1850
-0.038314586092146	0.848193295123078	1850
0.117455666196459	0.215533554135512	1850
-0.023692889427808	0.427846418790311	1850
0.115366242358993	0.0983177138308464	4
0.015167287635412	0.224552690518335	4
-0.117424780368919	0.383779767090238	4
0.070568834202026	0.174787630820501	4
-0.110131228209265	0.603956494615027	1850
0.102831111751044	0.169476430269196	4
0.108335346208282	0.179267073486891	4
-0.115825520460694	0.410760618782763	2109
0.00745504809957601	0.241210781452809	2109
-0.080807356536552	0.300239816289359	800
-0.036144965370054	0.228456756675831	800
0.085051721269895	0.144888508686025	4
-0.084210021911273	0.337309713837644	4
-0.072967112429282	0.293366698815825	4
0.021761007491948	0.211307761602725	4
0.060078791644711	0.108025629126399	4
0.00647213485582099	0.223993986981945	253
-0.042491912385501	0.292912583960583	253
0.037980865494777	0.166259650512364	253
0.071977899364041	0.105202540518848	253
0.030917523687088	0.157441972787678	4
-0.056652816425309	0.201185099157709	45
0.038461644295732	0.080673971622883	45
0.102533718081136	0.0827499441131666	1
-0.123930350335926	0.235804422562911	1
0.034518540255033	0.0835298070606415	476
-0.042018997701377	0.247389981580255	476
0.092009180208191	0.0663873643346392	476
0.086891837835107	0.115223705016582	476
-0.063721157544479	0.204893371540316	426
0.092022665974438	0.0650723374303173	426
0.00000950569602600759	0.210334726647513	426
-0.116485927000736	0.229206254137163	426
-0.016334858067764	0.242866532214225	426
0.089944714840591	0.11599029825124	335
-0.03324253284341	0.217802060642061	6
-0.014407854764826	0.172533428959365	6
0.086493261282447	0.0689783432958266	89
0.037332136589465	0.0829524662765178	89
0.060477280772436	0.110448824256465	89
-0.109260904144207	0.325075513270372	89
0.065446538182463	0.108709325197143	89
-0.111142319005247	0.369392688252717	89
0.042228301572983	0.180017410711471	89
0.115260905966064	0.110939016283723	296
0.124644622349893	0.0899045108424946	296
0.101134821249769	0.107098997965163	296
-0.074288243772347	0.272071653170747	296
0.093018777459453	0.108607250091601	296
0.093520157175389	0.112172659876565	296
0.061748830757872	0.109086907033523	88
-0.123057004383544	0.226094526337491	88
0.105256731946788	0.087727495661001	88
0.090030868407556	0.0693206000865867	88
0.104866945301264	0.0863151378414051	88
-0.033596066807824	0.147659322797698	88
0.089645088569364	0.0680799420359369	86
0.02274477431156	0.127613052652558	86
0.089633094677217	0.0679754700006138	86
0.123966862016843	0.0908079312406307	86
-0.065936300974362	0.208495044374986	109
0.027296786979202	0.122866089680684	109
0.028219316484539	0.155616104903093	109
0.065765222362624	0.1244774641809	30
0.121672802852533	0.0931508207605392	30
-0.115410543328793	0.181883504087744	30
0.103986681618426	0.406107072882673	118
0.038466872353728	0.609534237368567	1850
0.069992062966586	0.348526354509863	1850
-0.034454783777883	0.220043627858206	1850
-0.038595252507989	0.397193574764312	1850
-0.024028363058541	0.365724047160387	4
0.031835786113296	0.275329445384936	2109
0.031100022183319	0.255733392190859	2109
0.058596817109882	0.227763798640174	4
-0.043668124769944	0.336317224419911	4
0.101259715864276	0.145883305618678	25
-0.043873412726277	0.24849625219673	800
0.065264061477256	0.131303788100856	800
0.09941310242128	0.0825923485954196	4
0.043000537347386	0.195540584010456	4
-0.112802887859941	0.177889945709836	4
0.069891594866905	0.178754937215212	4
0.036724460745741	0.220378802952024	4
0.112262759529855	0.08180354772751	182
-0.124570813510155	0.412343234030234	4
-0.027686058530021	0.259339223149272	4
-0.04437323299873	0.155346567683436	4
-0.017090836655106	0.270530169658036	253
-0.116734672332215	0.265406798276564	4
-0.115410543328793	0.181883504087744	4
0.00735014869157899	0.190664006847128	164
-0.036334661817441	0.10048957400549	1
-0.040128732536797	0.239661459322107	180
-0.049866601200573	0.276874719365823	180
-0.040436928309697	0.149988841948428	476
-0.00941701381333099	0.171722654719112	476
-0.033933232085005	0.09758760197118	17
0.026748865775633	0.0864957094687745	17
-0.121567571957702	0.278429371982044	9
0.105614524235284	0.109021854953631	426
0.033695112568591	0.0842527587055829	476
-0.114526882805862	0.320966634681525	1849
-0.043755609900541	0.239901029619208	1849
-0.116961297927953	0.333261472905316	6
0.010590792669125	0.21541880874555	6
0.033133251101823	0.084545409463104	585
-0.057692996365882	0.198153930227969	89
-0.069886487268475	0.337447153879844	89
-0.06463475802665	0.236994426098606	89
-0.051460714811335	0.095983081168771	89
-0.047253154058987	0.298731897173409	89
0.112157340541437	0.110195631745814	89
0.108374509549338	0.128853316379116	296
0.107318059577233	0.0887402208904685	88
-0.058999839627855	0.282497861244018	88
0.098656209454994	0.10659155414152	88
0.085458594030296	0.0704861106918886	316
0.012910496580857	0.182580468068381	88
0.10707309751911	0.088071337647818	88
-0.034059956544731	0.14631240265746	109
-0.124412602337967	0.169717161251016	109
-0.015489251897797	0.182132484927406	109
0.105591972027181	0.117808071294962	109
-0.070711828707848	0.318877673121886	109
0.004689475721948	0.254547897816752	30
0.087278299254596	0.0687080658224371	30
0.058156285001557	0.615423193380406	118
0.039022225226978	0.656375941130204	1850
-0.024344801940319	0.831760296514126	1850
-0.018226626917506	0.297982908380074	1850
-0.033907625536917	0.14905114587847	4
0.016584684756619	0.244008997198675	4
-0.017824826309139	0.364235692088862	1850
0.076532973993594	0.20994006276099	1850
0.05554388483013	0.228736495494451	2109
0.011512515956755	0.313533257202956	4
-0.028070634976449	0.331412427156669	4
-0.028655805711255	0.215614280655887	800
-0.00597173765637699	0.172116213381094	800
0.065318292608923	0.178606575339095	4
0.015974934521731	0.202681506216822	4
-0.021896001773573	0.200612677891279	182
-0.105315151823367	0.370113949902952	182
0.092266482907218	0.126711071267098	4
0.087811600408505	0.0685508585089442	4
-0.039845478586985	0.156050399493278	4
-0.034666801812777	0.0997029697152663	4
0.028127826835431	0.0866066223589225	4
-0.06448890901914	0.199997243314053	253
-0.042156457514264	0.154968881544382	4
-0.00227430941904699	0.195755585435044	1
-0.03864030739062	0.0977108457752417	476
-0.05471357687185	0.182441186808881	476
0.030379729890352	0.0827955374959944	476
-0.040844223800902	0.101660915739334	476
0.04889805878442	0.195434999901732	426
0.017942091723251	0.125965638378422	335
-0.11587070551856	0.176989812095252	476
-0.109117668173659	0.170594648012815	1118
-0.047996573793973	0.151933840819385	1118
-0.108075907165288	0.170723525722407	1849
0.068976919528762	0.125745194565466	6
0.085308469323779	0.0688018526493235	89
-0.110450507270413	0.177690109107766	328
-0.036888952753567	0.099347238411251	89
-0.00790783099329301	0.171789443938617	89
0.068707482835354	0.107513788662522	89
0.053203943241463	0.170785961499508	89
0.020649949411858	0.235935225478229	89
0.090857602201287	0.129951942388959	296
-0.081845595915297	0.305552316655739	296
0.107517041175913	0.117193907966625	89
-0.026106833327555	0.212418522818612	296
-0.021470976075359	0.227223686257755	34
0.022896471995104	0.191176770637798	88
-0.119577411921898	0.274850285511408	34
-0.039003215206477	0.100328574963044	88
0.111528178845918	0.0848098144306877	88
-0.113047986579644	0.322937379088822	88
-0.119382760467667	0.307979559521991	88
0.095849842324109	0.0930426726665839	88
-0.00425500765990899	0.194808721022285	109
-0.076851996290822	0.272909333985595	109
0.022104088327706	0.127371643200168	109
-0.078441479963746	0.249481661892626	109
0.088245630802094	0.145038308167221	109
0.079474861731948	0.149322413250069	109
0.041725040327735	0.162361482313191	109
0.044520861832821	0.161440585544535	30
-0.117255109736677	0.231656265210372	30
-0.064672674127541	0.354415003472165	30
0.071244476931395	0.12430770511718	30
-0.115228023130414	0.227695834392709	30
0.105489402902121	0.0855377562932545	30
-0.039311203191734	1.05710909045419	1850
0.050061347423945	0.399223830185238	1850
-0.102076186480566	0.838129979620439	1850
-0.044219846170786	0.335960658719098	4
0.095030268173047	0.124290734517187	1850
-0.022692740625898	0.380428938087934	1850
-0.085786023816714	0.544924880278929	1850
0.100154751847867	0.184881496122728	4
-0.021163693041203	0.322505606222049	2109
-0.031522358167856	0.380547658943006	2109
-0.00483200872663397	0.256533722505774	4
-0.038036875497041	0.247157014644468	800
0.117721510465688	0.0971273253984662	800
-0.057660370711905	0.186431704845274	4
0.092676838296422	0.161734864750998	4
-0.034529314133796	0.271123503275639	4
0.100175519477112	0.133170960684522	4
-0.06480296628097	0.301108739366221	182
0.068678527647307	0.158923768007146	4
0.071482584886211	0.152005668353307	4
-0.047043521028116	0.100061325242159	4
-0.032773677999732	0.211203683244093	4
0.044702268912288	0.171756777125326	4
0.090775840361301	0.135643128652044	4
0.104440008981596	0.0875863604366061	4
-0.119349322855684	0.17893784501986	4
0.098931522478461	0.109157471314802	45
-0.040844223800902	0.101660915739334	45
0.037332136589465	0.0829524662765178	476
0.089633094677217	0.0679754700006138	476
-0.114286038160419	0.182328310624969	476
0.020070196697623	0.127817184563835	476
0.108720882298589	0.0858628028435126	476
-0.124458373706962	0.273753695045188	476
-0.11810505804527	0.327497226574379	1277
0.072267201643766	0.102546552678639	1118
0.112327047406658	0.0984401798674202	1849
-0.012763920022506	0.177315318630485	6
0.030946982704482	0.148018481512649	89
-0.03226996239096	0.0968292699610618	89
-0.029498051546691	0.095443783491025	89
0.122290734942876	0.10332684494018	89
0.122881280676231	0.105143994442804	296
0.035745641786258	0.181745227951868	89
0.113093008289184	0.109172789511311	296
0.052651932730528	0.152934075916225	34
0.112709254980369	0.0819540668267123	34
0.103143769236117	0.103430915633636	34
0.119420008708457	0.0953975750758202	88
0.086493261282447	0.0689783432958266	86
0.074235107402837	0.122848081301594	109
-0.02055450170007	0.255696392580321	109
0.00272513871243901	0.229937272981748	109
-0.01725143458524	0.179106190728066	30
-0.111032703662935	0.350980592935416	30
0.060925520903336	0.129764509397267	30
-0.117268817839098	0.268483890937077	30
0.011390923947815	0.979875234430148	1850
0.083627867694906	0.204748860763228	1850
0.016776422156733	0.341006778732554	1850
-0.123486970071609	0.527689764935744	4
-0.044680267699673	0.451341860112154	4
-0.102079670732507	0.520000275108786	4
-0.092110117263673	0.409939164679842	2109
-0.033594021387349	0.454968836725831	4
-0.097418250152789	0.427176860017074	4
-0.075384283265647	0.298455585570791	4
0.011302625447974	0.249078625156123	800
-0.109407748795688	0.325926719842916	800
0.021323362694676	0.12826780479479	4
0.056533844372173	0.108392607723235	182
0.123419406394923	0.104799695372524	182
-0.047956393487766	0.266541578953579	182
-0.039703758580055	0.264483339310845	182
-0.013492133468305	0.236759387902528	182
0.109572054350006	0.145404836746115	182
0.053751417289362	0.20713550155956	4
0.041754251448156	0.178879763053231	4
0.068080598663426	0.188011556148766	4
-0.022178940181031	0.202206655610935	4
-0.00555578555665798	0.16979130642533	45
0.118730049998211	0.097092964770582	476
0.026998385657784	0.0867821277358564	476
-0.036555497783795	0.150537234798652	476
-0.068877191137392	0.281137691132507	476
-0.116089302329838	0.353207545838684	476
-0.00814738867303999	0.265544615275725	1277
-0.02957331800913	0.25886827782695	1277
0.058208011252205	0.109683215680383	1118
0.026256319362821	0.123762031786438	335
-0.113514538043428	0.297925929327785	1849
0.014123614652785	0.203817069522676	6
0.073271066821653	0.102869448017998	6
-0.039741096782999	0.100867367680409	193
0.015298104631443	0.130687140729847	193
-0.046123183937033	0.241724891291941	89
0.036200303569454	0.0835865372794923	89
0.013613503995871	0.263309264635315	89
-0.110182698396481	0.436682345036537	296
0.08843258284082	0.132016196191218	89
0.067718150358748	0.159140978805521	296
0.025582616614319	0.207963852495593	88
0.118680965749728	0.0941746212424776	88
0.044526089566013	0.155109918968381	88
0.020316694481582	0.126690391924703	88
0.025748393747115	0.151709140845321	88
-0.048800446335208	0.272581880626679	88
0.098521150838023	0.107044520600087	88
-0.076432051249969	0.281183449807597	88
0.087255259068805	0.0677887658028491	86
-0.085701720344732	0.304232338318432	109
0.036200303569454	0.0835865372794923	109
-0.031072961773832	0.216946694025638	109
0.078516049410392	0.0973205236134996	109
-0.066055451935679	0.315998676192732	109
-0.061185751868803	0.206387458937295	30
0.097213102825322	0.120566337715815	30
0.102739790811623	0.102194883383871	30
-0.117784607112725	0.181191252970988	30
-0.02030299576798	1.00769951219094	1850
-0.053345916958466	0.932108651846341	235
-0.023374766542848	0.339209857150719	4
-0.123818634179369	0.492150450526515	4
0.045477326272208	0.218602579045864	2109
0.099492046651632	0.177312007907882	4
-0.081446964650813	0.428232719414081	4
0.106068059707174	0.144720221206494	4
0.085347701460869	0.166011767888706	4
0.105857554563213	0.145947837661175	4
0.096218861561959	0.124886913146312	800
-0.071399891726292	0.282501056819562	4
0.071111439124562	0.12668423251542	4
0.116411248599189	0.0952753869959869	4
0.06698792488925	0.162659039775439	4
-0.014660566484068	0.225422582282611	4
-0.071696702429753	0.262340581589637	4
-0.110809555578001	0.177134753388643	4
-0.036334661817441	0.10048957400549	4
-0.029301819785541	0.0929450301209328	4
0.056245867029837	0.131043021020421	4
0.025391526717338	0.153118439579326	4
0.100769557550956	0.0869943301900489	45
0.103357304304884	0.100487026271419	180
0.112321467140774	0.110271808248722	180
-0.074322058843127	0.272545055377722	1
0.070185686871605	0.124232608733135	1
-0.044641826941259	0.0973398658330648	1
0.064727748994173	0.107962186321535	476
0.015919898537919	0.130027472526343	17
0.106533251981992	0.0867963234349434	426
-0.119240245382252	0.177656553382303	426
0.068790738470948	0.146118964583461	426
-0.026557840405811	0.210679477703117	426
-0.116804649234068	0.303513604039532	1277
0.119125437113478	0.103867761244976	1849
-0.035221187230623	0.0996917527572204	18
-0.063901565416658	0.203337238600164	2293
0.066727272193136	0.109911692723542	89
0.038945262353881	0.163264636101619	89
0.088486247645261	0.113759401789736	296
-0.002638436783652	0.20980457321674	34
-0.123306533925592	0.305021355398985	34
-0.124533123297649	0.278555195367642	34
0.00583002969516999	0.192013490569296	34
-0.038449670105288	0.151740966235253	88
0.025609526562181	0.0838091288138549	88
0.090661400423661	0.0672517559389532	88
0.015029882949124	0.181426525387526	88
-0.075231008405329	0.245183471631984	88
0.017734617965571	0.127242500258968	88
-0.033554504638585	0.0989113001367016	109
0.02787786330142	0.0853279547917187	109
0.069567947226087	0.104195926181757	109
-0.045997448377711	0.153258203179753	573
0.071493323979167	0.153908097224113	109
0.066875781265875	0.107598283910229	30
-0.062155052281476	0.199796668698204	30
0.087820048576752	0.0688955958773601	30
0.11509097303512	0.504272751128442	1850
-0.096990999288357	1.05890765921871	1850
0.070529909197699	0.357757632566307	1850
0.030144356908396	0.153368727838545	4
0.022685190845498	0.305264422126647	1850
0.062483808927941	0.1089378471449	4
-0.054372581490459	0.311235485832139	4
0.00445862148905601	0.182689334214846	642
0.027149046976648	0.155394073461132	4
-0.079557845918363	0.380473619504498	182
-0.037142010417024	0.234858806384682	192
-0.113879760383393	0.375716056082323	4
0.094810296373526	0.140276121704234	4
0.01239792207138	0.225683234842778	4
0.121238886849801	0.0950409854978252	4
0.090030868407556	0.0693206000865867	90
-0.110867373371315	0.327886626618427	90
0.09492430385181	0.13790056065705	1
-0.031381475797371	0.212077954255885	1
0.029804923818506	0.154246875904588	476
0.04124733912542	0.199531830080837	426
-0.010388742069964	0.214888217915009	1277
0.028598565799476	0.192342237998562	1277
-0.052686490712811	0.280848948263401	1277
0.031747629582172	0.0848483208395658	335
-0.121821750750057	0.176535431748265	335
0.023119100855344	0.0852611612353138	335
-0.119418915062046	0.27663113628379	1118
0.026195714492819	0.0843318781499821	1118
0.015865075000704	0.177461328867434	132
-0.112854379512216	0.26230336003484	132
-0.00025386871914701	0.196246317094811	1849
-0.036211450507733	0.150160730066521	6
-0.082437455480508	0.241251644164107	585
0.088988261055565	0.0663111875034403	89
-0.027645539609628	0.0922286927830656	89
-0.110649718701454	0.170762030966624	89
-0.118779711415742	0.362114524550748	2293
-0.045453801063228	0.266782380345276	2293
-0.000133571527642984	0.257698028407384	89
-0.024892294057647	0.256277711045646	89
0.08378666699914	0.135126377278668	89
0.104382285847644	0.0908412864918794	296
-0.112899933128183	0.280574021911697	296
0.058954729296325	0.136224712011343	109
0.037662961775243	0.079131486685013	163
-0.036334661817441	0.10048957400549	86
-0.067334965697187	0.206505496339049	109
0.065961850530182	0.161920488486804	30
0.00943095442785	0.18764203285494	30
-0.08680581972928	0.306322664667825	30
0.10709292150563	0.376925890657803	1850
-0.11425696069352	0.435045162262646	1850
0.057178681399347	0.298170449264458	1850
-0.095127575406183	0.541737794595668	4
0.029411140102183	0.228998807819991	4
0.042366886470252	0.178640408880035	800
0.098453093010664	0.0935984288230888	642
-0.122074347278976	0.274591099687664	642
-0.117537833585915	0.496309195816991	642
-0.065914696315393	0.377291182491914	642
0.033454865736051	0.20765050468951	642
0.119083588691152	0.136082032875309	4
-0.015250192587968	0.180844636238475	4
-0.067033552155961	0.234192440802875	4
0.037778629370328	0.166171685050751	192
-0.056744629763861	0.300187751021351	4
0.046381056571939	0.196011312705068	4
-0.032004047892563	0.277349970991305	4
-0.02495642068705	0.205986906538913	4
-0.049972508138098	0.143518548603438	779
0.033384338727619	0.0837178281943874	779
0.061081113538093	0.135609389141781	4
-0.114601464017651	0.224051033219096	992
-0.033000027866874	0.0969845561461558	90
0.032387872307711	0.204890675162233	1
-0.048884273028315	0.275829245682668	1
0.063503835388655	0.132952219423348	476
-0.062869005643301	0.201162082927629	476
0.083688053333489	0.119061399850328	426
0.046041708570875	0.209293730796278	426
0.08308597430322	0.145742208206708	1277
-0.073292827491884	0.269905645180251	1118
0.028336702423217	0.12136604882829	1118
-0.119719132486911	0.38371722382228	1849
-0.113946287362164	0.401980215861086	1849
0.041687275982594	0.182332219663321	1849
0.070447304559067	0.104259875968273	6
-0.067619010910259	0.205182317512872	89
-0.113162081417019	0.1815113853703	89
-0.00949617480015702	0.219681562653034	2293
0.062621305147526	0.150176679563553	89
0.06266549123885	0.133575201915405	296
-0.05601213039971	0.19356556083188	34
0.014006746410807	0.182852361056517	34
0.093032346403046	0.067448723057753	109
0.014941112036119	0.122232265748245	86
0.101646578374814	0.104752916589975	1148
-0.036283274329514	0.28565895178475	573
0.027658921440329	0.155386682079691	573
-0.122080028213027	0.275240203659348	573
0.03726223266085	0.206468065132249	30
-0.11200231569397	0.290374445589137	30
0.05159772824278	0.920432666621305	1850
-0.03951383199693	1.1351962673593	1850
-0.087796625161057	0.445123563257544	1850
0.039405153518853	0.3047741067245	4
-0.037211233476645	0.413021939400725	4
-0.121849639827559	0.362889529091679	642
0.044341181255616	0.199424259883327	642
-0.104456152339226	0.410629897799515	642
-0.019882884029858	0.267239947277238	192
-0.115332045494562	0.314596213881961	192
-0.112571084773759	0.221716179121282	4
-0.04054713137686	0.337828492596071	192
-0.06624491233487	0.204427973576339	192
0.071936076565628	0.122727818572092	4
0.043893890687425	0.162386274606614	779
0.014056750190798	0.180875563853445	4
-0.031697238752156	0.215763488678619	1
-0.064137046138287	0.203235646999454	1
-0.070026218192792	0.267773494949092	476
-0.023376060322729	0.252436960732573	476
-0.00379704189777202	0.16974621475848	476
0.058344026885612	0.134440733830816	476
-0.123806224858085	0.238958044831211	426
-0.019230143715942	0.238536278137594	1277
-0.114286038160419	0.182328310624969	1118
0.061920493496112	0.134448188686852	132
0.119795692747946	0.0954894543064901	132
0.032701993765232	0.206810686354283	2293
0.106873863149377	0.0814647369852964	296
0.089179371355875	0.11562305045084	296
0.068762314936699	0.102167447961637	109
-0.059376737490588	0.193453210003556	109
0.00824441285651501	0.128160478205412	109
0.038461644295732	0.080673971622883	163
0.023685451634071	0.198825239698144	109
0.088468934070634	0.0681505287957826	86
-0.00998910237797501	0.221763042441232	1148
-0.116202121300995	0.304263362068861	1148
-0.00463578173089402	0.218177725830352	1148
-0.118018482524337	0.268335149890513	573
0.030394964930003	0.117758838946973	573
0.097153290997261	0.110781913596468	30
0.097097211171703	0.103172407912551	30
-0.00665994911647	0.19127519533015	30
0.038461644295732	0.080673971622883	30
-0.038003609048903	0.100132891438743	30
0.072985203156238	0.628245625018004	1850
0.080914908624703	0.2186733417527	4
0.114192755165579	0.192502579157136	23
0.07557298957475	0.290043695048817	4
-0.119938472738767	0.444879520455335	4
0.058561688628398	0.135912632267501	4
-0.072268899048428	0.343709209425739	4
0.104517101851017	0.133473372747204	642
-0.085017984333124	0.24339841249709	4
0.051228669833487	0.191432426807514	642
0.097644435180666	0.108273107292913	642
-0.090015185326624	0.340223546588766	642
-0.069004715295424	0.288458844956761	642
-0.09209061028277	0.348836615677039	642
-0.00626166686079699	0.260760303282169	192
-0.116415503047547	0.373255588663397	192
0.028701654620088	0.185577387470312	192
0.035894703125052	0.146907134299512	192
-0.066110029070639	0.253514822972703	192
-0.073374368533784	0.291107310670589	4
-0.031569758135986	0.245072987926826	4
0.106877852285204	0.0871890837117342	4
0.088847095425505	0.124749417622595	4
0.120390358650802	0.119815563938088	4
-0.058236170406466	0.202560063379908	779
0.032571845101236	0.0848849970120097	779
0.10144735327874	0.0904087343576756	779
-0.114872584432035	0.263682935243863	992
0.108110400662072	0.085760510830432	992
-0.045380985853846	0.0982484663067579	45
-0.04720936099572	0.215868135574373	1
-0.060281418168469	0.199309416325357	1
0.121729222820754	0.092964491704682	1
0.122860273159453	0.105553338835925	1
-0.072792600492951	0.268777162148424	476
-0.024716496929996	0.212128189216199	476
-0.00603461253708898	0.219137350572006	476
-0.028808039357012	0.215069598368214	1277
-0.033752998201687	0.149437185581366	476
0.104925607942626	0.086475359533753	335
-0.116658663310794	0.180391722950282	335
0.00838089901340999	0.223831583884378	132
-0.117772199671366	0.304365333685384	1849
-0.058099536485732	0.298891607537111	2293
-0.032038992971093	0.236815635391767	89
0.059648017553896	0.112741654795009	89
0.026689231942087	0.149116883121005	302
-0.032206486486681	0.21269091454966	302
-0.034092623888728	0.211538684626361	89
-0.038431937318372	0.148576783086044	296
-0.039252968646872	0.236384422493374	296
0.0584022792264	0.107993113604934	296
-0.038282182108274	0.149452646093757	109
-0.040844223800902	0.101660915739334	88
0.09879024014519	0.0629754136756986	88
-0.113055237624122	0.180130165034426	88
-0.003200233611729	0.216977092641728	109
-0.038976114158659	0.244481258278708	109
-0.120579066105405	0.262132441321738	86
0.040405242866915	0.0791214744034798	1148
0.069714562834649	0.123714222213806	1148
-0.041304316093388	0.262960756657399	1148
-0.034828470786026	0.150081424771237	573
0.110343727340621	0.108431503345123	573
-0.118657431829614	0.176612086959164	573
0.01088799396557	0.185237946527503	109
0.000204307227520989	0.211953176892249	109
0.00256851242431699	0.193798114953188	30
0.08094011629072	0.129256368842907	30
0.042777415614143	0.33876268710303	23
-0.02183773234924	0.319701115538867	23
0.061989831155523	0.252929685204581	23
0.106181984120449	0.129583506579773	642
0.039088963966279	0.174630006067393	642
-0.054130095743975	0.194536185123807	642
-0.023241610335072	0.259207391753798	642
-0.023558335237855	0.249290725343293	192
0.055461946595901	0.187608812347573	192
0.072298230508122	0.173538392405589	192
-0.00597020258339198	0.257519000901089	192
0.051877780586136	0.174834840769188	192
0.056780089758744	0.171622565272783	192
-0.110797722200338	0.282498153110351	192
-0.069851977345428	0.20738357256343	4
-0.122176125120774	0.233511409859581	4
-0.120519554469947	0.304812579904011	192
0.089624808954566	0.128161653738962	192
0.070692706344345	0.143794147101614	4
-0.105180831768552	0.315991278481812	4
-0.059119103612637	0.196482188063033	779
0.072959041454032	0.138933490886824	779
0.107395390400286	0.116563560004263	274
-0.112975501754435	0.301550271510667	4
0.123672522161912	0.0908134450629986	992
0.027370210209116	0.083709427566622	992
-0.040586652406048	0.150622893561927	45
-0.107035789045472	0.32129009837611	45
-0.122402450943461	0.229129805502875	1
-0.010175108325684	0.217250294407624	1
0.09017878627389	0.0657925283312757	476
-0.119207543074038	0.27229471669169	476
0.071979370561701	0.1413050708639	476
-0.073027414827683	0.243869197518252	426
0.04892284824147	0.156894428453262	426
0.065395863737933	0.163352653221213	335
-0.000861997074390997	0.227099345823402	132
-0.040214549543741	0.248388305129392	132
-0.060530488835869	0.22319556440535	1849
-0.089139802601061	0.302377291546429	1849
0.085458594030296	0.0704861106918886	18
-0.033933232085005	0.09758760197118	18
0.040647925363708	0.0775616117502389	18
-0.037205704734192	0.148042824247877	302
0.094676823571873	0.109226296711501	302
0.099852429751269	0.0914932111966835	109
-0.116058034983805	0.221232613829828	109
0.027526943628707	0.151982434981984	109
-0.12466991179374	0.26064452172837	199
-0.037679924832914	0.246218532630773	199
0.086627369275071	0.068905671220185	88
0.100997670242059	0.092478901678656	88
0.043774158998992	0.162993675700523	109
0.099128896924827	0.0918972935652116	1148
0.019240377422077	0.132040310778396	573
0.095515894995081	0.125625205698556	573
0.10940890686835	0.0970816933938757	573
0.068779985783557	0.143828531810196	573
-0.043105161104862	0.239350582485583	573
-0.097727271924648	0.321141527844798	30
-0.086006298035381	0.33098730184613	30
-0.075608243568226	0.244229011469334	30
-0.015086239864623	0.226392198632124	30
0.094603579175381	0.123022503829005	30
0.087322785693971	0.132921414752707	30
-0.097404210545173	0.292120876343653	30
-0.121192781138197	0.276849742916085	30
-0.105114649237752	0.532575550437028	23
0.073133230951072	0.139560174430044	4
0.033133251101823	0.084545409463104	4
-0.091271910212524	0.356631057076532	642
0.089747710040866	0.130373904495565	642
-0.101690597746726	0.413950423082284	642
0.043256610462009	0.181534213233804	642
0.087130713404136	0.170991952295744	642
-0.06555368435562	0.277736736649707	642
-0.123197526819585	0.271854971635146	642
0.023432393616535	0.155199844794336	4
0.051878406986751	0.193011106597517	192
-0.016538598865732	0.263074908777319	192
0.06648073788623	0.217545995138504	192
0.085086399667229	0.164473697693151	192
0.087671033746337	0.0699594559399261	192
0.023689063810782	0.167256302576792	192
0.091720406208186	0.136749479190569	192
-0.02853930512934	0.232688309952494	4
0.042103595202963	0.196798136879256	4
0.076375515128174	0.0963976641771947	274
-0.011104748505929	0.222708474034753	992
-0.104493362795646	0.165362591281227	992
0.072871360468844	0.142000827380487	45
0.00566832619108801	0.218803143415263	45
0.082978835397386	0.133492510042354	45
0.068822142713139	0.126205086090695	45
0.065786669385257	0.145519353033916	45
-0.045603228845749	0.154576444541454	476
0.065160665267497	0.109201223377252	476
0.029431364900621	0.145888042801185	476
-0.051407441034181	0.245039479967919	476
0.105467507169812	0.100167720810316	476
-0.063699278313507	0.27712707101797	476
0.058865992839066	0.207626303032327	476
0.036471023479729	0.246470645053986	426
-0.034586297136026	0.0953979977237683	426
0.02800775018466	0.153601775978875	426
0.044406007842687	0.178179055304196	476
0.00259433525622299	0.216805609099495	476
-0.120031289828065	0.352218902773965	476
-0.069543824480911	0.20667043800691	132
0.02425407392544	0.20791607288317	132
0.064172804141282	0.11050004913009	1849
-0.024901751565599	0.322380676333493	1849
-0.119832472328336	0.29224744981533	18
0.075234892798898	0.156053689032562	18
-0.013511897027361	0.216490061174591	18
-0.018284983613216	0.246964574331463	18
0.096787241959374	0.0930771780348237	18
-0.1048198628727	0.340182621310061	18
0.037198785367078	0.144536058184931	18
0.010675292412496	0.185994570721799	18
-0.046055574393793	0.273515462892573	18
0.107503263836905	0.115988344595715	89
-0.113162081417019	0.1815113853703	302
-0.030607766050953	0.0942679306222286	302
0.089633094677217	0.0679754700006138	89
0.08844439565035	0.068113421679743	296
-0.036243974908356	0.0976634706791572	296
-0.118331640000737	0.173689936994635	697
0.00606124632347099	0.222402599924915	109
-0.03935925643723	0.150086835791999	199
-0.007373794583594	0.162558129193723	109
0.113200019638526	0.111403189412883	167
0.017529625434906	0.127197013623173	109
0.099488239482547	0.0921348523219454	30
0.08130448413085	0.118669245696726	30
0.093809234535689	0.157633976012961	30
-0.031547479290098	0.228213938888002	30
-0.053033345816688	0.403673510045395	23
0.068112645820485	0.299667497255115	23
-0.028396161011296	0.566751163335833	23
-0.082560436831806	0.347951264719349	642
0.024134174098986	0.238983298344338	642
-0.033962673724287	0.239986399729522	642
0.099633948605043	0.106278452301259	642
0.05826287748934	0.181034434419473	192
0.058300466929372	0.168512292489233	192
0.020896595204783	0.199843818962345	192
0.026998385657784	0.0867821277358564	4
0.091854647509918	0.0677363470685039	4
0.070458433606039	0.100599145420461	192
-0.114435507224219	0.261070120117228	192
-0.08255852696335	0.324088395661362	192
0.022011099351219	0.185370181775535	4
0.005306583769709	0.19213902949677	4
0.090440838255405	0.140803486722702	4
0.00998540990034399	0.184237092958114	4
0.008003193010058	0.224200360684347	4
-0.071246323192506	0.281059854024859	4
-0.01893140874216	0.22708578120126	274
-0.00917122063417403	0.172729651273627	992
-0.116670170805331	0.326174780880765	992
-0.076351266807964	0.247451571284229	45
-0.123536280354901	0.232563647282714	45
-0.116750614545317	0.269188679844679	45
0.057742256243857	0.13724861071268	1
0.050362972421776	0.151204577795049	1
-0.105440102739233	0.320002508301152	45
-0.040496736756917	0.240789911695287	45
0.063130804827858	0.13342715490744	476
-0.074861777806823	0.241839222102805	476
0.063997699561421	0.129181719076333	476
-0.016516981652686	0.180685652241905	476
-0.036205971543514	0.244223134675851	476
-0.080251256032858	0.292705092357266	476
-0.094153859636594	0.339937939088482	476
0.090762837631792	0.126694227729711	476
-0.036099845243724	0.241825315333223	132
0.104745783818441	0.0832991842036034	132
0.097255295147492	0.123207663869206	132
0.05824864164925	0.165322719431625	132
-0.033755303876388	0.219530162151865	132
-0.089546361735231	0.303295975342338	1849
0.069412862731732	0.180024834473928	1849
-0.028217829064961	0.21326520695926	585
0.062808723619685	0.10706843419638	18
-0.103372127837575	0.307885766385584	18
-0.03102127455294	0.214443550609345	18
0.043340607696532	0.158617764879979	89
0.028927161692896	0.145317032974255	18
-0.001917656178618	0.163360833841765	18
-0.084736503341835	0.337986636579502	18
0.116591539888488	0.119881343647119	89
0.094217174489699	0.0668846672946918	302
0.028311871237693	0.118955218706114	302
0.026748865775633	0.0864957094687745	302
-0.111932123360035	0.179325288797912	302
-0.114841354324851	0.224846918019129	302
-0.035384441373782	0.151130084661899	89
0.023977406987403	0.125179091546095	296
-0.115638615194071	0.301420693246421	199
-0.069875123870368	0.242373053455854	199
0.038274341364458	0.168400525176956	88
-0.061234459073879	0.189494333073738	167
0.015916276974673	0.200118503680824	167
-0.034024861825394	0.217086003574713	167
-0.08535158444112	0.331648708591155	1148
-0.07342002966175	0.257164042499466	573
-0.00746626810679102	0.221051191232984	573
0.065512088294965	0.106772753111148	573
0.031199616750944	0.0856518567102529	573
-0.045712661243382	0.279000118393829	555
0.113252223280066	0.0820319600273466	30
-0.079543436262911	0.323676766629152	30
0.030711190716744	0.149987023703222	30
0.059871028627505	0.135990423764095	30
0.096436694546133	0.0629752273039879	30
-0.062613469522123	1.54565895313568	4
0.115470088474002	0.325756355142888	4
0.094842975966151	0.369228653209969	23
-0.015891766499874	0.502851563338696	23
0.081517530589099	0.284878186219057	23
0.108675967959245	0.190082531458731	23
0.081105256955429	0.163872902069168	4
0.055100667142101	0.206390972146877	642
0.068731169588557	0.172528933433617	642
0.109331943041405	0.114761416910946	642
-0.013300868970048	0.268190793203921	642
-0.03777139163951	0.288232600079914	192
-0.00427671631870602	0.217249183610338	192
-0.049674446185629	0.321360951620026	192
-0.078472074424965	0.378385800499855	192
-0.101202280932973	0.300351228298443	192
-0.063349151676778	0.20238069328647	192
-0.021703510673562	0.180922450265547	192
0.072001734204116	0.103546542505285	4
-0.080919100704663	0.279177327871069	192
0.04464908561786	0.16227675081442	192
-0.11501968540663	0.264678758153504	192
-0.054530111260399	0.282388961274949	4
0.102372438589105	0.12830046480757	4
0.095193184824926	0.0927075115922137	274
-0.052058848420001	0.26898828406622	992
0.041039580537338	0.165660701556044	992
-0.045949637753264	0.0993208974835679	1493
0.033133251101823	0.084545409463104	45
-0.034110007668423	0.0965434778636971	45
0.108590577603489	0.0876698906930449	45
0.00913259890197399	0.196864746983218	45
0.057974584255525	0.134480208998273	45
0.035709094115219	0.20297064791844	1
0.012767185813352	0.184907913374905	45
0.029834880803333	0.150329068070571	45
0.093426737500561	0.0656448597288955	45
0.057917597386092	0.170475946693302	476
0.030826716774105	0.186673737956292	476
0.067532621825414	0.130687227808656	476
0.048975748164923	0.193087899342442	426
-0.116057582342693	0.322403683841931	476
0.107998828830119	0.0861384551120021	476
-0.039145452227478	0.218070588201169	476
-0.111676815549434	0.177710154760845	132
0.017471085444081	0.158050113726197	132
-0.059080829558637	0.191347254896645	1849
0.020104670219325	0.127196854426068	585
0.104048205693952	0.0910684155098913	18
0.034821046777471	0.0838903568248648	1448
-0.112802887859941	0.177889945709836	18
-0.114286038160419	0.182328310624969	18
0.034267011914175	0.0833813791673214	18
-0.00771662113271199	0.266975927203729	18
-0.033669792294014	0.240708447270114	89
-0.027138502065832	0.21440334609071	89
-0.065936300974362	0.208495044374986	296
0.016123539015473	0.127462660260653	296
0.038709217483997	0.0819489753591244	109
0.099700449883104	0.119799676264376	109
-0.116247322702694	0.385369452841074	167
-0.039792814428076	0.22181540056067	1148
0.104048205693952	0.0910684155098913	167
-0.065448297011239	0.254075715213381	573
0.066706542723945	0.129969472878533	573
-0.064470845738256	0.232355346818559	573
-0.117500085976507	0.23185117604862	573
-0.065936300974362	0.208495044374986	573
-0.077214279962058	0.249000846135217	555
0.038215072171576	0.143993876913276	30
0.090962250275063	0.11434498449801	30
-0.015244090375329	0.189560968691009	30
-0.099550424501108	0.301658662286295	30
0.036516853250254	0.14007469351941	30
0.03973904079004	0.167825628979729	30
0.088451164810895	0.272912363950334	23
0.053233373487897	0.367683867002552	23
-0.11681385851991	0.710081287162424	23
0.1209140876367	0.163439488938982	23
-0.059077068257494	0.302086345074485	642
0.061471753634927	0.164157912305256	642
0.097210943434064	0.140561583075467	642
0.110611573726231	0.100714533799212	642
-0.071446156750837	0.243000517959107	642
-0.00799449227301802	0.222146252589965	642
0.05078355524254	0.190944642850803	642
-0.035701136261309	0.296518207960561	642
-0.062472557235181	0.309067884124796	23
-0.050649087765119	0.301690850911561	23
0.013309612333908	0.268352578245919	192
-0.072119711119539	0.371772674808828	192
0.066099536774985	0.197923109890378	192
-0.077593197060205	0.268001523803015	192
-0.116042518527554	0.293359311321349	192
0.056375346470443	0.112412231248234	192
-0.118157216769696	0.273813430458781	192
-0.022150824550402	0.205520793083846	192
-0.062820200269619	0.200951117144414	192
0.114611152418314	0.110697681033256	771
0.050609483052859	0.169535297486164	274
0.063072035429889	0.149929830003619	274
0.062345993899191	0.14964029413256	4
0.117623867103809	0.0945415538116001	992
-0.016493859531423	0.22726455260613	992
-0.121771384952587	0.23742367634223	1493
-0.038925107699999	0.154173698331199	1493
-0.065101456596121	0.204872569338403	45
-0.12443420648323	0.356671176414705	45
-0.121317311306416	0.302134902779691	45
0.026179600939579	0.207527945631922	1
0.070152273782706	0.104458474047309	45
0.081010200749227	0.0634635621000221	476
-0.035221187230623	0.0996917527572204	476
-0.112571084773759	0.221716179121282	17
-0.011830162583549	0.173765389597197	476
-0.042568947994619	0.248025690353438	476
-0.00501926758867199	0.21877293155111	476
0.112228610779946	0.127977118627009	476
0.105489402902121	0.0855377562932545	426
-0.084706254841645	0.325801632710311	476
-0.091534615469686	0.339425244114	476
-0.074288243772347	0.272071653170747	476
-0.03156076381853	0.209116765213457	476
-0.064687213711306	0.254555856376041	476
-0.03861047511274	0.154935039302282	476
-0.02257391961116	0.238024145133452	476
-0.010998380186219	0.174623090697688	335
-0.101458010347497	0.3431470986041	132
0.055013992512275	0.170703635139625	132
0.097610052033421	0.063514348073361	1448
0.105655864426279	0.102911592794883	89
-0.038126999423186	0.246443243965574	89
0.020070196697623	0.127817184563835	89
-0.065404144429019	0.204173317594943	89
0.063458830353544	0.109326716673302	296
-0.061839265969447	0.207225712447557	34
-0.040734087681503	0.149299084184645	109
0.060201724327242	0.111388536429891	109
0.122257029412607	0.0933862748055087	199
0.102528641775801	0.0906990539775441	199
-0.03226996239096	0.0968292699610618	199
-0.116095055490452	0.224110333551786	109
-0.122284323640128	0.393146829382631	109
0.056658114258295	0.10991575236975	1148
-0.104493362795646	0.165362591281227	1148
-0.117500085976507	0.23185117604862	1148
0.063912125014386	0.164868975041936	167
-0.027696868306488	0.282100300638987	167
-0.029317146327631	0.138928472416712	167
-0.121789440813408	0.268382503491188	573
-0.018614127286332	0.171300360554864	573
-0.010156648188119	0.177808021977968	573
0.085161622449846	0.146990424625543	30
0.01563850095328	0.203291460977825	30
-0.112918148647035	0.293571286473215	30
0.017400639001418	0.619675148369136	23
-0.014995252416437	0.636754229512594	23
0.00987074005122299	0.45046184803872	23
0.100203890554765	0.133988491613506	4
-0.064467203947289	0.363087038709207	642
0.112991371091312	0.124326822291272	642
-0.069601062483467	0.23463939634013	642
-0.120485120704063	0.298406899382412	642
0.100520275647188	0.107984129375813	642
0.031209851116348	0.19142971559132	642
0.106146301860014	0.130312774522537	642
-0.086526227956904	0.341105656999866	642
-0.001760655265725	0.292523631906886	642
-0.035234540378967	0.270980855476927	642
-0.056840685597483	0.282650903651539	642
0.031408016133761	0.230270046530272	192
0.075798059910007	0.156411994537171	192
-0.11699334151516	0.178703921562146	192
0.11784917570976	0.0774898906474382	4
-0.114764495515745	0.301000627582851	192
-0.007152276690988	0.221341736212551	192
-0.048511240948223	0.277153906021316	192
0.073302302595425	0.15562854502562	192
-0.11290014174841	0.352699046068518	4
0.041520082475687	0.164735561048012	771
-0.083000732035478	0.35278392182703	274
-0.018379273592434	0.180625067666255	274
0.064172804141282	0.11050004913009	45
0.015803420142957	0.223188177923085	45
0.116430663402667	0.0985538670931837	45
-0.043071318843924	0.0994935601069163	45
0.081282940610135	0.069427867342986	4
-0.122350150862933	0.285037563403419	476
0.088839509421265	0.13085451277521	476
-0.079742240319555	0.296129547876724	476
-0.114477882565047	0.412466178463033	476
-0.011205850293343	0.169780340597004	476
-0.1127879372447	0.289942356171948	476
-0.120788330565146	0.232521335525842	476
0.063503835388655	0.132952219423348	476
0.099384649662244	0.107378444788042	476
0.014918540291945	0.125011054810312	476
-0.11247752218405	0.266059489840795	476
-0.002389877900006	0.215876493612068	132
-0.073033928898799	0.321534643391854	18
-0.040284907656339	0.147574042667749	18
-0.111575745546715	0.177868923317431	18
0.025208839067057	0.121961711586718	18
-0.077576045277701	0.24452013068841	18
-0.038365325612415	0.150693984630627	302
0.084271961247091	0.0708414880188827	302
0.023372549747403	0.126509595399802	89
0.083641182322118	0.067637011579115	34
0.091997734992296	0.0662030548437142	109
0.059206683150237	0.111241505606681	109
-0.123189764081231	0.23302095659595	1148
-0.059621579862495	0.201131925873996	167
0.013640136457857	0.130393404256648	573
0.014006746410807	0.182852361056517	573
0.03425498763486	0.15891892278756	573
0.00231581806914599	0.189474380266852	573
0.107781730189447	0.0866059361901321	573
-0.013071583768218	0.180367580755348	109
-0.033776605245845	0.233549198621128	555
0.061349745470096	0.146343877850197	30
-0.013779513697799	0.179851793257516	517
-0.013841360292037	0.179829774129504	517
0.123496727710598	0.0923535179521344	517
0.11525508062293	0.0799731721357095	30
0.011893534062176	1.91680464048989	23
-0.033044779602144	1.12480330279777	23
0.118400203313387	0.278722170111744	23
-0.00313852102596501	0.699999354736249	23
0.12262877130103	0.31487132910662	23
0.097537875408576	0.23375236747213	23
0.053296079165743	0.227499320320865	23
0.014278751143691	0.270303911597586	23
-0.106676836058377	0.495651014044099	23
-0.023794255405708	0.455713498179832	23
-0.098839098073525	0.542789521177038	23
-0.059989069211601	0.372709133092504	23
0.10707045118623	0.0842165945697847	642
-0.064439152648566	0.201482774200622	642
0.103925204503718	0.0867253220996666	642
0.039741369205568	0.202258975500842	642
-0.107488788424254	0.249679192478318	642
0.00249113691000499	0.230983590746353	23
0.070737868635287	0.171207834032795	23
0.089624808954566	0.128161653738962	23
-0.124602344672107	0.264250151539856	23
0.053693954960533	0.134235657820498	23
0.006860836803151	0.255292659179426	192
0.00134421939156401	0.230469680774399	192
-0.122308426399112	0.271189970565465	192
0.018156350411465	0.158921102504554	192
0.021894118909299	0.127655643795404	274
0.05411122386166	0.111865851496102	274
-0.111912399174983	0.174521614223826	274
0.022999392242341	0.127163416670648	274
-0.062434820360806	0.204337653582578	274
-0.075963976929051	0.242295067127765	274
0.067009455096547	0.108480182647254	1493
-0.015847446655809	0.182406702127847	1493
0.086515564708619	0.11647446661163	747
-0.110789889558079	0.174887743481813	45
-0.123298044874516	0.230760914345964	45
0.051899972316809	0.105595754864534	1
-0.032384318969369	0.205858658207258	45
0.011743743219657	0.200509020939137	476
-0.086018490073004	0.27412942564078	476
0.124832182238404	0.0920096574482119	476
-0.124315906917415	0.230931785837812	476
-0.115175544360744	0.177824561589628	476
-0.063769501925238	0.310181487892926	476
0.118259908288084	0.109399651561427	476
0.00840366666835399	0.188516685808104	476
0.065409895586411	0.132112620127833	476
-0.109775775759275	0.169414531059471	1849
-0.027194351585014	0.226050971308569	18
-0.032678119106177	0.14799379484426	18
-0.047762496885662	0.15228462748871	18
-0.012934231895979	0.179136368032391	18
-0.00149358114186399	0.196186620210157	18
0.00494569025231301	0.239246690848188	18
-0.039741096782999	0.100867367680409	89
-0.033000027866874	0.0969845561461558	89
0.035954743729463	0.0832571614702204	296
-0.041949673887983	0.0997020403248869	296
-0.042509991977067	0.101934122656818	296
-0.033554504638585	0.0989113001367016	296
-0.069508276892406	0.242425051524159	109
-0.067514675710002	0.230477800704254	109
0.055905893933513	0.145334148475865	2297
-0.066856888882851	0.206210554461932	573
-0.113748830087692	0.168061159744968	573
-0.084765495648642	0.296906328460866	30
0.070521570349138	0.12536210503996	30
0.102055448023648	0.0898787068701079	30
0.097970133773659	0.0923052754004072	30
0.104026341144266	0.464934826204221	23
0.095108188332398	0.12599289181136	23
0.123584933707258	0.272001581282008	23
0.087370166116367	0.183552933198582	23
-0.016756900223772	0.183107068354191	23
0.066177624277942	0.108856364717137	642
0.113924662576726	0.111573103833858	642
0.100508789249169	0.0906267108832564	642
-0.082476186439922	0.356716913333375	642
0.016289983111088	0.292012474216749	642
-0.057122944568933	0.387321189050002	23
0.029363778081751	0.211624481713178	23
-0.032775615988398	0.263190461101517	23
-0.029581148542873	0.255519744655046	23
0.118729727359301	0.120776736029167	192
0.092756662227957	0.160859374094747	192
-0.032821156918564	0.0988815735560713	1700
-0.050290795095895	0.277273919296555	4
-0.105723633435351	0.169575715948803	4
0.047984818082129	0.255870655770772	771
-0.054555405843261	0.384508890706811	771
-0.03215439886523	0.284481379669882	771
-0.036714195428142	0.147633787205658	274
0.012267294771695	0.126822557055821	274
-0.113055237624122	0.180130165034426	4
-0.071992135971512	0.39797217721411	1493
-0.030410141561237	0.0932717698273877	45
0.115984090240573	0.136831534876166	45
-0.120818918075534	0.276780558951703	45
-0.072281578964529	0.206707545248716	45
-0.11856133290223	0.175199406987205	45
-0.124824238908674	0.237867098360064	45
0.10144735327874	0.0904087343576756	4
-0.106679094922434	0.345354173702383	476
0.057986868252239	0.135133742976383	476
0.0807470378386	0.166788757833875	476
-0.116538780974907	0.273628499039103	476
-0.036243974908356	0.0976634706791572	476
-0.09352060697287	0.352567812655037	476
-0.028479803935096	0.13855858476538	476
-0.037845561476068	0.285541592242353	132
-0.118811668834659	0.440781837127332	132
0.048760374437217	0.216147429659344	132
0.091854647509918	0.0677363470685039	18
0.007367657384206	0.273072316549565	18
-0.12400658976773	0.503369006948747	18
-0.050173065558745	0.275624928905751	18
-0.039562486895356	0.0964333459940917	89
0.029759114008335	0.0838078012751067	89
0.030072123688587	0.084402575819922	199
0.015479901730501	0.287430225284639	199
0.113607003213764	0.13717091330622	109
0.08648744706082	0.0697556684484991	109
-0.118243582590654	0.36225439977712	2297
-0.015360770106265	0.173403598040305	167
-0.042509991977067	0.101934122656818	167
-0.121532162863503	0.238164096373079	573
-0.033000027866874	0.0969845561461558	573
-0.034755903877023	0.215529663951166	223
0.029827093190349	0.0855443837267312	109
0.031997199412221	0.0847309034950032	517
-0.116685135917797	0.297393040513685	30
0.104925607942626	0.086475359533753	30
-0.00134501317116298	0.411128059665388	4
0.099397994902035	0.16587020252318	23
0.064270366436394	0.13159730092578	642
-0.11540926901756	0.469046609167439	642
0.048484053590575	0.16535974506947	23
0.066991436611162	0.175997734550561	23
-0.025414234117871	0.279250091596916	23
-0.033554504638585	0.0989113001367016	1700
-0.04870711651886	0.0990964315912489	1700
-0.111575745546715	0.177868923317431	192
0.100520275647188	0.107984129375813	4
-0.120629105758929	0.306533704139746	192
-0.124013263722217	0.275827279142723	771
-0.075072414878343	0.241504499362213	771
-0.027227131671141	0.252033790786677	771
-0.084656971220474	0.300784785840677	771
-0.121718844309875	0.178778600415411	771
0.020348491555127	0.194992421395501	4
0.113846805336936	0.0991288147618573	274
0.029506477293678	0.0858373609288333	274
0.032476667765493	0.143197880999584	4
0.033695112568591	0.0842527587055829	4
-0.11690573941877	0.271752854077368	1493
-0.083016585857727	0.327671053370353	1493
0.09962349579348	0.10721600555019	45
0.031747629582172	0.0848483208395658	45
0.024239549984652	0.0841611657108433	45
0.05750256640829	0.1350564545727	45
-0.12041424314829	0.298989431633314	45
-0.120679983726991	0.27774819343411	45
-0.033840573821021	0.145796674596219	45
-0.045997448377711	0.153258203179753	4
0.108346446844067	0.0864703733859006	4
-0.065936300974362	0.208495044374986	476
-0.065625275162802	0.209695153460418	476
-0.079261027435444	0.267139702939458	476
-0.065021946577039	0.236037737851214	476
-0.001958824713712	0.210060156499963	476
0.089478006578136	0.0919018974306962	476
0.062571499509936	0.136918068304214	476
-0.031159069703148	0.0981044391984633	476
-0.121613522868439	0.177898148441455	476
-0.110450507270413	0.177690109107766	476
-0.111598761140675	0.172817942128577	196
0.063551495219623	0.161399675014422	476
0.115198581028146	0.0976023087168448	132
-0.05980881544153	0.186068879568038	989
0.090810661878553	0.0667523385946533	989
-0.121047706217987	0.267898569051155	18
0.102385648925576	0.0898134702235491	18
0.022888304255066	0.154554416933289	18
0.057334258022869	0.150687444897667	18
-0.056846829022853	0.221072246859055	18
-0.025889934561838	0.224904214785897	18
0.019028416564946	0.130114793454322	89
0.090030868407556	0.0693206000865867	89
-0.045380985853846	0.0982484663067579	302
0.037827428336572	0.0791925118237079	302
0.118345190860007	0.106997881905723	199
0.093174223059659	0.0640583948818011	2297
0.099984755067113	0.108098494881421	2297
-0.072946674767604	0.295379762442698	2297
0.042684770965988	0.175208918396573	2297
0.044656777702911	0.190052543126018	2297
-0.033634644319054	0.218448275667304	2297
-0.051928837111817	0.149823688489444	573
0.032730860380623	0.149357627239364	223
0.123796143135711	0.100468845424168	30
0.092011116166636	0.114374098064879	517
-0.058680828558536	0.284735400757397	30
-0.118877977643291	0.230235955297894	30
-0.112282044345589	0.3489828313631	30
-0.124175747169773	0.227612823106493	30
-0.028311152781527	0.141375672503359	30
-0.00322893979114203	1.96004335753063	23
0.103192932863454	0.59634787506704	23
-0.025807836643906	0.366396010545385	23
-0.034110007668423	0.0965434778636971	642
-0.115175544360744	0.177824561589628	642
-0.075072414878343	0.241504499362213	642
-0.00716637559115102	0.2825526330356	642
0.043927737830798	0.218281943727075	642
0.080091225750622	0.0700851224249338	23
0.040405242866915	0.0791214744034798	23
0.038957865125355	0.080262206826289	23
-0.015072550008735	0.177369093014645	23
-0.04437323299873	0.155346567683436	23
-0.034113433725632	0.0952093668407896	4
-0.032821156918564	0.0988815735560713	192
-0.118877977643291	0.230235955297894	192
0.084282252206357	0.0705379079167224	4
-0.00787735038757698	0.255611073755198	771
0.031530078208805	0.179518671184558	771
0.02800775018466	0.153601775978875	274
0.02577524484436	0.153796122253019	274
-0.046487048502847	0.150606955653803	274
0.094217174489699	0.0668846672946918	4
-0.047043521028116	0.100061325242159	4
0.02781041246076	0.184780706417514	1493
-0.065717965695697	0.238642486254682	1493
-0.116196760736475	0.303030274243461	45
-0.038925107699999	0.154173698331199	45
-0.075049126219052	0.27409842868489	476
0.069517474739475	0.158733703522229	476
-0.014938225287324	0.180822158691287	476
0.09525411647115	0.0635063767249599	476
-0.013479285094785	0.17943693776349	476
0.121630245923336	0.104462099963002	231
-0.031918339775598	0.232171959673037	476
0.098671131568673	0.108086664722535	132
0.111179436008612	0.113312033135215	132
0.087811600408505	0.0685508585089442	989
0.033685038268665	0.0826909760795535	989
-0.033752998201687	0.149437185581366	132
0.09578275931427	0.0632310641919204	18
0.033599359474992	0.197754124308822	18
-0.028379074895297	0.231754016112572	18
-0.079203198323888	0.24250449020991	18
0.058760600570796	0.18703184616731	18
0.109560601304147	0.115449885466919	18
0.101368319531669	0.101350479991359	18
-0.076406448714416	0.343235572738048	18
-0.042509991977067	0.101934122656818	89
-0.038003609048903	0.100132891438743	296
-0.037679924832914	0.246218532630773	109
0.057742256243857	0.13724861071268	109
0.026748865775633	0.0864957094687745	2297
0.08466849280963	0.0689395035840925	167
-0.109222936383059	0.175582048422268	223
-0.105723633435351	0.169575715948803	223
0.031997199412221	0.0847309034950032	223
0.093032346403046	0.067448723057753	517
0.050409608925866	1.28923608729134	23
0.037332136589465	0.0829524662765178	642
-0.012952040930233	0.177008806613356	642
0.090318874035384	0.158291960549891	4
0.038277906520066	0.186216845477738	642
0.083094420358621	0.0708923687004452	23
-0.10033663353797	0.151161932417113	23
0.012093123765333	0.266841270519452	23
-0.069869780024964	0.204284496086535	4
-0.015489251897797	0.182132484927406	4
-0.006523485506436	0.171955729928508	192
-0.040844223800902	0.101660915739334	192
0.067174841594187	0.108030731820904	403
-0.1105512972724	0.176493818919201	4
0.017896361868299	0.238582965536311	771
-0.022034251881043	0.254804901627569	771
0.090630247817241	0.159217504562791	771
-0.029498051546691	0.095443783491025	274
0.12463353428724	0.104823214459246	1493
0.034821046777471	0.0838903568248648	45
0.039034250268716	0.0794297654505771	45
-0.109557662330344	0.173911207289536	45
-0.039003215206477	0.100328574963044	45
-0.040064215506897	0.147186540741826	45
-0.073007981146725	0.205112187024694	45
0.066332352986464	0.128304266126747	4
-0.02829485044965	0.249219288183521	4
0.033495890382624	0.229557575050525	476
-0.123383107249136	0.227261347325089	476
-0.041916890239153	0.260722382139918	476
-0.052745003197312	0.194535242314832	476
0.094404622582827	0.126734366480602	476
-0.00261388395859502	0.214285930712401	476
0.003426272905699	0.207150708230821	231
-0.011811571724924	0.219871902628241	476
0.100525579268223	0.122246292518771	231
-0.040806247535579	0.265940031038184	231
-0.039741096782999	0.100867367680409	132
-0.00171620932175598	0.25760095571453	132
-0.030298813918442	0.14390424467444	18
0.044437046571969	0.179661138420066	18
-0.052275210725365	0.29650759098412	18
0.037105045249361	0.212038617521017	18
-0.083711919477088	0.33431129357513	18
-0.034666801812777	0.0997029697152663	89
-0.050109653850944	0.314567647108232	109
-0.045298415965055	0.152453184992983	1167
-0.114493111172464	0.175752430819615	1167
-0.114286038160419	0.182328310624969	1167
0.092022665974438	0.0650723374303173	167
-0.119348046755885	0.353131773356886	573
0.000106371244738002	0.268529880795829	30
-0.122398987280327	0.41193806888061	286
0.00241813884571801	2.03313677794166	23
-0.022691138902992	0.535645583932563	23
-0.092945167832796	0.648719445253947	23
0.044373194379741	0.132751172859841	642
0.084896076518794	0.134225856010677	642
0.00126731361437499	0.245023004518769	4
-0.036904904329421	0.235953931137369	23
0.086213281512802	0.133332779646922	23
-0.059675473462666	0.191615553105521	23
0.060994688763424	0.151137539700537	192
0.109035765225238	0.127376175427038	23
0.098453093010664	0.0935984288230888	403
-0.005805472417657	0.172379400591367	192
0.121795885082899	0.0943723725974605	192
-0.041078746481431	0.155644548885539	192
-0.037617223951866	0.213241938654719	274
0.021229171978951	0.171217773375586	274
0.023967502680249	0.157224770756305	274
0.099027037594912	0.0913267500687609	4
-0.07792223712521	0.241229196329593	45
-0.030458289411396	0.145050705158105	45
-0.031287626042015	0.142333904314624	45
0.042555817028089	0.159021815328261	476
-0.116804649234068	0.303513604039532	476
0.102773182426282	0.0896747052685177	476
-0.110450507270413	0.177690109107766	476
-0.076323648375655	0.273985041677963	476
0.031641818537615	0.117415255360658	231
0.062531575503384	0.130262958386749	231
0.066800626711814	0.103775583297607	231
-0.069965885221229	0.237071048903453	132
0.019820806836826	0.126013895531826	18
-0.119418915062046	0.27663113628379	18
-0.074661184571978	0.241488262644405	18
-0.103747107263272	0.277600521609768	18
0.018370479399531	0.124189285510335	89
0.0314462311969	0.0836577550685956	89
-0.03678489653253	0.0964460336547415	339
-0.120140029095817	0.181916583854437	296
-0.116658663310794	0.180391722950282	720
0.039836864827013	0.0797159279295881	109
-0.01621739283922	0.193898280365643	1167
-0.061185751868803	0.206387458937295	2297
-0.113929514631408	0.177049201800859	109
0.122864328199469	0.0910858398417015	167
-0.124203789876053	0.231165673371288	167
-0.072281578964529	0.206707545248716	573
0.095184765135173	0.0934291556997355	223
-0.112824044354316	0.175515859885757	286
-0.119899858275668	0.231165317865895	286
-0.048494970595738	0.2723036395515	30
0.06147144420854	0.110591130693771	30
-0.009655499101895	0.174636017626351	517
-0.033286083039466	0.430605298351939	23
0.041329427185091	0.464515839691971	23
-0.108075000640581	0.679500660408283	23
0.061900162657397	0.133746147256098	4
-0.119498878366245	0.310286680949613	23
-0.011830162583549	0.173765389597197	23
0.062292996455898	0.164155695132632	23
-0.010894118815301	0.178065891310491	23
0.020813560948944	0.197101084304993	192
-0.124321860578384	0.307404267896936	192
-0.043472835451062	0.332956086186476	23
-0.00375909835357502	0.308471552424484	23
0.028972723049277	0.212910951286393	4
-0.102193329031151	0.272200787942078	4
-0.119256545354928	0.174996985350553	192
-0.066025938998307	0.233144440028036	192
0.063021334109661	0.107156706773948	4
-0.078953240816594	0.242947191366443	4
0.093517564808357	0.141642633897555	771
0.026204340842665	0.210135401560002	4
0.024140284530308	0.186773144322692	274
-0.079288381324202	0.265439424409795	274
0.075530390718253	0.100460162167711	4
-0.020625172934543	0.198626019198609	4
0.031802378166185	0.17089287032973	45
0.070003657843561	0.106466253369562	45
0.090026883780733	0.0686499958168626	45
-0.119012691520472	0.182343680456661	45
-0.122753084235291	0.279611276483354	45
-0.0783157626667	0.30170180913677	45
0.024569009962125	0.123282900758313	45
0.042945444646165	0.134180119178231	45
-0.083202593814049	0.278151742242206	1117
-0.120591521952468	0.310568822794454	476
0.06708262262015	0.130350341689385	476
0.111185939360955	0.0849481178431735	476
0.095299175571357	0.109257702861371	476
0.120699806160176	0.106297449765975	476
-0.054439025192591	0.195690791500302	476
0.020496601791815	0.131410681852503	476
-0.035384441373782	0.151130084661899	476
-0.052859006384344	0.190765666701691	476
0.055760138429717	0.172595935540112	231
-0.108539835574539	0.309228145618385	231
-0.112615773456042	0.313334826554205	231
-0.035758119634602	0.243672680375392	231
0.120512816313816	0.118163898308977	231
0.016825401596848	0.179985911144613	231
0.089624808954566	0.128161653738962	231
0.034662901629352	0.178509073277925	1846
0.08608722179876	0.0688440974591837	1558
-0.037534538502611	0.15467277640721	1558
-0.080143615689317	0.356190354676206	18
-0.038994523901059	0.150355968057456	18
0.020308075790236	0.156807843800832	18
0.00890661635433301	0.190082378501076	18
-0.040919487263722	0.264405258182285	18
0.024517879256549	0.15407206467927	18
0.036200303569454	0.0835865372794923	89
-0.109426332601734	0.174046207244927	339
0.099512909128388	0.0881891427469824	199
-0.033683427639448	0.144784254432151	1167
0.016129362374571	0.131133989323224	109
0.00774954268647099	0.197600575061955	167
0.029370251076423	0.11760902571809	167
0.09420519060387	0.0645547773345295	167
0.071278470817639	0.104156955147247	167
-0.11851463573384	0.233203271102798	573
0.090516837824666	0.115491649524443	573
0.037579243262677	0.0825751637182051	286
-0.031993491593871	0.257950596465033	286
0.013832861579289	0.132075551759658	517
0.062742115669533	0.109216644898474	517
0.033133251101823	0.084545409463104	642
-0.096536896664971	0.355968254873294	1250
0.016114657533028	0.196722037912343	23
0.010178234957784	0.187285864315022	23
-0.024286265289804	0.268015713368981	192
0.095644162555316	0.111817466175285	4
-0.119137527542273	0.226594979056197	192
0.024614760044028	0.123357381259381	192
-0.120489519934742	0.269771630628079	274
-0.120515749767334	0.2367744762059	274
0.091754922068922	0.114662304525368	274
0.072543166343649	0.102406882951467	274
-0.058657148574342	0.200072420219505	274
0.117440208667958	0.095376597558472	4
0.089633094677217	0.0679754700006138	45
-0.111439983095566	0.325712158814522	4
-0.076030955780747	0.242158872565754	45
-0.037438090324437	0.147192121023683	45
-0.04028379178964	0.0973885165614567	1117
-0.035384441373782	0.151130084661899	1117
0.027561090956687	0.0839793512558072	476
-0.111776897982047	0.323605583001784	476
0.102042846315926	0.104805857424534	476
0.083628380706142	0.0681982588955052	476
-0.058569484107561	0.201646778014787	476
0.01244066331937	0.131665084760355	231
-0.120130033979682	0.268511431893637	231
0.082168955024485	0.090171715986905	231
-0.015072550008735	0.177369093014645	231
0.086635044080705	0.0698099487664053	231
0.11304882635114	0.0813546682511602	196
-0.063832554801919	0.202774056944461	231
-0.079201556062942	0.27690100537374	231
-0.008441372766331	0.169801321398076	132
-0.048309236334379	0.153317323159002	18
0.026195714492819	0.0843318781499821	18
0.028697715800322	0.0843173085380875	18
0.020716351241187	0.121962812913369	18
-0.033554504638585	0.0989113001367016	18
0.087671033746337	0.0699594559399261	339
-0.113386550945839	0.171021830204335	339
-0.10932582151259	0.176468370548125	109
0.028127826835431	0.0866066223589225	109
0.090026883780733	0.0686499958168626	1167
0.083380547843104	0.135144185850463	109
0.10344604877053	0.0910524224683255	167
-0.08496341181824	0.275395559051077	167
-0.045997448377711	0.153258203179753	573
-0.040396868775108	0.151895656561045	573
-0.035221187230623	0.0996917527572204	223
0.016111742862869	0.13191836332307	286
0.00478967853809301	0.186298306112768	30
-0.076458180427483	0.201744145538611	30
0.020447735181953	0.15568992118515	517
-0.020770982455501	0.206285258566167	30
-0.040502829661652	0.146887357932558	286
-0.025027846400808	2.0809567127762	23
-0.028191177033609	0.620467853355631	23
0.105241387221098	0.173893383580439	4
0.113966717412714	0.122499692574551	4
0.045516626521103	0.157056936847179	4
-0.00544281832313498	0.223035763153982	4
-0.025545543983335	0.224832967663354	1250
-0.030380293633257	0.211953397691074	23
-0.122059801455192	0.276700140523353	23
0.031725857613614	0.166506208497146	23
0.047616417683669	0.171329290290974	23
-0.070430540732303	0.287858612143777	23
0.082896256270655	0.148135589373514	23
-0.039415854630665	0.24465547533947	23
0.025092680359283	0.212645672129579	23
-0.012544049395116	0.226047225052078	23
-0.038768951710484	0.155789952419083	192
-0.116793972375188	0.262111740240028	192
0.023961276494607	0.1240126592123	192
0.104869006248655	0.089980622919021	192
-0.07996121388106	0.276571023105659	301
0.020851641458529	0.127987947587978	274
-0.060440636240725	0.203858173828887	4
-0.00209404184266399	0.164727227436779	4
0.097122199643536	0.0919930355467056	4
0.028093512399344	0.0796802785021779	4
-0.121267921516263	0.18014156514154	45
0.109659782311184	0.084778602734015	45
0.08608722179876	0.0688440974591837	45
0.091847088387879	0.0675854687100914	1117
0.095393786795018	0.0658895182215375	476
0.075302805454118	0.136267657744128	476
-0.061839265969447	0.207225712447557	476
0.065512088294965	0.106772753111148	231
-0.121532162863503	0.238164096373079	231
0.030067881089756	0.0815511712359029	231
0.093427045619638	0.0658936152661343	231
0.011011932211805	0.207242016170162	231
-0.055764932734514	0.219219745711149	132
0.099238215608428	0.0916811436215728	132
-0.072658351596546	0.245979904520006	1558
-0.050862873747743	0.186888483823183	1558
0.01885399003139	0.128719925314364	1558
0.036200303569454	0.0835865372794923	18
0.014475386069495	0.13291023928291	18
0.097618847742173	0.0620299900677623	18
0.058373021068409	0.170601315559019	18
0.092373204447385	0.128087827181773	18
0.022709176089234	0.121853794210985	18
-0.03935925643723	0.150086835791999	109
-0.031532743806358	0.145680881549073	34
0.031747629582172	0.0848483208395658	720
-0.028752673190078	0.0925546551709775	109
-0.00464589971477902	0.169179762037013	199
0.02483198187876	0.0832798062314988	109
0.036904117470566	0.159085729596187	1167
-0.039754697036434	0.151704643009777	109
0.03481941512796	0.169019037304585	167
-0.022684306069453	0.207966906984973	167
-0.00569995873255302	0.165540193433467	167
-0.034828470786026	0.150081424771237	562
-0.114390772585208	0.181510093629459	286
-0.073940107402093	0.201550663313749	30
0.025655551674219	0.123020276864606	30
-0.112724578106539	0.173978890426403	30
0.096902042692366	0.257222296706034	23
-0.023239470576578	0.220309846118694	1290
-0.032655114819283	0.235537838252964	1250
-0.076025267959404	0.370297236023019	23
0.019845065702597	0.128649840308238	23
-0.033414519050799	0.214341647718402	23
0.106419543253145	0.0985862304394132	23
-0.036166377156169	0.341891348665457	23
-0.062147793287111	0.20810214419853	4
0.088848908573589	0.0696786937937549	4
-0.038213042500073	0.150126368737632	192
-0.123487621335575	0.265179016693324	192
-0.118641028774446	0.227491833645495	192
0.061617818033094	0.127523205717239	192
-0.122816831108294	0.306852197191758	192
-0.071821200446118	0.244435485750971	301
0.018404681263805	0.17695287456455	274
0.068445921755637	0.108258609831653	4
0.072158659568867	0.100375064753898	4
0.108848684924085	0.0862107857871792	4
0.101221931501038	0.134907003512441	4
0.067312673114828	0.128468568645442	4
0.084895701658358	0.0685157215219355	45
0.037332136589465	0.0829524662765178	45
-0.063705794402398	0.205873586739468	45
-0.019555264913285	0.178338223445496	4
-0.101113800150725	0.304408130960443	45
0.116918742113053	0.0779029108710246	45
0.027370210209116	0.083709427566622	45
-0.034983087613038	0.150507137730227	476
-0.114286038160419	0.182328310624969	476
0.110795808498117	0.0854634213564318	476
-0.074222822339261	0.200791319819756	476
-0.121903186162043	0.226402554145847	476
0.027658921440329	0.155386682079691	476
-0.080541659036496	0.248160039011048	476
-0.11727901717102	0.221356490484493	476
0.085458594030296	0.0704861106918886	476
-0.035221187230623	0.0996917527572204	476
0.065178398875912	0.110506584842636	231
-0.123162798502495	0.23523443423999	231
0.065771141490485	0.107352190405554	132
-0.054936871638663	0.299350004301751	132
0.066304631113804	0.105156369613143	1558
0.086635044080705	0.0698099487664053	1558
-0.018260940626411	0.181440005522664	18
0.065160665267497	0.109201223377252	18
0.001305764212441	0.194956076512747	18
-0.104149198253231	0.335990828325036	18
-0.032821156918564	0.0988815735560713	109
0.06261782699545	0.110688716075371	109
-0.034113433725632	0.0952093668407896	109
0.038709217483997	0.0819489753591244	498
0.091594658893885	0.064411272478991	720
0.058432022518881	0.133303870037287	199
0.00308783020581199	0.207704573791644	199
-0.035992253768934	0.23602752154731	1167
0.090677055959772	0.0668180968608843	1167
0.00732711302359401	0.18904727989124	1167
-0.012934231895979	0.179136368032391	1167
0.044140514941181	0.161375001919485	109
0.00556283654888701	0.185562815370105	167
-0.040001630070306	0.155382466997557	167
0.02809375861503	0.142590799272723	167
-0.114062254676075	0.219696890387727	167
0.069241923207191	0.125701568854387	167
0.090030868407556	0.0693206000865867	286
0.096570501354104	0.0638580116952729	30
-0.008258003284288	0.170759086067097	286
0.101867642954159	0.276968295395289	23
-0.070967845196659	0.380369128250614	1290
-0.021383831386509	0.296534233884949	1290
0.095644167199918	0.1111710317262	1290
-0.109032524685976	0.286719809183372	1290
-0.06689704688423	0.209804901671614	1290
0.015584020329057	0.181597590317846	1290
0.034518540255033	0.0835298070606415	1290
-0.00464589971477902	0.169179762037013	4
0.01206585919928	0.269453065375538	23
0.001421596606688	0.188564119643509	23
0.120777287140735	0.0954383677711258	23
0.089659126292287	0.0671185574350419	192
0.097998066762747	0.0603373384245771	192
0.095393786795018	0.0658895182215375	4
-0.010998380186219	0.174623090697688	192
0.078029194692947	0.15423694233356	192
-0.108700226636876	0.329992541465509	192
0.11395203946601	0.12092288898363	4
-0.124824238908674	0.237867098360064	274
0.01738399361684	0.13002968908268	1424
-0.120888552985929	0.228792107761975	1424
0.097346709835951	0.106254480955533	45
0.091854647509918	0.0677363470685039	45
-0.107090662896982	0.31775863331708	45
-0.123383107249136	0.227261347325089	4
-0.113410419543657	0.256505813874428	1117
0.016733082362304	0.119534513026467	1117
-0.049333651262022	0.274428854867669	1117
-0.064380008263036	0.208920285597064	1117
0.00220769778379501	0.247600940747136	476
0.00682268562840599	0.128306560416291	476
0.033478200944353	0.15179208392794	476
0.090821356184562	0.0674176342232614	476
0.0000675761696899979	0.194901817251811	196
0.058461627615719	0.181932824313304	231
0.049572052399312	0.190752287521229	231
0.021599954198396	0.193773904399698	132
0.119188923005593	0.119315160296169	132
0.013203033169178	0.17461048792525	132
-0.034405099994732	0.149105714312775	18
-0.048864110318347	0.180894430874008	18
0.06253549464148	0.142946560752654	18
-0.104256046304141	0.318508636524922	18
-0.11704915828885	0.29504297137639	18
0.020644153243514	0.127211247724455	18
0.064013739713394	0.107266441101758	18
-0.121940422770783	0.277013931835338	18
0.021681192638595	0.207589474398025	18
-0.106896445058081	0.321941035047873	18
-0.035597576264984	0.0972797899163222	720
0.030807587792563	0.079056974507891	720
0.041204728350365	0.181746427313006	199
-0.088012856805873	0.303294337942301	199
0.102532405640447	0.116893868748042	199
0.106980614260794	0.0886347498286588	1167
0.08530454818389	0.132843769157074	167
0.04901385328924	0.173344583803123	167
-0.121940422770783	0.277013931835338	167
0.011811469470785	0.181492376576895	167
-0.054516487364715	0.303071521980461	167
0.0214078467729	0.193244133555073	167
-0.00780886413885201	0.172208720610984	167
0.086635044080705	0.0698099487664053	580
-0.044176834607404	0.100252958759811	286
0.030361676400167	0.0844616484120457	30
-0.108598299528105	0.617845918608217	1290
-0.02704443693483	0.37628941517944	1290
0.110789672817244	0.140520352071776	1290
-0.017085376038151	0.242827680293947	4
0.033661784330548	0.147208102723312	23
-0.094332656279487	0.332017475455866	23
-0.078213824323655	0.35277279509858	23
-0.088051618287412	0.410651881883304	23
0.116740745428407	0.119830520449948	23
0.036050479239005	0.22612303189017	23
0.02156318647824	0.237059409219	23
-0.00207430073100601	0.207478077222159	23
-0.034408811298486	0.241645568369084	23
0.063278476283333	0.160357047583021	4
-0.067405035266862	0.233946675450766	4
-0.044863629294012	0.154071705292746	4
-0.124114178429899	0.3056710894112	192
0.06802517544264	0.106795657569766	192
-0.069128099313886	0.23808900328014	192
-0.017494089504442	0.1786860007709	192
0.014991835210279	0.157517714664078	192
0.073295556388014	0.121894046718898	192
-0.006822346635595	0.171202112321997	4
0.121584467125924	0.115408130672692	301
-0.075465075209836	0.298210240392619	301
-0.083415056123912	0.244702355077632	301
-0.039003215206477	0.100328574963044	4
-0.12294808698228	0.178196571751714	2197
0.102364706001268	0.0846504523258315	274
-0.110865143010594	0.336005083400838	274
0.021323362694676	0.12826780479479	274
-0.114954484353511	0.325404111848188	4
-0.106986595207299	0.243710106624492	45
0.025866634263798	0.0852415048002229	4
-0.033554504638585	0.0989113001367016	4
0.081282940610135	0.069427867342986	4
0.031747629582172	0.0848483208395658	4
-0.022252673228199	0.182102437796885	476
0.064642326153201	0.131614589452253	231
0.095184765135173	0.0934291556997355	231
0.084990279013867	0.131122949799223	231
0.025253206159498	0.151661870454543	132
-0.020937718836509	0.181371766063613	132
0.093682918810984	0.126548331816654	1846
0.033384338727619	0.0837178281943874	18
0.015167287635412	0.224552690518335	18
0.103727763531386	0.101730212374221	18
0.023146004543877	0.127038669132095	18
-0.117742248672224	0.228412397099146	18
0.068988522239812	0.10720924948451	339
-0.036211450507733	0.150160730066521	339
0.02274477431156	0.127613052652558	109
0.087820048576752	0.0688955958773601	498
-0.052135874637664	0.189987644345118	720
-0.066585418024079	0.209908854301853	720
-0.027321962473898	0.213488139193481	199
-0.119418915062046	0.27663113628379	199
0.073981121392318	0.102743753557712	199
-0.103376391386303	0.30770421486914	1167
-0.01360175169779	0.176398981814699	167
0.044767302633212	0.16280450910683	167
-0.070206925066587	0.243657933694447	167
-0.023385976090277	0.201647532842675	167
0.067057528854421	0.104518476647094	167
-0.013263791083331	0.226669803908962	167
-0.12260654562221	0.311018512396549	286
-0.068398008609053	0.199334323194064	286
-0.120448510615871	0.272243954398921	286
-0.119012691520472	0.182343680456661	30
0.00764364009768701	0.489921534246612	1290
0.00746726203131001	0.267795926781254	1290
0.00907563602070199	0.228923216184846	1290
0.099405149926345	0.135852562757371	1290
0.018525013255992	0.242030332546367	1290
-0.043161662363083	0.371972512542886	1290
-0.01343290518157	0.285609995656802	1250
0.060255862885637	0.132575987473562	23
-0.077936026208346	0.352419427186289	23
0.001278753740589	0.279866419154836	23
0.05904128655407	0.206822866369194	23
-0.111320697223577	0.547728970123191	23
-0.072386236836931	0.37119785013508	23
-0.091253388294162	0.363306870147526	23
0.098343583984691	0.122270849674376	4
0.094698057864185	0.12435273617015	4
-0.084096003719427	0.317744871667766	4
-0.022659843418929	0.202005423738365	1424
0.00218190112879599	0.187336005214984	1424
0.10052095910018	0.101563232967356	1424
-0.040669797870961	0.0945744440599321	4
0.069269867603902	0.142786994754076	45
-0.081646654272489	0.300846532935885	476
0.034625295649995	0.188333986426092	476
0.031425288225909	0.172279908008669	476
0.105670166306798	0.0994273038525025	476
-0.020233542004004	0.243214826661963	476
0.023622170606768	0.0819312283499902	476
-0.120818918075534	0.276780558951703	476
0.10614854296438	0.118018539551556	132
-0.000270791323098984	0.191550031967086	132
-0.114098002746621	0.213184442978267	1846
-0.118870316151294	0.324565500343186	18
-0.117432177548032	0.177182878790613	18
-0.041949673887983	0.0997020403248869	18
-0.044176834607404	0.100252958759811	955
-0.105723633435351	0.169575715948803	18
0.092897873954415	0.109554472522834	18
-0.033755303876388	0.219530162151865	18
-0.060888785302571	0.201282219631369	18
-0.059010614807407	0.196552669076877	109
0.093032346403046	0.067448723057753	109
-0.119383177322936	0.219738723560479	498
0.092387975546128	0.0673817443342374	109
0.03404385409975	0.147205674766206	720
0.030648357151989	0.0799863747474367	109
-0.035221187230623	0.0996917527572204	109
-0.064509773925441	0.197981258107365	415
-0.01970930017548	0.250803566527119	109
-0.067816744731165	0.257215646005841	167
0.09509542391476	0.087746809531679	167
0.034398083558841	0.178573715937221	167
0.061868969973344	0.16010245622394	167
0.087671033746337	0.0699594559399261	286
-0.037207178504727	0.289126124736376	30
-0.108689056871797	0.325813355683097	286
0.124372823898979	0.524719868006453	23
0.012996928823729	0.988536006271358	23
0.032277676869008	0.861894602358582	23
-0.032849867990245	0.994330129179918	23
-0.044935476794233	0.889524075841374	1953
-0.056734089324206	0.381125594299717	1250
-0.103816346807695	0.336424938060601	23
-0.101696993094477	0.478263778289807	23
-0.022117007747389	0.326667789044889	23
0.100128878601686	0.165382781336145	23
0.048002372882099	0.216801489937168	23
-0.023064350677597	0.299529801615442	23
0.123330271751191	0.0926923173143335	23
-0.085930227150658	0.358510912166939	23
-0.117065905178482	0.299163021184122	192
-0.114994214860881	0.299426763117724	192
-0.115279453614695	0.382236478052373	192
0.010986093000505	0.20456096502765	192
0.09267340626105	0.12829884808236	301
0.020842907942129	0.198331559485694	301
0.058880396496236	0.132602981690008	301
-0.116492330726771	0.172327667329313	301
-0.029498051546691	0.095443783491025	301
-0.055707376445111	0.196398523478645	4
0.073119273401681	0.169688968449606	4
-0.012088997969233	0.265907845012394	4
-0.071279477233656	0.235988576221057	4
-0.026448408566459	0.226543542175661	1424
0.061196450506209	0.111015241350376	1424
0.031747629582172	0.0848483208395658	4
0.089623153806677	0.0668978496737645	45
-0.110450507270413	0.177690109107766	45
0.022710657813656	0.196441619334387	45
0.086636232160851	0.144473006246073	45
0.098414811927693	0.116178827613951	45
-0.113604611397741	0.288278776870392	45
0.075855172645983	0.154212207433665	45
-0.114485240251355	0.298823823683116	45
-0.116095888613202	0.297447647546804	476
0.100140955316039	0.105308374507176	476
-0.037516256932997	0.242407876850777	476
0.114872550281503	0.111154158085302	476
-0.075194560202473	0.346581802431217	476
-0.073330778708613	0.273773156517823	787
0.066153492292819	0.147361987411099	787
-0.00746626810679102	0.221051191232984	132
0.059366497214243	0.112176814889214	132
0.067456885699199	0.108635782903036	132
0.072011124132281	0.103028929982636	18
-0.03861047511274	0.154935039302282	18
-0.115363755131964	0.170076784459989	18
-0.033554504638585	0.0989113001367016	18
0.087811600408505	0.0685508585089442	18
0.021996297681169	0.0854383062267675	18
0.092550317537913	0.114489568866839	18
0.110376248550544	0.0843454581097847	109
0.02604388787215	0.122786069098995	109
-0.028217829064961	0.21326520695926	109
0.092009180208191	0.0663873643346392	720
0.013832861579289	0.132075551759658	109
-0.062354093893471	0.205367836286278	1167
-0.075606094928634	0.248358665041157	167
0.106384156757908	0.0889584240260259	167
0.025430237885955	0.122856094239632	167
-0.038003609048903	0.100132891438743	167
0.111645607943596	0.0838404922079456	286
-0.116548165182873	0.30125799371471	580
-0.074493844118615	0.26380608817248	286
-0.055694882919045	0.199543566025424	30
0.111264756753823	0.573773931649591	23
0.013336870228644	1.04472008400912	23
0.121539726659452	0.440977769080092	23
0.020244219454829	0.694511465817633	23
-0.071093264017121	0.979283133115742	23
0.002878112852882	0.231758894878072	1290
0.068678965748036	0.192370408595819	4
-0.088611897987463	0.384623618584832	23
0.077321830373658	0.193762281506294	23
-0.016888599637869	0.27137879271093	23
-0.053260042583738	0.317704388686086	23
-0.037136029298545	0.287466275783463	23
-0.12417754779537	0.237517222246361	192
-0.012220088989446	0.222806861600814	192
0.032376526356388	0.189943703569678	192
-0.104976113149179	0.319082742830709	192
-0.013366832835582	0.234174198276478	192
-0.042123800902842	0.248492457308358	301
-0.072967112429282	0.293366698815825	301
-0.034387844062243	0.237925822459847	301
-0.030755899451911	0.217007716349806	4
0.058128747376466	0.132945851134326	4
0.095644162555316	0.111817466175285	4
-0.038431937318372	0.148576783086044	4
-0.115857545508068	0.225519225247698	45
-0.078382538554875	0.276802771078631	45
-0.112127576321267	0.318950827091901	45
-0.01667773594184	0.267619778679415	45
-0.033360352124428	0.218775849045802	45
-0.011542089209313	0.246744442681506	45
0.066468220768304	0.107477196001673	4
-0.044063773028026	0.150855150401738	4
0.031199616750944	0.0856518567102529	4
0.096432035108071	0.0641110657081929	4
-0.048154071982141	0.153813552202835	993
0.033384338727619	0.0837178281943874	993
-0.052660756899677	0.27981703108093	476
0.12016678574127	0.115325800286562	476
-0.11601842308384	0.331181865130353	476
-0.080541659036496	0.248160039011048	476
0.025951037153493	0.153881603908176	787
0.020957322502175	0.195958610048606	231
-0.062977249947946	0.253550993047259	132
0.031861636924331	0.151788059593956	132
0.0679991418522	0.108103400621005	132
-0.063394496004386	0.228911431783006	1846
0.028697715800322	0.0843173085380875	18
0.098453093010664	0.0935984288230888	18
-0.074593659046402	0.206059868110196	18
-0.033907625536917	0.14905114587847	18
0.078913460009317	0.070151465017273	18
-0.036589724387222	0.0947047350810355	18
0.023578083968054	0.128016152296584	18
0.092517111050108	0.111230610537771	18
0.111185939360955	0.0849481178431735	18
0.025617547461625	0.0866724066444074	109
-0.124212909944509	0.264194504729406	109
-0.066569655000992	0.240691323676161	1167
0.068296229440172	0.128390622228617	109
-0.035210505905616	0.220834297112802	167
0.00890661635433301	0.190082378501076	167
-0.124024092217524	0.292011441240235	167
0.037846315311122	0.168751200198709	109
-0.031532743806358	0.145680881549073	286
-0.029952630048568	0.230524860865387	580
-0.02061987556298	0.179635776977245	30
0.067968163186153	0.125559596270862	286
-0.045634485135784	0.244020463120088	30
0.035954743729463	0.0832571614702204	30
0.041627595506356	0.828750433384732	23
-0.035737512552454	1.06472402261164	23
-0.105443135359902	1.32896991261499	23
-0.084497021267028	1.0392453134759	23
-0.026033838886481	0.327459960163331	1290
-0.082831358823166	0.456364427619681	4
0.087466428370902	0.170685164247475	23
-0.00868632062626501	0.26336452878385	23
-0.121004187394876	0.448998666286976	23
0.050226639969457	0.190331090599822	23
-0.062733997744114	0.358649900432416	23
0.107229128246063	0.14652795850307	23
-0.10377618640167	0.374532442352489	23
-0.069251271220649	0.340523449680698	23
0.011649484531927	0.206799274856257	4
0.03404385409975	0.147205674766206	4
0.07089670386231	0.141145154054299	192
-0.122402450943461	0.229129805502875	4
-0.123745145019734	0.343555667676828	301
0.090241355049798	0.129506844167938	301
0.018262115952579	0.19616717766712	4
-0.117162502708102	0.322697710956623	4
-0.034413189903709	0.213606803034808	4
-0.035818398211916	0.142303386364982	4
0.014327458661862	0.179983237177127	4
-0.00640543415109202	0.213743661994627	4
0.031747629582172	0.0848483208395658	45
0.00145648068966101	0.181638871114807	45
0.014615922745838	0.178466484782609	45
0.065504792060336	0.162490221056419	45
0.018985462666419	0.126185598252592	4
-0.069353076508485	0.242547610937231	1117
0.027561090956687	0.0839793512558072	993
-0.026420925853298	0.198019976220822	476
-0.00898664875569699	0.223995820542891	476
0.0107804512232	0.181794737724523	4
0.108794441338021	0.0861235985850589	476
-0.081551590492304	0.329887809600404	196
0.063735088403403	0.108841686433804	196
0.00412335836896099	0.192512305140222	132
0.02118349288437	0.157121015880413	132
0.030711190716744	0.149987023703222	18
0.033685038268665	0.0826909760795535	18
0.042706632176473	0.163905493098145	18
0.065495265713875	0.13061146930862	18
0.124832182238404	0.0920096574482119	18
-0.112038672684178	0.179269996958016	109
0.089645088569364	0.0680799420359369	109
-0.072108998277876	0.233705484376654	109
0.065178398875912	0.110506584842636	201
0.088845711175265	0.0684617037123641	201
0.020723092761687	0.124623305180452	201
-0.102114722865714	0.158162516723983	109
0.059448086790899	0.151849767133411	109
0.099984755067113	0.108098494881421	167
0.064913682249693	0.155364747462571	167
-0.120873059084998	0.28911331288835	167
0.10531825839461	0.0902325125527352	109
0.064186384416594	0.111422943915699	286
-0.122548970663652	0.238308480130202	580
0.122881259615527	0.0903257243114654	286
-0.081012014772489	0.27375202228263	286
0.087044106014523	0.121926615138064	286
-0.079417991348287	0.290965695053927	286
-0.033667804201786	0.215050641526433	30
-0.00743142799990099	0.174659526726799	30
0.114094542523573	0.419831593235764	23
0.075575748782006	0.531348852406058	23
-0.0000465343493489812	0.689653412475912	23
-0.090063019026025	0.499812552569118	4
0.12270190144731	0.116231166232857	23
0.043037711188835	0.201862695369684	23
0.096437376553724	0.110403276621578	23
-0.084209925390982	0.397968707371089	23
-0.078519361205727	0.344719049537221	23
0.026662927871003	0.23104126546795	23
0.075405832630159	0.13922424094802	23
-0.074518328120119	0.345700569461081	23
0.076440228076442	0.155639560422445	23
-0.031291538594212	0.258035949292564	23
-0.013426520639803	0.181067001686311	23
0.110255574692509	0.126333037412909	23
0.093631102710183	0.113569287894409	4
0.035300148759403	0.186938256684594	192
0.037894087112289	0.139510153474261	4
0.12456932048637	0.100645468051892	192
0.031573078122248	0.168586174315485	301
-0.109222936383059	0.175582048422268	2197
0.089645088569364	0.0680799420359369	2197
-0.025369774698822	0.133751271922852	2197
-0.00249836709775297	0.191647526665393	4
0.097610052033421	0.063514348073361	4
-0.078382538554875	0.276802771078631	45
-0.112818018272592	0.261894733293524	45
0.018214158024062	0.127495650787311	1117
0.089850632117916	0.129180036798159	476
0.033838936762949	0.15059600974386	476
-0.065328875705235	0.312542006537634	476
-0.036888952753567	0.099347238411251	787
0.121199644713502	0.094619254484262	196
0.019896035773161	0.157481056587552	231
0.097012989979618	0.104681143375474	231
-0.069217202894999	0.261492072887661	132
-0.033752998201687	0.149437185581366	132
0.110710015170955	0.0845747114048577	18
-0.002977676862779	0.215696924597519	18
0.100323990236509	0.092337993688216	18
0.020644153243514	0.127211247724455	18
0.040647925363708	0.0775616117502389	18
0.033695112568591	0.0842527587055829	18
-0.036589724387222	0.0947047350810355	18
0.058378637328147	0.112004616440694	109
-0.045298415965055	0.152453184992983	109
0.104962761548345	0.0868398577164909	109
0.026447525993966	0.156595937987116	109
-0.123568515323175	0.273086306623909	109
0.017155175958986	0.13269280261873	109
-0.066660421468004	0.232209372102737	109
-0.038444960966871	0.0987462625586103	201
0.030631722546375	0.0846682819002339	109
0.01741629782678	0.219334368879994	109
-0.12036277458527	0.228773294882056	167
-0.034586297136026	0.0953979977237683	167
-0.067340549799617	0.197457073372399	286
0.093682918810984	0.126548331816654	580
-0.123448995042494	0.275868248927519	286
0.011063334924969	0.219035864136528	286
-0.121394374551302	0.303632443060924	286
-0.075331150582572	0.275355122157148	286
0.034381904190886	0.146388773014096	286
0.108003435593734	0.0867713224465076	286
0.057863939845744	0.686948639005708	23
-0.042241518427091	1.08987058493085	23
-0.028071006808125	0.493975791487669	23
0.022103725036129	0.65406358343432	23
-0.07069167522824	1.02075991201286	23
-0.029657331992405	0.33205092791128	23
-0.076417003157819	0.350894480664565	23
0.11660702890026	0.131926905826777	23
0.060083017358876	0.18422073927421	23
-0.067868047079818	0.396408842599246	23
-0.044274201937251	0.349617967440505	23
0.058433828542001	0.130402488091077	192
0.085996806919738	0.133206702552103	4
-0.075440110745421	0.242502643766419	4
0.122680100185698	0.0914893902685161	4
0.105653768628848	0.0895119386768235	472
0.029448499394324	0.155019811360097	4
-0.063264543342366	0.232221117264044	4
0.094217174489699	0.0668846672946918	4
-0.033373369385784	0.0962028074971388	4
-0.037349978799967	0.24027725869779	45
0.102994877656571	0.0884607957853789	45
0.016689057453109	0.203654655083104	45
0.025395742306921	0.192250152847326	4
0.100571714395346	0.0915803361893532	4
0.089633094677217	0.0679754700006138	1117
0.055927888084163	0.135372132087023	476
0.015353753363468	0.235440039998839	476
-0.109463758904204	0.352133364123618	476
-0.019316314291151	0.179247279023191	787
0.088455639828229	0.0686406426894939	231
-0.068452483913841	0.260561315640919	231
-0.112824044354316	0.175515859885757	231
-0.036217424734588	0.242659120896924	132
-0.00794615011595401	0.217760804832944	132
0.021661834641479	0.12152069228964	132
-0.067813658877412	0.207021643638576	18
0.030379729890352	0.0827955374959944	18
0.030072123688587	0.084402575819922	18
0.093174223059659	0.0640583948818011	18
-0.036888952753567	0.099347238411251	18
-0.010397856630516	0.177402796600759	18
0.017388026683064	0.216548072097609	18
0.063171973507029	0.164838174692205	18
-0.031726638201352	0.250396212182174	18
0.064105580816197	0.128506505266074	109
-0.123189764081231	0.23302095659595	109
-0.062746456541858	0.201911001157926	109
0.00968470298739099	0.188798863937398	109
-0.037450417018744	0.0985460555820956	201
-0.113929514631408	0.177049201800859	201
-0.039003215206477	0.100328574963044	201
-0.121532162863503	0.238164096373079	167
0.093918194918167	0.123923361909041	109
-0.067334965697187	0.206505496339049	286
0.086518004049338	0.131378419186947	580
0.124404720139261	0.0897674533354552	286
0.062144801663024	0.134195634755109	286
0.091244363642402	0.125063360646237	286
0.122134082541272	0.427005761812819	23
0.079419049452512	0.241843170365085	23
0.054281719665624	0.239664796333957	4
0.057928277327444	0.197702314577324	23
0.016662340115653	0.271896893448103	23
0.104903779024197	0.133418662443546	23
-0.030873490957987	0.336799416413225	23
-0.073476532039376	0.43106417868314	23
-0.068873176042647	0.361768769696642	23
0.1248071256817	0.10429567932581	23
-0.116227375451315	0.332481907856544	23
0.107703288494396	0.11542976199696	192
0.042330132116444	0.195759106243049	23
-0.095558169061033	0.286057865468503	23
0.107249771972278	0.132168813311552	301
-0.042245240056396	0.287392786708091	301
-0.067334965697187	0.206505496339049	301
0.089645088569364	0.0680799420359369	2197
-0.057974259950867	0.19076045898577	4
-0.119087326406761	0.361614737294002	472
0.041194599304424	0.162665238218955	472
0.075155801354649	0.156803615575181	4
-0.035221187230623	0.0996917527572204	4
0.089659126292287	0.0671185574350419	4
-0.076389155892277	0.292344680039848	45
-0.000102474599656011	0.203887726102362	45
0.000386189375388007	0.251698537954598	45
-0.113479207406163	0.316126424034588	45
0.067009455096547	0.108480182647254	4
-0.049804571670223	0.0973794940097657	4
0.026195714492819	0.0843318781499821	1043
-0.027510830416503	0.20837249758636	1117
-0.030410141561237	0.0932717698273877	476
-0.124013263722217	0.275827279142723	476
0.057552896938681	0.204585199897568	476
0.01383271779488	0.180083496732543	476
0.111819900883406	0.129065828212498	476
-0.012709519902203	0.220267036335162	787
0.096429444168555	0.063674280759672	787
0.071290305982425	0.103635510946904	787
0.017827308924702	0.157727089560736	231
0.083964998261659	0.130434091759281	231
0.066944853685647	0.126787647597858	231
0.083094420358621	0.0708923687004452	18
-0.028752673190078	0.0925546551709775	18
0.029506477293678	0.0858373609288333	18
0.058596415009117	0.142538790357648	109
-0.03287713209767	0.231724899522006	18
0.000444798706456001	0.210090594487942	109
-0.035645788982385	0.218711082179059	109
-0.118090571419254	0.358861012354341	167
0.058190376754198	0.136721334074258	167
0.00157264766787699	0.233227634729484	580
0.023313967001534	0.213988294630816	286
-0.024647032722537	0.222483210999297	286
0.105467507169812	0.100167720810316	286
-0.114981089898978	0.326323904117557	286
0.089633094677217	0.0679754700006138	30
-0.034666801812777	0.0997029697152663	30
-0.00567582276150402	1.70749591006208	23
-0.123199377983559	1.5689399048328	23
-0.062869005643301	0.201162082927629	23
0.03101607281806	0.147098893520048	23
0.097499646103428	0.139912700885444	23
-0.04827351445272	0.269181987406573	23
0.12170586429843	0.13466365132086	23
0.01880035043493	0.200147903700458	23
-0.119903021388046	0.303563023368342	23
-0.093500934520565	0.33794970748383	4
0.069616175081877	0.144811284457162	4
0.018483715150615	0.201638465940726	23
0.00966563708879001	0.222246997438289	23
-0.092086526018005	0.338619812775498	23
0.04717130314647	0.176260636768786	301
-0.100657306675564	0.362875068437701	301
0.097994566788533	0.134369879400088	301
0.034267011914175	0.0833813791673214	4
0.062028617705827	0.106522687280448	4
0.093071464751925	0.094004457583787	4
0.025215299059439	0.124099681416739	4
-0.010705301555317	0.232963169661332	45
-0.120682087615986	0.302597922821068	45
-0.037603726839731	0.145134722772134	1117
0.083625142146468	0.0661502897032112	1117
0.026998385657784	0.0867821277358564	993
0.039030243588001	0.167532684674592	476
-0.011303423282589	0.178094705946887	476
-0.037752837878467	0.14557357224892	786
-0.034666801812777	0.0997029697152663	786
-0.031689902878358	0.145245070239973	231
-0.027717474830499	0.212938437430486	231
-0.019497001090879	0.201304364731455	231
0.062900023602571	0.11160826379656	132
-0.06725014480636	0.234868114458314	18
0.041775938794275	0.0781877444144566	18
0.060641114960334	0.110550698702532	109
-0.061563073553902	0.223679729770112	109
-0.034586297136026	0.0953979977237683	109
-0.03226996239096	0.0968292699610618	109
-0.068106088334169	0.236276016013997	167
-0.065324863785754	0.233751828412718	167
-0.119863839948953	0.224087315850586	286
-0.079163052361621	0.275836754995854	286
-0.019794452087842	0.250212147145009	580
0.029834880803333	0.150329068070571	286
-0.039763755230923	0.242999326920453	286
0.061488712329113	0.109012254983744	286
0.078787493814739	0.683477815778897	23
-0.066271033958008	0.387171354272783	23
0.08901111041113	0.154590415150062	23
0.057175218423729	0.241826765239218	23
-0.022567434308395	0.394394781332078	23
0.110193073684078	0.121629093736039	23
0.107179742508073	0.148744688129971	23
0.066004902030306	0.189104128204481	23
0.065181117326096	0.147647629157524	23
-0.029941854648602	0.256245868856382	4
-0.002819457246585	0.23905170411089	23
-0.052642312681405	0.289922492963427	23
0.093523583441597	0.0909211256863167	23
0.071428204689291	0.103424328280707	23
0.031779799693591	0.208090123124637	4
0.050102355005191	0.169134604729694	301
-0.081858218598086	0.275551401297482	4
0.06067379322818	0.108241367615645	472
-0.115618198906116	0.177867309854093	472
-0.048154071982141	0.153813552202835	472
-0.110809555578001	0.177134753388643	4
-0.085484350415262	0.245255774780497	45
-0.026235262584235	0.210179469226106	45
0.10452833016282	0.089629246523365	45
0.025228172536769	0.124566814217739	45
-0.039741096782999	0.100867367680409	476
0.018288670488402	0.152630463631648	476
0.119834320913566	0.0949982531329132	476
-0.061882233910666	0.229110697031084	476
0.062014003609334	0.130579679079683	476
0.089603283797986	0.114391217213715	476
-0.11524390432874	0.264201641310166	476
-0.118005317557391	0.175629718497442	476
0.10335266704767	0.120013348709104	786
0.096353249723336	0.11064163600223	4
-0.049771355286462	0.150415096377282	231
0.028382442500167	0.154446909711504	132
-0.087513780216708	0.277683183811935	925
-0.029541599186673	0.141583709856535	18
-0.065625275162802	0.209695153460418	18
-0.124064633546949	0.386825517404129	18
0.025866634263798	0.0852415048002229	109
0.089719133420142	0.116099131145668	18
-0.026385495589038	0.212800305155033	109
-0.00318115367266603	0.164706911723105	109
0.062292048821401	0.134582094792436	109
0.043027381360417	0.164053701931932	109
0.064195888778819	0.133443120123116	109
-0.041957460784373	0.146202079896019	109
-0.015293915877224	0.178132300221245	109
-0.034666801812777	0.0997029697152663	109
0.088352765346963	0.14695870926627	109
-0.062555868408823	0.260210575315753	109
0.10131448431513	0.106821984463447	109
-0.058380711121487	0.277914695042515	167
-0.041291865684997	0.146558265817784	109
-0.080429916088913	0.30097133767011	286
-0.074512894346897	0.268622015475978	580
0.041510214146406	0.163735017209067	580
-0.032319226913582	0.233154697564105	286
-0.091661291876082	0.302486920213099	286
0.033675346535108	0.162539645484326	286
0.067043136416021	0.101948070962141	286
-0.024725001004817	0.279185231180915	286
0.065032984110066	0.132816501624639	286
0.086101074870374	0.0676484668801097	286
-0.115056696291655	0.175029911379019	286
-0.042509991977067	0.101934122656818	286
0.054357219663271	0.215225521522554	23
-0.072770722143148	0.479109194534585	23
0.01682242294344	0.175936501271895	23
-0.054816488983642	0.240038503143087	23
0.124998979399722	0.103525875505668	23
-0.00441277391366102	0.270579582087245	23
-0.05084183530568	0.341338240479731	23
-0.084741761678631	0.385025436765182	23
0.063184640797512	0.111172393787722	23
0.032060589893422	0.207521231973588	23
0.104195930795875	0.134315701985304	23
0.038087098146904	0.220737954832499	23
-0.013242360933002	0.288414849368956	23
0.089168499683209	0.112068150389883	4
0.065278134839331	0.130362800744494	4
0.035092953292125	0.170222908950196	301
0.042810792251831	0.155897213497078	301
-0.097054399881983	0.340380077380361	4
0.00912985293581101	0.187264731756866	805
-0.011539491838321	0.167346901689988	4
-0.035221187230623	0.0996917527572204	4
-0.09307482297446	0.308242772598024	45
0.061234396214461	0.130409111108749	45
-0.122362038913236	0.225603589014152	1117
0.090026883780733	0.0686499958168626	476
0.065063156528264	0.106132926784653	476
-0.00453306435831102	0.238037621481528	476
0.090093145436393	0.136194046690333	476
0.01759279662799	0.172592932443553	786
-0.043636786668853	0.243981803699859	786
0.015298104631443	0.130687140729847	231
-0.040106085879917	0.0990256675498028	231
0.124897170758614	0.0888154411310991	231
0.046742413482032	0.156286944340293	18
-0.040844223800902	0.101660915739334	18
0.084670648687142	0.0691768460062868	18
-0.117432177548032	0.177182878790613	18
-0.035781380202666	0.0977859364375766	43
-0.031159069703148	0.0981044391984633	18
0.098026246553757	0.121708122038935	18
-0.111214634814704	0.297481536570244	18
-0.11764588678343	0.271704146855094	83
-0.041812325564828	0.149927648018727	109
0.078232773930958	0.0968795421234416	866
0.063807265890249	0.106901364405113	109
0.037332136589465	0.0829524662765178	109
0.068283157594625	0.10590762137111	109
-0.114048065654676	0.176623779893235	109
0.081274965658176	0.0700443890941612	286
0.00776615495352101	0.183882648448543	286
-0.083254252881217	0.274197596153764	286
0.020829979286389	0.157094103350782	286
0.034821046777471	0.0838903568248648	286
-0.061116311569456	0.440641443654296	23
0.117734856684864	0.177838954011424	23
0.097890390871454	0.171955459316916	23
0.05183153266149	0.268070669769799	23
-0.116782304668283	0.419177553221195	23
0.084866061470681	0.212248974671062	23
-0.11521144197027	0.528578799404265	23
-0.119787057585418	0.56903331968919	23
-0.00489224657186799	0.336338662203604	23
-0.043961991356953	0.293479982886572	23
0.124921637687895	0.15368917529158	23
-0.124564563944976	0.481256987958524	23
0.039986419366877	0.232191675069318	23
0.01729443357226	0.240932984453402	23
0.075651562148356	0.174374323662127	23
-0.029224945129123	0.143280685700469	23
0.032883247237533	0.0836858719890332	23
0.091913056452311	0.126625543031758	23
-0.114981089898978	0.326323904117557	23
0.068592836215073	0.158596529062026	4
0.097403995363317	0.118102863903703	301
0.094423997094143	0.125742856084014	301
0.000845908122202005	0.20747883375433	301
-0.113244314243352	0.321903802236635	4
-0.115613901167828	0.384375372955026	4
0.085614412868645	0.116959439929389	4
-0.034341979737062	0.284383896158531	4
-0.0308612316582	0.234131760431435	4
-0.093452521948341	0.303976697711598	4
-0.12008367736833	0.297890530791254	4
-0.058995237392191	0.241803561008274	4
0.089553270846288	0.109583168349	805
-0.112294889932763	0.242137563282478	556
-0.076449792624497	0.239126892320077	4
-0.077697029347011	0.283221823643183	45
-0.012714697891914	0.177875137992847	45
0.086321140668856	0.131460113864299	45
-0.018466028661494	0.245958141990517	45
0.118192994414265	0.0769471882792721	4
-0.03935925643723	0.150086835791999	4
-0.039078950864754	0.148807373684634	476
0.077189578385549	0.13534485554192	476
0.005909886786991	0.18560260405323	476
0.00473578911684899	0.228352669777227	476
0.099488239482547	0.0921348523219454	476
0.104718317281596	0.0897284763955189	476
-0.023872462120579	0.204631458830062	786
0.068946408856703	0.173083472727616	231
0.096714757942992	0.120958813166479	231
0.101050228168736	0.12004061787302	231
0.090871095015154	0.129694766836507	925
0.059230272657678	0.166340300220577	925
-0.119190903415549	0.349486411570384	925
-0.04185299358554	0.144676966522242	4
-0.078215327482009	0.300672922133288	18
-0.071965444294122	0.246079983168017	18
0.017814620073226	0.154896936666015	18
-0.066585418024079	0.209908854301853	43
-0.008470485936733	0.218548896168674	109
0.067161496135376	0.106793960811224	109
0.017604905839337	0.129329557702107	109
-0.123865553012925	0.172961959490468	866
0.063634065292449	0.108305385296776	109
0.034771139857515	0.0813964807041977	109
0.092384505946137	0.0661689725513588	109
0.003552331993707	0.188228244869036	109
-0.014474996079036	0.170668043113193	109
-0.077886979237025	0.241235932098342	109
0.109047790029326	0.0853471795000531	109
-0.070737160117349	0.244995330814656	109
0.04936806687858	0.170869415245578	109
0.046724432644466	0.190388639254188	286
0.07522222111567	0.0995230964240693	286
0.081845374500306	0.130495592452199	286
0.068371011690301	0.129848922088232	286
-0.079695917579187	0.27031300623237	286
-0.036274774664546	0.214209521714761	286
-0.073593041745539	0.258919221997407	286
-0.024442046441695	0.208297972754456	286
0.024195652576224	0.154505586818692	286
-0.00960571444571601	0.176749399879582	286
0.104330217320929	0.126325213289145	23
0.083863762378874	0.161776205873386	23
0.057091427730914	0.338667416798252	23
0.105970057217104	0.248322549070763	23
0.100812847120647	0.258543719855245	23
-0.104657589629385	0.342420117310685	23
-0.116726148872355	0.289321442810994	23
-0.114952630927441	0.302545484402593	23
0.010755873968682	0.320251096567221	23
-0.015767110604111	0.451269908270812	23
-0.027533304403522	0.36695872968169	23
-0.057389860032658	0.198579301338934	23
0.030678289070651	0.15361811410984	23
-0.066916983797283	0.202032791013545	301
-0.116743837704877	0.178653450589112	301
0.068024450445578	0.12615421768273	301
-0.089854909779454	0.518069250894171	4
-0.108005895532746	0.526052685512692	4
0.094314771706793	0.186738956601878	4
0.085850466394744	0.0684894365294321	4
-0.032840718743373	0.14411151496248	4
-0.036949261315223	0.148444750387354	4
0.034883136588894	0.145545147723164	4
0.057346067235617	0.211860588675087	4
0.103806854961121	0.148204555115786	4
0.059140508460765	0.130545267270392	45
0.089623153806677	0.0668978496737645	45
-0.106369670781044	0.37830975630904	45
0.055348453688156	0.226876563649046	1117
0.116058880380583	0.147372837949364	476
-0.033106913949147	0.385041318214656	786
-0.094208407964862	0.325512501308641	786
0.107579808601296	0.0860545575806654	231
0.059869234196781	0.183851679840572	231
-0.057631807699154	0.197684837972129	231
0.034771139857515	0.0813964807041977	4
0.018871695848207	0.220136888305756	4
0.091864264503201	0.0662683502256002	18
-0.063602798147555	0.383860031403501	18
-0.064190892348724	0.314127297384742	43
-0.070160826007358	0.228841037835381	43
0.082622601194071	0.118621798017284	43
-0.028660333700962	0.232308655277423	18
0.05341320708873	0.187996622748443	18
0.041678866484763	0.166122294346657	109
0.093601033725673	0.140969765506541	109
0.08844439565035	0.068113421679743	109
-0.043616633641534	0.0999802149630228	83
-0.042983975858768	0.0956197390635565	83
-0.059195836109329	0.204233156307904	487
-0.119655792672742	0.51469486093401	109
-0.013575582033875	0.352619694739174	109
0.026120371054204	0.281425823727893	109
-0.10502390645666	0.387918272178725	109
0.039799017978663	0.185632996328805	109
0.037656278833282	0.241743691456886	109
0.073009865530486	0.100193481211533	286
0.090026883780733	0.0686499958168626	286
0.115125062460615	0.109552506141608	286
0.059934163502423	0.111173495399204	286
0.103111449228369	0.0916783726058062	286
-0.033285540189781	0.309026340528675	286
0.076611186029376	0.192036857475957	286
-0.032678119106177	0.14799379484426	286
-0.040844223800902	0.101660915739334	286
-0.063705794402398	0.205873586739468	286
-0.015376215070299	0.226567392959272	286
-0.071838694994838	0.583384126689868	23
0.076348604220929	0.199819296424046	23
-0.097653555667407	0.558488392782144	23
0.077658250630467	0.276792194456588	23
0.070661006918808	0.262206511943695	23
-0.091481206512861	0.518467110793466	23
-0.07537622022637	0.505921754947048	23
0.089805049717342	0.225064502345327	23
-0.062278922890356	0.447363093436252	23
0.035731783811174	0.238853538876314	23
0.018945897117496	0.262376456322015	23
-0.12463601069229	0.546956166210487	23
-0.069196196834345	0.398835338139424	23
0.078734668419624	0.191478301717716	23
0.011672739433732	0.271769586049731	23
-0.118599423073682	0.377260505925387	23
-0.06664794326341	0.417785660343171	23
-0.057555875169577	0.300640172155454	23
-0.03090496990165	0.216697487011237	4
0.013443719022979	0.183044072112042	23
-0.053675465537435	0.323924209167871	4
-0.016777186710196	0.242747803495199	23
0.117607075305951	0.104198731473881	23
-0.034869037580498	0.257611243691256	23
0.005677820361952	0.188266433686056	301
0.114466532033479	0.0812821905196033	301
0.090036938160886	0.068676259457546	301
-0.12151336538282	0.276793087634481	4
-0.00439690211994298	0.23753389389064	4
-0.106846063672907	0.16977523983082	4
0.062621305147526	0.150176679563553	45
0.12096771879995	0.0922812363960131	45
0.064963471961866	0.130258641484235	45
-0.036287913893803	0.216994299066618	45
0.025609595820293	0.123249712423819	45
-0.108099084102798	0.174383140358508	4
-0.072086011206735	0.207286137491536	4
0.00231581806914599	0.189474380266852	476
-0.115554770545733	0.302278062333006	476
-0.022890861026303	0.253347566824173	4
-0.118532296170748	0.274783198394439	786
-0.122074347278976	0.274591099687664	4
-0.044288305436767	0.0975293715241797	231
0.123967957733933	0.10511960660099	4
0.059271078651912	0.14597456780457	4
0.031199616750944	0.0856518567102529	43
-0.115515570839912	0.182323978553707	18
-0.039596463320942	0.150011979090771	83
-0.073595101938999	0.264721618811169	83
0.099523482655113	0.0901523748588912	83
-0.037264453122709	0.218670613816342	83
-0.040069705095234	0.151140455452075	83
-0.070316689736176	0.258567521210625	109
0.093589258576053	0.124300893388526	109
0.116341008521523	0.109063017917198	109
0.084263750925768	0.0699691499575131	109
0.096105269971276	0.109660005613203	286
0.03545367063255	0.14474575023386	286
0.058117068184262	0.13658746254325	286
-0.036459194115377	0.153460641953964	286
0.091164972787865	0.128766397481328	580
0.060902404661129	0.167871562663591	286
0.12448542539155	0.0538485406751487	286
-0.120274136085046	0.235577582632951	286
-0.036949261315223	0.148444750387354	286
0.09187044741257	0.269594541617737	23
0.031856015612528	0.321498097875539	23
0.051340070125182	0.262607391009933	23
-0.123433994690138	0.408935809916779	23
-0.111144419519235	0.409078974603775	23
-0.037812208432164	0.24111641246597	23
-0.011754947321257	0.341866410381883	23
-0.029977130264331	0.354214077131882	23
0.038833177411724	0.295339118766232	23
-0.04885666421768	0.395567243484394	23
-0.032878595016646	0.249169250694349	23
0.011354337535462	0.271003939260066	23
0.102966743811408	0.150397296155162	23
-0.11102554022123	0.498512712295157	23
0.124791841733332	0.0998420819340547	23
-0.041525726002013	0.245661225276196	4
-0.050234432277507	0.279409997249393	23
-0.00515228661014899	0.254755766135817	4
0.057278755556108	0.168077959561641	4
-0.018405084540435	0.179367058087633	301
-0.053398241585006	0.278445228729206	301
-0.118850735474299	0.380511418722927	301
0.083049349278919	0.146226100339554	301
0.033685038268665	0.0826909760795535	301
0.033685038268665	0.0826909760795535	4
0.106270273998814	0.0967544995460105	4
-0.059769398225559	0.228230818619321	805
0.031199616750944	0.0856518567102529	4
0.089454612997187	0.115433999568571	45
0.057715894714499	0.167276642274048	45
0.043027381360417	0.164053701931932	45
0.122135681755198	0.0915376739554358	4
0.107901643881374	0.0848378504505949	476
0.066432337117799	0.147930141106332	476
-0.058038209597927	0.300070989157362	476
-0.036459194115377	0.153460641953964	476
-0.112431624675724	0.319163440431164	4
0.113155502136377	0.0980852919239795	4
-0.12027387478087	0.21946588493941	4
0.046486929505043	0.155114323609605	4
-0.119343538498709	0.227071816780573	4
-0.029301819785541	0.0929450301209328	231
-0.073374444756898	0.267638151767026	231
0.011391029826966	0.184970605221562	4
0.094277019691538	0.0873719527331366	4
-0.040001630070306	0.155382466997557	925
0.071140937139998	0.142376209493732	18
0.089659126292287	0.0671185574350419	18
0.024490973123415	0.0849086834958781	43
0.104975268884344	0.11263034905062	109
-0.069818636189122	0.236709185219924	83
0.065929966022532	0.127895214306124	83
0.024837673929977	0.156540502814697	83
0.063516699174741	0.106659888351754	83
-0.113477120672983	0.220496342081332	435
-0.119418915062046	0.27663113628379	435
-0.115350813534182	0.222827781147811	109
-0.04437323299873	0.155346567683436	109
0.034267011914175	0.0833813791673214	487
0.070260464144388	0.104662540171079	487
-0.00942921777616501	0.17444101339965	109
0.013689819582018	0.130581843560532	109
0.089535530005591	0.113033253448946	109
-0.121263512212998	0.226933620927291	82
0.035710283493555	0.0806577626942264	109
0.039698424014626	0.16393570332617	286
0.006697040795169	0.190349026600035	286
0.109717290518519	0.0819521828200128	286
0.048616186529219	0.157569390291378	286
0.097136596174576	0.122113352964864	580
-0.04275176969535	0.248943648190362	286
-0.003200233611729	0.216977092641728	286
-0.073292827491884	0.269905645180251	286
0.063111441291622	0.132731019800122	286
0.103784309559743	0.423226680285132	23
0.069578407836636	0.524457636192271	23
-0.119027052610453	1.14774421985448	23
0.044607468623238	0.397859334473905	23
-0.067475102440318	0.618021841424086	23
-0.075240913871418	0.493103082705882	23
-0.107257318251284	0.395877470374208	23
0.113316183240726	0.11621877357278	23
0.000127302796725987	0.401930685076257	23
-0.062625502620784	0.249103128765643	23
-0.062135859664287	0.43940156543442	23
0.098368247896835	0.121884552312748	23
-0.085826148603876	0.409492737879374	23
0.030849717831107	0.208767324113883	23
-0.021065160004907	0.225415443081249	23
-0.058924319690841	0.325461471266283	23
-0.013319639725909	0.240623825399828	23
0.112977694684447	0.126617429506587	23
0.056022584094126	0.165907898433237	23
0.051102998637641	0.174296627254867	4
0.061413654288531	0.164630688275764	4
-0.00172917940516998	0.254205578521528	301
-0.122527843317473	0.483331429015411	301
-0.036795337049458	0.329083965696948	301
-0.022528913873017	0.175583321880007	301
-0.036310656749157	0.24189495893366	805
0.019853448667461	0.197927483047936	805
-0.038003609048903	0.100132891438743	4
-0.065402609252791	0.235096344015081	45
0.114947584308441	0.107708266148653	45
0.089633094677217	0.0679754700006138	1117
-0.078539526567356	0.244391431331978	476
0.014876658641803	0.131408888023018	786
-0.122788606934812	0.238814134542385	786
-0.080055227182453	0.245850991023541	4
-0.037676767301786	0.25671961675671	4
0.059190175414251	0.145490660655707	4
-0.119931022449282	0.276670160542862	18
0.115669012158404	0.0961800080413409	18
0.06677964650172	0.145545364312295	109
-0.043337968130043	0.285142230828995	83
0.044391738935634	0.213426633956437	83
-0.071157051357123	0.227078771378345	83
-0.0862097828585	0.326513722186399	83
-0.060976617359379	0.30252795498666	83
0.031370741952274	0.207554805360631	109
0.029983653298295	0.148009055372623	109
0.094604004774331	0.0652883393766869	109
-0.122548970663652	0.238308480130202	82
-0.079196673673246	0.311478544342677	109
-0.014693996342711	0.260528282652999	286
-0.053503608317011	0.278390804470709	286
0.093520157175389	0.112172659876565	286
-0.105229656108077	0.31456032096162	286
-0.013495832716919	0.171745313471976	286
0.050106038518489	0.194650521781212	286
0.037332136589465	0.0829524662765178	286
-0.061736798515678	1.34978659007778	23
-0.088350565777539	0.922664518030778	23
-0.080356588054046	0.894571020452352	23
0.10083457604044	0.20738494459028	23
-0.105826334490367	0.77897851046806	23
-0.066897375224822	0.436837349415544	23
-0.072831846640653	0.334823588947643	23
-0.034564513282899	0.417611111398769	23
0.119527195362225	0.179627222710996	23
0.087983582713912	0.210276738248102	23
0.080975628766634	0.228602465687611	23
-0.081880137828117	0.325139714396251	23
0.084160009888016	0.188569536919841	23
-0.106307015298495	0.490649471485843	23
0.00128225177359401	0.2229538058123	23
0.118443367147722	0.120482616850016	23
-0.088158388157834	0.39954977100732	23
-0.095191512832024	0.361816906136716	23
0.036917314237791	0.218531069036292	23
0.122458384690699	0.11733537235597	23
0.00320715401562	0.229763835014977	23
-0.123671068360907	0.275635240069641	301
0.118708048058632	0.106731498780514	301
0.024837673929977	0.156540502814697	805
0.06266549123885	0.133575201915405	805
0.096353249723336	0.11064163600223	805
0.102662415127332	0.0877357795640489	4
0.099970008505786	0.0620104005899884	4
0.114730386090652	0.0982821276893637	805
0.099136238165633	0.119999407460251	805
-0.050256681631219	0.0952792237651601	4
0.088731373823453	0.131367857312199	45
-0.074056135715724	0.245535176458444	45
-0.112975501754435	0.301550271510667	45
-0.028932474815216	0.253473135778192	45
-0.10932582151259	0.176468370548125	45
-0.109557662330344	0.173911207289536	1117
-0.112787317578251	0.327971623941774	1117
0.05703020932195	0.133513566503744	476
0.102042846315926	0.104805857424534	476
-0.026809920830636	0.212882356947236	4
0.043774158998992	0.162993675700523	4
0.076488836219098	0.13459855889147	4
-0.064702256875733	0.25955958192988	4
-0.111932123360035	0.179325288797912	4
0.04078965566653	0.203884904968396	4
-0.03855837142309	0.214313979938856	4
-0.066569655000992	0.240691323676161	4
0.098032105916647	0.109984402737081	18
-0.112527215634343	0.311154714064324	18
-0.066657012904851	0.202800293082238	18
0.100793197622966	0.0905011401237496	18
0.035645218034596	0.0797204818685667	18
0.038151984143906	0.197557898827282	109
-0.117720114350006	0.384782682119987	83
-0.047148574471749	0.250867001954654	83
0.105464187908969	0.117926796337595	435
0.068247472258936	0.139812204686237	404
0.033441473621578	0.0835093584105645	82
-0.111598761140675	0.172817942128577	82
-0.062155052281476	0.199796668698204	82
-0.00597173765637699	0.172116213381094	286
-0.124397327886547	0.361267554916674	286
0.00964541182075901	0.187307135638523	286
0.031035964702535	0.152069413061133	286
0.05490133147178	0.147130533918115	286
0.063503835388655	0.132952219423348	580
-0.061997372656219	0.305283659247469	286
0.020277435686684	0.198344966944286	286
-0.113505876767596	0.211402668921379	172
0.031747629582172	0.0848483208395658	172
-0.094588853396272	1.21197942746855	23
0.072734447162008	0.402033459055987	23
-0.012147526192033	0.607687779315477	23
-0.015352516076596	0.339069673387393	23
-0.033776209867591	0.504229371940808	23
-0.08049206237369	0.534885995066175	23
-0.113307057877917	0.699409993651527	23
0.000544125797502987	0.268941613818782	23
0.070779006785286	0.122480480668565	23
0.082384176732131	0.189147932815325	23
-0.00732654269125799	0.292533985347775	23
0.078502986499314	0.1919191607777	23
-0.106458018249457	0.402740809907271	23
0.019260052417313	0.241802143831227	23
0.124233597521586	0.129799253401791	23
0.081337024793199	0.170999126176061	23
-0.046167751874823	0.350128211765296	23
-0.104629822310832	0.394426783783501	23
-0.124079811864786	0.224345511560075	301
-0.031603832918012	0.145579599084134	301
-0.026576332635081	0.258087333481905	301
-0.008567151588046	0.220619670889244	301
0.100266578869983	0.0901467551013553	4
-0.040844223800902	0.101660915739334	4
-0.035776590878588	0.0962571720116781	805
-0.078917392575396	0.248245185078586	805
-0.045949637753264	0.0993208974835679	1825
0.039786055952722	0.166125775145885	4
0.107698179581734	0.0983501873605522	4
-0.031888903821783	0.0962298133777609	786
-0.013173391338616	0.175796854028175	4
0.030884816399309	0.0836242271300612	4
-0.031159069703148	0.0981044391984633	4
0.038518921325036	0.165413211443153	4
0.021098976401258	0.127591259716097	4
-0.032919788963544	0.14282521965747	4
-0.11402876864744	0.174441058646814	18
0.028378908086965	0.0860146778006772	18
-0.047043521028116	0.100061325242159	18
0.061987329837084	0.151006864653217	109
0.098355146262071	0.110040136795966	83
0.119189593112828	0.095650232402232	109
0.068283508987068	0.127726235478977	435
-0.040158450991536	0.244894190487999	435
0.00855329553138501	0.182796688403832	109
-0.043616633641534	0.0999802149630228	1503
0.119027965026844	0.0963353146799177	109
0.040163654421147	0.0778049219649703	404
-0.044602694544616	0.151895090934783	82
-0.067271196384493	0.205062639349176	82
-0.04350873735292	0.0985154916594325	82
0.096105269971276	0.109660005613203	286
-0.107381059587689	0.286046305729872	286
-0.072597011650901	0.206739420357622	286
0.040958285377674	0.182201023702493	286
0.032571845101236	0.0848849970120097	172
0.057848994382507	0.64397372499274	23
0.067845840022671	0.4371118196085	23
-0.111846326362046	1.10266690194247	23
-0.032016878326161	0.592564831561708	23
-0.027096556654893	0.544942888637027	23
0.010022436819262	0.185665904928112	23
-0.095408217310814	0.390585871663813	23
-0.065491254490177	0.405334302626796	275
0.094454499617027	0.179097716861557	275
0.00312570665574	0.327548450406992	23
-0.06804273274336	0.357765299386097	23
-0.033711646491342	0.285187614276147	23
0.010685260992763	0.220523033401274	23
-0.055199072992612	0.32784495604756	23
-0.011318594159101	0.309230038447943	23
0.096107259860181	0.117425498450075	301
0.067293715091748	0.127300163702846	301
0.061320604552182	0.134179815628105	301
-0.02706830445821	0.208674847609724	301
-0.114241093556221	0.224129040443185	805
-0.042063945698896	0.154540386456222	622
0.090677055959772	0.0668180968608843	45
-0.032594322217968	0.214118979871998	45
0.074481036456498	0.145953897423926	45
-0.113799099867552	0.295715417835699	45
0.080338148334758	0.150089573275965	45
-0.002826834997746	0.166021064008555	45
0.091864264503201	0.0662683502256002	45
0.064298220926593	0.103475904991971	1117
0.097610052033421	0.063514348073361	1117
-0.035781380202666	0.0977859364375766	1117
-0.028937860622937	0.227911335042729	4
0.090668196120738	0.067872764367876	4
0.091212407840863	0.0683930799468978	4
-0.025934841072633	0.137460610897163	4
0.028127826835431	0.0866066223589225	18
0.069289958691215	0.105728314226022	18
0.030631722546375	0.0846682819002339	43
0.015512589783249	0.128123299372774	18
0.022482609557868	0.234731041153276	83
0.07421445872201	0.164537659225705	109
0.026856001602887	0.228803680405738	83
-0.034688367399176	0.274317180709118	109
0.049276443809001	0.174591605781719	109
-0.067478257960411	0.341264202169294	109
0.017342039055793	0.126195904031335	109
-0.070956980134489	0.326158420833935	109
-0.109575179034704	0.366672247125893	109
-0.07518001533434	0.199821501648141	487
-0.074752896348232	0.248691092250951	109
-0.039003215206477	0.100328574963044	82
-0.115077897917912	0.176890716994951	82
0.017425382527911	0.123022978924272	82
0.094210150681308	0.0664471867554923	109
0.035999750406581	0.205231961536267	286
0.019759974347485	0.158372788528883	286
0.00125051236556301	0.191228136862471	286
-0.06624491233487	0.204427973576339	172
0.106253966412795	0.0892178083751491	172
-0.115077897917912	0.176890716994951	172
-0.092996031346162	1.21609214492997	23
0.1159718737446	0.330391734425473	23
0.068713555588873	0.335977075770094	23
-0.031097213721012	0.472365563297308	23
0.031539533375617	0.369224247521313	23
0.067056320744347	0.225962509841589	23
-0.017526075570838	0.363073792659789	23
-0.112577207130456	0.300378055565685	23
-0.086740561785231	0.415810181886053	23
-0.065869490091115	0.38898024279208	23
0.057515739151193	0.169730402243811	275
-0.116014734002989	0.299105836600995	275
0.088125417561114	0.162544985303827	23
-0.030240544262283	0.303062602559037	23
0.018253294570785	0.349062909828409	23
0.091944164004267	0.17274047533866	23
0.097034902301332	0.15018904686527	23
0.00203353549115001	0.325198742680421	23
0.112905465160598	0.0994360041974286	301
-0.037821190737199	0.215188520462684	301
-0.03226996239096	0.0968292699610618	4
-0.120527508297826	0.304657719035944	805
0.121028551687293	0.0947915195609854	805
0.016562161268172	0.131432445874432	805
0.027809179000839	0.0810864948817362	45
-0.004451658911173	0.190408655964368	45
-0.071821200446118	0.244435485750971	476
0.037470185024381	0.158459966458974	4
-0.015109374147846	0.178585571398266	831
-0.062147793287111	0.20810214419853	831
-0.04329508425016	0.155082966389517	4
-0.04329508425016	0.155082966389517	4
0.087666528338839	0.0694744792868073	4
-0.120239509800884	0.18169644609744	4
0.026725712072014	0.0813749170768125	109
0.06802517544264	0.106795657569766	109
0.00616808344411701	0.243516031774987	83
0.096004844574809	0.144166570168566	109
-0.00115497123651098	0.259008420268053	109
-0.01670516817088	0.24509434396875	83
0.039041062051415	0.199768910462291	109
0.016271989271091	0.244182658030598	109
0.04769015638662	0.196846931686254	109
-0.016084854665142	0.267971741644198	109
0.10315207142334	0.10215142339439	109
-0.124533123297649	0.278555195367642	109
0.022919140063337	0.12380087734118	82
-0.034666801812777	0.0997029697152663	1454
-0.057891997125345	0.197559678032532	286
0.010977166482373	0.130129507931921	286
0.00818750060898299	0.248008145534882	286
-0.068241424324022	0.263658844641082	286
-0.026358140200908	0.212644580801945	286
-0.00920043461368703	0.165498761661785	286
0.109863740177294	0.0860583282715687	172
0.090688738365093	0.394137910705208	23
0.082827787005022	0.419593811734036	23
0.085700656743934	0.324329507900757	23
0.072342298234833	0.195186524215962	275
0.022673899355862	0.233551636829424	23
0.056099788670881	0.111124851206864	23
0.07485194223057	0.171453379077765	23
0.048937892530638	0.194457762196478	23
-0.025249286139067	0.258222561957961	23
0.00624809061741699	0.229995917028698	23
0.00666477760313999	0.201389311800585	301
-0.123162798502495	0.23523443423999	4
-0.00496674544401299	0.190117576201902	805
0.013689819582018	0.130581843560532	1060
-0.04437323299873	0.155346567683436	45
0.068538389082067	0.142700193254975	45
-0.113266523868747	0.179280777672671	1117
0.012523810308455	0.175832031691734	831
-0.033836647229341	0.0940940572078076	4
-0.029301819785541	0.0929450301209328	4
-0.121042011641222	0.165698862529758	4
0.032294030193171	0.148396189742039	18
-0.120239509800884	0.18169644609744	109
-0.00100185762794203	0.255051256928449	83
0.049093482511095	0.19446006957723	109
0.063526948193487	0.166234688119498	109
-0.012798888136477	0.278035497270771	83
-0.00798747794690002	0.249363142973141	109
-0.115389360007925	0.338687446339856	109
-0.063110108442604	0.208807506320601	109
-0.012572710001398	0.179580222084453	109
0.038553638673655	0.167885507133281	109
-0.027036669981069	0.297672948351508	109
0.07285218397967	0.151579570339251	109
-0.037159669503221	0.25110731685562	109
-0.044892309234631	0.24486031337846	109
0.104437781626109	0.12676461479975	109
-0.122923463330242	0.226113025289882	404
-0.037205704734192	0.148042824247877	286
-0.039159273053283	0.15083523621432	286
0.030609722602038	0.08503352403686	109
0.00185314302108799	0.20619937842947	286
0.060997885992079	0.14845768562465	286
0.061770433098205	0.133956771719409	286
-0.033836647229341	0.0940940572078076	172
0.054119721306198	0.63443591275987	23
0.032936748021409	0.676509706496098	23
0.055331381395351	0.507286051452164	23
0.066446773882245	0.292248386573729	23
0.073054008959181	0.265290972685232	23
-0.046295405084852	0.371959593916304	23
0.070797426860603	0.143347891976627	23
-0.065810497858913	0.203796681229757	23
-0.069269786725249	0.267596867708578	23
0.041836951025225	0.240850550175162	275
0.119472234093928	0.142634178107443	275
-0.003514772479974	0.300253289636536	23
-0.012192222767971	0.247374166790089	23
-0.098610222172974	0.425109486893736	275
0.095855158006596	0.137938725975933	275
0.096105269971276	0.109660005613203	275
-0.070536508232434	0.204798030176431	23
0.080953661007178	0.208783104458031	23
0.00404488811346099	0.320996243902939	23
0.000692115433383989	0.349180939029141	23
0.117002961496752	0.122365637596313	23
0.124182446993667	0.130342988633698	23
0.040298348117202	0.200500290470994	23
-0.026215037335903	0.286694121924288	23
-0.063083236762078	0.354992002256863	23
-0.036361464461504	0.145819851345115	4
-0.102732564946723	0.30575265913189	301
-0.031159069703148	0.0981044391984633	4
0.00840366666835399	0.188516685808104	805
0.030609722602038	0.08503352403686	1060
0.106340263431318	0.09603770819658	45
0.00207259311186001	0.210697673406115	45
-0.033060970957163	0.233715856579117	45
0.023100886562852	0.0838218018583128	4
-0.122133994552783	0.227244061932497	476
-0.030271337431896	0.231774181392569	831
-0.016583329214394	0.177180603684384	831
0.091207638572559	0.0682922372056308	4
-0.02942493693341	0.175775059143658	4
-0.037373732604818	0.152378838120346	4
-0.109426332601734	0.174046207244927	4
0.029506477293678	0.0858373609288333	4
0.087411668524964	0.0635016940329013	18
-0.123937572355809	0.271764415808288	18
-0.043465638802247	0.317173403453289	109
0.018490677771456	0.200295554608492	109
-0.06565590141092	0.311661399623729	109
0.058795799358222	0.181475404153529	109
0.020231637601095	0.199706919896467	109
0.107781730189447	0.0866059361901321	487
0.010144500599549	0.132267480834515	404
-0.115410543328793	0.181883504087744	286
-0.124189522320746	0.273126203697921	286
-0.062585311131242	0.196454009402292	286
-0.02309642378422	0.273527714630826	286
-0.067031111206296	0.205329724446167	286
0.039034250268716	0.0794297654505771	172
0.099839440868633	0.514673025312057	23
-0.100607651917266	1.51228574905626	23
0.070923481841603	0.335374351229605	23
0.085809592059572	0.132621704079695	23
0.049030352924517	0.24158558713628	23
0.075940016786788	0.153910084332923	23
0.111645607943596	0.0838404922079456	23
-0.00237462459022703	0.235481179032603	23
0.00284204705348201	0.339450343677962	23
0.028335820969636	0.2335722382806	23
0.027096684438471	0.20962609407195	23
0.087604927392366	0.157696443642044	23
-0.111586923538476	0.424300857110015	23
0.043835262395704	0.198558300594086	23
0.059275972238911	0.132486512105149	4
-0.024266180263443	0.200593036113051	4
0.025949431483666	0.151500887457984	301
-0.064161940945704	0.234035291628888	301
-0.027138502065832	0.21440334609071	4
0.00412335836896099	0.192512305140222	805
0.005306583769709	0.19213902949677	45
-0.071561451142552	0.277421680869599	45
-0.009984181173325	0.177030397013941	45
0.086493261282447	0.0689783432958266	4
0.030631722546375	0.0846682819002339	1117
-0.03078007600009	0.0933032910516184	476
-0.011303423282589	0.178094705946887	476
0.058936480338921	0.111547636390807	476
-0.066250604653932	0.237804750037223	476
0.090073697160823	0.115729358365746	4
0.00523453047455	0.205976144787859	4
0.090632488738089	0.119632370027	831
-0.062409505063453	0.224327626474059	831
-0.053169735358903	0.193511384039637	831
0.029254945641705	0.0854250005513325	831
0.09879438014622	0.0625969506985082	4
-0.058443742958501	0.199232881544333	4
0.065178398875912	0.110506584842636	4
-0.037343287652806	0.100052395781568	18
0.097255295147492	0.123207663869206	109
-0.078697233890908	0.353481725320033	854
-0.00154903842920701	0.251515403180368	109
0.074092862016194	0.155581205833778	109
-0.064022048915643	0.308453430250295	109
0.086544111366295	0.165375632065418	109
0.033893501484919	0.207313570390809	109
-0.115846418207205	0.265780622286071	109
0.064444468148895	0.131273987180243	109
0.038768143372695	0.142847199577862	404
0.029583200446338	0.0835031573786342	82
-0.037373732604818	0.152378838120346	109
0.016690685896005	0.127013957887116	286
-0.124304702863739	0.267731336257361	286
-0.053407935665884	0.191371359769287	286
-0.11851463573384	0.233203271102798	109
0.097102934970932	0.136076360956669	286
0.038952877711046	0.160984237992161	286
0.089878554553691	0.128083841950134	286
0.072280840865359	0.103464040375396	172
0.078680412330238	0.576880670918686	23
0.017397550755078	0.768542588861249	23
-0.032807562368056	0.931208215223072	23
0.015064395381104	0.560129688667479	23
0.04913428731428	0.250119876619854	23
-0.05735793607846	0.437149801368886	275
0.011743593862472	0.131342968843869	275
-0.047931461061293	0.289829600325036	275
0.041825537393598	0.176557183835545	23
-0.014850750124529	0.262003588292249	23
-0.078225918515444	0.298502797828421	23
0.00426759448293301	0.255536435408959	23
0.048081030839645	0.196353565697356	4
0.108492139941914	0.0992635153743487	4
0.073002320211562	0.098651814763608	4
0.0193653314699	0.0780524113172695	4
-0.023465089320579	0.207341092221988	4
0.092382768013478	0.114879437324951	301
-0.029224945129123	0.143280685700469	74
-0.064174592533295	0.233358589316236	805
0.088854197444729	0.0696020296961957	805
-0.045380985853846	0.0982484663067579	805
0.104049132412872	0.088084611908495	805
-0.034113433725632	0.0952093668407896	45
0.017155175958986	0.13269280261873	45
0.07341269307097	0.138367839382828	45
0.042538315272567	0.162715935232185	45
-0.040806247535579	0.265940031038184	45
0.067004060083937	0.120334721171536	45
0.031997199412221	0.0847309034950032	4
0.089645088569364	0.0680799420359369	476
0.017155175958986	0.13269280261873	4
0.094605108841995	0.0650259267701459	4
0.09525411647115	0.0635063767249599	4
0.027084363851189	0.121300549462953	4
-0.030050495256059	0.0957453786530271	4
0.033636501471894	0.0800654885420686	18
-0.064665400615724	0.208379468178229	18
0.103005467466766	0.0903554990019117	18
0.0000877048614680021	0.251799183109762	109
0.064212453836381	0.182167187172974	854
0.064566174855141	0.164686827687282	109
0.106701752823301	0.131230827719425	109
0.100208398667997	0.128444411259774	109
-0.010104310580374	0.224413133950868	109
-0.096195685427549	0.365524200212321	109
0.099283113499983	0.107644490281671	109
-0.073468644625608	0.250986010525856	109
0.086635044080705	0.0698099487664053	487
-0.034113433725632	0.0952093668407896	82
0.099970008505786	0.0620104005899884	82
0.032324764969356	0.085014775594618	82
0.00000936069023199648	0.253468139758973	286
-0.122906055693466	0.297366231557336	286
0.060026297320865	0.131668050676651	286
0.087671033746337	0.0699594559399261	172
0.090821356184562	0.0674176342232614	172
-0.04028379178964	0.0973885165614567	172
0.02262865251292	0.818354673523003	23
-0.00874578540121002	0.413662535057527	23
-0.072558422005593	0.293600263159765	275
0.050582522304402	0.15101842010571	275
0.07028256974238	0.105129094074323	275
-0.112409897375173	0.291517170707297	275
-0.087527773526448	0.452520851713539	23
0.099793857573165	0.150062414512455	23
0.120549555507966	0.121410380108963	23
-0.063362918609163	0.314012934953401	23
-0.076537290528996	0.342290709830608	4
-0.115638615194071	0.301420693246421	4
0.120304685324827	0.0956115203083762	4
0.084585488299218	0.115793252224032	805
0.02153780542073	0.129979623825684	805
0.03296795306155	0.150644814145535	45
-0.121568266398065	0.302441588161892	45
0.104712359146236	0.119522703722272	45
-0.052759350138599	0.189708670392316	45
-0.032821156918564	0.0988815735560713	4
0.026088425217647	0.157683712473682	831
0.062170994651578	0.108192782901487	40
0.104984696416195	0.0900484912604515	4
0.029759114008335	0.0838078012751067	18
-0.041352390012617	0.340291086002394	109
0.117419388334066	0.121813091325201	109
-0.12381191836549	0.306401088190981	109
0.074226400515947	0.140078202563812	109
0.00766566415214101	0.191310192959254	109
0.017409478419665	0.122149618162313	109
-0.036334661817441	0.10048957400549	82
-0.041310238246044	0.153607742103516	82
0.069168989846573	0.105107223323102	1129
-0.11690573941877	0.271752854077368	286
0.089428353257257	0.128955632185217	286
0.075479242531463	0.154957360649931	286
0.015182482420419	0.260096669717974	286
-0.084779895931611	0.272676572500387	286
-0.032833813072498	0.235654030966598	286
-0.116092382488541	0.305753019861029	286
-0.113266523868747	0.179280777672671	172
-0.044641826941259	0.0973398658330648	775
-0.117221318069834	1.58186444974958	23
0.1198358018674	0.19732927547689	275
0.019605382027819	0.170842225874075	275
0.12068524045514	0.100958675750319	275
-0.070400345547138	0.428030728701827	275
0.060584899674885	0.200831840816622	275
0.070499335311668	0.197349547468886	275
0.036942754107042	0.276212514168876	275
0.01223231946483	0.130829335615531	275
-0.01303914492022	0.235295534127371	275
-0.023807991804582	0.251164613031098	23
0.095249613671008	0.156129043700275	23
0.031199616750944	0.0856518567102529	23
-0.066721797099518	0.197336188735891	805
-0.119111888255689	0.180899303365201	45
-0.111932123360035	0.179325288797912	4
-0.064684923765696	0.206561701256516	4
0.026195714492819	0.0843318781499821	4
-0.121160116210258	0.161533603643828	4
0.089645088569364	0.0680799420359369	4
0.058677961371398	0.110530552987379	4
-0.036059144076533	0.151154308515643	4
-0.00444401706342601	0.165015617461356	4
-0.034934469118937	0.0944173718215948	18
-0.116415346596571	0.316544703689374	854
-0.010659181817583	0.264270693578976	854
-0.052403857934615	0.341692742929943	854
0.105464187908969	0.117926796337595	109
0.047727488168726	0.175351119447488	109
0.059635481627508	0.15117010534943	109
0.097005773778928	0.152978821384419	109
-0.118389046809718	0.387863971683888	109
-0.075086922141124	0.273140735936516	109
0.038380733983929	0.14567181630622	109
0.103374278700834	0.0882201678627919	82
-0.011728632105233	0.17067892262602	286
0.114871013780107	0.109611411114071	286
0.076964090519705	0.0970276157221732	921
-0.073378884576524	0.236387051996544	275
-0.112723352354513	0.408111943450342	275
0.077067164065057	0.135848573381515	275
0.098777946750281	0.151270945686931	275
-0.033554504638585	0.0989113001367016	275
-0.012563313576556	0.237866986841846	23
-0.077121213051663	0.375596222341364	23
0.048696664303238	0.251819893411037	23
-0.122918396449588	0.392818222726017	23
0.079451898524104	0.182876919981547	23
0.006570525605337	0.274335157822903	23
0.00519237643863099	0.223976014325041	4
0.091130276322321	0.173723695327269	4
0.122881259615527	0.0903257243114654	4
-0.033000027866874	0.0969845561461558	23
0.067317184255613	0.104245512807605	23
0.068334271284184	0.146735551973489	805
0.097613418784874	0.0635698377985418	805
-0.120488331119661	0.177680474042401	454
-0.00804191226808398	0.231804554750436	45
0.100177562675401	0.0914669112102055	45
-0.121718844309875	0.178778600415411	4
-0.03513540617596	0.148720871461971	4
0.093352697563848	0.111228211977364	4
0.031435433707883	0.209818836335828	4
-0.076477553213679	0.299586186906872	40
-0.045298415965055	0.152453184992983	4
-0.035221187230623	0.0996917527572204	40
0.068086430982031	0.123722205499913	4
0.09402576153823	0.113357569721732	4
0.086644796186402	0.0695636587592439	4
0.02483198187876	0.0832798062314988	4
-0.039741096782999	0.100867367680409	18
-0.00223093570458799	0.258809862428717	854
-0.00449094706743097	0.285270827531618	854
0.105099535930675	0.133396183199302	854
-0.100357295715661	0.373644688760488	854
0.078273864150657	0.16642502487069	109
0.122558590467826	0.106040798101181	109
-0.061108675798581	0.310891096120314	109
0.0854096052956	0.130784586621015	109
-0.00406110571923102	0.215113515290843	109
0.029096954119408	0.187155033751993	109
0.07391898965399	0.156995252478136	109
0.095894635342712	0.122480330285728	109
-0.075086922141124	0.273140735936516	212
0.124013229743978	0.0930808801816032	212
0.029483166506952	0.149753659294312	212
-0.122844884493814	0.178994553988468	212
0.024743535849711	0.0832457154521111	82
-0.115001763527188	0.220732287391389	82
-0.123837943869659	0.225528323222745	82
-0.062453924811297	0.206510526537733	1129
0.068760162581719	0.105534950115305	1129
0.088582076825498	0.0621884452837543	109
0.118262268574405	0.0972195447921105	286
0.033133251101823	0.084545409463104	286
0.014961378021091	0.179820703869362	286
0.023977406987403	0.125179091546095	172
0.104548442076105	0.174581709707815	434
0.1179514329464	0.11753633662324	275
0.108615771380436	0.1394203612938	23
0.016765242029488	0.240573656731838	23
0.096371662513576	0.157905475330479	23
0.092974728553408	0.126789656033504	23
-0.011063257104002	0.269083182010496	23
-0.020221882029407	0.348745108023519	23
0.112526016131007	0.140928868634516	23
0.070961875707619	0.17526451315481	23
0.109592296719984	0.143355498304372	23
0.082590387678871	0.198783715251089	23
0.109583335320812	0.114407197197477	23
0.065080316879731	0.186329337822304	23
0.037341095562664	0.200298728840864	4
-0.035761481819389	0.293728178257954	4
-0.115865384334231	0.269057913051576	4
-0.109426332601734	0.174046207244927	4
-0.034586297136026	0.0953979977237683	74
-0.032969450055485	0.213157577034206	805
0.065323641952273	0.105006948110013	454
0.0314462311969	0.0836577550685956	454
-0.032183634029812	0.0919973903025776	454
0.067029254066685	0.106955955149575	45
-0.043943808314021	0.150469622316816	45
0.00117713045037601	0.221418225184367	45
-0.023920147729724	0.176448036853384	45
0.090030868407556	0.0693206000865867	45
0.082458284515653	0.0693594727346167	4
0.100659847041929	0.0929076657637487	4
-0.026304887707316	0.179163916510707	4
-0.121341375398827	0.222850111405922	4
-0.113386550945839	0.171021830204335	40
-0.066585418024079	0.209908854301853	40
-0.032821156918564	0.0988815735560713	40
-0.000943038685561004	0.189471110277097	854
-0.112212417317235	0.409650982765169	109
-0.117345633743736	0.442865529215502	109
-0.122753084235291	0.279611276483354	109
-0.122893308266263	0.361897625300024	212
-0.042063945698896	0.154540386456222	212
0.0922485696607	0.0662500472311415	82
-0.061608590786619	0.197230242095913	82
-0.123154668861004	0.227911130439915	82
0.091988339500261	0.0645896066059642	82
-0.034110007668423	0.0965434778636971	82
0.032426092065977	0.149516530876044	82
0.091262122509684	0.1294435785671	286
0.108491799704096	0.111130490649356	286
0.058678546033674	0.366048006045546	434
-0.082552005613034	0.62418722532817	275
0.023954169462377	0.323789200871711	23
-0.026565874471607	0.341796483189085	23
-0.121162872824391	0.232688671757426	23
0.074743471670915	0.117937248501864	23
0.079161348562418	0.167275891565272	4
-0.106896445058081	0.321941035047873	4
-0.106701031785409	0.337156193169745	4
0.011135250187371	0.130548578012464	4
-0.037343287652806	0.100052395781568	4
-0.122844884493814	0.178994553988468	23
-0.067996145093321	0.184267615681499	23
-0.028843092003225	0.216005744848583	23
0.037643278495751	0.161158096004575	45
0.102930792489237	0.147368946030314	45
0.081282940610135	0.069427867342986	4
-0.033554504638585	0.0989113001367016	4
-0.046099527983287	0.151034450644616	4
0.021686634647871	0.126302364081135	40
0.023370064025987	0.0850861587615147	4
-0.034828470786026	0.150081424771237	40
0.04592816492132	0.15926697586568	4
-0.119283755226664	0.23081280932449	4
-0.030607766050953	0.0942679306222286	854
0.06802517544264	0.106795657569766	854
-0.063093849645912	0.380953711254167	854
-0.042363195370879	0.312044645964887	854
0.118677948171243	0.120719512312851	109
0.047097856693841	0.176252089974939	73
0.072135980430286	0.141374499215491	109
-0.070369614793429	0.287820253376971	73
-0.1198646952229	0.322746150728735	212
0.037951102616367	0.16832289052572	109
-0.00822415528245402	0.17323668233459	82
-0.106423404202722	0.333312423351496	286
-0.114178898781779	0.179707856512192	286
-0.00243889692092603	0.232959176407223	286
-0.118045673928788	0.327080289213732	172
0.018152054685833	0.123413221986807	172
-0.038284403949795	1.59327141053407	275
-0.060811707641296	1.43060354070272	434
0.074540942589629	0.373710519901559	434
0.015939077321144	0.504606109330583	434
0.053819447791929	0.415546042316174	434
0.010416298657729	0.389872041544888	275
0.07169489497315	0.289186956199606	275
-0.10031828390297	0.506598247652373	23
0.108233935617693	0.129893200302455	23
-0.079337799897352	0.299496648964411	23
0.109515409387338	0.149784526925842	23
-0.013597440333604	0.288756151559019	23
0.055136616942705	0.17057512955358	23
0.052927922978376	0.190366472451841	23
-0.115879915014724	0.323308464800754	4
0.025783453530897	0.210158782100182	4
-0.072727260335142	0.242693996627133	4
-0.074425575855396	0.246419706232218	4
-0.107519806225766	0.338570229683581	4
0.090268961032041	0.137468793656089	23
0.057922875266594	0.132429757285684	4
-0.070536508232434	0.204798030176431	4
0.095401572669062	0.0658401733562713	4
0.038709217483997	0.0819489753591244	454
0.085458594030296	0.0704861106918886	45
0.02787786330142	0.0853279547917187	45
0.069565323437326	0.124298850586344	4
-0.115156230011746	0.173671815967364	4
0.026256319362821	0.123762031786438	4
0.093273612408275	0.122360691663989	4
-0.120218094931896	0.299611972674179	4
-0.064540559270214	0.197566469966898	40
-0.066613285420516	0.207008631640223	40
-0.015200168934768	0.168485008852743	40
-0.117623398981163	0.22780927833281	40
-0.020520941285367	0.20424526293444	4
0.05990904950596	0.110801028335022	4
0.078274827239328	0.0681743294459036	854
0.088455639828229	0.0686406426894939	854
-0.029294729718768	0.213703380582864	854
0.035930546227123	0.165020313869348	854
-0.059376737490588	0.193453210003556	854
0.108503239440891	0.0854919755353057	73
-0.066550169340064	0.233340472311803	212
-0.009984181173325	0.177030397013941	212
0.069898840636629	0.126849569115659	212
-0.061839265969447	0.207225712447557	212
-0.116769113549208	0.170649217740949	212
0.106980614260794	0.0886347498286588	212
-0.122133994552783	0.227244061932497	82
0.079525294127194	0.1169803591745	82
-0.071101007692989	0.239905647280481	82
0.100177562675401	0.0914669112102055	82
-0.122169854972783	0.229170312534427	286
-0.116759679199717	0.179344000079687	172
0.098453093010664	0.0935984288230888	172
0.03404385409975	0.147205674766206	172
-0.014338238169528	0.181342306207831	172
0.014468822305786	0.12662859762184	1169
-0.047767651401599	1.81198730794419	275
-0.063497413045892	1.28717580408352	434
0.072497073872075	0.554376668023291	434
-0.121936399434244	1.42009082751072	434
-0.011149189971159	0.782818809175528	434
0.045106697507551	0.327975505276149	434
-0.027646960093528	0.461929460120372	434
-0.00528177462691298	0.348012584058279	275
-0.078377802016472	0.341823907995657	275
0.030202415685525	0.244944005706108	23
0.107571674887565	0.14129785675818	23
-0.079297563121321	0.406967411922117	23
-0.03324253284341	0.217802060642061	23
-0.028768273133459	0.227780144002176	23
0.029459284009992	0.171488369660681	23
-0.036442651350714	0.216166508784974	23
-0.063643559023564	0.253724105798997	23
-0.010673602908953	0.243719968320083	4
0.099187110188391	0.107977497333012	4
-0.117391912231511	0.267398754346754	4
0.029086498042011	0.188344197434245	4
-0.120380887691921	0.175219788153678	1090
-0.057611016828242	0.201876522627777	23
0.093688736118048	0.111989557028313	23
0.061081663700389	0.108772766053836	4
0.085469650850059	0.0696226927657445	4
0.119356421112221	0.092969269225528	45
-0.124435897240562	0.365106139728931	45
-0.00542860531182499	0.171585630476845	40
-0.121505777229517	0.174066586950421	40
0.083489068144688	0.0679759085186832	40
-0.065695287437257	0.199043113645318	40
0.019808607705287	0.12773462679489	4
-0.037343287652806	0.100052395781568	4
-0.117255109736677	0.231656265210372	40
0.032115631235277	0.146704679120199	4
-0.036298386993255	0.152111675910661	40
0.021702691277101	0.126915644744044	40
-0.044703547854004	0.153018134887852	854
0.107232966702289	0.0853549924572123	854
-0.072967711757721	0.234305300777717	854
0.081667181131982	0.112301334336497	854
-0.036362123564739	0.214884461415978	73
-0.070047079730268	0.208181675700648	73
-0.013779513697799	0.179851793257516	73
-0.114048065654676	0.176623779893235	73
0.067453354235117	0.107383502625535	73
0.076969639722841	0.0985641533076945	212
-0.122306523350854	0.234676021748218	212
0.067456885699199	0.108635782903036	212
-0.118116521335018	0.178918194511043	212
0.087265751007017	0.0687752633996953	82
-0.045839949723291	0.153509639732433	82
-0.115175544360744	0.177824561589628	82
-0.028479803935096	0.13855858476538	82
-0.123930350335926	0.235804422562911	82
0.063551879760796	0.106493656941482	82
0.062465294056694	0.110217090050802	109
0.070844760957702	0.101464413809462	286
-0.059294749215262	0.199688927196415	2295
0.00408613461896701	0.191466557597842	286
0.056345425452905	0.126408186174577	286
0.0922485696607	0.0662500472311415	172
0.061208477331013	0.110877686005045	172
0.073271066821653	0.102869448017998	172
-0.039741096782999	0.100867367680409	1169
0.089645088569364	0.0680799420359369	172
0.106750377827876	0.729401966452343	275
-0.03653500530851	1.4524770468145	275
0.069981517852514	0.385572542862933	434
0.00647810415953301	0.587909830102318	434
0.055153563469	0.427059425921853	434
-0.088609934473886	0.966691576976992	434
0.114465465654133	0.2170521934176	275
0.046100009895698	0.41268034761115	275
0.002501298719747	0.31879697980106	275
0.01686100389708	0.310145204228074	275
0.074539606309317	0.211305795322514	23
-0.055631553938923	0.326547885317177	23
-0.033322022609405	0.264221467201108	4
0.036865073509581	0.201239488429137	4
-0.072089874368051	0.271013242661618	4
-0.115507361949726	0.266257127355898	4
0.031943104371158	0.178542080305602	4
0.01223231946483	0.130829335615531	1090
-0.057692996365882	0.198153930227969	23
0.063214844863032	0.13302194136689	4
-0.110170407826526	0.315354773602648	4
0.10234398008868	0.0879421810353732	4
-0.078535462178184	0.235413055451587	45
-0.115291421732429	0.302099798801441	4
0.10540299661617	0.101876190465546	4
0.019756167292936	0.0816168258286316	4
-0.118847045832002	0.307694963362066	4
-0.03830978763526	0.21252202558586	4
0.109659782311184	0.084778602734015	4
0.039276363393978	0.136796320432255	4
-0.068271311108668	0.204579584975982	40
0.00479921923846099	0.189481961140923	40
-0.124557172604397	0.229049860334258	40
0.06347315134836	0.111235999956934	40
-0.02503460088118	0.177778259963778	40
0.027319427676621	0.156270089030106	40
0.059365542709542	0.111632914427306	40
0.098899625131793	0.0916355318270096	4
0.031747629582172	0.0848483208395658	854
0.030609722602038	0.08503352403686	854
0.066170102771232	0.109006864008021	854
0.048461498355756	0.153859238884344	854
-0.013720948259233	0.245689290434227	854
-0.07556621946601	0.290535058129298	854
0.104653077248401	0.0888921051515458	854
-0.041288568441028	0.245404925450138	73
-0.062985498248835	0.20344739886033	73
0.097547866498724	0.110989554640972	212
0.037332136589465	0.0829524662765178	553
-0.117255109736677	0.231656265210372	82
-0.065760482810908	0.203240021647369	82
-0.032764942154256	0.145873726870682	82
0.030810446162337	0.117045940566814	82
-0.043388582989593	0.151821107555378	82
-0.105829920531762	0.169382083769327	82
-0.018516434845617	0.179657921965428	172
0.019896035773161	0.157481056587552	172
0.067741255280263	0.374834557446963	434
-0.041454339292471	0.602004562356838	434
0.086331122966516	0.303551192906654	275
0.01769451234422	0.292636533030713	23
-0.051211745771972	0.442700150186562	23
-0.060112704030374	0.461163285298832	23
0.03843033358226	0.142011308164062	23
0.036377965859266	0.251119983960347	23
-0.058012373294785	0.330764839995572	23
0.070077340673959	0.170985941797448	23
0.00202210063210101	0.222325750499681	23
-0.086612241628416	0.379123741200375	23
-0.110706945296388	0.370811478662532	23
0.123748909048573	0.0908306333662014	4
-0.108201687848998	0.174008060627031	23
0.10966638070014	0.0849052458521677	23
0.085656872898291	0.112975755877241	805
0.030361676400167	0.0844616484120457	454
-0.042509991977067	0.101934122656818	45
-0.121382412001424	0.229447931220007	45
-0.00936530044224598	0.168053331393661	45
0.033133251101823	0.084545409463104	4
0.056080284253248	0.135935252852463	4
0.086627369275071	0.068905671220185	4
-0.117207853325044	0.169515792329746	40
-0.067858062451812	0.210019729810159	40
-0.120140029095817	0.181916583854437	40
-0.03254170127433	0.218976831402112	40
0.015726960932431	0.132294372339728	40
0.031098594419743	0.171980302573382	40
0.020405150844738	0.152242141314298	40
-0.07351453027858	0.271295921204519	40
0.020028275806587	0.125851797495395	4
-0.025439089427665	0.206522443310135	356
0.091854647509918	0.0677363470685039	854
-0.071131241111006	0.290980900007504	854
0.122776227136913	0.0943196933501488	73
0.00208543214181001	0.193204339951809	212
-0.033561564568328	0.240590487293588	82
0.038745364718099	0.144550852727227	82
-0.032764942154256	0.145873726870682	82
-0.120239509800884	0.18169644609744	82
0.069020723816928	0.106192462862779	82
0.060452334871778	0.128109142383871	82
-0.060036506360673	0.193514482414979	82
-0.039845478586985	0.156050399493278	82
-0.115748195322847	0.305522168320395	286
-0.033373811366703	0.237533632338929	286
0.063195553221967	0.789255512787865	275
0.059885634202749	0.625275443339663	275
-0.079322419094068	0.704829821365101	434
0.104388655358221	0.308403774507052	275
0.068074501911053	0.424177053375277	275
-0.00842031747077898	0.623905326591902	275
0.051015476698278	0.366708777087554	275
-0.040136559991967	0.284082484900653	23
0.068868628148517	0.235644014063417	23
0.078767513556881	0.186321167767778	23
0.02593281647478	0.296444603254282	23
-0.01798650380014	0.241521467401764	23
0.104068087503305	0.104258100036675	23
-0.018816208458853	0.286592993835077	23
-0.050909553721446	0.28001717106872	23
0.073915349396029	0.152688370604592	23
0.106619120787336	0.151288935301136	4
0.117671049679309	0.0958668216676005	4
0.032883247237533	0.0836858719890332	1090
-0.031711399386998	0.0964972843217709	1090
-0.12428211851114	0.226538151237792	4
-0.039741096782999	0.100867367680409	454
-0.041405672757444	0.101142567173792	454
-0.029295972464054	0.257484134368728	45
0.068035476763362	0.103296630238204	4
0.033685038268665	0.0826909760795535	4
-0.116555254521681	0.178342905360421	266
0.044444227496183	0.160296399408984	4
-0.065810497858913	0.203796681229757	4
0.097061387377124	0.0913021846679629	186
0.018777991437317	0.126909793699819	854
-0.029443844374037	0.210110113402056	854
0.018119892615522	0.175248312195217	109
-0.070274849493725	0.269283507679236	73
0.001765780584255	0.195121395345615	73
0.014806093211756	0.183070589971883	73
-0.120679983726991	0.27774819343411	73
-0.114286038160419	0.182328310624969	212
-0.069332280784392	0.263933310250267	82
0.088848908573589	0.0696786937937549	82
-0.124945060948787	0.235295101235017	82
0.107762178300597	0.0854793946434059	82
-0.124421911193161	0.235876082834296	109
0.025730994788076	0.157277671220541	286
-0.122772340582392	0.271368436324757	286
-0.122046209948877	0.296907985410118	172
0.089719133420142	0.116099131145668	172
0.098949201308188	0.0910126253739417	172
0.098486613506197	0.109244817110831	172
0.031199616750944	0.0856518567102529	172
-0.124790400143104	0.234141860539885	172
-0.108099084102798	0.174383140358508	172
0.025862556062562	0.0830636205125575	172
-0.015197942106116	0.683935340098604	275
0.078336060568323	0.360567293475198	434
-0.054964724931633	0.672529710172118	434
0.020468541948567	0.621127589699551	275
0.055886876453391	0.169461913521321	275
0.029026969829749	0.312874410143605	23
-0.062122087225973	0.503814365877196	23
-0.021420467305238	0.374623027062889	23
0.105151735651907	0.104949557865243	4
-0.0273510744149	0.22381317391438	4
0.029506477293678	0.0858373609288333	4
0.038274341364458	0.168400525176956	23
-0.086423645871446	0.29810157171121	23
0.090661400423661	0.0672517559389532	454
0.086627369275071	0.068905671220185	45
0.101579694293426	0.107295856874393	45
-0.029104453959978	0.234196356253594	4
0.098751787050453	0.120982243714927	4
-0.040922599174835	0.155358534776642	266
0.097736351439628	0.107275501652407	759
0.103596151997775	0.0904739725402246	759
-0.067408088222337	0.203753096853781	4
-0.080480592491759	0.241830999342537	4
0.063888770270493	0.110295844328018	4
0.017368660639189	0.131294995357539	40
0.103605001737631	0.0873258322603207	40
-0.034916798457622	0.144983815111492	40
-0.040844223800902	0.101660915739334	40
-0.016087992377216	0.1732165818596	40
-0.113266523868747	0.179280777672671	40
-0.115324631688945	0.172642951540356	40
-0.023197842132076	0.209637250892032	186
0.091864264503201	0.0662683502256002	4
0.028378908086965	0.0860146778006772	854
0.087265751007017	0.0687752633996953	854
-0.031159069703148	0.0981044391984633	306
-0.057489557312969	0.197997785246966	854
0.119432202145634	0.119738294070905	854
0.100659847041929	0.0929076657637487	73
-0.038590429375201	0.234511910161144	73
-0.066037049901135	0.201093319224291	73
0.023578083968054	0.128016152296584	73
0.104048205693952	0.0910684155098913	212
-0.058098532953531	0.18396301631099	315
0.093196566784557	0.0644431852428494	212
-0.034484314312499	0.0985437623557484	203
-0.037631583036454	0.149930240676854	82
-0.046322972679317	0.151212081102488	82
-0.043964387211818	0.255453305998201	82
-0.037355475960754	0.14621930578796	82
0.023578083968054	0.128016152296584	82
0.011206503160789	0.18730495965871	82
0.064464906972232	0.111405180424642	109
0.00236629453992501	0.188720725703437	286
-0.024285837767511	0.210314851535405	286
-0.106896445058081	0.321941035047873	172
-0.071965444294122	0.246079983168017	172
-0.039508995936797	0.149988458947545	172
0.101606963698091	0.393132062676194	275
-0.030646312893286	0.831996917502606	434
0.076759861207611	0.514032342873974	275
-0.043869051516105	0.415775182977851	23
-0.028405570048884	0.389420103253078	23
0.005355812760514	0.340890849010897	23
0.02880236988083	0.301371250275673	23
0.120099358722154	0.150796279674767	23
0.111293878896415	0.15564996178187	23
-0.06223110847457	0.354391617269751	23
-0.031004157888586	0.229174579874181	249
0.060078706358629	0.165158415259348	23
0.048866187737166	0.188697640130419	23
-0.11352015373039	0.31502567555734	23
0.019306348672527	0.236577857752367	23
-0.114978902926859	0.351154347346925	23
0.062606021369719	0.166198957520409	4
-0.017949930565425	0.177910988636345	454
-0.038976114158659	0.244481258278708	454
0.072870961000326	0.156252386268585	454
-0.036334661817441	0.10048957400549	454
-0.07754748097114	0.239057774530026	45
0.026610697339417	0.213264476219692	4
0.10799293035223	0.113279332749668	4
0.049044593793218	0.149399508660094	4
-0.034578438061265	0.241098289728482	759
-0.112251330992178	0.326934779211541	4
0.09282120342179	0.114155509821769	4
-0.013948483174176	0.220714145231743	40
0.109523433135492	0.0870680772094948	40
-0.066613285420516	0.207008631640223	40
-0.114286038160419	0.182328310624969	40
-0.030607766050953	0.0942679306222286	186
-0.03078007600009	0.0933032910516184	186
0.0000675761696899979	0.194901817251811	186
0.033943777459511	0.0826846560772573	306
0.065736705219974	0.110287252790846	306
-0.120993884021504	0.308557009330869	306
-0.063952572091337	0.232381271365879	109
-0.122542689616277	0.300548437174597	73
0.021259597517737	0.171262245937322	73
-0.00300217308428702	0.165938599807177	73
-0.067858062451812	0.210019729810159	212
0.015512589783249	0.128123299372774	212
-0.051249831470201	0.188941566388747	212
-0.03935925643723	0.150086835791999	212
-0.033554504638585	0.0989113001367016	212
-0.120883311767808	0.225738239025811	203
0.066177624277942	0.108856364717137	82
0.09402576153823	0.113357569721732	82
-0.106268413003963	0.280580729190687	82
-0.059621579862495	0.201131925873996	82
-0.122788606934812	0.238814134542385	82
0.066767855984195	0.107191951711145	109
-0.120239509800884	0.18169644609744	286
-0.123101880129941	0.279324118827623	286
0.00422482654375	0.182082306868821	172
0.113923829530246	0.0981298127770964	172
0.093964513068861	0.113517882240483	172
0.036200303569454	0.0835865372794923	172
0.017551064184172	0.128856305739068	172
-0.041078746481431	0.155644548885539	172
-0.046851702595621	1.28556151745972	275
0.107954496042124	0.277928654185411	275
0.02211507031993	0.407064281288052	23
-0.067480043654115	0.632820121504716	23
0.122463013558421	0.173990680530705	23
0.001173816860841	0.335683057921019	23
0.002611764656622	0.278167033988915	23
0.103176277204116	0.100089096945921	23
-0.00459441932413102	0.193798554602704	23
0.045592836180309	0.133808362349386	1267
0.058954729296325	0.136224712011343	23
0.096039840847949	0.111515638280227	4
-0.036728913938327	0.217522099598252	4
0.068745103076212	0.129371425400536	23
-0.115694920756843	0.302530617245247	23
-0.123845733973182	0.261666553195755	4
0.064497064575574	0.10576300283192	454
0.074711178521123	0.0994089789347344	454
-0.028580795757327	0.209412650074892	4
0.071942311873747	0.138093574820085	4
-0.057323504924354	0.196436667103208	4
-0.023590085985942	0.208033546715094	4
0.023370064025987	0.0850861587615147	4
0.028874291988426	0.168522866506461	266
-0.121532162863503	0.238164096373079	266
-0.124528548467168	0.168266577641162	4
-0.00941701381333099	0.171722654719112	759
-0.05514072447779	0.278076957692708	4
-0.116581536227412	0.29455523532624	4
0.11304882635114	0.0813546682511602	4
0.020966183962036	0.150700060737974	40
0.10477495714077	0.0890358181129659	40
0.014866839455209	0.127360492390549	186
-0.118679136138542	0.323876315752629	186
-0.038925107699999	0.154173698331199	306
-0.049609861853038	0.150187805305814	854
-0.058353434996427	0.199630849536387	306
-0.034310279701572	0.146572411623769	306
-0.033000027866874	0.0969845561461558	306
0.060711032086477	0.134833185104781	306
-0.121707060774215	0.275644357791031	109
0.081906155282507	0.0706931848142222	73
0.105111496035529	0.0894556265821481	707
-0.060155771380037	0.204930884449562	212
0.034177581508845	0.149191077966797	212
-0.045603228845749	0.154576444541454	212
-0.120488331119661	0.177680474042401	203
0.069717950763789	0.107567133462506	82
-0.040586652406048	0.150622893561927	82
-0.106871083000493	0.169261436705375	82
0.072306926174618	0.137965761949542	220
0.107781730189447	0.0866059361901321	82
-0.024442046441695	0.208297972754456	82
-0.068127096554274	0.239442454820854	82
-0.123806224858085	0.238958044831211	82
-0.033840573821021	0.145796674596219	82
0.064745830440973	0.110127513332426	82
-0.065402609252791	0.235096344015081	286
0.030322631369086	0.149918589621444	172
-0.114507399099198	0.16991960555658	172
-0.053228267969098	1.58108874824008	275
0.090901534698447	0.384909810510453	275
0.105642269624907	0.184016522260396	23
0.106587404697884	0.179094021842056	23
0.024634704377634	0.306205761421564	23
0.100315307612677	0.192109405311055	23
0.086539716153427	0.200690550774301	23
0.023058216186078	0.196554603249629	23
0.043854407791403	0.159736569004906	23
0.02734466374049	0.156246951864605	23
-0.067271196384493	0.205062639349176	4
-0.035210505905616	0.220834297112802	23
0.065889464033335	0.108876024833747	454
0.060672406522703	0.129739783144633	454
0.071488986327747	0.126572001043984	4
0.090036938160886	0.068676259457546	4
-0.057276774287969	0.199816822195184	40
0.100403743432623	0.0906018435696223	4
0.067317184255613	0.104245512807605	4
0.095250229109126	0.0642683787751947	570
-0.078493290997157	0.265773880667643	266
0.015518988089269	0.132579529730796	4
0.025228172536769	0.124566814217739	4
-0.117935638409667	0.303001847772099	40
0.067884382391197	0.121428938519001	4
0.086644796186402	0.0695636587592439	4
-0.018806014629023	0.181968803887926	40
-0.00289249710124001	0.168756660664803	4
-0.121290132893405	0.235729203272845	40
-0.074272478639722	0.246750895589179	40
-0.045997448377711	0.153258203179753	40
0.063112169449844	0.104042155333631	306
-0.118116521335018	0.178918194511043	306
-0.012160638597775	0.180090950457659	854
-0.009267790715632	0.170996206523324	73
-0.108180383927448	0.167949601325928	73
-0.034983087613038	0.150507137730227	1572
-0.040922599174835	0.155358534776642	212
-0.116205660534803	0.176081386715375	212
-0.036334661817441	0.10048957400549	212
-0.074425575855396	0.246419706232218	82
-0.119499731190616	0.234035930797104	82
0.062170994651578	0.108192782901487	82
-0.123413147729601	0.310555023959137	82
0.031997199412221	0.0847309034950032	82
-0.057807133363658	0.187942473378896	82
-0.117511195606224	0.324538740459901	82
-0.010156648188119	0.177808021977968	109
-0.095246428759904	1.3444238648129	275
0.031621041282552	0.315858361894362	23
-0.022030961018286	0.390137411740265	23
0.00481902735912801	0.321356222225708	23
0.021225992609788	0.343284007312721	23
0.098910275816015	0.154229746244064	23
-0.090920631555345	0.399783370072264	23
-0.082226936602586	0.2457074676994	23
-0.110704867293193	0.261391750429802	23
0.098824561802531	0.106993032754617	23
-0.081392643397978	0.263840404058456	4
0.071374694278224	0.167153603103853	4
0.064792583389073	0.132454344606811	23
-0.118022370324206	0.293545347970253	23
-0.078277158531295	0.243296899777874	23
-0.023737315994006	0.254338701406589	23
0.00825288034510199	0.182273141974607	454
0.029611010112358	0.147198168751666	4
-0.035875118143439	0.146563718527	40
0.049931157156936	0.13674307042389	40
0.067532621825414	0.130687227808656	4
0.092387975546128	0.0673817443342374	4
-0.014077185535061	0.17799393630214	266
-0.035275115951799	0.220730809079509	266
-0.032764942154256	0.145873726870682	4
0.091225690045349	0.113590172381018	4
0.056000224236524	0.135354174633938	40
0.015694322197951	0.199850012257605	4
-0.042891162786316	0.149837960002404	745
-0.08000153977391	0.244761541443174	745
-0.023706955049107	0.179377416831989	745
0.05083348290292	0.153649742105121	4
0.100793197622966	0.0905011401237496	40
0.095655965918264	0.139954759651468	40
0.086021800294321	0.147817900577853	40
0.039244821889092	0.164716700315862	40
0.044974003164785	0.162149774762157	1301
-0.124942086839447	0.26082229234161	186
0.107189409903838	0.087761699007292	186
0.070735279571769	0.104062854819986	186
0.015086130262182	0.131802097909141	186
-0.118690174778857	0.274735038299916	306
0.022090889134479	0.154620490872328	306
0.065032984110066	0.132816501624639	854
-0.007555735096405	0.171155327940303	73
0.029903444065729	0.0811806005499426	73
-0.10932582151259	0.176468370548125	707
0.027879907035242	0.151496764645446	212
0.037993717675877	0.142370647014266	212
0.110841386465643	0.0818624242153987	82
0.089648445861141	0.0588408635989714	82
-0.070815001509356	0.239418154541227	82
0.117858117308143	0.106535320468853	82
0.10250954716229	0.0908543700221233	82
-0.113895009602294	0.262022832812443	82
0.007647970147765	0.188274365470581	220
-0.061426735838642	0.203785837641691	109
-0.051165744583648	0.145463441227228	286
-0.111330676048622	0.330131623163846	286
0.10882072347597	0.12832623565776	286
0.100793867901683	0.107534022148061	172
0.100997670242059	0.092478901678656	172
0.029827093190349	0.0855443837267312	172
0.0735973739688	0.157816362789642	172
0.076691120998827	0.118467192752201	172
0.115654171185715	0.804360833512116	275
0.051893514541611	1.25455451524615	275
0.01768158987554	0.342224693767953	23
-0.00891136434062201	0.420164728677561	23
0.119909670572572	0.1445584089308	23
-0.00746626810679102	0.221051191232984	23
0.109467469305231	0.179156348031441	23
0.093040666406174	0.0671733120880896	23
-0.032199271972734	0.248611180169201	23
0.035047651410766	0.148572168449809	23
-0.00426832555807999	0.165295109312404	23
0.064013739713394	0.107266441101758	23
0.003609718456035	0.194041592459374	23
0.00687607333889201	0.250277373606339	23
-0.097504366086772	0.368341614212511	23
0.083638600653452	0.14496714130465	23
0.115454307889787	0.125100259066662	23
0.040648914495692	0.181774921554109	23
0.09739190490117	0.092459615324223	23
0.035967843991558	0.146258441299166	4
-0.117680909364998	0.177954676865524	40
-0.040502829661652	0.146887357932558	4
0.024719274619696	0.154475155892994	4
0.072280840865359	0.103464040375396	266
0.019808607705287	0.12773462679489	266
-0.06111597620179	0.204683030933842	4
0.104312051426888	0.113776120443608	4
-0.040435227345412	0.239006483827775	4
-0.072060977883693	0.341467337555666	4
0.00553953919582501	0.24398857751044	40
-0.111146468692393	0.169208436770499	40
0.033384338727619	0.0837178281943874	40
-0.036589724387222	0.0947047350810355	40
0.106457342633913	0.118399850361243	40
0.025228172536769	0.124566814217739	40
-0.079752396768772	0.297939999352489	40
-0.00935355978274	0.17040794291663	40
0.00578006212531099	0.251716479824952	186
-0.112217741267479	0.220390282489365	186
0.026998385657784	0.0867821277358564	186
-0.116399135236318	0.177232857570925	186
0.061300133856102	0.106528602078836	186
0.002595259079086	0.189792294388248	186
0.092022841976866	0.114772286372058	854
0.094084482295797	0.125738609439265	854
0.031747629582172	0.0848483208395658	2331
-0.110450507270413	0.177690109107766	73
-0.030410141561237	0.0932717698273877	707
0.021844136011221	0.151498790464372	212
0.057103672285213	0.109991635386379	212
-0.122362038913236	0.225603589014152	212
-0.00477454845164499	0.237326156182036	212
-0.024837019309103	0.210162606169721	131
0.023578083968054	0.128016152296584	82
-0.120819293573354	0.173210824752742	82
-0.032821156918564	0.0988815735560713	286
0.025228172536769	0.124566814217739	286
0.119086135517575	0.108336656393467	286
-0.117885908363832	0.181539308233536	172
0.108590577603489	0.0876698906930449	172
-0.045285068377665	0.37126712381167	23
0.075314391642671	0.223894343785019	23
0.050936626079253	0.297696612516705	23
-0.109328962223891	0.252125408075644	23
0.005051500740263	0.351105079829454	23
0.035504301360008	0.296261192299618	23
0.013763241669052	0.457459859089113	23
-0.100386725435654	0.461311232448697	23
-0.115760118434263	0.176630816359075	23
0.06391593478695	0.16037118118625	23
0.061012859167192	0.224101598487004	23
0.12096771879995	0.0922812363960131	23
0.079236249587874	0.190328393748001	23
0.099735720842128	0.150643769072011	23
-0.040724773468953	0.145828312063351	23
0.084263750925768	0.0699691499575131	23
-0.036555497783795	0.150537234798652	1347
-0.070962204381509	0.257692136564249	40
0.040857032288882	0.194475193786564	40
-0.070843146724107	0.305171330533353	40
0.120101205371523	0.0946828320627479	40
0.02343806115419	0.156323988272711	4
0.015919898537919	0.130027472526343	4
-0.041949673887983	0.0997020403248869	4
0.011391029826966	0.184970605221562	40
-0.063416829001218	0.208216905985775	266
0.062900023602571	0.11160826379656	266
-0.119111888255689	0.180899303365201	266
0.041950660875935	0.16352903413017	4
0.099391475033663	0.121992179826792	4
-0.063161776108141	0.311830716905762	4
-0.121052286822993	0.275179582052421	40
0.079867253868425	0.164339873935556	40
-0.116555254521681	0.178342905360421	4
0.028454275205353	0.0841132277672702	4
-0.124900791134761	0.276614873056047	40
0.123116677701023	0.0924441076193582	40
-0.116449443713844	0.172315819526561	40
0.029377637398455	0.151101572889942	40
0.0922485696607	0.0662500472311415	40
-0.10932582151259	0.176468370548125	40
0.094145284639013	0.140928234224412	40
-0.10937844351853	0.329388581149287	40
-0.083379978547044	0.297074646357431	186
-0.067510773687906	0.369228716015996	186
0.122095928609808	0.0899220503101832	276
-0.118317704974297	0.273868612120861	306
-0.053076431557515	0.291963769625673	306
0.069417009830615	0.144024214248011	854
-0.041949673887983	0.0997020403248869	2331
-0.114958412684718	0.265113991963098	212
-0.112226277084649	0.352115482067554	131
0.041023661427692	0.182894145713551	131
0.035954743729463	0.0832571614702204	220
-0.045603228845749	0.154576444541454	581
-0.043141505940319	0.154804486637655	581
-0.071754388008853	0.270234090029109	286
-0.038003609048903	0.100132891438743	172
-0.067858062451812	0.210019729810159	172
0.100787535396778	0.113223691009398	172
-0.078680247284245	0.558648095658786	23
0.082033056910909	0.198147850502689	23
0.031585323999652	0.334926601292582	23
-0.076451930989362	0.336396912966576	23
0.078368999476752	0.230042598022416	23
0.022727662875179	0.380561421213863	23
-0.03705364274674	0.147866880349862	23
-0.05895573226229	0.2020354888781	1267
-0.064380008263036	0.208920285597064	23
-0.026168799873076	0.255679037308838	23
0.080110320596951	0.130241122745084	23
-0.00373624951937901	0.167934479841848	23
-0.111932123360035	0.179325288797912	23
0.101315409257553	0.106551910306247	23
0.065720097476869	0.106539391163744	23
-0.117021435743637	0.267436387415133	4
0.119856373523779	0.0927655192814558	4
0.090661400423661	0.0672517559389532	4
0.108391255694383	0.0856293609557868	40
0.015899748100739	0.132180495352959	40
0.041532774374477	0.0774954864056119	4
0.108892227260352	0.112576733498863	40
0.101592664435832	0.106247487085557	40
0.011528460224773	0.186113292667603	40
0.124883391216976	0.102051984344257	40
-0.038545462354248	0.218282209949746	40
-0.00772249196909403	0.238690553555459	40
0.108230101832437	0.0988607509536728	186
-0.109786903842359	0.323682468904368	186
0.09646150597168	0.109060683604666	186
0.083493886787063	0.068273776808171	186
0.084282252206357	0.0705379079167224	186
-0.067947836532341	0.226948508872819	101
0.116141599697047	0.0979719239928047	854
0.093040666406174	0.0671733120880896	854
0.077099259991912	0.0682603245596691	2331
-0.039120545354252	0.0982326823496038	707
-0.119111888255689	0.180899303365201	212
-0.122313076132132	0.392186070881394	212
-0.000599774753311022	0.188255924892166	131
-0.00460318278271799	0.214460259822804	131
0.097153290997261	0.110781913596468	220
0.065264061477256	0.131303788100856	220
-0.00979644689053899	0.17586718002071	220
0.067029254066685	0.106955955149575	265
-0.118996770178688	0.176584307727701	265
-0.019421978671611	0.249673847905374	286
0.031199616750944	0.0856518567102529	286
-0.060100653751066	0.694113461087868	23
0.091666526979445	0.33584410845648	23
-0.107346137452698	0.457864004577301	23
-0.067102743068392	0.335132376263156	23
0.023429480480608	0.407211975331371	23
0.020556772379785	0.326648931225989	23
-0.011804291065047	0.178346262029732	23
0.03835769663986	0.273993310651448	23
-0.010559736062656	0.174525084114283	23
-0.033543341211079	0.312038786173336	23
0.025440614219229	0.124603812360923	23
0.060026732138469	0.134634090337695	4
0.060931471972454	0.110283557590334	1347
-0.025439089427665	0.206522443310135	40
0.031473029267354	0.210526524674963	40
-0.042640658214834	0.294387772669927	40
0.034038427916644	0.0810473908471871	4
0.016129362374571	0.131133989323224	40
0.062641217475801	0.109400250303489	40
0.013249941358666	0.184255989011621	40
-0.033264001232718	0.236980536068347	40
-0.115815203062193	0.296156736486852	4
-0.010925141833783	0.173865375840406	4
-0.077303993031651	0.294844665037894	4
-0.111600992860449	0.372882310889947	40
-0.088635048727716	0.336013752807518	40
-0.05776705300634	0.301071863496537	40
0.067717531388729	0.109000646222951	40
-0.119043284691022	0.274489642767136	40
0.01505132716751	0.214214181366096	40
-0.040436928309697	0.149988841948428	40
0.022936040578764	0.126735407564073	4
0.042636056913605	0.199896744480053	40
0.100223216865319	0.0912168073243101	186
-0.118348704184019	0.268075158435488	40
-0.029449933685824	0.256035254831999	40
-0.04329508425016	0.155082966389517	40
0.011986895643169	0.186409732075411	101
0.00152899643746399	0.189202139469856	276
-0.00463578173089402	0.218177725830352	854
-0.071811924440541	0.270656544196463	854
0.033133251101823	0.084545409463104	854
0.090668196120738	0.067872764367876	73
0.014028066840588	0.183953594355781	212
-0.0176091110727	0.226396072573649	131
-0.124421864479079	0.172332689815906	131
0.024173725553671	0.123880873011358	131
-0.111367438029219	0.29825325397151	82
0.09829859893586	0.0914999768046706	220
-0.111575745546715	0.177868923317431	581
-0.006879574259336	0.168453447533495	265
-0.123197526819585	0.271854971635146	265
-0.111472294373269	0.174950673082655	286
-0.046756922746989	0.281258341452013	286
-0.06927792598007	0.310184512773879	172
0.081992735062342	0.761029572888413	275
-0.038619356503734	1.44379304988845	275
-0.062897701314643	0.640392939483989	23
-0.119233675344446	0.7145449995586	23
-0.107289178875326	0.644573278592575	23
-0.040282981506737	0.482579056494566	23
-0.084900552904659	0.359566995131692	23
-0.071399488689618	0.203586776580432	23
-0.122844884493814	0.178994553988468	23
0.082458284515653	0.0693594727346167	1267
0.023370064025987	0.0850861587615147	1267
0.026979219003408	0.0820065254901187	23
0.091256992819529	0.126235849313695	23
0.045008465074756	0.156856215326775	23
0.109984911283217	0.0846129532887604	23
-0.00814103441608199	0.303914643924664	23
0.043796135609563	0.180286582506679	23
-0.008900011970778	0.252293724362133	23
-0.042823222441482	0.273756410066125	23
0.061920493496112	0.134448188686852	23
0.019240377422077	0.132040310778396	23
-0.115326626323697	0.292490145851334	1347
-0.032206486486681	0.21269091454966	40
-0.120233386986263	0.302512528299035	40
-0.01226266086212	0.174514963307259	40
-0.047075462497648	0.154043661181276	40
-0.119929560909324	0.274047736952575	40
0.08608722179876	0.0688440974591837	40
0.068275653949821	0.180888913397496	40
0.062465294056694	0.110217090050802	40
-0.03226996239096	0.0968292699610618	40
-0.100851601876099	0.432645501635668	40
0.052774298715973	0.144980539410153	40
0.093040666406174	0.0671733120880896	40
-0.063332852884436	0.18779172109638	40
-0.02503460088118	0.177778259963778	186
-0.00694412979393799	0.170070457935199	101
0.065512088294965	0.106772753111148	101
0.061891079709932	0.107545036713124	854
0.031997199412221	0.0847309034950032	276
-0.031711399386998	0.0964972843217709	73
-0.041405672757444	0.101142567173792	188
0.080790522959574	0.144801065003331	131
-0.038003609048903	0.100132891438743	131
-0.113162081417019	0.1815113853703	220
-0.017354018256484	0.179201862929986	220
0.074260983882562	0.101841103366347	220
-0.064944133388202	0.200628238079826	265
0.028728809123626	0.119232725336704	265
-0.036981198748894	0.149075151108642	265
-0.035221187230623	0.0996917527572204	109
0.108389104763603	0.126750432811451	109
0.110255574692509	0.126333037412909	109
-0.017443498422245	0.24534306671374	172
-0.013313069579222	0.179406985063901	172
0.00408613461896701	0.191466557597842	172
-0.020020384127255	1.47307738212141	275
-0.085616402614527	0.689968463815606	23
-0.075898989757776	0.575809650583501	23
0.040862483472672	0.344296375291159	23
0.08910610899234	0.201643243260218	23
-0.078108765348368	0.409213607413828	23
-0.088100378532656	0.349343384226469	23
-0.093223273388285	0.604932309266638	23
-0.063101683450361	0.456994603472935	23
0.093690533315725	0.125858601772022	23
-0.11283117427825	0.265061349474579	23
-0.016306549604409	0.17381066838829	23
-0.013426520639803	0.181067001686311	23
0.110456029207805	0.0860788646176979	23
-0.012593434013506	0.17330291175594	4
-0.071432938658104	0.245490563146687	4
-0.017149971745968	0.219425631164699	4
-0.002148483400427	0.215530140367784	40
0.077699313816237	0.0933601546685169	40
0.020622237607694	0.0843813850961511	4
-0.071316730672584	0.284842566802674	40
-0.062453924811297	0.206510526537733	4
-0.12444373419021	0.225373100003837	4
-0.10019890353861	0.330606477651993	40
-0.120530864528707	0.26653320457278	40
0.091582098960629	0.115680410875127	40
0.022278748926954	0.197052258357862	40
-0.111676815549434	0.177710154760845	40
-0.073359122075237	0.293882759577551	40
-0.081496760096286	0.276834803206576	186
0.002209584427075	0.187120485136799	186
0.109984911283217	0.0846129532887604	186
0.118733257677558	0.118105901300265	186
-0.110700896370534	0.173921565925987	40
0.061103399835403	0.151237297564908	186
0.066509219720126	0.10617667138512	186
-0.041908044212002	0.153137372739392	1109
-0.097614610642241	0.148943665775279	101
-0.013625339264879	0.176626433781002	854
0.069289958691215	0.105728314226022	2331
-0.03705364274674	0.147866880349862	73
0.090834097271021	0.0670397845703292	927
0.094217174489699	0.0668846672946918	212
0.033507781586435	0.147229631546622	212
-0.070144082087879	0.27813762218429	212
0.063037026497284	0.127931410889093	131
0.102865404884568	0.0912157413683942	131
0.019454844918629	0.132093096357099	131
-0.049804571670223	0.0973794940097657	131
0.023788356538989	0.145686786350105	82
-0.049856736862372	0.251882209803512	82
-0.023197842132076	0.209637250892032	82
-0.083202593814049	0.278151742242206	220
-0.011160560884489	0.168942895444023	220
-0.017666585956708	0.182948354635941	220
0.063735088403403	0.108841686433804	265
-0.060567479881138	0.20423991036946	265
-0.110696068566403	0.245251438897683	265
-0.05984320178109	0.203964295570512	265
0.061453079456975	0.135209262890541	265
-0.017813001546771	0.176034733960577	265
0.019454844918629	0.132093096357099	265
-0.124421864479079	0.172332689815906	270
0.080857420770346	0.146062885669682	109
-0.118335282940558	0.270988530987773	2343
0.036529335126095	0.0785052286810457	2343
-0.063121475743576	0.200041433443338	172
0.117193374829705	0.0978021905859473	172
-0.102540374881372	2.11282439097788	23
0.067561362447636	0.371682580873883	23
0.060639698035233	0.394718046063548	23
-0.023083862577702	0.547796499171095	23
-0.061433473840673	0.516798402363576	23
0.012736429531433	0.370410523550957	23
-0.046073288082239	0.485388598476534	23
-0.11694823670554	0.57805627935021	23
-0.00464111975447001	0.258248155376842	23
-0.099813657088766	0.455443494130358	23
0.037543043829476	0.225785048139448	23
-0.00626566828291097	0.169622228689474	23
0.064897201452832	0.129047473971815	23
0.020137070567413	0.194232058437795	23
0.016943192784689	0.132202216312341	1347
-0.121613522868439	0.177898148441455	4
0.024490973123415	0.0849086834958781	4
-0.034244076189566	0.150089538795664	40
-0.012030042716037	0.222598988017985	40
0.068156548428184	0.129288308863463	40
-0.115312781090397	0.215147427248234	40
0.095649828543542	0.112760023212351	40
-0.077049447081897	0.231972325808862	40
0.022906662926486	0.15085188781885	40
-0.11711205040128	0.224778631080738	40
-0.038444960966871	0.0987462625586103	40
0.080086151058248	0.0684959084408676	40
-0.033006409671972	0.14822007055335	40
-0.040106085879917	0.0990256675498028	186
0.040085985671133	0.0796598453827803	186
0.086644796186402	0.0695636587592439	1109
0.087024459016063	0.0679181485027223	276
0.035066157430021	0.0823857434934907	276
-0.105825970332718	0.280277883845121	854
0.036013142718529	0.169579933011854	276
-0.011912322347424	0.174593707297513	2331
0.017368660639189	0.131294995357539	927
-0.04344635334625	0.153143709545193	927
0.024569009962125	0.123282900758313	927
0.02274477431156	0.127613052652558	188
0.00867917219978701	0.128478822527998	188
0.020028275806587	0.125851797495395	212
0.028127826835431	0.0866066223589225	212
0.030361676400167	0.0844616484120457	131
0.040085985671133	0.0796598453827803	131
-0.122430263716292	0.275706295938067	131
0.058580336168234	0.136310474687943	131
-0.123323307640238	0.232338761125004	220
-0.068592542554633	0.234979835437376	220
0.110376248550544	0.0843454581097847	220
-0.03721059245981	0.146829997390012	220
0.071274867562314	0.104082689175665	220
0.023578083968054	0.128016152296584	265
0.084670648687142	0.0691768460062868	265
0.015919898537919	0.130027472526343	270
0.096185327120657	0.0915014300164243	109
-0.014938225287324	0.180822158691287	2343
-0.013426520639803	0.181067001686311	172
0.062987331517972	0.127550564699124	172
0.103005467466766	0.0903554990019117	172
-0.024570045996582	0.203254044725464	172
0.035903496340796	0.081202382331144	172
-0.067306131456732	2.0458031347388	23
-0.036263920546393	1.3136644723953	23
0.118645090536758	0.277505868886842	23
-0.010498582658415	0.702049451247858	23
0.078981069474544	0.31237590830803	23
0.024339853720521	0.282473963995807	23
0.113559708363414	0.220872716104779	23
-0.060702868442979	0.586199381719265	23
-0.118763572410246	0.792372703569861	23
0.02537523060731	0.155280628346641	23
-0.073881982999717	0.369615472158593	23
-0.082133377262133	0.380264198309091	23
-0.016303160109358	0.221619639033791	1347
0.077094469748433	0.068540801341734	4
-0.011692127226863	0.173886818557359	40
-0.104372499146835	0.304578288147411	40
0.035965699848475	0.164078590132625	40
0.058470582287918	0.128487588081045	4
-0.116904331889127	0.30542761389398	40
-0.114811195463764	0.341209176084832	40
0.010359901241656	0.203714368083715	4
0.027832826096726	0.154982916821846	4
-0.117760470397114	0.264678334600635	40
0.09298203320556	0.108227793904624	40
-0.021402410669247	0.252448067480565	40
-0.036949261315223	0.148444750387354	40
-0.014580576887733	0.18143328916142	40
-0.056142566069512	0.262373236683759	186
0.101579694293426	0.107295856874393	40
-0.014580576887733	0.18143328916142	40
0.040124088791315	0.178625193181534	40
0.100443146956824	0.105254339459903	186
-0.079725148425307	0.302057596373644	170
0.060473603028537	0.108252288572895	854
0.108838033143199	0.0850820014855778	276
0.013090237404276	0.181155992807994	276
-0.12030574340281	0.277311672845683	73
-0.00289249710124001	0.168756660664803	927
0.025215299059439	0.124099681416739	212
0.041021409306635	0.138092973137933	212
0.087265751007017	0.0687752633996953	131
-0.029498051546691	0.095443783491025	131
0.030863308906135	0.151904532397678	131
0.030719327504903	0.170323881780074	131
0.022573258060772	0.121632736275149	220
0.059484340585548	0.16578191157793	270
0.090342174272304	0.116508809134814	109
0.04211196715592	0.16544239786618	172
0.123078948315929	0.640218310165604	275
0.113177479876668	0.299630998724986	23
-0.023875884550811	0.429093996028694	23
-0.019699760382	0.484769436684114	23
-0.00192465867506098	0.323610844675721	23
0.10787116958177	0.158458167642892	23
-0.114731649794527	0.40755838945769	23
-0.074378944539273	0.296084953487206	23
-0.033602572174551	0.233153034522916	1347
0.023287972046365	0.155770999261181	1347
0.027700243409937	0.155679912731439	1347
-0.08501160324217	0.276174200787468	1347
0.030117450070795	0.187041296496323	1347
0.087278299254596	0.0687080658224371	1347
0.100426294484276	0.105929240135957	40
-0.0579247971536	0.203513030789599	40
-0.041768272360646	0.0974789672557957	40
0.035138976572803	0.206182184828091	40
0.028894052727234	0.11714091528011	40
0.087677627668438	0.0686232966343337	186
0.017715742843319	0.200948333043273	186
-0.121992643343428	0.327004518771494	40
0.040316163496644	0.142612138286636	186
0.02503842628068	0.125382979356139	186
0.094210150681308	0.0664471867554923	238
0.033384338727619	0.0837178281943874	238
-0.12139733653422	0.311230719239206	276
-0.124539700115026	0.266887028705494	940
0.039030243588001	0.167532684674592	276
0.099255074840298	0.0885365068079652	73
0.040171346726126	0.167328766231016	927
-0.117528003334728	0.177416726371003	188
0.085308469323779	0.0688018526493235	188
-0.03678489653253	0.0964460336547415	131
-0.047149780706581	0.239359198013531	82
-0.114286038160419	0.182328310624969	82
0.033133251101823	0.084545409463104	82
-0.115270827095188	0.176045349901873	581
0.094210150681308	0.0664471867554923	265
-0.114390772585208	0.181510093629459	265
-0.068273672877701	0.241993576539145	109
-0.017137807796537	0.177038746102703	2343
-0.045380985853846	0.0982484663067579	172
0.090293489953327	0.302402070356106	23
0.104279992150985	0.311113290964627	23
0.078126469182516	0.173914822393751	23
-0.085072142634613	0.332151615494607	23
0.108187815434281	0.146638166546511	23
0.12399551216179	0.117908804250629	23
-0.043141505940319	0.154804486637655	23
-0.034387844062243	0.237925822459847	1347
0.032224229530288	0.151633605897168	1347
-0.041405672757444	0.101142567173792	409
-0.031159069703148	0.0981044391984633	4
0.115851063953761	0.106608744485342	40
0.046869386511417	0.16022712533459	40
-0.070151609927666	0.227683418272849	40
-0.122039952271111	0.225910379067806	4
-0.033554504638585	0.0989113001367016	40
0.016129362374571	0.131133989323224	40
0.120304685324827	0.0956115203083762	40
-0.124962256857133	0.312090148358676	40
-0.034666801812777	0.0997029697152663	40
0.033384338727619	0.0837178281943874	40
-0.018023910449632	0.182925943105222	186
-0.036445902914295	0.235424666016295	186
-0.115299149675428	0.271705786371046	40
-0.039741096782999	0.100867367680409	186
-0.037450417018744	0.0985460555820956	238
-0.042549024694588	0.154691611573152	238
-0.030410141561237	0.0932717698273877	238
0.055627226134533	0.146083389962334	854
-0.066690347177785	0.255990863815019	188
0.06063825910231	0.112672324299196	188
-0.016087992377216	0.1732165818596	212
-0.044170000895472	0.14939508963922	212
-0.019112860836535	0.179168927613335	212
-0.117432177548032	0.177182878790613	131
0.106197576650658	0.086985009203612	82
0.104718317281596	0.0897284763955189	220
0.091314427151	0.114441520403547	581
-0.025172950634726	0.209984500206742	270
-0.058530075443952	0.221676934749436	270
0.034920718509498	0.142840403838308	109
0.063466863487207	0.148295871294895	109
0.056293450237131	0.135811670184513	2343
0.044784662474856	0.156949209768022	2343
-0.12036277458527	0.228773294882056	172
-0.017965882146491	0.79137701391639	23
-0.022911476513161	0.60701390825322	23
0.017162314770709	0.176944583351559	23
0.036760025060377	0.346733568486255	23
0.106114725787619	0.163388789328715	1176
0.042961331930122	0.195647769446084	23
-0.043996031017453	0.289776945858363	23
0.021685051687434	0.208657787670579	23
0.072703914905476	0.124931535183877	23
0.082084048896798	0.163440815908161	23
0.069635271716215	0.195929113251538	23
0.054030404351151	0.20549266717594	23
-0.112798447140516	0.297712340731033	23
0.091854647509918	0.0677363470685039	23
0.087265751007017	0.0687752633996953	23
-0.115857545508068	0.225519225247698	23
-0.075752507146124	0.296126205504649	1347
-0.013841360292037	0.179829774129504	1347
0.085200334386957	0.130004720865383	1347
0.069016084072782	0.106338995789255	2075
-0.067736788641046	0.235148244269851	40
0.051677231752287	0.168375177304741	40
0.064550454760806	0.105471546741655	40
-0.03968700452328	0.154256465120477	40
-0.02284984095358	0.249831528329929	40
0.084670648687142	0.0691768460062868	40
-0.066066144953897	0.205560865783415	40
-0.081766275612407	0.294568028261756	40
-0.116695134730046	0.357397299865044	40
0.091854647509918	0.0677363470685039	186
-0.086491888189137	0.27574420098448	186
0.065137142067943	0.12411562986952	40
0.027658921440329	0.155386682079691	40
-0.010646637519709	0.173651074169924	40
-0.035221187230623	0.0996917527572204	186
-0.050170245073095	0.270440616132312	854
-0.108180383927448	0.167949601325928	854
0.065809927765548	0.12352549117674	854
0.061542374751944	0.149178730851217	854
-0.059852361369715	0.305269762140606	940
-0.038914390877041	0.243986729329664	73
-0.031532743806358	0.145680881549073	73
-0.075817715593341	0.203395825163148	212
0.065736705219974	0.110287252790846	131
-0.064326643531429	0.232507100159033	131
0.044495532349514	0.179133979545521	188
-0.037902704473425	0.0979451695114842	82
-0.023764265535564	0.251410177805372	220
-0.118642680176556	0.325738254030185	220
-0.032789115903093	0.219506839901082	220
-0.033554504638585	0.0989113001367016	220
-0.0442196625004	0.154157394289877	265
0.096342366211838	0.111476159355341	265
0.059206683150237	0.111241505606681	265
0.117964924111912	0.0973519041451943	270
-0.040492472054989	0.216819757338027	270
0.082762191500222	0.145616192990289	270
0.061809803400118	0.106798723757092	270
0.12463353428724	0.104823214459246	109
0.062913398411201	0.133146249978242	109
0.067057845745172	0.146140192337577	172
-0.023692625409578	0.203374539820388	172
0.012587083724887	0.906406796464937	23
0.066128427376788	0.441463048736282	23
-0.104367882274823	1.0987773086061	23
0.065977421676861	0.435770231086715	23
0.063962460177237	0.379016481958526	23
0.019406452788455	0.427180848592305	23
0.039021975461854	0.469407516762603	23
-0.051293696840268	0.719082763722869	23
-0.024496126393433	0.544646711360976	23
0.020260336299585	0.218094152482538	23
0.077940711618503	0.193615294488448	23
0.119058169978888	0.138377536581539	23
0.038198487543631	0.206132399437569	23
0.104234558857611	0.118447449769949	23
0.027226400690544	0.250057715763051	23
-0.073142224938677	0.327486528447743	23
0.121639906689031	0.103267037467408	23
-0.074703069754515	0.238564575060825	23
-0.063692677663493	0.312246809000147	1347
0.065943448569861	0.103820770226924	2075
-0.038003609048903	0.100132891438743	4
-0.011384277630331	0.257812443544441	40
-0.072269034207783	0.285007358885164	40
0.015919898537919	0.130027472526343	40
0.035954743729463	0.0832571614702204	40
-0.038003609048903	0.100132891438743	4
-0.118153276396688	0.223910132416587	40
0.037332136589465	0.0829524662765178	40
0.065481766600569	0.1317055591669	40
-0.051989873646287	0.303109038791042	40
-0.033000027866874	0.0969845561461558	40
0.022058672071791	0.156794133131515	40
0.008888207554583	0.131549659424232	40
-0.119289592167739	0.331824853183068	40
0.039981521462125	0.164681909876903	186
-0.072871479021646	0.268020661795086	186
-0.117784607112725	0.181191252970988	186
-0.01425427368512	0.172618559304303	186
-0.109775775759275	0.169414531059471	170
0.031199616750944	0.0856518567102529	424
-0.040844223800902	0.101660915739334	521
0.022735262641612	0.158624517858751	521
0.064774052647285	0.107058814755219	854
-0.042019889040625	0.246061437943658	940
-0.025537220834334	0.212751839170517	73
0.063820456680111	0.133459544178253	188
-0.080751045715035	0.303267047201334	188
-0.032264589839972	0.235805552497818	188
-0.039120545354252	0.0982326823496038	212
-0.036888952753567	0.099347238411251	131
0.06279242318415	0.145882544135235	131
-0.037288090124855	0.150803599600328	82
0.097543173786866	0.139821387491514	270
0.110366648910381	0.683620082637305	23
-0.08256425720959	1.87201986582993	23
-0.058977498871995	1.06952879943161	23
0.070060607680709	0.52484283262138	23
0.00692187374037601	0.555080524911988	23
-0.017353789458086	0.661725372513751	23
0.009402246885448	0.186620525575397	23
0.045683759977843	0.238343360778267	23
0.084243554358387	0.203320561914356	23
0.006212061193797	0.252864023822489	23
0.041621738970692	0.161720275584616	23
0.029984882371375	0.227187061284084	23
-0.027389425318881	0.296235303860804	23
0.070314575101981	0.13884287596142	23
-0.032821156918564	0.0988815735560713	409
0.01887308770108	0.177296391349942	40
0.107318059577233	0.0887402208904685	40
-0.101329167817997	0.371692958697792	40
0.016485692338048	0.127529437978399	40
0.106724088181951	0.0877230836269806	40
-0.118315753843896	0.300378986689464	40
0.111860093312451	0.11111420717976	40
-0.106661865134906	0.37739447448606	40
-0.039673644675882	0.0981180899957098	478
-0.112242595474731	0.214459914733675	40
-0.087938486379914	0.325251324726098	478
0.00785400844853701	0.229435725086538	40
-0.00555578555665798	0.16979130642533	40
-0.038444960966871	0.0987462625586103	40
-0.07198523519312	0.242811486635544	40
0.087029870754219	0.0667634287985753	186
-0.112266240940996	0.170791469420266	186
-0.043089014416211	0.283187861358582	521
-0.117419339537886	0.330665398242829	940
-0.072727260335142	0.242693996627133	73
0.016943192784689	0.132202216312341	73
0.011748719081408	0.178279276903999	188
0.03732054423751	0.144438120708124	188
0.063610596624594	0.131641364568273	188
0.066432337117799	0.147930141106332	188
-0.121410612244641	0.229684295165775	188
0.104210911444633	0.0856593299232948	188
0.05411122386166	0.111865851496102	212
-0.032821156918564	0.0988815735560713	131
-0.115077897917912	0.176890716994951	131
-0.048642404753758	0.149985952025704	82
-0.00390944883370198	0.161644892818754	220
-0.010339455572821	0.177186962398128	220
0.063503835388655	0.132952219423348	220
0.068658645733222	0.155969932321687	265
0.103256912131747	0.0894284047809627	109
-0.068417230172251	0.236853334454109	265
0.119155747918038	0.0937185064663247	270
0.038465762389163	0.164146338840298	109
0.030271178021965	0.150314722428428	172
-0.014386087434312	0.178438710824643	109
-0.048538208631323	0.272698705643839	172
-0.112707456598378	0.216538385969617	172
0.03889098631337	1.29195109412254	23
0.053495792708462	0.871028734793618	23
0.035048734048263	0.698126949009761	23
-0.079688983641538	1.07336143046264	23
0.050759317245568	0.466740855375535	23
0.0179280113358	0.624923345587816	23
0.048999451353136	0.218487540572329	23
-0.122753084235291	0.279611276483354	23
-0.019752114628985	0.321531504323808	23
0.026802074608841	0.211866847747369	23
-0.041949673887983	0.0997020403248869	23
0.073347151584114	0.151541554239944	23
0.117163872946154	0.122767189307012	4
-0.041589820997961	0.291353159485461	40
0.017795087593853	0.20195253536534	40
0.098368247896835	0.121884552312748	40
0.09351233910481	0.11852154072676	40
-0.117859943007365	0.22955546435368	40
-0.122580172769342	0.253784096869361	40
0.030609722602038	0.08503352403686	40
0.059030810184549	0.13661729948349	40
-0.073557284911823	0.271096544209861	40
-0.02806392354618	0.204052854797105	186
-0.114178898781779	0.179707856512192	186
0.088468934070634	0.0681505287957826	186
0.081616948738367	0.12665280996967	186
0.07409452482964	0.0655872213998542	170
-0.089186774894186	0.336519055135724	940
0.041795061475625	0.164180002138406	73
0.062992364599653	0.130492059732105	73
-0.120629105758929	0.306533704139746	73
0.103782602620783	0.0895460079789076	188
0.085458594030296	0.0704861106918886	188
-0.060188763239443	0.225031229076541	188
0.090810661878553	0.0667523385946533	188
-0.119171378493323	0.268660761854226	188
0.069174244383152	0.102601199817063	188
-0.122306523350854	0.234676021748218	188
0.086644796186402	0.0695636587592439	131
0.070652872092127	0.126949821016007	131
0.061453079456975	0.135209262890541	220
-0.012189522380641	0.23535454601213	265
0.011188687997837	0.131937012126786	109
0.082890245657675	0.119443419675979	270
-0.088792631378213	0.236720904497633	270
0.104068087503305	0.104258100036675	172
0.118898176550391	0.103612005580253	172
-0.117885908363832	0.181539308233536	172
0.03186616177958	0.640240955092835	23
0.112187468665319	0.4403291914923	23
0.075382859851071	0.415272283739628	23
0.095809680517909	0.312474705536409	23
-0.080501294952257	0.491168620211432	23
-0.092527567510511	0.636786491137533	23
-0.019258377497464	0.243311436673001	273
0.078474483577219	0.186996527194072	273
-0.03423880833171	0.328248582514604	23
0.093405883333061	0.108702481566742	23
0.102903727067973	0.170743975077283	23
-0.037125462004958	0.327547025025607	4
0.097463489369265	0.136822431703078	4
-0.032789115903093	0.219506839901082	4
0.035402591963392	0.0811033342417626	4
0.12448542539155	0.0538485406751487	4
0.020058954416411	0.127928222239477	40
0.040382627934109	0.199292183423872	40
0.077859315373211	0.15286295357387	40
0.012295838284904	0.226232759127654	40
0.018435680234669	0.237978440432559	40
0.091207638572559	0.0682922372056308	4
0.033133251101823	0.084545409463104	40
0.103111449228369	0.0916783726058062	40
0.098395205773915	0.090535947003471	40
0.066254336778033	0.159668840553844	40
0.090510030222756	0.115703969173721	1986
-0.107768832715268	0.459695132405959	40
-0.04329508425016	0.155082966389517	40
-0.038358362060986	0.288366908316767	186
-0.054530111260399	0.282388961274949	186
0.087278299254596	0.0687080658224371	186
0.020264830766497	0.197592679440525	170
-0.11402876864744	0.174441058646814	170
0.06347315134836	0.111235999956934	170
-0.114502450022245	0.303320953165853	238
0.033133251101823	0.084545409463104	170
-0.104535519986353	0.309266608440504	276
0.108490635581019	0.116230664474593	276
-0.039309690300414	0.243115678443201	276
-0.032651521049732	0.235330145936455	940
-0.078775442788211	0.280316464115115	73
0.059030810184549	0.13661729948349	73
0.025594642822525	0.155693898139651	73
-0.054130095743975	0.194536185123807	188
0.029590965022439	0.120352422602304	188
-0.039741096782999	0.100867367680409	131
0.060352150065112	0.110579598273951	131
-0.069507508276879	0.259829812545184	131
0.099227723121282	0.151270741337531	131
0.121185037336775	0.0928351029886687	188
-0.079927290353945	0.294220035270893	265
0.065333323459916	0.144638836832373	265
-0.036055671858253	0.265038634951191	109
0.041181862631946	0.197371695696358	172
-0.101682963560294	1.89130111245778	23
-0.093539878495536	1.30426652622734	23
0.069145421627065	0.489452477229425	23
-0.084771464995925	1.06809296163194	23
0.06096593622233	0.437450075307159	23
0.119817072961643	0.165074224691161	23
0.061506295485696	0.324315217706321	23
0.0808928772942	0.151689325092523	273
-0.069147293288167	0.364672614036611	273
-0.035592662658481	0.242481145397514	23
0.038461644295732	0.080673971622883	23
0.053016208583631	0.161916743818473	4
-0.034754187396378	0.233653657276008	4
0.060201724327242	0.111388536429891	4
0.090821356184562	0.0674176342232614	40
-0.115618198906116	0.177867309854093	40
-0.036334661817441	0.10048957400549	4
-0.03861047511274	0.154935039302282	522
-0.041472651117584	0.15388680873237	40
-0.105376919266918	0.246692394917566	40
0.045322117870182	0.158101669799894	40
0.039608204271605	0.19845348823391	40
0.00964274640003401	0.244745944732816	40
0.033133251101823	0.084545409463104	40
-0.114131026196078	0.381365646296732	40
0.110236327670157	0.114735869326638	40
0.062406846060072	0.126000791164763	40
-0.039508995936797	0.149988458947545	40
-0.039276767453917	0.263177180025276	186
0.089719133420142	0.116099131145668	186
0.096754494715672	0.109128706296168	186
0.090324380081863	0.111901529285735	186
-0.123806224858085	0.238958044831211	170
-0.121094075467912	0.358290812979547	170
-0.028752673190078	0.0925546551709775	170
-0.110726710025184	0.425101192519736	170
0.00900740228658101	0.20587014340092	276
-0.057375582155193	0.197417728879935	73
0.113981846248874	0.0812393023605599	188
-0.03196724969	0.219262598958559	131
-0.077718617485681	0.266216177836792	220
0.043735994855314	0.160639837060315	109
-0.013208922504592	0.168522674138674	109
0.074045818268183	0.120366457299113	109
0.058915256248357	0.17493897755342	270
0.114562199958425	0.110835990156451	270
0.047402998258176	0.176455761821247	172
0.036279617753848	0.1482088631261	172
0.00862805384039	1.59453415443007	23
-0.041084922687486	1.45641183599962	23
0.056525413685416	0.880825253052573	23
-0.078094363829624	1.30851554791361	23
0.107944755555532	0.351373232205156	23
-0.011084783020751	0.727360304701267	23
0.009674161464655	0.221864503791253	23
-0.103168837914771	0.399236999931917	4
-0.026859556579099	0.225883510118693	4
0.031930197882566	0.14548164911493	4
-0.084278319344453	0.275421168882118	4
-0.045246191862994	0.150920084751973	40
-0.112380255184027	0.170132936116947	40
-0.028390655885749	0.0932240137501433	40
0.029769900815145	0.116897679119208	40
-0.007373794583594	0.162558129193723	40
0.061653111141528	0.10888846472742	40
0.106518770670315	0.0874148574584735	40
0.021996297681169	0.0854383062267675	40
0.01694647359943	0.124910833384279	40
-0.0750899678008	0.294451637547111	40
-0.100850381787033	0.367568657023509	40
0.018592754296181	0.128520129638469	40
-0.119585896451146	0.335837845786163	40
-0.057940723700665	0.284215468243866	478
-0.122362038913236	0.225603589014152	40
0.100063413414519	0.092432362135546	186
-0.069752722949933	0.309894182030989	186
0.079945894169017	0.110253260718536	186
0.026621393639213	0.150773046333061	186
0.119571408894111	0.102125441591114	186
0.118382151665255	0.105494615736808	186
0.009317194092307	0.219406986746188	186
-0.110450507270413	0.177690109107766	170
0.069419047441535	0.102678376755815	170
-0.047043521028116	0.100061325242159	170
-0.043300169250537	0.26106049729075	276
-0.045298415965055	0.152453184992983	276
-0.074583057762776	0.241422662162056	276
0.098671131568673	0.108086664722535	276
0.09866124690715	0.0918369231486578	334
0.068749093483208	0.104147104492239	188
-0.015985794441977	0.177654052403138	188
0.020863064689026	0.124508091298224	131
-0.119697479068552	0.172141552502299	131
0.071977899364041	0.105202540518848	1766
0.012007520724586	0.130508198919316	189
0.04464908561786	0.16227675081442	220
-0.077383507301954	0.277049028223765	265
-0.013982764671511	0.179875755007125	270
0.084972909119009	0.129197071096744	270
0.034506883056773	0.170244581805001	172
-0.123316436767132	0.27649692207259	172
0.065456353378825	0.111030609890101	172
0.037999363664091	1.35630077121418	23
-0.048085606952354	1.1073523560565	23
-0.01345697134992	0.73850948772525	23
-0.05422220524503	0.298096976624111	23
0.104374933612164	0.14304617839407	23
0.047097856693841	0.176252089974939	4
0.103111449228369	0.0916783726058062	40
-0.082918251749294	0.279335526226559	40
0.094604004774331	0.0652883393766869	40
0.090668196120738	0.067872764367876	40
-0.00470181276183701	0.170040021427192	40
-0.117742248672224	0.228412397099146	40
-0.060155771380037	0.204930884449562	40
-0.11813556415964	0.307503143033671	40
-0.074233636466398	0.321270423691136	40
0.093040666406174	0.0671733120880896	40
0.058378637328147	0.112004616440694	40
-0.03861047511274	0.154935039302282	40
0.019753888866599	0.156503206545948	40
-0.068602843729729	0.206182619074854	40
0.092427981125384	0.113867460121439	40
-0.042297959338551	0.247677040363514	186
0.008494462141932	0.183764877637272	186
0.065178398875912	0.110506584842636	170
-0.115175544360744	0.177824561589628	170
0.088854197444729	0.0696020296961957	276
0.040497671583521	0.163963175721808	276
0.04583636708656	0.160089303530964	276
-0.069551038005535	0.258357315453952	170
-0.016583329214394	0.177180603684384	170
-0.112956384928223	0.219940815684675	276
-0.00949251614595797	0.175860024189241	334
-0.111598761140675	0.172817942128577	188
0.084809276765218	0.0675310038000734	188
0.01426983947719	0.132072954073636	188
-0.115618198906116	0.177867309854093	188
0.019820806836826	0.126013895531826	188
-0.014938225287324	0.180822158691287	131
-0.122169854972783	0.229170312534427	131
-0.038282182108274	0.149452646093757	131
0.063458830353544	0.109326716673302	131
-0.063861943222257	0.266076648543391	1766
-0.116538780974907	0.273628499039103	1766
-0.025856924197898	0.20628083870073	189
-0.073047139165169	0.246264318685164	220
-0.12129179589708	0.301224058830707	265
-0.124882730532964	0.280809522846701	265
0.123993234804403	0.0913090237321599	270
-0.080173911091898	0.245973224572686	270
-0.000444059206474001	0.212733077134512	172
0.113285342895119	0.33545908731244	23
0.042563199211848	0.531903013191254	23
0.011395153422105	0.131997052537351	273
0.029759114008335	0.0838078012751067	273
0.087278299254596	0.0687080658224371	273
0.068296229440172	0.128390622228617	23
-0.035519376077062	0.215854370976641	23
-0.113071497553041	0.317222952737401	23
-0.018901901742795	0.318442179153926	4
-0.068271311108668	0.204579584975982	4
0.038950270893921	0.185350344061485	4
-0.032721960271999	0.217452239667719	40
-0.00591169317644502	0.170588210061028	40
-0.019529364404399	0.20227982679884	40
-0.048855376854849	0.260018978638628	40
0.014669681754395	0.129316598150473	40
0.021531249879897	0.25974806553362	40
0.014319832743927	0.241854755266763	40
-0.065402609252791	0.235096344015081	40
0.063817499707188	0.125900856065481	40
0.073987499899619	0.121625353329672	40
-0.086874507543718	0.36319606123022	40
-0.036555497783795	0.150537234798652	40
-0.070258774415828	0.388029412186366	40
0.120002982882223	0.104183822702752	186
-0.067503855632645	0.257797402350943	186
0.056983905966813	0.170240278127979	186
-0.010415807110877	0.328783131824486	186
0.063939749984744	0.203159847814801	170
0.114942542849044	0.122484863665534	170
-0.015468063682218	0.173684507840759	170
-0.04187510779468	0.267383398105918	276
-0.011218433243405	0.283993005837542	276
0.054039959128937	0.229832260194168	276
-0.117891114132356	0.223924450835361	170
-0.012670876743709	0.290471095485473	170
-0.114286038160419	0.182328310624969	73
-0.034666801812777	0.0997029697152663	73
-0.04467633438389	0.141315070434964	131
0.092009180208191	0.0663873643346392	131
-0.090653263629288	0.449568889073907	131
0.040325228130811	0.216161614588963	131
-0.010360429373396	0.285802904758613	131
-0.104996621266458	0.406828897580904	131
-0.119710739892555	0.444451181583237	131
-0.058121542471147	0.198022141772506	131
0.020912388439181	0.238193539338358	1766
0.080610461630275	0.149276167485259	1766
0.00720515165709201	0.190302020835568	189
-0.00556004311573699	0.210845698538488	220
-0.042000314054632	0.153564344176927	270
-0.052209647264246	0.191676756123517	109
0.050597255058735	0.994139854821458	23
0.033700116846751	0.79563221905242	23
-0.062365306245151	0.939690880098568	23
0.030617567215801	0.404945465987606	23
-0.00942921777616501	0.17444101339965	273
0.012828090032341	0.226051953095166	273
-0.031762793365918	0.238040906638226	23
0.082730837404429	0.1479288338167	23
0.036487563604936	0.168894635025272	4
-0.074882469524132	0.338619969336642	4
0.11340716570989	0.0982061524460992	4
-0.116392173554896	0.265243240840771	1926
0.009325956000033	0.228727802222053	40
0.077596905442322	0.132769736608896	40
0.118737797046664	0.106111771471867	40
-0.092741295493399	0.339217411688452	40
-0.089661864418019	0.332508174363124	40
-0.051411858923811	0.304645295481592	40
-0.00307010294525401	0.210212394593457	40
0.006108878386648	0.200612637114218	40
-0.012355857818381	0.173655511083654	452
0.03927536350446	0.078474916229084	452
-0.028229096669583	0.202929853837551	40
-0.011666362195345	0.178884912417786	40
0.032606803926861	0.15242019448901	40
0.122057965597145	0.0937979726522668	40
-0.074867692165855	0.287774207074951	40
0.113252110501055	0.106238831972027	40
0.026115444455245	0.155937239313426	478
-0.066585418024079	0.209908854301853	40
-0.03356450686155	0.219520524358501	40
0.043638632961331	0.197513591621904	40
0.116730604859684	0.0980475791843748	40
-0.075380137937872	0.292840526552628	40
-0.00175977156812102	0.197521738837809	40
-0.080165966293538	0.3114402023736	186
-0.113234973590221	0.331061823743453	186
0.106223188625048	0.144211211487675	186
0.034048247754287	0.141713483582413	170
-0.054426823411316	0.295994943138758	170
0.037464279811918	0.143485353037747	170
-0.069851977345428	0.20738357256343	170
0.090821356184562	0.0674176342232614	276
-0.116658663310794	0.180391722950282	73
-0.119012691520472	0.182343680456661	73
-0.112142824273687	0.174326821002163	73
-0.039741096782999	0.100867367680409	334
-0.033000027866874	0.0969845561461558	188
0.090026883780733	0.0686499958168626	188
0.00546104573005499	0.190317086458625	188
0.102470420109834	0.130246327865802	131
0.037341424582535	0.165436701385461	131
0.124448128684684	0.0771074282271952	131
0.032634335803949	0.0808070026694326	131
-0.124853973110051	0.218490710607388	188
-0.021123112898183	0.251989522226796	1766
0.093964513068861	0.113517882240483	189
0.064745830440973	0.110127513332426	109
-0.051489950793078	0.1901099726309	265
0.093426737500561	0.0656448597288955	109
0.088455639828229	0.0686406426894939	109
0.094108314137401	0.150654523628268	109
-0.00996147252754198	0.173760872194483	109
0.083891137448585	0.0638424449022298	109
-0.097494370802406	1.5822966392312	23
-0.110897637408916	1.55895288899685	23
-0.06940729836778	0.364729518920092	23
0.079821465402669	0.193187010464812	4
0.087135217718433	0.115557922519614	4
-0.100177010516588	0.30901573630537	4
0.015019015064712	0.221650992444905	14
-0.119813465485546	0.356690856617367	4
-0.111724639883093	0.314665567052875	1926
0.081500065601355	0.0934269101185096	40
0.098861067059218	0.10760243417279	40
0.041295175078278	0.160610429434713	40
0.12448542539155	0.0538485406751487	40
-0.079427444847382	0.271218294839766	40
-0.117595803963911	0.303614870441631	40
-0.124151857066034	0.414677200330892	452
-0.054165454768727	0.303719472408827	40
0.08954267247267	0.130649660581811	40
-0.032090160453636	0.217724526930837	40
0.067532621825414	0.130687227808656	40
0.006214095246979	0.130000979421285	40
0.017172038121576	0.129748084059068	40
0.100963033897289	0.114833511420168	40
-0.067088241686321	0.274099194770638	40
0.055243743793302	0.137241065284003	40
-0.073141693378239	0.268232914127107	40
-0.011542089209313	0.246744442681506	40
0.088908084355955	0.114272658297596	40
-0.113612770972998	0.167646140711567	40
-0.122499072045478	0.303291904634416	40
-0.022612458111101	0.181198890172553	40
-0.12062437686498	0.275432610608368	186
0.039931977443493	0.140908749735909	186
0.105447112005519	0.117990984516332	170
0.10497686956474	0.0874523271667275	170
-0.113586077424636	0.223381400287171	170
-0.1105512972724	0.176493818919201	170
0.01738399361684	0.13002968908268	170
-0.064902454485765	0.204942011062095	170
-0.013982764671511	0.179875755007125	170
-0.033755303876388	0.219530162151865	170
-0.095087543378283	0.338216339345226	170
0.028016610773173	0.206184794334437	170
-0.012740376326525	0.220953916092023	170
0.10144735327874	0.0904087343576756	383
-0.120150007021707	0.230478706461714	383
0.074524945834933	0.0991217252797333	188
-0.117784607112725	0.181191252970988	59
-0.07341928274415	0.24392037568387	188
0.023065078319035	0.155806322108502	188
0.111153872050243	0.0982790650038107	188
-0.121150217725647	0.230540497070175	131
0.093427045619638	0.0658936152661343	131
-0.069369822705915	0.257247834035578	131
0.07948284527844	0.163719434190733	188
0.06802517544264	0.106795657569766	1766
0.029581625958255	0.151852559840876	189
-0.069269786725249	0.267596867708578	109
-0.021649168941791	0.27151328030236	265
-0.036459194115377	0.153460641953964	109
0.09400714233479	0.0933669218091217	109
0.088031615097211	0.146702800883447	109
-0.114962992867353	0.326602821189885	270
-0.076234742388822	0.288628879863129	270
0.03585711133343	0.16722276475962	183
-0.121367687291392	0.181282072219641	270
0.111980574485304	0.461993037784191	23
-0.021333795338859	1.12318268236239	23
0.048272471897465	0.658589082157805	23
-0.099605236249163	0.371317224096782	4
-0.046162209237938	0.41108428741585	4
-0.054339698484909	0.339930200111548	14
0.000934758060042007	0.190234029025708	4
-0.114048065654676	0.176623779893235	40
-0.038694979208433	0.252420887091285	40
0.00473578911684899	0.228352669777227	40
0.013550903070976	0.223244905638852	40
0.030931422036471	0.166275993722494	40
-0.076870613392306	0.29526160353829	40
0.05703020932195	0.133513566503744	40
-0.045949637753264	0.0993208974835679	40
0.090539023057042	0.128240443015481	40
0.066320600811475	0.104832387384863	40
0.029752023316143	0.211866593287905	40
-0.040156254423366	0.261990440419224	40
0.05792578718158	0.111544942804875	170
0.03644639914254	0.170146698675262	170
0.046709123954554	0.174742587509636	186
0.115497104531169	0.0983380396095492	186
0.024546518171382	0.154815794122298	170
0.087498069163233	0.140812368295848	170
-0.030458289411396	0.145050705158105	170
0.096375168438638	0.138940726393408	276
0.089440773851549	0.127797164951714	276
0.094589780975721	0.112337583309807	383
0.065798478228099	0.148549443898518	383
-0.118650632094311	0.266781757548866	276
0.057541528865683	0.149038216348552	59
-0.036459194115377	0.153460641953964	188
-0.063416829001218	0.208216905985775	131
0.099865247596424	0.119012762188187	188
-0.120380887691921	0.175219788153678	1766
0.070015899352494	0.105135086643203	189
0.022536029007688	0.128688183210892	189
-0.118676154785347	0.274248023113221	189
-0.036888952753567	0.099347238411251	189
0.014893462058376	0.204344453113378	109
0.069432257964038	0.13808087951386	109
-0.095853743909604	0.367099203540387	109
0.033169062225799	0.148052080795169	270
-0.062354093893471	0.205367836286278	270
-0.105566517682319	1.97119135374318	23
-0.01719188430649	1.16415045878993	23
-0.00871093542342	0.34816241485907	273
-0.014941951311466	0.309500093154563	4
-0.014119794773246	0.317412511240149	4
-0.098047956140368	0.48547178586797	4
0.016769731416361	0.131963074011938	4
-0.041768272360646	0.0974789672557957	4
0.06761119215495	0.147316720292263	4
-0.065460783177945	0.261794910758293	4
-0.064782529620286	0.251362923411319	4
-0.040001630070306	0.155382466997557	40
-0.040001630070306	0.155382466997557	40
-0.056785460886003	0.248480034694396	40
0.013073717548602	0.221833771868457	40
0.062434488397574	0.184561204943535	55
0.078126083321234	0.1410366165206	40
-0.070536508232434	0.204798030176431	40
0.026695789909841	0.122137274452559	40
0.04485065540999	0.0728040851148428	40
0.032324764969356	0.085014775594618	162
0.051143266332998	0.137998538112099	40
0.065719209791242	0.128114769953163	40
-0.10932582151259	0.176468370548125	40
-0.005437270968079	0.220513273978999	40
0.100652054202985	0.11651078791904	478
0.046807138540406	0.17433144761667	40
0.02042589836769	0.151635745459508	40
0.033478200944353	0.15179208392794	40
0.022112230774018	0.123471301938351	40
0.107318059577233	0.0887402208904685	170
-0.039586491905968	0.246771311486813	186
-0.017417004813995	0.226565892019956	186
-0.077094393560437	0.274759259967304	170
-0.033126265411166	0.213746130133491	186
0.035954743729463	0.0832571614702204	170
-0.031711399386998	0.0964972843217709	170
-0.046701625895136	0.380602654469142	170
0.090943853455946	0.145296168765286	170
0.094893472525655	0.12516962839248	276
0.033364721589972	0.171860569028009	276
0.068963623737286	0.144661949773678	383
0.000548645419837013	0.192581908069455	383
-0.0547788200103	0.19054989877359	188
0.062292048821401	0.134582094792436	188
-0.008644363829724	0.170530141351074	276
-0.058883865360503	0.204210549599248	59
-0.043685703440741	0.150802958539947	188
-0.034666801812777	0.0997029697152663	131
-0.090020819505663	0.327642714742718	188
-0.040986981191672	0.153356707465434	1766
0.062902461666282	0.107785145773703	1766
0.061058644766693	0.133162010135992	188
-0.005177458986654	0.165894442251374	189
-0.039741096782999	0.100867367680409	189
-0.010514894405333	0.17778418127927	109
-0.036332434264474	0.242720493897218	270
-0.070953878551943	0.352688306830118	270
0.07241111629435	0.151990444972995	270
0.058956499999477	0.16812718100073	270
0.015086130262182	0.131802097909141	183
-0.037205704734192	0.148042824247877	270
0.080959457176616	1.00059002659847	23
-0.020192051537027	0.318900509518904	273
-0.00216544749151698	0.28294640242242	4
-0.060604721116298	0.358931354968864	14
-0.107995921809582	0.462838894911142	14
-0.07335457897112	0.342735865079623	14
-0.050348552772022	0.369102548635514	14
0.015330392939374	0.180690544500447	4
0.117701806891262	0.106945633489475	4
0.108251701725234	0.0881354922379402	40
0.018564071137334	0.220632027527754	40
0.01047765694448	0.216841648514695	40
-0.018542565700423	0.275310048786188	55
-0.032206486486681	0.21269091454966	40
-0.067725776194123	0.198406153535744	40
-0.014705269661753	0.231606633456384	40
0.123904968194578	0.101903949055456	40
0.034279440612388	0.0804244772168177	40
0.066712133886827	0.104450333246141	40
-0.123717786335995	0.312265991747482	40
0.039747916860267	0.165521709077788	40
-0.079530148463361	0.373800692500706	40
-0.076166449849916	0.343761178571934	40
-0.084976239957806	0.328229457333552	40
0.078353341003895	0.153905565507057	40
0.026278019953854	0.15437306760055	40
0.066888049909683	0.147466393606027	186
-0.012789511347961	0.269301501602847	186
-0.022229785073199	0.252674308622294	186
-0.115010638551795	0.377022105285178	170
0.054043436591147	0.184722431839242	170
-0.04995877788333	0.291227958751229	170
0.021287219282229	0.128548498706021	170
-0.040001630070306	0.155382466997557	170
-0.114271334326743	0.357633822244039	170
0.03379476288814	0.149871232674438	383
-0.044602694544616	0.151895090934783	276
0.078274827239328	0.0681743294459036	59
-0.00626566828291097	0.169622228689474	59
-0.122518405939734	0.229971608897375	188
0.04222813786241	0.164507733622483	188
0.099824698864398	0.0877075021803606	188
-0.117784607112725	0.181191252970988	188
-0.077094393560437	0.274759259967304	188
0.028228435104913	0.206014666402239	188
0.107298883523704	0.116410313139858	1766
-0.036043996894867	0.241162791726166	189
0.062441149918196	0.150887468989997	189
0.06989420124164	0.118320345625426	270
-0.084238625036326	0.303274442203961	109
-0.090303011516446	0.38577083620542	109
-0.049624587052479	0.327878295647983	109
0.091467420475862	0.125180926904033	270
0.076671588814602	0.155932313693394	270
0.121800535823358	0.104029436723449	270
-0.074015403226276	0.204601690190827	183
-0.116658663310794	0.180391722950282	270
0.105453692556561	0.769298195402225	23
-0.043694131291284	0.292575020094983	4
-0.021130642669434	0.29297663849407	14
0.082651670982236	0.163309581111627	14
0.00635823197468799	0.271152617545393	14
-0.00112435473218397	0.25065727727704	4
-0.035075552907926	0.281427982970807	4
0.044947974934118	0.1915100444356	4
0.10379888268721	0.0898760891293601	55
-0.116501271628941	0.333327612645995	55
0.093671134363313	0.133749091999209	55
-0.018551214141706	0.172795511453921	40
0.068198250725801	0.161870766371652	40
-0.030002663246568	0.233208616948408	478
0.057090896408795	0.133443906313148	40
0.123251978442172	0.0933487010245266	40
-0.036781954033262	0.147413791177714	40
0.118063312295101	0.106467630667051	186
-0.014077185535061	0.17799393630214	186
0.073682261369089	0.138925704036741	186
-0.109222936383059	0.175582048422268	170
-0.071087566052125	0.204647072686529	170
0.09689326768988	0.111212613346936	170
-0.082822986088619	0.243441106686468	170
-0.047660781456754	0.273834460585364	170
-0.04506851361904	0.260478991186363	170
-0.034178380975477	0.257580122249267	170
-0.121898129065163	0.269770437912777	383
0.062742115669533	0.109216644898474	383
0.112910816662222	0.0932464840600352	383
-0.074056135715724	0.245535176458444	383
0.100156101314272	0.0869204500435446	383
0.023404898742028	0.147734742512043	1113
0.013689819582018	0.130581843560532	1113
-0.059484301591623	0.201422506033878	1113
0.084670648687142	0.0691768460062868	59
-0.023904280083911	0.180109172720131	59
-0.053061009365607	0.193376386358011	59
0.032294030193171	0.148396189742039	188
0.01861914078934	0.129722651649591	815
-0.046055574393793	0.273515462892573	1766
0.099688316350434	0.0874922631046799	189
-0.019431461147162	0.179209727461993	109
0.12407896413798	0.0769139472542675	270
0.031386166353898	0.189510111010424	270
0.098324672404181	0.119688070993391	270
0.00619929388030199	1.64570334849155	23
-0.119406163732132	0.54987368937808	4
-0.016066103348162	0.338825435242234	4
-0.12041374333132	0.535370932994596	14
-0.057929576732344	0.392622102287528	14
0.054030404351151	0.20549266717594	14
-0.00773565345004901	0.258122594150886	14
-0.10407761247272	0.325156072040285	14
0.108110400662072	0.085760510830432	4
0.068727618416662	0.143286986012077	4
-0.080147833001281	0.27729171925261	4
0.000447056171059002	0.225922194961824	4
0.028556065752724	0.0815259054652622	14
0.031747629582172	0.0848483208395658	40
-0.072194580585563	0.24342901059261	55
0.065901071300795	0.179986535648503	55
0.114671485541909	0.119012323699008	55
0.035772950548211	0.202591430251553	55
-0.112307902423935	0.325160787523087	40
-0.004288588130757	0.167302186483043	40
-0.102189661814269	0.307976856112029	40
0.020761391035664	0.192270043321092	40
0.030601305087863	0.118268902279896	40
-0.074369236658165	0.245433159347167	40
-0.00628458575663698	0.250155621801808	40
-0.00615622006977001	0.221436958136852	40
-0.073494656169549	0.204548770200319	40
0.093427045619638	0.0658936152661343	40
-0.034200381025812	0.226517059225184	170
-0.00558397936639798	0.235424460891003	186
-0.115253348566407	0.224313730523071	170
-0.013841360292037	0.179829774129504	170
-0.112973399809154	0.329039240921687	170
0.013275395519319	0.128810134571756	170
-0.112921144958979	0.174211037270746	170
0.036414631384114	0.20429116087938	170
0.030524383161999	0.186888881616582	170
0.00123087208549599	0.190903493985769	383
0.061928405913573	0.108838068283602	1113
0.037849468539851	0.142945339656843	1113
0.08608722179876	0.0688440974591837	59
0.033990701557135	0.149648350269178	59
0.102528641775801	0.0906990539775441	59
0.019240377422077	0.132040310778396	188
-0.111472294373269	0.174950673082655	188
0.115964637886145	0.0979885359368376	1766
0.101719571191285	0.0878252876842967	188
-0.018165689943971	0.178657987837542	189
0.123729977251705	0.0917302575056902	109
0.013513637210329	0.202052727636538	109
-0.071257064036462	0.262407003034877	270
-0.00591169317644502	0.170588210061028	270
-0.112157142837805	0.314808174023862	270
-0.021114591700381	0.251573046262844	270
-0.00715256821307703	0.215073866925575	109
0.00968470298739099	0.188798863937398	109
0.039095380664629	0.200287001558079	270
0.10344604877053	0.0910524224683255	270
-0.068184168999127	0.309751649701935	270
0.058638343747081	0.111592150082452	270
0.087295406639353	0.198235833169801	14
0.123358436795878	0.164190164095942	4
0.063294437874553	0.261124471766662	4
0.107859350907373	0.125589542963261	14
0.05197378779624	0.242111043420796	14
0.069516449596649	0.235614081388562	14
0.014254325491826	0.129977554492669	14
0.08466849280963	0.0689395035840925	4
-0.122182401711241	0.500296693142562	14
0.096880199392679	0.136484268518113	14
0.112714543734192	0.110076547258176	4
-0.116399135236318	0.177232857570925	14
-0.029498051546691	0.095443783491025	14
-0.030151306369344	0.258636676066061	55
0.053581203867746	0.166869269091325	55
-0.089702225539893	0.377578494577568	55
0.081649212184587	0.161231913117178	55
0.104678486036534	0.145869021715483	55
0.090030868407556	0.0693206000865867	40
0.020938575689377	0.081407293696713	40
-0.036334661817441	0.10048957400549	40
-0.020551265681858	0.274280190609374	40
0.080658461985419	0.135503281400979	40
0.031766465384398	0.210547177673821	40
-0.024705246519066	0.329299216014347	40
-0.069508276892406	0.242425051524159	40
-0.030056640314043	0.217741127691838	478
-0.023764265535564	0.251410177805372	40
0.039664262940002	0.198447798746146	170
0.056227351635321	0.185925101036394	186
0.061365235944834	0.165892509539435	170
0.020706674374504	0.130479660355606	186
-0.064629349896595	0.31193503630769	170
0.083633730559137	0.0687147756142815	170
-0.041812325564828	0.149927648018727	170
0.112316798420207	0.109642761002277	63
-0.075929678592752	0.376296349365903	170
-0.064133523763594	0.336652440828528	170
0.08466849280963	0.0689395035840925	170
0.068260021877871	0.144247341709242	383
0.026447525993966	0.156595937987116	276
0.104382285847644	0.0908412864918794	59
-0.06171353890818	0.20457243332772	59
-0.061971275326148	0.192998440252787	59
-0.033596066807824	0.147659322797698	59
-0.033000027866874	0.0969845561461558	59
-0.107330503102141	0.338535820868879	188
0.037198793007545	0.169526227716013	1766
-0.016756900223772	0.183107068354191	189
-0.019002916871456	0.294083803317368	189
-0.012729249650574	0.216865567002864	270
-0.041446508780081	0.233277234295307	270
-0.00584094437293697	0.263470316460751	270
0.025656354470864	0.169801731250884	270
-0.00460820115812799	0.240599169275407	270
0.094781070510642	0.122017814199479	183
-0.043843203903359	0.147224881086468	87
-0.050830141702403	0.467474821854658	4
0.111819410591404	0.157828533325266	14
0.060220585338628	0.240813414199221	14
0.077751053007583	0.143560605614482	14
0.035068558500767	0.259046644685162	14
-0.048038100979589	0.390507238254164	14
-0.0369533583827	0.421831900236237	14
0.019749658479747	0.301560073093741	14
-0.037364054600732	0.36882767164463	14
0.066685283609114	0.20053273178317	14
-0.084817611847885	0.35341541821655	14
-0.072194580585563	0.24342901059261	14
-0.055542868781975	0.278799916903509	14
0.029400657725556	0.1527361284426	14
-0.06730963928246	0.204349046209054	55
0.034577039649052	0.0828853408353346	55
-0.045997448377711	0.153258203179753	55
-0.039306351645589	0.288932705593432	926
-0.072532779967914	0.294671945528793	40
-0.115299576951823	0.332687808645345	40
-0.106881635240654	0.320258947659914	40
-0.055763548942103	0.275217909771599	40
-0.076608362523522	0.29527055328706	40
-0.069737728694715	0.283118661946837	40
-0.104563845804156	0.279356309743448	40
-0.115043959108092	0.368613999591107	40
-0.11567699577449	0.322602169938392	40
-0.071754388008853	0.270234090029109	40
0.063111441291622	0.132731019800122	40
0.067568531669328	0.157197744591623	186
-0.121521888639398	0.272747027838133	170
-0.081458791626643	0.288169953621498	170
0.08898918530441	0.0930072380904876	170
0.06116664335359	0.148554884464231	170
0.093069191884373	0.126313261382243	170
0.094002383674029	0.109636299662433	170
0.092022665974438	0.0650723374303173	170
-0.096299893991059	0.331762244308579	383
0.062454955294326	0.150240534166471	276
-0.00384300432659002	0.21423101716716	383
0.106369681679184	0.100180209995225	276
-0.116967530450937	0.300123641316754	276
-0.026749260721001	0.21446872014668	1113
-0.040502829661652	0.146887357932558	59
0.100457227363549	0.090641778931503	59
0.020131425695708	0.15513026280111	59
-0.12417754779537	0.237517222246361	59
-0.032355466282274	0.219404616468043	59
0.039510298895301	0.161629821447763	59
0.094404622582827	0.126734366480602	59
-0.117885908363832	0.181539308233536	815
-0.018869605828982	0.250226286855608	188
-0.03711265983992	0.218032383803103	1766
0.043237751750701	0.158139053560913	1766
0.107115443107781	0.0992347371460797	1766
0.026651214491678	0.153178182159518	189
-0.000375472255981002	0.232455332525051	189
-0.041664907316418	0.150523659495167	189
0.083342651959346	0.150697414177621	189
-0.074215774142359	0.241300896251659	109
-0.025160830997149	0.255174825077858	270
-0.121173707908147	0.363738357381896	270
0.088282752090463	0.140732973841606	270
-0.067473956812331	0.281408361128023	270
-0.043030514072988	0.246121244776665	270
0.068334271284184	0.146735551973489	270
0.008349718845272	0.362877688740287	4
-0.09886354065353	0.45619314118311	14
0.090273339191804	0.182934049744877	14
0.042668246070361	0.282548628859739	14
-0.112544376303744	0.58266942953148	14
0.089012589605529	0.158366029497162	14
-0.033075895735765	0.144271291005898	14
-0.117859943007365	0.22955546435368	14
-0.008996400363315	0.253691570747388	14
0.111810313339602	0.123173126620642	14
-0.121226297351472	0.307851030897112	14
0.00334598331713701	0.193513135726511	14
-0.093891137125483	0.355117884063767	14
0.104128658247124	0.140299989727801	55
-0.017914368896684	0.271534078366426	55
-0.105785436701183	0.400392462161837	40
-0.120797612527271	0.219943652891955	40
0.091854647509918	0.0677363470685039	40
0.084670648687142	0.0691768460062868	55
-0.03861047511274	0.154935039302282	55
-0.031025930984858	0.23711477899887	40
0.025343963664809	0.19210858775898	40
0.09166808409008	0.128139577287414	40
-0.04313202656339	0.282163503412542	40
0.034349364312039	0.150565985751516	40
0.118836868268889	0.0918997467532854	40
-0.018441952836307	0.179337344184999	40
-0.013096200473624	0.167539553375632	40
-0.041270906826556	0.279127145620251	40
0.076498379977633	0.15246192311983	40
0.011023210206553	0.181939687666668	40
0.088848908573589	0.0696786937937549	40
0.026748865775633	0.0864957094687745	40
-0.110708051820701	0.325315106938043	40
0.013049064946607	0.130612829069905	40
-0.012209216060321	0.177959715245227	226
0.041036736045318	0.179452484655623	186
-0.072816676160804	0.245758262974604	170
0.090834097271021	0.0670397845703292	276
0.018198053972808	0.132723137657951	276
0.095393786795018	0.0658895182215375	170
0.014856895033545	0.22435372435866	170
0.027972946218292	0.145011264281022	383
-0.111765163986578	0.258267651567572	383
-0.110170407826526	0.315354773602648	383
0.098355146262071	0.110040136795966	276
0.049216134318961	0.135043398741013	1113
-0.030688594862248	0.21744682441287	1113
-0.065404144429019	0.204173317594943	59
0.017513367483605	0.126445009609239	59
-0.013071583768218	0.180367580755348	59
-0.037814290910904	0.213487933227001	59
0.08924367013465	0.0656452833712304	815
-0.102604199737778	0.305175988493966	188
-0.123806224858085	0.238958044831211	189
-0.068980310778752	0.240534646451044	189
-0.119926130280601	0.364776095780811	109
-0.120124085064879	0.322200076393893	109
-0.073085245594591	0.270489211414816	270
0.032426092065977	0.149516530876044	975
0.087007624029309	0.13183355969471	270
0.062441149918196	0.150887468989997	270
-0.015409038232129	0.241499964942784	270
-0.01609610033844	0.228197814184297	270
-0.00458940092721699	0.210549163315018	270
0.124163002311051	0.0988998234123311	270
-0.067858062451812	0.210019729810159	270
-0.092838302672203	0.423953643878866	273
0.026015932188394	0.222250209354174	4
-0.058520217916905	0.358569438669727	4
0.013978943633023	0.279210184124659	4
0.044106412390768	0.225498201230979	14
0.09198090134646	0.17978339674812	14
-0.058775809685528	0.388302581775255	14
-0.11264678305673	0.484279069793638	14
0.105046754479168	0.127859210547891	14
-0.040213248870383	0.256713506392636	14
0.029711762225241	0.208038309452087	14
0.108201184158459	0.116279532800601	55
-0.123436057197594	0.385385908414964	55
0.060342830404492	0.132807172407757	55
-0.039306784522634	0.239498238754873	55
-0.076118395656001	0.347980658465931	40
0.018370479399531	0.124189285510335	55
-0.108046331261741	0.289128114170914	55
0.089903194861401	0.112732095861887	55
-0.065035559920397	0.207266323331744	40
-0.064369836689791	0.255466879904826	40
-0.109714678648502	0.405030787580528	40
0.112458694541431	0.0842177697541605	40
-0.07993500440352	0.375811727289987	40
-0.123726671049782	0.444621447839613	40
0.00355312297105301	0.208375856862186	40
0.104249191084748	0.117511558236069	226
-0.091910332213845	0.325552852671109	40
0.00103892059212901	0.231719720026687	226
-0.107171676242217	0.313216968952949	226
-0.082864814290807	0.270367471647273	186
-0.063721157544479	0.204893371540316	170
0.032237876568818	0.188726952904974	170
-0.015287392439588	0.26451626816758	170
-0.078329506424731	0.27429145767508	170
0.119674002714729	0.119462268918125	276
-0.022448198141973	0.299493211939428	276
0.057361187162948	0.109854236229701	383
0.022138576123381	0.12648813257132	276
0.032247856846649	0.0822726371214799	276
0.096957308852325	0.0626504185838267	276
0.037332136589465	0.0829524662765178	276
-0.09093792518366	0.307801635009601	276
0.093032346403046	0.067448723057753	59
0.029506477293678	0.0858373609288333	59
-0.030663788671769	0.257382519505403	59
-0.121800124376908	0.310358413494772	59
0.076959121546298	0.11957465587693	59
0.029109207374037	0.149164176776353	59
-0.122905691976393	0.303585932963055	815
0.037763037424472	0.198831057988042	815
0.091046856230959	0.127152280784572	188
-0.07670704890911	0.290033849277201	188
-0.109093653816571	0.310826642285381	188
0.046651139920692	0.169480586632845	188
0.068179907930606	0.145992588329502	188
-0.083020229455775	0.326028276547971	189
0.00323841971715699	0.203125944529989	109
-0.090023688088629	0.268401580627489	109
-0.061188910551785	0.198759249018496	270
0.066177624277942	0.108856364717137	270
-0.11169362573117	0.346402731991114	270
0.109185083198148	0.087136325394703	270
0.089449731322048	1.02508858771055	23
-0.00344193386189201	0.95687487811964	23
-0.072319861148828	0.527920764014524	14
-0.00375327246055901	0.236416305376727	4
-0.01482825737582	0.263746583621467	14
-0.123061133463409	0.355378306324853	14
0.07988974001931	0.187292031161412	14
0.06209436401511	0.180100093289745	14
-0.076177880282706	0.407340268573163	14
0.085892450410605	0.164280744027722	14
-0.059542610572915	0.397096510970034	14
-0.108059736970754	0.404132047077718	14
-0.110626109756893	0.310043443977511	14
-0.035766080125171	0.242424120821858	14
-0.033014935411628	0.285562221487352	14
0.078152421985918	0.169125507839967	14
0.087686164601242	0.127582442916864	14
0.056258216701432	0.144273934211225	55
-0.109893329230989	0.162488302761158	55
0.018404681263805	0.17695287456455	55
-0.077602573226444	0.310879067152281	40
-0.017601650275687	0.179375559224187	55
0.106588956661986	0.0889078665309337	55
-0.017949930565425	0.177910988636345	55
-0.080919100704663	0.279177327871069	55
-0.00544353773268003	0.169425811677421	55
-0.124514540115362	0.312350038803392	40
-0.108296863482881	0.282860617778101	40
0.061689080466215	0.131542578165157	40
0.014531067469966	0.225398403675643	40
-0.07934672774008	0.297538762033182	40
0.118061954288258	0.109226496682593	40
0.11508579804653	0.124157227293306	40
0.035764263457607	0.144058311158892	40
-0.011341533458231	0.262459013248047	40
0.066105523888884	0.130352159686848	40
0.106486595491942	0.0877021702772468	40
0.017812074372345	0.130817887830024	40
-0.094217275985697	0.362853941290425	40
-0.00874004039052601	0.259091167189122	40
-0.068555406056802	0.263171714017296	226
-0.042528701250691	0.269085446679199	226
0.123552334384127	0.0997497207519172	226
-0.03196724969	0.219262598958559	170
-0.067031111206296	0.205329724446167	186
-0.091354863277127	0.357216564481175	170
-0.020885696120992	0.293448283895222	170
0.098931522478461	0.109157471314802	170
0.073827923754553	0.170153477865993	170
0.026144863490266	0.182986184209326	276
0.017598456298718	0.128793554623931	276
0.035903496340796	0.081202382331144	59
-0.120380887691921	0.175219788153678	59
-0.04815522640414	0.270750086887108	59
-0.116160040189432	0.383050866503863	59
-0.00908612873415399	0.232326696182885	59
-0.067334965697187	0.206505496339049	59
0.012997994854329	0.131063752834908	59
0.035830039674895	0.201555352651961	59
0.091562146056829	0.113113866746143	59
0.043830377990034	0.178029884508706	188
0.02153780542073	0.129979623825684	189
-0.021347811052027	0.273337526180135	189
0.048531736954093	0.155653358794061	109
0.064550454760806	0.105471546741655	270
0.021287219282229	0.128548498706021	270
-0.116538780974907	0.273628499039103	270
-0.074604353474577	0.239772108778157	270
-0.063416829001218	0.208216905985775	270
0.070990929600677	0.106087366912551	270
-0.121188837745678	0.273804303168189	270
0.094084482295797	0.125738609439265	270
-0.079520166437567	0.242362587994545	87
0.027966271314448	0.673264248117726	23
0.027319427676621	0.156270089030106	14
-0.080369191660448	0.559107332673724	14
-0.00089863902800702	0.255758925180889	4
0.026725005151806	0.2728056397656	14
0.0651161001226	0.160417261371675	14
-0.025036617843595	0.207773687116043	14
-0.045914171942938	0.322245530781101	14
-0.034525770138376	0.489216403806845	14
0.04563389205484	0.241763943722409	14
-0.052960747364772	0.272183627357611	14
-0.078347323270689	0.386272758805015	14
-0.072996800126826	0.447751238378141	14
0.079996795707838	0.172468861940745	55
-0.074583785389185	0.398373168330918	55
0.079450491696891	0.0675646800606423	55
-0.012843294997423	0.355116873574951	40
0.071433923333302	0.103880128212688	55
0.042130203936342	0.201470246926812	40
0.115503872299272	0.108889088056753	40
0.032620270547658	0.24894919622013	40
-0.031159069703148	0.0981044391984633	40
0.018426104503597	0.128657049242205	40
0.055041108189003	0.250374125731848	40
-0.088112915799158	0.441631863667686	40
-0.071997554781588	0.319317179433293	40
-0.050615479824891	0.424378071160065	40
-0.058566092669942	0.352663278417808	226
0.028398274749071	0.152856331002876	226
0.060308217620657	0.221456630077886	226
-0.118401216402259	0.439038990249346	170
0.001449623094711	0.193304958310258	186
0.090030868407556	0.0693206000865867	170
0.091429155876788	0.188191218670859	170
0.081131769753716	0.11870014286461	170
-0.089142713036431	0.460708091910859	170
-0.000504990361640978	0.194061532812676	170
-0.102312733572445	0.343715269652269	170
0.101273953918833	0.119414124832619	276
-0.086247169596318	0.276436969365201	276
-0.020541395163528	0.314263316113842	276
0.020611811589824	0.329436265976107	276
0.071062768429493	0.177955381572744	276
0.036529335126095	0.0785052286810457	276
-0.041405672757444	0.101142567173792	98
-0.052469857892779	0.477039060857292	59
0.039673528392913	0.26703771985685	815
0.01023245087338	0.318913737463594	815
0.00275029773243901	0.339230972747709	815
-0.084088828512648	0.345183394213495	188
-0.071805115025567	0.290149264534685	189
0.029834880803333	0.150329068070571	189
0.061196450506209	0.111015241350376	109
0.016548122192838	0.178227205998534	109
0.087671033746337	0.0699594559399261	270
0.085547171711971	0.147800986762852	270
-0.06779610253223	0.241769761859639	270
-0.103480412264192	0.166188395642647	270
-0.115165985552647	0.260174458483812	270
0.019044766190169	0.303170087353625	270
0.035440900190506	0.198258945162218	14
-0.045826334340601	0.525317578610892	14
-0.071913444264604	0.434768531101409	4
-0.058845747219788	0.424100595788098	14
0.102585779636661	0.200906137260606	117
0.101281297335224	0.131907584050851	14
-0.063136168185337	0.383579736302567	14
-0.010481229528974	0.24068457480635	14
0.072357089168312	0.140013025759956	14
0.087937138080099	0.116442565490398	77
-0.110616050514425	0.297214442807891	14
0.017075422048439	0.218888509973799	55
-0.058628500146317	0.321376983553309	55
0.107774772634566	0.127740251672577	55
0.061843405000012	0.16724076956479	55
0.053117824523328	0.111736409100129	55
-0.012589041761398	0.172605806791192	40
-0.052010754108469	0.281023101144109	55
-0.12482797300695	0.273531186014573	40
0.026939152345691	0.152973750335819	55
0.067662398756318	0.125960400848134	55
0.095668109796124	0.107688175415401	55
0.069425847515766	0.157148736767244	40
-0.110325305419744	0.214391276942363	40
0.015654106842421	0.235959567223691	40
-0.04330664609894	0.249922946181599	40
0.089445228967693	0.110719564500879	40
0.01436598811751	0.237786333874047	40
0.017240965938108	0.236297836563839	40
-0.114251477393511	0.296848638075918	1313
-0.079322499764146	0.246374010816241	1313
0.078129907622483	0.166592987527954	226
-0.086313065550469	0.328895558378871	226
-0.0854218719019	0.3263565726699	170
-0.071135271090921	0.241544955535934	170
-0.113725166280411	0.293281290021567	276
0.108251701725234	0.0881354922379402	276
0.029742543641058	0.151528064279356	276
-0.00988680898416799	0.28189560671626	276
0.045008465074756	0.156856215326775	276
-0.0000569816830550129	0.245583662767574	276
-0.00613505304112599	0.263974834498874	276
-0.036334661817441	0.10048957400549	59
-0.039987204745631	0.217090693253932	59
-0.032912756595687	0.143892594208412	59
0.037596520334308	0.183130976870784	59
0.013790016198608	0.332037846685282	59
-0.092387500371023	0.338476865829579	815
0.102944233796319	0.13037607608105	815
0.045835101669771	0.135992332910816	188
0.067665704958503	0.160579409905849	188
-0.081972498208282	0.356810986657093	189
-0.037693017966135	0.15456792356179	270
-0.00464589971477902	0.169179762037013	270
-0.118796050231664	0.291640639774908	270
-0.036494452120267	0.244282765699447	270
0.063228808947265	0.131418608408774	270
0.018592754296181	0.128520129638469	87
0.110262295919648	0.17717850695326	14
0.089556628684469	0.227985650849577	14
0.020277134271166	0.330602266152201	14
0.095918866036951	0.205146172846254	14
-0.050710891459405	0.500049059852049	14
-0.061724584661531	0.372871534134704	14
-0.110911040201414	0.574952861836506	14
-0.091487360561859	0.472726079178996	14
0.049419206838676	0.238726998611715	14
0.08681561232884	0.141346357703584	14
0.027823677463495	0.229925372775707	14
0.026651977733929	0.259492579095595	14
-0.113862053239635	0.332487752450061	14
0.019899054666778	0.125365766176278	55
0.041013158674625	0.183406729964677	55
-0.072089874368051	0.271013242661618	40
-0.04437323299873	0.155346567683436	40
-0.038768951710484	0.155789952419083	55
-0.111360827068572	0.373256299466366	40
0.065961850530182	0.161920488486804	40
-0.036310656749157	0.24189495893366	40
-0.044451329993641	0.242198942985298	40
-0.121223619137876	0.301083079147707	40
-0.066654077235314	0.362315645826996	40
0.11944055753528	0.106372728666538	40
-0.077687404345003	0.247483927344273	40
-0.046172346425149	0.264619109785346	40
-0.017826252607255	0.246099306910995	226
-0.070145518685676	0.283346812116401	40
0.067345742193349	0.145996225424814	1313
0.020706674374504	0.130479660355606	226
-0.103998813205275	0.316136804644684	170
-0.084689556609637	0.30579924868529	170
0.063754647828121	0.109392028023034	170
0.015226505355949	0.20316425731678	170
-0.023706955049107	0.179377416831989	170
0.107318059577233	0.0887402208904685	276
-0.036334661817441	0.10048957400549	276
0.018198053972808	0.132723137657951	276
0.035402591963392	0.0811033342417626	276
0.071297892473268	0.15533507539715	276
0.066320600811475	0.104832387384863	98
-0.073331550752939	0.233784018470894	98
-0.012611074595784	0.172489372358211	98
-0.063841493804494	0.199167802501423	98
0.064204171726354	0.107585391195039	59
-0.039845478586985	0.156050399493278	59
-0.063121475743576	0.200041433443338	59
0.061081113538093	0.135609389141781	59
0.059871028627505	0.135990423764095	59
0.001418424043445	0.188140850023999	59
0.08948131221333	0.0675394272345379	139
-0.042891162786316	0.149837960002404	188
-0.037693017966135	0.15456792356179	189
-0.081234952035094	0.295815628348333	189
0.033490920343091	0.168986089901691	189
0.04662397384823	0.170658576511235	189
0.113464328242572	0.109912486726603	189
-0.025570243532399	0.203683628080514	189
0.023984828294248	0.158599449884094	975
0.00138462296436701	0.234215252387251	270
0.028432075836084	0.243424635920174	270
-0.028659750593729	0.224758331514426	270
-0.073385471281008	0.28532023438917	270
-0.045603228845749	0.154576444541454	270
-0.06988677978534	0.244306892238125	270
-0.052705044187744	0.555739408006791	14
-0.075852661818996	0.70052297321652	14
0.034801888861502	0.35177238833754	14
0.016119667924629	0.358012144867717	14
-0.106119882384588	0.427280810210288	14
0.089271900983661	0.218561682751944	14
-0.04603392669148	0.426076501560287	14
0.080468174830766	0.222667645487077	14
-0.063719589814367	0.200089180097971	14
-0.120679983726991	0.27774819343411	14
0.008105242129303	0.299771429649008	14
-0.112899791860916	0.534080226226391	14
-0.036014352604766	0.316042270030585	14
0.101115817860428	0.135106690118602	14
-0.000525640954104012	0.283195251321755	14
0.119651598921146	0.105230149205909	14
-0.00693342538179498	0.21279423235424	14
0.011234342207686	0.205480406811912	14
-0.069555614756194	0.237614855341642	14
-0.066175218506978	0.200211410239163	55
-0.032594440194585	0.231321240657271	40
-0.030458289411396	0.145050705158105	55
0.036200303569454	0.0835865372794923	55
0.038461644295732	0.080673971622883	55
-0.00790783099329301	0.171789443938617	55
-0.044008366805657	0.238061683642967	40
-0.066394421546849	0.232635087786812	40
-0.040218708392294	0.244479637721795	40
0.090834097271021	0.0670397845703292	40
-0.034671547956757	0.147567265784197	70
0.101862480578721	0.135571228530469	40
-0.038064091050071	0.23533976902867	40
0.015084002469836	0.178026177920648	40
-0.080855238439083	0.352879092341236	40
-0.111979177059695	0.455218319041935	40
-0.062544598208337	0.300004437221324	226
0.093026087204313	0.0665899724954097	226
-0.030733170450702	0.234495511796376	226
0.033384338727619	0.0837178281943874	226
0.012467515302398	0.225615501517827	170
0.063442341754392	0.149127582886222	170
-0.056623443217842	0.328187150367604	170
0.045285330986157	0.179116606870914	170
-0.117055565712782	0.332967988072009	170
0.110319520636335	0.11238958579118	170
-0.06087781566036	0.206523622767666	2250
0.028375210089796	0.150894147648827	276
-0.03501187183402	0.309638766961113	276
0.079024861640668	0.169722013815411	276
0.00451932238030101	0.181373546631899	98
0.000240703083395993	0.193631250705434	98
0.02274477431156	0.127613052652558	59
0.030322271068429	0.153775834697279	59
0.087728817178592	0.13221727715855	59
0.017598456298718	0.128793554623931	59
0.11719970907947	0.0972948957606785	59
-0.022803714140379	0.209193561830716	59
-0.058709956521259	0.188786233456938	59
-0.00941701381333099	0.171722654719112	139
-0.115410543328793	0.181883504087744	139
0.074364543612878	0.120274962976447	188
0.092465845346851	0.113024944469284	188
0.052973247207376	0.181477145271484	189
-0.064881901787035	0.342435370158386	189
0.018985462666419	0.126185598252592	189
-0.000384976811719007	0.19875587373393	189
0.066244197658519	0.162908806054077	189
0.091950679736527	0.125169521839367	189
-0.115299576951823	0.332687808645345	189
-0.107815292368949	0.336901814592669	189
0.019624716747319	0.217725016816807	270
-0.070711828707848	0.318877673121886	270
-0.020551137741604	0.244871033915503	270
-0.035682668674754	0.286561638626478	270
-0.00753605092443899	0.416281796526939	14
-0.062759706805233	0.556582471587345	14
0.03636762822861	0.325313883263596	14
-0.056283458427169	0.485175473985195	14
0.115346126019784	0.196278398346416	14
-0.00935360364509602	0.434588625240151	14
0.042128845775219	0.208281536549504	117
0.027329144422146	0.285802291813194	14
-0.118612381293338	0.563513482698297	14
0.06186851821367	0.183271472362826	14
-0.03724106444897	0.285736404841727	14
-0.124181826112868	0.273379196933039	77
0.049276443809001	0.174591605781719	14
0.012753950371256	0.206637505482417	14
0.020453079432095	0.12208879019314	14
0.041532774374477	0.0774954864056119	55
-0.060223984198447	0.203565884888722	55
-0.011307620240772	0.216330857616292	55
0.012788506827391	0.13206380969758	55
0.037033558843681	0.0801169084284126	55
0.094072939726227	0.107979541540707	40
-0.076866545908842	0.27648418637231	40
-0.114251163809419	0.266339314215466	40
0.046357512621688	0.156240640977377	40
0.084263750925768	0.0699691499575131	70
-0.06629853926223	0.275315260091843	40
0.018324606542915	0.155136865822691	40
-0.113611976469157	0.259477496252736	40
-0.022360813537749	0.250404815613504	226
0.10250954716229	0.0908543700221233	226
0.087931946361598	0.116483937760689	226
-0.062085538049234	0.230972664276509	226
-0.00440763410161799	0.167307145827962	226
-0.00274436761452801	0.193321961275028	170
0.101594374859749	0.0920470321583213	170
0.011729926517385	0.186695646155958	170
-0.066630029239536	0.235208375558822	170
-0.006695708666629	0.170844346684616	170
-0.041804692406116	0.234890977716141	276
0.00976027286255701	0.129628278174737	59
-0.068506508609485	0.2069800495078	59
0.040870419377837	0.14073145041024	59
0.085458594030296	0.0704861106918886	59
-0.116265989714448	0.223414648158859	59
-0.045997448377711	0.153258203179753	59
0.068760162581719	0.105534950115305	59
0.017116537963829	0.156870192840211	59
0.090821356184562	0.0674176342232614	139
-0.114024965510723	0.291822437946654	139
0.074852149041138	0.13652321267914	189
-0.110096598428024	0.291041756847157	189
-0.01022011047242	0.216061792476217	189
0.063034135470596	0.123677225095586	975
-0.038431937318372	0.148576783086044	975
0.01272273071952	0.180626225798838	270
-0.072667995672184	0.287758695083638	270
0.052853769453376	0.132877967666333	270
0.013049405533452	0.181171726187523	270
0.089020905640998	0.218043076981234	117
-0.080580162546875	0.431946285751339	14
-0.028571858262039	0.379190246746235	14
-0.031403691022427	0.380807604795721	14
-0.071121727969455	0.207059074342224	14
0.05177727116321	0.151654158979097	14
-0.021674257835271	0.247672476259858	14
0.020532864366318	0.210125726746782	14
0.065147465268609	0.174557882177218	14
-0.099805747294924	0.302218090681066	14
-0.028393765668574	0.169648485538967	14
-0.015847446655809	0.182406702127847	55
-0.075012637411186	0.236316518008492	926
0.121795885082899	0.0943723725974605	926
-0.039203103605781	0.213518871072746	40
0.072001734204116	0.103546542505285	40
0.073436561277142	0.0999165596959132	40
0.059871028627505	0.135990423764095	70
0.014614794498562	0.174449277236279	40
-0.040769096596884	0.248202523327079	40
0.045882235809631	0.154510024426882	40
-0.017519898069299	0.178239865303066	226
0.038957865125355	0.080262206826289	226
0.033507781586435	0.147229631546622	170
-0.02806392354618	0.204052854797105	170
-0.022521806099773	0.251748293322542	170
-0.038365221492837	0.232769849458189	276
0.085847506766805	0.0688974235359065	206
-0.032832757265026	0.14661278368033	206
0.114318959125521	0.0819025876239769	276
-0.038344719979691	0.310641106060616	98
0.073657270956942	0.156215152992887	98
-0.094575461464602	0.373817992657678	98
-0.070577379705375	0.295703184363867	98
0.121719519470957	0.106218013817357	59
0.045051360685184	0.157134370748396	59
-0.076866545908842	0.27648418637231	59
0.082808111487545	0.117651970562427	59
0.097547866498724	0.110989554640972	59
-0.080434639623718	0.272119414383633	59
-0.064586913927491	0.229756923906549	59
-0.0180465187543	0.270081454669882	59
-0.081845595915297	0.305552316655739	59
0.11525508062293	0.0799731721357095	139
-0.109312575235045	0.213743363107759	189
-0.058110438885342	0.190463905666747	189
0.077031093844081	0.132881436598647	188
0.07250156299938	0.141150967379217	189
0.071906374152598	0.158035102185309	975
0.094602336230785	0.107958668502167	975
-0.030614207538153	0.252210601898946	270
0.033643959628513	0.166764187716564	270
-0.020759979882947	0.268720077795713	270
-0.112393500053618	0.356746027609627	270
0.109974681106544	0.106964485912522	87
-0.000590807471733013	0.23631741762083	87
-0.095324155664502	2.35283547791766	14
0.033476922961523	0.958279907464459	14
0.052053157626879	0.714958803167702	14
-0.083608138238595	1.4315839590914	14
-0.109527238534842	1.23122477467307	14
-0.107541273095986	1.43525402606819	14
0.00261573802955101	0.344491280018525	14
0.055635988866365	0.2348671274344	14
0.070505227657591	0.197624248431597	14
0.098402826320832	0.190824953364494	14
-0.00456438730187803	0.278167430681501	14
0.09282120342179	0.114155509821769	14
-0.113974324819432	0.298515237594054	77
0.108590577603489	0.0876698906930449	14
-0.035977747343103	0.146479602664208	14
-0.123717329542711	0.277237950503146	926
0.049390819654518	0.19475346463347	55
-0.00328200057641498	0.282205989006565	55
0.027700243409937	0.155679912731439	40
-0.040844223800902	0.101660915739334	40
-0.04028379178964	0.0973885165614567	70
0.103605001737631	0.0873258322603207	70
0.068991650723639	0.122970679286522	70
-0.12444373419021	0.225373100003837	40
0.085597865375099	0.133838141849544	226
-0.076280527458663	0.268478583848419	1775
0.054868372854034	0.136319034571711	1775
-0.038003609048903	0.100132891438743	1775
-0.117784607112725	0.181191252970988	226
-0.037450417018744	0.0985460555820956	170
-0.03226996239096	0.0968292699610618	170
0.018777991437317	0.126909793699819	170
0.030597995324411	0.0729376543438662	276
-0.038003609048903	0.100132891438743	170
-0.034484314312499	0.0985437623557484	206
-0.036334661817441	0.10048957400549	276
-0.025043580157137	0.328907940263852	98
-0.007523727443213	0.304800762151342	98
0.029015668314165	0.250199648188884	558
0.00827480455948801	0.246356094816738	59
0.085113731263098	0.16340320320327	59
-0.019944228764439	0.326418859378567	59
0.07717839024175	0.142318918421702	59
0.084558938607256	0.163106864200746	59
-0.051407857048907	0.318590694802732	59
0.103619996681437	0.105119246441459	139
-0.111206643647486	0.216467942558122	139
-0.118650632094311	0.266781757548866	139
0.021749794949579	0.129802446007879	188
-0.116399135236318	0.177232857570925	189
-0.05984320178109	0.203964295570512	189
-0.03513540617596	0.148720871461971	189
0.022330099110082	0.127880721348117	975
-0.054496964337629	0.27478333545888	270
-0.075420245139071	0.343215215333079	270
-0.121168638741859	0.38784896521465	270
0.014298706206259	0.254723561178783	270
-0.088313622317923	2.18076872436241	14
-0.054611470393936	1.68043411349345	14
0.021675674923071	0.844815913554881	14
0.00497518857012999	0.670831044341076	14
-0.111313519216898	1.03534942852621	14
-0.095515033642657	0.791977039151087	14
-0.032370742851374	0.72477018224697	14
-0.122041922297628	0.530818428284782	14
0.084378821485669	0.184474001424425	14
-0.096284195878393	0.425216000465633	14
0.063264102433101	0.129310949648175	14
0.055498419424922	0.200311181108744	14
0.095064911147751	0.156016234797767	14
-0.034291519524901	0.286395883062649	14
0.044572975362608	0.158446815781957	14
0.030858868918491	0.0832456220941683	14
0.029506477293678	0.0858373609288333	14
0.063184640797512	0.111172393787722	14
0.010931326121695	0.129298771445894	14
-0.111676815549434	0.177710154760845	55
-0.035904582259922	0.217268892117875	55
-0.043388582989593	0.151821107555378	55
-0.029914247464224	0.213073499784158	70
0.075250592080313	0.100337931480426	1775
-0.036888952753567	0.099347238411251	1775
0.033384338727619	0.0837178281943874	170
0.024042070166558	0.0811972002421161	170
-0.061426735838642	0.203785837641691	170
0.096943226965866	0.0932446009887576	170
-0.108201687848998	0.174008060627031	276
-0.007795865338103	0.304100771153035	98
-0.033977324882283	0.324583494392197	558
0.116776938473376	0.143733769761775	59
0.102724277407853	0.149106066851068	59
0.01512446745321	0.221644683968545	59
0.015414299901784	0.237202848597966	59
0.00181980188662201	0.242705396444562	59
-0.034454274459735	0.251140635890615	59
0.00890661635433301	0.190082378501076	59
-0.024130721996981	0.249925203455501	59
-0.115683199541321	0.427134199891511	59
-0.022441357259779	0.179816563718269	139
-0.040234460491562	0.152807694755838	139
-0.07427788885859	0.271055025162018	139
-0.039741096782999	0.100867367680409	189
0.027641984274971	0.154741108395611	189
-0.121532162863503	0.238164096373079	270
-0.013080108952134	0.271227488451478	270
-0.063525671442877	0.200190555881092	270
0.11396291643802	0.0995308977813582	270
0.018995863501657	0.12618995482599	87
0.018592754296181	0.128520129638469	87
-0.081710675121415	1.18962648667916	14
-0.101222847048927	1.16860879885371	14
-0.015925400182599	0.548347630946291	14
-0.052510667114524	0.646451970395858	14
-0.00323722186380698	0.451346030830681	14
-0.037215156243111	0.561957164364747	14
0.025664421948741	0.439585432969238	14
-0.109764863144622	0.823613510263157	14
-0.032756521330693	0.355972293199607	14
0.037025663583524	0.143069417165818	117
0.086668177088111	0.166353922909782	117
-0.059988209325151	0.373403489085193	14
0.076243667533702	0.154634692949413	14
0.030858868918491	0.0832456220941683	14
0.05935414591148	0.108501697561727	14
0.064013739713394	0.107266441101758	55
-0.110473499166404	0.1705021741308	55
-0.039741096782999	0.100867367680409	55
-0.039673644675882	0.0981180899957098	55
0.031641818537615	0.117415255360658	1302
-0.114390772585208	0.181510093629459	70
-0.044176834607404	0.100252958759811	40
0.019615815559357	0.124802505589895	226
0.027729126588481	0.12096939644418	1775
0.086644796186402	0.0695636587592439	226
-0.031888903821783	0.0962298133777609	276
-0.036334661817441	0.10048957400549	170
-0.049804571670223	0.0973794940097657	276
-0.00231767195914501	0.286623598742262	98
-0.023363825154585	0.346307459949349	98
0.041021683300393	0.203886523229295	558
-0.052808610528811	0.324362673152955	558
-0.092091810136867	0.392557339309767	59
-0.02527947330284	0.245930542520552	59
0.098436658689443	0.155784263211847	59
-0.039434727612111	0.285728059664814	59
-0.113850950494166	0.17416901412382	139
0.03175463165624	0.0820715723339266	189
-0.030410141561237	0.0932717698273877	188
0.059331023921843	0.134961917038593	975
-0.068648640451327	0.242881106950551	270
-0.115533271976856	0.178217174908607	87
0.020593604336358	1.14265251686841	14
-0.042842393337199	1.41324254712062	14
-0.090378124465296	1.24176872280537	14
-0.061601133996421	0.932315400487956	14
-0.116772484590365	1.32329815082652	14
-0.086126701694433	1.08620463169306	14
-0.030771957205516	0.715988252268384	14
-0.067355904762494	0.752083636070447	14
-0.006679227642436	0.536943830649824	14
0.103088734969568	0.268944090183636	14
0.017499371744137	0.475442372553425	14
0.044762653468662	0.292188367657185	14
0.039383913280878	0.164496589640528	14
0.091854647509918	0.0677363470685039	14
-0.039741096782999	0.100867367680409	14
-0.03226996239096	0.0968292699610618	14
-0.118844770506192	0.221347108676548	14
-0.038768951710484	0.155789952419083	55
0.019820806836826	0.126013895531826	55
-0.10198357609264	0.277349881620736	55
0.018198053972808	0.132723137657951	55
0.037148809696089	0.14701554344897	1775
-0.035684416236491	0.0976644493235311	170
0.088854197444729	0.0696020296961957	170
-0.038003609048903	0.100132891438743	170
0.109574976671565	0.0827191804075364	170
-0.122241442173125	0.223447406868512	170
-0.068855081365051	0.20067475129932	276
0.066017592571489	0.127851720691998	98
-0.017970009642233	0.323386954995239	98
-0.024177839385514	0.273468623913197	98
0.032836239704903	0.229893262165182	558
-0.00459361264446001	0.256960531396135	59
0.104618236963516	0.117237328641292	59
0.069250370647466	0.13627893292942	558
-0.109260904144207	0.325075513270372	139
0.066694018162763	0.131061477744632	139
-0.115175544360744	0.177824561589628	139
0.078088549222553	0.116394189288312	139
-0.037450417018744	0.0985460555820956	559
-0.010084679608127	0.174005744184737	188
-0.046476032205904	0.0965408498607179	189
-0.070687384420646	0.240046429618906	270
0.029275942714442	0.147197013665085	270
0.019171708168319	0.262215217116852	270
-0.0612226248673	0.292290195946892	270
0.077912136937845	0.169107042691673	270
-0.057692996365882	0.198153930227969	270
0.00532914561412901	0.19875432214977	270
0.095401572669062	0.0658401733562713	270
0.063503835388655	0.132952219423348	270
-0.031159069703148	0.0981044391984633	87
0.02153780542073	0.129979623825684	87
0.058580760324302	0.720454562143128	14
0.120591598702112	0.441250307458111	14
-0.016048527404632	1.06193143023842	14
-0.093341994571862	1.33024597202196	14
-0.01463993424054	0.608294874450022	14
0.00292273581228	0.560965619677861	14
0.098694264821915	0.091607197057314	14
-0.035766080125171	0.242424120821858	14
0.028311871237693	0.118955218706114	14
-0.032821156918564	0.0988815735560713	55
-0.024777327500487	0.207818101977825	55
-0.116138501853619	0.328342738851245	55
0.025949431483666	0.151500887457984	55
0.023622170606768	0.0819312283499902	41
-0.065311827659212	0.208337837868126	55
-0.038365325612415	0.150693984630627	55
0.025440614219229	0.124603812360923	70
0.039034250268716	0.0794297654505771	70
-0.045246191862994	0.150920084751973	70
0.030117450070795	0.187041296496323	1775
0.040207563878171	0.157519271326855	226
-0.011249929189446	0.179041958237382	170
0.083633730559137	0.0687147756142815	170
-0.121821750750057	0.176535431748265	170
-0.033554504638585	0.0989113001367016	170
-0.035781380202666	0.0977859364375766	170
0.109439877346877	0.0850785653412138	170
-0.034149469133788	0.148674580057842	276
0.088854197444729	0.0696020296961957	276
0.033231870544433	0.294625607045351	98
0.101634627243178	0.168680776272264	98
-0.054933956515393	0.428918923842848	98
0.057736309781197	0.20823796009243	59
-0.061104373167645	0.356936409557674	59
-0.00307239932558201	0.194069893063671	59
-0.048254131700025	0.298607262940381	59
-0.054555427961201	0.297725021946276	139
-0.074906150207142	0.271671180768152	139
-0.082156417790221	0.278681074648134	139
-0.035781380202666	0.0977859364375766	559
0.117193374829705	0.0978021905859473	139
-0.121367687291392	0.181282072219641	189
0.053835391994548	0.109308204536106	189
-0.118243322685509	0.231525082649026	189
-0.031711399386998	0.0964972843217709	189
0.063315911209388	0.194315766842929	270
0.022801940034631	0.214855387497015	270
-0.067896417315938	0.19733901424863	270
0.007647970147765	0.188274365470581	270
0.065178398875912	0.110506584842636	270
-0.034059956544731	0.14631240265746	87
0.119515151980334	0.46270670564536	14
0.085695341106562	0.417180194593931	14
-0.099215056935701	1.14186437659289	14
-0.100673357416728	0.907802248044164	14
-0.036858279266874	0.674721383110272	14
0.032849270706034	0.427189293174628	14
0.107792749232672	0.16352038475005	14
0.042473294857875	0.191797775217342	14
0.099388672683376	0.0931941476040251	14
-0.040303690539138	0.0979933554871614	14
0.10890166970557	0.115547076586243	14
-0.046378108858839	0.144805618302477	14
0.024490973123415	0.0849086834958781	77
0.091207638572559	0.0682922372056308	77
-0.114286038160419	0.182328310624969	14
-0.121465064007601	0.177706216939639	55
0.018777991437317	0.126909793699819	55
-0.124175747169773	0.227612823106493	55
-0.11904337387918	0.275302570977406	55
0.022316550872524	0.125609384306745	55
0.070134908190726	0.123253507214982	55
-0.038003609048903	0.100132891438743	55
-0.04329508425016	0.155082966389517	55
-0.041949673887983	0.0997020403248869	70
-0.120915837088084	0.332969436815487	1775
-0.03078007600009	0.0933032910516184	170
-0.11823959220393	0.171716896111167	276
-0.035781380202666	0.0977859364375766	79
-0.120274136085046	0.235577582632951	98
-0.097412042097362	0.466983417096868	98
-0.031087111369231	0.356859477218386	98
-0.036218217087347	0.341490010301988	98
-0.015129144157447	0.293126617778632	558
0.116058386727256	0.124285435234185	59
0.069147670186929	0.141644279548271	558
0.079345692161714	0.162338053358046	558
0.038791333230896	0.138909866051527	139
0.068939039268817	0.0998502948741152	139
-0.111598761140675	0.172817942128577	189
0.085458594030296	0.0704861106918886	189
-0.11501968540663	0.264678758153504	81
-0.034244076189566	0.150089538795664	270
-0.024700320877512	0.274895796870545	270
0.115063844598476	0.140369017570509	270
-0.122095352822649	0.412341460303458	270
0.058661793179285	0.135636518841084	270
0.057742256243857	0.13724861071268	270
0.054468827541545	0.930449581672305	14
0.044272271740056	0.725441272965405	14
0.06757374495911	0.596990309313113	14
0.02393875264821	0.693761992088844	14
-0.03551714779041	0.968730909899655	14
0.108715270967838	0.364787181098099	14
-0.088536173509548	0.889120387165125	14
0.00800862740528599	0.554403034688415	14
-0.050998693597565	0.740389432499922	14
0.011986312529936	0.564644870190671	14
0.00132484145738701	0.609748207194475	14
-0.066705243926684	0.827653465123653	14
0.03070872096592	0.516365863551205	14
0.109660000509892	0.160290659993314	117
-0.073928706343838	0.420119651489509	14
-0.00383321814585602	0.25892179067375	14
-0.032821156918564	0.0988815735560713	14
-0.113162081417019	0.1815113853703	14
-0.122133994552783	0.227244061932497	77
-0.109426332601734	0.174046207244927	77
0.032883247237533	0.0836858719890332	55
0.070249935511418	0.144433357474127	55
-0.074330478607701	0.23625241717217	55
-0.062312076289075	0.228899163318172	322
0.086635044080705	0.0698099487664053	55
-0.035221187230623	0.0996917527572204	41
-0.032821156918564	0.0988815735560713	55
-0.042217532142429	0.153898038706885	55
0.023751319943671	0.121514378754644	70
0.098453093010664	0.0935984288230888	70
-0.12377172000361	0.231523204132091	70
-0.032821156918564	0.0988815735560713	170
0.028378908086965	0.0860146778006772	170
0.034381904190886	0.146388773014096	170
-0.042217532142429	0.153898038706885	170
0.031747629582172	0.0848483208395658	276
-0.033554504638585	0.0989113001367016	276
-0.124458373706962	0.273753695045188	276
0.020914370996193	0.127830692074862	276
-0.094160972862488	0.476790206895788	98
-0.073923459577888	0.419359726862852	98
0.075920785321053	0.155212484744477	59
-0.034905180840847	0.311292961831334	59
0.088660335714988	0.152587238484478	558
0.072469237946458	0.123572714597598	139
-0.063846416239156	0.310253936816623	139
-0.038282182108274	0.149452646093757	139
0.057387896654574	0.152741691320591	139
-0.045839949723291	0.153509639732433	559
0.054533927552765	0.134971928819333	139
-0.117999730826831	0.229622813542164	189
0.089265979567449	0.116206220996802	270
0.066853132079975	0.195824030807206	270
-0.093500934520565	0.33794970748383	270
-0.122124616213178	0.308374602763213	270
0.105134450230481	0.0841707126875883	270
-0.064137046138287	0.203235646999454	87
-0.0442196625004	0.154157394289877	87
0.102340594257269	0.451357798831186	14
-0.102963470403265	1.32611189157069	14
-0.031885227821175	0.737598331355371	14
0.083974595874071	0.31166059209837	14
-0.00291409285903399	0.54383403027451	14
-0.00664930207796699	0.512759997360795	14
-0.025441084740124	0.596086960466053	14
0.004542765960214	0.466990809727159	14
0.024558639688197	0.326710559888692	14
0.00422931727293499	0.185302571529624	14
0.028311871237693	0.118955218706114	77
0.032324764969356	0.085014775594618	322
-0.038444960966871	0.0987462625586103	55
-0.118116521335018	0.178918194511043	344
0.040925150107681	0.166991370378927	226
0.035549746266451	0.109624395969857	226
0.023119100855344	0.0852611612353138	13
0.031997199412221	0.0847309034950032	13
0.070705801658362	0.106669781956892	170
0.019820806836826	0.126013895531826	170
0.022792485029803	0.12839482421975	170
0.089120570845405	0.145170929451333	98
0.098062191609105	0.137444768345236	98
0.062373359536	0.133863693685598	59
0.122699022501961	0.10430282567474	59
0.011035860182275	0.255263218559446	59
0.093378970310145	0.127197953397246	59
-0.02198483732255	0.208574084026478	558
-0.1246755737168	0.225483282022645	139
-0.046476032205904	0.0965408498607179	189
0.088468934070634	0.0681505287957826	189
0.039095380664629	0.200287001558079	270
0.091854647509918	0.0677363470685039	270
-0.04541025682972	0.14909826645112	87
-0.07236516082593	1.35664235500754	14
0.093571847068746	0.476999573131183	14
0.121439874773946	0.350880000356332	14
-0.029125834222981	0.759158373492613	14
-0.06290312664503	0.828200917040229	14
-0.065096146847187	0.435610439267854	117
0.017011918081731	0.283765996704225	117
-0.056966401931175	0.382677986018811	117
-0.057827449353043	0.273345038247399	117
0.025748393747115	0.151709140845321	14
0.036232620790808	0.160299519209817	77
0.00850916505268501	0.129904992484553	77
0.060482102794921	0.13229586209173	55
0.019189994964983	0.199053259141368	322
0.069289958691215	0.105728314226022	41
-0.042063945698896	0.154540386456222	41
-0.112802887859941	0.177889945709836	41
0.066989092050349	0.104645581835783	70
-0.076737919850928	0.245729117186949	70
-0.016306549604409	0.17381066838829	344
0.079929716813293	0.133972933945537	226
0.021754166307063	0.19025461758879	226
0.050533273586538	0.153785421841163	226
0.067861799280813	0.105587538061416	213
0.034821046777471	0.0838903568248648	213
0.069755755015615	0.103983893896122	13
0.019454844918629	0.132093096357099	170
0.121537857395063	0.129926401128616	98
0.011739858491921	0.270116409224726	98
-0.058141981662345	0.354183173856065	558
0.101115817860428	0.135106690118602	59
0.00838089901340999	0.223831583884378	558
0.033272756087318	0.168261911448164	558
0.071303969356124	0.154878595551249	139
-0.078504262567846	0.300965591810116	139
-0.12214843930246	0.231208696910583	139
0.064596174772164	0.104999011408937	189
0.037579243262677	0.0825751637182051	189
0.068601223573716	0.127814913323561	81
-0.033436823605477	0.142891944645537	81
0.10569171231359	0.142366625711614	270
0.023507061313865	0.235371226734885	270
0.041773583306955	0.16035045634169	270
0.028890408039819	0.155402540529456	270
-0.038282182108274	0.149452646093757	270
0.014855747528955	0.131430115013169	87
0.119222618637532	0.520654257305828	14
0.033589947955615	0.840175752131854	14
0.089859445509547	0.359059720605402	117
0.109502051806716	0.311593874119045	117
0.045699815201789	0.536027456377183	117
-0.062220653395447	0.428222886193737	117
-0.071828293608288	0.40171667798433	117
0.121959661661228	0.102817679150593	117
-0.117678106584258	0.302335070795207	14
-0.00218840539388998	0.215902981646045	77
0.034676144841536	0.188802325632993	55
0.00144470736917701	0.233469884037444	55
0.031997199412221	0.0847309034950032	322
-0.035221187230623	0.0996917527572204	322
-0.038077589807673	0.0984608342885161	322
0.095393786795018	0.0658895182215375	41
-0.014614350644995	0.178012131814934	70
-0.015740428999347	0.172034493982628	70
0.034518540255033	0.0835298070606415	70
-0.067940983107753	0.264393291995466	226
-0.023381865760173	0.181215240505174	226
0.024236394243491	0.0852345355415228	226
-0.059166789296169	0.201552683122584	13
0.011807730662503	0.127370993913067	13
-0.036243974908356	0.0976634706791572	13
-0.017601650275687	0.179375559224187	13
0.033838936762949	0.15059600974386	276
-0.05694259660507	0.415241378507118	98
-0.028710413562038	0.321337347126908	558
-0.059135659382641	0.332259429359109	59
0.053258226637088	0.173451312438939	558
0.040323136649005	0.165953288023376	558
0.015433704854773	0.242376521579212	558
0.05775137137928	0.168513076559141	558
0.022330099110082	0.127880721348117	139
-0.037373732604818	0.152378838120346	139
0.036200303569454	0.0835865372794923	225
-0.066250604653932	0.237804750037223	189
0.026748865775633	0.0864957094687745	51
0.089645088569364	0.0680799420359369	270
0.085651396048444	0.116684136594277	270
0.044407033985964	0.176606890557698	51
0.105561058593499	0.31950908070495	117
-0.042961642910878	0.705774002656093	14
0.01737059542406	0.243255654473349	117
-0.077264257849022	0.400319322572731	117
0.034816021320133	0.0819523405343454	14
-0.063832554801919	0.202774056944461	77
0.105571509119272	0.100585944309668	77
-0.117984822226702	0.17873352015356	55
-0.123806224858085	0.238958044831211	322
-0.035542927559048	0.147606274718833	41
0.082458284515653	0.0693594727346167	70
0.061910973299594	0.112284362515607	70
0.030394964930003	0.117758838946973	344
0.085283327550691	0.116833133196475	344
0.00880492987196799	0.2287064934663	226
0.113297710196744	0.0815242379565735	226
-0.10066740019498	0.299454090477737	226
0.025868462063378	0.125571665220172	13
0.089645088569364	0.0680799420359369	276
-0.097128634413375	0.42309213954373	98
-0.06528048560995	0.311760079069718	59
0.020779032628844	0.256774168329448	59
-0.065568744370864	0.230373982816536	558
0.04238889385918	0.180053845269623	558
0.062587993789658	0.198982181806854	139
-0.116555254521681	0.178342905360421	139
0.065923882937248	0.104852888418435	270
-0.04790315254868	0.312930109526672	270
-0.070728511733246	0.242568242131331	270
-0.117984822226702	0.17873352015356	270
-0.029886572849255	0.141952778779075	270
0.070009236361112	0.729402458812654	14
-0.031400115388493	0.993677221241144	14
-0.077178680127279	1.03689656993826	14
0.119397605142363	0.316323253859248	117
-0.102519955739344	1.20802190937262	117
0.00548315620727199	0.757416399348419	14
0.00687792785781199	0.679769551733536	14
0.104243155490825	0.209970547172281	117
0.095385393977739	0.111774053468997	117
-0.028151666350775	0.141926056000347	14
-0.09275783066356	0.335425750018488	77
-0.123801953134595	0.22869675572045	77
-0.039003215206477	0.100328574963044	55
0.058580336168234	0.136310474687943	55
0.030884816399309	0.0836242271300612	322
-0.045997448377711	0.153258203179753	41
-0.117500085976507	0.23185117604862	344
0.028343708674945	0.150061347272506	344
0.102108086913081	0.105789882923092	344
0.086967729262163	0.117068229072363	226
0.032324764969356	0.085014775594618	13
-0.029498051546691	0.095443783491025	13
0.034821046777471	0.0838903568248648	32
0.006662486125113	0.274485786201665	98
0.112775902557802	0.158732073283039	98
0.123875336058398	0.116715185823625	59
-0.010136322317726	0.290112768501372	59
-0.082737312495458	0.326122701155313	139
-0.10857248806958	0.20765533771409	139
-0.120515749767334	0.2367744762059	139
-0.03226996239096	0.0968292699610618	139
-0.039003215206477	0.100328574963044	139
0.101116640144441	0.0908688387150294	139
-0.11653559733672	0.180059005687762	51
-0.070443502676175	0.24058386582576	51
0.10540940118605	0.0880905938369794	270
0.102717791619026	0.0889417368657489	270
-0.077286364622435	0.34008463299271	270
-0.116399135236318	0.177232857570925	51
-0.123367549038111	0.308222822828214	270
-0.047043521028116	0.100061325242159	270
0.078986602956774	0.765183472121736	14
0.011600399838334	0.919611890255826	14
0.097255365051702	0.376713416651582	14
-0.097577645302809	1.1495229580038	14
0.112392923654138	0.159519874824882	117
-0.113829428618758	0.516216785135916	117
0.049472364336261	0.176256529889364	14
0.087677627668438	0.0686232966343337	14
-0.038003609048903	0.100132891438743	14
-0.029840565635022	0.235803526222283	14
-0.075099743597553	0.270389654140982	14
-0.115077897917912	0.176890716994951	14
0.060613896732832	0.135316059914604	55
-0.007645564010829	0.241261797759792	55
0.079618047314722	0.115421510205361	55
-0.040844223800902	0.101660915739334	49
-0.040986981191672	0.153356707465434	41
-0.036211450507733	0.150160730066521	344
-0.109092565516487	0.167256963974976	344
0.090539023057042	0.128240443015481	344
0.116782671243214	0.108550413142207	226
0.00965262516342299	0.206701095734808	226
0.092250178460703	0.0652431770024941	13
-0.045451978974296	0.154697251417915	13
-0.03226996239096	0.0968292699610618	13
-0.123536280354901	0.232563647282714	276
0.06347315134836	0.111235999956934	32
-0.069394598032889	0.373074395919036	98
0.004595375152353	0.274774024994023	98
0.047055268268619	0.193850471803408	558
-0.049930216336039	0.302335906100456	558
-0.060170485047197	0.298257434619004	59
0.066990663798388	0.18158362724282	59
-0.052010754108469	0.281023101144109	558
-0.039230697276895	0.262853759657431	139
-0.049609861853038	0.150187805305814	139
-0.124394934844152	0.326372855333627	139
-0.025261501890628	0.206765123719335	139
-0.042759222261638	0.147599814906414	139
0.034518540255033	0.0835298070606415	51
0.116587262402462	0.124116259312966	270
0.047682633262715	0.164239283225991	270
0.069428848665122	0.15432575604544	1393
0.022792485029803	0.12839482421975	51
0.114524293590398	0.0799663577629124	87
0.057501102050421	0.618045372846666	14
-0.018843762418872	0.817837839852726	14
-0.033836647229341	0.0940940572078076	14
-0.110672035140378	0.303054279819457	14
-0.056243692019396	0.328898803633747	77
-0.094476599723726	0.394615699015013	77
0.021665874290724	0.171860043233404	77
-0.033877942965239	0.261664726398682	55
0.097341475109313	0.109573832474032	55
0.097613418784874	0.0635698377985418	322
-0.111676815549434	0.177710154760845	41
0.018198053972808	0.132723137657951	344
0.062182933625223	0.144863111508341	344
0.028697715800322	0.0843173085380875	13
-0.036059144076533	0.151154308515643	13
-0.029498051546691	0.095443783491025	13
0.036200303569454	0.0835865372794923	13
-0.117870027988942	0.178263389937337	13
-0.122059801455192	0.276700140523353	13
-0.079668080926882	0.248459202492519	13
0.029506477293678	0.0858373609288333	276
0.087820048576752	0.0688955958773601	32
-0.108938844941339	0.347690469952064	558
0.105407242069487	0.131554848181276	59
0.095007665889155	0.124079665845822	59
0.044572975362608	0.158446815781957	139
-0.031577149036427	0.217256367965458	139
-0.106060962165168	0.37407626791607	139
0.098127830324786	0.107528791802608	139
0.036208865727147	0.162184246167956	139
-0.107657287049084	0.160805701592352	51
-0.032607789689948	0.145602097833888	51
-0.121532162863503	0.238164096373079	270
0.074260983882562	0.101841103366347	270
-0.098869915236367	0.371547649691443	51
-0.00445886654980099	0.165207415088869	51
0.066895198876958	0.105154638731492	87
-0.029498051546691	0.095443783491025	87
-0.030050495256059	0.0957453786530271	87
0.103690939059409	0.797569770045614	117
0.056721511573665	0.890579653757336	117
-0.058925514461653	0.83915601702232	117
0.124621549005192	0.194303096522146	117
-0.01475125005908	0.323475233634555	14
-0.080305817075596	0.322647601013043	14
0.015777886264496	0.12747265497691	14
-0.094263158146783	0.338593404431876	14
-0.120029708493131	0.231111716013149	77
-0.046697705768335	0.144794555910017	651
0.032883247237533	0.0836858719890332	1105
-0.110003532060843	0.32150948552405	55
0.088854197444729	0.0696020296961957	322
-0.00962696128202101	0.174990060903059	1526
0.042901602795065	0.0765914557135535	70
-0.029565219428867	0.230989204427511	344
-0.037902704473425	0.0979451695114842	344
0.072620172624111	0.169642426313456	344
0.027952896848472	0.117922433933268	226
0.03927536350446	0.078474916229084	226
-0.036888952753567	0.099347238411251	13
0.031747629582172	0.0848483208395658	13
0.030293455812658	0.146255134089039	13
-0.036095640822185	0.220526715136154	276
0.034518540255033	0.0835298070606415	79
0.110528552032401	0.137473001244979	98
0.114680563675398	0.137559029060553	98
-0.01398337126094	0.286184906940523	98
-0.03132575944304	0.280060391066684	98
-0.109947420789533	0.407888693265719	558
-0.018557586646321	0.262068807214273	59
0.001844687090372	0.231540695259404	59
-0.079792729147185	0.37461737978239	59
0.121894829707274	0.10646453375823	59
-0.084558764144944	0.384172712143331	59
0.077045834986146	0.136546750422774	139
0.047138314005774	0.171101098364173	139
0.106588956661986	0.0889078665309337	139
0.022388288737097	0.167054866292776	139
-0.041664907316418	0.150523659495167	139
-0.119012691520472	0.182343680456661	51
-0.124824238908674	0.237867098360064	51
-0.012544049395116	0.226047225052078	51
0.122337414399449	0.0921193914763892	81
-0.121773295847047	0.298954786227179	51
-0.124824238908674	0.237867098360064	51
0.019445719079674	0.19889684700563	51
-0.086638492146911	0.328104534360225	51
0.117923082551294	0.0952149125117514	51
0.038957865125355	0.080262206826289	87
0.117315995651436	0.385838721647134	117
-0.01708435372485	0.552505371025091	117
0.063264924797082	0.228076039783963	117
0.036368476346748	0.284369834136697	117
0.110306010304971	0.181086135052739	14
-0.072562481986835	0.563526376919368	14
0.120670264173533	0.117339271171629	14
0.032609433484058	0.172480520309844	77
0.036261619996478	0.146195402131631	77
-0.117271357201389	0.271994757905862	651
-0.083678127263566	0.244664094494145	55
-0.047633837952828	0.270659505034861	55
-0.024209424641207	0.203842804538136	55
0.109523433135492	0.0870680772094948	55
0.032247319962743	0.152742752317949	41
-0.118331640000737	0.173689936994635	70
0.025811240120473	0.170871665131213	344
0.066727272193136	0.109911692723542	344
0.095250337319207	0.111277864225235	344
0.063807265890249	0.106901364405113	226
0.116141599697047	0.0979719239928047	226
0.094726038326394	0.112284239791164	13
0.056660889083656	0.135174040177499	13
-0.113757225092737	0.262838558903425	13
-0.105829920531762	0.169382083769327	13
-0.015171009835382	0.173224069600153	13
-0.114493111172464	0.175752430819615	79
0.031499156037739	0.083321269701168	32
0.117541144793819	0.108901801723056	276
-0.112126034918275	0.29108184161277	98
0.080857687453467	0.149491251130059	98
0.053800617749071	0.169555703777591	98
0.080784270106287	0.151279791552371	558
0.073394562312744	0.166728337055642	59
-0.010339455572821	0.177186962398128	59
-0.119631055851367	0.222809184003758	59
0.00452591923552101	0.192101537279001	139
0.025440614219229	0.124603812360923	139
-0.122476482376341	0.308446453096552	139
0.104984696416195	0.0900484912604515	139
-0.116555254521681	0.178342905360421	139
-0.024698263626612	0.134121371820245	139
-0.057692996365882	0.198153930227969	139
-0.03935925643723	0.150086835791999	139
0.112915610893352	0.0828209273380038	51
0.03137147048033	0.168921742035476	51
-0.079386969846569	0.267899426017272	51
-0.114048065654676	0.176623779893235	51
0.024580388626835	0.163481257581106	51
-0.073513685284428	0.24616783238644	51
0.06073835742119	0.129131149688365	51
0.111604782143068	0.0793841245100552	87
0.072847415269998	0.589046657252426	117
-0.111999193861876	0.909891804135062	117
-0.080944027506021	0.721767857398704	117
0.050516179304722	0.343718796408437	117
0.022215085729483	0.387825104475664	117
0.078046515075201	0.262033580840964	117
0.107236412204105	0.170713128031274	14
0.068666454137764	0.230995271108203	14
-0.112646671494794	0.489221186314707	14
0.00198023074901099	0.303487626497716	14
0.092669512302323	0.12656251445268	77
0.064089950182042	0.160822293618913	77
0.098058808616346	0.0920197625887234	77
-0.00190437184912201	0.160295340779524	461
-0.041508955905435	0.248814229863126	55
0.080110320596951	0.130241122745084	55
0.026960742643765	0.156684747424021	322
0.068575583761903	0.103933345475524	322
0.097613418784874	0.0635698377985418	1526
-0.123566173352121	0.237219317130406	1526
-0.018405084540435	0.179367058087633	1526
-0.072269017339462	0.236350942609914	41
0.099162241270088	0.108717995536923	41
0.025821793727789	0.122950566917945	41
-0.065942027791136	0.26155467175562	344
0.096342366211838	0.111476159355341	344
0.094137950085066	0.10974570499973	344
0.118718540980782	0.0952390553912428	226
-0.060858702895908	0.229263006728777	226
0.121272314950967	0.0924224196631947	13
0.01426983947719	0.132072954073636	13
0.116666944085308	0.0974434406995511	13
-0.1207737170975	0.303483587326873	13
-0.124041525730131	0.269199171534636	13
0.023606088497107	0.157936796046309	13
-0.058211328395057	0.19916415640403	13
0.053319447811465	0.108707805134415	13
-0.072864872218487	0.290278402104975	13
-0.00536715703687402	0.163982760561745	276
-0.072525646609287	0.233812351841581	79
0.086635044080705	0.0698099487664053	79
-0.072321213475037	0.269053704602128	32
-0.06085932871099	0.303501961546186	276
-0.046487048502847	0.150606955653803	98
-0.085035116091539	0.27302214621252	98
0.063598878260371	0.162230965310459	59
0.046656747471061	0.177303935465172	59
-0.016583329214394	0.177180603684384	59
-0.041977529149797	0.29446939037119	59
0.069642440839664	0.14295005235829	139
-0.122430263716292	0.275706295938067	139
0.036484237601682	0.144976151090991	139
0.098931522478461	0.109157471314802	139
0.064356488944422	0.14973996876183	139
-0.072141548026199	0.239923034868105	139
0.123771870345137	0.0764147195405305	139
-0.059075365171569	0.197281625482058	51
0.122688998030961	0.0922458907803166	51
-0.105021516486184	0.246940440288243	51
-0.072715823074121	0.240691304523668	51
0.065482807892488	0.12375672579573	883
0.018929819351089	0.1730615979137	51
-0.022378544064445	0.208292960426376	51
0.122563125151318	0.0936733847481946	87
0.089132555614114	0.13064877234967	51
0.028336702423217	0.12136604882829	51
-0.121691199337483	0.265311665918457	51
-0.038003609048903	0.100132891438743	51
-0.048089486508077	1.81562618825425	117
-0.066768328254043	0.851172718438924	117
0.118055138177077	0.2050595441912	117
0.058157086930131	0.296449422519182	14
-0.117265582157849	0.393224522087656	14
-0.118572171831936	0.387817077826701	77
0.028716692223605	0.210486274515647	77
-0.063640711942275	0.233158618455379	77
0.089645088569364	0.0680799420359369	55
-0.010821986151619	0.22503587139814	55
0.035903496340796	0.081202382331144	1526
-0.033169762927186	0.14892608196591	70
-0.034387407719224	0.220590862397724	344
0.01547836816359	0.221994584604177	344
0.088854197444729	0.0696020296961957	344
0.068729796464663	0.107945050099913	226
0.069020723816928	0.106192462862779	31
0.06219086172573	0.110121581249863	226
0.033670657884374	0.14837155782565	13
0.104869006248655	0.089980622919021	13
0.085555854337548	0.117637956260439	13
-0.021864585347698	0.205886504816581	13
0.02165983834374	0.153199418908454	13
-0.075986480893159	0.24716961429799	13
-0.111676815549434	0.177710154760845	79
0.040279603480299	0.18346402036556	32
0.074508235823901	0.119453957525009	276
0.015586367326563	0.222006112836396	98
0.085519967750956	0.158001152069242	98
-0.072610979808426	0.267858496938496	558
0.067255745322679	0.14586493186501	558
0.024688209467358	0.186056674671526	139
-0.108496963703294	0.318777100293192	139
0.058294655390828	0.133231256300886	139
-0.00555578555665798	0.16979130642533	139
0.015848782848728	0.15318647211987	139
0.117082191293915	0.0957606577326067	139
0.005490140088419	0.187688115445826	51
-0.120515749767334	0.2367744762059	51
0.014653731714013	0.189724359968687	883
-0.082185842496222	0.274342966262151	51
0.007615395717779	0.230614952444379	51
-0.078443908205543	0.307524937295555	51
0.08723541866225	0.118225912336514	51
0.01495514268134	0.185484372645238	51
-0.00459441932413102	0.193798554602704	51
0.090946408125011	0.690555566327161	117
0.013090963009738	1.07049549379935	117
-0.026849720290339	1.25395385714612	117
-0.102795482375051	1.4709711008194	117
0.0918233480756	0.306966979361699	117
0.110715931544466	0.251410610045482	117
-0.00238053289581303	0.465997271001466	117
-0.020575126851032	0.450561986014584	14
0.050376218032304	0.277796495066275	14
-0.015072550008735	0.177369093014645	14
0.071111439124562	0.12668423251542	14
0.066841727867227	0.164309548482041	14
-0.030835981052546	0.230206973391178	77
0.00203420252557401	0.190619898058583	77
0.089435593678024	0.130006668528804	77
-0.11851463573384	0.233203271102798	55
0.052778709416137	0.174786237379943	55
0.066521920756478	0.163931368133834	55
-0.115760703772757	0.26478609032847	322
-0.036298386993255	0.152111675910661	322
0.034267011914175	0.0833813791673214	49
0.028378908086965	0.0860146778006772	49
0.066170102771232	0.109006864008021	49
-0.054973575969435	0.197568311180686	41
-0.06087781566036	0.206523622767666	41
0.031889497089935	0.151521084118956	70
-0.068495705882727	0.262559172464404	31
-0.119697479068552	0.172141552502299	31
-0.117255109736677	0.231656265210372	13
-0.117859943007365	0.22955546435368	13
0.10149787724057	0.0907286150730204	13
-0.03192300835904	0.23636220144903	13
-0.075551480842892	0.237372974445958	13
-0.120544908306843	0.232338985185711	468
0.087029870754219	0.0667634287985753	13
0.021746940060981	0.08420035688754	79
-0.033728251539629	0.091394952615678	79
0.033384338727619	0.0837178281943874	529
0.0735973739688	0.157816362789642	98
-0.080878381544071	0.312163690572862	558
-0.081475270425306	0.293591909723681	558
0.120142554979598	0.105197567808335	139
-0.034828470786026	0.150081424771237	139
0.093356006006791	0.109190795160393	139
0.061234396214461	0.130409111108749	139
-0.103347247365748	0.161066265735401	139
0.110593622732616	0.100337313287102	51
0.086548497742778	0.143507193136508	51
-0.066299704009944	0.314146568286839	51
0.016690685896005	0.127013957887116	51
-0.078941280749507	0.290440496447583	51
0.027024851837571	1.17046874033864	117
0.054526520763054	0.657020360431769	117
0.00801981214110301	0.601196991568655	117
-0.116658663310794	0.180391722950282	14
0.077625669346467	0.134882803081887	77
-0.009984181173325	0.177030397013941	77
-0.040844223800902	0.101660915739334	461
0.109961377343138	0.115411802306862	923
-0.111652101907074	0.350936643872942	923
0.08512107267002	0.158209517723713	923
0.088845711175265	0.0684617037123641	49
0.106518770670315	0.0874148574584735	49
-0.116425636868049	0.353737964738428	41
-0.072287637957104	0.245678352937225	41
0.120516837697228	0.0937230906758196	31
0.034821046777471	0.0838903568248648	226
-0.032789115903093	0.219506839901082	13
-0.040069705095234	0.151140455452075	226
-0.123566173352121	0.237219317130406	13
-0.042217532142429	0.153898038706885	79
0.037579243262677	0.0825751637182051	79
-0.034666801812777	0.0997029697152663	276
-0.120968105381123	0.309327630014497	98
-0.021833373029051	0.329065992094896	98
-0.00622131352884198	0.261164430735019	98
0.038576798494284	0.197810485993603	558
0.052237731235548	0.189168102973821	59
0.022380796057541	0.18580981432091	558
0.045496007526911	0.172617849136157	558
-0.067452260043552	0.254794793150848	139
-0.119258532743297	0.234210074949702	139
-0.080919100704663	0.279177327871069	139
-0.122393605582105	0.328095088761375	139
-0.016339951634014	0.194366255701371	139
-0.0347441280054	0.142448712799433	51
-0.035540316526073	0.212466421670893	51
-0.016337419802696	0.17882349083022	51
0.118563067727205	0.0954373911270759	51
0.01925158402935	0.15087107909985	51
0.034221445869692	0.146453472138233	51
0.095792977411447	0.121100651090657	51
0.056881001136129	0.133319839001732	51
0.017155175958986	0.13269280261873	51
-0.03526730194255	0.236168405694212	51
-0.026734797620724	1.16982749645133	117
-0.056960275388376	0.398804444493002	117
-0.025548258572623	0.572649745197287	117
-0.052973456412716	0.596614544356019	117
0.037096399214607	0.203438078627919	77
-0.117528003334728	0.177416726371003	461
0.039572213697122	0.167143303033692	322
0.021098976401258	0.127591259716097	322
0.092384505946137	0.0661689725513588	31
-0.00403386360736802	0.217180205492845	13
0.094217174489699	0.0668846672946918	226
0.069337860623964	0.143315284703998	226
-0.032068667316441	0.0930327073121425	13
-0.108089813894529	0.339388988285881	98
0.041180869837939	0.235300970300594	558
-0.043233118216257	0.296313464795325	558
-0.0637177221059	0.359424849265137	59
-0.116239845001893	0.330429689936083	59
0.039758390551716	0.16735540890561	1116
-0.067803411494948	0.319059315343838	558
-0.085072142634613	0.332151615494607	139
0.10612981169669	0.0849304964689453	139
-0.064809409574666	0.19941556920929	139
-0.124043471346969	0.237221667079005	139
-0.111801532037941	0.171951301053952	139
-0.119207543074038	0.27229471669169	51
-0.00918924469522597	0.222780416819943	883
-0.117567573691571	0.436404489514206	51
-0.092741295493399	0.339217411688452	51
0.123485160553303	0.0995050404063828	51
-0.023895968502182	0.210764028219121	51
-0.075944687472627	0.49524659045632	117
-0.066639923116182	0.659959763308077	117
0.011395153422105	0.131997052537351	14
-0.095383109069544	0.516950514118871	77
-0.116059175964489	0.357098285339852	77
0.089731689807938	0.11179152909529	77
0.021280482537495	0.124060061841167	77
0.022140721194797	0.235361847926802	923
0.023513791140456	0.217769190438576	55
0.059712880284696	0.164521381570793	55
-0.120239509800884	0.18169644609744	322
0.080626251363627	0.0664641322680089	322
0.085458594030296	0.0704861106918886	49
-0.029041218070671	0.215434420977997	70
0.105111496035529	0.0894556265821481	31
0.056197813544486	0.167540774456155	13
-0.080141396876156	0.243652212231932	226
-0.06275766773723	0.202156434270297	13
0.031997199412221	0.0847309034950032	13
0.04698518295256	0.15890886072963	13
-0.038003609048903	0.100132891438743	13
0.02787786330142	0.0853279547917187	79
-0.034666801812777	0.0997029697152663	79
0.073119956290791	0.136272646479016	98
0.068745103076212	0.129371425400536	98
0.00362752666465499	0.272709934289714	558
0.063834517145073	0.165035449972069	558
0.080201745661651	0.166235966977317	558
0.122686712183789	0.100954364945658	558
-0.059807623130537	0.308414815473846	1116
-0.084285074796022	0.297829629448779	139
-0.074948698199996	0.239484134897998	139
-0.072610979808426	0.267858496938496	51
0.080254476225926	0.0932166614934596	51
-0.060581479496622	0.337543784100981	51
0.074754354011255	0.121790594932498	51
-0.116133753129133	0.35043596901086	51
0.023287972046365	0.155770999261181	51
0.02577524484436	0.153796122253019	51
-0.038003609048903	0.100132891438743	51
0.122644468135236	0.648055351704677	117
0.088468961590292	0.349923830472921	117
-0.00624953771921499	0.242348719657744	14
-0.019333212999471	0.325635543189005	77
0.045792540009093	0.173419645817042	77
-0.107168700757445	0.251948227782792	77
-0.00940278055215799	0.215605543455498	77
-0.08505557208076	0.325151275937242	923
-0.090890490805242	0.388969875310608	923
0.099495387424038	0.135884410670873	923
-0.063110108442604	0.208807506320601	322
0.075061041139239	0.118156343168732	41
0.00871638403578901	0.130391169458983	41
-0.032575807162993	0.211924858221359	41
0.029254945641705	0.0854250005513325	443
-0.111169774320023	0.325269282781205	70
0.066257295191921	0.148178054004343	70
0.103111449228369	0.0916783726058062	226
0.062598572143897	0.158672750702931	31
0.107395390400286	0.116563560004263	226
0.035954743729463	0.0832571614702204	226
0.015712927645583	0.127119714479387	226
0.054280883012747	0.173223822693092	226
-0.124020728780325	0.335371279867863	13
-0.014441484813779	0.176063697292969	13
0.062900023602571	0.11160826379656	13
0.032199087923671	0.147791561178784	13
-0.120695965510529	0.172255226187568	276
0.038154156535658	0.182474486667899	98
-0.080532473724539	0.296468430057042	98
-0.039028834920728	0.246445939653911	98
0.07387374075912	0.178492929325519	558
-0.054190877271426	0.304403093348457	558
-0.102591680083339	0.401451114860706	558
0.100203463201816	0.146246462471687	558
-0.122505439733934	0.44917850660641	1116
0.07095776471275	0.143085238715388	1116
-0.068539006484791	0.340785047407549	139
-0.033673343559769	0.141600775851873	139
-0.034666801812777	0.0997029697152663	139
-0.041472651117584	0.15388680873237	485
-0.03864030739062	0.0977108457752417	485
0.018420190671355	0.125681791208	139
0.017812074372345	0.130817887830024	51
-0.035155620664349	0.147910319120541	51
-0.01904719332911	0.227671645650529	51
0.045282515231202	0.217871333739523	51
0.038124725139419	0.166206768669661	812
0.02904989192748	0.187460796995512	51
0.097764774591469	0.137462965795718	51
-0.072230531809198	0.291149237498161	51
-0.066307191964559	0.207393530610415	51
0.092353747518209	0.369535505001503	117
0.10619476964924	0.315156541220143	14
0.121294723614361	0.235890731916295	14
0.049783538297076	0.415713966845551	14
-0.065978828566776	0.423812047635448	14
-0.00305899675181198	0.273590997811701	77
0.033690441789989	0.147162728251899	461
0.070705801658362	0.106669781956892	55
-0.011264924567017	0.236862236893192	923
-0.101890004152987	0.434591104561922	923
0.093356006006791	0.109190795160393	55
0.022792485029803	0.12839482421975	55
0.024399814133723	0.125510370619078	55
0.034821046777471	0.0838903568248648	70
0.098355146262071	0.110040136795966	70
0.013477212687091	0.223076503694839	70
0.024476683981416	0.156496618792369	31
-0.078743342915676	0.236039688940262	31
-0.005437270968079	0.220513273978999	13
-0.120591521952468	0.310568822794454	226
-0.09138903391964	0.27150551559085	226
-0.045207800502348	0.321064977935408	13
0.038351281262742	0.166680068549716	226
0.105464187908969	0.117926796337595	13
0.023954213609705	0.122294902542403	13
0.063520239296201	0.146191615707591	13
0.065434905977058	0.145154407337196	13
0.021098976401258	0.127591259716097	276
-0.033933232085005	0.09758760197118	98
-0.073155510442557	0.284168500017192	98
0.00496534596939499	0.127418970151492	1116
0.01820178367148	0.156139285950455	1116
-0.033561564568328	0.240590487293588	558
0.089533695311163	0.13025244401955	139
0.052946605987531	0.168694051944387	139
-0.124043471346969	0.237221667079005	485
-0.010339455572821	0.177186962398128	485
0.120479313876395	0.0957873397835589	139
-0.113253356298893	0.21369912559053	51
0.060269633278996	0.168162569831692	51
0.1093238755715	0.100704241090557	51
0.062454955294326	0.150240534166471	51
0.031362307617214	0.171057249060942	51
0.070206962480326	0.127010701555461	51
-0.106275736669899	0.313113919237642	51
-0.073977571719735	0.292948586485603	51
0.124936812883626	0.104341616274463	51
0.099049461092149	0.557805979512104	117
0.029184094145766	0.782308005674255	117
-0.032267679307238	1.01056313791814	117
-0.122066975264267	1.11401863526718	14
0.064171024924884	0.274771708420561	14
0.107017137179707	0.14328114835424	77
0.016326746858892	0.244115215732814	77
-0.069646694804569	0.326229052350964	461
-0.114186478700175	0.30370522148398	461
-0.054973575969435	0.197568311180686	461
0.105449993271433	0.0887786648932482	55
-0.020775994393116	0.249624596989179	55
-0.057126797721765	0.332048672642827	55
0.118252567263848	0.138113731151852	55
0.026998385657784	0.0867821277358564	55
-0.10843654129695	0.173138477570059	55
0.03478298452172	0.168731824809997	41
-0.110700896370534	0.173921565925987	70
-0.02117512046999	0.179271938602856	70
-0.047051783578743	0.270807048218465	70
0.095891836150156	0.120929767368406	31
-0.01577280641848	0.176576674697556	226
-0.068648640451327	0.242881106950551	226
0.03742027765161	0.167885830572638	13
-0.068626325422719	0.252136353991816	13
0.061531656131464	0.134234625009229	13
0.103890750093095	0.120142101580406	13
-0.00554955349303599	0.218249045652313	98
0.112539610373943	0.123536839317378	98
-0.108263315979897	0.347541955163054	98
0.107753324981353	0.12978462268173	558
-0.071425658603249	0.203935773557094	558
0.07169334917059	0.105213922782201	1116
-0.038130134208725	0.148495537712441	139
0.0335245171882	0.146351574434433	139
0.020064686415412	0.18458677428782	139
0.017967401927968	0.190124105717733	139
0.033338668642245	0.145831808454362	51
0.102865404884568	0.0912157413683942	51
-0.026680975187387	0.206558310842675	51
0.024694665004929	0.20973647624945	51
-0.072512323980136	0.270406866774339	883
0.010391133181794	0.219093534172473	51
-0.02246259291711	0.235744059562627	51
-0.123309771725403	0.298431041809006	51
0.00912985293581101	0.187264731756866	51
0.030721676818138	0.183378482134819	51
0.100080455888704	0.850420574542314	117
0.090916931531413	0.4336768371435	117
-0.053878102218304	0.935224157575826	14
0.076653536119754	0.454042928237193	14
0.114009748897121	0.304074360025507	14
-0.019711212652937	0.655031656913655	14
-0.000896086036644983	0.334919241607186	14
0.01861914078934	0.129722651649591	461
-0.113856751437859	0.216835667810498	461
-0.078661330047862	0.268321353375221	461
0.065456353378825	0.111030609890101	55
0.122320545153747	0.117761699614227	41
0.036998198169231	0.201241244367875	41
0.035954743729463	0.0832571614702204	70
0.026621393639213	0.150773046333061	226
-0.012355857818381	0.173655511083654	31
0.081380495228643	0.118934907976019	13
-0.122594080447061	0.177343403603011	13
0.067603518005168	0.125238476395117	13
-0.018516434845617	0.179657921965428	13
0.069970976563433	0.144370695141694	13
0.103839480442297	0.0892560347616839	98
0.040872216234327	0.157967344323236	98
0.11678220272145	0.122687928205509	98
0.025812187812534	0.193167601908717	98
-0.011424307593172	0.178065062413663	558
-0.11283117427825	0.265061349474579	558
0.084271961247091	0.0708414880188827	1116
0.032224229530288	0.151633605897168	558
-0.015198694801608	0.187548153210461	139
0.1103181815227	0.08364082306871	139
0.090062928558548	0.116036789810218	139
0.096692325470059	0.0925703918625466	139
-0.044588613914295	0.245357906010826	51
0.011764050459086	0.182473109651514	51
-0.00403994514287798	0.253566478536569	51
0.073238791159192	0.14034444518292	812
0.076715305082087	0.150854738075618	51
0.03134012342169	0.189673493193735	51
0.115914952746186	0.10943790145819	51
-0.00555578555665798	0.16979130642533	51
0.110836984958035	0.437607278798594	117
0.091528180339552	0.460717271940826	117
-0.046335166330457	0.924627397342127	14
-0.09001019690484	0.941268178938081	14
0.040073651527169	0.422168563613778	14
-0.025358358821167	0.291321652901027	14
-0.030654194244542	0.299424144345723	14
0.016251682772774	0.331655074889772	77
0.115431891380289	0.108835538123785	77
0.090099701224648	0.159735813211552	461
-0.029541599186673	0.141583709856535	461
0.031908685558656	0.151446359453038	461
0.036166104959893	0.168846346296837	923
0.044956409603091	0.211920522162798	55
0.087686164601242	0.127582442916864	41
-0.114390772585208	0.181510093629459	70
-0.107168700757445	0.251948227782792	70
-0.034563799738238	0.144418205715053	344
-0.021793295053251	0.203861826585289	31
0.067769001270552	0.126725919501313	31
-0.117999730826831	0.229622813542164	31
-0.12067860565841	0.33294705635984	226
-0.115515570839912	0.182323978553707	226
-0.064532098097308	0.201554185446263	226
-0.010324574497964	0.170594669244766	226
-0.110444235049343	0.322838251048761	13
-0.03085955347856	0.144912484998139	13
0.053374413139266	0.133751746665149	13
0.029769900815145	0.116897679119208	13
-0.115410543328793	0.181883504087744	98
0.063258022451202	0.164667235848868	98
-0.012931551173578	0.223347907129873	98
-0.040185314929928	0.221695553909663	558
0.060689734641927	0.134134959272183	139
-0.123316436767132	0.27649692207259	139
-0.109687533866946	0.172275324866737	485
-0.054608696550962	0.269294123869744	139
0.070274911740716	0.127506489787358	139
-0.120130980970654	0.230876559671332	139
0.089540616486564	0.116900894245641	51
0.017330507057264	0.201230649237225	51
0.035894703125052	0.146907134299512	51
0.066472859654425	0.130293554643781	883
-0.022296975520957	0.20122044773471	51
0.097314572879889	0.119307225789065	51
-0.096844109473173	0.260899338154384	51
-0.00732209396493699	0.208767709235701	51
-0.115396611043748	0.304151494604603	51
0.027916153557003	0.148786191536368	51
0.093165471862663	0.114313679513256	51
-0.074792527600843	0.271940195517559	51
0.039269245193301	0.752500936985352	117
0.045022003010412	0.606787571362935	117
-0.124388312315878	1.21343077938455	14
-0.073573026698335	0.588204725155811	14
0.017526914884126	0.346884837239215	14
-0.053423341518407	0.482310852963115	14
-0.060395022456527	0.471499587964675	14
-0.031778467138227	0.362862122129452	77
0.030503000102572	0.15340828165888	923
0.00237225397749499	0.19398604317696	923
0.096352273842031	0.138114011393471	923
-0.016980016837973	0.235330255376447	923
0.064798487236499	0.147426760810723	55
0.092887685639371	0.0634254487926179	713
0.014042341262844	0.131788860181636	41
-0.122441047136268	0.266888866900347	41
-0.04114057608971	0.151626843775602	70
-0.016900084301522	0.244003049951963	344
-0.064754785950578	0.251968402401889	31
-0.010514894405333	0.17778418127927	31
0.069780239634325	0.144265171681026	31
-0.039508995936797	0.149988458947545	226
-0.060805936264065	0.223049363194551	13
0.084670648687142	0.0691768460062868	276
0.020368983981195	0.143654447678985	98
-0.063688041008121	0.225437279193345	98
-0.035842981413083	0.218884498630626	558
0.022936040578764	0.126735407564073	558
0.039639031901871	0.142020579235264	558
-0.118129441899276	0.224488230622566	139
0.025002858925303	0.123674966548891	139
-0.015632226181902	0.174927084478361	139
-0.060699297094972	0.220616449078286	139
0.022104088327706	0.127371643200168	139
0.104261435097466	0.0874324058663243	51
0.068707482835354	0.107513788662522	51
-0.11251188741287	0.290256896331696	51
-0.00760258086025401	0.171835985168073	51
-0.074803904913809	0.272187071366934	51
0.093631102710183	0.113569287894409	51
0.018519724755983	0.157858859226533	51
0.013832861579289	0.132075551759658	51
0.019454844918629	0.132093096357099	51
0.100978262115584	0.252442297435369	14
0.123734644721111	0.164772644396011	77
0.097354074501233	0.136186820484123	117
0.10224739011229	0.171208662459419	77
0.057181833093303	0.216307120082621	77
0.019575530624493	0.297396300986241	461
0.085294899644175	0.183693124963522	461
0.093915563363301	0.155047612629488	461
-0.03946068704814	0.263202458433456	461
-0.018368676423853	0.266983806490018	461
-0.12216547616937	0.413138625203868	461
-0.01129503560498	0.291280067944017	923
-0.078477995684185	0.297078948191739	41
0.084842610673192	0.114699428878272	70
-0.054861349578267	0.278142324151848	70
-0.021283215338226	0.204254918191303	70
-0.002148483400427	0.215530140367784	70
-0.032969450055485	0.213157577034206	70
0.059160275834425	0.132658027762764	226
-0.00790783099329301	0.171789443938617	31
0.096432035108071	0.0641110657081929	31
0.030843092730171	0.185333168166099	226
-0.063113615218701	0.219075215940753	31
-0.04187510779468	0.267383398105918	226
0.064620065141437	0.149159789725949	226
0.107901643881374	0.0848378504505949	226
-0.035828049852843	0.214907943114167	226
-0.018296280651233	0.174485362514064	13
-0.015293915877224	0.178132300221245	13
-0.00835916598990599	0.170702077444292	98
-0.079174353216065	0.296806517243857	98
-0.063655821668328	0.295565083454369	558
-0.118545961327582	0.332949151148572	558
0.03185056540674	0.116700053283189	558
0.015086130262182	0.131802097909141	558
-0.034666801812777	0.0997029697152663	1116
-0.05371906856345	0.190702590849197	139
0.047698761065045	0.176065700724991	139
0.049053694431357	0.173705455944843	51
-0.10427026874971	0.314388304055292	51
-0.021262238855885	0.175964034986044	51
-0.040922599174835	0.155358534776642	51
-0.035547372194844	0.276108576240549	51
-0.068043686314731	0.202953967001447	51
-0.032678119106177	0.14799379484426	51
0.081528238430151	0.908236354038579	117
0.023692478973611	0.881879803866083	117
0.00436316360070799	0.819563917860839	117
-0.112606693801619	1.10754782750855	14
-0.07700589174622	0.907464723278435	14
-0.077372319801642	1.13006549046615	14
0.048431434410562	0.57190495011361	14
0.07992004351157	0.376726993838137	14
0.039076957109837	0.597800737126901	14
-0.054813278832567	0.465858567703227	14
0.080715287039251	0.150998839227925	117
0.12332614004075	0.0906929705380935	117
0.104801540145623	0.149755686778157	55
0.106253966412795	0.0892178083751491	55
-0.08798472654077	0.326160895384715	55
-0.021911397835108	0.301652338666679	41
0.118730049998211	0.097092964770582	41
0.112905465160598	0.0994360041974286	41
0.032609433484058	0.172480520309844	41
-0.077487892650626	0.317413119753259	70
0.064625713735416	0.192074395883193	70
0.110710015170955	0.0845747114048577	70
-0.066271364019075	0.207474712272632	226
-0.046917964244815	0.153280921854161	31
0.01244066331937	0.131665084760355	31
-0.107065915945796	0.160273839390303	31
-0.003359793670214	0.234822896598326	31
-0.072571310733394	0.272684993789607	31
-0.042112039128989	0.290961070443613	13
0.021899308673637	0.210802593215824	222
-0.079462304782498	0.318974561795152	13
-0.013096769047703	0.190492119846811	276
-0.070969279593765	0.241631236905626	98
-0.07928606372123	0.244908993711521	98
-0.037810424347377	0.237784896771877	98
0.069567947226087	0.104195926181757	98
-0.100634605308758	0.461997326178491	98
0.026998385657784	0.0867821277358564	1116
0.040085985671133	0.0796598453827803	139
0.101465066933483	0.121111000038064	139
-0.038282182108274	0.149452646093757	139
0.010789767035862	0.246575554059337	139
0.117037714910313	0.109785249697635	139
0.080784270106287	0.151279791552371	139
0.017676585071618	0.219709033507817	139
0.013063255402642	0.259145575813323	139
0.062481086477216	0.110482221262384	139
-0.114132857545055	0.264528843115229	139
-0.105829920531762	0.169382083769327	139
-0.020753340022106	0.245788346970008	139
-0.00869676774702799	0.174927798261278	51
-0.112404350294162	0.327953957414217	51
-0.084503908270927	0.358992557171791	51
0.076717926256501	0.114171149345231	51
0.10090345200044	0.0921797448548594	51
-0.036334661817441	0.10048957400549	51
-0.025093504141683	0.222390774251391	51
0.018438643158423	0.907500845623225	14
0.089398030085356	0.566537957491954	14
-0.064814407485581	1.39888949398826	14
0.051566562666911	0.299871175721124	14
-0.086712048903986	0.447647913617681	14
0.062384444236326	0.245925907554752	14
-0.037875860493015	0.407375926102992	14
-0.104024424266955	0.616421430416854	14
-0.046209756972683	0.377846139654359	117
0.075004969868251	0.196751300535392	461
-0.013236353641424	0.331165107761251	461
0.034590955275267	0.183252917085206	461
0.058570457137817	0.187807396071449	55
-0.117432177548032	0.177182878790613	41
0.075417866673346	0.148259785057304	41
-0.030232768632689	0.260648165800426	41
0.051023695606694	0.148532281690331	226
0.099187110188391	0.107977497333012	2113
-0.11459886681894	0.328612384981527	31
-0.113950692668896	0.176707297794156	31
-0.076869279080243	0.29691655368322	31
-0.116058034983805	0.221232613829828	226
0.083610011632228	0.117913953252973	226
-0.112118841249606	0.339731737325122	226
0.09350470335619	0.125156034328404	13
-0.036059144076533	0.151154308515643	13
0.099001518076054	0.119885993675491	222
0.11211554601221	0.0811557961201875	276
0.094605108841995	0.0650259267701459	98
-0.038003609048903	0.100132891438743	98
-0.042933595825919	0.296038835769207	98
0.01813130043784	0.220121035140297	98
-0.032145276391513	0.21705319120544	98
-0.072967112429282	0.293366698815825	2231
0.066251880785293	0.125643953958403	558
-0.020696591930796	0.178766519154089	1116
0.043486373098985	0.0736354994037705	139
0.086926422261134	0.132123271905989	139
-0.069688836677367	0.260636450756558	51
-0.030220273801937	0.255609413024715	51
0.064876267275444	0.128692595649942	51
0.087517174770742	0.11718037129251	51
-0.024775614085173	0.255626844745802	51
0.007815416195178	0.183864207909024	51
-0.011857983154999	1.40455737899397	14
-0.053689301083423	1.43327634340064	14
-0.047261979099236	1.17477910523934	14
-0.00247243348660797	0.701873321112518	14
0.07754135908054	0.186815673384901	14
0.111300627208069	0.137410405950366	14
-0.045979015773831	0.450891298943803	14
-0.047315520889782	0.319878340815762	117
-0.054213099022134	0.285643432118248	461
0.062896951452417	0.14977000092726	461
0.098058808616346	0.0920197625887234	461
0.031747629582172	0.0848483208395658	55
-0.037029569261021	0.212852195492843	923
-0.094022788696121	0.365502784256288	923
-0.01051186608234	0.282761684633251	55
-0.038520676212472	0.148881225242523	41
-0.116237077599973	0.263298783788557	41
-0.014938225287324	0.180822158691287	70
-0.083889805890506	0.292408167648697	226
-0.041968139454293	0.0965050431706499	226
0.000478477246270009	0.212156414760863	226
0.016508948952933	0.128429053320529	226
-0.115156230011746	0.173671815967364	13
-0.045380985853846	0.0982484663067579	13
0.08414286272994	0.116397984629445	222
-0.115613306499228	0.262079074503047	13
-0.107774390302124	0.155898155170532	222
0.091219255900665	0.066722169408396	98
0.041127032954942	0.0743984974147978	98
0.05787147876824	0.133888845489462	98
0.041179356637975	0.213621875721359	98
-0.068452483913841	0.260561315640919	558
-0.040831073210723	0.152870434535431	1116
0.019808607705287	0.12773462679489	139
-0.115270827095188	0.176045349901873	139
0.069434652996735	0.107359435311643	51
0.071010635370906	0.104141545129893	51
0.085594174853831	0.133774331646929	51
-0.114505611215801	0.302464293550128	51
-0.046704369198479	0.250997126018959	51
0.028191096298551	0.155279172801169	51
-0.123625711825814	0.175296826785865	51
0.032163098826359	1.06326887027477	14
0.00187415474122299	1.14252667583674	14
0.050207022385324	0.677299800957952	14
0.113637457427397	0.366013074489201	14
-0.091413909644164	0.505339314906623	14
-0.015145982028162	0.473300692286141	14
-0.095555792480972	0.707922444217545	14
0.034338654763394	0.362175823754042	14
0.047379119809886	0.259959867247368	117
0.077914025942264	0.179876753573017	461
-0.00801830942082199	0.251490304576907	461
0.117923082551294	0.0952149125117514	461
-0.034484314312499	0.0985437623557484	461
-0.048532018530832	0.149894482735458	923
-0.048803796880533	0.27454751991646	923
-0.084925818440189	0.428656381679462	923
-0.02392885757535	0.300587428525387	923
0.034505783541757	0.244373147628338	55
-0.03226996239096	0.0968292699610618	41
0.030858868918491	0.0832456220941683	41
-0.110450507270413	0.177690109107766	70
-0.036888952753567	0.099347238411251	41
0.023954213609705	0.122294902542403	70
-0.027570794198582	0.214353381607541	226
-0.010292962614729	0.171099181251097	31
0.020496601791815	0.131410681852503	31
0.121295305330577	0.0904675981272816	226
-0.000242490914145022	0.207187251852668	226
0.071274867562314	0.104082689175665	13
0.096432035108071	0.0641110657081929	222
0.096003656088802	0.111799928667645	98
0.018843937147965	0.175455149625752	558
-0.121052286822993	0.275179582052421	1116
-0.116206612273012	0.264820651602861	1116
-0.073205313027474	0.245350438891373	558
-0.023172728686181	0.201342747030825	139
-0.069569535699428	0.205955548427314	139
-0.035904537440923	0.149971053867276	139
-0.117784607112725	0.181191252970988	139
0.046858094823509	0.186670150107093	139
-0.040734087681503	0.149299084184645	139
0.031908685558656	0.151446359453038	139
0.020239613344718	0.217629362166057	51
0.079929404748048	0.134195427343771	51
0.038837898376356	0.159740400712651	51
0.027235447854807	0.207513480332911	51
-0.00831343184004302	0.220382760755824	51
-0.085303178508096	0.298949812333965	51
-0.115284131167355	0.372919584150637	51
-0.02919554704077	1.27514098492495	14
-0.08066178504189	1.43501648189318	14
0.023478405059825	0.317381556708705	14
-0.04013077542691	0.648670069300393	14
0.095002509172385	0.255878642801926	117
-0.015487992323296	0.226256627293827	77
0.037086116932841	0.0809812305827812	923
0.000261748019481006	0.212233950182772	923
-0.118326814810732	0.442403188181457	923
0.117085288425376	0.120387736973136	923
0.035398469744722	0.0808100953036609	41
-0.035221187230623	0.0996917527572204	41
-0.038282182108274	0.149452646093757	70
-0.073267937572688	0.237433026945914	41
0.089645088569364	0.0680799420359369	41
-0.044641826941259	0.0973398658330648	41
0.00569662157972101	0.209856942735393	70
0.040194401671008	0.197814666227963	344
0.01183317434368	0.270066891546458	344
-0.00200843569613102	0.192984760813031	31
0.019066944111121	0.174359545720587	31
0.073355978783441	0.140269844655966	31
0.026020742186523	0.082668768933574	31
-0.041834465526742	0.331497197472875	1128
0.034821046777471	0.0838903568248648	1128
0.013044208035312	0.178767465344251	222
-0.03861047511274	0.154935039302282	222
-0.079431276284937	0.275818869735665	222
-0.038003609048903	0.100132891438743	276
-0.032163848282381	0.274832773418368	98
0.054242258943905	0.136103237337565	98
-0.04123257702919	0.152159248474004	558
-0.116842307248421	0.227824675395066	462
0.032424309713706	0.150519703604551	1116
0.037752067285569	0.138003933523873	558
-0.069833740070505	0.240733960232774	139
0.091204957375064	0.0665244923209435	139
0.035954743729463	0.0832571614702204	139
-0.019112860836535	0.179168927613335	139
-0.115515570839912	0.182323978553707	51
-0.07600010699569	0.291311833446786	51
-0.050217418756016	0.301511157103177	51
0.106453554763668	0.0835709479606759	51
-0.074089343233948	0.30794330970155	51
-0.00507964405311101	0.163226022560522	51
-0.023115557101008	1.61140570062014	14
-0.088253035352021	0.382832812629538	461
-0.119792606042371	0.275894358522693	55
0.068729796464663	0.107945050099913	923
0.071518713348334	0.171939734382941	923
-0.068561558888385	0.38414985464511	923
-0.053169620757673	0.37858647579353	41
0.036333046017381	0.169958289226545	41
0.078274827239328	0.0681743294459036	41
0.030361676400167	0.0844616484120457	41
0.118038243908812	0.122457362025853	41
0.069006341517488	0.16175196724318	226
-0.032897793970674	0.300376492932994	226
-0.121076396212839	0.303099484914649	31
-0.123162798502495	0.23523443423999	1128
-0.069030532573851	0.281894765175665	222
0.091450595096504	0.122892860699311	222
0.025002858925303	0.123674966548891	98
0.017942091723251	0.125965638378422	98
0.071244476931395	0.12430770511718	98
0.115789637567383	0.0942674203263538	98
-0.062784834163608	0.245977049110896	462
-0.070536508232434	0.204798030176431	558
-0.038417010803193	0.246067095635988	558
0.033441473621578	0.0835093584105645	558
-0.035026439460484	0.263156432957968	139
0.102426208721345	0.149957177093572	139
0.058375368865998	0.112253623264321	139
0.097887469356972	0.120363562597041	51
-0.116601735137209	0.300977177389114	51
-0.01725143458524	0.179106190728066	51
0.070710643917425	0.143733977820677	51
0.090342174272304	0.116508809134814	51
0.120637915027461	0.122796840778634	51
0.114827326500162	0.109967371930594	51
-0.061544574020525	0.311254381219804	51
-0.080270746638329	0.349300228139684	51
-0.017818118828516	0.227654455876556	51
-0.05986396315881	0.300365527547785	51
0.030846402591164	0.467343588269387	14
0.104140755108304	0.194703295418148	117
-0.119634363481537	1.04258119661734	117
0.082436196331416	0.186658917287141	461
0.062650520311399	0.108679770064825	55
-0.015143917288209	0.311428715261823	923
0.024859128032525	0.23375662927497	75
-0.039347281110772	0.369596247553857	75
-0.111247298830333	0.334094365039007	41
-0.071526986926007	0.288223516964782	41
-0.054086584618936	0.299755294420016	41
0.036780053915423	0.0798657149562202	41
0.038709217483997	0.0819489753591244	41
0.033133251101823	0.084545409463104	41
-0.00850968258824702	0.172127838248843	41
0.102756547651493	0.13601221556585	70
0.090030868407556	0.0693206000865867	31
0.028574490179404	0.155651192568388	31
-0.032205514391081	0.286668246309094	31
-0.0280237007758	0.215756766294239	226
-0.119529576451176	0.233362353039891	1128
0.093447225133386	0.139240371786679	1128
0.058596415009117	0.142538790357648	222
-0.105829920531762	0.169382083769327	222
0.094210150681308	0.0664471867554923	222
-0.102938586347041	0.365942156900416	222
-0.12417754779537	0.237517222246361	151
-0.033373369385784	0.0962028074971388	98
0.026195714492819	0.0843318781499821	358
-0.041949673887983	0.0997020403248869	98
-0.061839265969447	0.207225712447557	462
-0.016026050834436	0.172609759049883	469
-0.00048349426272698	0.190428617056513	558
-0.00898951219535499	0.170347489557559	558
-0.079201556062942	0.27690100537374	558
-0.035842981413083	0.218884498630626	139
0.021702691277101	0.126915644744044	139
0.098411063718999	0.107005967685926	139
0.082579803488846	0.149149148217881	139
0.061453079456975	0.135209262890541	139
0.087202822720031	0.147224756384245	139
0.081274965658176	0.0700443890941612	139
0.095493057480555	0.121339852451984	51
0.019944925415399	0.227113701076826	51
0.040942428949758	0.19716490003312	51
0.121795885082899	0.0943723725974605	51
-0.107925158657232	0.373227147400601	51
-0.014953607671066	0.269260791102188	51
0.061870611421306	0.171631835769671	51
0.041137223789376	0.4512087755911	14
0.079053618369911	0.293658261064204	14
0.005719362673335	0.455716679117024	117
0.019663123066975	0.130463232897587	55
0.096432035108071	0.0641110657081929	55
-0.072315265482029	0.31928507187308	923
0.00563184190671101	0.266312565202405	923
0.120095078991632	0.104874563846193	75
-0.050103798351043	0.370245368036604	75
0.045407519378906	0.204696140583773	75
0.026998385657784	0.0867821277358564	41
0.059934163502423	0.111173495399204	70
0.103287153193064	0.0872130130302282	70
0.068012989874996	0.143882077054837	226
0.088848908573589	0.0696786937937549	31
-0.117021435743637	0.267436387415133	1128
0.111185939360955	0.0849481178431735	226
0.077201066210338	0.167199633076446	1128
0.124781330526979	0.090839410956283	1128
0.056099788670881	0.111124851206864	1128
0.019838809447687	0.198242427852065	1128
0.121782059036527	0.0937076098389972	226
-0.077589594558695	0.248188255104287	222
-0.055194545135107	0.296311778580414	222
0.090810661878553	0.0667523385946533	222
-0.031888903821783	0.0962298133777609	358
-0.045997448377711	0.153258203179753	98
0.036562245520525	0.216666053878521	98
0.04237365515569	0.214283536086006	98
-0.042547617653919	0.236360200292028	98
0.069234954743377	0.142369568086294	98
-0.077140243215024	0.275390255207297	98
0.092058032573572	0.127322370147211	98
0.102662415127332	0.0877357795640489	98
-0.113176252909163	0.294069563378286	462
0.102055448023648	0.0898787068701079	462
0.069434652996735	0.107359435311643	462
0.107463073079331	0.0859859558685667	462
0.015029882949124	0.181426525387526	558
-0.020465574945363	0.203645214562903	558
0.068991135127213	0.128670116469312	558
-0.066075449294458	0.199162922109304	139
0.062531575503384	0.130262958386749	139
-0.118257500189439	0.36955123665289	51
-0.064352558248549	0.208120922208503	139
-0.039479644142227	0.247336491422291	139
0.067516846890347	0.142654091065381	139
0.064186384416594	0.111422943915699	51
-0.012934231895979	0.179136368032391	51
0.089275334838086	0.116790034751072	1079
-0.020019914566126	0.270538682674422	51
-0.080040911137936	0.244307332340258	51
-0.074621682960828	0.271854439412718	51
0.011482459614214	0.181796620640578	865
-0.076801664992728	0.338343807776787	51
-0.071432938658104	0.245490563146687	51
-0.044812594032917	0.265373238716084	51
0.072223861920873	0.13804685393227	51
0.082533306561919	0.850492138900198	117
0.071972955614814	0.531713697123094	14
0.091166928774635	0.344826177868705	14
0.089564326934534	0.228742019992738	117
0.072964567153927	0.10377361787463	55
-0.055612431286191	0.196600265710058	70
0.0381850251875	0.163319407586042	41
0.014816435181435	0.157655456425774	41
0.065056538688943	0.176138309836743	41
0.040146142854273	0.19540657741783	344
0.124398255491403	0.103255408645942	344
-0.031327248705565	0.217245026058726	344
-0.065644116385005	0.255947189457012	226
-0.077383507301954	0.277049028223765	31
0.115334035950405	0.107266904218624	226
-0.00682545596926998	0.216541811767135	226
-0.119539125349154	0.405713883634784	1128
0.018171702030805	0.197257817262956	1128
-0.02119684301009	0.247965477333938	1128
-0.106766382371587	0.334033527868551	1128
-0.025005325812557	0.22054740625998	222
0.034427159601638	0.163845309177568	222
-0.023070214696002	0.197162951576142	222
-0.015423645619964	0.177806631964011	222
-0.040556937797569	0.147346229220803	151
0.082467045440829	0.0677200066412548	151
0.031747629582172	0.0848483208395658	151
-0.00591169317644502	0.170588210061028	358
-0.015911242026458	0.267177545985367	886
-0.00583228478682502	0.194314994062312	886
0.120659268427084	0.0938026318692397	98
-0.041686264721475	0.293949919881821	98
-0.074661184571978	0.241488262644405	98
0.019454844918629	0.132093096357099	98
-0.040734087681503	0.149299084184645	98
0.105800391958352	0.0891344505616082	558
0.015086130262182	0.131802097909141	469
-0.114048065654676	0.176623779893235	558
0.022034875198735	0.154388003696704	139
0.032883247237533	0.0836858719890332	139
0.068675685030203	0.12685486704262	51
-0.121047706217987	0.267898569051155	139
0.102985897575605	0.114961111415163	139
-0.040470154915135	0.245054167741211	51
-0.06636941544628	0.205816156222903	51
0.094942558795995	0.0922277598367309	51
-0.113718278365003	0.266822651391582	51
0.051372567540056	0.575707890125115	14
0.09677080105706	0.263072231035321	117
0.087611269071367	0.333172782474966	117
0.015394362302834	0.525625273234097	117
0.115633026600069	0.212388810007291	117
0.044742954894664	0.26360520890325	117
0.107444290936147	0.145385187795082	117
-0.020011886128594	0.322412257195253	117
0.057901596079371	0.204534545827632	55
0.040639748381383	0.16326096697214	55
-0.103717714442498	0.370357172837873	55
0.094706981557012	0.124165657593505	55
0.094852211277547	0.11315524203848	55
0.07280219864026	0.157797928879835	75
-0.075915657359573	0.346344663686507	41
0.056835910043487	0.135294629256497	41
0.065786878691702	0.140203074596788	70
-0.00431029199579003	0.194585908126254	41
-0.00156510682233701	0.232487781998046	41
0.025215299059439	0.124099681416739	70
0.095925045865206	0.124448446915451	70
-0.044589274845497	0.291423152191769	344
0.090821356184562	0.0674176342232614	226
0.028704675585451	0.152505868453675	31
-0.076351266807964	0.247451571284229	31
0.074619081359938	0.121016740105873	31
0.00271026038515901	0.233934443509121	226
0.023578083968054	0.128016152296584	1128
0.065881209365879	0.143947235420218	1128
0.034540541853473	0.148885714579641	222
0.034267011914175	0.0833813791673214	151
-0.114734246717967	0.169180837946433	358
-0.035924513503695	0.308943733538474	98
-0.121052286822993	0.275179582052421	886
0.069294241114713	0.124618458846999	886
-0.059195836109329	0.204233156307904	98
0.019467660345917	0.126429636912327	462
-0.116492330726771	0.172327667329313	558
-0.04437323299873	0.155346567683436	731
-0.121718844309875	0.178778600415411	731
0.068313392451557	0.10323574871865	139
-0.027701209380041	0.203501877655926	139
0.052817468795739	0.165534714958889	2330
-0.079823779823379	0.269638104435082	51
-0.00860625712646801	0.167959409688013	51
-0.027774100772882	0.212993852848411	51
0.017529625434906	0.127197013623173	51
0.11618705716307	0.0795587750765459	51
-0.018934375337451	0.182773769513315	51
0.051086618951545	0.164604945371731	51
0.066032959526155	0.106661509823914	94
0.045537647434526	1.0743582979334	14
0.066451363694547	0.767515030767166	14
0.055898209685095	0.701236079339786	14
-0.109801751431283	0.347760902422397	55
-0.03791021853328	0.303734463194755	55
0.080576691444831	0.151346304209229	75
0.094749891380299	0.110170446966289	923
-0.036217424734588	0.242659120896924	75
-0.109168490275864	0.323731867683428	41
0.069294241114713	0.124618458846999	70
0.087106110205141	0.131639649391616	70
-0.122289588161091	0.333758130172403	41
0.04705641788275	0.176877403964271	70
0.10656926989373	0.127461382140342	70
-0.052037692747771	0.278717159536051	70
-0.030302358266784	0.216121515358608	70
0.057351032654997	0.204163010697079	344
0.090677055959772	0.0668180968608843	226
0.077047387863776	0.149095900626822	31
0.107702279971736	0.129017499059053	31
0.055474265508636	0.173256197461257	31
0.049116884913054	0.175179247742972	31
-0.0287492885091	0.251004151298876	1128
0.00237225397749499	0.19398604317696	1128
0.107286658050112	0.128744340154422	1128
-0.113075083948515	0.327009012515103	1128
-0.010397856630516	0.177402796600759	1128
-0.016110557765999	0.175887285204433	222
-0.044049309462412	0.32651162923269	222
-0.113695530015204	0.330139155846432	222
-0.017531864178522	0.228014661444263	222
0.091941109855335	0.125908275228483	222
-0.068242336551089	0.281276424483339	222
0.108230101832437	0.0988607509536728	151
-0.034244076189566	0.150089538795664	151
-0.117248952675917	0.380661925995964	98
-0.089032412136127	0.323051411870959	151
0.103877546269249	0.11874322348577	886
-0.032821156918564	0.0988815735560713	886
-0.032821156918564	0.0988815735560713	886
-0.062434820360806	0.204337653582578	98
0.091854647509918	0.0677363470685039	98
0.086627369275071	0.068905671220185	675
0.064827744254637	0.130706673710547	139
-0.00187646112217099	0.216461803643383	731
0.061648187539437	0.148864262467984	139
-0.039956155485341	0.216226752242619	139
0.06238670007241	0.163848204209279	139
-0.043432150187017	0.249062846460183	51
-0.065942027791136	0.26155467175562	51
-0.010018241232725	0.222473403699972	51
-0.116330861854218	0.288792525321575	51
0.076125118073337	0.117913710169623	51
-0.10731596227358	0.171087175334703	51
-0.04329508425016	0.155082966389517	51
0.110376248550544	0.0843454581097847	51
0.097545447136151	0.14970662487497	51
0.095891836150156	0.120929767368406	94
0.099396085979041	0.997227934789164	117
0.017598370810446	1.39195197042638	14
0.041398934076145	0.989417133850586	14
0.049802926595896	0.17520452835041	55
-0.104858035564832	0.318434669225806	55
-0.118938516581488	0.628848948026454	55
-0.01804671884995	0.352475201887349	294
0.097517251221607	0.093549134687559	75
0.027476488232075	0.0760892891451973	923
0.068749093483208	0.104147104492239	75
0.001830763828744	0.291234933556085	70
0.092293980357716	0.112746955303163	70
-0.068220090816463	0.26582387016352	41
-0.072643681822027	0.292504061152898	41
0.057764986965892	0.207975695388816	70
-0.098178043651416	0.414285635535104	344
-0.044524492322549	0.154310614755688	344
0.063059816757459	0.130538586079169	226
-0.034666801812777	0.0997029697152663	31
0.035954743729463	0.0832571614702204	31
-0.083824059785236	0.396630459976663	31
0.062481086477216	0.110482221262384	31
0.00840916653267401	0.220676621876576	226
0.104547331002388	0.0865971436979987	1128
0.11377099701507	0.111650647660009	1128
0.099512909128388	0.0881891427469824	1128
-0.088442572050341	0.342037573533964	1128
0.095299461662615	0.111614258112989	1128
-0.057575073376725	0.342174811572522	222
-0.077333852559128	0.388874249403878	222
0.100044581564078	0.134782727786225	222
0.042308481118317	0.179584487571172	222
-0.0705319308374	0.289626355269402	151
0.078934167365157	0.170565157273491	358
-0.116532488510082	0.301468480638118	151
-0.121170109540723	0.44403649706096	151
0.034721265212262	0.169981353913645	139
-0.051008945326851	0.149776595104062	139
-0.036059144076533	0.151154308515643	731
0.071870998819227	0.21400118712483	731
-0.03438577564009	0.327217429679866	731
-0.053406362499131	0.358390377479292	731
0.065211334099698	0.144165149468649	731
-0.025355957667806	0.337246805525983	139
0.023370064025987	0.0850861587615147	51
-0.035781380202666	0.0977859364375766	51
-0.123098606895025	0.381452955249531	51
-0.027169683542536	0.138354060542859	51
0.024239549984652	0.0841611657108433	51
-0.11685831128534	0.173927095848271	51
0.118667726827924	0.155711595618453	55
0.058665030838945	0.267199269454558	55
0.038906329252219	0.308659008605248	55
0.114296349785347	0.155537464072686	55
-0.078612733439379	0.450909948319673	55
0.010204909575597	0.29441272288871	294
0.088575561761071	0.16400698221906	294
0.019240377422077	0.132040310778396	75
0.044174024542097	0.161286882388012	41
-0.059900649037365	0.298661245005509	41
0.065032984110066	0.132816501624639	1648
0.019845065702597	0.128649840308238	1648
0.070015899352494	0.105135086643203	70
-0.065691285702578	0.316884868047633	70
0.041788988333146	0.164479307930274	70
-0.041922520394301	0.360323926239891	70
-0.036334661817441	0.10048957400549	344
-0.039198647755743	0.254714250254091	226
0.053826096087953	0.111816817357541	31
-0.039227643118608	0.311819734778665	31
0.061372943679135	0.109353250899052	226
0.091213348018592	0.126109484858176	226
-0.092369552457245	0.299157834649149	1128
0.045133421449134	0.199032865150269	1128
0.081274965658176	0.0700443890941612	226
-0.045603228845749	0.154576444541454	222
0.041085201014534	0.198161482452436	222
0.02024391002878	0.128548336459331	151
0.080295178447222	0.16234509054028	151
-0.115947964742375	0.384254471817954	151
0.012464334594426	0.266377721841003	151
0.088845711175265	0.0684617037123641	151
-0.000664808371685977	0.258170470362493	151
-0.116092382488541	0.305753019861029	151
-0.033000027866874	0.0969845561461558	675
0.025423129690179	0.15419668169952	139
0.014646246719822	0.129442600423549	731
-0.023414171065608	0.298789468367235	731
-0.00856754781008301	0.279259413075539	139
-0.040844223800902	0.101660915739334	51
0.070610263551024	0.17555372996528	139
-0.009655499101895	0.174636017626351	139
0.085308469323779	0.0688018526493235	51
0.089633094677217	0.0679754700006138	51
0.027370210209116	0.083709427566622	51
-0.041078746481431	0.155644548885539	51
-0.123723654789771	0.175739623503187	865
0.037579243262677	0.0825751637182051	251
0.015245608169146	0.201880770846812	94
-0.074288243772347	0.272071653170747	94
-0.121928437740777	0.72460300748177	117
0.055703292995588	0.10084920726315	55
-0.057382370816275	0.48715238516619	55
0.106766072506474	0.153503382839451	55
-0.092572721997649	0.445206623293166	55
0.077153456424506	0.204984071962371	55
0.111927076227866	0.139869074158633	294
-0.1105512972724	0.176493818919201	75
-0.037373732604818	0.152378838120346	75
0.102823469650167	0.106032376216859	41
0.00360126701166599	0.187481561001602	1648
-0.067493350693427	0.203798196939489	1648
0.077627585365281	0.172871766727813	344
-0.034934469118937	0.0944173718215948	344
-0.038003609048903	0.100132891438743	344
0.00507643867558599	0.223743140866482	226
-0.102085910396445	0.303397394100421	31
-0.073420376798892	0.368947490753992	1128
0.025440614219229	0.124603812360923	1128
0.024886932913387	0.192072915633178	222
0.025215873809542	0.15800762950272	151
-0.041459669396087	0.287338679197468	151
-0.036334661817441	0.10048957400549	151
-0.045949637753264	0.0993208974835679	886
-0.035221187230623	0.0996917527572204	558
-0.033000027866874	0.0969845561461558	139
-0.067779879517758	0.198959982079743	139
-0.034666801812777	0.0997029697152663	51
0.098916317325344	0.105850537886408	51
0.036766481387644	0.080385952791209	139
0.061178866116888	0.130946918271649	51
-0.033000027866874	0.0969845561461558	865
0.111707926942646	0.264884149339544	117
-0.013688331450816	0.421371704601809	55
-0.119718290690835	0.413073608458603	55
0.00577014700717199	0.279913709621964	55
0.033163492226364	0.299595546875971	75
0.123904372082607	0.115261099930347	75
0.028231238858182	0.275881621016789	70
0.084018876214934	0.0661367316729492	344
0.026313390483298	0.224690785520403	344
0.094210150681308	0.0664471867554923	344
-0.00339706859281203	0.215520312171182	1128
0.089798195386771	0.159410872064985	1128
0.117288541555305	0.108746574467239	1128
-0.100257168755071	0.462320414996794	222
-0.07155670162592	0.433449869558776	151
-0.104707748936289	0.167113794985654	151
0.118452084018272	0.108922688969792	211
0.00721602652867001	0.24284448028229	151
-0.021982887819969	0.324367370638965	151
-0.080057109644929	0.437486687778652	731
-0.067192442211899	0.387541728107913	139
-0.024452677816649	0.318559708547556	51
0.076969361956999	0.134353017665966	51
0.060545833397786	0.132745817743262	51
0.054632914044794	0.13590905845447	51
0.093817290415218	0.0613227871773651	51
0.009723942203298	0.127439030381368	51
-0.078620940829923	0.277894536948141	94
-0.052520572599211	1.77503374751403	117
0.101253785505228	0.173182187903959	117
0.070456953664621	0.313786819387037	55
0.050305094299225	0.287563725862767	294
0.020851641458529	0.127987947587978	75
-0.038827421774153	0.146324612976437	75
-0.108099084102798	0.174383140358508	75
-0.036334661817441	0.10048957400549	294
0.114145746495747	0.11090406374427	75
0.042892443074583	0.18243958485795	1648
-0.01076658920771	0.316614409047511	70
0.093242718974554	0.191382747892062	70
0.023146004543877	0.127038669132095	344
-0.035221187230623	0.0996917527572204	344
0.086401939119983	0.20352196999635	226
-0.061548938240756	0.336012048787422	1128
0.090666060411475	0.139324027847448	1128
0.090026883780733	0.0686499958168626	226
0.045226701202844	0.238429786883029	222
0.024320295123694	0.305825612122348	128
-0.085504995727807	0.395024512043347	128
-0.041949673887983	0.0997020403248869	128
-0.019749425120837	0.266171193818666	151
0.084537047906334	0.129320320911849	151
-0.044549171803402	0.345294573791647	151
0.106373886154505	0.178358459723244	151
0.026748865775633	0.0864957094687745	151
-0.035622033279709	0.335083944702152	151
-0.00610772109912999	0.340281866134839	731
-0.060556195050411	0.336635907327503	731
-0.02751107028187	0.257481209016288	51
-0.045404145750388	0.250220716455939	51
-0.02117512046999	0.179271938602856	51
-0.033933232085005	0.09758760197118	51
0.069697126561934	0.105323158386714	51
0.043883070803366	0.179272628184557	51
0.085469650850059	0.0696226927657445	251
-0.035684416236491	0.0976644493235311	251
0.050516855791202	0.238212577114168	251
0.027020740335549	1.35167677121087	117
0.050385064948721	0.307153494664962	55
0.054080249506482	0.31150035776066	55
-0.04746157676219	0.486146820273444	294
0.12118637042815	0.163778505258238	294
0.097884222583876	0.192175958528448	294
0.123560120824075	0.152197854070406	294
0.021657599977097	0.214575746300377	294
0.071864715353698	0.154986939270106	294
-0.122009034725808	0.365207803479022	70
-0.039526281555421	0.216482199166497	41
0.032180861568465	0.18467561211056	344
0.008888207554583	0.131549659424232	1128
-0.043283810202036	0.218104594842488	1128
0.108561270681072	0.128844849565396	1128
0.108198672743039	0.085316821636903	1128
-0.116092723684327	0.300502936881161	1128
-0.040436928309697	0.149988841948428	1128
0.092393526874579	0.0664357746640747	222
0.073271066821653	0.102869448017998	128
-0.010323689929192	0.257673968079951	151
0.031097277583676	0.204877276356207	151
-0.066678281362499	0.231697973624813	151
-0.077829220784075	0.288916908717261	151
0.079584350122273	0.148055526880545	151
0.104643494979728	0.144999790827773	151
-0.079645516897812	0.458517434454072	151
-0.008234941485256	0.240985387705307	151
0.044315366902458	0.178209913454	151
0.033133251101823	0.084545409463104	151
-0.035781380202666	0.0977859364375766	337
0.037579243262677	0.0825751637182051	731
0.084055150272071	0.164475290121908	51
0.056677634392331	0.189977872012063	139
0.024189821190621	0.224222876420056	139
0.037332136589465	0.0829524662765178	51
-0.119385217707127	0.329479360817968	51
-0.116743837704877	0.178653450589112	51
0.040818786070603	0.169352017430955	51
0.033685038268665	0.0826909760795535	251
0.019495194957839	0.0830569979755458	251
-0.036334661817441	0.10048957400549	251
-0.112185537857601	0.372822172322122	251
0.116746351500474	0.232006729315483	117
0.065796413498175	0.225738852287231	55
0.094915687155581	0.272224757098895	55
0.010182911149607	0.405879363581716	55
0.092120918946674	0.244795388448285	55
0.050128148164728	0.325388209861989	55
-0.052108256502937	0.544586294629572	55
-0.048028942980728	0.448076256972821	294
-0.107024927292231	0.563674160236765	294
0.10591411395165	0.143021828634779	75
-0.022814169362062	0.24889025337561	1648
-0.119034344783649	0.306334132844518	1648
-0.07792223712521	0.241229196329593	1648
0.026293531346396	0.207688232819388	70
-0.119299317946529	0.305612381808562	344
0.067066186124051	0.175032291856368	344
0.014876658641803	0.131408888023018	344
0.020650730679918	0.152046313489108	344
0.082846634698908	0.150910789880142	344
-0.060965526283481	0.332153172127135	1128
0.047974350922944	0.174854148852916	1128
0.016967392213755	0.222664018678655	1128
0.010597471426078	0.229178212322271	1128
-0.042050511608185	0.301627815988606	1128
0.092135526051459	0.0941616689995196	1128
0.031655039936289	0.168900671129509	1128
-0.013622977664899	0.235731296388129	1128
-0.11851463573384	0.233203271102798	1128
-0.12222135635931	0.330552664957029	1128
-0.00310347139337203	0.234376227259952	222
0.107318059577233	0.0887402208904685	222
0.021371486495493	0.194139354308962	128
-0.038444960966871	0.0987462625586103	222
0.027288026451266	0.215345848478474	222
0.039381680229975	0.1625577690332	151
-0.035585196306687	0.213727857754506	151
-0.053912959207165	0.287461311383699	151
0.012180483411856	0.224124085977891	151
-0.06147045628764	0.34793571114792	151
-0.095755964686845	0.296119347230803	151
-0.033000027866874	0.0969845561461558	151
-0.030607766050953	0.0942679306222286	337
0.032883247237533	0.0836858719890332	1149
-0.041319002912548	0.259255005608914	139
-0.036334661817441	0.10048957400549	51
0.001655977669446	0.211291425382494	51
0.051020917106107	0.17027184603225	51
0.014751535968485	0.188222618057373	51
-0.121596739921405	0.326723612229997	51
0.086909207029886	0.113020833406374	51
-0.01895148156508	0.243674414601318	51
0.011669917688997	0.204897956952437	51
0.030631722546375	0.0846682819002339	51
0.112609461164523	0.100185228553501	51
0.107807130702201	0.0867810774772932	51
0.06883738231244	0.127366873376375	319
-0.065625275162802	0.209695153460418	251
-0.025961718687657	0.27681452176926	251
0.089645088569364	0.0680799420359369	94
0.052744123679896	0.327087150411091	55
0.00502786034872499	0.431802619001516	55
-0.093952375342158	0.683012808531917	294
-0.00345355217536297	0.42251515844441	294
0.086873868628829	0.240576417295189	294
0.114461158054495	0.106125818008103	294
0.04895777942643	0.200008974437317	294
0.051990597477139	0.164425162135772	75
-0.102528217096416	0.333781417879514	75
-0.123367549038111	0.308222822828214	1648
-0.078694624034102	0.200179887906791	1648
0.033134189541314	0.204558375521889	344
0.047841898441642	0.194415041269879	344
0.029093730771569	0.154372599155548	344
-0.060397362738932	0.374851825850354	344
-0.061494982208045	0.335714612504172	1128
-0.062891287228749	0.312684101942905	1128
0.056361048221011	0.182493035803093	1128
0.060143456940337	0.186680659988385	1128
-0.025537220834334	0.212751839170517	1128
0.010357647006491	0.228615347948011	1128
0.08858168420527	0.143586186864491	1128
0.073205850398568	0.133134362529108	1128
-0.114802265724843	0.407975239502942	1128
0.02244655597298	0.169833173801092	1128
0.04320423330389	0.212992976918859	1128
-0.072058745405791	0.238510668196971	128
0.096115119304463	0.120972760863706	211
-0.030607766050953	0.0942679306222286	151
0.034267011914175	0.0833813791673214	224
0.024827659473741	0.126943733231067	545
0.030631722546375	0.0846682819002339	341
-0.069534257178749	0.258411681282646	731
-0.085572435062643	0.390077164009949	731
-0.048167413608946	0.348741461426241	731
0.039030243588001	0.167532684674592	51
0.071551738481379	0.103432191758916	51
-0.075135883476142	0.245884916139278	51
0.088845711175265	0.0684617037123641	51
0.075696329361061	0.13689908639323	51
-0.078737232200069	0.293629905587647	251
-0.049972508138098	0.143518548603438	251
0.04823375058743	0.17548910621938	251
0.088491953446148	0.113616873218467	251
-0.111575745546715	0.177868923317431	251
0.097970133773659	0.0923052754004072	251
0.080729576630044	1.04436311563243	117
-0.017020965544491	1.68964120858759	117
0.081467291832005	0.473679038191476	55
0.090806605289307	0.303005654892835	55
-0.037054765923825	0.71591231425818	55
0.124296367451836	0.213137129319091	55
-0.033134670767492	0.560045347965989	55
0.10500306408909	0.13154221419653	55
-0.001326134843256	0.253376364403068	75
0.084188597225976	0.187006943889663	294
0.012997994854329	0.131063752834908	294
-0.121759934863114	0.415097292625735	1648
0.097241200989498	0.13577182969486	344
-0.033898016495957	0.305855795599148	344
-0.077266250728573	0.26178188528589	344
0.034709687723021	0.149972264107439	344
0.016129362374571	0.131133989323224	70
-0.107160628083617	0.369346998358683	70
-0.114506561065967	0.263432819084595	1128
-0.079839578538327	0.32041890928134	1128
-0.059314690604089	0.307503292573082	1128
-0.039275805326276	0.241479649382433	1128
-0.107814012423772	0.321146430105597	1128
0.094404622582827	0.126734366480602	1128
-0.042860889330421	0.249540685185483	1128
-0.113974324819432	0.298515237594054	128
0.124536173642832	0.0921806165827103	128
-0.122241442173125	0.223447406868512	128
-0.115015308728155	0.356684812408751	128
0.06284901066931	0.131393241101903	128
-0.123806224858085	0.238958044831211	211
-0.00563183835860198	0.217355548501837	886
0.090510431099113	0.111841192587026	886
-0.121226297351472	0.307851030897112	151
0.029945710252024	0.169122891260293	151
-0.005991701063223	0.165938898612899	224
-0.124043471346969	0.237221667079005	341
0.060629420843694	0.133763146467794	177
-0.117885908363832	0.181539308233536	731
0.06732175454483	0.129415235083816	51
0.099569956830718	0.0904559102522234	51
0.084984809541842	0.126428661445482	51
-0.075667308968983	0.271844626900848	51
0.065264061477256	0.131303788100856	319
-0.119132791710815	0.381553859946677	251
0.109107532698173	0.0842191629791647	94
0.047908989422805	1.08724932101596	117
0.029429879134458	0.390124305076986	55
-0.013560778587707	0.53982167890198	55
-0.043262197611839	0.617425926695	906
0.119717481252449	0.122263448966144	55
0.044285240995022	0.238581792994229	55
0.091701194176728	0.174391470670089	55
-0.12479083967186	0.54836741759714	294
0.090323539292793	0.152186654829136	75
-0.078207570849575	0.374056851636931	294
0.117140762458037	0.145053390447072	294
-0.074489820682821	0.24134544499025	294
0.059804649206171	0.184890388294319	1648
0.061841488116482	0.132170667660409	344
0.089045992959982	0.14400296004937	344
-0.031679217238274	0.206245585425392	344
-0.116959994928134	0.356222525233526	344
0.020880714209656	0.197021956781522	344
-0.04712473089586	0.146110818317212	344
-0.032821156918564	0.0988815735560713	70
-0.074056135715724	0.245535176458444	70
0.033093033050189	0.149988353379746	70
-0.124315906917415	0.230931785837812	1128
0.090848875965586	0.0651681857600843	543
-0.043265756902527	0.295337864109371	1128
-0.068327509529934	0.239561898197646	1128
0.028219316484539	0.155616104903093	1128
-0.030509410340022	0.216560834624802	1128
0.066375989348406	0.129027532971915	1128
-0.023245501337304	0.237627921362253	128
0.034477771469707	0.187747494409881	222
-0.05546354336933	0.193838452216661	128
-0.122007808336084	0.233170483367389	128
-0.064902454485765	0.204942011062095	222
-0.06372542524056	0.230923317324954	222
-0.033840573821021	0.145796674596219	211
0.037113233094503	0.164085527287072	151
0.029506477293678	0.0858373609288333	341
0.036200303569454	0.0835865372794923	337
-0.044524492322549	0.154310614755688	337
-0.114622043458936	0.171956064174454	341
-0.00633470226790001	0.172590555609192	341
0.028127826835431	0.0866066223589225	333
0.031064151415727	0.149732573162525	177
-0.110164670584527	0.248480906218955	51
-0.06495256259925	0.23331337843038	51
0.032821657645034	0.183192507326911	51
-0.120515749767334	0.2367744762059	51
0.100433192416193	0.106724856198333	51
-0.066146444135751	0.282301908046409	51
0.066467544803636	0.108490952111699	319
0.123251978442172	0.0933487010245266	251
-0.122410850894994	0.274079319617871	251
0.06135852025849	1.16436454240249	117
0.119034093923036	0.205744874175363	55
0.112631530118947	0.291960896274687	55
0.07684982322382	0.279317465133799	55
-0.022691180556844	0.419570843209417	55
0.095077204905706	0.205032474486295	55
-0.027454722180583	0.391215668600163	55
0.035532783296074	0.270268436631459	55
-0.093773850314712	0.55194989752919	294
0.059931694156787	0.241658420812479	294
0.027426960674165	0.227131125913982	294
-0.035497183296027	0.256637554112976	294
-0.115415379661482	0.330210469123436	1648
-0.113527153608237	0.324277110265727	1648
0.11776342585726	0.0952072550072028	1648
-0.00172697994947302	0.235766951226151	1648
0.103731363593372	0.131442862395231	1648
0.046363190343325	0.194196948434619	344
0.097027528356205	0.136363431766536	344
-0.078361035843794	0.269394507039037	344
0.034026600034034	0.241991316830688	344
0.056583958771967	0.200475981424009	1128
0.102035835538875	0.0890489069489495	1128
0.111097224208853	0.126635715204543	543
-0.063828573402252	0.220029356074826	1128
-0.019671721548614	0.180824103182241	128
-0.091091830916796	0.334292765200645	128
0.00585099666439301	0.185141850481944	222
-0.075866022257252	0.239671897211454	211
0.042542575341579	0.163126601738924	151
-0.010242106002568	0.243470728082821	151
0.030954127329924	0.0849130701263498	151
-0.112978500048559	0.221404392627972	151
0.035645218034596	0.0797204818685667	341
-0.111315033325266	0.218195681140121	545
-0.043616633641534	0.0999802149630228	341
-0.031888903821783	0.0962298133777609	341
-0.036243974908356	0.0976634706791572	333
-0.11857356894882	0.307348061210542	731
0.061910973299594	0.112284362515607	177
-0.064098957986054	0.232705204262102	177
0.107554633910526	0.117661256153932	51
-0.066068878454196	0.199006931629028	51
-0.022615730312427	0.20541904207154	51
-0.027138502065832	0.21440334609071	51
-0.048024192528552	0.29927069305462	177
0.060255862885637	0.132575987473562	51
0.100063413414519	0.092432362135546	51
-0.064219433615675	0.258389851783581	51
0.118563067727205	0.0954373911270759	94
-0.066580808581876	0.236045535436502	94
-0.056009446585966	0.810564609592804	55
-0.013274147734588	0.359246828780996	906
-0.12195217582168	0.389050223350286	55
0.023108015155167	0.380588514435905	294
0.124634352269897	0.146366194272323	294
0.079935164844985	0.215916698061036	294
0.028730104284718	0.299439311151276	294
0.057813011136521	0.108394893736849	70
0.043923524577786	0.194990812001691	344
0.048159261171708	0.194256024493986	344
-0.053694120831319	0.335714271479286	344
0.084250140611316	0.163655681489672	344
-0.02619267697372	0.255486587634306	1128
-0.063050826842352	0.310535363183474	128
-0.00589071409988301	0.224747316623621	128
-0.041405672757444	0.101142567173792	211
0.04002530638445	0.197815089585088	151
0.115888334959494	0.109093809938557	151
0.054125800588175	0.108753875698974	151
0.038461644295732	0.080673971622883	224
-0.064015618198571	0.20206092114704	341
0.109819092379208	0.0831949729747254	341
-0.01402880516236	0.190309975049556	1149
0.013225406847147	0.132404538045735	333
0.102528641775801	0.0906990539775441	177
-0.082964538400699	0.27342214171264	51
0.014806093211756	0.183070589971883	51
-0.016976846743957	0.265119274969699	94
-0.112020849360715	0.172152079057564	94
-0.008094704190027	1.38920224722046	55
-0.115659337174207	1.69083033966113	55
-0.096039407166658	1.10149693697695	55
-0.025668564675681	0.686281918629944	55
-0.00371858779040901	0.691037475673456	55
0.076329757087107	0.462862595015141	55
-0.087522424323055	0.471976523149765	55
0.038957450139047	0.202253092161192	55
0.089096183994667	0.144110431009622	55
-0.015079184115858	0.407404681492609	294
-0.061056579321916	0.503196749336748	294
0.0747147410975	0.210605028100769	294
0.104318836740484	0.177982870074697	294
-0.124136734447996	0.646344745783789	294
0.057116853302877	0.267431946555805	294
-0.111032623578928	0.60269771888934	294
-0.00901168104551298	0.37197142949989	294
-0.074973230786433	0.297134666911448	294
0.031747629582172	0.0848483208395658	294
-0.029013731624932	0.246912126431441	1648
-0.028477702725119	0.212158588860943	70
0.025617547461625	0.0866724066444074	70
0.035574540571708	0.207362046500403	344
0.103937364747645	0.0903882696618933	344
0.082231145123219	0.146735459221901	1128
0.019276014748731	0.127784167172742	1128
0.085458594030296	0.0704861106918886	1128
-0.120932276251658	0.390654093369239	1128
-0.044003584272093	0.149895211487729	1128
0.100776469949575	0.0875786770656154	1128
0.090245787612462	0.130068742998988	1128
-0.090667759764663	0.35719345687599	226
0.072135980430286	0.141374499215491	128
0.058677961371398	0.110530552987379	222
0.035065169335812	0.0820746547568553	211
0.026787705438851	0.155713804506692	1062
-0.020666780856444	0.178815518029342	1062
0.020885498636295	0.127537611090674	341
0.02787786330142	0.0853279547917187	51
-0.021314045072836	0.245764693417468	51
-0.027317112076248	0.203003325224824	177
-0.045079762710665	0.150188296242049	51
0.027879907035242	0.151496764645446	51
0.027790532483232	0.190130137420092	51
0.060369958142076	0.131390424242463	51
-0.121168517907527	0.264327482327054	51
0.050823574797472	0.876270802441314	55
-0.004047516770955	0.990514498237582	55
0.017105666413926	0.176795813950126	55
-0.043232040332215	0.268865182531377	55
0.069498944555464	0.125135245351715	294
0.095506364259579	0.23519878691664	294
-0.117108511318494	0.655225329872619	294
0.044280569601918	0.278674665057305	294
0.031675067995737	0.336095839893513	294
-0.000335796187664994	0.365113105924494	294
-0.116364438920262	0.381734659045155	294
0.10612981169669	0.0849304964689453	294
-0.03864030739062	0.0977108457752417	75
0.117216737591652	0.116897940767281	344
0.107735830082402	0.130649120198669	70
-0.012405403570905	0.177853913669425	1128
-0.035490699305524	0.0943819627118705	1128
-0.120038153813922	0.179022808330083	1128
-0.085253072351302	0.320907602892044	226
-0.073595101938999	0.264721618811169	128
-0.097790586086198	0.386988636983888	151
0.033133251101823	0.084545409463104	151
0.070415853067852	0.141722725775701	151
0.049625562109508	0.165799119997691	151
-0.075585791387085	0.291019397805684	151
-0.02947898258832	0.216239900072299	224
-0.010214217794612	0.171439038720395	341
-0.033006409671972	0.14822007055335	341
-0.037450417018744	0.0985460555820956	51
0.058211326936756	0.110533816432266	51
0.022375108330796	0.158525265647101	51
0.022936040578764	0.126735407564073	51
-0.097722014628515	0.351282232898598	177
0.00949717982609599	0.130662481581255	177
0.109035868976696	0.13124040196358	51
0.072984917018636	0.155870773141499	51
-0.030755899451911	0.217007716349806	51
0.101252156841254	0.103911345345804	51
0.019535220506546	0.155237946248285	251
0.028890408039819	0.155402540529456	94
-0.018218108113018	0.820543504111198	55
-0.026701707829431	0.289120917204511	55
0.069035977732911	0.198178324994801	55
-0.03393049210247	0.21636659080169	294
-0.067871880783124	0.665688185936941	294
0.123284199835808	0.199308828136491	294
0.034145710033054	0.337659014724409	294
-0.11057241612872	0.57533979964728	294
-0.034666801812777	0.0997029697152663	294
-0.000634134905361017	0.156328793372676	70
0.091219255900665	0.066722169408396	70
-0.039179528953552	0.0992222010404019	70
-0.014556629334732	0.26425212118337	344
-0.091605440401085	0.35675069273018	344
0.090138625351957	0.154212191103848	70
0.045227611695442	0.189409141066189	70
-0.12091229047468	0.231983673384661	70
-0.016347243908908	0.296158236035679	70
-0.038246102297804	0.236389683399957	1128
0.093026087204313	0.0665899724954097	1128
0.031758819280666	0.147424430360803	1128
-0.051460714811335	0.095983081168771	1128
0.064514581501963	0.106937778302039	1128
-0.065387109150317	0.200762039557811	1128
0.116735505079939	0.110680672825745	70
-0.119052254683009	0.27112819850845	70
0.059026121563756	0.166933750251709	226
0.017580850263399	0.200318205216315	128
0.056537358175628	0.108788334941472	128
-0.119217564922506	0.320113860071508	128
-0.012160638597775	0.180090950457659	128
0.094099900164739	0.109760396390386	128
0.015313841953891	0.130942104030362	226
-0.040832461410127	0.245968603081263	128
0.00137679024703	0.255584170508137	128
-0.115691938629613	0.358187622094794	151
0.018592280696961	0.175685086620422	151
0.033990701557135	0.149648350269178	341
0.102108086913081	0.105789882923092	224
-0.120084901616517	0.271330177013134	224
0.02963339416375	0.191970817152051	224
-0.109164812359108	0.292111909350145	224
0.053822313372403	0.149455353929819	224
-0.044214233565387	0.242889069039384	224
0.103005467466766	0.0903554990019117	341
0.026078828747882	0.124724875609578	341
-0.034113433725632	0.0952093668407896	177
-0.028752673190078	0.0925546551709775	51
-0.019671721548614	0.180824103182241	51
0.091582098960629	0.115680410875127	51
-0.01874001814987	0.292151765796928	51
-0.00226351580922302	0.221177957155845	177
0.072009898224635	0.141379336635301	177
0.067215209780434	0.12865199579754	51
0.096970995163219	0.110144409886027	51
-0.040573806908624	0.290708255323167	51
0.08721883503668	0.130188673478217	51
0.022614035198564	0.196572795963655	51
-0.037534538502611	0.15467277640721	51
0.100571714395346	0.0915803361893532	51
-0.064937996146883	0.259256581424563	51
0.014587205525463	0.201171456867905	51
0.100552323638345	0.130973475418103	412
0.123620241569517	0.101253818124113	412
0.072675359058786	0.526759500969423	55
0.025475843645943	0.421099675987209	906
0.02286289858387	0.222637727407309	55
0.075790526326284	0.217146232412628	294
-0.054139235219799	0.553080586367992	294
0.098392954250566	0.22273173121765	294
-0.041405672757444	0.101142567173792	294
-0.109426332601734	0.174046207244927	75
-0.099198927637983	0.385139108127536	1648
0.01244066331937	0.131665084760355	70
0.113776857937352	0.108831323727828	344
-0.107216852939449	0.343920646311358	344
-0.080307445316166	0.376658438809446	344
0.072996271575101	0.103124855470659	1128
0.105578518569075	0.0878282805256856	1128
-0.019934970241983	0.178578634604583	1128
-0.032068667316441	0.0930327073121425	1128
0.030163008126024	0.152116009160261	70
-0.018595465634616	0.199481867959457	128
-0.051923272146611	0.274912384419019	128
-0.124024807743282	0.22026811081608	222
-0.031711399386998	0.0964972843217709	151
-0.037230856679771	0.24413981435346	151
-0.118093708159957	0.228463732225231	341
-0.02699005059701	0.208356273367723	224
-0.068127096554274	0.239442454820854	341
0.121024891330186	0.0944338802661053	341
0.013689819582018	0.130581843560532	341
0.090821356184562	0.0674176342232614	341
0.059733531546283	0.131514706540519	341
-0.00399595209665399	0.216639834381482	51
0.07922036478486	0.134124627019482	177
-0.03070998027059	0.228806155526389	177
-0.016433634188645	0.172846860941186	177
0.026861550452239	0.122917989077318	51
0.013564792938664	0.183735070431047	251
-0.083727898523262	0.275023961425093	251
0.033133251101823	0.084545409463104	835
0.058755051295171	0.72162221599286	55
0.055701215647922	0.69688200856806	55
-0.017775112314193	1.01137037002991	55
0.089525512341359	0.18100840982284	55
0.076674184583996	0.210099844638833	55
-0.00746324397669201	0.43077053015081	294
-0.00899008299495901	0.416081194425142	294
-0.06005252320566	0.514834548182923	294
0.034459216377651	0.205430310693577	294
0.01861914078934	0.129722651649591	294
0.067171747205781	0.103664066913423	344
-0.010957655295204	0.242563597131718	344
0.059119438997147	0.184343422790878	70
0.065708520026993	0.148079423394975	1128
0.10207413125223	0.152436831328251	1128
-0.040844223800902	0.101660915739334	1128
-0.105304469388327	0.15450262261326	1128
0.046869386511417	0.16022712533459	70
-0.117965951314473	0.270407550199695	70
0.077264208452642	0.0974542802269915	226
0.024042070166558	0.0811972002421161	128
-0.045769628747938	0.218614319986146	128
-0.066978081334668	0.263790063123316	128
-0.039020350066625	0.240901082348451	222
-0.113850950494166	0.17416901412382	165
-0.074425575855396	0.246419706232218	151
-0.118612383583613	0.221194350004625	151
-0.00723372471538503	0.161438302517013	151
-0.121150217725647	0.230540497070175	341
0.019820806836826	0.126013895531826	341
-0.006900165826977	0.169600466586883	341
-0.079989375696614	0.245624182085816	177
-0.025723591561794	0.206760526578488	51
0.061297557543842	0.128307118166895	51
0.072922766122644	0.122767973079418	177
-0.110096598428024	0.291041756847157	177
-0.116606167028767	0.22713426284542	51
-0.113703477891792	0.329405564667582	51
-0.017601653168347	0.223688670802793	51
0.068725422561792	0.123698424286728	51
-0.006152207287629	0.210370476730271	412
0.039082514182452	0.143386553944248	412
-0.109709700222065	0.294171061708626	412
0.087678262217677	0.117566009443633	251
0.093032346403046	0.067448723057753	835
-0.040396470696208	1.37071660502954	55
0.003735487129849	0.989597273906412	55
-0.065832929205732	0.39117678939201	55
-0.025662202300976	0.35446325735901	55
-0.023759414222308	0.45762017139364	294
0.00920092556152399	0.311998572699602	294
0.039673871576901	0.245540488868323	294
0.038274341364458	0.168400525176956	75
-0.107203890220466	0.168753894379891	294
-0.109124416590493	0.365577325818234	1648
-0.030302358266784	0.216121515358608	1648
-0.021944901756536	0.275313787532014	1648
0.067839259686953	0.155635698266735	344
-0.036775809525314	0.242166511510368	344
-0.101887163533161	0.372089446774078	70
-0.015171009835382	0.173224069600153	70
0.01942165736085	0.219113453617563	1128
-0.066657012904851	0.202800293082238	1128
0.036200303569454	0.0835865372794923	1128
0.027249027083795	0.0844998473523929	1128
0.017105666413926	0.176795813950126	1128
0.085981782823659	0.114946999810104	70
0.043456458451307	0.181333473739593	226
-0.122203331233079	0.310759752860603	226
-0.044602694544616	0.151895090934783	128
0.032135296481899	0.183969016343575	128
-0.032821156918564	0.0988815735560713	222
-0.120239509800884	0.18169644609744	151
-0.045380985853846	0.0982484663067579	151
0.087278299254596	0.0687080658224371	151
0.032115631235277	0.146704679120199	151
0.062621305147526	0.150176679563553	151
0.019954152914889	0.157420880041303	151
-0.122535405205114	0.22723526603828	341
0.070423079446653	0.105898912684248	341
0.012259879853623	0.182878064767918	341
0.024827659473741	0.126943733231067	341
-0.117500085976507	0.23185117604862	177
0.096826845235082	0.0617152072868524	177
0.030322271068429	0.153775834697279	51
-0.112065051624653	0.326879664063028	51
-0.00852028536234101	0.217270960517269	177
-0.078150251206465	0.244378424489357	177
0.068988522239812	0.10720924948451	51
0.090752704474658	0.0909228830629899	51
-0.072047640079145	0.205439396861534	51
-0.021405788476836	0.203794690583541	51
0.055844484959162	0.110703174748615	51
0.067505975943848	0.105138458325543	412
0.034038427916644	0.0810473908471871	835
-0.033933232085005	0.09758760197118	835
-0.076692884767584	1.80054133747011	55
-0.094858227870795	1.42672663862582	55
-0.077299418993649	0.803544007288535	55
0.101930962973723	0.277659002755449	55
0.104895938555209	0.265020326766375	55
0.023417714603039	0.443465799390232	55
0.113215832421276	0.198039567039599	55
0.076452710469622	0.240507219592879	55
-0.080778621807861	0.633352109980828	294
0.024682782324308	0.151811850213973	75
-0.119899858275668	0.231165317865895	75
0.093778705169253	0.125439325513855	1648
0.067339127431893	0.14463013139219	344
0.066246364037944	0.131488798490894	70
-0.034983087613038	0.150507137730227	70
0.05072095446262	0.170858404593852	1128
-0.117307352609873	0.301764828033943	1128
-0.063416829001218	0.208216905985775	1128
0.090139167149457	0.128716877484235	70
0.026699115320442	0.186337321523786	70
0.117118774465536	0.0788551568906601	70
0.013274706408066	0.168935115551051	128
0.022191347115852	0.168754673515774	128
0.062201423676207	0.11162880010586	222
-0.068881979813955	0.194422320860007	222
0.025440614219229	0.124603812360923	165
0.064874772274461	0.144202745820675	151
0.061306656911789	0.13378252253188	151
0.085469650850059	0.0696226927657445	341
-0.041768272360646	0.0974789672557957	341
0.083106020548938	0.069414178066151	341
0.088068180063078	0.0657151940782527	341
0.070003657843561	0.106466253369562	341
-0.076363038345095	0.247705450226278	341
-0.010084679608127	0.174005744184737	177
0.09330707402586	0.0937969335284797	177
-0.117790843593149	0.273571392437742	177
-0.062147793287111	0.20810214419853	177
-0.00664380450969199	0.169902049660636	51
-0.111795311543299	0.25909730521679	51
0.095955671673814	0.0910700844976143	177
-0.037114216090238	0.146754908168858	177
0.118865197852184	0.102950398865522	51
-0.029954548752718	0.20596889429228	177
-0.114276591793801	0.256011117720893	51
0.094329020905779	0.111946731520154	51
0.09256882525728	0.106374200541671	51
-0.108958983479095	0.211784595419002	51
-0.024132570360922	0.205084096892524	51
-0.124004372982758	0.227349116625899	51
0.086825969746595	0.140813522405167	51
-0.012076043989331	0.17083267565402	51
0.110254634941952	0.0855406940826241	51
0.017734617965571	0.127242500258968	251
0.086309889487905	0.969415140768347	55
0.105211891667118	0.641882815133847	55
0.072056538362923	0.68772531543031	55
0.023135261384625	0.494227558232221	55
-0.101708055634385	0.594392049086056	55
-0.082335501837982	0.571176267392662	55
-0.074285494991891	0.243447555816085	344
-0.031886944326717	0.213669938393804	344
-0.032499109709655	0.286728245883262	344
0.083975455341332	0.117771203684083	344
-0.080328512820814	0.274312091802247	344
-0.019528185474767	0.181282106369753	70
-0.076663845758991	0.242531987809039	1128
0.018804209190961	0.128985743410096	1128
0.093165471862663	0.114313679513256	1128
0.063228808947265	0.131418608408774	70
0.103934290371693	0.0865133637273466	1139
0.067160003664504	0.130493913360754	226
-0.021405788476836	0.203794690583541	128
0.060963207099306	0.129453802845091	222
0.081916990809013	0.0697661171045141	222
-0.068950878654644	0.199359707740265	165
-0.079109229710805	0.239728032906437	151
0.00293106533022	0.185177937203445	151
0.028378908086965	0.0860146778006772	165
0.093026087204313	0.0665899724954097	341
0.097613418784874	0.0635698377985418	341
-0.117885908363832	0.181539308233536	341
-0.11891110380594	0.18077343603372	341
-0.071587750011467	0.244677701896576	341
-0.061486673128325	0.192265608011682	177
0.016283173812982	0.126542477761218	51
0.028428452117939	0.167518501595067	51
-0.060686705154001	0.222001342391307	51
-0.073624478638532	0.238868061087234	177
0.012180543829152	0.131939994168386	51
-0.063121475743576	0.200041433443338	51
-0.062703953786196	0.253180876199681	51
0.101374292779662	0.631394890863342	55
0.089959897079588	0.549261849747862	55
0.101259700424098	0.460424481262035	55
-0.012709806111757	0.754038199328262	55
0.052563626129278	0.423808795759837	55
-0.010104290271145	0.550354739444149	55
0.056115173820208	0.327389768185528	55
-0.00383053470922701	0.331123011148696	75
0.090499915580059	0.199882213367991	75
0.090678435360489	0.141303682214951	75
0.068297034371149	0.105891432057788	75
0.060862709038954	0.134835504157715	70
0.03016648373755	0.164702231391424	70
-0.049854494029609	0.275966694206462	344
-0.044105369172682	0.246270681691041	344
-0.120395646022084	0.345062847682683	70
-0.033236739354437	0.237854165972875	70
0.016689057453109	0.203654655083104	70
-0.077053490407602	0.243269902858177	70
-0.041672287279872	0.257688540404699	1128
0.065481766600569	0.1317055591669	1128
0.116605196119505	0.108027706884749	70
0.0421983305234	0.201320468732069	70
-0.071135271090921	0.241544955535934	1128
-0.022227973452404	0.251079494515147	70
0.123877732406404	0.0918845055265943	70
0.103655304848803	0.0883521729237124	1139
-0.000263789976255979	0.212422431104713	1139
-0.115748023850002	0.218762012318032	128
0.039308732490347	0.167020564300868	128
-0.037790280135662	0.147911412029906	165
0.094226252835513	0.0661305133209542	165
-0.047075462497648	0.154043661181276	341
-0.030959153023269	0.0927082896123313	341
-0.034666801812777	0.0997029697152663	341
-0.077493870858659	0.19711451210482	341
-0.033169762927186	0.14892608196591	341
0.123552988787371	0.0767927978316134	341
0.11514759390739	0.0795729539941506	177
0.00536419934701801	0.192236204231213	177
0.093165471862663	0.114313679513256	177
-0.056361738079942	0.196976751433984	51
-0.060440636240725	0.203858173828887	51
-0.06264332360635	0.256537586801683	51
-0.112802334709266	0.316856502832922	51
0.099725058326832	0.0933130288363847	94
-0.069818636189122	0.236709185219924	835
0.065446538182463	0.108709325197143	94
-0.108853175604407	1.4658686917567	55
0.059406724447402	0.491610763022357	55
0.025837616963407	0.37844655357212	55
0.098439355107891	0.22940708387147	55
-0.067418855204803	0.54380916182359	55
0.055458483951976	0.298666793137913	55
0.00728331024971099	0.222444784676946	1648
0.107318059577233	0.0887402208904685	344
-0.047799266088484	0.271566389817408	70
0.059213336312097	0.18603479069969	70
-0.031079482545517	0.25326911091982	70
0.069760640912175	0.154647490946517	70
0.069898840636629	0.126849569115659	70
0.063736329083792	0.13183078348152	70
0.096576995561895	0.0648653927500094	1128
0.104601622820247	0.103305659860903	226
-0.107041119833812	0.206066980054457	128
-0.110347339665975	0.175766077187402	128
0.057369343174662	0.136690723728496	151
0.069717950763789	0.107567133462506	165
-0.039508995936797	0.149988458947545	151
0.105800391958352	0.0891344505616082	151
0.094605108841995	0.0650259267701459	341
-0.03226996239096	0.0968292699610618	600
0.023119100855344	0.0852611612353138	341
-0.103480412264192	0.166188395642647	341
-0.109304487454313	0.168154782922087	341
-0.034666801812777	0.0997029697152663	51
0.122881259615527	0.0903257243114654	177
-0.060281418168469	0.199309416325357	51
-0.057796894203749	0.194021732156498	51
-0.065311827659212	0.208337837868126	94
0.118225442989906	0.48680406384921	55
-0.024876399387013	1.35079794167448	55
-0.061436046712507	1.21637577408351	55
0.11098286402991	0.395461479856885	55
0.043490872165157	0.296718156585349	55
0.091181977632344	0.256980188603932	55
-0.00716255597677701	0.260301375040982	75
0.114562799895095	0.126003149261279	70
0.029827093190349	0.0855443837267312	344
0.03092183615313	0.0808744989700415	344
-0.069534201666015	0.227240410301388	1128
-0.034484314312499	0.0985437623557484	1128
-0.039944226155108	0.145841290879996	1128
0.088204302473853	0.06648034388642	1128
0.021532643102494	0.198274408571241	70
0.109185083198148	0.087136325394703	226
-0.01093851004299	0.175309968412114	226
0.021864206411331	0.158579544689601	128
-0.03226996239096	0.0968292699610618	128
-0.123154668861004	0.227911130439915	128
0.037332136589465	0.0829524662765178	128
0.034821046777471	0.0838903568248648	222
0.030609722602038	0.08503352403686	222
-0.080845811217206	0.245340173032647	151
0.030609722602038	0.08503352403686	151
0.094343401393951	0.093388701930587	341
0.018572999666577	0.126303585968005	177
0.035650449353322	0.0823857333644256	51
-0.064098957986054	0.232705204262102	177
-0.121290132893405	0.235729203272845	250
0.085449611535287	0.0701654696624501	51
-0.117624022090362	0.225281197344105	51
0.055937253720312	0.135680079449665	51
-0.038023992162108	0.149222067938101	94
0.030858868918491	0.0832456220941683	94
0.059400739834141	0.927949044553845	55
-0.09444030939806	1.70122298708458	55
0.059993745013831	0.279653240701537	75
-0.060521179440458	0.299708078054695	75
0.043010426029604	0.15964181751291	70
0.093315756397075	0.136588859679118	70
0.116284305998016	0.0965787093988172	70
0.090359051961436	0.136059696281461	70
-0.00299563585409401	0.217269172596536	1128
0.123836810576334	0.0928825563053823	1139
-0.122274328651507	0.305798199929382	1139
0.088820494285518	0.115919960573469	226
-0.118532296170748	0.274783198394439	1437
0.093032346403046	0.067448723057753	128
0.090821356184562	0.0674176342232614	128
0.016129362374571	0.131133989323224	128
-0.040844223800902	0.101660915739334	165
0.044215591547646	0.15722035237486	165
0.060711032086477	0.134833185104781	151
-0.070490122062632	0.260735105208615	165
-0.00269718762298499	0.191170788103514	151
-0.013173391338616	0.175796854028175	151
-0.113319145801918	0.218460007930322	341
0.096787241959374	0.0930771780348237	341
-0.045246191862994	0.150920084751973	341
0.028574490179404	0.155651192568388	51
-0.076683948907461	0.243725397644182	51
-0.110563674955562	0.295015291308074	177
-0.012894805639852	0.174057482770443	1045
-0.018516434845617	0.179657921965428	1045
0.118389852768507	0.0942725336376196	177
0.023843667902039	0.152547941022622	51
-0.032427526626373	0.140810902994823	51
0.058668799558955	0.110623785677383	51
-0.036804181820358	0.216731106608328	51
0.043774158998992	0.162993675700523	51
0.027041915213656	0.188629583403765	51
0.088765866934651	0.129177448058629	51
0.116996677178947	0.0957567573821982	51
0.037579243262677	0.0825751637182051	75
-0.108639666491017	0.313294128777125	70
-0.120644772410079	0.448527357303448	70
0.054354419406142	0.106191915557491	204
0.094217174489699	0.0668846672946918	1128
-0.121790579824517	0.331417531132166	1139
0.120993727863453	0.0924544272524351	226
0.017368660639189	0.131294995357539	226
-0.04437323299873	0.155346567683436	128
-0.037849178789899	0.151849860543598	128
-0.031159069703148	0.0981044391984633	165
-0.04224268234029	0.278007884818923	151
0.071385275372349	0.154658670712269	151
0.099331147796612	0.106330828715096	165
-0.036551701930829	0.239235746188829	165
-0.08288257762954	0.270707340489441	151
-0.036617676774983	0.152213825612064	341
-0.069458897284434	0.235650400481758	341
-0.124630652893819	0.225471488113963	341
-0.124790400143104	0.234141860539885	298
0.091854647509918	0.0677363470685039	298
-0.036977988908244	0.0954693967476338	51
0.036200303569454	0.0835865372794923	51
0.107135138149261	0.117993977364339	51
0.094218887345592	0.107998831971803	1045
-0.06797928069986	0.260141638600846	51
0.063312454009902	0.142559855736535	51
0.122969313527737	0.0914039848003528	51
-0.00141392762856202	0.161863551580047	94
-0.098444974604536	0.335478830243863	51
-0.121290132893405	0.235729203272845	75
-0.08025509588735	0.355346254052178	70
-0.123717329542711	0.277237950503146	70
-0.050459274107836	0.283735228043211	70
-0.035482151174347	0.280485994737982	70
-0.037343287652806	0.100052395781568	344
-0.111482735888202	0.353901159408282	344
0.112762140029644	0.108608530828102	344
0.093345601277917	0.113881771101945	70
0.120110257425382	0.107135655808479	204
-0.019928762961793	0.246137577920731	1128
0.073541532158184	0.137435963552203	1128
0.062247162045074	0.165301584966508	1128
0.030678289070651	0.15361811410984	1128
0.104382285847644	0.0908412864918794	70
-0.063110108442604	0.208807506320601	1128
0.080564727870305	0.13042317186241	1128
0.096576995561895	0.0648653927500094	70
0.044974003164785	0.162149774762157	1139
-0.030458809903857	0.242474415655028	1139
-0.038417010803193	0.246067095635988	1437
0.065889464033335	0.108876024833747	1437
0.026471247761832	0.123066575646059	165
-0.044762529648897	0.152724687533105	165
0.111528178845918	0.0848098144306877	341
0.028127826835431	0.0866066223589225	298
-0.029647684805814	0.204863593567395	51
-0.023470486799036	0.199823406976943	51
-0.00761941941802902	0.173677883774204	51
-0.109093471130526	0.311267254918047	51
0.061320604552182	0.134179815628105	51
0.103823727305576	0.102334060189779	51
-0.07319312944996	0.245548979629702	94
0.111848859723257	0.100029182102664	51
0.088204302473853	0.06648034388642	51
-0.113262904216863	0.635605703646561	75
0.105996382008604	0.132377634075071	70
-0.025653934742966	0.269176166504402	344
0.081250467382446	0.135088777047835	70
0.088468934070634	0.0681505287957826	204
-0.076907151348864	0.275124718701944	204
-0.038534547894205	0.139859268251346	204
-0.114413287945849	0.291607322827741	70
0.028127826835431	0.0866066223589225	1437
0.036200303569454	0.0835865372794923	1437
-0.110632170556677	0.322233604037038	1437
-0.062453924811297	0.206510526537733	165
-0.053169735358903	0.193511384039637	341
-0.123801953134595	0.22869675572045	341
-0.064205826580125	0.196265293807716	341
0.050532758462545	0.136860659057509	341
-0.031888903821783	0.0962298133777609	341
-0.063416829001218	0.208216905985775	341
-0.051928837111817	0.149823688489444	341
0.016562161268172	0.131432445874432	177
-0.123704096292614	0.301037039278892	298
-0.122164999492254	0.169202842665515	298
0.07308483406136	0.122965220143489	51
-0.07543040895395	0.295607042108319	1045
0.124299981277179	0.0928744796895471	1045
-0.065312046385245	0.250260199894787	51
0.102174427016527	0.0918867994182428	51
0.023318399620026	0.155123130193436	51
0.062808723619685	0.10706843419638	51
0.06363316897958	0.127412922827919	51
0.089040846264883	0.130769331994256	51
0.067741338739118	0.107803491265076	51
-0.111912399174983	0.174521614223826	51
-0.108324165647813	0.169500000350473	51
0.107399477837533	0.263259780239263	55
0.107656236240634	0.167180626772217	75
-0.07294184909615	0.550263755896256	75
0.023282886011001	0.256755888035656	75
0.012777514991578	0.365133128552798	75
0.068667527849823	0.200376891255935	75
-0.052811801026924	0.322776227157345	70
0.019560862276895	0.192848282841779	70
-0.11509241491659	0.353623622428359	70
0.069209187760553	0.128536304329457	344
0.10090345200044	0.0921797448548594	344
0.115934671337337	0.106056833947408	344
-0.043263538323439	0.268072186366452	344
-0.100071537189246	0.416331191583587	204
-0.026462341900293	0.318976466633466	204
0.029759114008335	0.0838078012751067	204
0.113515997026209	0.0813444086146781	70
0.107845826547853	0.115449898635582	70
-0.018683323724898	0.24864115725336	70
-0.098789035883024	0.388098017515882	70
0.092736648469672	0.0935039943786819	1437
0.00534879998210999	0.228135892172937	1437
-0.121322414341046	0.26722836493662	399
-0.12139733653422	0.311230719239206	128
0.043462945531423	0.159668916678829	128
0.073950932990902	0.101679022717337	128
0.067174841594187	0.108030731820904	128
0.035693921155478	0.170190244369332	165
0.107746587445278	0.114212095690236	151
-0.063952572091337	0.232381271365879	151
-0.03085955347856	0.144912484998139	165
0.033133251101823	0.084545409463104	341
-0.037343287652806	0.100052395781568	341
0.032571845101236	0.0848849970120097	341
-0.044762529648897	0.152724687533105	341
-0.040844223800902	0.101660915739334	298
-0.076331249636317	0.271734190082681	177
-0.12214843930246	0.231208696910583	51
-0.023368386492151	0.207172103023225	51
-0.122059801455192	0.276700140523353	51
-0.00531886936471898	0.217154902952227	51
-0.014614350644995	0.178012131814934	51
-0.023692625409578	0.203374539820388	51
-0.121382412001424	0.229447931220007	51
-0.032821156918564	0.0988815735560713	51
-0.045752173367347	0.150961387290571	51
-0.113718278365003	0.266822651391582	51
0.073342396438732	0.122196732468672	51
0.042136176661858	0.172137967904929	51
0.117017575929347	0.0786116133342549	51
0.032247319962743	0.152742752317949	51
-0.067925971895171	0.203726054466613	51
0.102695725993998	0.157432966059344	75
0.119592328176204	0.107696657020965	70
-0.011249929189446	0.179041958237382	70
0.096429444168555	0.063674280759672	70
0.042094898401277	0.172908604963385	344
0.062422405744865	0.129685085761479	344
-0.065177248658278	0.204041562117568	204
-0.00646590701663602	0.169780509213593	70
0.101390713851541	0.0906664702850198	1437
-0.00790783099329301	0.171789443938617	1437
0.093427045619638	0.0658936152661343	1437
-0.088216910006025	0.302163559273187	399
0.063302956930642	0.103992046072521	399
-0.033933232085005	0.09758760197118	399
0.094605108841995	0.0650259267701459	165
-0.035071629121164	0.143385723258914	165
-0.021446374663483	0.198333463603295	151
-0.119012691520472	0.182343680456661	151
0.090030868407556	0.0693206000865867	165
0.032008193254151	0.0825104649056222	341
0.082451622506956	0.0693950704717008	341
-0.11856133290223	0.175199406987205	341
-0.112824044354316	0.175515859885757	341
0.033695112568591	0.0842527587055829	341
0.083628380706142	0.0681982588955052	177
0.062453322475359	0.107505035142603	298
-0.035875118143439	0.146563718527	298
0.078933601886875	0.0964555798704817	298
0.063607153386476	0.108618869618169	1045
-0.076776422234339	0.203635375110655	1045
-0.054422826674939	0.19556976871277	1045
-0.034059956544731	0.14631240265746	51
-0.11711205040128	0.224778631080738	51
0.088848908573589	0.0696786937937549	51
-0.114305598503767	0.175452615189229	51
0.095849842324109	0.0930426726665839	51
0.026621393639213	0.150773046333061	51
0.06802517544264	0.106795657569766	51
0.070565854709207	0.0999997526846418	51
0.084271961247091	0.0708414880188827	51
-0.033752998201687	0.149437185581366	51
0.103522197913891	0.626489902966895	55
0.018218976301362	0.769242687255569	55
0.097871594745761	0.408432695836154	55
0.045744447812852	0.198872465614458	70
-0.060440636240725	0.203858173828887	70
0.113198608813705	0.0999391210477295	344
0.066432337117799	0.147930141106332	204
-0.118571442076845	0.331717082285475	70
0.072001734204116	0.103546542505285	70
-0.011747159387769	0.223882840599411	70
-0.118635249319279	0.227403382070259	1437
-0.016993058414894	0.180483384934758	399
-0.01087119072909	0.17554236595054	399
-0.01184374486206	0.174377137740515	151
-0.00907447817000401	0.175206779160486	165
-0.033006409671972	0.14822007055335	341
0.024483920511909	0.0851579907468306	177
0.025440614219229	0.124603812360923	177
0.103287131967016	0.0865624889032233	298
0.069020723816928	0.106192462862779	298
-0.027575905421862	0.139031197325615	177
0.022058672071791	0.156794133131515	51
0.020028275806587	0.125851797495395	51
0.105111496035529	0.0894556265821481	51
-0.030693870296687	0.142744046021827	51
0.110521043018816	0.081601269628225	51
-0.049804571670223	0.0973794940097657	51
0.061564954856541	0.130260326581177	51
0.081862544231858	0.15002698960496	70
0.015974934521731	0.202681506216822	344
-0.067914806951166	0.316505779678845	204
0.092640026318907	0.0610978707261857	204
0.069057042802135	0.12400388351776	204
-0.042135219997542	0.249447350054314	70
-0.011824368491358	0.224731169620681	1128
0.061698478413602	0.134471008765679	1128
-0.048511240948223	0.277153906021316	70
-0.044122432559348	0.26886936898987	70
0.057625691517937	0.149838064670729	359
-0.036883688186622	0.234808044336357	399
0.065348777086846	0.12892534206438	165
-0.034983087613038	0.150507137730227	165
0.025862556062562	0.0830636205125575	341
0.034821046777471	0.0838903568248648	341
-0.032068667316441	0.0930327073121425	341
-0.034484314312499	0.0985437623557484	177
0.105212701878815	0.102223149554075	298
-0.072316363731327	0.269551979487802	298
-0.070187113969242	0.237389136741402	298
0.089980400501804	0.116057444017478	298
0.066926894122761	0.127707480645246	298
-0.117537581110539	0.264142977963662	177
-0.007555735096405	0.171155327940303	177
-0.013426520639803	0.181067001686311	1045
-0.072956922231474	0.261221017621865	1045
-0.076319551322639	0.234503696061382	177
0.098754200141488	0.109980825668797	51
0.066329866645868	0.146509309502089	51
-0.06087781566036	0.206523622767666	51
-0.113718278365003	0.266822651391582	51
-0.113460095244909	0.365080062118246	51
0.095393786795018	0.0658895182215375	51
-0.117784607112725	0.181191252970988	51
-0.105913143517199	0.305412382792971	51
-0.012934231895979	0.179136368032391	51
0.00234424912200601	1.56267451994179	55
0.10970976855654	0.135579580705429	204
-0.120250294111319	0.416693399581943	70
0.095515894995081	0.125625205698556	70
0.05484526982424	0.185189291664175	1128
0.116644977149852	0.118086176804946	70
-0.030961484068783	0.259694499627026	70
-0.041812325564828	0.149927648018727	70
-0.108842864728585	0.360540563569641	359
0.017529625434906	0.127197013623173	399
0.123135398743613	0.117759634497783	399
-0.036589724387222	0.0947047350810355	399
0.016038603450224	0.149789800907442	439
-0.063196469826589	0.282310651296898	439
-0.122565040469186	0.304991732188371	439
-0.038415857623792	0.281772452117832	439
0.089645088569364	0.0680799420359369	165
0.117419388334066	0.121813091325201	165
-0.031159069703148	0.0981044391984633	298
-0.034352872750674	0.264405314326094	298
0.025862556062562	0.0830636205125575	1045
-0.038444960966871	0.0987462625586103	1045
0.115163658042092	0.078799381012077	1045
-0.09794322289251	0.391032419114238	1045
-0.01738190081825	0.177302113039017	51
-0.116759679199717	0.179344000079687	51
-0.060802806396373	0.202757470864023	51
0.022610831136559	0.120441984531932	51
-0.042156457514264	0.154968881544382	51
-0.039179528953552	0.0992222010404019	51
0.036632754243032	0.163712550379301	1419
-0.12497247786634	0.448605135568263	70
-0.06629079689377	0.252557748848715	70
0.036042281408336	0.248042393587645	70
-0.11333360840021	0.472190035998538	344
0.089053635715347	0.206149899857386	344
-0.02629248637912	0.353143266000376	344
-0.054605806145785	0.370949192842879	70
-0.009847982679623	0.256622440088293	70
-0.08086463333451	0.275197685011631	70
-0.121572409943484	0.389277215783587	70
0.021827420521122	0.195754171276044	70
-0.03176700062639	0.143829176155231	70
0.035645218034596	0.0797204818685667	70
0.015872593967702	0.0812483881078011	70
0.095201122631684	0.122517119538946	399
-0.066717376191474	0.238367924961616	399
0.100063413414519	0.092432362135546	439
0.080555365341329	0.130775513698268	439
-0.010090251487594	0.266880808512618	439
-0.035490699305524	0.0943819627118705	341
-0.044288305436767	0.0975293715241797	341
-0.040844223800902	0.101660915739334	298
-0.106200691432081	0.318479037173217	298
0.112313152818828	0.159896440335203	298
-0.00121011320627301	0.256814778955309	298
-0.080732119682346	0.30531234126944	298
-0.031159069703148	0.0981044391984633	1045
0.101268450184516	0.0883539705128171	1045
0.040009674290724	0.165517117955303	177
0.072412498421838	0.141429907008736	51
-0.04330664609894	0.249922946181599	51
-0.032821156918564	0.0988815735560713	51
-0.114828088667362	0.277322565909025	51
-0.115175544360744	0.177824561589628	51
-0.071322519851185	0.208306445430825	51
-0.113438031692328	0.357722979687154	51
-0.00705476203205402	0.165560740152772	1419
0.014198992293894	0.321242010335792	69
-0.036777002645831	0.613731033895561	69
0.100729362385534	0.104254108336774	70
-0.054733991202549	0.350343537529477	344
0.08797676038436	0.162268976979049	344
0.099331023486283	0.090549829503835	344
-0.074109990031604	0.283617276968909	70
0.069382818921326	0.176517475000793	70
0.090810661878553	0.0667523385946533	70
-0.065625275162802	0.209695153460418	359
-0.106791049992637	0.376398070236123	359
0.118422146687388	0.120548085626959	359
-0.010032847494455	0.317356772456541	399
-0.034113433725632	0.0952093668407896	399
-0.123448995042494	0.275868248927519	399
0.034118954513417	0.145052828443588	439
0.016495099769046	0.199315309839398	439
-0.091608790875929	0.337485518079929	439
-0.040069705095234	0.151140455452075	165
0.030072123688587	0.084402575819922	177
0.033384338727619	0.0837178281943874	298
0.050319950156736	0.136474009575067	298
-0.093502042681499	0.415268410306586	298
-0.044849379645737	0.373715832331328	298
-0.057599854495614	0.301038635657499	298
0.034518540255033	0.0835298070606415	177
0.023097101982116	0.157186957104377	1045
-0.071062309459777	0.34493131096575	177
-0.058883865360503	0.204210549599248	51
0.062711080252283	0.149696926395584	51
-0.116095055490452	0.224110333551786	51
0.034518540255033	0.0835298070606415	51
0.029469538367795	0.0835500430961918	51
-0.040303690539138	0.0979933554871614	51
-0.046535412902057	0.268582793328715	51
-0.068767255038929	0.36773504503788	51
0.062078069647067	0.650886670285957	55
0.120779502676166	0.1410060077128	69
-0.098983186886663	0.371568790907586	70
-0.012092038414979	0.282632702750677	344
0.124154377324593	0.128601164843854	344
-0.00177894103606102	0.305916105343527	344
-0.124700033773235	0.272706003634367	344
-0.111003285953624	0.408424061561838	204
-0.101691650905275	0.299151478002536	70
-0.03704886898623	0.276329743096392	70
-0.079107895588579	0.27543887444849	70
0.059082803366257	0.179569874565843	359
0.036479912926426	0.247684653436041	399
0.034267011914175	0.0833813791673214	399
0.124870426627476	0.115352872693767	399
-0.083286475967705	0.358580951469159	439
0.123592354785975	0.0995475231412788	439
-0.00744911470593901	0.210740388239311	439
-0.06450494160108	0.315775089271506	439
0.081963031478242	0.135504263738312	165
0.030884816399309	0.0836242271300612	215
0.069006892968563	0.143320446799515	298
0.081269096004483	0.0694401102038381	177
-0.076428551192324	0.271129310187453	51
-0.110030919513328	0.255446562869584	51
-0.121532162863503	0.238164096373079	531
0.025228172536769	0.124566814217739	51
-0.014915660761421	2.38175137058526	55
0.111697148654201	0.42430473058925	55
0.102966533646583	0.48977620775112	55
0.097310488768378	0.508243179146765	55
0.094429193787388	0.402238171964525	55
-0.035023817343415	0.356906714519152	69
0.107860212794656	0.222391094996155	69
0.095877876149355	0.192260225900113	70
0.041549555493041	0.219405385481581	70
0.120312644937281	0.106987453596104	70
0.040493446095437	0.166955655615823	70
0.018379162541004	0.262394298861125	70
0.00813060564288401	0.275835401744353	344
-0.045532741421736	0.287329754848573	204
0.056118198983576	0.202174709005303	204
-0.037343287652806	0.100052395781568	204
-0.045140371966063	0.0975725579035453	204
-0.120593353997572	0.17709703779627	70
-0.077177026214023	0.300661633979813	733
0.079502401205008	0.0959056568973232	733
-0.052756548089156	0.30249453632121	70
-0.116743837704877	0.178653450589112	439
0.024173725553671	0.123880873011358	439
0.08466849280963	0.0689395035840925	359
-0.055443122335381	0.298189754325669	359
0.063882029386563	0.181016608505863	359
0.021203793000957	0.19643335347476	399
0.00580271256134901	0.188285124175487	399
-0.114507399099198	0.16991960555658	399
-0.068016309699438	0.234981611828983	439
0.067231388621987	0.143705540134881	439
-0.01886030538277	0.289147815761901	439
-0.067331041879639	0.342542223531802	439
-0.047749329252873	0.243837790002621	165
0.01426983947719	0.132072954073636	165
-0.120140029095817	0.181916583854437	341
0.032927070603173	0.150835781338993	177
-0.051771906196761	0.294663364128719	177
-0.016756900223772	0.183107068354191	177
-0.032821156918564	0.0988815735560713	177
-0.00790783099329301	0.171789443938617	177
0.00120199970403501	0.252319760439695	51
-0.042549024694588	0.154691611573152	51
-0.058763502908759	0.197515224782691	531
-0.02629515299112	0.206816639274988	51
0.08608722179876	0.0688440974591837	184
0.033863788154862	0.147526291040726	51
-0.037343287652806	0.100052395781568	51
0.110005405341029	0.115411500761351	51
-0.102068953953856	2.3089638766493	55
-0.048279451897296	0.34805297346729	75
0.025558546033839	0.252008077122024	75
0.025202304458384	0.246023033979768	69
0.04290581831587	0.246447358757126	69
-0.060261336261011	0.517982013094984	69
0.045744447812852	0.198872465614458	70
-0.078614771061691	0.297843878106193	70
-0.024755751752894	0.398553691853834	70
-0.054010410844531	0.344345074199827	70
-0.047043521028116	0.100061325242159	204
0.022854784022539	0.222319718591355	204
0.037579243262677	0.0825751637182051	70
-0.011975754703854	0.298098375401631	70
-0.113850950494166	0.17416901412382	733
-0.103444375765533	0.382077876281402	733
-0.062027418337367	0.20105466933676	733
0.047646662716029	0.171779832946285	70
-0.095831404780091	0.342143439017699	70
-0.039003215206477	0.100328574963044	439
-0.106998071955149	0.34247280173402	399
0.023133053528359	0.123354298827376	399
-0.045661237763916	0.330302379423462	399
0.035900382370646	0.186024605181274	165
-0.045174733717879	0.271576323661902	439
0.107676362123837	0.116065001115085	439
-0.033110056205307	0.240623135636517	439
-0.033000027866874	0.0969845561461558	165
-0.032096038704308	0.146712113203409	215
0.107318059577233	0.0887402208904685	177
0.060477280772436	0.110448824256465	177
0.067420186990425	0.105444137909799	177
-0.033933232085005	0.09758760197118	177
-0.039179528953552	0.0992222010404019	51
0.075917679587115	0.0686257249326289	51
-0.029858549981137	0.224936459653759	51
-0.058241267024234	0.191106221761975	51
0.062900023602571	0.11160826379656	531
-0.038003609048903	0.100132891438743	51
0.042242186940659	0.195233752093463	51
-0.106952639802941	0.17052562438826	51
-0.04329508425016	0.155082966389517	51
0.084670648687142	0.0691768460062868	51
0.103611047209275	0.876184636149315	55
0.014241958577301	1.65077540116309	55
0.04918203794661	0.783763818376811	55
-0.118189223771691	0.907568811990973	69
-0.116584743332751	0.42430082248711	70
0.044804081466039	0.160990702934124	70
-0.124154526348843	0.493117004754422	70
-0.080938218659663	0.434713097461648	70
0.066419155940448	0.219900329841231	70
-0.030458289411396	0.145050705158105	70
-0.02808405186838	0.207231566161346	204
-0.011249929189446	0.179041958237382	204
-0.116759679199717	0.179344000079687	70
0.017441127731321	0.199738738195497	733
-0.124148467261567	0.220205376877847	733
0.094217174489699	0.0668846672946918	733
-0.108457989188498	0.167346791995177	70
0.058434166270354	0.135344811448532	70
-0.045246191862994	0.150920084751973	70
-0.078198955767556	0.298304150498229	70
0.026469772524669	0.156275072227606	439
0.113716823094763	0.109291383654451	165
-0.115748195322847	0.305522168320395	165
-0.065717965695697	0.238642486254682	439
-0.123699116375005	0.366015712674284	439
0.070445813203143	0.104069701025461	439
0.029506477293678	0.0858373609288333	439
0.09905425100005	0.0919508154372015	439
0.000634890797713006	0.159146206915622	298
-0.044672998379321	0.285505928026721	298
-0.120239509800884	0.18169644609744	177
-0.039120545354252	0.0982326823496038	51
-0.042840978306551	0.295377956808208	51
0.082350504589557	0.134861143665478	51
-0.008644363829724	0.170530141351074	51
0.107026825375534	0.129966513115009	51
-0.120696694786723	0.291909071519718	51
-0.119455973176182	0.175316360235929	51
-0.00494353607842402	1.82655878751715	55
0.109662320330499	0.138420353663939	69
-0.012255739420427	0.364983788261113	69
0.049902913364345	0.26714098566095	69
0.041134687247429	0.37027165647618	69
0.123621464962765	0.129758263119661	70
-0.00846793447502497	0.292114173535001	70
0.030033024066901	0.233190173317428	70
0.002460636471186	0.272207903427767	70
-0.044451329993641	0.242198942985298	70
-0.105240031200476	0.394372028810305	70
-0.058210584563295	0.377940769280192	70
-0.094003184037821	0.365235350587521	70
-0.105522298647395	0.401174017488921	70
-0.110394451668305	0.286013356624781	70
0.095905569993414	0.124317570764336	204
-0.075604171928436	0.283100561589414	204
-0.062176669141453	0.23184855465623	70
-0.053694194689033	0.251117982950711	70
0.068643905000315	0.188609205471037	70
-0.06636941544628	0.205816156222903	733
-0.116759679199717	0.179344000079687	733
0.056159200296173	0.136343549773552	70
0.120130938086149	0.0923420935361988	70
0.073981121392318	0.102743753557712	70
-0.000826612811634986	0.210244596163639	359
0.092810336454982	0.114191472571671	399
0.072612642287722	0.14211257810246	399
0.011148561910764	0.184361449940062	165
0.089540616486564	0.116900894245641	439
0.103605001737631	0.0873258322603207	439
0.116375612701597	0.122781101550899	439
0.024886932913387	0.192072915633178	439
0.092384505946137	0.0661689725513588	439
-0.117528003334728	0.177416726371003	177
0.08648744706082	0.0697556684484991	177
-0.111332698526656	0.293064095614956	298
0.019900612495383	0.196674867886397	177
-0.072275996810849	0.27128227778695	51
0.00175557436856399	0.188492060677332	51
-0.118400691325291	0.295111383904891	51
0.105603177759334	0.0872027989762654	51
-0.100995109816896	0.157937782421375	51
-0.040844223800902	0.101660915739334	51
-0.031159069703148	0.0981044391984633	51
-0.012834693145371	0.221539189775727	51
0.033384338727619	0.0837178281943874	51
-0.121192310282296	0.3337973476747	51
-0.122733339656331	0.30852133456169	51
0.077082871343813	0.237697478887339	69
0.041639087031643	0.164650954402804	70
0.106993263911714	0.141375229184578	70
0.014326734027139	0.214274267325569	70
-0.041972341104084	0.41086350403414	70
0.062374430798367	0.228234356915569	70
-0.016059097116908	0.362889107426797	70
-0.046426438258334	0.406278123611011	70
-0.106067596923471	0.40444096820711	204
0.020282146823893	0.130606433347868	204
-0.035221187230623	0.0996917527572204	204
-0.00928867427144198	0.173764929613513	70
0.101771582230091	0.11528726789442	70
-0.122280580035956	0.229460185107446	359
-0.02240285605937	0.274438205390481	359
-0.075050979642459	0.297185846444823	359
0.101324078811994	0.119689713817501	399
-0.055707376445111	0.196398523478645	532
-0.071492289557736	0.307073022594606	165
-0.026080516586807	0.210052320483618	439
0.035406104833964	0.168514003171191	439
0.078505363767322	0.152139004758965	165
0.080600442705813	0.168931926293519	439
0.107907715019646	0.141397805619987	439
0.067501500570629	0.17501357778434	439
-0.037343287652806	0.100052395781568	439
-0.045380985853846	0.0982484663067579	324
0.032008193254151	0.0825104649056222	20
-0.040844223800902	0.101660915739334	177
0.018777991437317	0.126909793699819	51
-0.076108667250868	0.274815443062948	51
0.016821272996327	0.123670802922119	51
-0.034666801812777	0.0997029697152663	51
0.120576582766085	0.0916839349776099	51
0.091313340098701	1.08530942812739	55
-0.085016887591125	0.564639275437884	69
0.115562302298983	0.154164806426026	70
0.072889217665321	0.188562403964888	70
0.009292396401759	0.245193098748188	204
0.103716071370956	0.0903493023580405	204
-0.100995109816896	0.157937782421375	204
-0.035221187230623	0.0996917527572204	70
0.087322785693971	0.132921414752707	733
-0.118877977643291	0.230235955297894	733
-0.03721720830967	0.239624973062377	439
0.101931667400843	0.0920727787677732	439
-0.090034044164964	0.334578191391873	439
0.090834097271021	0.0670397845703292	439
0.063634065292449	0.108305385296776	439
0.090834097271021	0.0670397845703292	439
0.025430237885955	0.122856094239632	532
-0.041826459715919	0.2591797353805	532
-0.074946975232779	0.295014554573164	439
0.001997027821495	0.208641047470388	439
0.092935317274399	0.111143872664146	439
-0.032821156918564	0.0988815735560713	439
0.093427045619638	0.0658936152661343	324
-0.039741096782999	0.100867367680409	324
-0.039741096782999	0.100867367680409	20
-0.039003215206477	0.100328574963044	177
-0.027007691420078	0.138062502742038	177
-0.105296935850357	0.38903030490191	298
-0.079836786906583	0.296402503884024	298
0.024798953179688	0.152737347891796	1133
0.08844439565035	0.068113421679743	1133
0.081437108630048	0.147211303620872	51
-0.085515265874819	0.314264108031467	51
-0.054422826674939	0.19556976871277	51
-0.070240052966377	0.263893141291223	51
-0.041664907316418	0.150523659495167	531
-0.043525869254439	0.151118917588941	51
0.056658114258295	0.10991575236975	51
0.037332136589465	0.0829524662765178	51
0.066179469776051	0.127627995520625	51
0.026998385657784	0.0867821277358564	51
0.030609722602038	0.08503352403686	51
-0.071965444294122	0.246079983168017	51
0.120291476803225	0.133832968813028	69
0.04424145484634	0.26099307301483	69
-0.014931587820194	0.387207766538325	69
0.035209081766185	0.201988412408968	70
-0.075929678592752	0.376296349365903	70
-0.028117709734938	0.30203568140334	204
0.113538111824232	0.0815282448067339	204
-0.053634982338367	0.321418887699784	204
0.030361676400167	0.0844616484120457	204
-0.04028379178964	0.0973885165614567	70
0.108691435176384	0.0850722627688201	733
-0.032280271916953	0.215853481627514	733
0.115243235390021	0.11016105817612	439
0.111095425436051	0.0829276745098699	399
-0.072459743179397	0.197845701031611	359
-0.033692192463633	0.215132068929568	399
0.02734466374049	0.156246951864605	399
-0.038994523901059	0.150355968057456	532
0.031641818537615	0.117415255360658	439
-0.047043521028116	0.100061325242159	215
-0.033933232085005	0.09758760197118	20
-0.040669797870961	0.0945744440599321	20
0.030863308906135	0.151904532397678	177
0.034518540255033	0.0835298070606415	177
0.058561688628398	0.135912632267501	298
0.094329020905779	0.111946731520154	298
-0.035151015503587	0.212425001360136	51
0.062390394066977	0.130788980268402	51
-0.016687107459408	0.178359396658564	51
-0.113321900625046	0.291645437040799	51
0.021749794949579	0.129802446007879	51
0.055679637057398	0.17185599317603	51
-0.035234179445423	0.217221463394142	51
0.063503835388655	0.132952219423348	51
0.046786001421102	0.485036372097067	69
-0.012879445109791	0.602585038756726	69
0.068054150544258	0.103020757059709	70
-0.118757217224623	0.231020988585992	733
0.002148349635476	0.18305298868809	70
-0.11401648907208	0.294098646110677	439
0.00890302417022601	0.217178139506574	439
-0.06826011948677	0.233785809211769	359
-0.023674019728565	0.206511866604026	359
0.074051707803371	0.140549941579346	359
0.028722645454321	0.150378142229578	532
0.058580336168234	0.136310474687943	532
0.05582663136225	0.107673095818816	532
-0.121419538952044	0.269436478932661	532
-0.040791766390316	0.0963573978372085	439
-0.001623492271349	0.165308125316705	439
-0.041291865684997	0.146558265817784	215
-0.11958276029584	0.171312539863849	177
0.058637395508764	0.133248323214142	177
-0.068300795178172	0.206270711876834	298
-0.117621467347346	0.173461115310091	51
-0.031735307210061	0.263200623406771	51
-0.01769561910362	0.171288469778075	51
-0.118392487773893	0.306788803813001	51
0.019615815559357	0.124802505589895	51
0.057152025122122	0.135799699435426	51
0.059655105563649	0.110923177799081	51
-0.119418915062046	0.27663113628379	51
-0.116842307248421	0.227824675395066	51
-0.019274685253697	0.943475247140336	69
-0.097795262416502	1.30729895677557	69
0.060877188865927	0.222801458941158	69
0.00827096165308899	0.187159540717945	70
0.104048205693952	0.0910684155098913	70
0.034821046777471	0.0838903568248648	70
0.092997342850993	0.127186074989579	70
-0.082349731623776	0.300155645485779	204
0.007237583585297	0.205186884659655	204
0.06358254660267	0.133475842333442	70
-0.081130071160226	0.271114925865977	532
-0.027329360880744	0.135401629508475	439
0.030609722602038	0.08503352403686	439
0.099488239482547	0.0921348523219454	215
-0.035318979063471	0.150361608654214	215
0.025208839067057	0.121961711586718	215
0.111528178845918	0.0848098144306877	20
-0.064665400615724	0.208379468178229	20
0.117118774465536	0.0788551568906601	177
-0.038023992162108	0.149222067938101	166
-0.082462721224874	0.299620100762409	51
-0.078712777113182	0.26350820716688	51
0.061453079456975	0.135209262890541	51
0.094407230199023	0.113806625834709	51
0.075897010678159	0.118304318733877	51
0.069780239634325	0.144265171681026	51
-0.033752998201687	0.149437185581366	51
0.022138576123381	0.12648813257132	51
-0.01840679227264	0.248201136453708	51
-0.04404441712816	0.250975728928877	51
-0.115617513812875	0.289910929094636	51
-0.039003215206477	0.100328574963044	42
0.078330566739129	0.498382580686774	69
-0.118786692699961	1.34070773711992	69
-0.083418559625079	1.12560436992184	69
-0.044670696780975	0.935982671159724	69
-0.025785281450976	0.755632209355066	69
-0.042697791606014	0.261172200776375	69
0.070990929600677	0.106087366912551	70
0.018429994136	0.328321706245743	70
-0.00766542608321102	0.301519274733761	70
0.084669711537993	0.167074205436478	70
0.099880823195294	0.118892920663157	204
0.109711648686796	0.16146937893323	204
0.022614035198564	0.196572795963655	204
0.004843461640821	0.226600358677207	204
0.09096249066058	0.144042864783511	204
-0.021514935267699	0.249830787372739	70
-0.014304102649526	0.223467578369248	439
0.000261748019481006	0.212233950182772	439
0.026811161820894	0.169697930689103	399
0.029615191636184	0.149649187675481	359
0.032972217602043	0.187280184971084	399
-0.112901863261128	0.174250432478318	399
0.090677055959772	0.0668180968608843	399
0.00812843154093601	0.190701493393427	532
-0.044524492322549	0.154310614755688	532
0.103771947285229	0.112181303273314	439
0.061822337463535	0.15113224581356	439
0.055164332205612	0.134795996844084	1058
0.099331023486283	0.090549829503835	518
0.091344485240731	0.111476361784663	518
0.023578083968054	0.128016152296584	324
0.016769731416361	0.131963074011938	20
-0.116894888845737	0.269287361281658	20
-0.117837789239672	0.263351232404168	177
-0.114525621127615	0.171525173184954	166
0.099068601195673	0.121484720147676	51
-0.07319312944996	0.245548979629702	51
-0.062671010697288	0.205860418370439	51
0.123672522161912	0.0908134450629986	51
0.020104670219325	0.127196854426068	51
0.045352141278923	0.175667700832808	51
-0.032210590877627	0.237236830121173	51
0.087026109995016	0.0682088596972497	51
0.118507811422313	0.106847839911375	51
0.035148449406381	0.170505156522072	51
0.10707309751911	0.088071337647818	51
-0.01087119072909	0.17554236595054	51
-0.026809920830636	0.212882356947236	51
0.055621026012154	0.136898323140439	51
-0.106275736669899	0.313113919237642	51
0.119795692747946	0.0954894543064901	51
-0.124251771029971	0.296356189747816	51
-0.008014447250067	0.221768283124936	51
-0.042063945698896	0.154540386456222	51
-0.109222936383059	0.175582048422268	51
0.120409681612899	0.365500174788161	69
-0.025069975031195	0.842602822602644	69
0.057198725463723	0.488706071466366	69
0.05638179856501	0.487537532859281	69
0.124765350932038	0.146012082538613	69
-0.077175706242109	0.492089591145122	69
0.036600472614155	0.166417497085539	70
0.019514277534096	0.200479291131471	204
-0.110818647069484	0.308184633111497	204
0.110736805315133	0.145768717203985	204
-0.013584786258924	0.224906462975413	204
-0.040889356472336	0.289054988239929	204
0.088839509421265	0.13085451277521	204
-0.057515918404285	0.282049072857935	204
-0.037343287652806	0.100052395781568	204
0.043755706143799	0.158801048561251	70
0.095411406824591	0.0641610576297705	70
0.091306202713447	0.115534377241153	439
-0.034110007668423	0.0965434778636971	439
-0.050129600364833	0.24919772793805	518
-0.080907477928413	0.247855122153825	215
-0.011804291065047	0.178346262029732	20
0.116885357241054	0.0960208216939123	298
-0.108407022026653	0.312470826866972	298
0.040405242866915	0.0791214744034798	177
0.116208393392606	0.123384910422663	51
0.07015106446386	0.159393137509682	51
0.042166425171138	0.180984233130926	51
-0.072503151692488	0.238250687347458	51
0.098657158408593	0.122080584701548	51
0.014940572165608	0.128723512967129	51
0.07494338674623	0.137085832414188	51
0.030497930434179	0.182419099510707	51
0.050532596887801	0.176066040832266	51
-0.116492330726771	0.172327667329313	51
-0.037902704473425	0.0979451695114842	51
-0.05338152078755	0.193475835963781	70
-0.003558952238919	0.274030776063463	70
-0.081298847192338	0.348277448464058	70
0.087811600408505	0.0685508585089442	70
0.085803882352862	0.146271133597371	204
0.079695232519557	0.150109029339016	204
-0.00938618385279	0.25067000128349	204
0.049652060523727	0.217594455153449	204
0.049020066167269	0.2279246506775	204
0.064514581501963	0.106937778302039	204
0.073772620584272	0.150481154669174	204
0.119640847592549	0.0935796879384213	70
0.066727272193136	0.109911692723542	70
-0.00586355223078799	0.217181947411054	439
0.041003403789453	0.182087461203495	439
0.026465067379769	0.120347243647431	399
0.087024459016063	0.0679181485027223	399
-0.038077589807673	0.0984608342885161	439
0.00135779376071299	0.182637409669894	439
-0.06569552171101	0.23195618961526	518
-0.11291893578574	0.300062657928516	518
-0.040101831716458	0.245310228307191	518
0.098556522892046	0.0927842769810756	518
-0.00833960263354799	0.176488965543081	518
-0.11283117427825	0.265061349474579	324
0.076043777785543	0.11891764806826	324
-0.115299149675428	0.271705786371046	1215
0.063735088403403	0.108841686433804	20
-0.123806224858085	0.238958044831211	20
0.025594642822525	0.155693898139651	20
-0.117885908363832	0.181539308233536	20
-0.02208460923073	0.180445700574988	20
-0.034113433725632	0.0952093668407896	177
-0.015847446655809	0.182406702127847	51
-0.032821156918564	0.0988815735560713	51
-0.104493362795646	0.165362591281227	51
-0.075458443312218	0.241403462394702	51
-0.013494958265882	0.171787806876194	51
0.103596151997775	0.0904739725402246	51
-0.122133994552783	0.227244061932497	51
0.019445719079674	0.19889684700563	51
0.101230067384813	0.106836198442892	51
0.000637293643840992	0.21129859519548	51
-0.069796435480029	0.267168939818773	51
0.00586345619393899	0.564791122040719	69
0.11721924463638	0.166898822654173	69
-0.116750614545317	0.269188679844679	70
0.087024459016063	0.0679181485027223	70
-0.00167148068164502	0.23336989289661	70
-0.035758119634602	0.243672680375392	70
-0.044754124965516	0.265901425221771	204
0.024399814133723	0.125510370619078	204
0.029708915899803	0.230179027259102	204
-0.036494452120267	0.244282765699447	204
0.086400883217287	0.131844905994654	204
-0.095248106606431	0.364729680427363	204
-0.038213042500073	0.150126368737632	204
0.029093730771569	0.154372599155548	204
0.098053355969759	0.108893433486071	204
0.080426590697559	0.132397762090361	439
0.010925731657895	0.186698171873691	439
0.035066157430021	0.0823857434934907	399
0.114574526494854	0.0798404772609973	399
-0.038130134208725	0.148495537712441	399
0.081274965658176	0.0700443890941612	399
-0.051888476819946	0.0958053641944512	439
0.095781053895103	0.0635329041931904	47
-0.084578382652113	0.305546969407936	439
0.06234753617985	0.126797181566707	439
0.112802365619845	0.0834749565110646	215
-0.058121542471147	0.198022141772506	324
-0.00542860531182499	0.171585630476845	324
0.106980614260794	0.0886347498286588	1215
0.032878434149307	0.143094372719176	20
0.066472859654425	0.130293554643781	20
-0.11851463573384	0.233203271102798	177
0.01262557455563	0.128244647022161	177
0.042901602795065	0.0765914557135535	177
-0.071539313617082	0.265475779421009	51
0.02493120852883	0.149320637955177	51
-0.034828470786026	0.150081424771237	51
0.06219086172573	0.110121581249863	51
0.035934426430391	0.16353230341407	177
-0.118153276396688	0.223910132416587	51
-0.028895790084235	0.210346823632814	51
-0.076343058891932	0.270960352165055	51
-0.118399135875451	0.355095095156924	51
-0.003189131864683	0.163279812635628	51
-0.018401293880805	0.196414764284117	51
0.106661238139196	0.743240529178737	69
0.053521542267852	0.3420789214041	69
-0.031302445785208	0.207259812386695	26
-0.077576045277701	0.24452013068841	70
0.012764795066009	0.307699558628259	204
0.02372999784551	0.272316653206317	204
-0.101947971394982	0.38770028540259	204
-0.075335633951662	0.413247801346319	204
0.087292894603366	0.0671052188358263	70
-0.000859631574571973	0.22652969710463	204
0.09285595962699	0.156593726750087	204
-0.110091245863354	0.280375475084488	70
0.000797721798193013	0.19187871886266	70
0.124095742121033	0.0903916258604325	70
0.120436022364358	0.0948845894938764	439
0.069020723816928	0.106192462862779	399
-0.114048065654676	0.176623779893235	532
-0.066943599036349	0.315871598539594	518
0.110499922821495	0.12786302042113	215
-0.063018774548309	0.22862563198924	1215
0.00642554726050701	0.19158661396254	20
-0.028897575472854	0.260227628642259	20
0.005025330067748	0.189981576497677	20
-0.025927923480908	0.213842897986406	177
0.063548462275272	0.182203695399486	51
0.087846052584517	0.14504949317131	51
0.10258535924993	0.0874623724567756	51
-0.076449792624497	0.239126892320077	177
0.069825514636901	0.127553920469323	51
0.065632829747777	0.131613418133353	51
-0.031703972872033	0.285392136756077	51
0.105779516105191	0.118488183121776	51
0.082370472434879	0.118541726881416	51
-0.084934215502224	0.302444489231764	51
-0.068020009098075	0.255817011294508	51
-0.036916358370223	0.21942462287098	51
0.123945454763136	0.10396715714194	42
0.019240377422077	0.132040310778396	42
-0.00181426046424399	0.235505922969469	70
0.021030702982122	0.301382275660629	204
0.00849089512918599	0.229381154655597	204
-0.103996103481431	0.371209008844503	204
-0.05991663775384	0.204825702509591	204
0.015086130262182	0.131802097909141	70
-0.038077589807673	0.0984608342885161	70
0.104971521485265	0.147673886757795	439
-0.071527108269376	0.291710036084505	439
-0.089024420877323	0.352270475510526	439
0.06116664335359	0.148554884464231	399
0.092593679580587	0.137329389734081	399
-0.081800558008473	0.320514722457738	532
-0.124074974625525	0.178414589726087	165
-0.113162081417019	0.1815113853703	165
0.091262122509684	0.1294435785671	518
-0.037027232334085	0.340547186370039	215
-0.050406544327837	0.248661857118836	518
0.119793571017285	0.0951299879040413	324
0.088034670454223	0.117615127981822	324
-0.036903539698008	0.22697933683464	324
0.060468300666853	0.132821056645923	215
0.0560654632714	0.137395978573273	20
-0.114980397137922	0.267737880258962	20
-0.04124999365261	0.219327646029399	20
-0.020025513158492	0.218052575035318	20
-0.081528457569051	0.265965109087384	20
-0.078394051191814	0.244116979776267	20
0.121974050841805	0.114102134919256	20
-0.117978694092697	0.263982210451025	20
-0.072354710999981	0.24406642289071	177
-0.086312407069598	0.274369044027588	177
-0.034666801812777	0.0997029697152663	177
-0.041949673887983	0.0997020403248869	177
0.009209115372773	0.204101927684534	51
0.07913272938498	0.148151041383683	177
-0.029558110268234	0.254329865504547	51
-0.00268554132308702	0.208498556544707	51
-0.121676595269433	0.30951265783635	51
0.091313270935904	0.112642568415209	51
0.036279617753848	0.1482088631261	51
-0.06294748506273	0.201322433872927	42
0.062502347567154	0.343517090687431	69
-0.034621706538	0.215104375850781	26
0.058591479781806	0.299098076902298	70
-0.061397233683669	0.205144845137062	70
0.050461711304239	0.20837640886725	204
0.082364520686055	0.17331032297257	204
0.000847125305208002	0.273301396459583	204
0.09033507336224	0.144613066350214	204
0.014817616574841	0.264790985630888	204
-0.06307889518111	0.205146403906184	204
0.013434975324561	0.242615759337694	204
-0.124316079739394	0.306114331121634	204
0.02700270966916	0.250120488683933	204
-0.11961270458623	0.501909154146391	204
0.018066951736613	0.234631398886067	204
-0.018284835454043	0.315321443636508	204
0.011395153422105	0.131997052537351	204
-0.048913904934669	0.336774117907886	204
0.022197805357874	0.156128907897686	204
-0.058917323720752	0.330827974405517	439
-0.00342075782326801	0.16589394483673	439
-0.077167268962354	0.241805155141767	439
0.101051430260669	0.13286092383747	399
-0.065903385991321	0.328975956969703	399
0.110981167468195	0.114564571507915	399
-0.033000027866874	0.0969845561461558	439
-0.035221187230623	0.0996917527572204	439
0.102385648925576	0.0898134702235491	518
0.092111901264216	0.112928125242063	518
-0.025602796129418	0.173387037442149	518
0.037864405069905	0.202908267511171	215
-0.078064257165143	0.261233776728719	215
0.084181368335863	0.134555225883813	215
0.010765150407603	0.184502512173379	1215
0.054868372854034	0.136319034571711	20
-0.017113678888162	0.182229274670197	177
0.066583578777727	0.143667605483925	177
-0.112125762314224	0.297169549668916	177
-0.077905962985691	0.302052089315535	177
0.034038427916644	0.0810473908471871	177
-0.00597173765637699	0.172116213381094	177
0.033690441789989	0.147162728251899	177
-0.120084901616517	0.271330177013134	177
-0.12228122610993	0.302279907855432	177
-0.055612431286191	0.196600265710058	51
0.113935352138625	0.124170925965353	51
-0.028874301658265	0.212468628349061	51
-0.087897219131412	0.324619468621833	51
0.040451500067188	0.164097934880151	51
0.072324033985173	0.141052979816957	51
0.087511081223782	0.129883160453532	51
0.049643534000982	0.173237221764472	42
0.022104088327706	0.127371643200168	42
0.038440106848196	0.89013239938156	69
-0.047322944054345	0.58692208163629	70
-0.108900838315035	0.736911604228613	70
-0.032832757265026	0.14661278368033	113
0.038656267403145	0.199160946584418	204
-0.121903186162043	0.226402554145847	204
-0.058115641761159	0.385233002723135	204
0.093964513068861	0.113517882240483	70
-0.038768951710484	0.155789952419083	70
-0.075823499603137	0.286897812331482	439
0.00248858133617699	0.189265711009921	439
0.039817905060162	0.141479822212283	439
-0.116241371661361	0.23031485081442	439
0.058637546743726	0.130684713537049	439
-0.034666801812777	0.0997029697152663	439
-0.042509991977067	0.101934122656818	439
0.038957865125355	0.080262206826289	518
-0.00231448361917302	0.190016100503726	518
-0.119034344783649	0.306334132844518	518
-0.030938264263214	0.210325911395024	215
0.116009159567584	0.0974197079214196	215
0.025949431483666	0.151500887457984	215
0.00800410890367501	0.185073841115923	20
0.023287972046365	0.155770999261181	20
-0.12482797300695	0.273531186014573	20
0.107709475763016	0.0842067471930413	177
0.1179178225737	0.0935811041891331	177
0.06347315134836	0.111235999956934	177
-0.0333481452442	0.210918823065909	177
0.046293074878781	0.176967327298361	177
-0.028392523899925	0.213495441957147	177
-0.105866861383043	0.341168471296707	177
-0.039717112224267	0.286500749871289	51
0.017812074372345	0.130817887830024	177
0.078403654665083	0.116612738795546	177
-0.084918160956446	0.276998461895171	51
0.043439785465478	0.161824635374059	51
0.119968379884572	0.0937589780744964	177
-0.12139733653422	0.311230719239206	51
-0.026719751835016	0.220836201395156	51
0.060183249648088	0.151091637369713	51
0.073262583066238	0.153733367320119	51
-0.087256255256372	0.274507955239267	51
0.070731013326751	0.153006998286751	51
-0.018017167115624	0.247520965703313	51
-0.070944662730757	0.280924090716177	51
0.021985864889589	0.195697784110585	51
0.073919698387507	0.122584856915451	51
-0.111169774320023	0.325269282781205	42
-0.026098382409965	0.76484038783351	69
-0.05912534881069	0.829007498625249	69
0.077787556471561	0.211366366871055	204
0.019326513733908	0.256834993337363	204
0.013627326769262	0.387755411644528	204
-0.011015869978099	0.22288573414352	204
0.070091852644183	0.192572344020272	204
-0.087215139368473	0.335102240436085	204
0.105808430027667	0.0855916087657785	439
-0.119552106380558	0.442703331057581	439
-0.00894868290640299	0.171153318443636	439
0.028163919996047	0.226595770292953	439
0.040457806225373	0.196466838951233	399
0.073287919984506	0.101106151108487	399
-0.115077897917912	0.176890716994951	518
0.085386034211437	0.166712212167081	518
-0.120085187274818	0.303050991823049	215
0.042229435863457	0.178085694246978	215
0.105212701878815	0.102223149554075	215
0.088468934070634	0.0681505287957826	20
0.119763328177696	0.0936375995658591	177
-0.035781380202666	0.0977859364375766	455
0.011395153422105	0.131997052537351	455
-0.023015247812293	0.178994775949219	455
-0.067206257845521	0.206860180953732	20
0.019944925415399	0.227113701076826	20
0.102778798540232	0.0913636265112784	20
-0.01304675619894	0.172366449767563	51
0.12246589535544	0.104244218312275	51
-0.106571917766588	0.431018081958363	51
0.011825683841034	0.201370303938278	42
-0.045722989379587	0.2664200535731	42
0.11198160975196	0.753673997450315	69
0.009063816037675	0.500244015483099	69
0.08608722179876	0.0688440974591837	204
0.019090487330817	0.291930129703996	204
0.113805762132162	0.107939084187868	107
0.051048914322334	0.182233975580584	204
-0.032826866845836	0.238460357138262	70
-0.122531828846319	0.300361205565245	70
0.05990904950596	0.110801028335022	439
-0.071406372985092	0.231228486726399	439
-0.023987092307894	0.26363073017403	439
-0.124277921991798	0.229991436983948	439
0.101827238645547	0.13679699448883	399
0.069991917227789	0.173936372334556	399
-0.015661102848095	0.214966215980841	399
0.017795087593853	0.20195253536534	439
0.032913383393464	0.0803809256316934	439
-0.033280257083635	0.0923153264932977	991
0.091627676836547	0.124411398237132	518
0.099254460043737	0.131842053076929	518
-0.010998380186219	0.174623090697688	215
-0.113617840931756	0.294236271692909	215
0.085592052055968	0.114131479809233	215
0.040150459631076	0.139098188365042	177
-0.043928744362235	0.0953919830578769	455
0.071274867562314	0.104082689175665	177
-0.120170740529145	0.391582554731144	20
0.021280482537495	0.124060061841167	177
-0.074621682960828	0.271854439412718	51
-0.090493012877844	0.338582302728063	51
0.065208698179364	0.159155297395328	51
-0.000537211927092995	0.207623201311793	70
-0.120448510615871	0.272243954398921	204
0.043027839018241	0.24539186689424	204
-0.054493883808289	0.329126299737448	204
0.084589553187175	0.218833987619821	204
-0.124159923516099	0.493402216535527	204
0.067085890311892	0.160321926174984	204
-0.033896992318944	0.272899981951921	204
-0.016900084301522	0.244003049951963	204
0.123496727710598	0.0923535179521344	70
0.059480156332144	0.13381103944143	70
0.015074420564816	0.241244755407128	70
-0.051983639614769	0.278435887010844	70
-0.044499367758007	0.25563273607622	399
-0.021978859051815	0.274776837727144	399
0.065676172335607	0.161783193727201	399
0.022936040578764	0.126735407564073	399
-0.106078032745746	0.288113503599093	439
0.038460873798994	0.183720581697096	518
-0.08505557208076	0.325151275937242	518
0.063813154388926	0.125955500018335	215
-0.00790783099329301	0.171789443938617	28
-0.00131270899898001	0.195752155978333	28
0.064617318115946	0.107278378463438	28
-0.068718864963013	0.223594441711633	28
0.025072663190909	0.153308300175619	215
-0.038449670105288	0.151740966235253	20
0.01244066331937	0.131665084760355	177
0.040890652323844	0.158599994035176	20
0.067057528854421	0.104518476647094	177
-0.111396294835162	0.258938830334197	455
-0.033000027866874	0.0969845561461558	455
-0.10932582151259	0.176468370548125	20
0.024488349825385	0.193045477414696	20
-0.011065519041061	0.177334272521202	51
0.027183408187826	0.152522979377081	51
0.065889464033335	0.108876024833747	51
0.117496481803915	0.0977899249400122	51
-0.04980806610059	0.277947138548656	51
0.033522920705531	0.18604630754976	51
0.00339771861558899	0.208308756027124	51
0.00976440609382301	0.227640539174125	51
-0.074272478639722	0.246750895589179	51
-0.106511565270394	0.340531003170105	51
-0.118053674871541	0.302735243012963	51
-0.00499564827759702	0.323011597281423	204
0.011069978054333	0.199797701292479	204
-0.107972474414711	0.465534578591734	204
0.068864058010833	0.13535429978155	204
-0.083430008428825	0.382549022317837	204
-0.00232505881629502	0.302970374931524	204
-0.111709166224314	0.350287832768083	70
0.034088960872222	0.188162454520491	439
-0.086975745736459	0.398278433571772	439
0.08261199630116	0.184411426003735	439
-0.099323687980335	0.441196169556852	439
0.063348170550332	0.180931085043604	439
0.057587851256795	0.133674526967579	439
-0.124847372262408	0.382237432571595	47
0.042514305292577	0.162287794379901	47
-0.038768951710484	0.155789952419083	47
-0.11649370640804	0.380637677432181	518
0.107807130702201	0.0867810774772932	215
0.036450491451837	0.146942590506754	28
0.021070531667943	0.124962401832431	28
-0.120754558725035	0.234682776242234	28
-0.044920029039733	0.15133377367707	20
-0.067045353349733	0.239457065397715	177
-0.076164914465261	0.265170405907551	20
-0.124421911193161	0.235876082834296	455
-0.071985483183171	0.26125077830852	38
0.075313875454164	0.149337817326584	20
-0.03818451498349	0.242465255698013	20
0.026154990848537	0.216053267862905	20
-0.040831809471135	0.262548886856219	20
-0.00790783099329301	0.171789443938617	20
-0.019112860836535	0.179168927613335	51
-0.076091532389254	0.274595345518312	51
-0.114427019742358	0.331530587123758	51
-0.051004300393868	0.272748889371892	42
0.088738647623673	0.13007653331892	42
0.11692700392528	0.597718072757803	69
-0.115994598921754	1.68841127709559	312
0.082860882997754	0.382339691299219	70
0.107219725931813	0.149134679515957	70
-0.080987085321418	0.443449244912891	70
-0.061591015711153	0.306405808447208	204
-0.056530076569295	0.331145532460319	204
0.061021730723459	0.165843061025615	204
0.023830422508605	0.153452598095207	204
-0.116993090341087	0.306000828784835	204
0.013249941358666	0.184255989011621	204
0.071706147669891	0.17409104885424	204
0.075671640591657	0.138761068607516	70
0.0119586737902	0.175272557879492	439
-0.030997607940421	0.210186063187866	439
-0.115692003141102	0.300193120894882	439
-0.12180447571377	0.231521799643726	439
-0.111576320565914	0.346341652498617	439
-0.061817434494956	0.350332566095273	439
-0.087102145537033	0.3023413287459	439
0.043796135609563	0.180286582506679	399
0.024827659473741	0.126943733231067	399
0.037498182260028	0.167250204347834	399
-0.006822346635595	0.171202112321997	439
-0.024652523466506	0.181079875789173	47
-0.061854352584205	0.201522023494514	47
0.07163251650781	0.125322908167679	47
-0.117711060514674	0.305537692731787	518
0.100837981250249	0.105779219012607	47
0.022330099110082	0.127880721348117	518
0.017734617965571	0.127242500258968	215
-0.031603832918012	0.145579599084134	28
0.029254945641705	0.0854250005513325	177
0.104592550915989	0.0873890265113753	20
0.032681905051909	0.116010657179756	20
-0.029720701401038	0.142105607426923	20
-0.038987598216956	0.233176231839588	834
0.059968328528661	0.131979858690133	20
0.018345212909662	0.157379218665084	20
-0.122475482329874	0.327671261896767	20
0.01738399361684	0.13002968908268	20
-0.002497850837618	0.212026065377074	20
0.062422405744865	0.129685085761479	177
0.062641217475801	0.109400250303489	177
0.028740613868702	0.152217717588918	51
0.123713628122134	0.0922088769154148	51
-0.054130095743975	0.194536185123807	51
-0.041310238246044	0.153607742103516	42
0.108123916494996	0.640423295153648	69
0.116672977204455	0.378594491307244	312
0.048983573410303	0.531041776937895	312
-0.020447998852509	0.692985020540928	70
0.086242533035566	0.345391505904881	70
-0.117849997948529	0.547006285860354	70
-0.078651034828994	0.464770521972718	70
-0.068767118345896	0.36052413037355	204
0.086291497196462	0.167999628268226	107
0.057656334097254	0.13399263966949	204
-0.01063822139702	0.218471102427359	204
-0.098250661353783	0.370558212439988	204
-0.081751086186674	0.303511625018776	70
-0.123712912809798	0.303183792651903	70
-0.036347778631418	0.285644832319025	70
0.067907122036139	0.129746870724262	439
0.040009674290724	0.165517117955303	439
-0.118924384030437	0.306821379875754	439
-0.068760505889692	0.284691195840099	399
-0.106467988760873	0.248142782991334	399
0.015233154036869	0.203822312686212	439
0.100659847041929	0.0929076657637487	47
0.065264061477256	0.131303788100856	47
0.089353078558298	0.129774588645585	47
0.04075998514682	0.16490455560648	47
0.019034627142116	0.196838165925017	47
-0.034845427328785	0.219651317815887	518
0.02418736577387	0.126119700976863	28
0.098370545919708	0.105317260755759	666
0.00840366666835399	0.188516685808104	834
0.108652203977903	0.116537505311084	20
-0.113757225092737	0.262838558903425	20
0.064911699502084	0.106875572160904	20
-0.06087781566036	0.206523622767666	20
-0.10857446640718	0.293870789490503	20
-0.090977349217091	0.33159609781018	20
0.061803162470645	0.149447090694131	20
-0.04020391883368	0.244223762244964	20
0.035954743729463	0.0832571614702204	51
-0.071779078208628	0.206798828988788	51
0.05351728050167	0.188324470603988	51
0.094407230199023	0.113806625834709	51
-0.042985610623011	0.152513434197212	51
-0.032721960271999	0.217452239667719	51
0.069816547534715	0.126885692287746	51
-0.038003609048903	0.100132891438743	42
0.12238810485698	0.226526100306209	312
-0.046317758677065	0.952111950744001	70
-0.033908446342261	0.661927589679803	70
0.00655969368253201	0.479681831570501	70
0.030072123688587	0.084402575819922	204
-0.033108182941642	0.142814269281033	204
-0.031844758243683	0.141504862317813	204
-0.084618882601022	0.487177860826389	204
0.091089766730545	0.176867163616372	135
-0.034934469118937	0.0944173718215948	439
0.003321737801559	0.264777429763244	439
-0.059621579862495	0.201131925873996	439
-0.074965485263077	0.363909109031025	399
-0.049667717353781	0.269321038493489	399
-0.067826993908419	0.297800186507313	439
-0.032950840626402	0.260353439207845	439
0.060837171476392	0.164990830889511	439
0.048275640677092	0.196550999113558	439
0.061665630101501	0.206388860345153	47
0.064727748994173	0.107962186321535	47
0.10041946713223	0.152451636019772	47
-0.120819293573354	0.173210824752742	518
0.035954743729463	0.0832571614702204	20
0.071947755375325	0.125406798220786	20
-0.060368452710016	0.375391302571617	20
0.101692378987382	0.089683563644656	20
-0.00616545328399598	0.173204658993543	20
0.017441127731321	0.199738738195497	20
0.017986082099938	0.131526042793827	51
0.034279440612388	0.0804244772168177	51
-0.115212412360863	0.351962543976896	51
0.082393982856454	0.166914957960488	51
0.090834097271021	0.0670397845703292	51
-0.115743746946877	0.170840689889497	51
0.118369285387766	0.527266642186078	312
0.030677476808418	0.970921522669402	312
-0.124257514469284	0.996319960336216	312
-0.040530070662046	1.01035473913476	70
-0.058233346852818	0.660807500079483	70
-0.12441669662352	0.672278995110007	70
-0.03705364274674	0.147866880349862	204
-0.042509991977067	0.101934122656818	204
0.086635044080705	0.0698099487664053	204
0.081097664308061	0.0908805024739083	204
-0.017949930565425	0.177910988636345	204
-0.123154668861004	0.227911130439915	439
-0.067488925021432	0.202247622696496	439
-0.114069345311493	0.172726869469973	439
-0.119529576451176	0.233362353039891	47
0.046550830136161	0.159783397898406	47
0.053553500860709	0.1520967040668	439
0.118351397416033	0.139142139318072	47
-0.118844770506192	0.221347108676548	47
0.093779709463871	0.119665820007251	47
-0.039120545354252	0.0982326823496038	518
0.081906155282507	0.0706931848142222	28
0.038461644295732	0.080673971622883	28
-0.032444503090029	0.0957971311372689	215
-0.032235605968817	0.212465910289675	834
0.032883247237533	0.0836858719890332	20
-0.035823374396654	0.145172189432106	20
-0.030607766050953	0.0942679306222286	20
-0.00918811075156301	0.23963551359591	20
-0.105614954947457	0.165571709243068	716
-0.120007035764548	0.222234944648995	51
-0.034666801812777	0.0997029697152663	51
0.084674917783614	0.0676057487009113	51
0.034518540255033	0.0835298070606415	51
0.040454063488161	1.04456607792852	312
0.037669021830971	1.01879484711622	312
-0.021279169410777	1.43973941409693	312
0.016567085204732	1.07268950008276	312
-0.040053364876489	0.807249850563307	312
-0.103477357206309	1.10480154889238	312
0.023558534711009	0.611512769366509	312
-0.024916636627217	0.671791079290556	312
0.103161925932419	0.20888357143731	70
-0.013329679569041	0.246388164500906	204
0.095644162555316	0.111817466175285	204
-0.111827671721661	0.216419909290493	204
0.057646580951373	0.109544195508888	439
-0.123025441346717	0.235854833540921	439
0.109782327415214	0.0842548197084046	439
-0.114622043458936	0.171956064174454	439
-0.114305598503767	0.175452615189229	47
-0.05991663775384	0.204825702509591	47
0.071290547756091	0.123045778172589	47
-0.021424964045678	0.174717931357076	47
0.093032346403046	0.067448723057753	518
0.034267011914175	0.0833813791673214	28
-0.041749819876565	0.149704266584363	20
-0.039741096782999	0.100867367680409	20
-0.119256545354928	0.174996985350553	716
0.092393526874579	0.0664357746640747	51
-0.033554504638585	0.0989113001367016	51
-0.118635249319279	0.227403382070259	51
-0.032444503090029	0.0957971311372689	42
0.099956478153383	0.870026530874972	312
0.060000056197431	1.0210440027327	312
0.035809052739893	1.04967552798657	312
-0.047160787701409	1.3937365271558	312
0.092009180208191	0.0663873643346392	204
0.06823433674018	0.145196780546659	107
0.096729479715108	0.140014402338987	439
0.118890443725131	0.13623012596127	439
0.016222376035899	0.157214784775955	439
-0.116499647936952	0.253963230664659	439
-0.037707731405567	0.258476532758714	439
-0.072842887584992	0.260060936288058	518
-0.033000027866874	0.0969845561461558	518
-0.045949637753264	0.0993208974835679	243
0.112000435965807	0.112873270875785	177
-0.00330468599589301	0.192798393924496	834
-0.105350387651976	0.318032567391508	834
0.018198053972808	0.132723137657951	20
-0.075608243568226	0.244229011469334	20
0.025385410552013	0.0798700645076491	177
0.068729796464663	0.107945050099913	353
-0.114410715319033	0.269889938030791	51
0.06708262262015	0.130350341689385	42
0.012380253004544	0.391666372204047	70
0.090753523344854	0.114770839733903	107
-0.033554504638585	0.0989113001367016	107
-0.037450417018744	0.0985460555820956	107
-0.071101613600602	0.256693961043801	439
0.093032346403046	0.067448723057753	439
-0.036334661817441	0.10048957400549	439
-0.038864692806487	0.24705522918415	439
-0.051151672023842	0.18631951781035	439
0.030609722602038	0.08503352403686	439
-0.002801643054681	0.193771159604567	439
0.102671767185934	0.114591764729018	439
-0.105349534560154	0.266607415951544	439
0.034577039649052	0.0828853408353346	28
-0.03864030739062	0.0977108457752417	28
0.030631722546375	0.0846682819002339	28
-0.035318979063471	0.150361608654214	20
-0.035221187230623	0.0996917527572204	20
0.116322617286975	0.0797908783500007	20
-0.06624491233487	0.204427973576339	20
-0.036334661817441	0.10048957400549	51
0.090810661878553	0.0667523385946533	51
0.030300817584116	0.110142462923676	51
-0.01505722691846	0.222989747672459	42
0.084709688696436	0.689921152170357	312
-0.07633822617458	1.59082832404367	312
-0.018405084540435	0.179367058087633	107
-0.035221187230623	0.0996917527572204	204
0.085897332205154	0.132546419484688	204
-0.114268104886066	0.170299034831128	204
-0.061854352584205	0.201522023494514	439
-0.035176964662392	0.23604188810836	439
0.097957952154791	0.109210265929555	439
0.061306656911789	0.13378252253188	439
0.064805430382111	0.106309374717813	439
0.020070196697623	0.127817184563835	439
0.04803248503469	0.110443461519445	47
-0.119529576451176	0.233362353039891	47
-0.036888952753567	0.099347238411251	518
-0.033554504638585	0.0989113001367016	47
-0.038003609048903	0.100132891438743	28
-0.046322972679317	0.151212081102488	28
0.016103612579158	0.178836617437956	38
-0.113055237624122	0.180130165034426	20
-0.042156457514264	0.154968881544382	20
-0.116399135236318	0.177232857570925	20
-0.120140029095817	0.181916583854437	20
-0.039179528953552	0.0992222010404019	177
0.093032346403046	0.067448723057753	51
0.087278299254596	0.0687080658224371	51
0.021052430811963	1.34300366962134	312
-0.094923395362804	2.1015606650429	312
0.063300527423366	0.341981636825283	70
0.03453929918392	0.343500893288438	70
-0.069587603150904	0.247044207972799	107
0.010728318291224	0.268188449478168	107
0.093032346403046	0.067448723057753	204
-0.02835296045969	0.279843352628947	204
0.032324764969356	0.085014775594618	107
0.063735088403403	0.108841686433804	204
0.080091225750622	0.0700851224249338	439
0.0000210890633179917	0.163788638466874	439
0.036446954359832	0.0814085363546913	439
0.05906615960873	0.132237154144805	439
0.093427045619638	0.0658936152661343	439
0.119592328176204	0.107696657020965	439
-0.071000206380659	0.254953670698506	439
0.104280555860023	0.0892938843075727	439
-0.00409109666832302	0.16739779633632	439
-0.10818530124018	0.287489346505118	439
-0.105029329321083	0.341341448878895	439
-0.115780432158475	0.331613910738796	439
-0.034405099994732	0.149105714312775	518
-0.047075462497648	0.154043661181276	518
0.038709217483997	0.0819489753591244	518
-0.033373369385784	0.0962028074971388	47
-0.03226996239096	0.0968292699610618	28
0.026213114082467	0.196881264816438	834
-0.073908129924468	0.242778166659861	834
0.074949291644021	0.138942759632026	38
0.101281741078478	0.118594788673159	38
0.033695112568591	0.0842527587055829	20
-0.078620940829923	0.277894536948141	20
0.033133251101823	0.084545409463104	177
-0.021559439699384	0.206201531703092	51
0.029506477293678	0.0858373609288333	42
0.088201846573515	0.0672394393988596	42
-0.031888903821783	0.0962298133777609	42
0.122900638287174	0.540453373416385	312
-0.046157656989745	1.80027509569329	312
-0.013581025265363	1.43366229696216	312
-0.1091494118255	0.539130419856215	70
0.091453554356433	0.178720916654203	70
0.093032346403046	0.067448723057753	107
-0.040844223800902	0.101660915739334	107
-0.045839949723291	0.153509639732433	204
0.104547331002388	0.0865971436979987	70
0.068988522239812	0.10720924948451	439
0.020496601791815	0.131410681852503	439
-0.122799081921262	0.325670852051606	439
0.062596034626877	0.127126211896764	439
0.114717129415015	0.122582522950813	439
0.059594227921994	0.128270352098518	439
0.005306583769709	0.19213902949677	439
-0.075465075209836	0.298210240392619	439
-0.047230628907135	0.152540935296486	47
-0.037693017966135	0.15456792356179	518
-0.042509991977067	0.101934122656818	47
0.028127826835431	0.0866066223589225	28
-0.117984822226702	0.17873352015356	20
-0.043625990081677	0.154437919974303	834
0.02554049060992	0.156369582060625	834
0.091847088387879	0.0675854687100914	20
0.070735779099129	0.125581013702915	716
0.065456353378825	0.111030609890101	177
-0.034666801812777	0.0997029697152663	353
0.031747629582172	0.0848483208395658	51
0.034518540255033	0.0835298070606415	51
-0.047043521028116	0.100061325242159	51
0.034581316562019	1.13543701283265	312
-0.011619044049788	1.50138739984201	312
-0.101034188223993	2.06500467752659	312
0.043008722842479	0.239840431755335	70
-0.111709166224314	0.350287832768083	107
0.074466906614808	0.150709116680735	107
0.066320600811475	0.104832387384863	204
-0.015604254280777	0.181172855738514	204
0.095393786795018	0.0658895182215375	204
0.067764196293051	0.106589972093927	204
0.02800775018466	0.153601775978875	70
0.016562161268172	0.131432445874432	439
-0.045380985853846	0.0982484663067579	439
-0.020687570378496	0.209098185609706	439
-0.016026050834436	0.172609759049883	439
0.103071671023699	0.0862591689759351	439
0.071274867562314	0.104082689175665	439
-0.029806092904607	0.214739231074621	439
0.120762995656242	0.0948035308927833	439
0.088455639828229	0.0686406426894939	439
-0.030793978226643	0.142391886167731	518
-0.04350873735292	0.0985154916594325	518
0.097613418784874	0.0635698377985418	47
0.097061387377124	0.0913021846679629	38
-0.113162081417019	0.1815113853703	20
0.094605108841995	0.0650259267701459	716
0.029254945641705	0.0854250005513325	288
-0.044641826941259	0.0973398658330648	51
-0.042509991977067	0.101934122656818	51
0.038709217483997	0.0819489753591244	51
-0.122402450943461	0.229129805502875	42
0.034821046777471	0.0838903568248648	42
-0.123992179785985	0.280707266279338	42
-0.12329770652213	0.168700964809978	42
-0.047270942339663	2.06844170617733	312
0.121319620515192	0.571133567057081	312
0.090659356232203	0.212145981138513	70
0.045428195100061	0.208711100138729	70
0.031144778999447	0.168417354627812	204
0.093040666406174	0.0671733120880896	204
0.036200303569454	0.0835865372794923	107
0.00746444022328499	0.130666001291933	204
-0.038023992162108	0.149222067938101	204
-0.122678871008946	0.271316547893357	439
-0.053374607875949	0.18914185066387	439
-0.104601749769964	0.168439279258891	70
-0.00928867427144198	0.173764929613513	439
-0.073047139165169	0.246264318685164	439
-0.034110007668423	0.0965434778636971	439
-0.034666801812777	0.0997029697152663	439
-0.110126497829954	0.325065609455815	439
0.00922325644359001	0.188040063779978	439
0.011864892629058	0.18014587746337	439
-0.114768175166117	0.295388468200755	518
0.029506477293678	0.0858373609288333	518
-0.035221187230623	0.0996917527572204	518
-0.117680909364998	0.177954676865524	518
-0.031711399386998	0.0964972843217709	47
-0.039179528953552	0.0992222010404019	20
0.088201846573515	0.0672394393988596	20
-0.10932582151259	0.176468370548125	20
0.030361676400167	0.0844616484120457	20
0.025862556062562	0.0830636205125575	51
-0.033933232085005	0.09758760197118	51
0.032606803926861	0.15242019448901	51
0.09891140845943	0.0920918238735886	51
0.068473165632873	0.103544562624748	42
0.023642793543297	0.308802147032997	312
0.014940572165608	0.128723512967129	107
0.091847088387879	0.0675854687100914	107
0.034540541853473	0.148885714579641	70
-0.06826011948677	0.233785809211769	70
-0.033840573821021	0.145796674596219	135
-0.114286038160419	0.182328310624969	135
-0.122065590615995	0.167719463477894	47
-0.119208703109889	0.174892019816925	439
-0.040672844348612	0.150283928028671	518
-0.123298044874516	0.230760914345964	20
-0.030050495256059	0.0957453786530271	20
0.085449611535287	0.0701654696624501	20
-0.112802887859941	0.177889945709836	20
-0.03226996239096	0.0968292699610618	20
-0.118757217224623	0.231020988585992	20
-0.03705364274674	0.147866880349862	20
-0.121028938963788	0.227132989928011	20
0.031062811941373	0.115881989944106	20
0.035954743729463	0.0832571614702204	20
0.107154076080068	0.0823330193554684	20
-0.120140029095817	0.181916583854437	284
0.095393786795018	0.0658895182215375	51
-0.120140029095817	0.181916583854437	51
0.089659126292287	0.0671185574350419	51
0.017734617965571	0.127242500258968	42
-0.015508240754621	0.432930506762039	312
-0.049825405536331	0.508192680399527	312
-0.045839949723291	0.153509639732433	107
-0.119184946985568	0.302111160550319	107
0.067174841594187	0.108030731820904	70
-0.116897924719972	0.300045293416698	70
0.00602516627914901	0.22542911684934	70
0.092642025343028	0.124541857628381	70
0.070299462141851	0.103372196524631	135
-0.04877150644271	0.244929543427212	135
-0.121009089592299	0.264991536594055	439
0.095366781497456	0.120209467282056	439
-0.115400544913388	0.298808885073467	439
0.021864206411331	0.158579544689601	47
-0.035221187230623	0.0996917527572204	1035
-0.035221187230623	0.0996917527572204	1035
0.01738399361684	0.13002968908268	28
-0.041768272360646	0.0974789672557957	20
-0.117479578344351	0.266147803924	1799
0.022315174952222	0.120231840190371	20
0.065456353378825	0.111030609890101	20
-0.110864841494983	0.257453780305486	51
-0.109222936383059	0.175582048422268	51
0.028378908086965	0.0860146778006772	51
-0.054215369812146	0.190970372108197	42
0.00712758232125099	0.503145562334746	312
-0.073627986951215	0.565597611297668	312
0.030676180284612	0.385086037497952	312
0.118684366295999	0.170326953799243	312
0.117930344330518	0.137283538468764	312
0.101304787055826	0.154818709125081	312
-0.047263531157903	0.2629776207645	70
-0.052105122206292	0.18953127525606	70
0.031195805215663	0.15188841546747	439
0.108931413618885	0.0862870932738078	439
0.040426792751654	0.137434463060176	439
0.010977166482373	0.130129507931921	47
-0.011071050158301	0.169784234532293	439
-0.122402450943461	0.229129805502875	439
0.020496601791815	0.131410681852503	439
-0.035221187230623	0.0996917527572204	28
0.029254945641705	0.0854250005513325	20
-0.117680909364998	0.177954676865524	20
-0.041684234934504	0.146127707011805	20
0.016211841322218	0.153178563777066	1799
0.101356435906344	0.0993259604486497	20
-0.037135795510813	0.151037758166957	20
0.089633094677217	0.0679754700006138	20
0.023707346297849	0.0822136684958873	20
-0.11488897723959	0.301404090087039	51
0.031499156037739	0.083321269701168	51
-0.078849094855894	2.01926950241732	312
0.063652278022493	0.229464552379506	312
-0.122160044823327	0.385074399532555	312
0.121894829707274	0.10646453375823	312
0.092276710854439	0.208039389507023	312
-0.076341342159846	0.536694860247775	312
0.024752067128566	0.306358433246898	312
0.025130630502536	0.25936207411485	312
-0.111487043490592	0.54743850092256	312
0.038485798175658	0.201294953815632	107
0.022418598771282	0.19634376677782	107
0.060622137358826	0.108318238457886	107
0.037798456254758	0.168222441862188	107
0.080544889175785	0.136304561791517	70
-0.069415023030525	0.320746066509573	70
0.107463073079331	0.0859859558685667	70
0.101010282238617	0.0597004763001397	70
-0.072751258846711	0.270701261574763	70
0.124898736530812	0.0892869922800371	70
0.119717481252449	0.122263448966144	70
0.023111392683091	0.158249762286265	70
-0.115507361949726	0.266257127355898	439
-0.09228294282301	0.331885621744561	439
-0.110164010311042	0.297095547441009	439
-0.03861047511274	0.154935039302282	439
0.026748865775633	0.0864957094687745	439
0.087830567735878	0.0676138981350027	70
0.09813194599459	0.0610196212777193	70
0.040405242866915	0.0791214744034798	439
0.034518540255033	0.0835298070606415	439
0.023372549747403	0.126509595399802	47
-0.11710180734093	0.177017015301551	47
-0.011249929189446	0.179041958237382	1035
0.070705801658362	0.106669781956892	1035
-0.036279611275558	0.14190682337046	28
0.020851641458529	0.127987947587978	20
0.015202876710951	0.118834930758112	246
-0.039596463320942	0.150011979090771	20
-0.113825558312248	0.223167403513825	20
-0.01757409282861	0.168749319425554	1799
-0.014691764953579	0.180896172313378	1799
0.028100013410244	0.144750899145946	20
-0.117956752538171	0.323256469935744	20
0.123757010790603	0.0879224529816532	20
-0.013494958265882	0.171787806876194	20
0.019845065702597	0.128649840308238	20
0.02577524484436	0.153796122253019	20
0.01035918853873	0.179366843280349	51
0.112580935226988	0.0827749725454045	51
0.100323990236509	0.092337993688216	154
-0.03211732937594	0.21725337771047	42
0.112993712995489	0.804867713916742	312
0.103213164658511	0.660784304949501	312
0.056451412839259	0.271544154235982	312
-0.018033200990736	0.475607895390429	312
0.052668279068731	0.167174889412433	312
-0.086740631005583	0.38377681030501	312
0.00896986980571199	0.373580382272413	312
0.105071947368186	0.238108777059114	312
0.08148428388322	0.284619349476539	312
-0.103231445143871	0.45483422505743	312
0.121291656852703	0.166334427301594	312
0.004952724006895	0.270057011445963	312
0.099553882964396	0.150219791926384	204
0.00380345481501501	0.207670601773276	204
0.063394881509009	0.168708514996948	70
-0.013771599850085	0.21688930720386	204
-0.053216042132937	0.312427648639796	439
-0.075263066555556	0.293549099856582	439
-0.00568641827718902	0.258386921557146	439
-0.121341375398827	0.222850111405922	439
-0.017156921585544	0.264628979622343	439
-0.075519024682024	0.355902744211448	439
-0.061595315735602	0.312788772730878	439
-0.068770690330192	0.206659108629994	439
-0.040396868775108	0.151895656561045	439
-0.121367687291392	0.181282072219641	70
-0.122308426399112	0.271189970565465	47
-0.064698790517038	0.229655112184198	1035
0.00254478535662001	0.194114604001057	1035
0.105902669787396	0.0871031553520041	1035
0.01738399361684	0.13002968908268	1035
-0.062800988668238	0.206962461757117	28
-0.021531318629355	0.177677244708652	28
0.060931471972454	0.110283557590334	20
0.031997199412221	0.0847309034950032	20
0.084294614508718	0.0685341689766703	1799
0.076603806342317	0.136939776757683	20
-0.076942731222037	0.269067144116139	20
0.054681785734325	0.108774839243084	20
0.018777991437317	0.126909793699819	20
0.062905888538837	0.14446611748962	20
-0.019290282582545	0.181312084828692	20
0.064805430382111	0.106309374717813	284
-0.0651708432744	0.230934197020297	284
-0.067813658877412	0.207021643638576	284
0.052889201796181	0.129931629541699	51
-0.037565209134564	0.244724248897706	154
-0.118237135903292	0.304566821081833	51
0.107318059577233	0.0887402208904685	42
0.00767544475082299	0.460665431918355	312
-0.054005413444543	0.601808750272906	312
-0.083785301874049	0.491100007166546	312
0.019918664189269	0.391818397851279	312
0.085140204531983	0.251444920308762	312
0.098579000090342	0.18665742535824	312
-0.063362918609163	0.314012934953401	204
0.121719519470957	0.106218013817357	204
0.114970148517814	0.110544542325553	204
0.025345133869789	0.209560696161891	204
-0.051949266387805	0.268958172308094	777
0.122653692429086	0.103936947208875	70
0.124758093057885	0.103700413175524	70
0.061793212400591	0.14610098942876	439
0.031939822604808	0.149389943994965	439
0.09646150597168	0.109060683604666	439
-0.071087566052125	0.204647072686529	439
-0.102591738241411	0.159319407928141	439
0.112708555882797	0.0808438659540635	70
0.065153397845079	0.146914850318914	439
-0.115649695031045	0.271795463616424	439
-0.123806224858085	0.238958044831211	72
-0.116399135236318	0.177232857570925	1035
-0.108201687848998	0.174008060627031	1035
0.102187519319568	0.0581087411313901	1035
0.089633094677217	0.0679754700006138	28
-0.032444503090029	0.0957971311372689	20
-0.120515749767334	0.2367744762059	20
-0.115502098940176	0.224218953883299	20
-0.068581281440212	0.206444272961319	20
0.096009914912042	0.0938927905553689	20
-0.006107526838593	0.166698358493095	20
0.098556522892046	0.0927842769810756	1799
0.033690441789989	0.147162728251899	1799
0.068611169628334	0.128487770349282	20
-0.068785477745527	0.257443699237158	20
-0.071963695225022	0.20348335892603	20
0.031425288225909	0.172279908008669	20
-0.031763480377153	0.212395911411449	20
-0.041664907316418	0.150523659495167	284
-0.06087781566036	0.206523622767666	284
-0.067031111206296	0.205329724446167	154
0.062982734919314	0.134085712843741	42
-0.063092415284291	0.225077491649248	42
0.101594374859749	0.0920470321583213	42
-0.00276016776133597	1.45265506004352	312
-0.091791572201823	1.32421728324696	312
0.042239068933205	0.24456966033679	312
-0.107633328100539	0.552095104171286	312
0.077668254506964	0.152112019505016	312
-0.1032366361755	0.280434308913505	204
-0.029214449811117	0.211879094094848	204
0.095574794982029	0.15613683527058	204
0.016769731416361	0.131963074011938	777
0.062742115669533	0.109216644898474	70
-0.079620231928838	0.245319195821812	70
0.066447490598347	0.110111988274003	70
-0.000963155788440972	0.235188947575553	439
-0.117691591158441	0.32236919327716	439
0.115804797808445	0.096300582719663	439
0.017814620073226	0.154896936666015	439
0.100456858038006	0.0884389558615255	439
0.00393052031420801	0.205643964902905	70
-0.107203890220466	0.168753894379891	72
0.088468934070634	0.0681505287957826	72
0.092250178460703	0.0652431770024941	28
0.026748865775633	0.0864957094687745	20
-0.121023296127061	0.224654451866628	20
0.00890661635433301	0.190082378501076	20
0.01362587841989	0.130671755649002	20
-0.003888555647443	0.236885046295002	20
0.025347049098333	0.15423468073558	20
-0.123559236619408	0.335659541857387	20
-0.00798048825109798	0.176044973783897	20
-0.00403386360736802	0.217180205492845	20
0.015899748100739	0.132180495352959	20
0.058378637328147	0.112004616440694	20
-0.075440110745421	0.242502643766419	20
0.091847088387879	0.0675854687100914	20
-0.065694151013837	0.189835181732601	20
-0.040844223800902	0.101660915739334	51
0.084271961247091	0.0708414880188827	42
0.100809497547091	0.646424206007635	312
-0.120957835773537	0.768526199303496	312
-0.027036073565313	0.527581810434915	312
0.084533605215848	0.250085228876754	312
-0.061407879253869	0.418708987726731	312
-0.064303656979747	0.412769720455748	312
-0.020203661967312	0.367694424814124	312
0.097143339329282	0.108214110035467	107
0.075059789412423	0.157689325119062	204
0.027929197004628	0.186402816325006	204
0.124013229743978	0.0930808801816032	204
-0.033110056205307	0.240623135636517	204
-0.038187321085347	0.283978919794765	204
-0.008014447250067	0.221768283124936	204
0.031883885725312	0.139385781712248	204
-0.00720171043648898	0.168890898036151	70
0.040171346726126	0.167328766231016	70
0.095082826991197	0.120954169481168	70
0.032059151255142	0.151168419397489	70
-0.000737627759728021	0.212229746671844	439
-0.025850692200338	0.208440870821666	439
-0.072089874368051	0.271013242661618	439
0.010144500599549	0.132267480834515	439
-0.01087119072909	0.17554236595054	439
-0.120800737458065	0.262688250302699	439
-0.035275115951799	0.220730809079509	439
0.100867054221546	0.0894964104924054	72
-0.122548970663652	0.238308480130202	72
-0.028648010654433	0.141032790599201	1035
0.079450491696891	0.0675646800606423	1035
-0.04344635334625	0.153143709545193	28
0.095401572669062	0.0658401733562713	28
0.034518540255033	0.0835298070606415	28
-0.034828470786026	0.150081424771237	28
-0.072287637957104	0.245678352937225	20
0.071433923333302	0.103880128212688	20
0.107318059577233	0.0887402208904685	38
-0.078917392575396	0.248245185078586	38
-0.0171704345925	0.176353384961613	38
0.07095776471275	0.143085238715388	20
0.067907122036139	0.129746870724262	20
0.119964437386601	0.0960279355533079	20
0.083628380706142	0.0681982588955052	20
-0.036555497783795	0.150537234798652	20
-0.112038672684178	0.179269996958016	284
0.088427152766038	0.0940871950851889	51
0.059366497214243	0.112176814889214	51
-0.025084231675567	0.206248575740157	51
0.10656869831068	0.283811712810282	312
-0.114193813930227	0.776361832719818	312
0.093528840087017	0.274138097019349	312
-0.100097841715116	0.904954146854754	312
-0.077632948153639	0.347087859506776	204
-0.071664336533459	0.240666482727851	204
-0.084601081213681	0.298556912271157	204
0.086261979815595	0.146337614593723	204
-0.08751355127813	0.40903836681734	204
0.069192797112832	0.125749814114987	70
-0.029823517235687	0.299718939205901	777
-0.111933910119083	0.350369857495507	777
0.062855196639358	0.139082315514224	70
-0.033724186761817	0.238619027684294	70
0.059398958532902	0.188706608480293	70
-0.033373369385784	0.0962028074971388	70
0.018804209190961	0.128985743410096	439
-0.114824942003761	0.295580329419035	439
-0.029196756463551	0.260366620029039	439
0.088638114275202	0.130263419141382	439
0.027249027083795	0.0844998473523929	70
0.064186384416594	0.111422943915699	72
-0.014691764953579	0.180896172313378	1035
0.093032346403046	0.067448723057753	28
-0.122054549323963	0.173262836319063	20
0.06850235713327	0.103615748013044	20
0.067579255451709	0.144043117385649	38
-0.025144636479277	0.209832349295711	20
0.108981733913283	0.0855647412723941	20
0.068803269781526	0.122708835496026	284
0.021070531667943	0.124962401832431	284
-0.1089067636318	0.314911602944872	284
-0.08642788250615	0.312945553972877	285
-0.028525008109129	0.206270037169573	51
0.098355146262071	0.110040136795966	51
-0.078361035843794	0.269394507039037	51
0.029376066209842	0.119121026672926	42
0.031953426872175	1.45726988750454	312
-0.069103501432904	0.759617780655888	312
-0.100302762056272	0.807664960990251	312
-0.042486974181316	0.636173906471497	312
-0.050271451876523	0.583139922174838	312
-0.014326552452989	0.305030610807424	107
0.046324896638935	0.177286359585163	107
0.036537742873043	0.201498956419987	204
-0.014930091063723	0.292509794284674	204
0.014158856532974	0.241051585935138	204
-0.065127144939725	0.257300584005642	204
-0.030056640314043	0.217741127691838	204
-0.017092896577369	0.312520537188604	204
-0.107995439110209	0.391893213482424	204
0.014696877064592	0.200996490128599	204
-0.019528185474767	0.181282106369753	204
-0.037445663873381	0.258909773292457	70
-0.035973454843108	0.213877051251329	439
0.09641311717675	0.119399826653923	439
0.085392676364028	0.147378028014928	439
-0.018865241453066	0.178917012356861	1235
0.085303437383933	0.0685647398277569	70
0.095680513831254	0.141076652786225	72
0.040009674290724	0.165517117955303	72
0.112116986964781	0.0839865173611536	28
0.101149357117829	0.0602199302847719	20
0.027076174493568	0.121301011052671	20
-0.123930350335926	0.235804422562911	20
0.020316694481582	0.126690391924703	20
0.098014986564132	0.107401367228871	20
-0.124567437138719	0.272121378344778	20
0.039687608798013	0.159832495048644	38
-0.116794875906469	0.291988763821687	20
0.061920493496112	0.134448188686852	20
-0.079671729037884	0.274758107706286	20
-0.121028938963788	0.227132989928011	20
-0.120448510615871	0.272243954398921	20
-0.116241371661361	0.23031485081442	285
-0.123705506706325	0.304047475801039	198
-0.075422064676709	1.91353538288352	312
0.00751033169496601	1.24391384282719	312
-0.060069132254397	1.22400861950787	312
0.079499125785241	0.510389283698553	312
0.038202990131293	0.311953397404555	107
-0.119240245382252	0.177656553382303	107
0.028378908086965	0.0860146778006772	107
-0.00863364000572098	0.314244986993095	204
-0.00293537518832299	0.27241840013896	204
0.071586927042315	0.207951227452087	204
-0.068032032404207	0.251333865356833	204
0.016275810335061	0.214567092090803	777
0.087671033746337	0.0699594559399261	70
0.085449611535287	0.0701654696624501	70
-0.056361738079942	0.196976751433984	70
-0.072049051955912	0.366008359098388	70
-0.070699770818835	0.319569535263825	70
-0.020253947743039	0.32713351291683	439
-0.094074451129372	0.39423263615502	439
0.057157495343406	0.160997808307793	439
0.110795808498117	0.0854634213564318	72
0.006298133633965	0.190180916378434	72
-0.110539018167239	0.258584919281778	72
0.031250404761157	0.0794650349044047	72
-0.035684416236491	0.0976644493235311	60
0.121358391479383	0.106985400274896	20
-0.054889313764399	0.29116154519855	20
0.026998385657784	0.0867821277358564	20
-0.075497218907398	0.245743082031211	20
-0.00643177222528601	0.217625813732102	20
0.088845711175265	0.0684617037123641	20
-0.111554345010868	0.165760172227159	20
0.060468650399094	0.144014837666931	51
0.031199616750944	0.0856518567102529	42
0.031693895485891	0.151190589655949	107
-0.075555254271659	0.414103005123493	204
-0.082258587383057	0.327447757354879	204
-0.078401244606149	0.29087679847457	1427
-0.06624491233487	0.204427973576339	777
0.035402591963392	0.0811033342417626	777
-0.106846063672907	0.16977523983082	70
-0.030615455415152	0.143869067814045	439
0.01694647359943	0.124910833384279	439
-0.024585849069625	0.25728404512104	70
-0.049858163874766	0.342074573651024	70
0.063094377316728	0.222467574316147	70
0.122724875731632	0.103609736451757	20
0.035645218034596	0.0797204818685667	38
-0.03678489653253	0.0964460336547415	20
-0.029541599186673	0.141583709856535	20
0.098784367142997	0.135680311889292	20
0.058917572372617	0.111461254755216	20
-0.033752998201687	0.149437185581366	20
0.025862556062562	0.0830636205125575	51
-0.11166611761934	1.39629930678967	107
-0.120808150475437	0.264866418769628	70
0.075484614674591	0.182942661799044	70
0.073544991982753	0.149503844683354	204
0.061062986381116	0.186259796176714	1427
0.033133251101823	0.084545409463104	70
0.071947755375325	0.125406798220786	439
-0.015064887892231	0.223035414199705	439
-0.069089166140809	0.208554722721992	439
-0.088012856805873	0.303294337942301	70
-0.055398296365066	0.295276866835064	70
-0.00195615301199997	0.210374330453976	70
-0.043685703440741	0.150802958539947	70
0.034821046777471	0.0838903568248648	72
-0.038444960966871	0.0987462625586103	72
0.080098412134248	0.0701084182543547	20
0.032571845101236	0.0848849970120097	20
0.039250766455913	0.180155762860991	20
-0.034666801812777	0.0997029697152663	38
-0.036059144076533	0.151154308515643	38
0.021098976401258	0.127591259716097	20
-0.038077589807673	0.0984608342885161	20
0.087817479433078	0.102210431072784	20
0.029506477293678	0.0858373609288333	20
-0.114235740120853	0.165565835494551	284
-0.042509991977067	0.101934122656818	284
-0.065076519859102	0.199878334073804	285
0.003937613832555	0.190726017478733	42
-0.06216524676869	0.430707507356656	70
0.071852279189935	0.118612284265144	70
0.010148404651177	0.187963770855395	1427
0.106253966412795	0.0892178083751491	70
0.08948131221333	0.0675394272345379	439
-0.112713287289627	0.492781440509012	439
-0.120836557105126	0.29368658367896	1235
0.058742698605499	0.151803748956874	1235
-0.065625275162802	0.209695153460418	439
0.075436165755385	0.16601408906554	439
0.030522756399335	0.148664415899353	70
-0.08433052425026	0.413967395487905	72
0.006351381542092	0.293345756690994	70
0.114644556306393	0.107445962777111	72
-0.033554504638585	0.0989113001367016	20
-0.030050495256059	0.0957453786530271	20
-0.031159069703148	0.0981044391984633	20
-0.010323689929192	0.257673968079951	20
-0.112768680091278	0.348155119335253	20
0.048318515581064	0.110205128903076	20
0.120289352825745	0.0937986922279017	20
0.087278299254596	0.0687080658224371	20
-0.117885908363832	0.181539308233536	20
0.065456353378825	0.111030609890101	20
0.028697715800322	0.0843173085380875	20
-0.035221187230623	0.0996917527572204	285
0.099292825318764	0.0913778891479683	285
-0.028580795757327	0.209412650074892	285
-0.040001630070306	0.155382466997557	51
-0.11495973176661	0.301037607106127	42
-0.114390772585208	0.181510093629459	42
-0.00959378840408698	1.27315575916448	312
0.090036938160886	0.068676259457546	312
-0.03226996239096	0.0968292699610618	107
-0.09706578055048	0.468693299411311	890
0.027578510093024	0.235436134373428	1427
-0.055261617568912	0.194266591325148	1427
-0.039132565473907	0.091584406104258	70
-0.070157719928112	0.205803515528769	439
-0.073085245594591	0.270489211414816	439
-0.037284967908663	0.241930881999739	439
0.118253373411151	0.105338412610487	439
-0.024409997787168	0.209366371810901	70
-0.114638332491962	0.174951958745581	70
0.017812074372345	0.130817887830024	72
0.000758811429437012	0.190131609215873	72
-0.032183634029812	0.0919973903025776	20
0.078516049410392	0.0973205236134996	20
-0.019611876910009	0.251261671077064	20
-0.00514648575239801	0.218138044834138	20
-0.036334661817441	0.10048957400549	20
0.035196334352144	0.204710566860342	38
0.085692494109526	0.114274002003288	20
0.030954127329924	0.0849130701263498	284
-0.066460977867015	0.246763754192256	285
-0.03678489653253	0.0964460336547415	51
-0.041949673887983	0.0997020403248869	51
-0.048139769593235	0.0982707429680951	51
0.01362587841989	0.130671755649002	42
-0.00246504382202301	1.72535486613205	312
0.066647615868883	0.327116127037067	312
0.050944541793977	0.209965468273561	70
0.011263615097856	0.186097236383799	70
-0.0415584710647	0.509897872268004	1427
-0.00894427719755903	0.33193834819799	1427
0.026932439656411	0.251139797030303	439
0.10851705776459	0.125468125594383	439
-0.018283763552815	0.178077590522844	439
0.064365610809844	0.105158140983887	439
0.088783815480868	0.14113947445216	70
-0.098268277328773	0.361786797523162	70
-0.003733188084655	0.32239519320453	72
0.12032918107252	0.119281308294383	72
0.013275395519319	0.128810134571756	72
-0.075790221479465	0.353215708953612	20
-0.043616633641534	0.0999802149630228	20
-0.119012691520472	0.182343680456661	38
-0.047400343915024	0.150280845929614	20
0.061372943679135	0.109353250899052	20
-0.031159069703148	0.0981044391984633	20
-0.112724578106539	0.173978890426403	20
0.028274243272462	0.116310848066411	284
0.033695112568591	0.0842527587055829	51
-0.047732711020041	0.337526641009006	51
0.068136670151644	0.564792705297165	312
0.035800038617544	0.307685382547846	312
-0.034054981753204	0.452048108504274	890
-0.031446883439183	0.14562111112093	70
-0.000653923643288978	0.333751616148104	70
0.044617962370952	0.176862746900726	70
-0.083472101567373	0.414644823278369	1427
-0.111676815549434	0.177710154760845	70
-0.117885908363832	0.181539308233536	439
-0.038444960966871	0.0987462625586103	439
-0.047682160114769	0.324330927200454	439
-0.015587380535863	0.283996533741674	70
-0.023167087727872	0.35536976128727	72
-0.065404144429019	0.204173317594943	205
0.084206108780526	0.200425698078754	20
0.00207259311186001	0.210697673406115	20
-0.036888952753567	0.099347238411251	20
0.088995406071146	0.0676588625413926	284
-0.058084361309337	1.09113511313689	312
0.087752018177285	0.316209343313796	312
0.074674136485753	0.352776000273859	312
0.069020723816928	0.106192462862779	312
-0.035221187230623	0.0996917527572204	70
0.016769731416361	0.131963074011938	70
0.063654665122937	0.18133147754132	70
-0.044354595166035	0.551798458166498	890
0.055671534172606	0.274519000942291	890
0.081107200847998	0.192050316725572	890
0.050554658891284	0.154463009768721	70
0.010751487184403	0.243917222128769	70
-0.124960078041973	0.707997744052486	1427
0.048085250219718	0.184676417219343	1427
-0.120580853260765	0.175539691567547	70
0.030361676400167	0.0844616484120457	70
-0.039741096782999	0.100867367680409	70
0.026088425217647	0.157683712473682	439
0.086147666366075	0.195292892047456	439
0.028939795459677	0.120972152450168	439
0.050330828003248	0.171678167728946	439
0.046676956810029	0.159413911027721	70
0.072402185824538	0.159903751186953	72
-0.030607766050953	0.0942679306222286	72
-0.107273302366055	0.378322117965037	20
0.06207145153455	0.204817285861003	42
0.112385274702529	0.103077165088789	20
-0.065704451220963	0.201205130417352	42
0.030884816399309	0.0836242271300612	42
-0.076315283814051	0.27059637244786	20
-0.121028938963788	0.227132989928011	20
-0.037343287652806	0.100052395781568	284
0.037579243262677	0.0825751637182051	284
0.0314462311969	0.0836577550685956	51
0.085469650850059	0.0696226927657445	51
0.081274965658176	0.0700443890941612	42
0.114936081818052	0.440767191725126	312
0.09347642524343	0.529906783098631	312
0.096841249777415	0.298648688967463	312
0.107797336094072	0.274677572495995	312
0.065611906978288	0.18611806857661	312
0.084570042296392	0.133006360872752	312
0.060689734641927	0.134134959272183	312
-0.051221263334221	0.278171589713748	312
-0.00876294059756699	0.171436996845901	312
0.052058142431448	0.286582374936838	890
0.027981873828651	0.320066185359416	70
-0.122452913742495	0.50990272505931	1427
0.05432755251224	0.183905599003668	70
-0.107533078653556	0.378603006979231	70
-0.109112862224082	0.547510408669181	70
0.116532631701559	0.106845562730562	70
0.123495654131141	0.104294492347283	439
-0.117958580735255	0.343954688151852	439
0.025150154014475	0.270137323441714	439
0.111029036545761	0.145068727801022	439
-0.075851317563822	0.318278967488917	439
0.080675403815065	0.148338244277288	70
-0.065536988962309	0.310260073480949	72
-0.0629942652674	0.351354548018703	72
0.098740285488758	0.108822600819404	72
-0.033709499262385	0.333851920973258	205
0.031229352579087	0.117310586743807	205
0.084670648687142	0.0691768460062868	72
0.031997199412221	0.0847309034950032	72
-0.031711399386998	0.0964972843217709	20
-0.034934469118937	0.0944173718215948	20
0.087278299254596	0.0687080658224371	20
-0.036334661817441	0.10048957400549	20
0.000207477146404012	0.194967370255615	20
0.040647925363708	0.0775616117502389	42
-0.116433090031041	0.299911573181609	42
0.028191096298551	0.155279172801169	20
-0.008033602557806	0.253393441463278	38
0.019295297082994	0.254388087902095	20
0.08488220164909	0.129776904915284	20
0.105111496035529	0.0894556265821481	20
-0.080044396541178	0.301814069575063	285
0.015245608169146	0.201880770846812	284
-0.037135795510813	0.151037758166957	51
-0.11875116543537	0.173656134943503	51
-0.00149358114186399	0.196186620210157	51
0.017750379903278	0.199925677354359	51
-0.088210188120393	0.307925351600203	42
-0.121150217725647	0.230540497070175	42
0.03962779846429	1.4397913369715	312
0.097804149547712	0.456131968832175	312
-0.070641352140406	1.32053026299532	312
-0.026786529894578	0.443722025934063	312
-0.051712438691146	0.302077217119658	890
0.05024898043218	0.227769891103688	890
-0.115321250681533	0.46444683336487	1427
-0.113266523868747	0.179280777672671	1427
-0.035515216890688	0.331641394477825	70
0.092284482557303	0.126798755847506	70
0.060405462679251	0.185240872181401	439
-0.068219450426546	0.309219352801415	439
-0.068902508207637	0.203607465068881	70
0.061135016148957	0.129653182688212	70
0.014876658641803	0.131408888023018	72
0.017155175958986	0.13269280261873	20
0.030954127329924	0.0849130701263498	20
0.070015899352494	0.105135086643203	42
0.036339119832218	0.182044390551167	20
0.033904435984177	0.18473555121328	20
-0.074027102711954	0.269618983878858	20
-0.000104419134664024	0.232856231482604	20
0.018011976522076	0.211318247244294	20
0.03616068375495	0.185638581066996	20
0.095515894995081	0.125625205698556	20
0.104756678174209	0.102315510336184	51
-0.074282344085462	0.206029193667466	284
-0.114499341895304	0.260556486900148	285
-0.117268817839098	0.268483890937077	285
0.021311881589031	0.198737690323494	51
-0.111893892591305	0.315068082160921	51
0.035507722447459	0.166382666853341	51
0.048139637966225	0.175067763586841	51
0.113200019638526	0.111403189412883	51
0.087805232509194	0.0666634387809195	51
0.071274867562314	0.104082689175665	42
-0.077473983615731	1.79852852795921	312
-0.116920677121133	0.598764889051515	890
0.092776447781225	0.140626480842195	890
-0.026281584011434	0.356615192957654	1427
0.123094409850668	0.126471480078586	70
0.003183836500258	0.255046898444256	70
0.061207407381041	0.11069498311397	439
0.068863089029222	0.179969536881288	439
-0.020971059074915	0.201634733131382	439
-0.040001630070306	0.155382466997557	72
0.028551610816485	0.121838214821064	20
-0.115589332726591	0.225432800996769	20
0.067009455096547	0.108480182647254	20
-0.120130980970654	0.230876559671332	20
0.062643058662956	0.107777368316884	42
0.085984921149392	0.0654351845682698	42
0.029289815817671	0.15157941629512	42
-0.083764257424844	0.327756161495051	20
-0.119283755226664	0.23081280932449	20
-0.106829549539993	0.247715175729252	51
0.034918405832778	0.145844360281603	51
0.054468300523729	0.151554957289617	285
-0.11722697124407	0.295881821522178	51
-0.049693026057724	0.273069191037952	51
0.000949409653794003	0.212428735017217	51
0.073981121392318	0.102743753557712	51
-0.020964146158945	2.01609360890245	312
0.106579616138615	0.470729724843929	312
0.071193692060668	0.210919538171465	70
0.017132446548787	0.238224526689632	1427
0.119993852927708	0.137226520190164	1427
0.056851024542622	0.183317942723006	439
-0.034807924039991	0.334752759581297	439
-0.037693017966135	0.15456792356179	439
-0.083576677531457	0.438512009767583	439
0.00845203206197201	0.247156441763942	439
-0.069497822635434	0.200238874971872	72
0.086362849057898	0.115725719495257	72
-0.077167268962354	0.241805155141767	72
-0.114638332491962	0.174951958745581	20
0.023146004543877	0.127038669132095	20
0.024041258958111	0.125803263257851	20
0.059030810184549	0.13661729948349	42
-0.116201455279064	0.295702047484852	42
0.095330554777819	0.151051532083648	20
0.108027992797127	0.130128060146895	20
0.099712205614199	0.101420698944725	20
-0.058594435721497	0.197142473757644	20
0.124088782293918	0.104371291343446	284
0.033964559047887	0.170315763208363	284
-0.029406668798673	0.20968575888181	51
-0.031059024913433	0.208319725403096	51
-0.117784607112725	0.181191252970988	42
0.088899917711697	0.954022975504694	312
0.111969307176917	0.52292363159296	312
-0.084208624604566	0.522954943949982	70
-0.066028034768133	0.420648422445418	890
-0.017977481381157	0.341603367174207	890
-0.060218333871917	0.420975972066425	890
0.061091387978889	0.239542308383029	1427
0.114971737802479	0.154583439699551	1427
-0.049688609961249	0.364540359130294	1427
-0.015617250443056	0.295965329978294	70
0.099236416584621	0.1340629781334	439
0.023702148761627	0.193472312757868	439
-0.024882618059177	0.313677098884224	439
0.056053930697162	0.211574107821431	439
-0.093076693856059	0.389057660191568	439
0.049087212332725	0.208760697528229	439
0.002594806247672	0.230315886210912	439
-0.074529213457078	0.290402368053217	439
0.0782094073956	0.135376771762767	70
0.065160665267497	0.109201223377252	72
-0.00717665874846701	0.284294916175597	72
-0.026187467996386	0.209094070492509	72
-0.06888883768761	0.206117681438408	72
-0.062800988668238	0.206962461757117	20
-0.050140413915303	0.141865195234531	20
0.031250404761157	0.0794650349044047	20
-0.075965448001798	0.292541758371364	20
0.000579598585225993	0.191289703665027	20
0.071672435616003	0.153438949009122	20
-0.077085396877783	0.294862449563571	20
0.09212438896912	0.112067893770075	20
0.034343303186289	0.170551957814888	284
-0.025172950634726	0.209984500206742	284
0.040019817359637	0.161820091425848	284
0.033653420156643	0.148412832638343	51
0.058857861003571	1.05494482521967	312
-0.000711827496761019	0.313617591131958	890
-0.118174035176726	0.529918314151103	890
0.053081691698651	0.283719846350397	890
0.080689530993724	0.254953127122883	890
-0.034282565481493	0.335620305844626	890
0.046186761565033	0.23721027685257	890
-0.059374943986792	0.358143834907817	70
-0.117538996954483	0.495958694558305	890
0.038898547474161	0.221735445934528	439
-0.048666993149668	0.284753397936833	439
0.072076940615325	0.192402540895884	439
0.037240561757208	0.204454078914952	72
0.107404539407546	0.131748044232241	72
-0.111795311543299	0.25909730521679	72
0.028719256626502	0.0833626227972781	20
0.030609722602038	0.08503352403686	20
-0.117784607112725	0.181191252970988	20
0.108794441338021	0.0861235985850589	20
-0.036428589380057	0.207857469621767	42
0.115590781589597	0.0806143057380398	42
-0.00860624706333502	0.260674148500768	20
0.017505989604824	0.235287696862066	20
0.060846365515541	0.132363087416516	20
0.081050715431139	0.134938153467618	20
-0.026763199377349	0.246615336757796	20
0.023328662937036	0.197204607246339	20
0.092269976506808	0.128097824325559	20
0.031252909407293	0.172830513427021	51
0.115221644028617	0.157096719419491	70
-0.045566326644465	0.379423565067718	890
0.00584945567009901	0.396798028936081	890
0.043508385938828	0.287613037579074	70
0.092055343241961	0.190228125812054	70
-0.120989163607997	0.70741754442325	890
0.092864526659209	0.194203817322712	890
0.039009891203134	0.197722147483188	70
-0.110122286472159	0.494276257976987	70
0.010004461666332	0.281841546437129	70
-0.06212745490459	0.33681490450868	439
0.073157509476044	0.174701070673378	439
0.039599951202705	0.179357248798694	70
0.06905481870801	0.174995234550676	70
0.035027889571573	0.148512289105398	70
0.099903648905783	0.0884428333289624	72
-0.032423013371182	0.21622956146885	100
-0.089881513413756	0.3916265282748	72
0.022792485029803	0.12839482421975	72
-0.108546501760365	0.172044343975115	20
0.09879024014519	0.0629754136756986	20
-0.035781380202666	0.0977859364375766	20
0.021280482537495	0.124060061841167	42
0.1083927156176	0.100511704646579	42
0.119838270300785	0.10545455220216	20
-0.00775203740807501	0.261339321077013	20
0.012786010110116	0.184617612954332	20
0.034918405832778	0.145844360281603	284
0.072996271575101	0.103124855470659	51
0.015766257023634	0.179351020426572	51
0.097868441659232	0.137423446188699	51
-0.00683578751361003	0.217895210417363	51
0.00208891566199701	0.232091002178174	51
0.031199616750944	0.0856518567102529	42
0.043134709592214	0.653906944007935	312
0.063458830353544	0.109326716673302	70
0.00592268418827499	0.188060053034302	890
-0.072532779967914	0.294671945528793	890
-0.00308313020106699	0.272352753122159	890
-0.08351443867637	0.701237435005804	890
-0.106268326464906	0.692486204229049	890
0.112114099799572	0.198146652813768	70
0.012837733108884	0.29779170489382	890
-0.047831019436434	0.427338685473776	70
0.106837988245446	0.129623039050218	439
-0.117500085976507	0.23185117604862	439
-0.016089384262647	0.227233033628649	439
-0.046540718933614	0.347040557561298	70
0.016048230524734	0.181443738426669	70
0.062530393209836	0.181003340995302	72
0.111651214385218	0.125498469690977	72
0.048772068010927	0.156672150636287	72
-0.114748612941637	0.172559671236752	72
0.086635044080705	0.0698099487664053	72
0.088861568491431	0.0677302591191062	72
0.028378908086965	0.0860146778006772	72
0.033943777459511	0.0826846560772573	20
-0.034110007668423	0.0965434778636971	20
0.022375108330796	0.158525265647101	20
-0.03851531237013	0.14781748045562	20
-0.121214080770375	0.456157345841898	42
0.08134996247755	0.136551197881288	20
-0.075259321065168	0.250293706213645	20
-0.12377172000361	0.231523204132091	20
-0.00746626810679102	0.221051191232984	20
0.091148711741831	0.115702330795969	20
-0.108101758158426	0.32139492603272	20
0.074715414911141	0.0984269272207736	20
-0.068581281440212	0.206444272961319	20
0.107346132261995	0.0837935965320749	20
0.074824094597001	0.099896885692877	20
0.019682101690622	0.126794614643191	51
-0.043685703440741	0.150802958539947	51
-0.119111888255689	0.180899303365201	51
0.00754590432357799	0.223334973942918	51
-0.041515198315076	0.149127906284915	51
0.088039980692169	0.250644508692176	890
0.119080244172305	0.196841700367098	890
0.079583542789361	0.196126555391517	890
-0.00688684998744499	0.380613525549	890
-0.000469383295468973	0.231453897764661	890
-0.10665592276449	0.404151527420241	890
-0.087247969699564	0.472105840017509	890
-0.037616806359332	0.214392525462659	890
0.080666683995222	0.22792690791396	890
-0.055079097749036	0.436590963745711	890
-0.082910477604532	0.34106286490716	890
0.021491197682972	0.297811740229042	439
0.076491129938519	0.19733007851939	439
-0.103152259204469	0.373929052022921	439
-0.124544925181893	0.458003669091261	439
-0.123082682087431	0.441608474095793	439
-0.115270827095188	0.176045349901873	72
0.093216280197513	0.113577930918506	72
0.076282383715418	0.0974120884780983	72
-0.057611016828242	0.201876522627777	20
-0.036949261315223	0.148444750387354	277
-0.041908044212002	0.153137372739392	20
-0.118093708159957	0.228463732225231	20
0.066164844688585	0.14718307039894	20
0.030072123688587	0.084402575819922	42
-0.047799266088484	0.271566389817408	20
0.020264830766497	0.197592679440525	20
0.021749794949579	0.129802446007879	20
-0.116842307248421	0.227824675395066	42
-0.040129329025978	0.264059148027366	20
-0.037288090124855	0.150803599600328	20
0.011729926517385	0.186695646155958	20
-0.02208460923073	0.180445700574988	20
-0.08661466926138	0.241091010077244	51
-0.031193822756315	0.257168413042926	51
0.06385703897691	0.127443130503821	51
0.062825036986871	0.128620322148217	51
-0.122207006183237	0.299720519934212	51
-0.020520941285367	0.20424526293444	42
0.119893738483228	0.177674492614753	890
-0.076851190029731	0.644976247715772	890
0.123348802543099	0.229379437731467	890
-0.048887220417886	0.513648677994518	890
-0.019870429109987	0.450431482299092	890
-0.082911933706207	0.376012029538308	890
-0.000521829554890996	0.232210655666041	70
-0.108400670872806	0.346268188147366	70
-0.038159319589696	0.370255258528406	439
-0.120140029095817	0.181916583854437	439
-0.060882922589142	0.189886566938846	70
-0.117432177548032	0.177182878790613	72
-0.086946083044318	0.330875597672095	72
0.030724230783928	0.144352415759009	72
0.09744377485973	0.0896917620882848	72
0.042803046843881	0.137532039573305	72
0.067456885699199	0.108635782903036	20
0.089944714840591	0.11599029825124	20
0.099283113499983	0.107644490281671	20
0.074623824718108	0.138467767164745	20
-0.115533271976856	0.178217174908607	42
0.11876742931636	0.096326617630059	42
-0.027204501965047	0.214695476583603	42
0.043796135609563	0.180286582506679	20
0.044520861832821	0.161440585544535	20
0.120838241488151	0.0908011033886899	20
-0.072135047164086	0.237933670144025	20
-0.114496212739739	0.32791244625177	20
-0.076620937231396	0.275956429633242	51
-0.075596644482622	0.259427751374636	51
-0.11352015373039	0.31502567555734	51
-0.083111136326454	0.387083496570758	51
-0.00898664875569699	0.223995820542891	51
-0.036205971543514	0.244223134675851	51
-0.060191061308089	1.12012465772174	312
0.103365960559614	0.252258737724283	890
0.086759568227158	0.222689021087057	890
0.053518752132354	0.1735498254888	890
-0.00680092029738999	0.475190416695169	890
-0.077613513836836	0.453122442512961	890
-0.03477289331784	0.346499351226438	70
-0.037930163512694	0.36874640355855	439
0.111371333414816	0.199994402333859	439
0.051682276820159	0.305782339309852	439
-0.07508493935894	0.296274035664896	439
0.031747629582172	0.0848483208395658	439
-0.037650765697457	0.435968226340304	439
-0.033330786310714	0.146900932270319	70
-0.039639658467382	0.31597391428007	72
-0.041214745851385	0.283011541853356	72
0.022094533090588	0.122990256044019	72
-0.086873359636381	0.307777989381133	72
-0.10617058778697	0.284896111235087	72
0.097968200147029	0.0912866316849683	20
-0.120274136085046	0.235577582632951	20
-0.118011821351666	0.258758254710851	20
0.018640556375659	0.128137056476816	20
0.034518540255033	0.0835298070606415	29
0.088455639828229	0.0686406426894939	42
0.090921851461383	0.161729643415747	20
0.057951453240768	0.207648604162531	20
-0.067240020097627	0.396453133501785	20
-0.104967669638352	0.462473748110588	20
-0.082857132187959	0.363315126735939	20
-0.061397233683669	0.205144845137062	42
0.090637890313367	0.179914606336691	20
0.03156598221388	0.147630797285269	20
0.066706542723945	0.129969472878533	20
-0.006934489194386	0.193551171859709	51
0.01272959410066	0.200710689861966	51
-0.104658298463818	0.335512102475737	51
0.079239721167378	0.165291337987551	51
-0.076546382191478	0.295484511074299	51
-0.090232852296274	0.33634821383819	51
-0.030289142528749	0.235499498777039	51
0.068675776928119	0.273700482645183	890
-0.072343128947682	0.612920604501465	890
0.032285651866843	0.397195366636032	890
0.047687345770168	0.316495216067567	890
-0.069718527918311	0.477586309895383	70
-0.019948043379941	0.341794371199342	70
-0.07374966089761	0.434351418308822	439
0.028445883771608	0.287570987864367	439
0.065002644872253	0.198941377511158	439
0.053641462446861	0.188975915846363	439
-0.023387859679365	0.322818432602496	439
0.087155468337644	0.143629842611771	439
0.03286858863463	0.182967379948056	439
-0.054341263785888	0.379495847355361	439
0.081890669006852	0.16747212407447	314
-0.025183662887927	0.279219508880142	314
-0.091231857384204	0.379592038917633	72
0.00474456309717999	0.297571620684984	72
0.020277435686684	0.198344966944286	72
-0.115270827095188	0.176045349901873	20
0.024827659473741	0.126943733231067	20
0.058580336168234	0.136310474687943	20
0.00536419934701801	0.192236204231213	29
-0.121567571957702	0.278429371982044	29
0.028129436185106	0.17350180113053	42
0.062282954997099	0.161834805272618	20
-0.119498204347467	0.332714701486958	20
0.123988291041601	0.127484812817946	42
0.077638677426643	0.15431442125508	20
-0.111214634814704	0.297481536570244	51
0.030359871817543	0.148908997054822	51
0.061487365977622	0.18380074834921	51
-0.10427026874971	0.314388304055292	51
0.047488314036646	0.167640035323502	51
0.087244366866806	0.130393512148802	51
0.076120044965614	0.135451789871558	51
0.042045874682079	0.157942135782243	51
-0.022407697484802	0.206821505517531	70
0.084926796270785	0.185900805298858	804
-0.090709298219804	0.775042945191333	804
0.076272994051412	0.196723235347296	890
0.010874131776005	0.412747738673355	70
-0.112392960548208	0.62496746778594	70
-0.072035592775345	0.550075219481287	439
-0.011279493483767	0.387725291937192	439
-0.025116992605514	0.331993747014788	439
-0.070334605018225	0.408045187817747	439
0.050636467075913	0.184010216247981	439
-0.012333953976643	0.177595641544464	314
0.023819731991343	0.23240289749524	314
0.04328756121861	0.160335754240766	72
0.124571749415648	0.11305783926304	72
0.039836864827013	0.0797159279295881	72
0.023119100855344	0.0852611612353138	72
0.032883247237533	0.0836858719890332	72
0.033175227816199	0.0780699906047043	20
-0.031888903821783	0.0962298133777609	20
0.00326647829283999	0.207391923477597	20
-0.015674694607624	0.269090887232578	29
0.073527334762246	0.120109811791562	42
-0.062175522641076	0.196292654130646	20
0.087558288350191	0.158559005562384	42
0.045821436283931	0.179222738232433	20
-0.12455455301947	0.233891612566602	20
0.053672481962909	0.173067115167956	20
0.00203420252557401	0.190619898058583	20
0.092387975546128	0.0673817443342374	51
-0.072967711757721	0.234305300777717	51
0.047345117238597	0.158470709493709	42
0.087526460867269	0.501566935078867	142
0.071850598012944	0.459767152389493	142
-0.082865212527323	0.859593417037154	804
0.040587407976132	0.550304936535826	804
-0.00941582835031102	0.472856066960226	804
-0.025202339332926	0.348668073042448	439
0.122699057323584	0.101679808622218	70
0.065390844122632	0.160828363852473	70
0.042671398914032	0.194677721263817	439
0.050402638518162	0.171466945746581	439
0.071234208438935	0.141649673086369	439
-0.089466269713501	0.33815092527687	439
-0.075314833307731	0.319257528269607	314
0.063130804827858	0.13342715490744	70
-0.10196990695829	0.424933567732792	72
-0.027808149187039	0.230652556124484	72
0.032571845101236	0.0848849970120097	72
0.026078828747882	0.124724875609578	72
0.088455639828229	0.0686406426894939	145
0.082458284515653	0.0693594727346167	145
0.089944714840591	0.11599029825124	20
-0.070948337302644	0.242790096254819	29
-0.070666602901931	0.337341873367326	42
-0.110096598428024	0.291041756847157	20
0.042308481118317	0.179584487571172	20
0.107356926080655	0.0998948097624194	20
0.097244714918064	0.110765054722772	20
0.06877363660689	0.158838011710483	20
-0.056965997178913	0.201842053568975	20
-0.00869676774702799	0.174927798261278	51
0.067029254066685	0.106955955149575	51
0.093183316775752	0.113662111772621	51
-0.107936851904626	0.361722906265455	51
-0.119363687702301	0.176013346741241	42
0.079217464000368	0.646200242020315	142
0.058533824735887	0.636639104193365	804
0.000561638239215012	0.714143866189293	804
0.104857131744982	0.241137739023198	70
0.039891078671225	0.16440179671421	70
0.068100698080471	0.212956950573368	439
0.04185193340185	0.183075150676668	439
0.065544126321638	0.211340398788151	70
0.068707482835354	0.107513788662522	439
0.033133251101823	0.084545409463104	72
0.08032902312576	0.134221631067307	72
-0.11823754022335	0.326564052848832	72
-0.061464310475589	0.229495878919031	72
-0.021145848415707	0.250475707226155	20
-0.119012691520472	0.182343680456661	29
0.087666528338839	0.0694744792868073	29
-0.044288305436767	0.0975293715241797	42
0.070003657843561	0.106466253369562	42
0.100858192414114	0.128178146020486	42
-0.0727433565734	0.287976506336464	42
-0.031897360847043	0.217571601648877	42
-0.029550602294058	0.208514831297216	42
-0.077538891950725	0.244400794173926	20
0.062749239539072	0.147919825183865	20
-0.081845595915297	0.305552316655739	20
-0.042837193074253	0.267636131868729	20
0.031861636924331	0.151788059593956	20
-0.082566159498447	0.357066854301082	42
0.075059789412423	0.157689325119062	42
0.123428403852205	0.115699291225223	42
0.01589598591883	0.200171800076616	51
0.121540045911674	0.0951756283040604	51
0.108833290834103	0.126348033911723	51
0.051998910687365	0.166749027673404	51
-0.114955131587715	0.353780970614753	51
-0.048538208631323	0.272698705643839	51
-0.00498163586841	0.21099929521244	51
-0.118877977643291	0.230235955297894	42
0.116365792313834	0.667776510275221	142
0.044047504498769	0.482352299568462	804
0.03295088320553	0.328857624495809	142
0.003747404674765	0.252680306573803	142
0.027658917946752	0.419816570359449	70
-0.111575745546715	0.177868923317431	70
0.099626198960961	0.138150244506066	439
0.092918988772896	0.14194416768914	439
-0.035684416236491	0.0976644493235311	70
0.094226252835513	0.0661305133209542	617
0.030858868918491	0.0832456220941683	617
0.027561090956687	0.0839793512558072	72
0.036326346150995	0.144883791185056	72
0.010640090625555	0.181865315252378	72
-0.120488331119661	0.177680474042401	72
0.090806784321046	0.114670493083916	72
0.00238752980385401	0.230306762552588	72
0.030026545565569	0.184559016630228	72
-0.044342619107932	0.245145612431238	72
-0.11388349261154	0.343387026800288	72
0.04157170373611	0.158627180668309	72
0.115868628189547	0.108251600063986	72
0.066032959526155	0.106661509823914	145
0.030051924510389	0.208018626162838	145
-0.079689826915885	0.247380619993608	20
0.064963471961866	0.130258641484235	20
0.090834097271021	0.0670397845703292	29
0.096823490944476	0.0611150714246853	42
0.092011116166636	0.114374098064879	20
-0.01359681914563	0.173389462299753	20
0.030503000102572	0.15340828165888	20
0.064573217267619	0.132228877649734	20
0.12206205057832	0.102226481371331	42
-0.035295148625706	0.239605226386842	51
-0.00639309543518402	0.803300163005913	142
-0.100524047537084	1.24620660251538	142
0.063156817754257	0.162911243782666	142
-0.071811200954902	0.42878835273759	70
0.000880400231731998	0.254562636723381	439
0.094491176675161	0.109530582585795	70
0.031833225639883	0.0784130498403889	70
-0.033554504638585	0.0989113001367016	617
-0.039741096782999	0.100867367680409	617
0.112573521499786	0.121932264677879	72
-0.101777286881949	0.374809099309001	72
-0.086117350141793	0.373094081064069	72
0.04698518295256	0.15890886072963	72
-0.019348207495879	0.177714160001148	20
0.027534996314607	0.190917559841808	20
0.066519383122609	0.147244061034448	20
-0.014960451019789	0.173146977698895	20
0.035954743729463	0.0832571614702204	42
0.099638446137901	0.0905441343574502	42
-0.075804866869961	0.26806753646252	42
0.088854197444729	0.0696020296961957	42
0.006298133633965	0.190180916378434	20
0.035580205949874	0.148764297343699	20
-0.118665709991041	0.269548487035497	20
0.115125062460615	0.109552506141608	42
0.029353632315837	0.118610796676751	51
0.093408259217506	0.0935474551872025	51
0.032843764294872	0.169343257034755	51
0.049044619510544	0.126338084373481	42
0.012108132181178	0.520791368818988	142
-0.093460196991157	0.933116934424074	142
0.00734120565913801	0.223550703030694	142
0.015445604206115	0.201437628707628	142
0.030609722602038	0.08503352403686	70
-0.040284907656339	0.147574042667749	70
0.06261782699545	0.110688716075371	72
0.119027519678567	0.0956256909709171	72
-0.065777609888016	0.198890243074	72
0.027520553889547	0.120789774202004	72
-0.019397861063914	0.177885068890809	72
-0.112901863261128	0.174250432478318	72
-0.031159069703148	0.0981044391984633	145
-0.04270909924011	0.15351816250549	20
-0.042509991977067	0.101934122656818	20
-0.039003215206477	0.100328574963044	20
-0.034484314312499	0.0985437623557484	42
-0.041405672757444	0.101142567173792	42
-0.041405672757444	0.101142567173792	42
0.032324764969356	0.085014775594618	20
-0.047612026009991	0.0983757158367387	20
-0.118807115991936	0.176282427884228	20
0.088455639828229	0.0686406426894939	20
0.023119100855344	0.0852611612353138	20
-0.122923463330242	0.226113025289882	20
-0.00489884359894499	0.170614482589308	51
0.067174841594187	0.108030731820904	51
-0.117432177548032	0.177182878790613	42
0.031199616750944	0.0856518567102529	42
0.00332165034506801	0.953421387376838	142
-0.062891641124015	1.19722255653686	142
0.058424970546423	0.467184270139486	142
-0.120140385544288	1.20359453248259	804
0.094712985798305	0.235982809788243	142
-0.069147293288167	0.364672614036611	70
-0.011657851004012	0.301252569195959	70
0.021061616605592	0.127120816628167	70
0.086635044080705	0.0698099487664053	70
-0.109667923888382	0.174111310931193	70
0.033441473621578	0.0835093584105645	72
0.111388365815383	0.0846684501389479	72
0.077856470555896	0.150419389794763	72
0.050430720958288	0.191649394341483	72
-0.059325828081262	0.303969858136264	72
-0.105452218019271	0.318051036229062	72
0.069360681771765	0.124568239881888	145
-0.079431276284937	0.275818869735665	145
0.076670225344464	0.135350065380103	20
0.028378908086965	0.0860146778006772	29
-0.11857356894882	0.307348061210542	42
0.03296795306155	0.150644814145535	20
-0.00985434860742101	0.174824453229208	20
0.067029254066685	0.106955955149575	20
0.107138166710699	0.0859001556276609	20
0.116729312259127	0.108272212236292	20
0.107485233470856	0.11385207013935	42
-0.073381650489928	0.34243483328332	51
0.095026600945174	0.140221888031115	51
-0.00289974194135201	0.237723423070901	42
-0.071587750011467	0.244677701896576	42
-0.115077897917912	0.176890716994951	42
-0.043115231976665	1.32771183569246	142
0.072592611355867	0.53120153912037	142
-0.048667240685953	0.33593013210979	142
-0.00355752463679698	0.162590606074782	70
0.102174427016527	0.0918867994182428	70
-0.034484314312499	0.0985437623557484	70
0.058922404130928	0.209167468839774	72
0.018545217107729	0.219248656945271	72
0.104297081600424	0.119386839542971	145
0.037579243262677	0.0825751637182051	42
-0.100079613478212	0.300467157583309	42
-0.118116521335018	0.178918194511043	20
-0.013146286452923	0.224474143901631	20
0.110641097825637	0.11485656601111	20
0.096515123321401	0.122383223475152	51
-0.002164286270324	0.23662723596267	42
-0.044954677736748	0.289069207661029	503
-0.036334661817441	0.10048957400549	42
-0.04114057608971	0.151626843775602	42
0.031693816811869	0.579538205294286	142
0.049586429189933	0.173955166119546	142
0.106842326010067	0.0870199526146244	70
0.091588393687909	0.18013469942267	142
-0.077215540341136	0.317890684969858	70
0.11189915744818	0.125157513780999	70
0.02542821996264	0.121379520895321	70
0.025215299059439	0.124099681416739	72
-0.02570019739941	0.250878450899591	72
-0.034822913509712	0.220136810161795	72
-0.065343462587411	0.208651453924406	72
0.108170383656084	0.0849434441678974	145
-0.067813658877412	0.207021643638576	145
-0.079322499764146	0.246374010816241	145
-0.061426735838642	0.203785837641691	145
0.060003430641501	0.132734908049621	29
0.103605001737631	0.0873258322603207	29
-0.013452594417971	0.172134054603798	29
-0.119896411348725	0.229900957173682	42
0.063820456680111	0.133459544178253	42
-0.032521178828651	0.147024906338229	42
-0.039003215206477	0.100328574963044	20
0.107807130702201	0.0867810774772932	20
-0.124519686789915	0.304736527402694	20
-0.124824238908674	0.237867098360064	20
0.085449611535287	0.0701654696624501	20
-0.038090707783159	0.2391667328963	51
-0.041950998296607	0.248604549284728	51
0.083521127133305	0.113954497339728	42
0.048706913557379	0.135190045212176	503
0.113072198848587	0.424553200873567	142
-0.017431166716872	0.888446248820335	142
0.093759897627109	0.262273072227184	142
0.06708262262015	0.130350341689385	70
-0.017984225632235	0.341604760078804	142
-0.048934331515576	0.276103645111833	102
-0.087318442325023	0.332129752628959	1935
0.093108968654919	0.111627250465349	72
-0.06012251164859	0.202819240882451	72
-0.122739263361742	0.176689017891563	29
-0.054852463018729	0.19159773797842	29
0.081667103988582	0.0673200710716551	42
0.035395233325982	0.147134550209234	42
-0.083541095000247	0.300517758751013	42
-0.029604943536941	0.214056684826062	42
-0.030551429898165	0.137215788363096	42
-0.032821156918564	0.0988815735560713	42
-0.043436112072538	1.16612271571897	142
0.079564413412463	0.493857776795941	142
-0.066580808581876	0.236045535436502	70
0.109867353355245	0.161102831986666	142
0.056741519548892	0.203244002040816	142
0.067163351435843	0.108190474703591	70
0.054544516886657	0.187209397488128	70
-0.038678915106647	0.149478818247592	70
-0.036243974908356	0.0976634706791572	70
0.069498944555464	0.125135245351715	72
-0.00852028536234101	0.217270960517269	72
-0.011028568266264	0.22393834223697	72
-0.025471510363196	0.207173002810424	145
-0.113246385818138	0.329881526502812	1042
0.110254634941952	0.0855406940826241	29
-0.03968700452328	0.154256465120477	29
-0.035221187230623	0.0996917527572204	29
-0.013982764671511	0.179875755007125	42
-0.122722495850646	0.380362071965269	42
0.017598456298718	0.128793554623931	42
-0.00412036681691602	0.221526564739631	42
0.042060283260736	0.180698199373699	42
0.000233882504747013	0.213006642274597	42
-0.107994100844077	0.170397255107757	402
0.099074429413964	0.53188223234011	142
0.056817265275063	0.11156107117349	70
0.051825196834947	0.167057599813753	70
-0.034110007668423	0.0965434778636971	102
0.042172657837289	0.188740601628537	102
-0.034110007668423	0.0965434778636971	72
-0.015109374147846	0.178585571398266	72
-0.006283975769316	0.241924040233993	72
-0.072848673347474	0.271184367159745	72
0.04405182973572	0.162358501039526	72
-0.055379892972764	0.197153662860551	1042
0.024490973123415	0.0849086834958781	29
-0.114734916732731	0.216428863111585	29
-0.122905691976393	0.303585932963055	29
-0.040831073210723	0.152870434535431	42
0.056088583938156	0.110626228542146	42
-0.113929514631408	0.177049201800859	42
0.000813832767176004	0.158521834996944	20
0.107998828830119	0.0861384551120021	20
0.064270366436394	0.13159730092578	20
0.010237561844469	0.183031122028584	42
-0.036243974908356	0.0976634706791572	402
-0.119024844907736	0.466196158579674	2061
0.09879438014622	0.0625969506985082	70
0.032402251442697	0.235253019248857	70
0.024569009962125	0.123282900758313	70
-0.031711399386998	0.0964972843217709	142
-0.033596066807824	0.147659322797698	142
0.093196566784557	0.0644431852428494	142
-0.115533271976856	0.178217174908607	102
0.044457554949156	0.202312767437876	102
-0.012192222767971	0.247374166790089	72
0.012180483411856	0.224124085977891	72
0.121492920722221	0.0945803376536207	72
-0.044214235022884	0.24769199253407	72
-0.084668470722139	0.270443378459425	72
-0.027307817292551	0.227623184137656	72
0.076324833297203	0.136922108566394	72
0.093352697563848	0.111228211977364	72
-0.072571310733394	0.272684993789607	1042
-0.113319145801918	0.218460007930322	145
-0.042509991977067	0.101934122656818	29
0.029506477293678	0.0858373609288333	42
0.066981687383031	0.16123758031387	42
-0.040949105383373	0.284933363916585	42
-0.05474557323013	0.194527897348777	42
-0.028204895138754	0.230086591694507	42
0.108501196684561	0.0851334883118031	42
0.12115428778192	0.0911122642061692	42
0.109775245105889	0.112979830668378	20
0.095455665483946	0.108358224104329	20
0.118730049998211	0.097092964770582	20
0.045131905084357	0.175356343989616	42
0.094726038326394	0.112284239791164	42
0.100368909737242	0.154434154518246	42
0.044740137961458	0.195961303865192	96
-0.086506995262722	0.305305901694978	96
-0.00269588223681999	0.213332137334165	96
-0.029552487014776	0.138849506151602	402
-0.11699334151516	0.178703921562146	402
0.096307306030749	0.137563003339972	2061
-0.042280348796977	0.291462905893375	70
0.082610654445391	0.147952525298582	70
-0.105723633435351	0.169575715948803	142
0.099830796610448	0.0914753091297084	72
0.070503128575984	0.142354836326464	72
-0.041230946746289	0.264417494585797	20
0.064076643175513	0.147788982169908	20
-0.028078506690734	0.258211384676722	20
0.023977406987403	0.125179091546095	20
0.108263305771929	0.112763291611202	42
-0.115324667350801	0.331218214530118	42
-0.039179528953552	0.0992222010404019	402
-0.035781380202666	0.0977859364375766	402
0.030152867214356	0.370619225708057	142
-0.00978968081866899	0.450221706753462	142
0.020964985290283	0.307135424909659	70
-0.04680020992185	0.383126378376287	70
-0.105210149452698	0.442634700971966	2061
-0.081685722224222	0.411034549627973	2061
-0.027078193452839	0.32397919813122	2061
-0.107305351234444	0.453493798297171	2061
-0.047726786134362	0.347491693903418	2061
0.022549327214517	0.152525973052137	102
0.022271819004551	0.193918809265621	72
0.123538146990655	0.0937500479007818	72
0.023153373648635	0.12123695461007	72
-0.111932123360035	0.179325288797912	613
-0.047043521028116	0.100061325242159	613
-0.119014523545494	0.230946274155865	1042
0.07010979798612	0.142431796810119	145
-0.056976206152459	0.189548836599937	29
0.072516317722451	0.139958524666082	42
-0.026263112747947	0.204511323968926	42
-0.00248254887708499	0.215438217263321	42
-0.123101880129941	0.279324118827623	20
0.000480785573379994	0.192501706929732	20
0.104382285847644	0.0908412864918794	42
0.106314720112762	0.144993802207991	42
-0.042977669204026	0.266916112538198	96
0.052428763004456	0.189718114648585	96
0.070975583201571	0.122171468713319	42
-0.031988149467905	0.285379883549213	402
-0.106007667229438	0.28319168412961	402
-0.029914247464224	0.213073499784158	402
0.041430688105791	1.56838639401774	142
-0.014458727641775	1.6791895890626	142
0.105070435102726	0.461621861862489	142
0.024154445997932	0.299729675511522	70
-0.04783360779588	0.27620306645964	70
-0.029236630851986	0.217495266964931	70
-0.00970371806833198	0.22461957357091	2061
-0.102290414629272	0.395319357636012	2061
0.090318874035384	0.158291960549891	2061
0.098013761706838	0.123100651932762	2061
-0.052464145975433	0.352348402242771	2061
0.00456275207859	0.247372111335806	70
-0.108707021976351	0.324571435966295	2061
-0.018301100563516	0.27351105322369	2061
0.115989590398117	0.105956227116616	2061
0.095649828543542	0.112760023212351	142
-0.068934115057656	0.262944179117364	70
0.038122539363298	0.200389142998755	72
0.06959852439451	0.136952817225907	72
-0.037288090124855	0.150803599600328	613
0.027561090956687	0.0839793512558072	613
-0.113266523868747	0.179280777672671	42
-0.123699116375005	0.366015712674284	351
-0.120470998050623	0.29689100406761	351
-0.00264298124529599	0.165791516031425	20
0.019808607705287	0.12773462679489	42
-0.110789889558079	0.174887743481813	96
0.03941538613616	0.164284617750183	96
0.009061696075154	0.19748920334203	402
-0.035551163430509	0.209752558405014	402
-0.081447917112717	0.603638530432301	142
0.112815765782726	0.245207395200572	142
0.058824754619341	0.182569906552905	142
0.04460312070042	0.347730342244416	70
0.119592328176204	0.107696657020965	70
-0.008888352129443	0.176327959172879	70
-0.10177515174713	0.511782459341304	2061
-0.032398593600196	0.216699661155048	2061
-0.011190384668968	0.365454902526072	2061
-0.097884599763328	0.410391600691789	142
0.10736078722874	0.138157804971406	70
0.085281407717186	0.186650025166384	102
-0.007483993256582	0.238327182897639	72
-0.070263611901653	0.243670174199058	72
-0.040334744295181	0.256445546794345	72
-0.039120545354252	0.0982326823496038	72
-0.113404686217176	0.169943548568737	72
-0.044288305436767	0.0975293715241797	613
0.093997809008724	0.12660656163815	145
-0.014748717137278	0.179689131145946	145
-0.075793892183604	0.29766523327563	29
-0.01616896274242	0.372871824041414	29
0.118406608302236	0.13228765366843	29
0.013418442907115	0.290516807020227	29
0.008095882802237	0.123827503546806	746
0.120941997679688	0.105623519506773	42
-0.021775172769856	0.2524937949432	351
0.068694501508261	0.14284562797291	42
0.068445921755637	0.108258609831653	20
0.095780861897669	0.0644270818473371	42
-0.122844884493814	0.178994553988468	96
-0.043071318843924	0.0994935601069163	96
0.082325593618949	1.14020371944079	142
0.095959941196055	0.587239948722225	142
-0.058723487860789	1.30046471997349	142
0.028874866341315	0.251176903585086	142
0.121103522070293	0.178310889127977	142
-0.059977747901137	0.485872353992569	2061
-0.036567119020283	0.393930881063769	2061
-0.110100133633918	0.410424324081813	2061
-0.014275235608562	0.279945327466982	2061
0.055802927991772	0.222963043903375	2061
0.029064650781954	0.297928267119656	2061
-0.055902320942628	0.322510966194076	2061
0.12133173485166	0.10643839146349	142
-0.03738937977961	0.245058956504845	70
-0.025979434909565	0.327560933902586	102
-0.047896822781331	0.270353558660387	72
-0.037450417018744	0.0985460555820956	72
-0.10843654129695	0.173138477570059	72
-0.039673644675882	0.0981180899957098	1042
-0.038444960966871	0.0987462625586103	1042
-0.123971474965385	0.177767955888436	611
0.01262992813719	0.245731487344038	29
0.09670080722816	0.137611731981132	29
0.031251787486271	0.0794260058400662	746
-0.069200113848963	0.262949666101943	42
0.010376891357145	0.270663979792099	42
0.097091377973885	0.134033615369364	42
0.043578990168598	0.163957719704682	42
0.020028275806587	0.125851797495395	20
-0.036888952753567	0.099347238411251	20
0.029506477293678	0.0858373609288333	20
-0.11891110380594	0.18077343603372	96
0.023146004543877	0.127038669132095	96
-0.038023992162108	0.149222067938101	42
-0.070901635338506	0.286030784349923	42
-0.059246619725199	1.95011012534355	142
-0.051238612503952	1.60547982678125	142
-0.10002995688922	1.0207932484186	142
0.091800504450796	0.193450881083295	142
-0.0106747990911	0.333793845648829	70
-0.055283933075182	0.349146528836065	142
-0.060488004750174	0.447024070826973	2061
0.00366389979352	0.277948828103544	2061
-0.057435954368229	0.362471437736622	2061
0.001556501960846	0.272739363220026	2061
-0.066872293902519	0.387112061300634	2061
-0.080624235163291	0.346997035802699	2061
-0.057611016828242	0.201876522627777	142
0.022909999207834	0.168861224053787	142
-0.00770256928496499	0.215418009892407	142
-0.022822415873991	0.254274537815163	102
-0.08926911217929	0.332788728643332	72
0.110224557233564	0.114354272167193	72
-0.033752998201687	0.149437185581366	72
0.08844439565035	0.068113421679743	72
-0.028752673190078	0.0925546551709775	72
-0.058846843643126	0.198786623026871	72
0.026998385657784	0.0867821277358564	145
-0.110898040023737	0.171396730816738	145
0.011743593862472	0.131342968843869	611
0.041569935322709	0.138292065548696	29
0.096228546704271	0.122093129276698	29
0.039533589421039	0.156188295050927	29
0.069713984594102	0.10443411059654	42
0.037198793007545	0.169526227716013	42
0.103471115421685	0.0858125845380185	351
0.096453082196264	0.110486245349099	351
0.040718752217053	0.179640947684755	42
0.062982734919314	0.134085712843741	42
0.033384338727619	0.0837178281943874	20
-0.047043521028116	0.100061325242159	20
-0.014691764953579	0.180896172313378	96
-0.110214195796788	0.256400665500589	96
0.0594554167153	0.357582867146731	142
0.071478842558922	0.436399809700784	142
0.104442166809956	0.15016909622528	142
-0.099363283953182	0.368869097458035	142
0.063051460467343	0.105988065762994	70
0.08241700101892	0.223886863622929	2061
-0.080210777528078	0.314347573551356	2061
-0.086093997653655	0.517825284811947	2061
0.083110158822618	0.262772048166856	142
-0.085698321943478	0.413798917486044	142
-0.00125858288877601	0.254682905979865	142
-0.017892406991943	0.293759072214964	102
0.0637069353838	0.200663698835937	102
0.112999851302531	0.0823276910466952	102
0.033685038268665	0.0826909760795535	72
-0.040106085879917	0.0990256675498028	72
-0.040669797870961	0.0945744440599321	72
-0.110679325776411	0.173551971799259	72
-0.043071318843924	0.0994935601069163	1042
-0.030262228742093	0.38517067192831	29
0.00542424050533699	0.223083156122078	29
0.033943777459511	0.0826846560772573	746
0.066940947135513	0.130228071283468	42
-0.033752998201687	0.149437185581366	351
0.006746888902816	0.18758340263218	42
-0.069727983210769	0.205074419420284	42
0.05357046438999	0.188215109255762	96
-0.034405099994732	0.149105714312775	96
0.065456353378825	0.111030609890101	96
-0.072727260335142	0.242693996627133	850
0.02919748538353	0.117417877089159	850
0.100481619038708	0.672807610736705	142
-0.053631900581705	0.520217637507472	70
-0.073368861136861	0.488421100861048	70
0.026949060047426	0.337606057316359	2061
0.038982586086199	0.265538653258842	2061
0.115637967533448	0.119816027959997	142
-0.106330308849152	0.339562723311521	142
0.09163386676587	0.12401469762365	142
-0.023780114936579	0.288842322331056	102
0.10585647141315	0.130951661127416	596
0.085570350596852	0.127765460297878	72
0.02418736577387	0.126119700976863	72
-0.042509991977067	0.101934122656818	1042
0.12183633465459	0.0934724969317161	145
-0.00400027942722597	0.212481913159901	29
0.023626818793251	0.149678814195901	42
0.026268425351989	0.122233038706571	746
-0.120357711238341	0.354282225328125	746
-0.116832568491676	0.432634916367224	746
0.043430115933758	0.18059357103647	351
-0.021578719695405	0.241165705628976	42
-0.013426520639803	0.181067001686311	42
-0.027742456664444	0.210558593365006	42
-0.04028379178964	0.0973885165614567	42
0.028079865877997	0.083207074051068	42
0.024827659473741	0.126943733231067	42
0.116430663402667	0.0985538670931837	42
0.023146004543877	0.127038669132095	42
-0.115825070173183	0.224936293368843	96
-0.050109078992275	0.244880551344632	42
-0.023904280083911	0.180109172720131	850
0.095176733167819	0.139306990754848	850
-0.0288731043664	0.22262531908569	850
-0.037392116676248	0.499292714311456	70
-0.046443787658663	0.370635675050826	142
0.058821506210999	0.133841563726297	2061
0.060104111887394	0.199587852711076	142
-0.069524974020382	0.439584623439525	142
-0.120696580410504	0.317464739323917	142
-0.025372328886456	0.249823377581387	142
-0.00918924469522597	0.222780416819943	142
0.087265751007017	0.0687752633996953	142
0.100659847041929	0.0929076657637487	142
-0.041908044212002	0.153137372739392	70
-0.120239509800884	0.18169644609744	102
-0.067461281237839	0.36015216245709	102
0.09760105442615	0.151047701655417	102
0.048853510613793	0.154960107128397	72
-0.043071318843924	0.0994935601069163	72
0.013689819582018	0.130581843560532	29
-0.122699397389933	0.320701926353934	746
0.045331973839984	0.159870517138504	42
0.070015899352494	0.105135086643203	42
-0.054656359221611	0.196794789327885	42
0.09439868461363	0.0891339995794034	42
-0.012934231895979	0.179136368032391	42
0.01694647359943	0.124910833384279	42
0.00248858133617699	0.189265711009921	42
-0.055612431286191	0.196600265710058	850
0.10144735327874	0.0904087343576756	850
0.034127108828935	1.45013938789336	142
0.00435212859161499	1.22696670564379	142
0.024769729066023	1.06394492520474	142
0.112724593324615	0.235461315317799	70
0.074384271880655	0.221604597226713	142
0.061274886125657	0.263621697621095	142
-0.104297630256882	0.51137532560724	142
0.065510216809909	0.203659543244355	142
0.111893227730058	0.19751269412325	142
0.00296883876192899	0.42238091822724	142
0.081525274606508	0.21886612841234	142
-0.00354536651543702	0.237482811680796	142
0.060908795660556	0.182118586882239	142
-0.080313337861327	0.323906114685096	142
0.041194599304424	0.162665238218955	142
-0.114601464017651	0.224051033219096	142
-0.04491680188182	0.298265394605297	596
-0.065101456596121	0.204872569338403	72
-0.060440636240725	0.203858173828887	72
0.063503835388655	0.132952219423348	72
-0.044920029039733	0.15133377367707	1042
-0.110450507270413	0.177690109107766	72
0.114322844849793	0.0800963290225985	145
-0.064130665350628	0.197670125057181	145
0.023111392683091	0.158249762286265	145
-0.041078746481431	0.155644548885539	145
0.020851641458529	0.127987947587978	29
-0.111550980776482	0.317669808944785	29
-0.040263603468551	0.290414759851511	746
0.088738937712705	0.116882097516556	42
0.075513933842324	0.150672139392263	42
-0.117680909364998	0.177954676865524	42
-0.058528229762853	0.197579563569467	42
-0.108482788093527	0.286930821187775	42
0.049129697610654	0.155625048014923	42
-0.047156006145871	0.274517586178636	42
0.054275242634488	0.150700059506331	42
0.068898069720078	0.145629280257488	42
-0.070358224403925	0.242124364819595	850
0.066537343086507	0.160765459182873	850
-0.06666404952031	0.191513987783469	850
-0.039439187758029	1.27044612367737	142
0.069360067456451	0.356898698505578	70
0.120048608154648	0.17859573059504	70
-0.028802299132086	0.369376872512225	142
-0.065576147459254	0.426433136435826	142
-0.089216653703412	0.508865743349622	142
-0.07233859475291	0.540435029647877	142
0.094074029250148	0.137884220194367	142
-0.00525302805328998	0.349306812764734	102
0.033119128038001	0.151511722339943	596
-0.059195836109329	0.204233156307904	72
0.018412534285477	0.132064584056127	72
0.025228172536769	0.124566814217739	72
-0.113950692668896	0.176707297794156	72
-0.037288090124855	0.150803599600328	1042
-0.036205971543514	0.244223134675851	72
-0.041632722730228	0.151551089692114	72
-0.029301819785541	0.0929450301209328	72
0.018152054685833	0.123413221986807	145
-0.034666801812777	0.0997029697152663	29
-0.108180383927448	0.167949601325928	29
0.06585520069956	0.130971802619738	29
0.10540940118605	0.0880905938369794	29
0.029510071408846	0.185671196174013	746
0.09245578622965	0.123298203514068	746
0.094179276240256	0.124795701687676	746
-0.019751798106992	0.226079652052115	746
-0.075625760704234	0.275067157026601	141
0.118345190860007	0.106997881905723	42
-0.033669792294014	0.240708447270114	42
0.062913398411201	0.133146249978242	850
0.040009674290724	0.165517117955303	42
-0.03969964140418	2.04435207723981	142
0.006991750582023	1.33486995428812	142
0.060856037100143	0.341527593293153	70
0.003657987007914	0.532915890482396	142
-0.113941002028652	0.680081920518364	142
-0.00851036479818201	0.339057273434086	142
-0.083671977285532	0.596849340855327	142
-0.054710360821288	0.44016032153644	142
0.033186839817349	0.25365935737371	142
0.096180875259668	0.152356524056348	142
-0.00147815228116499	0.426901933531702	142
0.015530961916003	0.253727495035093	142
0.12476089258409	0.135401757332304	142
-0.122907866867132	0.411304337032347	142
0.031298696467664	0.209613307474359	142
-0.044220550461424	0.294645326585529	142
0.101449182813447	0.132671003966747	142
0.031262498635658	0.243258259081646	102
0.068670042488448	0.177930340114195	102
0.00314566719647499	0.280006824103349	102
0.057707280329135	0.224421089362087	596
-0.082453198146583	0.2459779685144	72
0.031997199412221	0.0847309034950032	72
-0.114638332491962	0.174951958745581	72
0.030609722602038	0.08503352403686	145
-0.048235549699561	0.334132845059381	29
0.097185670233792	0.172744609987138	746
-0.088392953944913	0.345375365556866	746
-0.106863374994523	0.275394296495404	42
-0.01746228697181	0.243741719081831	42
-0.030509410340022	0.216560834624802	141
-0.038488930838046	0.290873580966184	850
0.062900023602571	0.11160826379656	850
-0.060395225828678	2.0370474854843	142
0.009256729024397	1.20528275394979	142
-0.038006298163723	0.612139750792498	70
0.097937430656121	0.218567502632847	70
0.06024415032442	0.241715290428771	142
0.020841826388123	0.286941730403019	142
0.048214510313516	0.293612522124262	142
0.103206722150741	0.161954154613128	142
-0.107848777411879	0.619942838991554	142
-0.014861784918317	0.253196818444414	142
-0.014377570027058	0.26443875088806	142
-0.00633470226790001	0.172590555609192	70
0.054598622758289	0.167482257029275	102
0.057208987257545	0.14039735922384	596
0.015726960932431	0.132294372339728	72
0.028992020445198	0.11654277610011	157
-0.119012691520472	0.182343680456661	72
0.09042079117602	0.065061444958357	72
0.009902617679036	0.186972097477626	29
0.094592430546114	0.11195538731648	746
0.010640090625555	0.181865315252378	746
-0.113039019272086	0.260860650580227	746
0.059871028627505	0.135990423764095	746
-0.038520080550572	0.221848660816924	141
0.10344604877053	0.0910524224683255	42
-0.070948337302644	0.242790096254819	141
0.025018218656027	0.122839100786064	141
-0.120140029095817	0.181916583854437	141
-0.076108667250868	0.274815443062948	42
-0.122080028213027	0.275240203659348	42
-0.120808150475437	0.264866418769628	42
-0.036998360193166	0.211748999446479	850
-0.034822913509712	0.220136810161795	850
-0.010292962614729	0.171099181251097	850
0.113497483516093	0.764550863275626	142
0.035963648800549	0.841954042410349	142
-0.108801900331837	0.324825392753391	142
0.063820456680111	0.133459544178253	142
0.075119448059509	0.29636461621244	142
-0.00405660981158401	0.286265005691091	142
0.055554790772077	0.285026928244872	142
-0.081545269352564	0.299857556638737	142
-0.094145282767847	0.577682070910277	142
0.105716336069455	0.0868674647127343	142
0.079970844303486	0.165789264715964	102
0.035063887376297	0.229606000386669	102
-0.009952779781912	0.312950966056549	102
-0.112122186836728	0.263813813246841	596
-0.040791766390316	0.0963573978372085	72
0.096163744054728	0.059503619441698	29
-0.060901182286018	0.309968055193327	29
0.07760112085623	0.16657074128754	29
0.118109459445898	0.0755747949447837	42
-0.032689812618661	0.213027814722007	42
-0.062489462471807	0.20280777024163	42
-0.00121685560297702	0.124581690573751	42
-0.034666801812777	0.0997029697152663	850
0.059022274392744	1.03649055432321	142
-0.096558996631339	0.581478299986173	142
-0.108044668780368	0.638142264846909	142
-0.037349206647532	0.39251759491848	142
-0.065714450237982	0.42899911928076	142
-0.043560937865215	0.294720649638988	142
0.026468909409172	0.204337855112721	70
0.100223216865319	0.0912168073243101	142
-0.076315283814051	0.27059637244786	102
-0.077494717035761	0.300265970172644	102
0.053060398492663	0.170313600464376	102
-0.115410543328793	0.181883504087744	72
0.087830567735878	0.0676138981350027	72
0.026748865775633	0.0864957094687745	72
-0.033554504638585	0.0989113001367016	29
0.031313712267014	0.149800892487126	99
-0.082767438508507	0.312188604910449	29
-0.115589332726591	0.225432800996769	746
-0.066066144953897	0.205560865783415	746
0.056983905966813	0.170240278127979	746
-0.11472861183666	0.324218520307948	746
-0.077718617485681	0.266216177836792	42
0.046017965199948	0.178067574202565	42
-0.00293401502080498	0.232275430273402	42
-0.011065519041061	0.177334272521202	42
-0.032096038704308	0.146712113203409	141
-0.114493111172464	0.175752430819615	884
-0.039533176541195	0.309839964473803	42
0.03105088119847	0.182518010567343	42
-0.117983478422927	0.814635238846937	142
0.063138368063896	0.226713405962144	142
-0.040712041972697	0.371308285571192	142
-0.110839122644913	0.622188389419061	142
-0.078065731377661	0.249178134823997	142
0.024041258958111	0.125803263257851	102
0.069826695762543	0.148929987381432	596
0.094217174489699	0.0668846672946918	72
0.019820806836826	0.126013895531826	72
0.088854197444729	0.0696020296961957	29
0.087265751007017	0.0687752633996953	29
0.105713933375167	0.0555582928310489	99
0.042786498326343	0.193264672792833	746
0.00582437427299301	0.223820208781246	746
-0.00372959107366699	0.271056568483121	42
-0.037086378969002	0.233970144827951	42
-0.121226297351472	0.307851030897112	432
-0.00730504526527398	0.220215526979876	432
-0.110170407826526	0.315354773602648	42
0.08040313585743	0.189943417210696	70
0.026882483325187	0.461556688897506	142
0.075857652747285	0.240175401619369	142
-0.021752249980936	0.348471697557725	142
-0.089942809453804	0.527104781983434	142
-0.00347940469725899	0.284950240107201	142
0.01257452787151	0.326595814390686	142
0.120120114898983	0.119183113313147	142
0.084594564098199	0.166652181172783	142
0.064424852011336	0.200730185483877	142
0.004273796332564	0.270436814586715	70
0.04681491415413	0.219275851027984	142
-0.038155372378216	0.305989783553334	142
-0.040659735674959	0.315860012444414	102
-0.049797020399924	0.187787048177575	596
0.09525411647115	0.0635063767249599	99
-0.089998216287934	0.358566515753998	29
-0.046118905064163	0.307966612075081	29
0.01885399003139	0.128719925314364	746
-0.119605369457927	0.268997274213459	746
-0.045079762710665	0.150188296242049	746
-0.075202773218979	0.255922572617795	746
-0.030755899451911	0.217007716349806	746
-0.113612770972998	0.167646140711567	884
-0.042183225538958	0.139550962593523	42
-0.121940422770783	0.277013931835338	42
0.095979081969033	0.999999810532472	142
0.03109310143592	0.418556574544268	142
0.116355381691615	0.226590858211629	142
0.092132728298569	0.185543696635559	70
-0.097854200024603	0.609019409367629	142
0.114469013917127	0.159864286197498	142
-0.016756900223772	0.183107068354191	102
-0.040844223800902	0.101660915739334	596
0.029469538367795	0.0835500430961918	72
0.098600433306606	0.173020584764194	29
-0.076828694469466	0.424746209850754	29
-0.113948757397829	0.373555425402271	29
-0.047043521028116	0.100061325242159	432
-0.03071148426273	0.214640576367843	432
-0.055030252981822	0.533402421317439	142
0.045881994745313	0.342705872062724	142
0.08304491367257	0.347556111059329	142
0.120689944776444	0.224543519139687	142
-0.084508351174554	0.494357884851708	142
0.017486336539441	0.46356859179843	142
-0.018375289495976	0.493462605402312	142
-0.014347826415767	0.376220582720692	142
-0.00347969294825201	0.529049537215001	142
-0.01434196339577	0.313453962329826	142
-0.10019718032305	0.556122759121447	142
-0.056896678168062	0.387157897096008	142
0.01374096266342	0.290697983796059	142
0.053914372309469	0.205057238914122	142
-0.017859146848033	0.323423594368277	29
-0.116501271628941	0.333327612645995	29
-0.024471969246033	0.211118215527927	746
-0.054530111260399	0.282388961274949	42
-0.119754596591592	0.334725714684686	432
-0.113500879669709	0.171726940458612	884
-0.010628483381705	0.221323923675689	884
-0.113162081417019	0.1815113853703	884
0.107387368285649	0.875249627581581	142
0.086967424759211	0.286713083869139	142
0.118610866628594	0.207346368581523	142
-0.078737032520072	0.573929748727515	142
-0.124506734026726	0.501542610188778	142
-0.086224461717984	0.411267025492215	142
-0.017289052198819	0.310091477083577	142
0.065781286315254	0.137163797740398	596
-0.034666801812777	0.0997029697152663	29
0.017342039055793	0.126195904031335	29
-0.033933232085005	0.09758760197118	29
0.062662795622271	0.165154615225027	29
-0.106445410169962	0.334357093841203	29
0.092569244125359	0.125701876958497	29
-0.030558098372924	0.277117977677416	29
0.00323037525815101	0.219811430301446	37
0.067163351435843	0.108190474703591	37
-0.110967633744253	0.282727074089584	746
0.09414077315072	0.112833775236803	37
-0.086734838847885	0.278530456027066	29
0.111320784078947	0.114010915705831	29
-0.089027680019048	0.274819796734983	29
0.034279440612388	0.0804244772168177	884
-0.039593131185336	0.147737775336565	884
0.070019226208289	0.104311263570739	42
0.089431523265913	0.625769992975757	142
-0.087839767466939	1.88471071509318	142
-0.046052195204185	0.700816910284253	142
0.047283730912666	0.502344795980692	142
-0.077486854375285	0.942786613777167	142
0.11782188112656	0.3200846746731	142
0.00960937731821099	0.618856801000359	142
-0.101048377779864	0.793712114580791	142
0.00267008401680799	0.559748996530651	142
0.122343716795402	0.201956215637125	142
0.049022549642564	0.313949463841116	142
-0.022329176745161	0.524915974427475	142
-0.049973967452205	0.580789452256355	142
-0.048537987431788	0.515267642308217	142
-0.040670103799125	0.368082962921768	142
-0.113773784969541	0.501776357377798	142
0.109970998975593	0.146534824788831	142
0.01180823152429	0.263624798732874	102
0.089633094677217	0.0679754700006138	72
-0.029498051546691	0.095443783491025	72
0.026998385657784	0.0867821277358564	72
-0.062985498248835	0.20344739886033	72
0.039836864827013	0.0797159279295881	99
0.088741548986901	0.115689701851634	29
0.030698733799318	0.210436365771978	37
-0.035645788982385	0.218711082179059	37
0.066894906206318	0.201655346654791	37
-0.027692884536948	0.251211412446338	37
-0.119585896451146	0.335837845786163	29
0.039647295534393	0.181460034263512	29
0.022962325562835	0.261162285684012	29
0.087104029152636	0.163205517824801	29
0.000988110087101007	0.206317577229586	884
-0.069353076508485	0.242547610937231	884
0.064186384416594	0.111422943915699	884
-0.031532743806358	0.145680881549073	884
0.02152469681042	0.236096664475209	42
-0.00899992980958703	0.171471317800859	42
-0.000278985572241985	1.20049348717382	142
-0.025892300662283	1.73633379308369	142
-0.061836968711357	1.14608550516865	142
0.03000394969966	0.533715114827721	142
0.007526210451136	0.751197184447918	142
0.117505864945269	0.252481466297938	142
-0.106006921091001	0.312838016670575	142
0.0450044145213	0.274392949621405	142
0.123932013218532	0.2042490939696	142
-0.116752014075514	0.433911681276879	142
0.035967843991558	0.146258441299166	142
-0.067813658877412	0.207021643638576	142
-0.031136281129569	0.232328624089998	142
-0.119809744427007	0.16851395314997	142
-0.00942921777616501	0.17444101339965	142
-0.035842981413083	0.218884498630626	142
-0.107741405499219	0.569200782391033	102
0.022527166471225	0.231795954345325	596
0.018412534285477	0.132064584056127	72
-0.119112144513587	0.230195931022829	72
-0.070687384420646	0.240046429618906	72
-0.040586652406048	0.150622893561927	72
0.093426737500561	0.0656448597288955	72
0.026787705438851	0.155713804506692	99
0.094605108841995	0.0650259267701459	99
0.089645088569364	0.0680799420359369	99
-0.120273023166415	0.272244188258334	29
0.023786430300103	0.127612430024662	29
0.104004353373824	0.115679896649279	29
0.101658657093082	0.144540591611206	37
0.030852832451234	0.232514763374833	37
-0.00530963792616002	0.169642977222101	37
-0.011537520253227	0.173952096805396	884
-0.04495485301604	0.271483883378064	884
0.032327097408442	0.168564962405463	884
-0.070252513169124	0.373327691890367	1607
-0.101908136075953	0.333560177609263	1607
-0.01838220839823	0.221599276215516	1607
0.037518349411698	0.168737138306375	1607
0.04728850285113	1.17291816741936	142
0.11687107902559	0.371955182688414	142
-0.097314325518228	1.14235328181506	142
-0.108524396171919	0.922921748680213	142
0.118308756462373	0.141062757912179	142
-0.043514237793165	0.266900211115155	142
-0.02835878858616	0.251721686951016	142
-0.035221187230623	0.0996917527572204	142
-0.037288090124855	0.150803599600328	142
0.08844439565035	0.068113421679743	142
0.073947089992706	0.137496972038611	142
-0.107720851331885	0.247274109257537	72
-0.084632784676699	0.243796619462355	72
-0.116367241940311	0.223491604462902	72
-0.036059144076533	0.151154308515643	72
0.098934112962811	0.0610763345579676	29
0.029494845177841	0.146549735854854	29
0.089325500231475	0.145481929443507	37
0.070478390647117	0.153366064782613	37
-0.09255935408124	0.341098182201181	37
0.112645588466354	0.111543772500573	37
-0.121771384952587	0.23742367634223	37
-0.121676595269433	0.30951265783635	29
-0.00647412668257502	0.22003912446883	884
-0.032316967857901	0.276238886312618	884
0.028382442500167	0.154446909711504	884
0.091306202713447	0.115534377241153	884
-0.013982764671511	0.179875755007125	884
-0.059158743904385	0.274021375293384	884
-0.073289558421321	0.240965760349607	884
0.023476194193624	0.214023441618234	884
0.092550317537913	0.114489568866839	42
0.031750533572538	0.188968897255545	42
0.105966738466478	0.115934442774735	1607
-0.11402876864744	0.174441058646814	42
0.060145473320523	1.12000193936922	142
0.120447147444373	0.553245198505825	142
0.052868562842701	0.518250661401385	142
-0.101477368683472	1.07906823468438	142
0.124151310134652	0.162896276413868	142
0.041504548777161	0.269236381042537	142
0.045704074605672	0.1742140281594	142
0.100845560088016	0.135448208904336	70
0.123065304403943	0.093727473574331	142
-0.09054622802338	0.322445913934512	142
0.103046113497239	0.171226472852463	142
0.040528617250324	0.267706227477816	142
-0.024585849069625	0.25728404512104	142
0.064816545716354	0.148437275316722	596
0.099560873535907	0.109036498298927	596
0.031747629582172	0.0848483208395658	72
-0.040234460491562	0.152807694755838	72
-0.111676815549434	0.177710154760845	72
0.102983207656412	0.0868204188625696	72
0.038957865125355	0.080262206826289	72
0.095401572669062	0.0658401733562713	29
0.028127826835431	0.0866066223589225	29
-0.112824044354316	0.175515859885757	29
0.016386000996613	0.178355688973133	29
0.056372129311877	0.110873637397852	29
0.093917596204043	0.112143580415622	37
-0.110982618303732	0.322448029152188	37
-0.029628278663399	0.216982553974165	37
0.064333827943826	0.141966889682377	37
-0.097206402290131	0.390829071521481	29
-0.033314467948963	0.279812387288475	875
0.065071378246333	0.157905861040608	884
0.087215159196165	0.144839909968256	42
-0.074583057762776	0.241422662162056	1607
0.104532585214917	0.132206416491079	42
-0.097724102368206	0.307875820719071	42
0.054684257466112	1.16105410753938	142
0.047819287473489	0.439212923821534	142
-0.059711648576004	0.792535488886008	142
0.099369832681102	0.238011768228221	142
-0.00256489631294099	0.579982685466179	142
0.003146862201755	0.256180866865537	70
0.041303577067264	0.189587583247116	142
-0.092599787518515	0.355464697493195	142
0.026979219003408	0.0820065254901187	72
0.027900884288117	0.122269355896949	72
0.034771139857515	0.0813964807041977	72
0.118777574697952	0.0958266913363313	29
-0.119951302473885	0.368036173116303	29
-0.029695239327803	0.256219088488924	29
-0.11511354528814	0.212983264034875	37
0.005629235209693	0.191903475457549	29
-0.011303423282589	0.178094705946887	884
0.013049064946607	0.130612829069905	884
0.092651229148525	0.137858815654219	884
-0.039845478586985	0.156050399493278	884
-0.037450417018744	0.0985460555820956	884
-0.038717610941699	0.289815099365159	42
-0.047706007499947	1.14776990748263	142
0.027667633278207	0.601478198548989	142
0.123222293710314	0.105337780916712	142
0.113574714749341	0.144394313714482	142
0.07759158261268	0.244698771329352	142
0.018659373587709	0.285412332217533	142
0.055381791577446	0.112495057167049	142
0.06219086172573	0.110121581249863	242
-0.012763920022506	0.177315318630485	72
-0.060155771380037	0.204930884449562	72
-0.06434406307798	0.22627527692328	72
0.030609722602038	0.08503352403686	99
-0.071779078208628	0.206798828988788	99
-0.00279839638571999	0.21483342682898	29
0.095486343568528	0.140553952710558	37
-0.121718844309875	0.178778600415411	37
-0.000653897254034974	0.188146413668927	37
0.123845065749268	0.110214899809866	37
0.086618417692308	0.133120618541939	29
0.08277463135902	0.127844786541453	875
0.062054809276498	0.131086635029288	884
0.094942558795995	0.0922277598367309	884
0.028574490179404	0.155651192568388	884
0.083777432917508	0.131805375778304	884
0.066976706700593	0.142317877193982	42
-0.024585095804685	0.207408252963108	42
-0.083455685907508	0.275489515967031	42
0.056216024454891	0.757621218574427	142
0.041133999706873	0.699221145279056	142
-0.039533632437333	1.09583793163749	142
-0.082307134465351	1.32327214091332	142
-0.027675287207017	0.827499882042327	142
0.047908255058562	0.454284653020447	142
0.060564260487828	0.376163681200059	142
0.06457137939764	0.287833139682265	142
0.016527814768379	0.192689874241036	70
0.10131448431513	0.106821984463447	70
0.124881210626367	0.101095640974085	142
-0.033000027866874	0.0969845561461558	596
-0.047178278869183	0.149749591212696	72
0.094217174489699	0.0668846672946918	72
-0.118225292415005	0.178722819749561	29
-0.038768951710484	0.155789952419083	29
0.056653312350086	0.112334665643138	29
-0.123813418521767	0.270149810349292	37
0.063607153386476	0.108618869618169	37
0.029271433581461	0.153408838428631	37
-0.122211831542879	0.276601428325172	29
0.107416647840755	0.087294060169775	884
0.023977406987403	0.125179091546095	884
-0.023706955049107	0.179377416831989	884
-0.071425658603249	0.203935773557094	884
-0.030938264263214	0.210325911395024	884
-0.031953748273587	0.279124964637995	884
0.099094667875446	0.108140900151977	42
0.120121521446432	0.104931700447486	42
-0.116538780974907	0.273628499039103	42
0.024924437365825	1.39341941980787	142
-0.048671738994243	1.65944296889303	142
-0.020055855852783	1.39883938494652	142
0.119682425686626	0.397523685039938	142
0.117244601779163	0.239114483601273	142
0.0188910789218	0.204696852185158	142
-0.039078950864754	0.148807373684634	70
0.038709217483997	0.0819489753591244	1221
0.096432035108071	0.0641110657081929	142
0.095393786795018	0.0658895182215375	142
0.121526711574279	0.136587473153282	142
0.086480082143779	0.143557481187458	1221
0.011395153422105	0.131997052537351	142
0.019615815559357	0.124802505589895	72
-0.067607633220311	0.248207740190833	72
0.063194059360745	0.111796920435012	29
0.068445921755637	0.108258609831653	99
0.061924161392622	0.111302491016611	29
-0.01286750053979	0.178006044458389	29
0.09663838876396	0.119917885734183	37
-0.10150514612501	0.363497500599121	37
0.108420035562122	0.128068249764207	37
-0.000971099416291976	0.226404120709483	37
-0.122842930075254	0.302313232400337	884
-0.0000705888379650133	0.194091873681455	884
0.004927222465377	0.18698206393869	884
0.11290545286864	0.108635138938598	884
0.094589780975721	0.112337583309807	42
0.036766481387644	0.080385952791209	42
0.054154914312944	0.922833290352136	142
0.119136324604623	0.362725775786403	142
0.014489314175742	0.123480443983947	142
0.071952596854815	0.153569794028718	142
-0.028833915975523	0.258845246719527	142
0.107508754857835	0.0991200698206977	142
-0.06847374978436	0.235373783679359	142
0.004379621249222	0.125330792969155	72
0.068749093483208	0.104147104492239	29
0.108251701725234	0.0881354922379402	29
0.027561090956687	0.0839793512558072	37
-0.032821156918564	0.0988815735560713	29
-0.113929514631408	0.177049201800859	29
0.095393786795018	0.0658895182215375	29
-0.039741096782999	0.100867367680409	37
0.054784704776669	0.136949897871008	37
0.018901407192931	0.199536952855789	37
-0.114605630085072	0.267494892986876	884
-0.057290688211429	0.327033321386914	884
0.006638944610906	0.189576634059582	884
0.016129362374571	0.131133989323224	304
0.099617738175605	0.106034481337629	304
0.068428837598681	0.106389922998234	42
0.084271961247091	0.0708414880188827	42
0.00036455209213701	1.2890670370694	142
0.107115443107781	0.0992347371460797	111
-0.033000027866874	0.0969845561461558	142
-0.040844223800902	0.101660915739334	142
0.021287219282229	0.128548498706021	72
0.095401572669062	0.0658401733562713	72
0.056099788670881	0.111124851206864	29
-0.117432177548032	0.177182878790613	29
-0.115324631688945	0.172642951540356	29
-0.116208700318288	0.165855148412152	37
-0.00646590701663602	0.169780509213593	37
0.02149354592688	0.128683103323474	29
0.060862709038954	0.134835504157715	884
0.002865000855197	0.19066620587122	884
-0.068819347658978	0.209147018011091	884
-0.046570307980453	0.297766225923478	42
0.093631102710183	0.113569287894409	42
0.011012981719459	0.128588974376921	42
0.114983435864228	0.68712198955386	142
0.025400222721278	0.12075382920347	142
-0.115410543328793	0.181883504087744	142
0.00972343613208601	0.241523449050511	142
0.058227064925393	0.215360738149361	142
0.021004521798933	0.216322150057389	142
-0.085232421664628	0.328304369455023	142
0.00688671929698401	0.19193046918733	242
0.03945966369754	0.16654020261634	242
-0.025685859482267	0.212186254820701	72
0.066727272193136	0.109911692723542	99
0.064774052647285	0.107058814755219	29
0.063888770270493	0.110295844328018	37
-0.113929514631408	0.177049201800859	37
0.074576308518995	0.13681220002647	37
-0.117500085976507	0.23185117604862	37
0.017839419586483	0.216612606585992	29
-0.031406136292906	0.281860110810418	884
0.103287153193064	0.0872130130302282	884
-0.058211328395057	0.19916415640403	884
0.003810882849617	0.193525425949262	42
0.083866272588515	0.134219634899082	42
-0.079478883470222	0.27203106205019	42
-0.077886979237025	0.241235932098342	42
0.034518540255033	0.0835298070606415	142
0.029357898469812	0.170003221435303	142
-0.096066433880462	0.259526485473704	242
-0.005536045673525	0.208567698527011	72
0.060931873048536	0.134070522025278	242
0.093032346403046	0.067448723057753	37
0.078528366484519	0.127941330549481	37
0.079705388360024	0.147278640671301	37
0.058802439544375	0.148915263496538	37
-0.061544574020525	0.311254381219804	37
0.051928457668893	0.150849806061528	884
-0.027204501965047	0.214695476583603	884
-0.113454893006341	0.297699641134754	2202
-0.119529576451176	0.233362353039891	42
0.093345601277917	0.113881771101945	401
-0.031302445785208	0.207259812386695	42
0.014876658641803	0.131408888023018	42
0.091070494997837	0.0655972357663633	42
-0.039120545354252	0.0982326823496038	42
-0.010998380186219	0.174623090697688	142
0.073002320211562	0.098651814763608	142
-0.113246240169208	0.26342099108088	142
-0.023315321847101	0.319559790619954	142
-0.113679324942193	0.297051762967519	142
0.049961635956301	0.155993350704978	142
0.108590577603489	0.0876698906930449	242
0.066170102771232	0.109006864008021	242
-0.058539638851542	0.225661320732852	242
-0.021530133062151	0.202616654724494	242
-0.106084155270677	0.166810525051365	242
0.011536597325597	0.131328804538351	72
-0.04437323299873	0.155346567683436	99
-0.113035453144789	0.172902664501271	475
-0.066200258604552	0.231906630799107	37
-0.00025386871914701	0.196246317094811	37
-0.118494226899626	0.290386412140388	37
-0.040379148468027	0.244036149835087	29
-0.013779513697799	0.179851793257516	884
0.055105662422321	0.111775072716591	304
0.092009180208191	0.0663873643346392	42
-0.070363724873405	0.20867487375099	42
0.054393106217103	0.110966216253253	42
-0.0280237007758	0.215756766294239	401
-0.00585606428076302	0.219394760942913	42
-0.014516123468564	1.54376300652009	142
0.048509735646473	0.724252181277657	142
-0.06455656805024	0.422875369941308	142
0.108209521576069	0.147432856284099	142
-0.045687453200357	0.458883449277735	142
-0.027427019436375	0.281925872565135	142
0.02448190459838	0.266426856820875	142
0.060931471972454	0.110283557590334	142
-0.035597576264984	0.0972797899163222	242
0.032247856846649	0.0822726371214799	242
-0.046650048459258	0.329939057335333	29
0.006717515294344	0.224829470903853	29
0.022330099110082	0.127880721348117	37
0.081233842063509	0.167757411095456	37
0.099807409561667	0.0876983351275859	29
0.094772922199155	0.139907846116229	29
0.058838861976452	0.108160882262763	29
-0.054191672884351	0.349565337991078	884
0.080504909994447	0.118585567083496	884
0.056979892765538	0.136367724183886	884
-0.077215689015848	0.29863313281717	401
0.040556361372682	0.211262078961527	401
-0.046378108858839	0.144805618302477	42
-0.103071286738568	0.315448097883937	42
0.052181663794657	1.29515705842157	142
0.062584988287629	0.957653803259456	142
-0.090434339787699	2.32111524279547	142
-0.020844346643653	1.09151556483939	142
0.015498499237198	0.239053455194961	142
0.074187764173651	0.157211648945372	142
-0.0585839785058	0.387972265802028	142
-0.069437758591784	0.202931069645921	242
-0.06689704688423	0.209804901671614	242
0.015298104631443	0.130687140729847	29
0.093427045619638	0.0658936152661343	29
-0.035221187230623	0.0996917527572204	99
-0.111827671721661	0.216419909290493	29
-0.013841360292037	0.179829774129504	29
-0.07720188991297	0.301450428622933	37
0.109316296261261	0.115440951416607	37
0.059271198253673	0.13498106982951	37
-0.122240600115047	0.26758241100403	29
-0.112802334709266	0.316856502832922	29
0.024806190030572	0.188315400447252	29
-0.065195999924165	0.230196754747465	884
-0.089847851039531	0.274909964218185	42
0.013227210264272	0.184331675087248	303
-0.073070500156885	0.269248495800439	303
-0.00955572750979	0.169206991574457	303
-0.067858062451812	0.210019729810159	303
0.090859781553008	0.519959967305254	142
0.038517007151262	0.272003486434224	142
-0.078573061925128	0.470629254907601	142
-0.093004682024192	0.531880904365016	142
-0.034666801812777	0.0997029697152663	29
0.070420426195325	0.127240434827226	37
0.051428593704338	0.190107132711358	37
-0.113599324335976	0.35555416157807	884
0.095393786795018	0.0658895182215375	228
-0.035684416236491	0.0976644493235311	228
-0.074282168796973	0.431695864368886	401
-0.032444503090029	0.0957971311372689	42
-0.095155530121139	0.353139677856733	303
-0.088337638094332	0.433310985407293	303
-0.030874059464374	0.308214547964077	303
-0.01171329803783	0.220230510821327	303
0.086812250085665	0.868331404683503	142
0.017379500528844	1.38328038708313	142
-0.123246480499359	1.89337014365386	142
0.072743630945777	0.218866742987096	142
0.023351635437297	0.287903889819862	142
0.113376111097694	0.12378282698361	142
-0.036888952753567	0.099347238411251	1178
-0.124361823676732	0.354792671853921	29
0.044920652431883	0.171193195885487	29
0.082174284705162	0.11192326314857	37
0.033695112568591	0.0842527587055829	37
0.015313841953891	0.130942104030362	37
-0.029807309514903	0.242610470067982	37
0.070864596617155	0.141850454397313	29
-0.070187113969242	0.237389136741402	29
0.063807265890249	0.106901364405113	304
0.065716743912948	0.159074452383602	42
0.102662415127332	0.0877357795640489	42
0.099805096808434	0.10669578267529	303
0.074613839997497	1.17125960661689	142
0.116437981380748	0.134481416487587	142
0.092057460742643	0.126877126554719	142
0.109185083198148	0.087136325394703	142
0.084194242323884	0.13420089359303	142
-0.01427969795763	0.428465195966153	142
-0.123992179785985	0.280707266279338	1178
-0.063393555808658	0.206816581014316	242
-0.063393555808658	0.206816581014316	149
-0.03864030739062	0.0977108457752417	29
0.060201724327242	0.111388536429891	29
0.114602679005781	0.108638427344913	37
0.053168315455557	0.170455575898735	37
-0.028173690107888	0.202294254880316	29
0.050489220607582	0.189582719162208	29
0.019839141330807	0.194939312676491	29
0.017574803834229	0.174112002928224	884
-0.113586077424636	0.223381400287171	42
0.037240712766938	0.185335594092731	42
-0.062604233854892	0.184530778242277	42
0.022599307203295	0.213232475916943	42
-0.064866489493492	0.235597894936491	303
-0.078051793582668	0.20337623690024	303
0.033133251101823	0.084545409463104	42
0.031768310877277	1.42180649501077	142
0.075314853440991	0.534903816775816	142
0.092149064671365	0.158996769311391	142
0.064556818625158	0.126157617329436	142
-0.086198753915593	0.27126293957061	142
0.012742681772667	0.338071397508362	142
-0.009166011182141	0.335924083136203	142
-0.022402552337442	0.21106894091037	149
-0.01738190081825	0.177302113039017	242
0.032562239926853	0.15022899639284	149
-0.040831073210723	0.152870434535431	242
0.021686634647871	0.126302364081135	29
0.090677055959772	0.0668180968608843	29
-0.034244076189566	0.150089538795664	29
0.111645607943596	0.0838404922079456	37
-0.042449636914218	0.149230605973284	37
-0.002628148007912	0.213104695167159	37
-0.079525763524428	0.348909467189055	37
-0.114049207151696	0.300792283527005	29
0.095997988504347	0.122052415890886	799
0.065077513454285	0.149379352541462	799
0.046292407697583	0.156033660261081	799
-0.115857545508068	0.225519225247698	228
0.115622875569983	0.0960065111756176	228
-0.031932687510596	0.147077587700565	228
0.064774052647285	0.107058814755219	1433
-0.029934844862196	0.215949134177102	42
-0.081232896377512	0.24104499404792	401
-0.103904858643966	0.668929542729164	142
0.10780421603632	0.178587084560961	142
-0.00655278450201002	0.333980775055693	142
0.00873041702538199	0.334262386990349	142
0.012944324594148	0.293841740170632	142
0.00989489534424201	0.311083933123205	142
-0.077663343068082	0.490876506381002	142
0.091410302056636	0.144433477271228	142
-0.081232952001433	0.445903220846145	142
-0.034666801812777	0.0997029697152663	242
-0.036334661817441	0.10048957400549	149
-0.057159313237898	0.219947616225052	29
-0.033516595542619	0.211389303378976	29
0.045214846295782	0.197949917900924	29
-0.037622067234193	0.341083593706907	37
0.039599324253897	0.177678015703581	37
-0.036059144076533	0.151154308515643	29
0.086837648088059	0.158883850103936	29
-0.080328512820814	0.274312091802247	29
-0.04329508425016	0.155082966389517	799
-0.044176834607404	0.100252958759811	42
-0.084839000810335	0.397023817743407	303
-0.015395096006296	0.285246154558844	303
0.113666334211519	0.276616372006476	142
-0.019796678139096	0.493479874802378	142
0.086598862680373	0.261500600340572	142
-0.03365801731302	0.433241097184665	142
-0.048451853255333	0.445137448065261	142
-0.077052061816952	0.461554519831853	142
-0.00188364568895	0.307712071184002	142
-0.047246653542463	0.454805086909128	142
-0.039741096782999	0.100867367680409	149
-0.069047974293009	0.352180259595459	29
-0.071296315828137	0.2666900684747	29
-0.093767852455468	0.33918506976621	37
0.083490417646971	0.0692188296140922	37
-0.059195836109329	0.204233156307904	29
-0.000512040379062995	0.162183742836951	29
-0.076923065826684	0.271906117827489	29
0.031861636924331	0.151788059593956	29
0.091854647509918	0.0677363470685039	29
0.016747113833199	0.120127616815149	29
0.090668196120738	0.067872764367876	228
-0.124074974625525	0.178414589726087	303
-0.014737774449167	0.334921213129833	142
0.011521227939481	0.488605237994002	142
-0.038404012796488	0.515266413876705	142
0.030735349249275	0.207981648491834	142
-0.051504944854799	0.272504380194284	149
-0.043011567787781	0.399041837041528	29
-0.067400641454509	0.259060955029818	29
0.09953858200415	0.108595472468188	29
-0.03394938458358	0.216511304699484	29
-0.11644936180577	0.354907101166843	29
0.028761976711654	0.206890061904869	29
0.041775938794275	0.0781877444144566	29
0.065456353378825	0.111030609890101	401
-0.035776590878588	0.0962571720116781	42
-0.10731596227358	0.171087175334703	303
0.036811652986641	0.146105075234971	303
0.061841423758883	0.20933253580334	303
0.01180874821787	0.180316279045427	303
-0.069232646983488	0.645402384289418	142
-0.040355925656754	0.365315625925858	142
0.122302718381909	0.0946056471946401	149
0.037332136589465	0.0829524662765178	67
-0.03226996239096	0.0968292699610618	29
-0.110450507270413	0.177690109107766	29
-0.12033660503921	0.176938204481871	29
-0.031455463523189	0.214495631223492	29
0.11300059376276	0.0980483036192417	29
0.00272270646336001	0.189570480576999	304
-0.117859943007365	0.22955546435368	228
-0.040155466763657	0.151005141106985	228
-0.114143078472549	0.173664375626224	42
0.024619711040964	0.126631203297146	303
-0.006563996073989	0.220948535231152	303
0.038984547681495	0.168162288865361	303
0.029394315236965	1.03566222993568	142
0.047752674543423	0.709095444368882	142
0.012918284139603	0.735382743955872	142
-0.010735302475663	0.748611333853706	142
0.063444804833626	0.327351712965034	142
-0.029508001765737	0.228336894770616	149
0.08466849280963	0.0689395035840925	178
0.02604388787215	0.122786069098995	149
-0.103457214595819	0.159405356629531	67
-0.043071318843924	0.0994935601069163	29
-0.045839949723291	0.153509639732433	29
0.0584022792264	0.107993113604934	37
-0.027628693396163	0.213137160379934	29
0.01046269129634	0.186831007199399	29
0.044140514941181	0.161375001919485	29
-0.061078495423627	0.203047412089355	29
-0.110867373371315	0.327886626618427	29
-0.073194430390327	0.22380868331986	29
-0.114241093556221	0.224129040443185	228
-0.00743142799990099	0.174659526726799	42
0.073539740687683	0.0999394428806224	42
-0.020621512359229	0.17435308201882	303
0.101116640144441	0.0908688387150294	303
-0.121943582415565	0.301242209786349	303
0.090510030222756	0.115703969173721	303
-0.033266497594096	0.65553852427	142
0.00921147653247401	0.442476043448424	142
-0.065279456365941	0.436928942776225	142
-0.037000620977721	0.390674278306063	142
-0.035555367808148	0.219567796966275	149
-0.047075462497648	0.154043661181276	149
-0.116743837704877	0.178653450589112	8
0.094226252835513	0.0661305133209542	29
0.028446271976906	0.146964762353187	29
0.035726492049862	0.143774144630488	29
-0.101658245246662	0.294594415318377	29
-0.070285526802712	0.239154649325428	29
-0.029840565635022	0.235803526222283	29
0.00922325644359001	0.188040063779978	29
0.094491176675161	0.109530582585795	29
0.053111441175618	0.135102216577703	29
-0.067576945426723	0.283853624497543	29
0.056383301077618	0.134070924442845	29
-0.013779833270099	0.235953062029386	29
-0.059398187160594	0.199469902295244	29
-0.055241421117885	0.271434767950854	29
0.018851725590052	0.218169903319202	29
0.015725429307511	0.195228379708167	29
0.026447525993966	0.156595937987116	228
0.090634186930364	0.13630764850391	228
0.057977398843774	0.134072616288865	42
0.062193058429697	0.147978639237368	42
-0.024409997787168	0.209366371810901	42
0.037980865494777	0.166259650512364	303
0.058961420823216	0.107866381047214	303
-0.038673338810636	0.243719475864665	303
0.022543548851632	0.229998000737268	303
0.119027965026844	0.0963353146799177	303
0.052181706563663	1.28767694929293	142
0.00618751425664299	1.53280183889507	142
0.120636056402349	0.400791396179405	142
-0.112999242003884	1.61209287253001	142
0.118768485177153	0.383343484297379	142
0.051489780828705	0.408685204343722	142
-0.051179733971308	0.587185308483553	142
0.1056032573315	0.238199146742398	178
0.060092442791191	0.177678646711135	149
0.066537343086507	0.160765459182873	149
0.088468934070634	0.0681505287957826	149
-0.039845478586985	0.156050399493278	149
-0.124043471346969	0.237221667079005	149
-0.03705364274674	0.147866880349862	1143
0.027370210209116	0.083709427566622	29
0.019396103567971	0.1246905722584	29
0.087830567735878	0.0676138981350027	29
-0.017535923144985	0.179978927129213	29
0.030457906794845	0.162029015017332	29
-0.074752896348232	0.248691092250951	29
-0.071653325252262	0.272676834168148	29
0.008106817596923	0.187788015940692	29
0.099388672683376	0.0931941476040251	29
-0.072350879278505	0.29074374727533	29
0.091225690045349	0.113590172381018	304
0.04857328583048	0.129564912594803	42
-0.107587854333717	0.346563528269707	303
-0.0937752345719	0.267764386320635	303
0.115260905966064	0.110939016283723	303
0.099331023486283	0.090549829503835	303
0.037350709252069	0.192885170574146	149
0.042542575341579	0.163126601738924	149
0.111388365815383	0.0846684501389479	149
-0.00452273677277698	0.169833985757633	149
-0.034666801812777	0.0997029697152663	67
-0.00960571444571601	0.176749399879582	29
-0.066537202125415	0.204136083086052	29
0.030631722546375	0.0846682819002339	29
-0.123298044874516	0.230760914345964	42
0.083094420358621	0.0708923687004452	29
-0.032022003205488	0.273754402068771	29
0.053678376438472	0.212400432944202	29
0.033990701557135	0.149648350269178	29
-0.078515236068312	0.322137861752784	29
-0.000150923056698005	0.232027298395872	29
-0.073953707049017	0.311548964706224	29
-0.028256521594554	0.252517815026961	29
-0.035025907327955	0.218641905247867	42
0.094400629358859	0.133085609545783	303
0.089659126292287	0.0671185574350419	303
0.017453522620053	0.156217656964516	303
-0.039508995936797	0.149988458947545	303
0.059247379983487	0.352402920159605	142
0.061802524807308	0.352248406501857	142
-0.019106364446575	0.428651694581951	178
0.012274869129615	0.325544060204917	178
0.09049547727581	0.156536985266046	149
0.11581946645735	0.138562424936946	149
0.033133251101823	0.084545409463104	149
-0.10932582151259	0.176468370548125	149
0.065720097476869	0.106539391163744	67
0.034577039649052	0.0828853408353346	29
-0.115175544360744	0.177824561589628	29
0.057221173669248	0.1342451944218	29
0.058287976622817	0.166828080582923	29
0.101572170678241	0.134716249996963	29
0.000261748019481006	0.212233950182772	29
-0.045117657933728	0.277094443079724	29
-0.053590399820529	0.276833838989977	29
0.067174841594187	0.108030731820904	42
-0.072657232296725	0.290724273603803	42
-0.051329443071485	0.269424378795156	303
0.108503239440891	0.0854919755353057	303
0.104712359146236	0.119522703722272	303
0.063171973507029	0.164838174692205	149
-0.03226996239096	0.0968292699610618	80
-0.030050495256059	0.0957453786530271	149
-0.115363755131964	0.170076784459989	67
0.040999619710158	0.232813277263146	29
0.019686926728529	0.231589464619059	29
-0.063543158566015	0.229696113431401	29
-0.096477391107493	0.381080042687587	29
-0.096280666742139	0.441117318873266	29
0.065160665267497	0.109201223377252	42
-0.033933232085005	0.09758760197118	42
-0.029800686264707	1.64746710894243	142
0.042099018163461	0.730579355066088	142
-0.106254849440192	0.414633303861955	29
-0.054483685652578	0.340567695548246	42
0.110243746565495	0.139854449374307	29
-0.024716496929996	0.212128189216199	29
-0.124421864479079	0.172332689815906	29
-0.122844884493814	0.178994553988468	29
0.022291259909093	0.197056818005581	42
0.066062221168899	0.179712763635192	29
0.076737989932565	0.154691303513611	29
-0.121771384952587	0.23742367634223	42
-0.03226996239096	0.0968292699610618	42
-0.117984822226702	0.17873352015356	19
0.031199616750944	0.0856518567102529	19
0.108736157217651	0.0859623608899989	303
-0.10800427089307	0.393149083217279	303
-0.113699085397347	0.460163978482009	303
0.046114846945407	1.07032514061096	142
-0.123614093138754	1.8164991749537	142
-0.011987237446635	1.02012330452803	142
-0.031711399386998	0.0964972843217709	149
0.020871152698805	0.0840387392477608	29
0.093040666406174	0.0671733120880896	29
0.022933613365267	0.155825669788247	29
0.070015899352494	0.105135086643203	29
0.089291833690346	0.112165187507557	42
0.087937138080099	0.116442565490398	29
0.011206503160789	0.18730495965871	29
-0.068743349856495	0.260345418355155	29
0.014106457720314	0.125966646754124	42
0.018412534285477	0.132064584056127	42
-0.033907625536917	0.14905114587847	19
0.037332136589465	0.0829524662765178	303
0.082179943024813	0.763741314448115	142
0.112889766400773	0.506819296828426	142
0.043616192476013	0.881748488692291	142
-0.00951999389427599	0.170680865787818	379
-0.058236170406466	0.202560063379908	42
-0.01360175169779	0.176398981814699	29
0.04073047328481	0.165181170586737	29
0.03158725864757	0.149135033168081	42
0.078913460009317	0.070151465017273	42
-0.119529576451176	0.233362353039891	303
-0.062746456541858	0.201911001157926	303
-0.111775513422458	0.173085598759977	303
-0.112871153624994	0.262684615056378	303
0.071977899364041	0.105202540518848	303
0.028551610816485	0.121838214821064	303
-0.031159069703148	0.0981044391984633	379
-0.124609634685955	0.306292659164459	29
0.107709475763016	0.0842067471930413	29
0.038709217483997	0.0819489753591244	29
0.03099218341238	0.153461565847558	42
-0.07912896780097	0.269981437258995	42
0.015544921820966	0.177429670342428	42
0.089645088569364	0.0680799420359369	19
0.025866634263798	0.0852415048002229	303
-0.000577871578176015	0.222647750728559	303
0.092550317537913	0.114489568866839	178
0.018493675435935	0.155048728896411	178
0.060357319067505	0.111510054242989	42
-0.115618198906116	0.177867309854093	990
-0.124339697559756	0.278559345142001	29
-0.111932123360035	0.179325288797912	29
0.094226252835513	0.0661305133209542	29
0.001305764212441	0.194956076512747	42
0.030630845159395	0.152730742865878	303
0.11759623702508	0.0788072334738439	303
0.106870750138537	0.944516067230722	142
0.089194209735632	0.113287291634952	178
0.093426737500561	0.0656448597288955	42
0.034518540255033	0.0835298070606415	42
0.091864264503201	0.0662683502256002	42
0.093051038020918	0.0652637048405884	19
-0.036949261315223	0.148444750387354	303
-0.076551429095785	0.31909834351229	42
-0.093827570388834	0.360487722050974	42
-0.047612026009991	0.0983757158367387	42
-0.038678915106647	0.149478818247592	42
0.00662689118684201	0.150852894984152	303
0.099523482655113	0.0901523748588912	303
0.002060152034044	0.231501641407692	990
0.029506477293678	0.0858373609288333	29
-0.04594178399216	0.15267774230819	42
0.053691661770507	0.160922766290358	42
0.013431354976414	0.132427983079094	19
-0.035781380202666	0.0977859364375766	19
0.083084897817217	0.0706370159862854	19
0.028378908086965	0.0860146778006772	19
-0.037343287652806	0.100052395781568	19
-0.040664199974058	0.0986973844946974	42
0.030631722546375	0.0846682819002339	303
-0.029498051546691	0.095443783491025	303
0.034476436783504	0.202517437154132	303
0.022674315174889	0.185038406486951	178
0.084282252206357	0.0705379079167224	178
0.090834097271021	0.0670397845703292	178
-0.114622043458936	0.171956064174454	178
-0.036334661817441	0.10048957400549	42
-0.039845478586985	0.156050399493278	42
-0.038282182108274	0.149452646093757	42
-0.0442196625004	0.154157394289877	42
0.033133251101823	0.084545409463104	42
-0.037135795510813	0.151037758166957	29
-0.077539555221792	0.268410545586795	29
0.013826391737914	0.127284104676124	42
-0.110809555578001	0.177134753388643	19
0.00976027286255701	0.129628278174737	19
-0.048532018530832	0.149894482735458	19
-0.109117668173659	0.170594648012815	19
-0.112359833330993	0.261326422213953	303
0.089004625039132	0.0669687120506962	108
-0.034902447411141	0.144168846099733	42
-0.040664199974058	0.0986973844946974	42
0.043156093721031	0.193268598791694	42
-0.029212308393335	0.229368522266498	42
0.031758819280666	0.147424430360803	42
-0.041396556047673	0.220596409637292	42
-0.123025441346717	0.235854833540921	42
-0.039003215206477	0.100328574963044	19
0.095393786795018	0.0658895182215375	42
0.08585553283406	0.0659499986128381	42
-0.040844223800902	0.101660915739334	438
-0.031159069703148	0.0981044391984633	178
-0.079384343877461	0.278055600673111	42
0.035954743729463	0.0832571614702204	42
0.04461190201452	0.0732532369125153	42
-0.037343287652806	0.100052395781568	148
0.081274965658176	0.0700443890941612	42
0.013485740436633	0.130552588890679	42
-0.089373684727094	0.333254041828686	303
0.015228014642379	1.96610417879485	385
-0.112380255184027	0.170132936116947	2351
0.012328054592388	0.205200421341718	2351
0.0057208895492	0.205848033300718	42
0.069717950763789	0.107567133462506	42
-0.060376382278686	0.304394373930721	42
0.092698446847159	0.126242926588085	42
0.06063825910231	0.112672324299196	42
0.027832826096726	0.154982916821846	42
-0.038994523901059	0.150355968057456	19
0.029759114008335	0.0838078012751067	19
-0.120239509800884	0.18169644609744	19
0.036200303569454	0.0835865372794923	19
0.088861568491431	0.0677302591191062	42
0.019250823233856	1.81933805999539	385
0.057220909977858	1.12812136295405	385
0.032324764969356	0.085014775594618	178
-0.04028379178964	0.0973885165614567	80
-0.030050495256059	0.0957453786530271	108
-0.035221187230623	0.0996917527572204	2351
0.00433752600773399	0.252345618455558	42
0.023183236206445	0.21603670236462	181
-0.117621467347346	0.173461115310091	42
0.089265979567449	0.116206220996802	42
-0.110864841494983	0.257453780305486	303
-0.011307620240772	0.216330857616292	303
-0.041472651117584	0.15388680873237	438
0.084674917783614	0.0676057487009113	385
0.029254945641705	0.0854250005513325	385
-0.107416378364805	0.405747455676216	181
-0.094952769595619	0.358264880059754	181
-0.075775303676581	0.357050737725495	42
-0.038003609048903	0.100132891438743	42
-0.072252239870894	0.305381645732688	42
-0.03968700452328	0.154256465120477	19
0.088455639828229	0.0686406426894939	19
0.063228808947265	0.131418608408774	42
-0.033500612641752	0.141543859112126	19
0.013275395519319	0.128810134571756	19
-0.023929016508487	0.254119939696916	303
0.115863813798243	0.832733041661811	385
-0.077838481120432	0.380553152771157	42
-0.00552441436805501	0.322895514011949	42
-0.111591071405561	0.264299529119778	42
-0.049263666143313	0.346893716320373	303
0.073372092054126	0.898936618312838	385
0.064349380629376	0.449464735155685	385
-0.11587070551856	0.176989812095252	385
0.034816021320133	0.0819523405343454	385
-0.033554504638585	0.0989113001367016	108
-0.045284672188123	0.0984201421286275	108
-0.015346064700271	0.17825119509621	181
-0.041291008496244	0.392090457373392	181
-0.071317485771527	0.396512249914902	181
-0.059221142459952	0.350626907556886	42
-0.079076632611118	0.488759311289873	181
0.014876658641803	0.131408888023018	181
0.02153780542073	0.129979623825684	181
-0.123536280354901	0.232563647282714	181
-0.032764942154256	0.145873726870682	19
-0.036334661817441	0.10048957400549	19
-0.041405672757444	0.101142567173792	19
-0.039179528953552	0.0992222010404019	19
-0.041949673887983	0.0997020403248869	19
0.097282895660612	0.0936070711178173	19
0.09525411647115	0.0635063767249599	438
-0.104423306280085	0.360459233002533	303
0.015192187201745	1.88628510774115	385
-0.070323255709793	2.44746227636924	385
-0.078515236068312	0.322137861752784	178
-0.035597576264984	0.0972797899163222	368
0.076581861547966	0.191463952732352	181
-0.031591104982631	0.308154608288493	181
-0.02268626451436	0.29336290382319	181
0.067697808685593	0.146055603748986	219
0.117775026187841	0.117802820414524	42
-0.077538891950725	0.244400794173926	42
-0.066765349875066	0.202254754643802	19
0.095250229109126	0.0642683787751947	19
-0.039741096782999	0.100867367680409	19
-0.11973563751072	0.272766512648427	19
0.119951379880011	0.0941996547207092	303
0.048465672788106	1.36073035033701	385
-0.03864030739062	0.0977108457752417	385
-0.034113433725632	0.0952093668407896	108
0.032247319962743	0.152742752317949	181
0.092553764665375	0.177445894690059	181
0.053379509389555	0.223531342911006	181
-0.036581175828452	0.304352141856545	181
0.055258062028372	0.208560474729029	181
-0.00260415696116201	0.255003317070384	181
0.091456695015277	0.159164157590878	181
-0.118116521335018	0.178918194511043	181
-0.083124554889464	0.301147216433232	219
-0.062176669141453	0.23184855465623	19
0.020496601791815	0.131410681852503	19
0.018295924854871	0.175526242029126	19
0.107523881380857	0.0879082357175019	19
-0.045949637753264	0.0993208974835679	19
0.064505039329462	0.16972093997113	19
0.049030388854357	1.53215829857038	385
-0.033000027866874	0.0969845561461558	385
0.020216458723197	0.305292320912593	181
-0.090630695970831	0.415790240639438	181
0.032324764969356	0.085014775594618	181
0.096641717507745	0.0892897052075129	181
-0.116966280131405	0.459539207744912	181
0.030711190716744	0.149987023703222	148
-0.035719949629514	0.252135073845895	19
-0.037587291881412	0.337797857853813	19
0.021287219282229	0.128548498706021	19
-0.050613129553213	1.32089490047801	385
0.033133251101823	0.084545409463104	385
-0.040664199974058	0.0986973844946974	385
-0.031159069703148	0.0981044391984633	385
-0.041968139454293	0.0965050431706499	108
-0.069166123857391	0.488487001911723	181
0.019224864440924	0.323447636083096	181
0.068445921755637	0.108258609831653	181
0.088455639828229	0.0686406426894939	181
-0.044176834607404	0.100252958759811	181
0.022753634092407	0.217020748479711	219
0.01510904454028	0.123350760244923	19
-0.030614922369815	0.356044874002794	19
-0.038827421774153	0.146324612976437	19
-0.047612026009991	0.0983757158367387	19
-0.11587070551856	0.176989812095252	19
-0.053687814903209	0.341253220038315	19
-0.032336769959406	0.216450472946717	178
0.101145730816438	0.0603677922470697	385
-0.033554504638585	0.0989113001367016	385
0.019454844918629	0.132093096357099	385
0.115534932134202	0.169787962215614	181
-0.021941217342151	0.450916843415281	181
0.010714251655879	0.358853049206168	181
0.033364721589972	0.171860569028009	181
-0.117876149446904	0.225131739923713	181
-0.113055237624122	0.180130165034426	42
-0.119349322855684	0.17893784501986	181
-0.036053903015101	0.286173943875887	19
0.030070882135132	0.147122302631092	19
-0.04756443095342	0.150899699762135	19
0.065889464033335	0.108876024833747	19
0.02153780542073	0.129979623825684	19
-0.095333620836358	0.430755259744901	19
-0.025369774698822	0.133751271922852	438
0.073708620642503	1.30484108092497	385
-0.032930849827243	0.239065751425962	108
-0.066200258604552	0.231906630799107	108
0.078174090296113	0.152944454482973	108
0.017942091723251	0.125965638378422	108
-0.12069335397432	0.305602699851024	385
0.049437737815878	0.230749989986423	181
0.090052847949697	0.157923981568161	181
-0.103549255795572	0.413211141121812	181
0.099633768006023	0.171630765097011	181
0.072257466703814	0.150977420831943	181
0.052742945860379	0.222624863859737	181
0.084454472096777	0.167912589810716	219
-0.043150461727794	0.347095040773918	19
0.057052011458057	0.183819405070453	19
-0.059459439509355	0.34128041058695	19
0.057803533750458	0.228088465201737	19
-0.000766072363034998	0.287550066252273	19
0.000953735964279001	0.229448652632846	19
-0.02157158660942	0.180666375581428	19
-0.040386958469249	0.340052124759344	19
-0.113744949002146	0.410076141796664	19
0.122748262682514	0.104877914045774	19
0.031153786047449	0.20687154345543	19
-0.065948731270078	0.336577106453143	19
-0.029378668014756	0.262142702580128	19
-0.012289737340283	1.02544553192754	385
-0.095347116161983	1.23953781992017	385
0.056308159955831	0.294973312472005	385
0.053958267119265	0.208919242358507	108
-0.022893990365276	0.324556081834907	108
-0.038912630196729	0.287363696891325	108
-0.02227956356259	0.256538137493441	108
-0.117175595402374	0.386190638678971	108
-0.106533325216131	0.319517739887135	385
-0.020864927175589	0.236590613617896	385
0.034742603017028	0.202961346903737	385
0.00344581778290701	0.18364666542928	385
0.124313416953455	0.116409108442092	385
0.035574540571708	0.207362046500403	385
-0.077624503062267	0.277141776925766	181
-0.118665709991041	0.269548487035497	181
0.117100243991472	0.155757267589145	181
0.002187361461369	0.342745852069586	181
-0.076688991543181	0.489523413963942	181
0.085313127190099	0.16649786169087	181
0.035970372421203	0.226948067738893	219
0.078011405857997	0.186800676396717	219
-0.083602768340351	0.574850395149249	19
0.087483116124745	0.148047699514639	19
-0.120102587757409	0.361574126949744	19
-0.013381107295685	0.279277887495168	19
-0.064688143446986	0.384859823656808	19
-0.09111630980866	0.425531001139947	19
-0.071343643870916	0.368547175090697	19
0.001166415353033	0.250822614753822	19
-0.080183976755475	0.410368585561317	19
0.116418149493061	0.704608884770727	385
0.038117187453829	0.442931833563846	385
-0.11989758000942	0.696562254626679	108
-0.122527525543476	0.605829528259145	108
-0.090221630495649	0.590680772364492	108
-0.055384692655903	0.471758259076695	108
-0.057743304244975	0.324777478431811	385
0.079002778170424	0.150954002321663	385
0.086926422261134	0.132123271905989	385
0.033279618960969	0.204272752268689	385
0.000233882504747013	0.213006642274597	385
-0.083201433358493	0.379856983410814	385
-0.113219345561675	0.493084606723502	181
0.012724356905531	0.222980633524209	181
-0.062015620420408	0.434696158331568	181
0.005126521993879	0.329657093485007	219
0.071946453655395	0.221202731052573	219
0.001640782549722	0.354116214308669	19
-0.116834525456901	0.464428716272731	19
-0.00711966831240901	0.218032275122655	19
-0.013140515677907	0.257644103607904	19
0.097551833417597	0.149560308447849	19
0.044915299839682	0.242516803968831	19
-0.027807242746339	0.303239202829874	19
-0.021238049727881	0.289234697421028	19
-0.043881107859869	0.306852110088003	19
-0.024284190285378	1.83879097379333	385
0.00171334389550301	0.776396022693112	385
0.055876555622019	0.471653334031123	385
-0.123405028844698	0.674901964831563	108
-0.113769568966943	0.452170098610306	108
-0.056480613064221	0.299956247064843	385
-0.116498785486668	0.303485956234071	385
-0.117950751695995	0.401191951437411	385
0.01984987458283	0.252875889020793	385
-0.00897501067530199	0.261567523403769	385
0.091164972787865	0.128766397481328	1061
-0.065129821436607	0.360330797966731	181
-0.00419964967000702	0.335951353105164	181
0.00105140338898299	0.225798766271759	219
-0.020507993459542	0.284171404607333	19
0.02767028370974	0.253356560775862	19
-0.034683763641554	0.315486014577755	19
-0.048579626529918	0.399563696906906	19
-0.059152829504833	0.338576542907088	19
0.008239746672803	0.311299466478359	19
-0.02901177162035	0.260055306814537	19
0.037911216952416	0.250424781975465	19
0.047718503692387	0.210838631941601	19
-0.016460481198664	0.294336030708213	19
-0.020247436945471	2.09416776930616	385
-0.01760537078391	1.19441475005547	385
-0.034017491605004	0.404469255843947	385
-0.00489139777103398	0.282508849185929	108
-0.109717937653538	0.322824781415422	108
-0.076658296402647	0.266052239778882	108
0.084271961247091	0.0708414880188827	385
-0.120380887691921	0.175219788153678	385
0.095393786795018	0.0658895182215375	385
0.07187211160875	0.0987193542157105	385
0.088288252965504	0.186352215978905	385
0.034979841325298	0.170713825277932	385
0.00644531501978601	0.390394506480915	181
-0.054619408358041	0.422196536786854	181
0.083552655223553	0.186998519828651	1061
0.042640445564664	0.283325312916941	181
0.083240648313152	0.147623902361864	181
-0.039012404738572	0.443958500627097	219
0.116182332185754	0.123189928561943	219
0.087946279250525	0.141592963439837	219
0.107065985818393	0.0855746953708584	219
-0.00654934540587099	0.283422311922986	219
0.00194285863583499	0.230420244361436	219
0.036102706144153	0.145522383417665	219
-0.115835340088887	0.34262284217919	219
0.036516853250254	0.14007469351941	219
0.032247856846649	0.0822726371214799	19
-0.120488331119661	0.177680474042401	19
0.097608756682348	0.0619875037655915	19
0.002288637414538	0.255423367883099	19
0.030886589651299	0.249097877400192	19
0.101866263904516	0.198003133140211	19
0.037043185364442	0.168032702461576	19
0.083221054174785	0.185042638469875	19
-0.071186570430271	0.282855118868914	19
0.010689795349209	0.338638925306088	19
0.079321732621791	0.952389024404041	385
-0.00390483080941401	0.370503339557192	108
0.112609372631827	0.141150933504755	108
-0.091197985687928	0.382245060764931	108
0.022089497334011	0.253817882993918	108
0.00927616179531299	0.201902327432423	385
0.044297488661786	0.179683178467998	385
0.030183823875569	0.243221297703891	385
-0.080918346808153	0.354464428215732	385
-0.106811882782999	0.434108796428395	181
0.061662579687369	0.166926793872993	181
-0.098229075027942	0.366648438096476	181
0.070164196073842	0.210248156053898	181
-0.033702901005871	0.246003112060062	56
0.05637708676185	0.225711636838448	56
-0.029035545689918	0.335863300295272	219
0.101920860681299	0.13707198593421	219
-0.011928941322911	0.256020478743784	219
0.00591614590630399	0.277212767005451	219
-0.060715464187648	0.308902158866335	19
-0.086703093272955	0.308128967944381	19
0.091040561413175	0.114190323738575	19
0.019296004618488	0.219080945724162	19
0.105449747767202	0.170543958338179	19
-0.020088896056889	0.270203559803252	1755
-0.082641607007619	0.324674388440387	19
0.091105436359539	0.144204801168836	19
-0.030773135946166	0.277683883584789	19
0.04203278816633	0.355351899408506	108
-0.064359110903615	0.44639749610579	108
0.072594795297091	0.198301516883667	108
0.119742197007389	0.155701207355842	108
0.077745744404594	0.188755154160821	108
0.024000027953622	0.208087321200176	108
-0.031529221514765	0.350986080572944	108
-0.089950869901601	0.300448259940489	385
-0.021964362273969	0.254112257103632	385
0.100793197622966	0.0905011401237496	385
0.067105465674554	0.158591442620014	385
0.110641293644495	0.127514566964361	385
0.079731603099025	0.168479971063026	1061
0.121717031365194	0.0945462648051858	181
0.08125554015332	0.147178856437818	219
0.025748393747115	0.151709140845321	219
-0.08983986852899	0.337983202391395	219
0.118485264433879	0.105549188276584	19
0.070414441377266	0.139428759121873	19
0.120427759127709	0.0923214216793157	19
-0.047425400943855	0.281721919725964	19
0.043834331319416	0.199982236618109	19
0.00207463922002299	1.04085319196131	385
0.0922077395267	0.497473762020839	385
0.119204471137625	0.358890540959471	385
0.025175149888099	0.609763874875046	108
-0.051333083882071	0.863771533718709	108
-0.064219467131022	0.870726684241738	108
0.048818100194901	0.411114191661049	108
-0.095955898383963	0.770105321186238	108
0.065329215092285	0.278477304886294	108
0.067572215782359	0.25899814114938	108
-0.07226717549391	0.352259130034449	108
0.013771669927673	0.291827303372805	108
-0.113323507392931	0.456714003107737	385
-0.065226315920441	0.391865075167026	385
-0.030923415539272	0.333714279184008	385
0.024402827734006	0.286550211913578	385
0.05656223221303	0.184542159828327	385
0.02241086473641	0.257161177280157	385
0.110796512031358	0.122394037955936	181
-0.031409108298849	0.283823523668654	56
0.060514064064602	0.23087140610126	219
-0.00482875937345301	0.2591736169057	219
0.110196928391811	0.12929880214018	219
-0.00936522195503903	0.277028286146396	19
-0.021196556604697	0.252119049589971	19
-0.020217126881331	0.275611555003676	19
-0.012478076897201	0.31645963859283	19
0.077115784807364	0.170374552653644	19
-0.081557990990233	0.406025059565966	19
-0.040226392426698	0.411221819019804	19
-0.105581250233414	0.47420785615698	19
0.119791286436243	0.147973021323312	19
0.092386243795528	0.140964492944559	19
0.017144880119786	0.195484091343621	19
0.114302360539716	0.11994704831172	19
-0.118555759218624	0.415667103036003	19
-0.045703950012772	0.298479738538417	19
-0.113984175979982	0.338740335724453	19
0.102525619281176	0.639312189776805	385
0.086771249213873	0.642385834460795	385
0.079939981015978	0.558591923400275	385
0.021602302972699	0.866331539369688	108
0.034543952562911	0.745023013645512	108
0.017496638799605	0.702954845666955	108
-0.00494416415481203	0.777552217153632	108
-0.054410041750937	0.850374691700942	108
-0.002767796261676	0.604513262264876	108
-0.061068944351713	0.744372539813724	108
0.003350127701402	0.444074809131952	108
0.00789235823603901	0.415637696286244	108
-0.016109243079608	0.423656378688303	385
0.111058936600609	0.151953265784689	385
-0.059546308373521	0.455998287274675	385
-0.121671120995763	0.586514338137256	385
-0.07941000173193	0.512263053684547	385
0.107377742890992	0.166307471533061	385
0.100980954661262	0.132394963620648	385
0.106218346659581	0.131565632904023	385
0.069874684028578	0.139396478879357	385
0.060458443636117	0.219901828692953	385
0.067717531388729	0.109000646222951	1061
-0.10843654129695	0.173138477570059	181
0.051599652104636	0.190005503038167	56
0.092810173722364	0.153169724034621	56
0.091854647509918	0.0677363470685039	219
-0.021467350180924	0.275360426015966	19
0.115974621992042	0.108533582968699	19
0.00463735143813401	0.294334770614922	19
0.081244622882071	0.206702437267779	19
-0.02923188636202	0.229446795088313	19
-0.064796380526799	0.20345718725904	19
0.100027251410939	0.713437629026548	385
0.122781451893522	0.429567606596133	385
0.037614916199688	0.849158964269172	108
-0.014499785475452	1.10956640323369	108
0.118359337278986	0.395078304048361	108
-0.022326368097855	0.933587902818757	108
-0.03870739489138	0.834646370509502	108
-0.040074658573283	0.774491264631291	108
-0.089334563294258	0.837827319380482	108
0.100617453040144	0.323482102795338	108
-0.054410732371293	0.708132226827261	108
0.027967304835705	0.394870406814239	108
-0.090591573369414	0.69007914507778	108
0.068697384909256	0.260332059465343	108
-0.018712871873065	0.459811434380209	385
0.031853306549261	0.283390464783027	385
-0.00175032069242898	0.386070223391527	385
0.046071270649552	0.282920873904751	385
0.096153274421572	0.192465560171646	385
0.086644796186402	0.0695636587592439	1061
-0.028390655885749	0.0932240137501433	181
0.087265751007017	0.0687752633996953	56
0.086021800294321	0.147817900577853	56
0.124899087178787	0.0912467422406164	219
-0.097810573836282	0.413564396896704	19
0.111356302082963	0.164154103579519	19
0.106170305402298	0.167986975445761	19
0.11544496577875	0.171927823150653	19
-0.043928676321794	0.328124238788784	19
-0.115896628486654	0.328690088633796	19
0.02945927906884	0.230885734688844	19
0.016145313115845	0.21951586798775	19
0.029483166506952	0.149753659294312	19
-0.071515868249862	0.313718475330872	19
0.024343088411276	0.157658499065338	19
0.108741040685133	0.636067427929526	385
0.064137734301006	0.774005765427194	385
0.08581762597738	0.551606774005675	385
0.028045987221439	0.761665047209633	108
0.079405486706832	0.515679063692704	108
-0.023690337600371	0.780485607766407	108
0.013331622838737	0.693270092233404	108
0.094222675412525	0.304010359114023	108
-0.094130337178062	0.899530578710453	108
-0.017030026975763	0.620329128066861	108
0.021777982561081	0.371688982270533	108
-0.077686806895557	0.640219079364974	108
0.061561337188362	0.262100386448623	385
0.00454675967580601	0.380104346844702	385
0.057442596558447	0.307790256080072	385
0.113864271398896	0.160744592663384	385
-0.095168595128846	0.547247015348221	385
0.066595513839605	0.196019899057743	385
-0.027212732423814	0.177955729486566	181
0.062577219146522	0.157326272552107	181
-0.038003609048903	0.100132891438743	1061
0.086075422065755	0.0684406187497207	1061
0.106197576650658	0.086985009203612	56
-0.052087989065321	0.150070590357836	56
-0.074232337003803	0.237980758095611	219
-0.111827671721661	0.216419909290493	19
-0.105938336876204	0.397318640322376	19
0.055450080806417	0.193216891857526	19
0.076285038137811	0.12080003776753	19
0.012383787026708	0.176799336651864	19
0.065456353378825	0.111030609890101	19
0.013486936991772	1.02759322823503	108
-0.033380788331952	1.16948151372029	108
0.066839117955802	0.584000759143202	108
0.101641306818128	0.35870071200701	108
-0.104610506564435	1.07806395305039	385
-0.092005648113379	0.91633777231342	108
-0.019812258508576	0.731168493876748	108
-0.030647486109479	0.605297139765753	108
-0.041701249050861	0.576185707100006	108
-0.016663991631915	0.40823115923347	385
-0.035221187230623	0.0996917527572204	181
-0.036334661817441	0.10048957400549	219
0.026258349748095	0.186188965132	1491
-0.020727739567399	0.217460038545788	1491
-0.043844596575376	0.317577861092261	19
0.058857256047906	0.22945581661798	1491
0.000941590422751992	0.329569394536792	19
-0.042950973654255	0.427748317013091	19
0.019575422133164	0.240681483128542	19
0.030503000102572	0.15340828165888	19
0.093964513068861	0.113517882240483	19
0.036200303569454	0.0835865372794923	19
0.028234522770369	0.149771958750098	19
0.102946218976371	0.648140713617001	385
-0.050914166993509	1.30597779820523	108
-0.002561446344439	0.651867871507504	108
0.029541938911286	0.536155416678366	108
0.079623229065481	0.360369169062977	108
-0.060066608850462	0.688625687052828	108
0.004862980604845	0.468622260326272	385
0.00125506401671599	0.436005688649145	385
-0.041241573801205	0.432935993823299	385
-0.040664199974058	0.0986973844946974	181
-0.111146468692393	0.169208436770499	181
-0.040844223800902	0.101660915739334	219
-0.010104310580374	0.224413133950868	219
0.105558049110803	0.0861728754951457	219
0.017169467791017	0.238778924907431	1491
0.063369394563472	0.132021451243057	1491
0.078697990443339	0.236568993358793	1491
-0.124606100261667	0.275646896207513	19
-0.112505670152956	0.369467679959062	19
0.035650449353322	0.0823857333644256	19
0.026748865775633	0.0864957094687745	19
-0.054738031297253	1.10672250372943	385
0.086054916964892	0.37562324504897	385
0.000654644447589003	0.635307350580798	108
-0.015215255172367	0.457934475276943	385
-0.113413888326354	0.5974848891624	385
0.056775269997794	0.260644549629159	385
-0.048773460933967	0.441876026722794	385
-0.082656816637576	0.374382350293976	385
0.024858028992844	0.158276084983577	385
0.001487382861592	0.277173063581411	385
-0.010223884032318	0.322177456032914	181
-0.040106085879917	0.0990256675498028	181
0.00688671929698401	0.19193046918733	219
0.111645607943596	0.0838404922079456	1491
-0.117784820820021	0.326599705659484	2
0.084951228471607	0.165313162901375	19
-0.011221667451004	0.223824316753001	19
0.00313780354249699	0.278282167376124	19
-0.052743487004802	0.299191708213366	19
0.046656747471061	0.177303935465172	801
-0.119762382860557	0.360773086622268	19
-0.12214843930246	0.231208696910583	19
0.032303597600429	0.0823453868364376	19
0.10990233252093	0.421110134862463	385
0.099835054915285	0.392160779013723	385
0.027053067743581	0.629248533576423	385
0.00273989274648601	0.686545521525354	108
0.100875022564137	0.319930052136396	108
0.081439594074197	0.38209274964912	108
0.060698921132489	0.30617696223919	385
0.067775551079414	0.282819709139339	385
0.026565639529871	0.327889426566962	385
-0.101629173260126	0.375139151005696	385
0.01462623208827	0.287209273561623	385
-0.025531062500093	0.29758043942884	56
-0.040844223800902	0.101660915739334	219
0.086635044080705	0.0698099487664053	219
-0.088908289741902	0.334995192978647	219
0.097855885799251	0.103066231448572	219
0.044288165840281	0.156281622092656	2
-0.04011048913682	0.369076688534534	19
0.101841258751546	0.0919709602275845	19
-0.026358140200908	0.212644580801945	19
-0.079523692887356	0.437268091785727	19
0.064193425308477	0.126809598603626	19
-0.043616633641534	0.0999802149630228	19
-0.119863839948953	0.224087315850586	19
0.030863308906135	0.151904532397678	19
0.097968611436874	0.454269767901067	385
0.060094829897444	0.537470443391107	385
-0.074998600225566	1.07234893226003	108
0.046882015393385	0.520924276284828	108
-0.048625454501639	0.734813653614599	108
-0.029083480046718	0.611794378498492	108
0.048542728016543	0.360660918059025	385
-0.035157116545207	0.519212706831706	385
-0.083090877952768	0.506632443446554	385
-0.095901853548692	0.596348847019257	385
0.056510699286214	0.20497905904255	385
0.084670648687142	0.0691768460062868	181
0.00683559391461799	0.187677850598375	1491
0.084537047906334	0.129320320911849	2
-0.050800505098809	0.486543839740854	2
0.017874111181249	0.295385825874828	1491
-0.031269339228388	0.218296679015139	19
-0.095402671794417	0.367298135714567	19
-0.112530910200047	0.40969181433029	19
0.00347027623584401	0.19125507749609	19
-0.017356935629899	0.23941812371985	19
-0.122583455002124	0.360052244408998	19
0.114920367364679	0.385574097255181	385
-0.04329631912818	0.946997813424056	108
0.05108741223882	0.476808328126239	108
0.004528286839729	0.660280131348509	108
-0.017481358628786	0.581826868325502	108
-0.026687611888604	0.592409718927549	108
-0.05385377148653	0.604242364157174	385
-0.002373201434966	0.448674375247578	385
-0.059572026125349	0.329938404619316	219
0.033633441034102	0.169567873234237	219
0.037010714847998	0.0777877158323194	219
-0.036589724387222	0.0947047350810355	1491
0.123330271751191	0.0926923173143335	1491
-0.084668470722139	0.270443378459425	2
0.095655965918264	0.139954759651468	2
0.003537303148692	0.302077037054553	1491
-0.084183963844694	0.380592107573797	1491
-0.078726151709071	0.344398455781533	19
0.064186384416594	0.111422943915699	19
0.080313249962288	0.646713340983235	385
0.035368955921113	0.782307350763242	385
0.054023567678194	0.590794293099552	108
0.002207776450383	0.689627332663867	108
0.005542378549549	0.544738825405266	108
0.089384720815004	0.293793489244088	385
0.036654097968365	0.305231758124324	385
-0.046408768434112	0.483116415880632	385
0.038065106341196	0.274903081324204	385
0.07792381644521	0.167416713940168	385
0.035954743729463	0.0832571614702204	56
-0.064491558788848	0.255468023847424	219
-0.121465064007601	0.177706216939639	219
0.078232773930958	0.0968795421234416	219
0.097231397788951	0.127136945539959	219
0.02153780542073	0.129979623825684	219
0.080556988962571	0.1449866424189	2
0.056489176437963	0.227557392935226	1491
-0.025799056857593	0.34499165717687	1491
0.094571903825034	0.140805231069839	19
-0.10221902272624	0.417878657098439	19
-0.00302516533368002	0.257775852531689	19
0.09737506571164	0.145335183936255	19
-0.109309801827261	0.349863086984857	19
0.027512068724107	0.153435854571386	19
-0.025354429745899	0.256823761589013	19
0.091114178699668	0.379925495266584	385
0.073708921954507	0.422367663251821	385
-0.116956412903557	0.869642547014352	108
-0.044537786720725	0.455945596344223	385
-0.041041766086699	0.291613372800043	385
0.093682918810984	0.126548331816654	181
0.083084897817217	0.0706370159862854	181
0.063735088403403	0.108841686433804	219
-0.116399135236318	0.177232857570925	219
0.038385149825549	0.168694064467424	2
0.023024883375667	0.251552962686003	2
0.080715287039251	0.150998839227925	19
0.077585989730806	0.148801878351086	19
0.077094469748433	0.068540801341734	19
0.104508800098384	0.447444277249677	385
0.111230135427836	0.273543587056707	108
-0.112638949326319	0.892455521984975	108
0.076620885578671	0.265140072004092	385
-0.013617573239525	0.508329936757672	385
-0.013734224642201	0.441653769820232	385
0.049622907341126	0.296325312889896	385
-0.04782875746984	0.325267707146917	385
-0.103476202427147	0.37594872794297	385
0.00790930361927	0.27261166387434	385
-0.114286038160419	0.182328310624969	181
-0.036148543005058	0.0965870649959654	181
0.104925607942626	0.086475359533753	219
-0.113055237624122	0.180130165034426	219
0.036840687242753	0.145414992363416	1491
-0.059294749215262	0.199688927196415	2
0.07755047921696	0.169442526330951	2
0.075459570291092	0.182542379996795	2
-0.030247268002879	0.397903075790007	2
-0.124088335153828	0.49944382212003	2
0.09348584259821	0.143359068579319	19
-0.087513780216708	0.277683183811935	801
-0.039596463320942	0.150011979090771	2
-0.012540892366686	0.171839653285114	2
0.066767855984195	0.107191951711145	2
0.115380734449042	0.509775248165004	385
0.087942816642048	0.54352690818103	385
-0.097010941931584	1.30030674377926	385
0.059555368579389	0.535445230115124	385
-0.036554336143622	0.704774598788751	108
-0.018135589753023	0.5947244664792	108
0.023399050055012	0.372983161140837	385
-0.026924088539113	0.436276940180488	385
0.027155424238081	0.253998656298858	385
0.083084897817217	0.0706370159862854	181
-0.122548970663652	0.238308480130202	219
0.003870957830446	0.1888786197096	2
-0.032955480468117	0.263067666763567	2
-0.021802089324637	0.326228998511805	2
-0.108915524770273	0.294044559354818	801
-0.11653559733672	0.180059005687762	2
0.096912213160423	0.53124791520561	385
0.038020785293711	0.56815457092863	108
0.00233912492485999	0.62770007051892	108
-0.017923272931	0.407458645481685	385
-0.015912908741177	0.335227295552827	385
-0.04121053797464	0.247222650475615	385
-0.111318826456309	0.371334359389381	56
-0.107663572836788	0.281666625650331	219
-0.030391761641435	0.138236530681302	219
0.026649757482368	0.122602329023026	2
-0.068998372091612	0.266599070045237	2
0.105593445814689	0.789142405573759	385
0.121288176743809	0.504065936765129	385
0.039513949761534	0.563839304463587	108
-0.036380413008408	0.764957670936721	108
-0.055301297680721	0.534464272651678	385
0.06562247283796	0.271607476970474	385
0.049966072894166	0.277909011379218	385
-0.00723035138356198	0.357133427127629	385
0.082458284515653	0.0693594727346167	56
0.061770433098205	0.133956771719409	56
0.041339082350066	0.179100762014216	56
0.092250178460703	0.0652431770024941	219
0.013689819582018	0.130581843560532	2
-0.120827020293088	0.301428036870833	2
0.059226282216246	0.170160230331708	2
-0.080467674323118	0.352130120827209	2
-0.00406327013392499	0.28305525532613	1491
0.02727790825663	0.154260739658286	1491
-0.077203479283507	0.344648552244867	19
0.023470069014088	0.15661211598901	2
0.067841361189395	0.160755328271235	2
0.094217174489699	0.0668846672946918	2
0.093880009552442	0.461881596374699	385
0.10215298000862	0.226393173537701	385
-0.02993914756577	0.392434610582418	385
-0.10213183263711	0.373116109657793	385
0.035954743729463	0.0832571614702204	56
0.030314424592801	0.203104037392553	56
0.09017878627389	0.0657925283312757	219
-0.065404144429019	0.204173317594943	219
-0.019556276627286	0.202763265107616	2
-0.065928520495337	0.256483402547859	2
-0.075186688268402	0.360113150892851	2
0.078424793047831	0.172099644210902	2
-0.092254629374944	0.474423732174423	2
0.042538315272567	0.162715935232185	2
-0.086544796798958	0.347340242606601	19
-0.052502029699192	0.248136013128655	19
-0.037538148728171	0.289294574684353	19
-0.118500280567868	0.379275644564366	2
0.062507293835538	0.27422647840423	385
0.108714783643206	0.130622842463196	56
-0.041556815334399	0.241603605218251	56
-0.037856674614667	0.147221808001296	219
0.056817265275063	0.11156107117349	219
0.038503603615902	0.159550055433925	219
-0.045839949723291	0.153509639732433	219
-0.042123800902842	0.248492457308358	2
0.084660414932851	0.199330752278068	2
0.118649691206759	0.146801723110898	2
-0.047585053552233	0.41968887517431	2
-0.075041009886506	0.446516924209147	2
-0.053525624705103	0.28014149803859	2
-0.102922680745996	0.310785521319109	19
0.120124724024856	0.105280583767555	2
0.094592430546114	0.11195538731648	2
0.116411248599189	0.0952753869959869	2
0.02542821996264	0.121379520895321	2
0.062982734919314	0.134085712843741	2
0.054285056738544	0.829169295942545	385
0.112207219933469	0.391697967613376	385
0.112252010459238	0.165379230417148	385
0.093817290415218	0.0613227871773651	56
0.063503835388655	0.132952219423348	219
0.064704170475475	0.147241013465625	219
-0.017137807796537	0.177038746102703	1491
-0.061185751868803	0.206387458937295	1491
0.019435267404307	0.280825845025461	2
0.044287233201151	0.263626800110167	2
-0.079205073602795	0.432292727526995	2
0.042133306163886	0.19552863130851	2
-0.110268774682278	0.329081647157124	19
-0.059363763428682	0.28451981885082	801
-0.064405126271379	0.255356951169909	2
0.099783335858602	0.606606825473403	385
0.114915423883802	0.162083925935842	385
-0.023083806195997	0.396211718073938	385
0.060352150065112	0.110579598273951	219
0.116842654939598	0.107192073669961	2
-0.041595214981175	0.384274594567827	2
0.124793892587018	0.159624984152485	2
-0.03603597792886	0.283790806115187	2
-0.035815698791691	0.289541099363336	2
-0.033554504638585	0.0989113001367016	2
0.024052186294961	0.425870875755346	181
-0.047057204772742	0.510499606347782	181
-0.058742088996102	0.406198862188202	385
-0.026881168319172	0.0872036395484953	219
-0.081133505851356	0.243443809794713	1491
0.089760512755802	0.130301187903843	2
0.033099194123037	0.185296078265347	2
-0.070022294126353	0.310969163295041	2
0.093933510091164	0.157404447537649	2
-0.098625660561009	0.485757047767441	2
-0.01153971996729	0.224972601714265	2
0.011557495325029	0.22779999529287	2
-0.011424307593172	0.178065062413663	2
-0.060560499815833	0.223810921675038	2
0.037864337882078	0.442314229526823	385
0.121501168436155	0.233269261601322	385
0.053223054363677	0.361905293948815	385
0.013648587949721	0.424694166412836	181
0.112924521914961	0.218954336033572	181
0.021570724146347	0.327276626152965	181
-0.110472250464728	0.524697038805567	385
0.046343058888789	0.212204300622848	385
0.01005860405949	0.288630542801335	385
-0.124943102048721	0.610948062541306	385
-0.056568766017345	0.195514998989214	219
0.064172804141282	0.11050004913009	219
-0.063901565416658	0.203337238600164	219
-0.031039058434283	0.210535027602108	1491
-0.115399895519362	0.325399536691827	2
0.101451392565547	0.152488147322763	2
0.074744780892381	0.194417974023902	2
0.066263847542546	0.200088811063166	2
-0.094464319124321	0.449043652738854	2
0.082680163462124	0.184482439999998	2
0.095099132632982	0.125109590155803	2
0.04590538353316	0.175750725602228	2
-0.081363228887785	0.295224312258313	2
0.088001022978576	0.334787424703674	385
-0.056037892377983	0.8067539972285	181
-0.065995605237478	0.852765193993364	181
0.036800927968826	0.409747261896837	181
-0.00638118644452101	0.429154422827887	181
0.044321323274451	0.211896025407239	385
-0.120163182877024	0.61418509378675	385
-0.08668336392551	0.306329350959994	56
0.029153606253305	0.12061693128589	385
-0.069021950839712	0.241270801808509	219
-0.073525679540741	0.246842868557396	2
0.058095068388062	0.132334649609409	2
-0.121692455832278	0.442826970234743	2
-0.050451087028999	0.393995357516632	2
0.118798700946123	0.105540949378385	2
0.111031729704021	0.113139578193438	2
-0.008269637135143	0.222677733509089	2
0.088486247645261	0.113759401789736	2
0.120659268427084	0.0938026318692397	2
0.019663123066975	0.130463232897587	2
0.064845841392643	0.500457024909415	385
0.044356909707881	0.136256183513933	56
0.011928038357446	0.179730442714402	56
0.036766145030829	0.168384914028924	385
0.080542630176979	0.136313562317578	1491
-0.044589976149504	0.270660541276957	2
0.093301076957556	0.159076458830884	2
0.085687100547058	0.129099561405695	2
-0.124175747169773	0.227612823106493	2
0.000434392734741995	0.235391366583538	2
-0.11638570604183	0.268970887799105	2
-0.03211732937594	0.21725337771047	2
0.05959263615512	0.719817183895826	385
-0.082309348238021	1.56689365860852	385
0.116648390297728	0.114546983855077	56
0.045958966728381	0.198609847444078	385
0.114861880617142	0.125097130998601	385
-0.01945044089828	0.27328943582886	385
0.073694683551502	0.153211305524623	385
0.038497555991486	0.166270508036131	385
-0.109886504052145	0.289596672176249	1491
-0.006138949361571	0.220546127829626	1491
0.045996124945592	0.196311058193781	1491
-0.093085214632575	0.382993324487728	1491
0.001935622233361	0.274324848093525	2
0.00767785558137399	0.253216250996296	2
0.057384687316652	0.175939676076806	2
-0.073386333438188	0.372459975920478	2
0.075889049576742	0.149698026466702	2
0.065181117326096	0.147647629157524	2
-0.051411749376985	1.70607019893205	385
-0.02975560528417	1.29415896755387	385
-0.023252228187417	0.836353609711928	181
-0.063832554801919	0.202774056944461	385
0.081502328794303	0.146132784598091	385
0.100659847041929	0.0929076657637487	385
0.05638133267177	0.133208137804866	385
-0.00616545328399598	0.173204658993543	2
-0.050420725340836	0.292731547072813	2
-0.023785716372739	0.278028892404413	2
-0.09229837889954	0.328122022659033	1491
0.051813728353672	0.22691457443433	2
-0.01093725424087	0.313813504345721	2
-0.060807426083102	0.402967590957024	2
-0.058312464250893	0.349901476631974	2
0.123552254923153	0.131127531478923	2
0.020909222189341	0.213180144797548	2
0.121558414696209	0.113020459202546	2
-0.013479285094785	0.17943693776349	2
0.067763494104442	0.479519829816392	385
0.067914846639474	0.457135436302533	181
-0.109644687393269	0.838038010000364	181
-0.010594277435151	0.435580362780846	181
0.071174279494135	0.231910481772985	181
-0.118844770506192	0.221347108676548	385
0.03821785651531	0.165523259528172	385
-0.058752766829463	0.274863234780775	385
0.099283113499983	0.107644490281671	385
-0.036617676774983	0.152213825612064	385
-0.110883016634603	0.322556309253258	1491
0.062465294056694	0.110217090050802	2
-0.027706990429335	0.294402034586179	2
0.089625549317702	0.168122586632049	2
0.035039705230648	0.180043178986436	2
-0.112842015761369	0.217072610363497	2
-0.050713562677914	0.275736334049033	1491
-0.029214449811117	0.211879094094848	2
0.083599763644416	0.117101209553293	2
0.056281275967959	0.151502080477953	2
-0.00110118812340498	0.189270549358008	2
0.106776387517072	0.518202030718215	385
-0.091156164663724	1.26775052404231	385
-0.026280759213265	0.814386314933869	385
-0.086254882715874	0.842544265452989	181
0.084101367213338	0.269237052077063	385
-0.022497563563302	0.20283055964917	1698
0.035065169335812	0.0820746547568553	1491
0.089747710040866	0.130373904495565	1491
-0.00495234206336398	0.257810557238556	2
-0.035705475733272	0.336705272207116	2
-0.115399895519362	0.325399536691827	1491
-0.059376737490588	0.193453210003556	2
0.032771429114372	0.651642817473152	385
-0.004128592077001	0.853838281427318	385
0.00367375707123099	0.419299889923523	385
-0.025230063180626	0.348793966692126	181
0.122682511250278	0.152159888037653	181
-0.00954232560240698	0.503069383435341	181
0.056056379014356	0.157963949199648	385
-0.111032703662935	0.350980592935416	1698
0.041247763466471	0.165544585091588	1698
0.066467544803636	0.108490952111699	1491
0.0072814067061	0.185480904849497	1491
0.087302843116596	0.174655962951304	2
0.120095078991632	0.104874563846193	1491
-0.071157953436819	0.198769057501964	2
0.071010635370906	0.104141545129893	2
-0.011629163080531	0.991234753476664	385
0.109961008936897	0.41719213983487	385
0.046119468150697	0.655826596463045	385
0.039821412686663	0.565307673594162	385
0.080216710735125	0.402196326930669	385
0.055152654597374	0.437842582767611	385
0.044885376116389	0.435210802249936	385
-0.079672026252651	0.745745655311281	385
-0.024396724167101	0.501088358236248	385
-0.069414257670704	0.457914407825225	181
0.085847506766805	0.0688974235359065	385
-0.11956167293757	0.273807044609135	385
0.076808971706079	0.14415053884397	385
-0.036524463011483	0.237870325917891	385
0.094210150681308	0.0664471867554923	125
0.059871028627505	0.135990423764095	1491
-0.088726721836493	0.331501206144243	1491
0.010918727417425	0.261202978831632	2
-0.080084330959346	0.393687617702682	2
0.044846999564411	0.214616496590177	2
0.111726236135424	0.112444664261018	1491
0.071162815255816	0.122079841138359	2
0.029200662017384	0.810864984671408	385
0.079941988532455	0.504959998462491	385
0.035020647485839	0.600222490445034	385
-0.07185670332595	0.861049423954445	385
0.049237804594189	0.472684432786177	385
0.009162683594269	0.497332883627325	385
-0.012507373007589	0.550135700608954	385
-0.034011327327593	0.460050357654137	385
-0.020299667043572	0.174510792473203	385
0.02153780542073	0.129979623825684	385
-0.119646860546253	0.228206958522774	385
0.037558536034422	0.142361545380693	385
-0.037693017966135	0.15456792356179	385
0.034499421501288	0.188399883569641	125
-0.123162798502495	0.23523443423999	1698
-0.031072961773832	0.216946694025638	1698
-0.107182317103109	0.164564616257333	1698
-0.013071583768218	0.180367580755348	1491
-0.030307119159632	0.301802717761316	2
-0.024682155890964	0.29846002013664	2
0.011668875098052	0.260678716954164	2
0.048376262898096	0.175091613105718	2
-0.037856674614667	0.147221808001296	2
0.013877428525862	0.128664699825442	2
0.103937364747645	0.0903882696618933	2
0.090026883780733	0.0686499958168626	2
0.103212965921582	0.582247695919442	385
0.069866792851954	0.684463184570335	385
-0.078774301749912	0.849667052635247	385
-0.116292193265403	0.87798497500128	385
-0.023824825188834	0.20598784470694	385
0.084282252206357	0.0705379079167224	1491
-0.063924383719193	0.346744752756582	1491
0.063127189294432	0.205641295002076	1491
-0.116598023833983	0.331850805273871	2
0.025570715184017	0.211153931411323	2
0.090110262325925	0.113664939853062	2
-0.123642978687899	0.279715453494852	2
0.073551993612938	0.102062636626667	2
-0.121901387291487	1.21690588756378	385
-0.00549333097050098	0.526775648253235	385
0.087727183190464	0.286958322992843	385
0.09535727316921	0.254794636193767	385
-0.090512905660104	0.552164386031974	385
-0.01635935902275	0.39877212929969	385
0.065904709297145	0.106009493738312	385
-0.034666801812777	0.0997029697152663	1698
-0.040603245738229	0.261171422428979	1491
-0.006578740382231	0.280112418230874	2
0.006230478772868	0.185752341385958	1491
-0.071965444294122	0.246079983168017	2
-0.124557172604397	0.229049860334258	2
0.013182318071558	0.740138164145436	385
0.015618435318641	0.683526898781659	385
-0.00104428760002401	0.578194081860306	385
0.087024331890038	0.283030144888693	385
-0.085501695947674	0.520677861039124	385
0.048460420614233	0.286162155215335	385
0.064186384416594	0.111422943915699	385
0.106010276958725	0.132121239924632	125
0.010491118516361	0.130635930981029	887
0.032606803926861	0.15242019448901	1491
-0.01076024171712	0.177326668182609	2
-0.051412977230992	0.183444486589078	2
0.118001574022964	0.392545270446889	385
0.019246688373591	0.684419626091698	385
0.033387084897114	0.532608698651679	385
-0.00385589238084899	0.452416974731445	385
-0.117585922282905	0.824163239691669	385
-0.092102161353055	0.999597121388884	385
-0.11977685992755	1.20087637861722	385
0.103971224827341	0.103441704703384	125
0.070206962480326	0.127010701555461	125
0.0169515250366	0.242708832767377	1491
0.096554516454445	0.189979165115005	2
-0.060252958493845	0.284836650705299	2
-0.11958276029584	0.171312539863849	233
0.091859321025227	0.670098244485676	385
0.09060055760247	0.566044821944731	385
0.03246279745804	0.57991929348734	385
-0.064782127073791	0.644393769304152	385
-0.122537846978858	0.814625717472829	385
0.090299595836744	0.289844622143167	385
-0.07685259081633	0.931236854005476	385
-0.099977104750148	1.05355334382846	385
0.017695380361634	0.218975211423614	887
-0.122800174411584	0.267392014872492	1491
-0.100329937814112	0.455175148961108	1491
0.0638840982202	0.161079101169957	2
0.068767664508674	0.157679805054953	2
-0.115175544360744	0.177824561589628	233
0.107807130702201	0.0867810774772932	233
0.122040282524	0.328234597223969	385
-0.111273419498014	1.23375722158249	385
0.03562966450265	0.360483141527982	385
0.028767692437639	0.452155708283741	385
0.068658700134339	0.401348854088648	385
0.025866634263798	0.0852415048002229	125
0.124601796829253	0.0924620072178781	125
0.050201456232648	0.191837586307976	125
0.087820048576752	0.0688955958773601	125
0.088455639828229	0.0686406426894939	125
-0.062671010697288	0.205860418370439	887
-0.068751541029836	0.265538733264616	887
-0.074948698199996	0.239484134897998	1491
0.110074987292589	0.159465518073721	1491
0.043519470723735	0.177541981727888	2
0.009787836991722	0.182767609086967	2
0.052356226727064	0.138336488604112	2
0.038538082600313	0.633701232264275	385
-0.054601238331749	0.696343820246811	385
0.024715494508066	0.61195659036688	385
0.033686092761502	0.569140700445718	385
-0.045380985853846	0.0982484663067579	125
0.021749794949579	0.129802446007879	887
-0.084886965137086	0.332084112905023	887
-0.069981377688075	0.201411577994776	1491
-0.013340512467802	0.343528592107374	1491
0.072281779786897	0.215911447437825	2
-0.063121891567301	0.25352353673164	2
-0.01286750053979	0.178006044458389	2
0.018959108803076	0.807886802757754	385
-0.092699567716715	0.831343850161673	385
-0.0893683217287	1.2047334516784	385
-0.11910471250229	0.945588940781661	385
-0.012160638597775	0.180090950457659	887
-0.113342349142075	0.296995359078173	887
0.121795885082899	0.0943723725974605	1491
0.067057528854421	0.104518476647094	1491
0.037579243262677	0.0825751637182051	2
0.030385879694151	0.685888801686011	385
0.041505059579119	0.719583000985798	385
-0.076553947529735	1.06709578235842	385
-0.04270909924011	0.15351816250549	125
-0.041749819876565	0.149704266584363	125
-0.123101880129941	0.279324118827623	125
-0.104945248159563	0.399747557742059	1491
0.075079635601719	0.190133684547132	2
-0.120937051495097	0.336374228237667	2
-0.047043521028116	0.100061325242159	2
-0.031159069703148	0.0981044391984633	2
0.053881018534208	0.753327173671689	385
0.025871356310071	0.645138629310967	385
0.060721944911111	0.530734750941186	385
0.013694481708567	0.177433021303823	887
0.033384338727619	0.0837178281943874	887
-0.124583771113625	0.234816455949679	1491
0.093438107789833	0.138266500416557	1491
0.114626087822076	0.124522594510562	2
-0.006435928066301	0.21932922863829	2
0.00838877810739	0.188752093022554	2
-0.062800988668238	0.206962461757117	2
-0.106098010691207	1.56444861776406	385
-0.059993474035912	0.911395115975041	385
-0.043030172670346	0.247470158501984	887
-0.060281418168469	0.199309416325357	1491
-0.119499731190616	0.234035930797104	1491
0.071738135303147	0.12490743783007	1491
-0.090171109463442	0.350702356830649	2
0.017690670344027	0.243380405248542	2
-0.076459506819246	0.246996754539675	2
-0.011249929189446	0.179041958237382	2
-0.040844223800902	0.101660915739334	2
0.10670349991582	0.521392562751091	385
-0.068639868258295	1.49255053655277	385
0.117193374829705	0.0978021905859473	887
-0.012405403570905	0.177853913669425	1491
-0.099580657339265	0.344145039248147	1491
0.071180791303293	0.139314349978571	2
-0.00360382383813601	0.253392048322263	2
-0.11495973176661	0.301037607106127	2
-0.124074974625525	0.178414589726087	2
0.060047331452834	0.992384808631008	385
0.01795092066734	1.19442143326481	385
0.123712674598589	0.479946495638966	385
-0.063295429625521	1.31435985746471	385
0.059727102844026	0.686176444056035	385
0.090540907785675	0.144788653045929	125
0.071583614101737	0.155876402096113	1491
0.090257900872107	0.145428960932351	758
-0.114580786954657	0.33312467654554	758
-0.041233680240553	0.293014117396791	2
0.072870961000326	0.156252386268585	2
0.123827803830805	0.0925342395519662	2
-0.070354358149365	0.242352610707618	2
-0.068701083216362	0.265808712579252	2
0.00546104573005499	0.190317086458625	407
-0.00788355667138102	1.04589109146529	385
-0.100822474474769	1.58004595298859	385
0.00615005751775399	0.709028627738704	385
0.103909542870402	0.161879727459141	125
0.067048100004624	0.208606960042879	125
-0.122445500791995	0.300722041477803	887
0.105262614397109	0.119318962077779	887
0.044974003164785	0.162149774762157	1491
0.00188165337014001	0.229617882788476	1491
-0.116191174541116	0.418572701210587	758
-0.029933288334968	0.283290206650469	758
0.035941780333467	0.147281928029454	2
-0.062060980945071	0.31226035945804	2
-0.118237135903292	0.304566821081833	2
-0.040787204170626	0.246561215533336	2
0.06585520069956	0.130971802619738	407
0.072394581481521	0.556292002763783	385
0.090027988088234	0.54623609334435	385
-0.068892562162842	0.434315243101517	887
-0.034538316510887	0.36962544887731	887
0.028986744109558	0.228463673724834	887
0.090043689763817	0.157753854202122	887
-0.114832680713774	0.328855631774001	1491
-0.048478260233851	0.273967755038484	758
0.034987410688917	0.18926549307625	2
-0.106924607190725	0.315661601941813	2
0.103011048559958	0.629382509354059	385
0.111839709715003	0.433959553445071	385
0.000524796530599003	1.03594127184464	385
0.11763051471685	0.419342971879093	385
-0.063024407610075	0.388132085282766	887
0.104764740072026	0.118756528242165	758
0.019124829958054	0.201005057417903	758
0.019099324848412	0.201388720638667	758
0.0312502869902	0.208962519116743	758
0.081590963165609	0.130737783597076	2
-0.066285639309906	0.228174019298868	2
-0.011629427453841	0.170870838017971	2
-0.00569069765061597	0.238147060015419	2
0.022200848985627	0.231240035820396	2
-0.113342349142075	0.296995359078173	2
-0.028323914884746	0.272413740238753	407
-0.113055237624122	0.180130165034426	407
0.012423232908797	0.933428018954128	385
0.079527795404317	0.149869930707	887
-0.112895384460258	0.339108527144611	758
-0.0809436240125	0.300664368016381	758
0.063347886047259	0.149597310430419	758
-0.012027713563946	0.2444807626252	1091
-0.019559095996116	0.24978576043853	2
0.02602273438763	0.225649800719377	2
-0.041706119862515	0.265107044891138	2
-0.00941701381333099	0.171722654719112	2
0.072466721682015	0.153189868241469	2
0.08176838479342	0.134162094552098	407
0.049397216630434	1.0552525400959	385
0.056905977297344	0.167231980594314	1491
0.124936812883626	0.104341616274463	758
0.091089766730545	0.176867163616372	2
-0.051796514392622	0.324144572739954	2
-0.084697938499813	0.331469581955483	2
0.0462308663779	0.215384329879878	2
-0.019168090428136	0.182657599882248	2
-0.00503253095529899	0.285711466331585	887
0.092315789895981	0.16275303305183	2
-0.03729441792447	0.283210851231657	2
-0.120974045720515	0.275518469448024	2
0.122686712183789	0.100954364945658	2
-0.121380982776295	0.331313636390459	2
0.063582688999148	0.196498630081812	887
0.03108192947801	0.263946533936907	1491
0.073141000107199	0.166953580077924	1491
0.085632754882834	0.164685137371462	758
-0.057280714601075	0.354499199594244	2
-0.109037320558977	0.496232500884729	2
-0.110830602627358	0.507147337180443	2
-0.123609068436396	0.510300319084819	2
0.119484177267756	0.121261486500897	2
-0.027334430978607	0.260166354590568	2
0.009300199366088	0.249319411229566	2
-0.00491490729170802	0.305445558554578	2
0.088536181729485	0.172248470777783	887
0.11107199887123	0.158378407553196	887
0.019109984029789	0.279422252949354	887
0.00109007764052399	0.297461053482239	887
0.086086693603016	0.128734551954191	2
0.049155557083851	0.19131993741001	2
0.109552326862934	0.143669051950473	2
0.029052337093351	0.207316343537444	2
0.036779257354548	0.202191335921558	2
-0.070089578251125	0.290226162962432	407
0.109695992456248	0.708846748835198	887
-0.097068684894493	0.71665635774558	887
-0.06736964714612	0.445271209058776	887
0.00400817188313499	0.594932737258731	887
-0.096285483686578	0.464983812813271	887
0.00142502742313	0.205161558688597	887
-0.078317838020945	0.496146058063009	887
-0.029490924071097	0.380258719609873	887
0.00959056886475401	0.175615763067092	887
0.000110036162362992	0.333258301846679	887
-0.042754848474442	0.395635821647053	887
-0.068511693021341	0.361600247370434	887
-0.09410402349752	0.606101180081516	887
0.086926422261134	0.132123271905989	758
0.068510272637671	0.141962865294879	758
-0.111676815549434	0.177710154760845	2
0.00141741527803799	0.229527479212528	2
-0.089924620524418	0.647866956511195	887
-0.052377723917095	0.462052323521385	887
0.01743156817765	0.52993930872244	887
-0.047084306086687	0.531177637660393	887
-0.08855712908692	0.350680929055879	887
-0.110639067331343	0.609987974275442	887
0.124504206846246	0.128912671960964	887
0.034160849876923	0.1494691950145	1491
0.01091497167692	0.181661396972433	1491
-0.120390121384575	0.3890082261307	758
-0.00548029485606499	0.230910230205807	758
0.023370064025987	0.0850861587615147	2
-0.105896301176542	0.414085070153245	2
-0.115175544360744	0.177824561589628	2
0.034201022708115	0.230404667016535	2
0.109782327415214	0.0842548197084046	2
-0.019671721548614	0.180824103182241	2
0.044945323714847	0.265443452106982	2
0.060484411996408	0.135110373175393	2
0.048900762017208	0.302036325686502	2
0.000757021625104992	0.23262217728934	2
0.085954811723839	0.227248249811228	887
0.113275355203555	0.170743986164754	887
0.037525750123017	0.250397784992752	887
0.047364323622575	0.292234499214007	887
0.020462588399868	0.15435750878543	1491
0.084809276765218	0.0675310038000734	758
-0.039003215206477	0.100328574963044	2
-0.040986981191672	0.153356707465434	2
0.092250178460703	0.0652431770024941	2
0.034887563159881	0.318126189271594	2
-0.094969348163089	0.560964797529799	1100
-0.011983069685135	0.361579750932187	887
0.049335247163039	0.184981081447272	887
0.106114725787619	0.163388789328715	887
-0.014433199255261	0.348893305678861	758
0.074290656843571	0.136590539391367	758
-0.121941647609379	0.172645592364636	2
0.037332136589465	0.0829524662765178	2
0.01853771802616	0.243738766075859	2
0.025866634263798	0.0852415048002229	2
-0.013841360292037	0.179829774129504	2
0.029590965022439	0.120352422602304	2
0.117563783668976	0.10787930487493	407
0.091129035716171	0.208016802314365	407
0.076109935279244	1.13309105101447	887
0.00266546869159201	0.38971566995003	887
0.097283243532887	0.187184891993157	2271
0.032120633941008	0.244992208746733	887
-0.062415639249618	0.485934956208088	887
-0.039281834785637	0.304866623920106	1100
-0.026704926086216	0.348099100820583	1100
0.03034275835067	0.203242861330865	1491
-0.120816045368237	0.272482211664963	53
-0.062800988668238	0.206962461757117	2
0.103956144605205	0.129749485363005	2
-0.083874108027362	0.306280565227754	2
0.081955697326737	0.183747099331635	2
0.085469650850059	0.0696226927657445	407
0.027092783534868	0.526167981073501	887
0.110247530645953	0.208330447844817	887
0.049079747727586	0.207468830106031	887
0.098420615353328	0.213291911238468	283
-0.084365562544332	0.303831494990203	283
-0.018826550040867	0.321086994805737	1491
0.090810661878553	0.0667523385946533	2
-0.087227806884849	0.285652189927321	407
0.063767865746937	0.241226432039944	283
-0.11425696069352	0.435045162262646	283
0.065740328739132	0.178001308828341	283
-0.00303767311632402	0.251737895357825	283
0.113919959749734	0.11023919889951	283
-0.118379832272335	0.220601810961103	2
-0.044499628694541	0.261762560459511	2
-0.123813418521767	0.270149810349292	2
-0.118270932803601	0.472992017891102	2
-0.092673780730126	0.366086117291339	407
0.11225775260528	0.109196613510403	407
0.093561831235316	0.778190360558923	887
0.031982748435648	0.440890585212326	283
0.081935834486871	0.266182341162856	283
-0.035837976386646	0.408038182329281	283
0.044662816755022	0.215251310952825	283
0.050962243931105	0.314131946122119	283
0.085194676657956	0.118696906335454	283
-0.01558747564873	0.195778660101595	283
0.095393786795018	0.0658895182215375	53
-0.123443951693867	0.269414873142963	53
0.114319484933836	0.121647111693052	2
0.102055448023648	0.0898787068701079	2
0.074875581566116	0.337640205584486	887
-0.043402276817548	0.660507261418884	283
0.099556176923118	0.221419056354919	283
-0.104056214430422	0.718120710774085	283
-0.024537243299238	0.343800798842588	283
0.080032698444174	0.20455978897544	283
0.053271890007843	0.204781095589406	283
-0.00194305715703302	0.202243186731354	283
0.004638775289594	0.22190974231909	283
0.065409895586411	0.132112620127833	283
0.039992010509657	0.16251006941119	283
0.035027889571573	0.148512289105398	283
-0.033373369385784	0.0962028074971388	2
-0.012515040026673	0.180014749414868	53
0.110005405341029	0.115411500761351	2
0.088614288096577	0.214549679861134	407
0.069731175702934	0.710762288595264	887
0.0782683046428	0.527335198451812	887
-0.075793512433173	0.577056311362065	283
-0.069102556134062	0.526724515706082	283
-0.0319278487756	0.505101903939828	283
-0.010310036417751	0.223318198959022	283
-0.072766729751358	0.265036794227804	283
-0.120797643549868	0.488845468021365	53
-0.033169762927186	0.14892608196591	2
-0.014428581338799	0.650704858742279	283
0.053187125462102	0.377231665344299	283
-0.057694234360313	0.640621895332237	283
0.028836971145778	0.43280066081481	283
-0.117463189466005	0.519523048787556	283
-0.068335292453717	0.367705141217741	283
-0.023671110759624	0.247656285101371	283
-0.063752676377078	0.312655350653901	283
-0.021934916502292	0.429270880419704	53
-0.068913103270659	0.316915235879184	53
0.018467245779523	0.200701313590567	2
0.068928344795854	0.125422567470912	2
0.107897880739019	0.184319503123624	407
0.085523079287581	0.980496639560048	887
0.094204028170838	0.745884985809956	887
-0.034607205495117	1.66912669635183	887
-0.02977097502052	1.09812127197558	605
0.102862904264283	0.247876706581169	283
0.03542201420359	0.402096634398688	283
0.090511819923972	0.203045307908373	283
0.037973916370108	0.23856437623308	283
0.038543176195393	0.245924987398562	283
0.068453783800359	0.197239582215429	283
-0.037783817822759	0.251701064633816	283
0.067189377429598	0.160946068571193	53
0.121399119489262	0.121849661280094	53
-0.038149529802606	0.299064700173586	53
0.060693929015371	0.182080309073938	2
0.09115272827287	0.804794680383868	887
0.025991577194477	1.07586805708659	887
0.00252837825212299	0.459293713949722	283
-0.053565234832497	0.743515364102357	283
-0.011487034063373	0.621059192542577	283
0.00998151940324399	0.41698953995762	283
-0.085105918221664	0.410378164159218	283
0.078033373891154	0.273879525908059	283
-0.088185253839818	0.329534329760803	53
-0.098920140103765	2.35380479466568	887
0.020203507685477	1.07470761447926	887
0.049514381949788	0.351151988281312	283
-0.102290441856939	0.958881752928237	283
-0.114564846142352	1.06721866914417	283
0.00817053245435401	0.26884941700605	53
-0.038012209688391	0.328530465816321	2
-0.048199238806876	0.181243588401256	2
-0.071254000055691	0.234043532535186	2
0.110668496026304	0.606522765521375	887
-0.070124504737783	1.78650840605497	887
-0.017925475132668	0.502155668730013	283
0.026530997871307	0.367110350805963	283
0.00564419200260199	0.456762609051041	283
0.114527350964743	0.297602514864954	283
-0.028483067389909	0.747919328162641	283
0.069540778080702	0.199009859153456	283
0.031563584254725	0.366906961347006	283
-0.014564365242281	0.307751690522119	2
0.040459062257386	1.00041643699522	887
-0.115139011230502	0.744516103067678	283
0.112655981975896	0.226916620850904	283
0.08598280077936	0.291083273825266	283
0.022306660046773	0.384957267870139	283
-0.005408662852526	0.632161166973801	283
0.03545824692244	0.250019913091162	283
0.08540621837883	0.238647882328015	283
0.095085332080759	0.231080117308214	283
0.00857266175006799	0.297539871047765	283
-0.094521901530202	0.396252224615005	283
0.020540180020774	0.312119579840668	53
0.092345514770966	0.159649684649392	53
-0.077996636079848	0.486638444546879	53
-0.112411410193404	0.459051371321545	2
0.033331558919987	0.230074970287042	2
0.027370210209116	0.083709427566622	2
0.072958391569828	0.736367332949356	887
-0.08938494109246	0.596621810113146	283
0.031747285241042	0.517270500323328	283
-0.11619967757857	1.14447921609158	283
-0.062081879373216	0.89494321256646	283
-0.0187783513305	0.289929774156743	283
0.093395583844812	0.251171002632341	283
0.072024895818795	0.255262896773546	283
-0.060119882445764	0.414582655142603	53
-0.064193535806467	1.91944708143045	283
-0.090975300373489	1.8782935116531	283
0.119035472526653	0.222583526575444	283
0.00718087091790001	0.688969129124554	283
0.095086142533615	0.173578924378262	283
-0.120180767328452	0.475975115974166	283
-0.088185710037749	0.380364875328444	53
0.096844191221987	0.123626054560322	2
-0.036211450507733	0.150160730066521	2
-0.036610758461019	1.35795680309251	887
-0.022346922329194	0.543745572959758	887
0.079933001866223	0.336058488560061	283
0.073279784170296	0.456446288210498	283
0.120569093533469	0.150468994314457	283
0.071710127160791	0.169875941144216	53
-0.067823553143848	0.457076133509661	53
0.064841402278901	0.235813692002017	53
0.088478179925353	0.698433501513854	887
0.075813909879735	0.337623314387848	887
0.010407473259104	0.434976868528459	283
0.117389308930852	0.180956055759393	283
0.058996958905896	0.225720530335243	53
-0.07174358023442	0.399895794516522	53
-0.00591626890337099	0.367044488132069	53
0.030102044665495	0.256659135983088	53
0.065278134839331	0.130362800744494	2
-0.00489619966670302	1.94435201057974	887
0.087347011071042	0.165602328020658	53
-0.052790844582221	0.384724090526644	2
-0.024382270460659	0.298375768481461	2
0.117439065434958	0.107630323003841	2
0.006936877190869	0.260928933608904	2
0.057651812239466	1.23380578776836	887
0.095097657917644	0.468209017524448	283
-0.042163640672304	1.27290862546085	283
0.09167675701641	0.144224605088737	53
0.058460910135941	0.203406198671038	53
-0.112356318884584	0.451749599297076	53
0.022536029007688	0.128688183210892	53
-0.00235090763321	0.166502065615881	53
0.084003851992776	0.222391339353875	53
-0.031257724904737	0.485752643878727	53
-0.039987204745631	0.217090693253932	53
0.107827242065277	0.182142332920418	53
-0.023654162618045	1.91187696015635	283
-0.078367727475718	2.28059736903498	283
-0.069809352791574	0.657681613980918	53
0.052315879815562	0.246190871251717	53
0.040236537739543	0.20271217193551	53
-0.00313493997111303	0.309338286367348	53
-0.00725832814505001	0.221350857781036	53
0.114967994708359	0.649631900847793	283
-0.036892913429428	1.35118294638255	283
-0.00962570317889999	1.0966722747602	283
-0.077836144442319	0.283076700787983	2
-0.110789889558079	0.174887743481813	2
0.074330258295561	0.850062048980606	283
-0.085881054073997	1.92196303798079	283
-0.011885025374186	1.11746924170488	283
0.065669363601514	0.219413702089151	53
0.080006383728345	0.205473020181237	53
0.034548880720957	0.171316875820254	53
-0.038055996654198	0.451862610822087	53
0.076997483139491	0.16727037441458	53
0.045768661150157	0.190522907073187	53
0.025701691920905	0.293336562650655	53
0.045438374114253	0.204985417852979	2
-0.099863895608767	0.375655777418447	2
0.00284794182957299	1.79954873555652	283
0.064991245539164	1.04513012740346	283
0.096746287682082	0.737463875379482	283
-0.027789728811533	0.365072335247093	53
0.115332034777728	0.138898753817198	53
-0.071183409183646	0.457745220267124	53
-0.024914193492252	0.278280808783924	53
0.120978006545355	0.106288775575213	2
0.056678087190024	0.166413334590733	2
-0.020234344973059	1.51943846416248	283
-0.029153376801782	1.57039083694014	283
-0.021904641541694	0.324115157441987	53
0.07586223049324	0.17129876739246	53
-0.00431029199579003	0.194585908126254	2
0.092393526874579	0.0664357746640747	2
-0.078886540877412	2.36165729212635	283
0.090405223499603	0.19137828085267	53
0.077223667749244	0.169318762549933	53
0.119541173529307	0.0958738768775888	53
-0.068444571656231	0.438884629763987	53
0.059070406970397	1.2061465988014	283
0.1117119551443	0.585080765821186	283
0.096520784008189	0.122939129956294	53
-0.110596019601544	0.368835934749547	53
0.00468912875101701	0.268950386114962	2
0.07354942876518	1.07466115613261	283
0.059679012837903	0.98661954708229	283
-0.00680074707473699	0.348024921360985	53
-0.041710089208386	0.385310924237244	53
0.00306299846342201	0.323334182084654	53
-0.117428117615256	0.274311417911221	2
-0.039443157556277	0.149800872692951	2
0.087071930520769	0.196350800669461	283
-0.00696892447429798	0.314612785039176	283
0.028050757610373	0.325824631635071	53
0.044850536796035	0.218343380164369	53
0.07169334917059	0.105213922782201	2
-0.013699156405948	0.370225394945044	283
-0.00185613960387399	0.353595675666037	53
0.104003966602123	0.164787324677878	53
0.090480241294615	0.15605866020226	53
-0.07523227496831	0.314539995138946	53
-0.053784044965999	0.191733846866877	718
0.04370468936998	1.07353773413067	283
0.058809241146802	0.91553152596881	283
0.09543883447063	0.39460628329306	283
0.00861720176485201	0.622304583670155	283
0.085767070385711	0.426744696109062	283
0.071227344024651	0.328134822118481	283
-0.062057505075282	0.616974279106207	283
-0.029308920146525	0.377283360562922	283
0.054530797592125	0.2697951244813	283
-0.080959767993733	0.353242003208561	53
-0.102350268101885	0.385523628295605	53
0.00623633052427799	0.279245565433288	53
0.120498406237918	0.137346704630387	53
0.044591307083952	0.2352974620586	53
0.03549722976493	0.282204354020838	53
0.027595719208595	0.210073018831775	53
-0.096030296681711	0.760391381987505	283
-0.095600893157736	0.716357927928778	283
-0.00590329910725501	0.382431182697973	283
-0.095058608133633	0.331919836172028	53
-0.040623666861625	0.237116239337628	53
-0.08116090610887	0.466976956584315	53
0.057869996487129	0.195533309919935	53
0.061924161392622	0.111302491016611	718
-0.015519227169678	2.11966622253262	283
-0.101790452874753	2.08148364147351	283
0.041586231302291	0.597438097612052	283
0.10086472577303	0.119323222217662	53
-0.030558098372924	0.277117977677416	53
-0.00476700017753601	0.254219028772273	53
0.123698023024821	0.153942052637092	53
0.018689755482278	1.79988807345624	283
0.090487242294243	0.225849965595339	283
0.085345677203993	0.220936858689198	53
0.030720258363327	0.393106795225241	53
0.073136983141704	0.206657225102079	718
0.00679550235742199	0.2684297752601	718
-0.000100741862905984	0.253646371586873	718
-0.121069015923967	0.360353949125297	718
0.001727086867824	0.522794017229499	283
0.036227034744198	0.322030069225056	283
0.047473802473675	0.361290985938119	53
0.054476569727445	0.230314640490304	53
0.109992830205338	0.193582494470853	718
0.12111752199382	0.132828133753384	718
0.053293347192244	0.941844878945778	283
-0.079337444697772	1.42426777586507	283
-0.091125104407431	1.11907076991038	283
0.054532497306796	0.508493600625391	283
0.084189184446252	0.320642375076873	53
-0.026725706820897	0.535147125611686	283
0.005718966661101	0.398719911337444	283
0.062142389322762	0.176524825677333	718
-0.092033960044581	1.34469960280667	283
0.085366936493685	0.260346350282686	283
0.110357199879271	0.232563235290602	53
0.00724121443806999	0.495646718746143	283
0.046218625463044	0.299104659410717	283
0.063990072968455	0.333879326688051	283
0.113835420333988	0.190713800828368	53
-0.030271542004863	0.460879528336975	718
0.003317820995409	0.327993585833239	718
0.001790945837777	0.193370350092566	718
0.036410678174987	0.163172922365464	718
0.067010858531886	0.862791366349005	283
0.039389344792597	0.381215284639248	283
-0.051953986192184	0.621212077755989	53
0.06529730099531	0.325173604849546	53
0.091442224141732	0.267049142172762	283
-0.012658395181806	0.497359281926647	283
-0.048223013717397	0.511718767616087	283
-0.073403707758052	0.644132319534605	283
-0.045606236717291	0.625364475709711	283
-0.085999690183431	0.710967929696549	283
-0.113575450762056	0.87648884397248	283
0.013081296419094	0.418833952288274	283
-0.069661170978131	0.488581005617872	718
-0.121920262715625	0.380841191656238	718
0.08235955697189	0.895709402099843	283
0.112109798658953	0.265916110620241	283
-0.00368682988869101	0.592140659051752	283
0.012915298381766	0.53949098634216	283
-0.064312664992047	0.827242157658029	283
0.020115012168354	0.515017317551565	283
0.121091254348065	0.266462240622261	283
0.054152838795793	0.303626289587086	283
-0.023417055617305	0.420643547514199	718
-0.045913169101588	0.296354878351683	718
0.116712604972537	0.461490139352002	283
-0.107353671727308	1.69721168468779	283
0.092448928258757	0.334022288711813	283
0.016030319980079	0.559757307178717	283
0.076779872244258	0.322528798708718	283
0.109383284966028	0.210260400858817	283
0.052579420695742	0.336263871857735	283
-0.00314310357013298	0.358716110309527	53
0.011422981023785	0.354333869053739	718
0.097043854170853	0.191527762949165	718
0.124805604601484	0.101404667994523	718
0.060482102794921	0.13229586209173	718
0.069643577252166	1.12424234549489	283
-0.075333992498118	0.816138755821511	283
-0.100757729375392	0.728833096632704	283
0.030352917392175	0.430617629448328	283
0.019866260614344	0.545649958804544	283
-0.052339440253896	0.552187171051479	53
0.022515762808617	0.260884386730508	718
0.00673131906483701	0.229222909279411	718
0.023815438791871	1.51532270635929	283
-0.074320666215655	1.91468464529768	283
-0.00767759394652601	0.584266295623266	283
-0.063958987109364	0.433031090976066	53
0.041809642654528	0.321548686861798	53
-0.053510821268225	0.332082969596655	718
0.028757314476409	0.22917549100899	718
0.028124234489208	0.234365120757749	718
0.066147124182218	0.46153259067042	283
0.015055579555897	0.57959543215416	283
-0.00447036691812203	0.696303145637714	283
0.00958903456379701	0.579315784724996	283
-0.112821806669936	0.913889068367886	283
-0.108865696395469	0.848910374446236	283
0.095762450188003	0.19458896794378	718
-0.00968943572922298	0.503228962082498	283
0.111879432943229	0.203956665085868	53
-0.077583424088904	0.494208166447871	53
0.046579362221825	0.263811858384097	53
-0.000556349026122005	0.308010749219595	53
0.060602345599778	0.256808431051728	718
-0.015747299882515	0.31798263410223	53
0.063314429720592	0.734557418065329	283
-0.055434861006503	0.768450140413227	283
0.020964985290283	0.307135424909659	53
-0.027774294834791	0.333295407771096	53
0.056316802348694	0.207191847912275	53
0.000753715324380011	1.17171039160904	283
0.100034797990907	0.485173398342715	283
0.108110903782234	0.231399013767911	283
-0.115537507520084	0.527832556682576	53
0.012024403870973	0.263639913896518	53
-0.089356449381964	0.484072028028028	53
0.062279251224085	0.222867070056114	53
-0.110010613900848	2.0952197204796	283
0.116400820059076	0.429313205715183	283
-0.02058542094222	0.685475611841391	283
0.014725621960918	0.298059056642438	53
-0.097625876924931	0.517309064170267	53
0.084521699265449	0.182544132616931	53
0.043883840854087	0.241104835745973	53
-0.081469744523523	1.98129515092206	283
-0.112680718257534	1.75742771580104	283
-0.027305122837109	0.622327226924012	283
0.112859010125225	0.202968041184859	283
0.078085303015001	0.282724717810034	283
0.01779520533124	0.176149563133658	53
0.111437306815208	0.0820230308040742	53
0.106814341675659	0.829067075648669	283
0.118792858171354	0.588383493980749	283
0.004879862841423	1.29599407767453	283
-0.032858249358216	1.2431626973275	283
0.042645708124879	0.669218045294987	283
0.043250267654162	0.551840104385144	283
0.092180968067502	0.196198304305478	283
-0.084574153832859	0.483388085625525	53
-0.038770272532516	0.342826035768865	53
-0.016687107459408	0.178359396658564	53
0.088732849013126	0.13025771853966	53
0.046784333023325	1.37080317795032	283
0.016568553728915	1.31478648933743	283
0.007536339943053	1.15467801259204	283
0.023121568748875	0.995246200306503	283
-0.104135958458829	1.60968665613764	283
0.066314245838949	0.588003048304581	283
0.041993813789447	0.431309488198675	283
-0.000231632172937979	0.321230238314054	283
0.113268603336859	0.25090867323659	283
-0.103441738169419	0.278556301910231	53
0.063239433594936	0.154180808988368	53
-0.077033325509565	0.310256942575065	53
0.097808838751219	0.883433769441587	283
0.02522104698203	1.11777947837598	283
-0.024846801057228	0.455905956501974	53
0.053229389331115	0.173925565645176	53
-0.006222523240491	0.309185408947828	53
-0.016986856124969	0.247728886797607	53
0.116165443566352	0.359286499563225	283
-0.056469631163842	0.598529524345497	1908
-0.042192753458979	0.42835443336016	1908
0.067102848351609	0.264943124276101	1908
0.072157697526896	0.278159193116461	1908
-0.056634432765045	0.611201220631245	1908
0.108170608360918	0.161453375739817	1908
0.00341226348832299	0.230645010925507	53
-0.00731982040602502	0.170829104446789	53
0.099115677886999	0.550857051947621	283
0.10998684660015	0.639924879504045	283
0.100484723399214	0.316865591645003	369
0.078881192637047	0.282118432514993	1908
0.067937025992512	0.156812666241967	53
0.067472964121627	0.155921762823122	53
0.003865071583942	1.53030203429689	283
0.074048509839476	0.330284151650189	369
0.030962842114181	0.207777055964417	53
0.017120927527851	1.51800800780156	283
-0.097955279364826	0.783222001457637	369
-0.073535906600672	0.673165557808379	369
-0.058578571187316	0.802869895014837	369
0.103793196428393	0.234024656633013	369
-0.077410929783918	0.296867971970758	53
0.00712984070789799	0.667729479184002	369
0.085337848273896	0.37876518297194	369
-0.040117744959964	0.729009171082231	369
0.107259019057052	0.228031026844107	369
0.097656772819946	0.274143837306625	53
-0.00761878460209498	0.456195860026816	53
0.05511471465245	0.955931143317853	1908
0.078025090654001	0.208479768847505	1908
-0.050372034119387	0.365274328103495	53
-0.055559577317112	0.274771115403082	53
0.098192393817286	0.807474145801191	1908
0.051413321075508	0.86248382767705	1908
-0.059007698738307	1.43356225287745	1908
-0.039536510359815	1.22161403642438	1908
-0.041758631705883	1.00714121107693	369
-0.093669267553186	1.16186340933475	369
0.030574966764185	0.538958551264772	1908
0.091928724477014	0.608140671781524	1908
-0.110986067368698	1.7821762917123	1908
-0.063427341983336	1.60797147731224	1908
-0.00169832720194202	1.22440205442025	1908
0.071818178995563	0.728156472278851	1908
0.115406136278656	0.423688257016544	1908
-0.016940988281103	0.743522433202553	1908
0.092481347397304	0.783268471080941	1908
0.070405884958478	0.32316218525877	53
-0.00651251556374399	1.01936353628851	1908
0.11789474578206	0.243726458286828	1908
0.110691716349837	0.394726921451768	1908
0.098766615666386	0.454333172014598	1908
0.015229410207217	0.797999673782361	1908
