x	y
1.0320886629501	0.640280426211003
-0.365175544360744	0.177824561589628
0.158753727426354	0.0319702215245481
0.13617273196111	0.0348078928142129
-0.366555254521681	0.178342905360421
0.0980452051312899	0.0420732259180387
-0.440699259937424	0.253248184677425
0.743360840218682	0.577065879046379
0.271227744586876	0.194954338842035
0.333036242346212	0.154663026447471
1.78525713344207	0.719573624005265
0.974574753714996	0.372135739368442
0.457973464705071	0.167618117264498
0.249383596695811	0.203137202639574
-1.38493399500843	0.935228657124827
-0.0420379824044791	0.0220236507742004
0.25814441974396	0.189298791750239
0.391095833560025	0.295086264469817
0.583905828827791	0.521937639340569
0.0379421999746911	0.0245240841393278
0.0383372113887968	0.0304917127632872
1.04370353135716	1.1990787528866
0.104786936823119	0.0799234775425285
0.659590218439955	0.669831789565501
0.516028997426162	0.405080996915905
0.0230368793913353	0.0142470872384199
-0.0336216694646142	0.0174617549541511
1.03452315403074	0.63921569993828
0.181604079504925	0.146242765317849
0.28546983604392	0.298719383339978
1.21102420493041	0.704729679606384
0.986101223995725	0.382720393109243
1.83451902029457	1.9510217201441
0.395518719081354	0.297537946466409
-0.590165547585576	0.242952924388323
0.647039770457205	0.540927035890231
1.43954752075667	1.42606095323019
0.0940930756555071	0.0414836959449533
0.181954076946916	0.150687888816727
0.860959156941779	0.855538341026371
-0.23367658050969	0.129637986688622
1.50720151757966	0.745800976163375
0.297399272980083	0.161546704031762
1.70867657325314	0.950511248375004
0.546606893037496	0.436486003345242
0.29810003410526	0.168267694515372
-0.111359658514461	0.0712891941094489
0.484046037020225	0.415423705112474
0.269651953775858	0.192359169547375
1.30723338955876	1.33877214756127
0.31722846511262	0.155360767781822
0.555797673910402	0.518793711837121
1.31635552631519	1.13165432257999
0.326490902251291	0.146062107393882
-0.167690226709241	0.0682565751623869
0.751959780556675	0.431037101760888
0.417748811594306	0.410574490144485
-0.0882025454036039	0.0639280469854235
0.37450444139639	0.310602052842021
0.525019512538984	0.533056046359491
0.397327425570277	0.411394208226737
-0.109985447969751	0.0883211920931629
0.270618569451888	0.173092288485847
0.129035024783454	0.0735578073348217
0.870630143947205	0.872067756279058
0.188209716631834	0.159021568100238
1.431539358696	1.35359605342651
0.922089934394433	0.851820078156169
0.081931152612167	0.0595664430795903
0.0446512818668137	0.0362378895552888
0.0761144840870092	0.0545848766739214
0.611278975090733	0.549083814126859
0.374878370041677	0.307350120716845
0.458991880102853	0.423668037910543
0.681852980442443	0.684169946678243
0.962201305574472	0.728995066383246
0.626516697528008	0.306850987863111
0.130554466157868	0.0715257748875098
0.382993146034621	0.303940485998862
0.690863269687254	0.571519558389382
0.135761779258958	0.0856908595298456
0.0644574118436204	0.0433935047348191
0.170684357813635	0.134532814349779
0.266434099772021	0.225673992101658
0.269747640514151	0.195524342787234
1.10601733658219	1.14308622823849
0.156364372412718	0.111057200504971
0.497820774050461	0.282551708344734
-0.223804285507181	0.0843318781499821
0.140488807115483	0.0835336600889925
0.310311788428108	0.160100973503052
1.01851431585776	1.06476443272081
0.61861602704258	0.435100347194201
0.719452573440831	0.708214400847743
0.517988971600283	0.527482173113147
-0.321710346727422	0.278367611782068
-1.65582300054256	2.26320019757418
-0.342652510888173	0.334652169700163
0.252718828254362	0.216694042206643
0.6571725869639	0.559617585218703
0.303241203888843	0.149517967518206
-0.160354911430636	0.0680799420359369
0.255594229937189	0.19637933071895
0.932602185303289	1.09243598400164
0.56976438437425	0.557062258172664
0.158499504441744	0.125729318292005
-0.185823075638906	0.129343318167603
0.136544819154434	0.084685429480392
0.143867308753238	0.0854647679196818
0.496147723535239	0.522983692256041
0.473643767729664	0.422859906514264
0.0276735448025734	0.0166151297908061
0.744012163796658	0.551944495744723
-0.180577268038017	0.105472044145625
0.331062299684997	0.145053156937235
0.122212059293989	0.0692676679925902
0.776547170112715	0.817695249644224
0.598263948945459	0.689924446832071
0.806696162808972	0.893280696560511
0.685180073495996	0.81742821231149
-0.0418416769198437	0.0328491837403314
0.152046875123904	0.108032184287871
-0.0473306225313568	0.0363899447944721
0.577718926958022	0.429753988922535
-1.14480003501145	1.52942013008218
1.12109554952066	1.36177494868611
-0.378455587315048	0.234889590641724
-0.272079161657874	0.245219374525612
-0.572015425268329	0.595859111081216
0.293061332587482	0.171605455410579
0.334741031891557	0.306565346569027
0.73387300296284	0.679158836966131
-0.00781364288307239	0.00409265640320759
-0.684166612806439	0.769163786918044
0.360223485883721	0.281067722642424
-0.518039325042715	0.473982292542271
0.169198600467148	0.125520289293913
0.37709261854288	0.30283577925416
0.657039324697533	0.775644024947433
0.256050525781041	0.215087246956564
0.0950583361191789	0.0747100360384458
0.333199764985974	0.318078805627153
-0.134132639079389	0.106329335795934
0.467818346117315	0.421685586389772
0.273671237009568	0.168774346531422
0.723679622024959	0.847072851525013
-1.04041892350102	0.949295847553066
1.62685849108753	2.3709141311279
-0.642164207775125	0.537849990394037
1.48863564057316	1.28673177831712
0.413410949065125	0.301094394539116
1.2056187954304	1.41132759391753
0.084431653225161	0.0619053016562322
0.488199368485185	0.420300308917536
0.270292770239179	0.237027005342504
-0.0417821062080276	0.0217820688297831
-0.0345495794472029	0.0269881524341666
0.417217179350035	0.297512840293348
-0.652098691619287	0.615955355421418
0.167557527050112	0.13211419722211
0.554181297122174	0.553176941781302
-0.721169001372068	0.5030448849325
0.264202210582194	0.191702867590264
0.716943996005954	0.690438518400144
0.26794443516251	0.184866292510777
1.11122342092912	1.11350605397024
-0.213356586042589	0.14747185925235
-0.914006549479371	0.874269415953679
0.664941379309706	0.446452827005955
0.43099474514023	0.297445504667509
-0.258256598445644	0.221124666478366
-0.165982598667151	0.147447664254176
0.3451888013477	0.147542409842567
0.744026417461784	0.45157502399264
0.138396111747596	0.0837066016297993
-0.54762714688237	0.420745249622866
0.173663974510415	0.131975195018143
0.278146858024587	0.165845365863494
0.089473019631931	0.0389327053894575
-0.0405354320139422	0.0212250116709404
0.273169173093043	0.186783403157304
-0.08836162971624	0.0575434485596558
0.125471852768538	0.0718345003851292
0.164615458274953	0.122613601096066
-0.140064583195767	0.115420125560617
0.350750858909047	0.317422474316551
-0.609115087915382	0.603610618745222
-0.668833287921621	0.61129492973992
1.05385179137292	0.805432806630241
1.2010812935296	1.01582488181008
0.613939997953615	0.432640308343254
0.261401834177808	0.170235423294469
1.30637247706233	1.35721518307849
-0.0470774087580867	0.0237418244020216
-1.4994244405588	1.38113322843469
0.103600647831767	0.0495710619589417
-0.185813615583406	0.111422943915699
0.528290879112348	0.4075070478244
-0.0679653979482576	0.0331995399553786
0.36236026294684	0.311490816253479
0.997790623137332	0.506873236976531
1.26066689515681	0.563992440006151
-0.051877694595314	0.0341639584491533
1.85464880171062	1.61184723815987
0.271281021516966	0.176097614507795
0.73955276778364	0.452644667395625
0.618704647564594	0.627539752847124
-0.00757798377772436	0.00425484507912932
0.0729299426004946	0.0517673774622336
0.319242549674779	0.314577101895743
-0.641418468417212	0.550857733863033
0.112736437467014	0.0539511442983398
0.751419077975197	0.589215543063511
0.622081828957206	0.28181758033285
-0.0869890387752789	0.0555493948449369
0.8166630038752	0.597826974391819
-0.968438077440694	0.745179493359063
-1.55910943009502	0.844421675992681
2.07163400167101	1.40056056193495
1.44413479425178	1.42719183774522
0.467871854046641	0.166483758321827
0.0982455840653284	0.0719684917337126
-0.240397118997506	0.123693507758136
-0.265632226181902	0.174927084478361
0.233552888300639	0.219077415789336
0.188031645308326	0.156395117974994
0.433825379237661	0.291429540787974
0.0738916844653144	0.0504687502511313
1.50245256668645	0.759295676893683
0.811273150843279	0.56614938199484
0.26034144400554	0.200399354142433
0.030884380355683	0.0231568785189848
-0.0385738080615098	0.0301622866747179
-0.735332127416177	0.718236211243103
0.922442634078773	0.925322209079481
0.923745524730188	1.23526795491279
0.539437739584049	0.410909515337446
0.0396411576249786	0.0307589791459918
0.408869374081189	0.287704736819612
0.297778948595034	0.164474955439021
1.19560602862686	1.16918854119249
-0.321606185210345	0.267113615281176
1.14261984780141	1.58862028924335
-0.193164089956513	0.135294629256497
0.345047341193828	0.309643201730762
0.248425093734808	0.193670602247046
0.71437925339426	0.870712219516999
0.0168806458619625	0.0104226149955042
-0.44129974902811	0.380416048758087
0.172706717118706	0.131962357523708
0.267684304290425	0.214033018991643
0.354484321411791	0.319357668779453
0.699619760342231	0.773440962743821
0.10625886171493	0.0832119738319492
0.288865577082881	0.159676590368537
0.196809270596412	0.224328812886025
0.111310383059879	0.108509917736836
0.190157105201074	0.219995483669961
1.22882349610576	2.36060957454799
0.738244891475289	0.445576756495428
0.750962279875037	0.326134141383306
-0.779063896426831	0.289518739243686
-1.08812067635973	0.877229991798517
-1.86755356554038	0.80568809316241
0.300548235958138	0.146525918431692
0.825467068197431	0.586471958286952
-1.9041154710845	1.20756843491813
0.0964293314462633	0.0449826710841959
0.84239713705338	0.471915434291117
0.724833145027398	0.689049346307631
0.0766621279873364	0.0828171502197913
0.695894218745733	1.00024209693424
0.190369406773859	0.290427113490006
0.697646153855324	1.17405147436326
0.394967395461041	0.2834886109458
0.107370958461123	0.0557862233620247
0.111233985378225	0.0933860092100929
0.0719010147305747	0.0271847726205051
2.84164644615279	1.92909283110516
0.319170856375832	0.306243514475641
0.578398891190023	0.430778806133947
0.542017090788714	0.431468099468602
0.581118631804321	0.531682258050966
0.140345327008985	0.0888022599732851
0.739063158252162	0.446460866278505
0.449668049310251	0.429291449347834
0.819950019004917	1.30278488825573
0.260139690167875	0.183189071650923
0.286102388398345	0.305806794990933
-0.164391327380558	0.162965721385661
0.22874381698463	0.235002498615471
0.169205610822265	0.16722369725228
-0.00868128108994111	0.00721182193955052
0.431592507243334	0.424614759512742
0.157995722516029	0.111509372449037
-0.539384882760967	0.420067983204645
0.160635527520866	0.122363189003642
1.04618249657304	1.47194608094953
-1.12574603373798	1.76131925392537
-0.285549654609109	0.280667900145613
-1.12051381888261	1.55347198868078
-0.449445914910408	0.39781178156627
0.663269975433017	0.686738173661074
0.928047877851286	0.920870738956133
-0.323149780075699	0.243382961714718
0.0914892570350993	0.0697483007587661
0.954651580741712	0.781577996350054
0.696833575474355	0.585509791330502
-0.73366380859176	0.712318808216615
1.5169428663628	2.16770012481302
0.485962618160747	0.805592559796276
-0.0244122993428486	0.0251280970199506
0.296987243124635	0.345126022171641
0.781195075842935	1.13307562000638
0.386375756599958	0.586520970978257
-0.139794729978911	0.163237290929212
0.136080878134464	0.0826603306920298
0.834797792117533	1.18614998127463
0.262172029734731	0.292746083532849
0.0735814417886868	0.0795893973122735
0.178125228187815	0.169908714669791
-0.0750036322281288	0.065061695443964
0.207080675917269	0.226101147584746
-0.501899824598122	0.702923545877019
-0.164333531672358	0.145311537918329
-0.548825993103489	0.722403888045836
0.444358163776583	0.554978345146034
-0.697196205937928	0.96162418131714
-0.212636022027818	0.217926908595957
0.107290110679045	0.0520173176879269
-0.929102347961845	0.709005979690615
-0.0689301182689628	0.0329706696745568
0.4074936181825	0.28565081899264
-0.090481771569386	0.0871185206442097
1.28907272673211	1.40171698094215
0.0839924009611708	0.03226291612389
-0.369938327165912	0.271797763953404
0.094392251535572	0.0804537561803766
-0.172846076440675	0.179821704051056
0.00308042206154976	0.0024401957904102
-0.911009390561577	1.2662985463579
0.511743952413497	0.654815604379927
-0.202061980340473	0.180073067001884
1.40963416039375	2.22292125480176
0.103622611262	0.0885676711822113
0.0485972350049028	0.0394854021019147
-0.525364119656658	0.574283185732413
-1.16357381388779	1.66325782785424
0.0140937135141935	0.00992762709954394
0.261765841010585	0.170382708239639
0.333682150866951	0.154917085317099
0.0810317823544354	0.0305069794414361
0.452278310517249	0.264449609560966
1.34819721593282	1.02664545993416
0.601464336543962	0.542295826513668
0.386454112847287	0.398786622253676
0.763354611137996	0.670257900905749
0.128349767332095	0.0787146187389149
1.0124842855914	0.429354019966167
0.397343329581798	0.30407370630136
-0.0411796324283547	0.0280084891139918
0.0313453305279784	0.0188986121304778
0.00471468415220361	0.00337763526345365
0.359159446850932	0.316817193726921
0.486475498240314	0.415868518175064
-0.0268363008985195	0.0180966103841823
-0.606547859600934	0.640391882043455
-0.00916705295775088	0.00628690746359815
0.00485799279744863	0.00319262690956316
1.20167615883487	1.55499731816305
0.469019473286612	0.41518350613957
-0.100817505796707	0.0745292932295651
-0.464863957988496	0.365225541004631
-0.125595279860739	0.0897674533354552
0.820961696769701	0.844401662331403
0.179763407403459	0.157814122268595
0.0468088869673091	0.0292116479232758
0.87466336931312	0.72508884343938
0.405359476751896	0.414684163346865
0.155701866852942	0.113003656086661
0.255151421515891	0.220372462628303
0.651924610640516	0.556620865479674
-0.088599175367856	0.0564683570080562
1.01607830014303	1.01338886486442
-0.643807920787085	0.533720408437303
0.0866103278635036	0.0339256298544401
-0.156432105302335	0.0654709371322447
0.657960920998005	0.566531850202161
0.433940348782846	0.29425873181127
-0.35932582151259	0.176468370548125
0.169632062477706	0.121698393590249
0.431992502846111	0.296899741198705
0.332641835313143	0.319174501619784
0.590903944690656	0.638068225350739
0.0466299034740222	0.0293651834890485
0.184668710458609	0.152557954828931
-0.126719782500478	0.101185491671546
-0.883516446667506	0.964608860930675
0.717822327308287	0.681779453596663
0.26979913287054	0.223835574849798
0.358702058935682	0.300160516239502
0.117094912995881	0.0626314266967354
0.239449062585162	0.207747518227946
0.275799840008419	0.201898100686254
0.0500217248231416	0.0316538317547462
-0.0404987769893698	0.0310106846452449
-0.0499215678876515	0.0387301368944909
-0.0119143454608659	0.00971713629554664
0.560488615281028	0.62766578913349
0.8213384710288	0.943657939792517
0.391849378203297	0.385248001945022
0.749523159546162	0.585494573701412
0.0427421946366021	0.0274343173466023
1.19760315980464	1.15391838786002
0.275704759613429	0.194344750377748
-0.432113661356761	0.316025900777204
-0.838481800781369	0.388162706286969
0.155463952916953	0.156541191991419
0.314823507685922	0.291536057759885
0.254109622485127	0.204302547062273
-0.80751319060262	0.918559246794856
0.258730867813512	0.236154997413043
0.00132553968944415	0.000842758109810402
0.291140731476272	0.175420355705938
1.06115152036068	0.807271975734935
0.0971356264704265	0.0737603464954605
0.789445504266786	1.06938613522942
0.324934834748691	0.308069472811229
-0.215198987818555	0.183152217340402
0.179949268316839	0.143799823775311
0.271526262096042	0.22706110395409
0.549745818250833	0.634694513716346
0.341864566275843	0.31387941519837
0.124920169757446	0.0690627960277173
0.281601973487598	0.172867101226684
-0.116315085458472	0.0744529204179738
0.951058033460712	0.757907743184662
-0.292549024694588	0.154691611573152
-0.359475200690857	0.254974384239351
-0.149676009763491	0.092337993688216
2.28726655557902	3.23380505245832
0.268551097119474	0.202882202557138
0.30645451216675	0.165076733444369
0.530886167671045	0.394715176905276
-0.167986082106965	0.143976353872774
-1.0511026412197	1.21574241145577
0.79221610309377	1.03091575061444
-0.608604712240239	0.723606083275337
0.496657430466623	0.638027630532888
0.172973679561791	0.149607351544742
0.118123765881352	0.0635786749983154
-0.368885536057672	0.265639790757426
0.0240549659393586	0.0139512104601392
0.159918749121519	0.114476093794242
1.10464267936513	1.10777820560297
-0.267034862605812	0.176150662532024
0.751836364486198	0.668773617226283
0.283016994000892	0.176101270784775
0.303029089516743	0.302379381745327
-0.299798449817655	0.398953821005856
-0.299624587052479	0.327878295647983
0.832479150739316	0.452966463665055
0.748283723360622	0.439399967670986
-1.00625765253707	0.646795059371853
-0.84620662825723	0.390519809928938
0.997228613860183	0.469399134097258
-0.039964124704791	0.0209172462279916
0.627408923862875	0.569937387802606
0.0129865864359925	0.00926124533373666
1.20055945454915	1.58122250031006
0.928666226007476	0.902749381936994
-0.0609392317561246	0.0406910780124152
0.272235772730097	0.198140218145365
0.962048933259659	1.4099580438746
-0.0853659359330197	0.064477643277681
-0.108865590028374	0.0696395727381768
-0.0518138627569348	0.0262722289914816
0.0218481157777133	0.0168341312157097
0.0798600848455793	0.0588289856414205
0.502887233548668	0.48294263545216
0.259976305095519	0.217573225607001
0.283680713033136	0.187417042852795
0.118604535192968	0.0632072261724438
0.0419077252306069	0.027081692940861
0.463523419503771	0.401005738588254
0.0662848599896316	0.0449240823110834
0.154631250336956	0.0977508561776012
0.151229407170242	0.106941504200159
0.657566673164138	0.581848368274913
-0.367135633018442	0.301319752192576
0.0232301373202151	0.0178275018255911
0.0591625817209633	0.0399794768822663
0.0778668598232361	0.0569772875449907
0.462463204261695	0.513017152549623
0.0775277460620509	0.0568376286723116
1.19955062604821	1.16227345858975
0.992528248308558	1.17422951521368
-0.113874179513587	0.0730071159591074
0.145551888727329	0.0906887397946991
-0.522426956592712	0.383213913044591
-0.0761580285911451	0.0371406436034785
-0.817556887390316	0.709542416800824
-1.28427797574067	1.18631560088808
-2.13172538564425	1.03661174638275
0.307675332988049	0.311048550675449
0.129497833950199	0.0770771202553843
0.709397368016198	0.929646513651957
0.404167535435885	0.405860922138791
-1.12753752024735	1.37216299983032
1.28784605645998	1.87463712807561
-0.181843451571816	0.129288308863463
0.158706347936425	0.141742553987714
0.490642286439461	0.271354222869084
1.28072007451249	1.3603011570981
-0.818803296915851	0.791836115048341
-0.476799967334945	0.455878009847927
0.0642648915456888	0.044833075707641
-1.44289481339589	1.97846462839121
-0.59694886755965	0.593596683332456
0.0580801530727339	0.039496222446196
0.874661972659192	0.866898828557037
-0.368676154785347	0.274248023113221
0.177392244487691	0.162736124342151
0.15658365626967	0.112377928777886
-0.038091902075148	0.0298967665289059
0.729807459320146	0.881142151377357
0.38967870742028	0.302647207490536
-0.0034170742144627	0.00173288194520392
0.461715714069301	0.415834682806911
0.886256248014163	1.14761213305522
0.393994281299196	0.293418022240425
0.628970363038574	0.65641022836856
-0.146743087868253	0.0894284047809627
-0.233056807215311	0.132202216312341
0.180248017565838	0.164351563821185
0.525959105508566	0.53691745737228
-0.407678726877273	0.422982662000629
0.0372544838209906	0.0285642119847634
0.256583814485169	0.212795619693952
0.93092479889688	1.1184923653099
0.585394221852408	0.52672678881018
0.263234324880902	0.214229181570113
-0.378850013995467	0.305729171410782
0.12006794135705	0.067768823527917
0.26051072188055	0.220477489745138
0.45907663633152	0.286615430470525
0.682700589487757	0.668055764493085
-0.151535212461432	0.107545588600878
0.98923545594533	1.04125979053524
-0.0724730741357848	0.0337415742605243
0.46522599550334	0.294443970728441
0.586797306317097	0.538540438675843
0.0329138370271113	0.0207407637049705
0.809920100949409	0.94026980002528
0.507411315652695	0.40011315076596
0.48706284154616	0.405643863710334
0.818735521868673	0.69853521382652
0.56127786197569	0.537985275043165
0.257188545830304	0.206798073768859
0.457623868903969	0.417909493638214
0.745237276887322	0.453138522725804
0.152780359904952	0.105357539519423
0.377244868421107	0.148944913913388
-0.0419811224246181	0.0284404347476025
-0.621098273000453	0.478081207985036
0.329544616895944	0.313902619336944
-0.260781348264781	0.169346632302078
0.123277631259528	0.0709282466607501
0.688735670573191	0.692296907200704
-0.311839265969447	0.207225712447557
0.0238520853548955	0.0183227267028985
1.3507631715172	1.8780393744949
0.84728330421354	1.11574129098457
0.0126876163094774	0.00910758577265901
0.170882456536013	0.158263676742246
0.452678560248808	0.477836185494318
0.417538346483861	0.415248713544406
0.405824301978218	0.284864840825288
-0.0108898373327429	0.0074605255448847
2.20263789091039	2.22857594820487
0.610462115617152	0.442532579489486
0.566116748827529	0.405139104066552
0.248870654584994	0.219243719376153
0.0480786802396611	0.0300368320053389
0.268289525890387	0.199159971840708
0.954532322771329	0.76198806746363
-0.190615119647134	0.107266477286992
-1.03866431160356	0.980581530219641
-0.0218555121513851	0.0115524348703706
-0.464175524603428	0.368379572301986
0.514489295082717	0.428967013185551
1.19749194918357	1.00921695195254
0.265164462434091	0.209331095217413
0.958645722461036	0.777195661250625
1.06141386943443	1.32512497109931
-1.02107539343666	1.22214795356973
-0.634227503677556	0.535266272773233
-0.151862451568099	0.109177375814704
0.267813953417825	0.212035561310725
0.252161628181412	0.183073870570632
-0.522057539521334	0.487676463513254
0.371232097105735	0.318364592204415
0.75366251499442	0.678023923530431
0.455910878290065	0.268791338053869
-0.0147323466004628	0.00823128883415771
0.61448726529733	0.444453510940854
-1.13712325161208	1.11165887440891
1.22760084428863	1.85713427949211
0.460579502374773	0.511151783786214
0.347010820858449	0.387144115152714
0.360669829972217	0.319796246902504
0.857077654864523	0.840465630378328
0.505933701680897	0.524687626899767
0.261586470160984	0.226001099335334
0.116888871479021	0.0537498622357756
0.686349659192018	0.664337826569707
0.6271896600576	0.726764295843505
0.60736422735612	0.657439045749437
0.896159093720905	1.10103022665645
0.961551365453444	1.04152263934066
0.817905903146875	0.73451219079244
0.6473506787355	0.52893638310916
0.99194515399913	0.489455633765519
0.554905858135453	0.294421889010528
-0.917532394280805	0.885106230511756
0.745130241394007	0.448783862339865
0.283604611593829	0.166387519864047
-0.615108329736957	0.460974201443573
1.38256111744198	1.7904917531929
-0.228719517462505	0.124060061841167
-0.506183711254638	0.439538679643239
0.136544819154434	0.084685429480392
0.656275890256019	0.566849053444168
-0.000399853051586183	0.0000898342485664383
1.09149812278572	1.06109468717529
1.32962266671239	1.20665311665246
0.437221722478375	0.297375073099998
1.05189012451321	1.23037160461048
0.0415877682490198	0.026310231678911
0.277858286292931	0.166975121921905
1.68103245325263	2.18091734077243
1.28969564286511	1.60723982507181
0.159305383612432	0.11203821173411
0.438062818351491	0.395788345155915
0.164194013708323	0.13023480925954
-2.28709306960958	1.83436579800959
0.27704659739155	0.181003587159523
-0.658264570022376	0.603527828458898
0.0558851949035991	0.0345234693557539
-0.324613575182371	0.270845321485913
0.495024818270852	0.42680566100412
0.242426424653784	0.240924807921274
0.489536474252586	0.520369874316143
-0.534417850352863	0.420425192284033
0.817745176053823	0.707517781139211
0.597110701756664	0.630646718785804
0.3575429962868	0.296469110549881
-0.824203685057142	0.739391798653755
0.257605475415901	0.200694922041712
0.389121375799259	0.310182494199491
0.252122339404149	0.237144866545379
0.510963129771275	0.513536843863527
0.0154448087387373	0.0116050478361374
0.127342854586207	0.0715013423077353
0.364118250385276	0.306264038146973
-0.105218300397526	0.0786208441420167
0.751492419627284	0.995538844050311
0.572425263737563	0.426550829734402
0.537087988241075	0.415030151079832
-0.657265081073323	0.57706468835788
0.511356111815508	0.430707134813122
0.956416578949817	0.767233344689254
-0.0396883384745539	0.0200234383676187
-0.537807195145879	0.407344999487165
1.06825856053172	0.796553284904004
-0.584621424935269	0.239428801765675
-1.26789037897949	0.962305753493915
1.50440402810551	0.763219342678577
0.0278050035702666	0.016958952658556
-0.146878853116347	0.0882589588312207
0.137951582397431	0.082485653767825
0.69400176886833	0.57762357658753
1.19685681218121	1.15839500980073
0.268051803353653	0.200130540687195
0.434824932294428	0.293824866900018
-0.272407697484802	0.206821505517531
0.674260283852849	0.550363301381175
0.141655419916468	0.0928315112709815
-0.544422202912294	0.41353211285746
0.617706839349706	0.442608708698859
0.113699064144505	0.0624273962094944
0.649262724746808	0.556269236314662
0.256396040113789	0.200816187385472
-0.529556079817808	0.48614101803213
0.263745172710009	0.177499454639901
0.268034558200751	0.189092541851074
0.133006221244881	0.0822871950357716
0.934119453302454	0.259434889433519
0.26534554230093	0.213220419459514
1.19660692639115	0.995121329558772
-0.821215523871005	0.808592653485702
0.435824156492015	0.294509684450921
-0.477597317996558	0.377766753612888
0.165499362494099	0.136890535683761
0.090739277229566	0.0690531889543627
-0.0461458857368316	0.023745677297
0.759799903249886	0.723221842542275
0.148787324778064	0.102154027502063
-0.116336268221996	0.0815504358166189
-0.71209955686957	0.487468336198179
-0.179866568023825	0.123154368479571
-0.26394029181174	0.163792125953666
0.744214358818006	0.822007902324754
0.356749154405109	0.385322131872688
0.190737370881385	0.158210772058144
0.255171659827199	0.223834182634279
-0.0824301234067373	0.0624604831769235
0.166599059990361	0.154664184271408
0.416894921836974	0.41493650503479
0.680892576046912	0.777814990676486
0.837703383513735	0.4524226560576
0.268231206846264	0.221327266693667
0.369201534275789	0.398099823198786
0.149926160039866	0.151168455988712
0.71281106476188	0.897133208879766
0.334148877504978	0.379574363618694
0.187181427448989	0.15657025279421
0.367500143748226	0.303281135250907
-0.111847897474904	0.0682078336588116
0.981547304312112	1.11194382348833
-1.04602449018887	0.945251782632719
-0.0146141857048716	0.00984893598354521
-0.11488394064189	0.0521732860462232
0.847981015649615	0.451659405631215
0.108271921399976	0.0511597564501603
0.111533583499825	0.0587415005604463
-1.386053792908	0.942661882315443
1.31115581732732	1.34920010665096
-0.189783090411166	0.132067819135456
0.524279881515665	0.520083839648957
0.00418997553590768	0.0031006111294998
-0.117573722033984	0.0845734817779695
-0.542127756960598	0.41966322464547
-0.655385056972583	0.621776818117126
0.405759367535118	0.288264735875427
-0.0319875232525042	0.0213958112571726
0.00922108223125796	0.00658303623670715
-0.502351061857262	0.436138591568629
0.850584478978848	0.926164058298778
0.652097743646467	0.569430692806279
0.704874655110502	0.786758776907243
0.265102838622401	0.215303818417163
0.364908132241651	0.287420113784201
0.153975953879822	0.104048475670343
0.172816148468401	0.133390265745113
-0.797746192898118	0.941370788054053
0.391809513903312	0.294716338122541
0.0797581338104123	0.0586184820342526
-1.04941151287131	0.559545936762378
1.19749194918357	1.00921695195254
0.747263285376499	0.306535499683203
0.279570311552099	0.162570298038471
1.07244853685424	1.31920098424956
0.354145682818175	0.29861470394215
-0.32550009880874	0.202741168929883
-1.31182808470905	1.87797446194589
0.372328179824267	0.308559671556807
0.554441344689804	0.537654606756881
0.364376041371605	0.313882339094525
0.0438115327429032	0.0286155507053002
0.54535933223953	0.529062031421386
-0.397936924137095	0.414939755144723
0.167357151132318	0.143450089468088
0.815307531931961	0.930099996354475
0.108127269823806	0.0911868790295997
-0.225451204958716	0.188656771217658
0.243545244034381	0.210643494057423
-0.424082879281394	0.437964453674555
-0.127613255782379	0.105922827476921
-0.742074376789172	0.822314972327761
-1.12576751111832	1.07704260070745
0.567176967575743	0.670441131764921
0.687249681939761	0.921544715099274
0.339383610968683	0.325653570197057
0.561491951536278	0.608910923481695
0.598210805823315	0.720706741881209
-0.0416764074433359	0.0325478296690423
-0.104488896040217	0.0843297210688931
-0.052487828475602	0.0406832368958239
1.26391296353618	1.81889370349017
0.0384233515915682	0.0248975505594034
-0.289817009506388	0.141063205641401
0.435154748897455	0.397725918294128
0.581273148603405	0.637004000079521
0.430794488488193	0.494873242552164
0.675744229914875	1.03350184843079
0.557633560717109	0.746249134910749
0.711710547636213	0.938957699531992
0.340761423258896	0.32576708666053
-0.152477095662678	0.119396342070423
0.486734881449836	0.478872691526062
0.155524213098163	0.111852403121887
0.354746053681486	0.289915366657417
-0.0878203152677729	0.0576321621336135
0.330710209495506	0.146163097002352
0.995007349541746	0.501786939875487
0.0852095309252077	0.0332679475572966
0.541281585425014	0.276362674819822
-0.155782825510301	0.0668846672946918
0.43478369741594	0.290210833050304
0.163548495483613	0.121155229943174
0.380889564328284	0.303365879067631
0.330918388318828	0.317598430577894
1.21018354328866	1.65229177516251
-0.815572042325942	0.917568301518233
0.613630440202113	0.735148658596312
0.185079431506138	0.15208339414406
0.397615739002201	0.302448435262217
0.578707690527588	0.640259765666426
-0.388139810207219	0.372228222875163
-0.117556400279779	0.0732958564324101
-0.0200587166796103	0.0104075804952298
0.633009708580739	0.285667715216723
1.06723171922535	1.31498679004133
1.15024444210373	1.57832178619339
0.772326231692991	0.823036794744484
0.470484315872444	0.511775256101522
0.266045128696236	0.216323225049206
-0.568540984463974	0.467867763602215
0.500461170360261	0.277246218854929
1.33187543634097	1.19195675472897
0.288354123822918	0.170413313269482
0.660406879715178	0.562951712384019
0.266359208402899	0.187604637969479
-0.446999173223305	0.484190223727085
-0.824471629344049	0.714710795552351
0.343962018557476	0.312141592707418
0.562291916913605	0.637590167704646
-0.191350776865446	0.16510297899206
-0.244922300980302	0.188304867561595
0.0671390817818977	0.0472645497572999
-0.0126136176377097	0.0104344503487241
0.0582711271839889	0.0388299500422846
0.526650476813513	0.620795508664926
-0.309718565143099	0.198737924522539
-0.292609264688696	0.264103030969933
0.182438935306362	0.15937898954148
0.168846501397582	0.134202065542066
0.487072272714054	0.513370130479311
-0.281551825399589	0.26192686186531
0.59833007415702	0.625799295878142
-0.0705851711332265	0.0608006183140966
0.33009236009004	0.29713401774471
0.102492084038124	0.0842192769919418
-0.0253322167358241	0.0204813431293544
-0.33983986852899	0.337983202391395
-0.527817779762339	0.545839483972758
1.51619278328514	2.50031784088125
-0.0074247887960744	0.00612623193917401
-0.323044445513725	0.321908083277738
-1.03846465337584	0.92816874915511
-0.159165902728979	0.0670397845703292
-0.382639031303926	0.401488552274123
0.679639540621159	0.646730656664293
0.361856528162065	0.300163561293611
-0.0103803771813639	0.00704926304251081
0.0922507011454184	0.0706144200693802
0.146252134849093	0.0923597386222239
0.271683045729232	0.185516010147184
-0.240998557726911	0.183860491212949
1.20094583167759	0.626287022927265
0.499198073968671	0.291284707966694
-0.221872173164569	0.0866066223589225
0.334870959967484	0.155941480769597
1.90352662621528	1.20367366189977
-0.462947884526588	0.203235848170445
-1.0434570864322	0.547533966432391
-0.828101922646926	0.691618273453276
-0.131859596745107	0.096486913612463
0.100312442494521	0.0785087813296156
1.28407874917887	1.8767850882179
0.354942523939273	0.316241837215662
-0.107704903143354	0.0667721395318512
-0.206537486922757	0.163801112041822
0.933118272480963	1.29641763493474
0.0601175805669715	0.0405740212084459
0.856660366107979	0.934851629932945
-0.501466835717954	0.339972567461417
0.733762105167276	0.434412575594578
0.73326434851429	0.801148556324757
0.437697030511798	0.401183337633852
1.0559814952241	0.76795410509839
3.25316226854424	1.1543969470556
0.145705153030222	0.0948855326739316
0.00701048379553634	0.00383646628694854
-0.657247001386787	0.597387765350066
0.439066474091034	0.296727743158278
-0.490239952419282	0.509647424805634
0.387633760937206	0.45686866953628
0.343317151875698	0.387031478156877
-0.0419427964857928	0.027998199060248
-0.369622787631774	0.363405288374187
0.0409536662221295	0.0333292712490975
0.172973679561791	0.149607351544742
-0.145780497405947	0.12000480510051
-0.413769135274263	0.410979162897434
0.094531422724528	0.0851816416140854
0.700548983365372	0.883002226474368
0.246920668823095	0.206175410583872
0.390765336349733	0.395467183473182
-0.273785716372739	0.278028892404413
0.0552526727605337	0.0375963727495045
-0.194561758419539	0.143698507523907
0.871755761589584	1.44868006368195
0.58319143891026	0.760693906696717
0.638584782258565	0.830325437495739
0.204250403202276	0.242582600114375
-0.0564070218143326	0.0500186531263178
-0.326489749846553	0.375976057500478
0.651386808447893	0.79725255492495
0.0577326398002513	0.038653253678788
-0.14909654799956	0.0921797448548594
-0.355981000309371	0.368434692981193
0.760247627034244	1.1168357873889
0.168901224765703	0.14849263105328
0.576674685451395	0.630376472787923
0.375776164851466	0.403357276774266
0.374960381082948	0.309727649125098
0.254910635173848	0.218702207828666
-0.132843561759696	0.095773078696504
0.271945383229799	0.207992915628066
0.0820073928929453	0.0323416529289923
-0.305090728407827	0.19478756559176
0.106063682268872	0.0513611590794968
-0.843739208222138	0.546308091637116
0.133627928685957	0.0821629575923794
0.743078555120099	0.45143267779234
1.1988029334882	1.32320445658311
0.685149083345377	0.770895651519744
0.148908230568286	0.0994790761474428
0.771338647779556	0.764642970072903
0.546977957523103	0.63131395709847
0.774672747262934	0.910756096727974
0.48678056733688	0.513138109337698
0.0276358151041713	0.016617342893953
1.0107892253414	1.61081764317485
0.156436662794285	0.114688183495116
0.168489514103434	0.122983074186521
0.147661095383254	0.0947492186307534
1.90660440466823	1.20361154512244
0.325443870324248	0.140843972553835
0.812338624064954	1.01604799368796
0.711914463830009	0.561989996641373
0.33943586306721	0.154713866446324
-0.0323348887403303	0.0214847100054583
-0.0985599583140989	0.0732482299302217
0.163365456239175	0.114139048065977
-0.054337993501958	0.0410245744047128
-0.245991796053249	0.223946436200241
-0.324027102711954	0.269618983878858
0.171166776342943	0.132612777077135
-0.367453352470433	0.375215843090484
0.326752085390519	0.369226444111587
0.458721472946711	0.396077604266558
-0.220832799295119	0.211354520792892
0.575788021323481	0.6231940272031
-0.307360838040572	0.303170579902627
-0.358815512975205	0.321014256002359
-0.0344091445188666	0.0172847650814166
0.0898700601874461	0.0714503466198405
0.473202388980836	0.417068977626795
-0.226031312150502	0.215897034406441
0.340878067578425	0.311787010150394
0.28313491015509	0.297787401714028
-0.36834386737698	0.412093032951017
-0.656765562362047	0.920490053534546
0.00839566831615684	0.00807472819434786
-0.528859857500488	0.670571663956038
-0.45683985742763	0.493378501124951
-0.748037268525141	0.975720062819662
-0.116054257098033	0.0965137814922793
0.138826423815075	0.0827771981582549
-0.275074696335495	0.2543021968448
0.265948149909319	0.281225051088707
0.610873770705303	0.798830946985255
0.227435771335437	0.214381727852164
0.243178020271011	0.22680061075759
-0.476068013955471	0.455237186948314
0.0481236311376076	0.0304595441408703
-0.451663656180426	0.397315095424768
0.44484812255055	0.287969784272931
0.33350348155235	0.307669635670197
-0.155773747164487	0.0661305133209542
-2.04132800409274	1.4823220035711
0.547930667183356	0.288135495770916
1.84828540780504	1.53723876552135
-2.16568516705668	1.68476594626298
-0.153493555451903	0.108654888026571
0.376230385619645	0.387807413221298
0.0659608516620101	0.0432801035690612
-0.043615711060553	0.0294196105193204
0.17260326973273	0.156070127242591
0.326772204646755	0.320006618780395
0.103306632178497	0.0828914088688866
-0.562574863053558	0.475950860949947
0.540716706940148	0.677657239479717
0.179098645868335	0.147414489236383
-0.546961839063323	0.550474618031462
0.819874077295062	0.586933388772192
0.837792214387467	0.450654606188371
0.273896409758468	0.157783505932468
0.273812269103467	0.173366181045172
1.07985389785101	0.980626594808903
-0.328430946518732	0.245195967689857
-0.392636365706732	0.381764626789579
0.103681952479047	0.0842765837774646
0.0373207267983546	0.0229460085329051
-0.671849158870002	0.888693953466664
-0.147258543426236	0.126910443730187
-0.624679321317548	0.782068181198012
0.490267111976696	0.583356715425214
0.61910361197052	0.646854507946115
-0.0473305298001194	0.0368402855551427
1.08022116217065	1.4105218689492
-0.153841954182316	0.136065627073329
0.431253256158074	0.412377429702793
0.103421277420869	0.0858997502437115
0.508083023225483	0.595259846167723
0.0653352222247738	0.0460926471856282
-0.0491453320360389	0.0448258119522295
0.0826559905713465	0.0596218251760364
0.10371339438874	0.0864537554765226
0.419260888407823	0.389436912261758
-0.31354242966526	0.198501538471078
0.858551587295157	0.84419539652648
0.480261267678991	0.500831999819683
0.115441576619041	0.0957376578735942
-0.211624304726041	0.235734416672415
-0.512939447220907	0.630328506344103
-0.738191231505685	1.08588796951717
-0.132045478564612	0.108896040038022
0.713479644853264	0.69271779967199
0.581962921413673	0.636468191069828
0.267467061323098	0.291927882342496
0.47052552978614	0.572467612293346
0.705993736950222	1.05616578670826
0.330579742365322	0.299083974813759
0.981018633972862	1.49074386924032
0.312057258491001	0.366976520315648
0.240435207394109	0.267976792760278
0.530949601269282	0.614832220602349
0.0815923931745836	0.0597324439593916
0.330385064877696	0.318402968211592
-0.654124451999138	0.645404405185355
0.387191094527302	0.294791907815641
0.522880689217697	0.424471550226532
-0.22581263422613	0.126119700976863
0.535182030441121	0.252716598853795
0.932780241498866	0.253570251530169
0.378026494522901	0.152710361725204
0.25274402424082	0.192858135307004
0.371358225531136	0.311114900357027
-0.328620940829923	0.277894536948141
0.0609896239974417	0.039892390702391
-0.157941523150782	0.143062175071727
-0.181038421811582	0.144435524883173
0.464668381507922	0.494016354956049
-0.518043251468132	0.471852962306999
0.926980646432588	1.20067948084104
1.22432763017765	1.34758414986265
-0.180022403713933	0.105758596314607
0.812150890000601	0.591673923385375
-0.371028938963788	0.227132989928011
0.65048480254523	0.564908423146324
0.00853192287902617	0.00610632621549939
-0.582887088732682	0.54529190060644
-0.399996179669752	0.420580473631417
0.406052628902625	0.403151340922351
0.794684776227145	1.01095725031193
0.579232214768957	0.530467896731145
0.429537493294834	0.416168053139833
-0.125737431530577	0.0919338567772821
0.565554900350479	0.642502534420565
0.0423635968495848	0.0275725089526276
-0.147209897673013	0.119195726009283
-0.4029432063429	0.393006231806693
0.561701094055854	0.536697421134275
0.363440912321066	0.302413550718371
0.220070839153481	0.22009723196567
0.262253439597718	0.227636390167673
-0.677646605240851	0.856666648452855
0.157480287965435	0.119331280406961
0.258560155074788	0.168064232647649
0.730784305651448	0.770963098601586
0.387500147976019	0.150393288907455
-0.0669178077595242	0.0318771345956467
0.110013702581062	0.0910872036025897
-0.184437159300549	0.183701216069589
0.0587521024738846	0.0549711242472823
-0.188727630032412	0.18233112478665
-0.104833263152478	0.0998302202385065
-0.81661919154396	1.20595654129209
0.0858119210672945	0.0639714522288684
0.525845313643674	0.632495056316018
0.0713734981222151	0.0718961448610849
0.336021207979414	0.456868689028686
-0.139184590539625	0.146539933172011
0.266683666955945	0.297402285435947
0.113027681003178	0.105134967124077
0.412597658671851	0.464847969774343
0.26226741469922	0.206798395255251
0.547072456838855	0.626212918979008
0.11279735341192	0.0920340276698292
0.99469321548734	1.32265141649849
0.261632897415348	0.228590932589811
0.0967107898723161	0.0421507631919002
0.982041045264575	0.367864762950842
1.48276555003575	1.23817646682927
0.622906879427138	0.290817107410121
-0.575896760760685	0.616644324949779
0.927986916362889	1.11739523383583
1.10851171961006	1.11980498408153
0.750671639550898	0.913380598039504
-0.0389153433986894	0.0292048282237329
-0.175371915538499	0.172504014903589
-0.0401698315177073	0.0316644807778976
-0.0686792088811838	0.0525443682901
0.0306419400412722	0.0245319233949413
0.924775092125543	1.21741945529273
-0.662499073423064	0.64956720820186
0.271539642779559	0.197481341101744
0.751225912335407	0.322510250149983
1.50855831828455	0.76555347889899
0.955902802703316	1.2263093139267
0.547371906434685	0.540274281437444
0.0429366005008044	0.0284932570046138
1.19700960049611	0.799587814667247
0.0874505616838551	0.0329370285797786
0.581370936547813	0.424823696956698
-0.0086554110615915	0.00594043531411075
0.105755175968723	0.0913605803331005
-0.656139124608949	0.914536611500832
0.171469499421782	0.118770259112495
-0.105218300397526	0.0786208441420167
-0.549798238064283	0.67325570108465
0.118895435792335	0.106770067250853
0.656230377783398	0.834118269584557
-0.631448186803283	0.523121245906607
-0.200118872116876	0.16866479453433
0.193634106772593	0.16399670557531
-0.154465704997818	0.112060503218407
0.996814964018914	1.53376980814876
-0.0156614876537473	0.012605279251973
0.396170488265024	0.406740385334821
-0.853319502818648	0.99571194331458
-0.479455714038014	0.455245115365308
0.159759309555865	0.112304202278906
0.0860787509612577	0.065338438060616
0.260482729371922	0.232357398161542
0.760270802204089	1.08920497148448
0.466679610720111	0.290766124339421
0.12887769473045	0.073094182384143
0.261561176524535	0.184165610917014
0.524710800892374	0.613704130351885
-0.0368550752556696	0.0244564382991825
0.158016114409588	0.113642131261768
0.26166002273297	0.174459080550948
1.35402350520737	1.04062911422635
-0.0531746582752246	0.0470658742061986
0.0567617239970224	0.0560003729270739
0.0659679369475846	0.0652368247528306
0.435313556901018	0.525095652544554
-0.00726499990623677	0.00623979898274869
0.533534840520143	0.901681712669329
0.533470078213146	0.618715033293198
0.0601983066221821	0.0551193636226311
0.236668301627933	0.229261854485712
-0.150667388096586	0.109433252848669
0.333682150866951	0.154917085317099
0.320166740561105	0.320497578866762
-0.203138291239858	0.178321123191057
0.0763719042402603	0.0783091673197158
0.306169434696065	0.394376776476066
0.39493967012473	0.505728944525864
-0.242833691815433	0.265809845403461
0.43816971049612	0.532172666546973
0.107049166504514	0.100793357126142
0.575498155391839	0.939046322410024
0.053679837594575	0.0516120371583539
0.225619391793518	0.219139701590993
0.927903967087886	1.34914518324983
0.870432247919144	1.40427628518943
0.92126157057786	1.38356296518721
0.518406284945977	0.524930665320864
0.455169748693399	0.397514197756405
0.325247190947929	0.31650734490611
-0.254553272409919	0.214240872198858
0.0433157214742881	0.0356239443748256
-0.0599226138013427	0.0396366799942972
0.172914832082346	0.136751639729905
-0.805494614236408	0.933337198762871
1.10630445333255	1.5387030945069
0.369259986485527	0.393224835242873
-0.732670573882666	0.842131146027294
0.666816874806285	0.734157824382904
-0.0724232813094225	0.0542831368327575
0.0330690160948918	0.0261953791663512
-0.278828785134233	0.306701216952948
0.500478033435799	0.534362489979538
1.35247234647773	1.88785128195627
-0.113720887670278	0.0709840090195239
0.379151772412388	0.152809673167249
0.57302246562826	0.555751882366666
0.775425569408554	0.812136037424124
-0.0626590773861695	0.0470024277472465
-0.110439873070579	0.0893397716893409
0.255553588336724	0.223211351227654
-0.132278489534312	0.0971273253984662
-0.280688594862248	0.21744682441287
0.265585042593446	0.178792302507338
0.616156063021366	0.606861945898471
0.4596202577597	0.50307792741419
-0.333676016447695	0.326584537757773
0.627830181062787	0.885215769218193
0.249779991793281	0.219969084881393
-0.306531715182496	0.302054267863567
-0.175261948176544	0.153929445532866
-0.728826569283868	0.60497590983443
0.947475491400889	1.41219529683779
0.659475242928252	0.582997042820501
-0.496731799367597	0.488511083049542
0.672932207155288	0.749370650394797
0.682553981464149	0.765728953885873
0.179407383542029	0.137267574265681
0.446442415125877	0.505537941369655
0.158756041124329	0.119237319757667
0.0214116694463833	0.0159084764281779
-0.412991758180137	0.336371417199598
0.265297561878229	0.201685829541504
0.190817695489678	0.166749670689084
0.270316587384554	0.197516204541948
0.336768618988574	0.380359675599452
0.426036680355791	0.458432030190699
0.989346276418394	0.908760270442267
0.434824932294428	0.293824866900018
1.21102420493041	0.704729679606384
0.838218091580528	0.456541286539101
0.383912612815089	0.308513495802885
0.0823588630734316	0.0566021918024522
0.789358162067267	0.940999326454756
0.448436822750028	0.532818273249101
0.10025973505437	0.0455885957819514
0.517607336994201	0.526899537779467
0.124052531195348	0.0722042157338734
0.437281427012001	0.28734868656355
0.330522208944404	0.31199229724133
-0.0949556925707274	0.0918548153350623
0.483537371886546	0.735631814147845
-0.351818146681991	0.388846755197762
0.403138651727003	0.500722914707758
0.255096950817161	0.318374538788813
0.472643419662873	0.598469903326299
0.121059904876407	0.122138038760576
0.0156127183378524	0.0110957667301073
-0.266687107459408	0.178359396658564
-0.946363755496174	1.57990349142584
0.461260580505976	0.614063726911522
-0.000957810642827678	0.000800149489414706
0.168717321147185	0.154592268810436
0.101829804816119	0.0968392635255745
0.00807794849632227	0.00646361226257374
0.103461850319347	0.0812648205057201
0.435417670633354	0.540985137614964
0.0928346462915369	0.0784281152784668
0.871309137332383	1.47825471352687
0.048961963842392	0.0373082368569245
0.401490672096806	0.448589509457037
0.562067277556356	0.69450693304046
0.523684449366175	0.57438412036912
0.504855640096327	0.512693879181824
-0.475079867224994	0.371981632125354
0.334534615548491	0.384334145357314
0.0462452201817855	0.0363108080236445
-0.395173418752907	0.405998015099132
0.477641062339417	0.501344104886368
0.258345668360853	0.207285790842524
0.00986067077269	0.00709723287571524
0.326481801251682	0.142832324533513
0.561359221259375	0.401119631383145
0.65492419689989	0.537912081417684
0.0227296791607521	0.0140701354109745
-0.183281897741259	0.146781859676389
0.647399112389103	0.647933141462256
0.335614466725758	0.313982773937602
-0.31564487784051	0.312660322387768
0.668081442779419	0.976894219757219
0.0569869715788337	0.0479071896755498
-0.652021184845796	0.773487064466522
0.435324519178826	0.482659883975269
0.610409226779976	0.727034417369022
1.03979325586523	1.45151426731632
-0.223396274310204	0.155576294552804
0.625463333434075	0.205616970479736
1.20597344454392	0.821577038512956
0.430525801554705	0.408988729904032
0.349285425515874	0.314745331104884
0.180091187732689	0.152035271772077
-0.819189649658572	1.228491273999
0.675892679917857	0.817834116080573
1.59290147939768	3.04209417912596
0.360541943451508	0.377930646846605
0.852192268835726	1.07209473651811
0.0989469650457999	0.0769124116849082
1.06642073008072	1.28802494714906
0.0845741830877105	0.0772313787931842
-0.177511970650487	0.136696196798004
0.185181428010018	0.170795162830806
-0.259733461569369	0.173677412004401
0.483249724097741	0.515229305906972
0.48381569529454	0.515988181202908
-0.272378544064445	0.208292960426376
-0.104369331534042	0.0779318596019709
0.181811220114285	0.161622075355967
0.436965192804462	0.408952599657355
0.905317983285914	1.01805282521763
-0.0405797147913901	0.0276155403441411
0.335735216802104	0.301276734435349
-0.00466775818594898	0.0032057302746938
1.65373661059181	2.65287714697934
0.695517044849542	0.851908002366737
0.522721658940128	0.60734826170547
0.292822081650082	0.31654231060825
0.260151515107374	0.168829469859351
0.1410796200754	0.0903845095956758
1.07552771600822	0.748772098431532
0.26559383394673	0.218601209980526
0.474371556078625	0.380951004374605
0.521874751771866	0.527517977976249
0.685757529234917	0.978906920729824
0.0845772492693129	0.11353508655078
-0.0439129517167465	0.0442850247703506
0.970341841482503	1.20917134852197
0.22598722248097	0.226790245372419
-0.293126185870647	0.290944930175284
1.32097110348205	1.16618017453518
-0.158719837159876	0.170150172891996
-0.11024608974278	0.106040288407006
-0.074731354041415	0.0730611775344657
0.222913723193954	0.234562338205243
-0.036421514371694	0.0428506471966167
-0.242414009261569	0.276877934648907
-0.226501089879891	0.287894838301926
0.129283165480546	0.142256823137026
0.436824408665359	0.647941651691351
0.242502494211353	0.286412395106408
0.243165583339794	0.309077113954383
0.561402915297526	0.537788772222314
-0.0978578424660729	0.106617750103072
0.12865459791016	0.144444183157498
-0.45265073166637	0.711638218526141
0.524967139196989	0.851250151498668
0.065771251437744	0.0559921601141519
-0.16826773141055	0.187650444436126
-0.0376373023528274	0.0284043718672468
-0.0231538467209077	0.0187918929143407
0.30942367126999	0.367939335026812
0.0958165391079004	0.0947376631539232
-0.132444801067781	0.106320418048562
-0.146735707037409	0.14740604151429
-0.0249854767383012	0.0170269306661779
0.384508589348669	0.400359422029169
0.862250140925507	1.2418025240464
0.173603948705648	0.139271559640813
0.0309868379107417	0.024077542996709
0.166683909945306	0.159609509103305
0.388407413975903	0.412318677871079
0.655974255406734	0.732104285656238
-0.233848811540928	0.233446444961
0.788044451805371	0.991055282324558
0.339767573215348	0.311685439365186
-0.133640678067704	0.109653368811922
0.00162997486980885	0.00103234521617135
0.107290110679045	0.0520173176879269
0.743567659232521	0.558786973545939
0.407649756882793	0.2877299252868
0.9923964569444	0.919827274536699
0.183669718565563	0.163320414448814
0.113136045226697	0.104523163109494
-0.419712243289342	0.480210562587587
0.605544874050167	0.800718905894442
0.0138452697616938	0.0124863325017097
-0.0369579882449292	0.0288746805857007
0.324401709375215	0.375301751429268
0.745998175857239	0.859563432340321
0.433339586378966	0.542360303846628
-0.586405108014471	0.726044491329912
0.424826540866824	0.569121211375788
0.261834108893951	0.237437054251828
0.899714565758786	0.512856103165103
0.700867298969352	0.996746418194141
0.163773735075619	0.159333233285737
0.105306987118527	0.0988975604266098
0.109496738141593	0.0937116270648085
0.607528797667864	0.734022771113418
0.512891714618942	0.590934243826596
0.369727668259668	0.392312817530493
0.109573705424807	0.0926148032174923
0.0239817358928155	0.0179328834668546
0.0946953612780135	0.0724169217520542
0.0819891883329235	0.0601214518261892
0.416784329103401	0.411891213635117
0.00276558213901008	0.00180643186682692
0.351841575583816	0.31832295883498
0.264831536241339	0.22216759315802
0.763662095605325	0.728786078065964
0.093102758575496	0.0744126086717571
-0.0404195022574464	0.0314263164353614
-0.0546124707250386	0.0360043833701279
-0.136278714097259	0.111047406492286
0.524796499420789	0.536249165393628
-0.309524773275493	0.327853860628404
0.874430021841712	1.30942575823541
1.04377295433733	1.04467730741117
0.376262706979836	0.304561357572408
-0.313784807798851	0.235909936724927
0.358872770283726	0.312617946741604
0.256546357132047	0.223861026383324
0.317227217556927	0.314007459510529
0.762522274178215	0.983594783401737
0.784170202319794	1.0224132015106
0.573853198665552	0.621166686305705
0.284028425164766	0.179598246200323
0.81776115969297	0.968921508720718
0.118254386301963	0.0995257008661246
1.08556497191922	1.59166172862004
0.47392772496136	0.515427412178348
0.533266383376865	0.622535262378537
0.835253606448049	1.18577370601015
-0.192902657979799	0.168478170202265
-0.265775513995249	0.225512046356593
0.220323460385694	0.362333787455087
-0.0569318284255569	0.0745777915983475
0.0523009100978943	0.0676789640209464
0.675373998983807	1.58013360565595
-0.405343284924582	0.673884103313666
-0.0628967932838256	0.0656764254924433
-0.360215727120327	0.575562055226585
-0.82254851560169	1.51848521416369
0.100874311837231	0.102367842027793
-0.238914376681268	0.283808185125907
0.220478724237177	0.28754237465033
0.142685540844502	0.153036172157028
0.406477302311783	0.521819090061143
0.0950658009994258	0.0876626502576653
0.10929675743761	0.0894534165029307
0.541209784595535	0.67245710379107
0.281153534671041	0.171187793179644
0.437388642072632	0.408568344698522
0.953649106904527	1.00891901451903
0.610807287877613	0.43033666560403
-0.103248558939271	0.0739102799271251
0.618003959256413	0.439909550768216
0.00556552210295601	0.00320086929945024
0.551419481314169	0.29712546877219
1.47899715457998	1.16660708402057
0.868650016550059	0.740974789329107
0.166199194631146	0.12431787185068
-0.405761303736824	0.361998784021207
1.28361863560059	1.80949027850014
0.859732384226539	1.24923419153275
0.405805806629577	0.412038952697561
0.147921339576106	0.153389041219117
0.240898227546948	0.238168941269992
0.0440374971379111	0.0425184998409408
-0.405582471813426	0.509608884311864
0.348970955511493	0.428201689265444
0.161565140035007	0.161578641360222
-0.0462981037508311	0.0436217351945901
0.17659278612654	0.127019170115233
0.271109870055559	0.264406686789348
-0.19249743359171	0.1350564545727
0.442483419115596	0.498126346530958
-0.411686125952539	0.329490438587553
0.601610701095557	0.543824882276138
-0.325049126219052	0.27409842868489
0.903984863157183	1.0217536669251
-0.0901034760521247	0.056839458851565
0.464503434719367	0.510260230167785
0.167236871977591	0.129524239651984
1.24681041685563	2.26572845598291
0.335703640411348	0.328613955661787
0.54706527748115	0.627617672641259
0.646912238567112	0.656560163741732
0.0967346786314388	0.0864854509415027
-0.112782052638211	0.102714695484597
0.0688673947042108	0.0481872004400777
0.263394857887356	0.296862408452225
0.282271368755822	0.142366796403194
0.471731162241122	0.163924152992278
0.953195969960828	0.782173366561089
0.737803776521837	0.439751461737421
0.268134366591003	0.189832329121059
0.843563599422056	0.469802882673205
1.02580612806316	0.646501563191255
-0.237211493172609	0.13206380969758
1.05885628928115	0.810174243674205
0.53475306638457	0.39771593441905
0.329113491186913	0.149947576085906
0.296276018733723	0.159110507909956
-0.365430151041409	0.177559559799132
0.284446197714031	0.181083547707738
-0.114758667130184	0.0527509780558366
0.370450257561978	0.321343318533284
-0.122453208621135	0.102348020463415
-0.417348890579971	0.42395416406621
-0.37612185868269	0.280036378554177
0.675416585196394	0.440896367623919
-0.359654313672586	0.257926734257677
0.612310057435863	0.419773493681659
1.39567760910882	1.66325948194925
0.778037284724315	0.995258792732189
0.393817503024441	0.389494019632555
0.439882127474463	0.491236814423396
0.523346029754308	0.674791245583066
0.288865774416432	0.299991924343108
0.568959071534507	0.406312112264092
0.779452581910437	1.09086016442748
0.626269431156712	0.660119429315169
-0.0798130182935134	0.0519452248629738
-0.652496998664321	0.581477553838355
-0.902064655003939	0.880863437257098
-0.110470816142778	0.0705691982464321
-0.525990158630823	0.563132430621276
0.0370210907249068	0.0305673020060442
-0.27358271112535	0.17682687743568
0.365230207163896	0.299508293411462
-0.507167055375039	0.428946886634306
0.177061958422817	0.257270021057541
0.517368252066794	1.25045343947257
0.2861649907873	0.418484175784541
-0.151465146608831	0.230206538434941
0.0872537720822709	0.0989609817924529
-0.191974877992373	0.20340875801504
-0.0419990317951945	0.0478101462029799
-0.128730796918827	0.174055930465952
-0.116220997941621	0.120087686662806
0.1903690665034	0.175014816011112
-0.0658183048227941	0.0679668083215258
0.58094881883577	0.64473492428298
0.436873939682944	0.49297519319628
0.0341063534766684	0.0257935097372424
0.35680988891949	0.389843109101862
0.291300651191065	0.531699686487107
0.590903106204913	0.803493011140138
-0.316643636498426	0.314799999101632
0.427521938207127	0.41819536579534
0.268391574528309	0.184895221501386
-0.368877977643291	0.230235955297894
-0.0780197767471042	0.0500268894258577
0.869354262999477	0.728899752579067
-0.492971515870938	0.33483575352445
0.271251361008212	0.169270570462646
0.117678549383263	0.0659626857712306
-0.00991797494323483	0.00546983662060054
0.56975465743011	0.424636365929498
0.388959651771932	0.304308861377241
0.856046255626874	0.84207836966296
0.98504763647335	0.910718445657581
1.03111341705909	1.37513580426652
0.257265748679313	0.229171791437909
-0.0761044245490215	0.0674772622347674
0.184495211663731	0.205296528965215
0.0491946672405189	0.0453038112791016
0.350086232345603	0.457866028547629
-0.97134776170882	1.22053149495769
0.739073402583022	0.79849997830898
-0.155951577007377	0.111588602032585
0.121701669819269	0.0717008149277973
-0.287027603110058	0.258216187876146
0.257822546506254	0.229013148054501
-0.181945849455742	0.103020757059709
0.130016685436357	0.0792527718222865
0.811244802726732	0.723735037656868
0.178000679575212	0.157316494594158
0.672147764836592	0.763025275634942
0.818472418473863	1.03903152985531
1.06737167757162	1.34580257884434
0.759687848551035	1.10869768052843
-0.0140291513733168	0.0113227762287837
-0.056877205581188	0.0380928854844936
0.623803823452469	0.71391570823687
-0.142389664070203	0.132582031810376
-0.590052721678399	0.244408072677239
-0.67162147113876	0.349301728169769
0.0906988006046743	0.0389816814430283
0.995583028977196	0.494669375145016
0.905806632814522	0.587813121151369
1.7755647694356	0.695051958463482
-0.0391487321479721	0.0208727710869221
-0.460785808191263	0.20629960119188
-1.05461708604639	0.558500464119768
2.21835299810572	1.68318585261303
0.36293460201197	0.135076424945802
-0.460866735492182	0.210320473730568
1.35364092731641	1.06324622890059
-0.49838102536375	0.330811548818986
-0.0460641281119912	0.0243746571876791
0.167897337208239	0.148248446944481
-0.0788769923542252	0.0597616363734476
0.468410729344519	0.518086699045661
-0.702439748378189	0.439198057292984
0.140244297939658	0.0894618576571852
2.57922465578313	3.38846839950717
0.412166296200735	0.288554425672079
-0.218964035297465	0.152069413061133
0.179074662413423	0.160819793139187
-0.237815721017038	0.211395346095633
0.812845413710686	1.15550853770303
0.61657594224866	0.716238145319686
1.61957898733851	1.51852605468707
0.517802870477231	0.537795905103455
0.368877830904845	0.302737219845313
0.415761847018743	0.463326784016566
0.260646842538615	0.170802382850572
-0.0170998662244794	0.0117490635430505
-1.05394345740839	1.21831958048444
0.12942623073302	0.0782548394283901
-1.13974091553386	0.793198346451574
0.381510681184746	0.461632895017532
0.680362106723982	0.677503416710651
-0.359785648380089	0.318856535306567
-0.10508285076598	0.122853933550369
0.0714673292116836	0.0746988949932121
-0.526577322270495	0.770138097911747
0.373437214188788	0.457492529349169
-0.160867444385886	0.13064877234967
0.22801091479645	0.302076521064909
0.0552312490861622	0.0655052314941453
0.0173024651486178	0.0160581404891076
0.201652440208514	0.225281234184807
0.332444036192347	0.487605376947036
0.0482260972198776	0.0503716838550075
0.561602351965834	0.832073786329602
0.882742107312481	1.29992510294801
0.21558711784137	0.269704498862345
0.136647603645838	0.152193496846318
0.421229726493615	0.416515293737695
0.578252142914822	0.783254187907127
0.0460213524053218	0.0442107753626901
0.0134945148512212	0.00934177425950119
0.163622969860226	0.125500003054243
0.146468163698263	0.150691147270659
0.169293211536007	0.162662927256829
-0.0625667362649773	0.0533560353658158
0.141804619008786	0.09537874249437
0.158773949453848	0.118127693258338
-0.331537854907779	0.300554416148302
0.473644246263799	0.506919501263856
0.404181777579962	0.41196841054155
0.860594231526904	0.968928087406342
0.553297499271816	0.6066959135613
-0.0556394219042738	0.0431301531407694
0.996168440445808	1.29953787170571
0.413550114574706	0.292262758103871
-0.59398285384924	0.668014861870539
-0.563563359675122	0.679168360862773
0.153647544971386	0.150068650533775
-0.407109902273699	0.362740747493441
0.173538650840241	0.138895871017594
0.181803716239599	0.162792158921923
0.138143787320766	0.0855026868027272
0.68617755663075	0.835120979232032
0.719717870910768	1.02234726294276
0.101668463121126	0.0989571508785336
0.63904833100714	0.819517227911595
0.96361476564366	1.25647655193572
0.62191577670558	0.301862011357239
0.62626814643395	0.559167083550991
0.996091400923367	1.84955439562717
-0.0873187017905013	0.0737180089117186
0.258867933307799	0.20783967625337
-0.00287695549710786	0.00246487754522955
0.512054453353234	0.602580022175786
-0.00657417841047237	0.00554785953348816
0.103124693808072	0.0831084167061577
0.0890258025118234	0.0693150070581318
0.236136736351219	0.209913545164147
-0.445905077445795	0.385490077354033
-1.30903492250596	1.61947176577376
-0.846163467855528	0.474582236086876
-0.0440030552288316	0.0226320076152173
0.463878873433866	0.405746913841671
0.537377927511177	0.432821196923344
0.0478049154998541	0.0319932838656092
-0.0632146367772836	0.0420335110349174
0.446480627126584	0.421055229655719
-0.636634825034586	0.532419617668447
0.271677713252189	0.213325399304821
0.129045318047752	0.0776194884855944
-0.0380704174040813	0.0251365619538928
-0.0804769550230828	0.0591025713662333
0.137052803739158	0.0881906251493487
0.0731984682857803	0.0533908582319972
-0.763327793169179	0.987939038675989
1.29294835541249	1.87617689337712
-0.367339662077677	0.307973365421312
-0.0668369199039974	0.0503791804105515
0.248748715610972	0.231775878786854
0.473919465913639	0.506581877493378
-0.180352163892749	0.158200327973269
0.507676479746046	0.524529846296115
0.265914738685928	0.196301350519678
0.41047857205821	0.398360888104437
0.132208885780702	0.0814255444903341
0.50911478455544	0.42502828170288
0.853581320925219	1.20696927950406
0.177009144396504	0.159700596876348
0.748239507531565	0.911141603461428
0.372726004445871	0.152042943659536
0.978572740620715	0.368991751588852
0.71358992147404	0.879761008247729
0.385127793861897	0.308727684901221
-0.172590763322942	0.137736440672052
-0.476981152068413	0.480537583519949
0.644370145091109	0.719794589825425
-0.0629540398277106	0.0480466892147942
-0.118475579759779	0.0752044890511917
0.0248773844562588	0.014967410632779
-0.15264128734988	0.0908838904288632
0.263882415664193	0.232461140265532
0.391238147293688	0.517871397183996
0.511751283084181	0.411033341599553
0.858990694906422	1.236801543044
-0.506850127853074	0.435129881031537
-0.134633757641007	0.0983177138308464
-0.234832712364588	0.224552690518335
-0.367424780368919	0.383779767090238
0.0751498475064792	0.0700661243056896
-0.179431165797974	0.174787630820501
-0.0473625839055642	0.0316113838725015
0.353504550058813	0.292528166810299
0.0875763634885049	0.0941583431269161
-0.0361429690603726	0.0362936465519996
0.353484017065485	0.544851178909063
-0.147168888248956	0.169476430269196
-0.141664653791718	0.179267073486891
0.216988832547826	0.235876018681325
0.857027837306973	0.863460386744858
0.317611140745799	0.367063348933511
0.436545274891014	0.665752623005465
1.08803352081662	2.5442431395813
1.2361260922313	2.51312198745502
0.518066299561353	0.793349501774388
-0.754078542670131	1.17520788894575
0.998190617151535	1.50292426481774
-0.617079828480943	0.845817929344101
0.0989565302081525	0.0929407112133613
0.234406226688794	0.232247002027857
0.593833868780067	0.788956132016937
0.0570399459777217	0.0484970821841572
0.162113967900476	0.11178441168966
0.328440240501662	0.380775073911088
0.165993535500636	0.164120190768694
-0.0231563624002132	0.0191422765766526
0.268750302297304	0.214433890983079
0.810832253038163	0.943106218385778
0.60524570223811	0.64246844778801
0.163330719792381	0.168242800020313
0.327594661097835	0.315342371586689
1.50481783637797	0.797345043041251
0.545218035338362	0.286672636531447
-0.0679653979482576	0.0331995399553786
0.259521129875859	0.178571117277723
0.138937703887486	0.0826466056918175
0.121220183756102	0.0694669783882629
-0.423786065595304	0.336378016729212
0.509576343510517	0.596308629303072
-0.0170150507824677	0.0137437773598341
0.608559151528549	0.739763249554607
-0.164948278730105	0.144888508686025
-0.0416734335658978	0.0382617226074002
-0.334210021911273	0.337309713837644
0.112236093497697	0.102519686957236
0.310018259984688	0.317535417563841
0.0361496530282169	0.0285627219476877
0.316922169397044	0.316627660165359
-0.0127457613998635	0.00717204611361219
0.312707499321657	0.155952133282893
1.01880550221188	1.01909324417822
0.948865733273539	1.41159957080495
0.512393148320286	0.526972088593017
0.25819581900695	0.225175005326057
-0.322967112429282	0.293366698815825
0.97279137840511	0.984614754458638
-0.406313188739864	0.481358971977858
-0.228238992508052	0.211307761602725
0.109222859705734	0.104443448600865
0.0392885749374857	0.030531223051295
0.266199745926187	0.193197820882733
0.386617295830193	0.306943614311444
0.281436726209806	0.296031739669373
-0.498107383448382	0.509487187976728
0.105746974794123	0.0806358425751404
0.756255322056212	0.985393025962752
0.182376865501953	0.15866682499565
0.993288696515552	1.42262501519966
0.637071630809111	0.660965687590569
-0.458677429547197	0.467132558327528
0.154089130758377	0.110296943602223
-0.452045120094351	0.399260570399284
-0.189921208355289	0.108025629126399
0.778945682823592	0.995873953572704
0.0898918788922698	0.0674505642978386
0.880531033188067	0.759434861253327
0.0269166105247861	0.0208337612091057
0.222576238713753	0.222517528877265
-0.0777307466629955	0.0669778768844618
-0.449941417892164	0.403262787742
-0.108373890961966	0.0675779876086409
-0.831699802166229	0.716259921035679
0.0981077799563671	0.0775278825224904
0.0868678307968732	0.0663750633200386
0.711498348382701	0.861812782511271
-0.468498573347397	0.479076717086135
0.98036021417902	1.67386199951145
0.16550052311935	0.157866257377577
-0.0233199995624504	0.0183895866566009
-0.517246197242372	0.554672018342548
0.154795299959766	0.12541051198232
1.20287152303915	1.53930845392812
0.781006986467733	0.912342224046551
0.459664096626551	0.284387011019119
1.48526160766079	1.21458913806083
0.743413922317891	0.97329539753115
0.717619798282095	0.891314404837043
-0.509262297820599	0.493744483384949
0.130116298478402	0.078592366490355
0.0327093363587321	0.0198164894158919
0.101279917026426	0.031103992357174
-0.387414800382299	0.119080555694114
1.42537006022462	0.481691620263563
1.42711577781187	0.48718262978292
0.752490650730316	0.328528115687303
0.617900015159401	0.198196728181155
0.307351159232841	0.153091372055841
0.44570280785683	0.397925345040587
0.626305581387352	0.659997063471011
0.33663720335632	0.313634929599985
1.04234375792743	1.48095935632568
0.0095424237811266	0.00690859758447293
0.536117430573979	0.524338170059382
-0.219082476312912	0.157441972787678
0.263596662738437	0.162282642494646
0.149846926319464	0.103229569251238
0.262232421858383	0.545569117877621
-0.00348105753767121	0.00444007347063556
0.0520625031788894	0.0475019551266025
0.961771101720942	1.22112863401696
0.106081795879761	0.0931543717742079
0.259542151369569	0.237961168937988
-0.72067965630733	0.593103339324172
-0.637908853889609	0.781174382439143
0.182932966130908	0.141104974246945
0.00170070502334775	0.00167120601216058
-0.00577983074348115	0.00482581013162236
-0.0209590980163001	0.0143968620750368
0.520329905327144	0.981892455383924
0.185470474493039	0.209080630787179
-0.274028363058541	0.365724047160387
-0.0340861041641864	0.033775168578251
0.191568653025884	0.239303887840867
0.0505773477768213	0.0623521253758564
0.116205434580261	0.119407683985047
0.232811795352662	0.316778498502547
0.339975535667076	0.467635801785577
0.306638013963797	0.387696538953396
-0.191403182890118	0.227763798640174
0.00440285789468687	0.00394450230230223
-0.293668124769944	0.336317224419911
-0.0687251356799551	0.0615916538894942
0.831698696560812	1.22512687301847
-0.00131974392168173	0.00108086141865578
1.0792400571269	1.93065251334468
0.00410983990900527	0.00350114348142966
0.444272088316758	0.494949646393268
0.127476748221583	0.128238896867974
0.106917963875057	0.0975563627388644
0.306428611315162	0.310396992059056
0.815413508489583	1.0554375337264
0.343120400789687	0.388668992450897
0.242057206627338	0.275840430597612
1.48556118679457	1.26191400746368
-0.114306284333381	0.0528979727297905
0.135765951657987	0.0819355706896326
0.121270503177479	0.063570424938157
0.752490650730316	0.328528115687303
-0.15058689757872	0.0825923485954196
0.167604220369729	0.121828359044939
-0.0942611089631554	0.0936990483858665
0.0611746992169792	0.0554791377418809
0.500124435856199	0.634985748050661
-0.206999462652614	0.195540584010456
0.16528457835467	0.168953116409162
0.465353992964424	0.561174638272649
0.525174142767046	0.614995078247801
0.174201714061642	0.176216144970233
0.0418412109480662	0.0329886233004615
0.103006954988209	0.088755285731391
0.757721449118799	0.914759062906688
-0.362802887859941	0.177889945709836
0.53660047479504	0.430036108239494
-0.379341612740957	0.422465095911447
-0.107036662125537	0.100205669189078
0.17097487058914	0.166107185707825
0.753155661840002	1.07114172971873
-0.0796695025878718	0.0598137653222596
-0.013352931018367	0.0111116311015596
-0.180108405133095	0.178754937215212
0.0437465005502318	0.0354681936091404
-0.213275539254259	0.220378802952024
0.948934126009887	1.28419124824454
0.396445188983207	0.304209686701552
0.846796282315729	0.446390271834407
0.361501863592905	0.39197277119017
-0.374570813510155	0.412343234030234
0.912865078393689	1.4093095512723
0.562390403296622	0.721386658036313
-0.546992380309759	0.540678580785811
-0.277686058530021	0.259339223149272
-0.0883130640990505	0.0643076948718088
0.0938484184850289	0.074415684153755
-0.107920342941593	0.0898668233826945
0.230646749953075	0.228310848612411
0.460267499978657	0.425825656113244
0.183292337800542	0.172218039878119
0.354522439457257	0.305241400158793
0.0902392611862811	0.0668504027541044
0.442358393799584	0.420990523258707
0.183011643019849	0.158348110990667
-0.0684457995796239	0.0605457529677308
0.000263948998516417	0.000258488018669504
0.46995965407681	0.424014970998177
0.618361684324499	0.544903077997424
-0.501565685524542	0.500262670346873
0.102423281266192	0.0823649452227246
0.569993303337356	0.642448792908197
0.355274506971952	0.429343577385404
0.600471262535482	0.830194205343497
-0.054900228048918	0.0522986322917288
0.0261298869295618	0.0204641394271855
0.723973925262698	0.898649821219768
0.165608835782671	0.111060157935182
0.354466781833161	0.308770049230472
1.22060110722954	1.41602333102482
-0.29437323299873	0.155346567683436
0.00587848291348618	0.00341329785677952
0.405702448138618	0.415834085690851
0.174386435221732	0.151851144102616
0.241239644129107	0.214136442123844
0.51221295966341	0.638799477667219
0.102417946777259	0.0941518772529652
0.151146510321577	0.106799483347903
-0.366734672332215	0.265406798276564
-0.0891458409842422	0.0673174122304063
0.511498861885191	0.418309464398043
-0.542540273177697	0.302148068260129
-0.365410543328793	0.181883504087744
2.49727993507777	1.43180271657122
0.0812808462713728	0.028251937533044
1.71257908399425	1.01895185797457
0.835839296065074	0.464928465157793
-0.456146329697247	0.204813755037759
0.10625886171493	0.0832119738319492
0.328443011176236	0.288803251584419
0.280955540585917	0.182921623128109
0.00361655237063421	0.00331059940504955
0.111288582700749	0.0967447508966448
0.014321301097653	0.0101615110169466
-0.0226099292650018	0.0173119787844089
0.398864574874145	0.300707439180887
0.0588942128986397	0.0387694685491908
-0.107473618638034	0.0759718953536233
0.178925557943233	0.261653403350069
0.292867357132339	0.474199097366229
0.360783959869006	0.305891832744124
0.169064045470891	0.139220732413639
1.02982786408831	0.625732605061176
-0.283907625536917	0.14905114587847
0.76730628973514	1.14980688061083
0.100947152223498	0.0776030705775602
0.0309486237133605	0.0236996202150542
-0.233415315243381	0.244008997198675
0.594333513808142	0.547464867400987
0.669851676040581	1.16009047122927
-0.062919574862712	0.0679200547415582
0.700920251077778	1.23176801189443
-0.0443664988078614	0.0482107237488589
0.521453268479108	0.817133470349316
-0.109707813130137	0.121931165466443
-0.0950739761648857	0.0877895072175487
0.682383646019958	0.750595739752404
0.0955572201647826	0.0962533515583744
0.188961040262738	0.248540860971517
-0.238487484043245	0.313533257202956
-0.0338283548074304	0.0320206055228792
0.625267482624818	1.04422510616378
-0.0428524435830018	0.0392611596299874
-0.278070634976449	0.331412427156669
0.041163458942103	0.0363279674475283
0.116548956819808	0.101505223660552
0.85044362219493	1.30960607804428
0.488913908540088	0.683712559548096
0.387039343640628	0.45632968175132
0.0128769979192461	0.0110575333048493
0.645252259122608	0.746052808238383
0.696199346005807	0.648197612664468
0.28500490282505	0.289543317450245
0.332501943304352	0.316594428287484
0.493061749465108	0.285857786287888
-1.55369096561284	0.568587917705744
-0.593828517235517	0.388854917426455
-0.715854783258361	0.487944808843399
0.86320006302398	0.988918521922778
-0.0170501852527319	0.0116173057709185
0.651768147640441	0.750392554056506
0.695742641300839	0.943353708635074
0.222220373027347	0.219140918572811
0.0026002405679332	0.00207095848869058
0.242135050366159	0.216799562865889
-0.0339297690247415	0.0260371203346549
-0.578849378432376	0.728939126970756
0.187338867066954	0.165617740557325
-0.0187014427572625	0.0123586828117497
-0.184681707391077	0.178606575339095
-0.429068815049826	0.310352417125583
-0.0493595386438446	0.0257584320056544
0.336201616332062	0.146806694066046
-0.234025065478269	0.202681506216822
0.273224419121525	0.223671335104862
0.169542857038089	0.146488307314229
-0.67452252838492	0.722112642513521
0.366521060371507	0.300300338901408
0.00604630944810825	0.00457376397030407
0.318149504445073	0.313360235753861
0.108893928214117	0.103455958517122
0.499761236393809	0.293692498200707
0.984659639909238	1.37757045489213
0.84516565538732	1.13449117588423
0.156634938171024	0.143133262646148
0.32583342835961	0.34980113026473
0.401658000769798	0.401965021834191
0.991666587275017	1.4282708348957
0.883266072770089	1.34886493865912
1.20447480480062	1.64242836325136
0.23412006366861	0.236915774169624
0.0641403879099555	0.0450667783000468
0.418767677703952	0.411240223017927
0.384435959334371	0.391670378020756
0.44307494665914	0.425232706845136
-0.0322180194047049	0.0253263544291385
0.311112509161826	0.35793668325743
0.246857473117822	0.226417750110476
-0.0521198006259212	0.0400249015155711
1.04080487014567	1.46236009282562
0.341906057819187	0.321856027525716
0.0742092073693557	0.0694626498527066
-0.109082871742188	0.107760225104233
0.310550622829231	0.356589614428647
0.367259171888074	0.441414710894904
0.722459716526491	0.789490835463801
-0.157733517092782	0.126711071267098
0.521671486542464	0.526282126079963
0.405384443554302	0.422685777129985
0.431992502846111	0.296899741198705
1.19797203215196	1.12772885256487
-0.162188399591495	0.0685508585089442
1.07839353708753	1.31106719691747
0.310273359026012	0.313815178035907
0.157256723752574	0.107819831809477
-0.418502140321116	0.454035757951275
0.86607312658374	1.27654469736747
0.498743849588299	0.516870151921197
-1.24653444234664	1.54820872694247
0.961338453612621	0.771831446822549
-0.547173839689387	0.304130341160929
-0.289845478586985	0.156050399493278
0.620719130516332	0.286778346837174
1.21117518303567	0.682245011126768
0.104228258880499	0.0319441294807729
0.158753727426354	0.0319702215245481
-0.284666801812777	0.0997029697152663
1.42365420901275	0.486816559821607
-0.221872173164569	0.0866066223589225
0.368859021553837	0.148105216054208
0.111762518715129	0.0587806182501749
-0.0159384785007586	0.00884899562806337
1.29211642574759	1.51540331148562
0.589595913062976	0.539232950005176
0.0267992068961455	0.0195285845682995
-0.51130967704619	0.514597414268426
-0.504318700375098	0.422499111999262
0.262126460135398	0.21284443728054
0.800764763900758	0.806753304210877
-1.19816002906724	1.03436237043972
0.11894895325223	0.0667030546867961
-0.292156457514264	0.154968881544382
-0.0120896099367529	0.00677136139103878
0.174561809669339	0.14435798976395
0.435813303543792	0.420234961925472
-0.0603419744920332	0.039702471246573
0.136853905413965	0.0873716635221756
0.0572260499925192	0.0504919256339112
0.614985226518794	0.794843046556182
-0.294219846170786	0.335960658719098
-0.0705803726923814	0.0611880370436489
0.0834089490772661	0.060527599818348
0.433816252296694	0.779666353129059
-1.07724051452832	2.22887115292822
0.643434598252401	1.0899605457839
-0.149845248152133	0.184881496122728
0.288613347051583	0.488575683663515
0.570564951570235	0.893451883685474
0.387247033734646	0.517485957510005
0.0434022786463012	0.0408812290017126
-0.622032003872631	0.683508600492249
-0.0229883085951432	0.012243078813309
0.0633241103761964	0.0759487717893895
0.0066436993030247	0.00637391677958505
1.17694835696948	2.84118456736502
0.109110141539793	0.121359935371933
0.683225325946507	1.16944677906872
0.0994693980473444	0.103616063477882
0.336856677241017	0.428846903209264
0.95460083352272	1.73125782004055
-0.396973538526534	0.506544447476269
-0.118636508593605	0.110523097765524
-0.0976334028413644	0.0927692409985612
0.778841431922805	1.24231249243132
0.262756274540408	0.357937398217802
0.168861770487865	0.160732131133328
0.309900656679702	0.321811469855549
0.410855121233422	0.479710203395816
-0.254832008726634	0.256533722505774
0.887337981806279	1.40807265722974
0.671775242940763	0.768521259350907
0.180266959515021	0.133625096229093
0.698811909271798	0.594193698825752
0.538075176570183	0.270110777000371
1.05313394195784	0.790927664773157
-0.532256465476374	0.279153948562728
-0.307660370711905	0.186431704845274
0.118801532440928	0.0671974982063773
0.0261012286229071	0.015754875374275
0.346925832175752	0.38985665252265
0.169099203529924	0.163203555877004
0.470233939173635	0.614868839434563
-0.157323161703578	0.161734864750998
0.198015823807448	0.221273295527104
-0.284529314133796	0.271123503275639
0.299058869608922	0.304847565440402
0.266198515233706	0.322386488402494
0.0266804605410246	0.0210387909340004
0.0928457319803894	0.0727385160467997
0.095627650388666	0.0750535449013087
-1.23586226049462	0.703832565121426
0.321267929386105	0.134039800092167
0.332071099268114	0.318969618208095
1.04424613210394	1.49472947470276
0.607200243187797	0.786602338046042
-0.522723723257165	0.565926633950967
0.445109117159483	0.399929257855446
-0.149824480522888	0.133170960684522
0.45885824464788	0.550454237915099
0.0986195236569185	0.094515631958979
0.371446077828941	0.392723900652785
-0.086384598060967	0.0651940267673024
0.168139553494326	0.156427921331156
-0.181321472352693	0.158923768007146
1.54386660713945	2.12928230547199
0.35935620102181	0.373441049965166
0.10149408826502	0.0898153092194144
0.427988140248249	0.414690309433237
0.223256794006354	0.208529471506647
-0.516128466605994	0.550766192624402
0.0275361519047176	0.0209983679633659
0.182691200331996	0.153886612708274
0.744887980342218	0.830152227619917
0.0582000488792001	0.0368808930371832
1.27792792369574	1.84034271586994
0.26416568480431	0.275624936667821
-0.178517415113789	0.152005668353307
0.876293536075393	1.17837630360046
0.0117552028751596	0.00883143402066652
0.417243587785796	0.486864084358584
0.247441943833958	0.235787843079323
0.272995260553802	0.225039733136164
0.162775683273818	0.123989247557847
0.613140255088566	0.652090881821373
0.12646039861912	0.0716089170362786
0.104700368657167	0.0319205339675311
0.308978397960818	0.158961245862407
0.347173096248846	0.324730014283446
0.44847688175129	0.494021211812816
0.646362309237857	0.637480592621132
0.397354320531779	0.409247556496391
0.330870802940246	0.32478134845791
-0.556579229965821	0.573393967061629
0.812217585530866	0.693946924389639
-0.743446293738871	0.734178980861454
0.389687055536989	0.289084679749948
1.25664810901895	0.539503926870304
1.42579658413323	0.4776411587918
-0.401300457045052	0.114377963608866
-0.297043521028116	0.100061325242159
-0.465252360696449	0.212201205784514
-0.282773677999732	0.211203683244093
0.290850311841454	0.170626958833012
0.300606987013996	0.144478871186114
-0.205297731087712	0.171756777125326
0.256487574555623	0.224588847652264
-0.421080369924243	0.422633333047631
0.308177723947968	0.300960053556908
-0.159224159638699	0.135643128652044
0.344698595383219	0.311272643423615
1.37753875390958	1.66358053063611
-0.145559991018404	0.0875863604366061
-0.369349322855684	0.17893784501986
0.0858942543306099	0.0374800487500367
-0.621417876271587	0.480354738762341
-0.10056333187826	0.073033248410669
0.395131234883958	0.502027818406004
0.595426015960994	0.533276246374935
0.424288981070325	0.619806640855929
0.517321336834732	0.595128420833038
0.315831291486766	0.15686031951785
-0.121955879385819	0.129527793154959
0.182476900990488	0.158333525814966
-0.593174367523543	0.836464503504263
-0.0913891785802218	0.0773237750347768
0.255243175555973	0.213770261619457
0.349278766824651	0.303073583457924
0.126310886584839	0.159175018474886
0.756554211231435	1.20211610322565
-0.373486970071609	0.527689764935744
-0.294680267699673	0.451341860112154
0.0164713389651137	0.0167784028371843
0.00852596116805594	0.00889323831754367
-0.0806897173277029	0.0840833213249173
-0.352079670732507	0.520000275108786
-0.613225821833486	0.947366322112726
0.240940558005437	0.228369732147588
0.115431275030995	0.0606009756529387
0.0935458896228727	0.0959476417637815
0.495059964069563	0.853489437867907
-0.124989467876407	0.155012313171275
0.343866157925075	0.50472836093801
-0.283594021387349	0.454968836725831
-0.552670763802977	0.88051731586815
0.0473742284123167	0.0507138202836347
0.476486024669855	0.803583683928946
-0.00268511340971492	0.00228730611379694
-0.347418250152789	0.427176860017074
0.735829678243891	1.15697140010952
0.00939784133790865	0.00838646138622272
-0.0503602399381406	0.04457723627698
-0.429690774065353	0.608997502525289
-0.103992580782325	0.101633897492709
-0.325384283265647	0.298455585570791
0.33142921921731	0.314398649972891
0.216317248481876	0.233381912727762
0.14410489238973	0.0912079924563785
0.356343836364413	0.315140167729385
-1.16636621794522	0.365096798590779
1.50329171332424	0.764583470104149
0.0945486520587638	0.0412960421781425
1.34807124819612	1.04554581204022
-0.228676637305324	0.12826780479479
0.0119126321269468	0.00667276646438422
0.165943346645534	0.123098436078771
0.302106724513347	0.305894238898612
1.01228288032241	1.50492467793175
0.979293001287954	1.56572979725062
0.346760809848478	0.441550235238458
0.347632299835114	0.325423358295314
0.183942831114675	0.167053379266143
0.238916115653122	0.23256772465591
0.0246994319291838	0.0225791917109075
0.227956593578076	0.225748568569634
0.0975241946257561	0.0741343567999813
0.646816033488016	0.645970982876214
0.671487527798671	0.446095529496139
0.912764165515073	0.626949612071108
0.380765505405219	0.267143800885813
0.303426679752914	0.297706891679934
1.21646146504404	1.67498340155021
0.730479197664202	0.758117035090458
-0.0419427964857928	0.027998199060248
-0.925407363760481	1.24084895139648
-0.00217666512701319	0.00192340213675513
-0.0337524995625444	0.0260216457320704
-0.0199127380289373	0.0106655598230485
0.66502087683391	0.431247155779958
-0.0171475098096589	0.0137410336149866
0.0297561776596595	0.0245117912718366
0.265059800020851	0.197862155954204
0.600039005446731	0.793691650549248
-0.440734849703006	0.399481365704601
0.171083593854934	0.163128961318444
-0.76546678371967	1.41148479247261
-0.590165771022163	0.520659910574517
-0.0986923547788037	0.0964423258706074
-0.00535858577515596	0.00459955023148473
-0.196248582710638	0.20713550155956
0.447152827585332	0.474130904925685
-0.208245748551844	0.178879763053231
0.251454049266868	0.230520848814397
0.0958028730959897	0.0854841411874964
-0.516553580993439	0.667745367719627
-0.790502306466742	1.20985347742704
0.224621326955793	0.227805273575973
0.201187215891256	0.216396334074112
-0.181919401336574	0.188011556148766
1.08586945982914	1.43452882212349
0.750287834119369	0.915754641980262
0.450902210943516	0.38643214021802
0.346886036871301	0.30959116573234
0.267177315485371	0.18025229129904
0.0649106483592426	0.0229060507869603
0.83668117460659	0.456235801927897
0.172856066290523	0.155505337196417
0.0805836047166057	0.0601910505994197
1.39104042307904	2.67795131837111
-0.519109966479073	0.601052056930771
0.0211462092563364	0.0156214783284312
0.00499295027254765	0.00361210086791926
-0.0549590405067233	0.0425057924175562
-0.0179419187565103	0.00932588951674984
1.20052731559478	1.16150866067139
0.981498506373952	0.371096296364045
1.42322756290204	0.479205258087904
0.108693225819041	0.0316571007105404
1.39888067582078	0.884327582552011
-0.543505703225004	0.299189198621007
0.253278993509049	0.19614087361005
0.49389496528625	0.26864151661798
-0.115523843960355	0.0534102984747389
0.272901351528808	0.183409008187612
0.828752050428896	0.55440246465393
-0.491415919899141	0.571560478111407
0.257366526777354	0.209436213137124
-0.272178940181031	0.202206655610935
0.251590612235708	0.207604728577611
-0.808266700562274	0.783836872602852
0.845634091803618	0.94245751108756
1.3558204753791	1.02424006970568
1.31448543629007	1.18215797158799
0.00178052833874122	0.00102918985550407
1.50506192726337	0.747687766816941
0.62366226574232	0.434810974715084
0.246425226281451	0.38487642422098
0.241135879719707	0.276476004517269
0.941902330520337	1.15170531027845
0.0451477980135757	0.0367557739877662
0.547572158350015	0.296057759291339
0.500383069701857	0.28247559071469
0.485561055833245	0.563284547801485
0.246634790552154	0.221310298540278
0.000120484220649513	0.000000939732382380833
0.103210550856958	0.0873846281058857
0.0901938378983537	0.107668810247177
0.00345807157655265	0.00334595768584514
0.221610113184338	0.227092456600085
-0.273374766542848	0.339209857150719
1.21413897120658	2.9553813103902
0.0514696747235297	0.0529329230053881
0.400190369615187	0.639126475505404
-0.080036721930547	0.0835560021740441
-0.875575283812814	1.64159194145361
-0.373818634179369	0.492150450526515
0.385469179005713	0.388821580238562
1.40000792386167	0.904069127132183
0.0548088505115167	0.0461809761926699
0.392077574530502	0.607138202606995
-0.150507953348368	0.177312007907882
-0.331446964650813	0.428232719414081
-0.533597269213371	0.842172734248073
0.620377055984697	1.13495671436102
0.0178951783810598	0.0157142906133728
-0.905343450827582	1.51729096503538
0.262710242499873	0.296297786392195
-0.143931940292826	0.144720221206494
0.747106987123029	0.904334385262598
0.11109002890772	0.0971305457692243
-0.164652298539131	0.166011767888706
-1.43950784585417	2.92145991094727
-0.144142445436787	0.145947837661175
0.379274216962176	0.405220926408481
0.632991818190756	0.631624212204135
1.11040237249215	1.21255164414213
0.0638370371952318	0.0417205833524479
0.0818137426618589	0.0331793033217906
-0.831423104278671	0.370870563626919
0.332651018649275	0.151405594176449
-0.458243869196295	0.203199620555124
-1.38467495922761	0.922645292429499
-0.429754436609523	0.310304482384091
-0.731617424533761	0.603043606505455
0.721334208285359	0.900462276708288
0.26714814177274	0.242110494929993
0.575279520781796	0.633070254855803
0.936450136866292	1.33509093331473
0.121336778601	0.113393263291793
-0.39640973563885	0.412143268572945
-0.0533722287095332	0.0351964299727787
0.182349954828909	0.157219647229729
0.59789309239528	0.788082571767787
-0.321399891726292	0.282501056819562
0.988264111499694	0.946477743808056
1.58722051939997	1.72581107607172
0.585786764066946	0.540825976838781
0.27010412755279	0.2284664502597
1.49108128751601	2.34575368210013
0.159626623346889	0.113147082789059
0.259479568570661	0.199653617396184
0.428746910383216	0.41930609666278
-0.0764191648105793	0.0582769063789567
0.316276221758789	0.305770901194271
0.284610406816613	0.174384730228044
1.20141427953483	1.01072131768448
0.987265919919462	0.382002213719781
1.27625443943613	1.61844016715663
0.695095108103136	0.578653879956128
0.315352289184604	0.312954579480703
0.085876089753523	0.0651596389909394
0.99815300473865	1.46082370431237
0.101063504802372	0.0820167004991633
-0.116764212589291	0.0829481668964107
0.0664044284280999	0.0462831109771216
0.265756547918547	0.233393514047444
0.271627464577728	0.236676117949596
-0.178888560875438	0.12668423251542
-0.133588751400811	0.0952753869959869
-0.18301207511075	0.162659039775439
0.407935899827487	0.420135207247982
0.260685100350264	0.226867026575588
0.127293169525485	0.0765054408065412
-1.08486353833102	1.17411722888745
-0.264660566484068	0.225422582282611
0.369023058742621	0.293067440219531
0.023292097837236	0.0173290597940897
-0.014149641117322	0.0117656144567473
-0.378005641447141	0.357880773121375
0.50612983840342	0.770108565179486
-0.0193251314860921	0.0133128556381436
-0.321696702429753	0.262340581589637
0.159918749121519	0.114476093794242
-0.0780487188365253	0.0505570785716425
1.11625117870054	1.28223241741561
-0.360809555578001	0.177134753388643
-2.35543840040581	1.20168753217629
-0.11042182846703	0.0669683281057032
0.149453417648254	0.102935218749051
-0.617374018849588	0.662141152085238
0.259415521511266	0.184746713216215
-0.0743192851974608	0.0555261740689805
0.277606594100337	0.224291300480958
1.41286462394522	1.55880584876494
0.660586351773354	0.566218320154577
-0.715127876284281	0.514096954668208
2.06604746522251	0.95248325729481
1.97118188729217	0.519035878594205
-0.286334661817441	0.10048957400549
-0.279301819785541	0.0929450301209328
1.25883895949957	0.55817202334095
0.103045998295941	0.0317521774583255
0.602955218595891	0.522802630775592
0.314385092130392	0.153119292042419
0.167494328420731	0.129533907528478
0.855607980215885	0.982953644673641
0.905129873804917	0.992903535379608
-0.193754132970163	0.131043021020421
-0.224608473282662	0.153118439579326
0.572976041758221	0.426742095398012
0.549064386879009	0.286762351433191
0.819931587807877	0.590377366385749
1.26877877166954	0.523274355227151
0.547115724477688	0.277280188455637
-1.47397214707545	1.51942262998921
-0.8253585920456	0.625346524694996
0.543147062881032	0.28081237265328
-0.665864316492025	0.345768078838367
1.18981425402457	0.792265333231473
0.934119453302454	0.259434889433519
0.236322650967922	0.594724888234983
0.389669543368647	1.18157489786583
0.558697198079721	1.48264987544854
0.265634452880308	0.354247046506547
0.320864921112537	0.310989617617534
0.358049467017108	0.466716511313811
0.110749283734537	0.0868070262660425
-0.219855643091604	0.153368727838545
0.213849385203723	0.218960701885798
0.327928866485678	0.414818647283922
0.0591970841963538	0.0560156004882383
0.244562261611048	0.339006640436485
-0.0303282029395281	0.0242475813236033
0.221429918590908	0.323692478185173
0.597509521128644	1.14937270573956
0.567893324625708	1.09891817181531
0.567195228471379	1.11166533542342
0.0711332882253854	0.0815398934805173
0.557741812247034	1.11026162325066
0.448912196712802	0.733028406682237
0.182532268742427	0.23834398080409
0.166913091323793	0.202440912112391
0.114214460052439	0.102994006335902
-0.187516191072059	0.1089378471449
-0.0508174572120816	0.0527462218542155
0.244889713494168	0.38727520896837
-0.590021748896272	1.05871125888088
0.682999090196287	1.10450656633295
0.192657262021539	0.250757355551263
0.210642181573474	0.28571856931305
0.101938008885268	0.105430025492231
0.37054944439768	0.529072531140508
0.535897465127245	0.774814464805117
0.423549827439627	0.519611102273226
0.733772091722949	0.968610089134031
0.107335563243889	0.103823885619654
0.146160530757423	0.160964030244585
0.323596919434881	0.440952371463652
-0.380447472640848	0.42362005868778
0.16848762039332	0.158152163336659
-1.1036616401609	1.97031161126439
0.360473829725061	0.393264304014538
0.418449209735928	0.534286907363606
0.166057928229074	0.139717872429316
0.343591584693867	0.426041916665752
0.175251718787255	0.156875726980468
0.35579604108079	0.314487642371968
0.264585874521865	0.213118518478298
0.606304401146895	0.552786806178089
0.820389459082207	0.59616552370432
-0.0401665368047088	0.0213055920646487
0.289361942076983	0.152736505630573
-0.110353333132929	0.0501780216178982
0.156473987545872	0.105161512597687
-0.105218300397526	0.0786208441420167
-0.432158732467677	0.501513372467599
0.108335628654841	0.0961689854845481
0.370313861225108	0.434872175182244
0.586242403047491	0.807813925412168
-0.0168805830907817	0.0144126751139272
-0.00887604537392824	0.00743423580361363
-0.304372581490459	0.311235485832139
0.302961005949496	0.344865649205471
0.224616598144252	0.225662264965774
0.729373295069665	1.03861224374257
1.41572863538282	1.52158836069052
0.0890216764170503	0.0704333943834386
0.00139150546884134	0.00122479487735018
-0.0664629074748303	0.0565042073863387
1.10738179430337	1.54078411585495
-0.222850953023352	0.155394073461132
-0.599554590125266	0.718419610388248
-0.0528690019437946	0.0477751996832873
0.583887450274471	0.727466632031857
-0.725028420554365	0.943722247130232
0.0550943735584189	0.0374630492313132
0.412470329736207	0.300447295878501
2.68163559029404	1.70534658823616
1.07528791621877	0.929470082221437
0.0664513644612146	0.0596999868907041
0.178520799227404	0.158553506091542
0.257156583228129	0.191324234671131
0.41868662322864	0.419309382591835
0.0976184753306524	0.0778355608910007
0.0464419621769101	0.0456483971723085
-1.09821140695321	1.36111538896394
-0.363879760383393	0.375716056082323
0.0975881670659125	0.0832228479500271
0.182751055954449	0.158067954234194
0.105517021069365	0.0886525368953439
0.0967961586572157	0.0751630871268296
0.671321512894587	0.913120843904961
-0.155189703626474	0.140276121704234
0.166452291353677	0.124425883798041
0.5172848673757	0.426181152806823
0.250400874081162	0.191594213964264
0.0037038768624218	0.00242492572209122
0.163885794945034	0.155008806509582
-0.468281665296525	0.480514265986157
0.0327362131431568	0.0268700424303385
0.748540120012909	1.30223111060691
0.67265256165363	0.812719929473565
-0.633450554443343	0.709117281820583
0.249351421231529	0.217009286754452
0.3192238652708	0.368139596898362
-0.10696459172906	0.0496405049350619
0.992745411201098	0.9464450992229
0.545045075927113	0.282575692999944
-0.0210043257420819	0.0144622093500526
0.0456770687615164	0.0406665662087094
-0.23760207792862	0.225683234842778
0.097515703309537	0.0887452127058731
0.487493309067567	0.507840196787769
0.978997199300365	1.36397756613953
1.05126193297255	1.57246688560265
0.0285507087956349	0.0171420303808983
-0.128761113150199	0.0950409854978252
-0.106940418157974	0.0676205278347166
0.833596460030928	0.437352170237061
0.0932277781862624	0.0272720528100652
0.157376252038133	0.0320040543511302
0.936117830340126	0.254142270662805
1.00283475457759	0.493360048982767
0.148968833525773	0.103841203912609
0.931936129777495	1.09154272451605
0.617047810940825	0.548669619567773
0.101418276794324	0.076869368992537
0.113004439954832	0.098618766515778
0.557830178011707	0.627264276048839
0.169165675340314	0.135464363970037
0.275906598555515	0.17460980788471
0.279422833915375	0.184133645632296
0.463595320900231	0.297103323646125
-1.65141052493092	1.27044237787343
0.398524581462731	0.297354448145562
0.438490107577316	0.391102198242982
0.273899273913915	0.190451484259861
0.00315642403195489	0.00206691300991746
0.96846304671582	1.24917654870416
0.269157353772954	0.201064786260039
1.0000705501836	0.461132073970089
0.87384819756799	0.743740293645779
0.668541997416346	0.442704712668486
0.116278792568127	0.0606739908000436
1.70588658248201	0.956623547436438
0.199748683439094	0.55663162186784
0.341917380826716	1.07411161354165
0.158713634754392	0.336849176990339
0.158770602011186	0.218976763824369
0.518841073836925	0.608348516945124
0.704144722067002	1.69052338248177
0.281793806254173	0.298970608965442
0.449854012414579	0.42269652510414
0.267618708332033	0.364194711118002
0.202155823728245	0.23510172743888
0.120941065882656	0.148416833990684
0.59001916374503	1.10193155276267
0.521740565443747	0.656925014891652
0.32969963812241	0.597402493489281
0.261720469598341	0.398445175442965
0.401286810529812	0.67353876867057
1.21838429377101	3.37129320941171
0.280781924909625	0.465899276156999
0.206078955010361	0.339388654540088
0.0196793026796143	0.0225365949993608
-0.345127575406183	0.541737794595668
0.433012796556046	0.737846965494407
0.668021293149773	1.13864976760965
-0.026314200654251	0.0132854275827518
0.0461061104734676	0.0507655649422088
0.119338029886233	0.168624703880371
-0.478705273142354	0.896367442784786
0.371005472696107	0.682340644138681
0.394180910625126	0.568875315024706
0.11662955032938	0.111623157324043
0.493595893310056	0.690578764586175
0.265113612663207	0.286709166671573
0.642383751880361	0.992261846460517
0.273661863338875	0.292785351791423
0.0997524629244016	0.0851411720474052
0.102444879923056	0.0834578863748877
0.551984150102198	0.633494514668613
0.0930033977083369	0.0744999621841226
0.473795651605639	0.617969211117044
-0.220588859897817	0.228998807819991
0.6650340536457	1.00775134158766
0.437110876556922	0.477833058563371
0.426801113332945	0.428249895495917
0.535050076763884	0.668040581509711
0.555640946282278	0.76954232192307
0.115654957124175	0.112471754421751
1.20199097188709	2.07946904970398
1.05445951343904	0.781397954048801
0.2653109331474	0.202711550959719
0.94950452496883	0.74490880925166
-1.05947728947078	1.13844696642706
0.0354213897338938	0.0285770912779757
0.650452499524312	0.918820451850669
0.0511642291930503	0.0406951275606717
-0.0558714521379328	0.0496952198077785
0.0491631522107332	0.0429630910948842
0.859770893749832	0.863419082830886
1.22752281126852	2.2932883584385
0.313550176449461	0.366072053927367
0.718703168830513	1.03021518241625
0.523958316872737	0.615143866908395
0.804918553515412	1.01463196019181
0.860998001833607	1.23506361457632
-0.0598600158734405	0.052642774702421
-0.130916411308848	0.136082032875309
0.170222820562457	0.165666019163046
-0.0950116213164515	0.0699172910358505
-0.265250192587968	0.180844636238475
-0.110158906688267	0.0497155029270695
-0.317033552155961	0.234192440802875
0.332055177671509	0.301621494918501
0.171953313737172	0.153228702646432
0.0532908202345738	0.0463850453659818
0.623250499168235	0.734405503303219
0.428886687808129	0.402525330148108
-0.0432655399872694	0.0328568176958036
0.0449636818475177	0.0281335554343312
0.471154140228349	0.503495974583974
0.472349679478084	0.422251968037147
0.18249165225252	0.154828495154515
0.704506166705295	0.763446258408097
-0.0499274973745524	0.0382845540563041
0.184175966732925	0.147616822647493
0.754923347959326	0.910308220257496
1.15528267223107	2.07129145096216
-0.306744629763861	0.300187751021351
0.434749899601274	0.428000304015641
0.0274751253239931	0.021238258485697
-0.0346930140065889	0.0265963602387073
-0.0222394913930456	0.0178700085634653
-0.112228162148573	0.121357810650948
0.16612716628519	0.158702306334502
-0.203618943428061	0.196011312705068
0.485521776725558	0.62815818193703
1.08899501493855	1.52679096165442
0.25711135654915	0.221239886684273
0.614614596368378	0.657073097276772
-0.105896818600499	0.0480675311459568
0.0990290004839494	0.0293913595373793
0.171950793602789	0.142004130665561
0.250112675422215	0.238953862901421
0.639003658616117	0.712584468869647
0.381779400957077	0.437852569137432
1.20932196654746	1.82798796342965
-0.870671056624179	0.994057151380285
-0.282004047892563	0.277349970991305
-0.27495642068705	0.205986906538913
1.04599489316913	1.1775938801534
0.155745001475081	0.111192128738653
0.382204183817966	0.156005932657227
0.622964300445271	0.200951799928207
0.932465440987119	0.256778751447003
0.275876677445916	0.16376230004552
0.547872405708292	0.525107415796467
-0.581740456724858	0.6551074319304
-0.0687735592734535	0.0607528337305313
0.539099851328877	0.66441983260528
0.325228741611897	0.304398589268898
0.0693425691923771	0.047098387908725
0.142807526221265	0.0954553313478312
1.31553067451819	1.16044136981277
-0.0727896569073238	0.0366710646663696
-0.591402214075631	0.386332040860218
-0.0639633121237521	0.0409295718977509
0.755150896963441	0.695808945042399
-0.188918886461907	0.135609389141781
0.0766050205175836	0.0532266693580092
-0.542726531803184	0.538352710120957
0.652999345728543	0.573920319615427
0.0820048602144238	0.0283833400215427
0.843425576099902	0.462276792316144
0.279319516661244	0.162950002469552
0.455781402727788	0.167900327425104
0.465394406933076	2.14848078539589
0.602413744860951	2.87586126515784
0.250116811004569	0.682769487430038
0.422965208122088	0.870398653333319
1.0579966675593	1.99283021235429
0.415724967664419	0.807786376313104
0.492269242299547	0.664526174949837
0.374439865866154	0.406069940368866
0.196374410481277	0.271264076083592
0.183294138402447	0.241024008628777
0.521433309486799	1.03817063783178
0.211063180555411	0.301874569312862
0.91337483765204	1.4908423166103
0.452902025978936	0.98460693596664
0.193844184249265	0.329156794762719
0.0762174511007241	0.106737273562242
0.00856467446498346	0.00915973693984754
0.690133042370996	1.47483155477852
0.0114111053841777	0.0131893451865965
0.348055415263647	0.631337275691572
0.887379238881152	2.53017948553029
0.541719670130796	1.12314054911664
-0.210594846481147	0.3047741067245
0.550503344605594	1.05233664023525
0.167033260123239	0.209020168641308
0.173323543790992	0.150795450037852
0.628201331363918	1.18683369535831
-0.0993845344324971	0.12777495884731
0.0438813240984847	0.0494059290618938
-0.287211233476645	0.413021939400725
0.461099197580708	0.60759394992367
0.155432139866331	0.181284858258627
0.387804022765886	0.508124126018548
0.337879249796285	0.368855709521344
0.454645550768956	0.561029492667861
0.309430479397169	0.363112420023482
0.12159596533478	0.100150220055481
0.884380314191674	1.08253313652969
0.371075779046553	0.399337093683435
0.0958330949380717	0.0808410325965692
0.419441393982968	0.488696794416492
0.763490104737238	1.31189444258186
-0.403163190403707	0.465289571183553
0.312808544115236	0.310268633445358
0.834187935514232	1.00862711258033
0.287510784144349	0.299986866592377
0.755861546297723	1.00137027945756
0.268384350310821	0.291456526418802
0.142473091421998	0.132624608510583
0.451335389729656	0.417551499355539
0.273372884949303	0.185085104593234
0.455946582240242	0.286149918840033
-0.113103526873672	0.0693103625084373
0.255881380033397	0.239973883160799
0.21473634699103	0.223849111366673
0.077013265829401	0.05659200654291
0.546606893037496	0.436486003345242
0.383912612815089	0.308513495802885
0.482325203633523	0.568919336323975
0.101985552221222	0.0854081996839014
0.331742555532336	0.321908992711692
0.106441623236828	0.0995114677342725
0.000655862050165904	0.000516201507575094
0.0885461226837388	0.0772306053919275
0.212458581762927	0.220655725460911
1.0005133351572	1.17742984043764
-0.362571084773759	0.221716179121282
0.676612917961473	0.788728478925782
0.0300818632599358	0.0232022294669756
0.257157978688827	0.236674870681537
0.410176840042169	0.422497291068001
0.295281032227786	0.299114601695288
0.49014928413578	0.410002387652878
-0.0229825243756872	0.0157721947519495
0.0881949448918678	0.0670937129384471
0.157538991429978	0.105277686378629
0.261732047774773	0.230073395608072
0.287903103270927	0.17585229388438
0.26274986980069	0.202956244858035
0.265046841719549	0.213362015751112
0.64857034257195	0.554292488750166
0.261653310403673	0.203017835827559
0.167544841359793	0.131041523895785
0.347150771906498	0.313153222783998
0.029298737911269	0.0234970672076235
0.256321615212191	0.174261767131634
-0.178063923434372	0.122727818572092
-0.00293662929490702	0.00208282539321679
0.263600026348277	0.220281504305533
0.458355309136631	0.404966775077202
0.180276913737062	0.143498455975138
0.430049846343818	0.462305470632862
0.805176236581885	1.10643768912475
0.853827328285856	1.11283333236759
0.249234061186303	0.225982810260623
-0.0742091104902627	0.055520613277028
0.773382108206853	0.880257190010993
-0.447120379260886	0.255577587027415
-0.840900075779743	0.584236400457874
0.178073403557024	0.159184502371287
-0.420235681896624	0.442586797171942
0.949939077099668	1.26883791353696
0.112986491484351	0.0974039121319565
-0.376120672756087	0.392975885576133
0.0418349985237781	0.0341373734375588
0.845218368083984	1.30589498379606
-1.129306778427	1.13085359301554
0.759820893745906	0.744368013154765
-0.410710219576966	0.33742134159506
0.753031930256481	0.324541554898075
0.459724520727052	0.165743596737603
-0.597105395963608	0.245783341231625
0.378315736836852	0.157995342139036
0.804942306335314	0.821673305153327
0.252695810362731	0.20379276732285
0.192522638190176	0.167918448521734
0.329307260260433	0.320132650982793
0.439882127474463	0.491236814423396
1.05297085592627	1.22420727716226
0.824697607608079	1.05627665196801
0.2725415711758	0.178452471967976
-0.235943249809202	0.180875563853445
1.18862458057021	1.08943791291865
0.284161624770017	0.195725282292708
0.155524213098163	0.111852403121887
-0.607732457080468	0.645999098303343
0.4296015781734	0.280851352473043
0.116369630104945	0.0986904120433581
0.813394133828954	0.84602953594513
0.497567797367894	0.296265481080456
0.813983061643955	0.609182114929381
0.279920261062318	0.165245852407015
0.107058539496183	0.0315982003154462
1.26318479182265	0.545971706405521
0.526529540731237	2.72529629324298
0.44224602916426	1.68435946385572
0.531035304270703	1.3528687500542
0.681461093066455	1.0672225461475
0.272746292835627	0.486044251000479
0.557528348317367	0.909339283215232
0.723865794227591	1.30963762443621
-0.169085091375297	0.2186733417527
0.811662612192059	1.51109140233649
1.03772636799763	2.84703376800374
0.385323661997386	0.488801857714548
0.270528115935893	0.325089130498389
-0.17442701042525	0.290043695048817
0.239114000668306	0.43050718507904
0.556757320922396	1.26154897235343
0.647350744576681	1.35051699400762
0.69034326642734	1.55460905896381
0.594295683248065	1.24139278909048
1.01792290818518	2.59849793175102
0.399590657892148	0.775355552858325
0.279797955022865	0.449308319161598
0.190742654038642	0.258643030972084
0.677227084282272	1.39304858610924
0.215050333346047	0.26275744943811
0.0581522619498233	0.0627848544513916
0.188906418226304	0.25657920437939
0.159235138401329	0.195356749535259
-0.369938472738767	0.444879520455335
-0.457028752132185	0.52934817380759
0.50966169246749	0.655906915904124
0.295868688454154	0.310689496970671
0.174836160097508	0.150135767597378
0.174169892693485	0.163923716410595
0.274118698364807	0.233853708746123
0.774400499134209	0.833950122057905
-0.191438311371602	0.135912632267501
0.639009303167338	0.832528503370312
-0.322268899048428	0.343709209425739
0.019876255846795	0.018304889299883
0.241181566866792	0.22911313579544
0.0784978036673835	0.0577766382979943
0.166702142704312	0.128182423650402
0.515232785796393	0.515629951794833
-0.709927500953928	0.93157202698672
0.354407221938596	0.323765178019162
1.03836311463834	1.13024231744047
1.32097315551755	1.22857852701163
-0.335017984333124	0.24339841249709
0.0798202363482105	0.0310264592342791
0.527512378607392	0.608601510486948
0.461280110499975	0.565914367533626
0.168671178081595	0.130626724218431
0.57882043550467	0.425383077438987
0.682796456482296	0.675405242058078
0.247842510089748	0.242418856381664
0.644924573009056	0.947212112315969
0.184018557312198	0.142761767127258
0.657390461707917	0.683289645630655
0.292411952309411	0.312435964901508
0.514288852923488	0.595626643886425
0.524232721094292	0.420473534090435
1.35732384448975	1.87046077512883
1.08639939010321	0.970460070620281
-0.402127999392715	0.356947906081668
0.529606220627952	0.396099024792232
0.297037251076766	0.167824107712271
0.647157370975724	0.551781889696372
0.633159903630558	0.551933446987522
-0.548667467596552	0.413729455932995
0.571909922325368	0.628617057106257
-0.0927093267872906	0.0561408876063147
-1.68688826536954	1.66575309893344
-0.323374368533784	0.291107310670589
0.899195563976052	0.972864814327206
0.0960935712418513	0.0761032128515058
-0.281569758135986	0.245072987926826
-0.0858893252785805	0.0632232744865487
-0.0382787180014382	0.0296554119555692
0.268046983891518	0.216762170773271
1.04076144547061	1.2105145979209
0.855200210937274	0.988186105493089
-0.143122147714796	0.0871890837117342
0.81455616975635	0.855396856918755
0.267780121796858	0.209351091986851
-0.0945020413351559	0.0803896716209682
-0.161152904574495	0.124749417622595
0.307755978627195	0.304933747516776
-0.0602116889086422	0.0440109216539312
-0.129609641349198	0.119815563938088
-0.0284176950885531	0.0228972413076648
0.176472403251509	0.15422828545723
0.0932313549602699	0.0407704934476665
1.50720151757966	0.745800976163375
0.464740887460587	0.169475933261589
2.75571284707686	0.834893809414133
1.02822883043929	0.621382527590359
0.752626682393411	0.33028241849571
0.71411814533766	0.793757999423025
0.505603610981761	0.52474110639455
0.509016742088292	0.531336676780919
-0.522613564297871	0.49295658238325
0.154855098425586	0.105693309359597
0.725071509541782	0.703471107847135
0.280209288255936	0.168354420322862
0.552551217772382	0.295614499308593
0.0880059669678714	0.0376788455513249
0.023606468370652	0.0145778832025057
1.20352470378852	1.45074053128505
0.176524010845053	0.141482800242531
0.182772364894645	0.143314033921795
0.817098936501676	0.584561038670884
2.28415304352548	1.0967097341426
0.190309921047859	1.41633983309456
0.063186940108328	0.288595657607552
0.252878427730188	1.46564540620091
0.391717569521541	1.65255581261342
0.506277233620087	1.74920984734598
0.916980096727876	2.85385955708904
0.589430065720466	2.05541351363787
0.509737730296236	1.16743463739138
0.508660178898841	0.875445381838092
0.127542583641393	0.186752313153879
0.719215513892544	1.93102458463061
0.657177934337809	1.59843085415504
0.5609746446749	1.00837720807048
0.270813308156688	0.432806646958645
0.615460505363179	1.53484704287548
0.285601419564482	0.569279617131581
0.391553564827073	0.835550425880641
0.585535080382153	1.29545059800871
0.897611590580974	2.79940068434977
0.0367300893477384	0.0395375157623168
0.910319762468351	2.18308648069808
0.0571197357218435	0.0654518983606444
-0.055391319538256	0.0629350857513199
0.0988091194604765	0.133364141461957
0.0609219805013538	0.066663749445282
0.228284459624592	0.27632531844352
0.0720382359937973	0.0695920025868414
0.579281184010872	0.880362844680682
0.123642950108368	0.115042966453118
0.175988615478504	0.16309090385231
0.68038543849409	0.988174598142495
0.0996640190295143	0.0845269092320196
0.186113666612991	0.150549390110944
0.0409536662221295	0.0333292712490975
0.357406535007098	0.30258270060643
-0.623598860575605	0.474535657286113
0.509674087949297	0.524706597661254
0.888099644354135	1.08894137713902
0.399453628556912	0.398673290669971
0.0902467079955711	0.0681042593848994
0.490328601473547	0.631344382518323
0.260227517886183	0.224619494242556
0.952474699280647	1.11674123129338
0.00794457684654324	0.006813933204103
0.0521007380025522	0.0471315746200087
0.0997848243895038	0.0928511975718761
0.170305651440195	0.15123427608255
0.614690027174855	0.799840238052831
1.44955260887617	1.97423564148164
0.813204964423085	0.594370081359454
0.415014625726641	0.294033476907753
0.292778149913885	0.171753015794211
0.141683927429739	0.0920288555637961
0.292313454375527	0.178567613320643
-1.90164072585985	1.226770873177
-1.26441792836213	0.978496585490303
1.02896758186074	1.0936030920689
-0.319851977345428	0.20738357256343
0.262889685388036	0.198091036260879
-0.372176125120774	0.233511409859581
0.259184686989773	0.193970851312002
-0.451963381253596	0.40091014277694
0.523685326951698	0.524347882907065
1.97554584066084	3.07688248386858
0.475601749820903	0.426013456944608
-0.0387463528733045	0.0303050534823762
-0.732708976997231	0.990192927463301
-0.0260977042726615	0.017600614516899
0.512313554422144	0.413569166615252
-0.179307293655655	0.143794147101614
0.355678575092499	0.314562642849625
0.914869402910597	1.12676055718244
-0.104329560363499	0.0760739464515795
-0.115704444962628	0.097101699402134
0.524467820249651	0.563449214155089
0.301274586520341	0.312164020378629
0.264779248070533	0.214097788551302
-0.355180831768552	0.315991278481812
-0.0165668840573589	0.0130722508473046
0.124609036356859	0.0633161615373563
0.626516697528008	0.306850987863111
-0.588857386761971	0.229869383602107
1.50425704893031	0.765196981871479
0.362796590377234	0.308191737272152
0.916000891974754	0.87812961583911
0.896728132491886	1.16918246018634
0.245197639351368	0.228916021794235
0.181969184374313	0.155345477226335
0.587093126498452	0.551691492309759
0.362797965470803	0.319830227001953
-0.362975501754435	0.301550271510667
0.778952913222242	0.788689095181581
0.355911255997351	0.293553983439362
0.379349054232449	0.307995200639595
0.4045967666561	0.27512107077933
1.70979556983291	0.962813970652849
0.117725384292895	0.0623351608122925
0.0835186584409466	0.487776020331
-0.0697917169549615	0.326650632432213
0.519181703002008	2.59360864654784
0.725167872617773	4.15605043824896
0.586559351713604	2.83784054149758
0.663114921438325	3.84284265516456
0.574822617706339	3.09544455229523
0.520081826772826	2.11250288340749
0.538369358651526	2.19555789315233
0.208425138793866	0.42436908127211
0.401712338849738	1.18846107957505
0.324533552568958	0.562193285874924
0.421119389433678	1.01791986493381
0.542199474200412	1.33257349778693
0.221141999921781	0.355376330188284
0.157494982732207	0.204415809631847
0.253828281049963	0.387534168452787
0.201969473833772	0.335740790629561
0.963568227852937	1.95031159275247
0.578121866435003	0.846995948099298
0.16245970245384	0.194265067861413
0.364099130451249	0.434712214747037
0.0917524756466554	0.0836380607626663
0.0441420587647701	0.0387612491877854
0.837768361464656	1.323755769314
1.39952615112529	1.5308198240085
-0.724507738521389	0.594217142466355
-0.176866769048928	0.139560174430044
-0.500821459512214	0.348527052088191
0.273093673428324	0.184236016547604
0.432671075275485	0.418259264524016
0.698761536618012	0.574857345137464
-0.216866748898177	0.084545409463104
0.514334053047314	0.434192840214861
0.277996137096416	0.188055084404626
0.00579351885307891	0.00325316465597695
0.617903924198977	0.562307353800723
0.208402469807428	0.256105156603548
0.131912101007258	0.1539715518257
0.894102004590573	1.28389189929802
-0.226567606383465	0.155199844794336
0.105374358133273	0.0854950438379913
0.61459208826774	1.02651768636113
0.840038285779373	0.471425583731613
1.50091913562524	0.779651307038813
1.50481783637797	0.797345043041251
0.334870959967484	0.155941480769597
2.28745976465994	1.14083547852018
0.738390692301091	0.438539721278174
0.899041122305815	0.548954524946797
0.905685946075919	0.629461958839063
-0.666257696970015	0.34178724806317
0.469827338403657	0.295351967575752
0.734541153722639	0.439964597926673
0.287847943385774	0.169284211500922
0.781297501486633	0.926627740522083
-0.115359120449161	0.0821585040073521
0.167483012483107	0.136373517497102
0.3986554678599	0.405609393386427
0.00468703090656552	0.00408783045788243
0.0924215203132486	0.0677518323079474
0.118385973828409	0.137286888516125
-0.00112942121632994	0.000830654846103585
0.264841433884422	0.200805190502722
0.150208983978863	0.102806267338881
0.0491096357750078	0.0383992425297665
-0.65219069475314	0.604116558511511
-0.27853930512934	0.232688309952494
0.507349157647408	0.423521923093506
0.254910893217338	0.234544833900053
0.0938600215795673	0.0755615110292548
-0.107347756272163	0.104970939593959
0.455112994158935	0.560501159764325
-0.207896404797037	0.196798136879256
0.872099043026187	1.15789830510878
-0.0199007070001512	0.0164265356993647
-0.00642337079190396	0.0053809158287198
0.159335974111886	0.118335544420867
0.470174080481726	0.564950899266459
0.153277325519259	0.150167193893619
0.670371603542459	0.666793997640147
-0.559434040310969	0.723132506494845
0.161094574839987	0.15930453087213
0.357924139033728	0.298737484015753
0.280810136991682	0.164562816654147
0.703527655796833	0.790441880505341
0.173807251698527	0.147242976237086
0.37746008137039	0.305434397700438
0.249519752909292	0.208247296050373
0.738848546737061	0.432099018892523
0.155843721261099	0.108694339150825
0.251801211339274	0.230894356297528
0.0224301416832852	0.016625491060348
0.180234399692343	0.153121427355615
0.276976554811676	0.296630962728524
0.64857034257195	0.554292488750166
0.111170650986416	0.67144378955915
0.301456305041075	2.1454180205388
0.348009508948249	1.92268889489636
0.0170523822426933	0.0452241364366352
0.281093848441456	1.27502549677025
0.492796492104531	2.51655377675063
0.137222419186609	0.472073119470208
0.411485690698547	1.72675627714439
0.33033593732401	1.1219063671133
0.339348315421495	1.00353328425054
0.179763736094565	0.422768542761757
0.237319957172175	0.475804205617872
0.336762258208679	0.729242996318809
0.428204965359177	1.12742589758733
-0.0819127749716544	0.117453955762905
0.0903530219066301	0.113897969755077
0.541663614093078	1.19403024275209
0.454018237061157	0.912816260460344
0.196102142307031	0.277827660826205
0.590558779720481	1.08857504814561
0.725292554289152	1.4442616531071
0.182518457537634	0.208734462527399
0.618156261066109	1.12914035885273
0.435296670912954	0.62863669907039
0.084087448372083	0.095292461512961
-0.00416794485438105	0.00351482174552912
0.961639428387885	1.01858828097135
0.753905507388826	0.694896469071498
0.0760135657905535	0.0537034834441808
0.444032291033802	0.289912618505122
0.151407302975505	0.102812833559037
0.166820017401835	0.128627377782905
0.260438562234719	0.186363492015582
-0.415559970142571	0.31514435143649
1.31658643800509	1.2849911056084
0.613462746203412	0.444236102606401
0.629471958071359	0.566231363856397
0.609823754194282	0.417803184665088
0.178014083975851	0.146167374585113
0.169864775810483	0.138022930655053
0.276854132738833	0.218419533069686
0.466004725738975	0.619842423872431
0.463069868571612	0.172876337095916
0.84006446502752	0.464926123560993
0.837847271339345	0.458840464412753
1.98639769272824	1.85207742129692
2.0642754867353	0.940556894776086
-0.223001614342216	0.0867821277358564
-0.158145352490082	0.0677363470685039
0.329664973733363	0.14750810766704
0.324300587613563	0.140413944132185
0.644380011663339	0.733074200758227
0.708326780357222	0.785453793345399
0.00204647854348349	0.00132547163305258
0.2695895656323	0.20352461540748
0.149846926319464	0.103229569251238
0.327132340121288	0.146591364288943
0.191783339136792	0.163686936815733
0.0552307886715686	0.0466514790841674
0.240245101009504	0.232462064725542
0.355755868398768	0.322376059739857
-0.227988900648781	0.185370181775535
-0.244693416230291	0.19213902949677
0.94230364486746	1.16045920107874
0.138627434253591	0.0846195446833686
-0.74453876091415	0.759279441158313
-0.500812023671249	0.440179028715522
0.550873635751665	0.549835146006838
1.13728882825471	1.55007806343902
-0.430860249080478	0.418271281369431
-0.159559161744595	0.140803486722702
-0.240014590099656	0.184237092958114
0.0215046371485994	0.0132723268077608
-1.24267599089823	1.60194651762484
-0.241996806989942	0.224200360684347
0.180132747949334	0.137019073602148
-0.321246323192506	0.281059854024859
0.0649146080670975	0.0459378146977121
0.765713786527441	0.71037972156617
0.996564855194483	0.923191152547301
0.768013409002606	0.712372962102637
1.19443567631602	1.00170221405263
0.135608227638874	0.0843022638390304
0.0412024044431397	0.0334866722535066
-0.0407377246085991	0.026901895393086
-0.0501765988191033	0.0331584999455092
-0.0838451727954844	0.0623732377830152
1.19802029376192	1.01118940706089
0.758458321217277	0.712882161168059
0.668117225634825	0.446962801020678
0.0710817580033424	0.35168514395667
-0.105821871613527	0.504731796418147
-0.422573619267185	3.22451792130656
-0.312613469522123	1.54565895313568
-0.134529911525998	0.325756355142888
-0.459542668016914	2.7392027886714
0.0584993868175186	0.127216214430859
0.0457133267683974	0.0845474741351482
0.23362973450411	0.591659075722478
0.494938454224722	1.23449974261119
0.129803843515582	0.269668689987225
0.353413742076042	1.05514287266407
0.356618183446088	0.971166086136763
0.238739170286643	0.499837250181092
0.211900102984924	0.411433655555547
0.479776786730044	1.1717420054858
0.304832897043586	0.597910076761706
0.668291308053823	1.28308903771615
-0.0168950006599991	0.0139122423776279
-0.111647297483914	0.107084791409519
-0.566219563008577	0.802575307140441
-0.611700370737588	0.73706793105408
-0.168894743044571	0.163872902069168
0.819139702131427	1.05403888272667
-0.651902954541014	0.763669331595811
1.27071700255564	1.95984650056894
0.531972083086343	0.416781561669785
0.852280984691913	0.974119327017522
0.268911889918958	0.19242625173678
0.375596716981764	0.440997382119133
0.151569165177726	0.097584818209412
0.89322759623471	1.10623226475998
0.679507364877532	0.79038698976505
-0.177998265795884	0.103546542505285
0.616419795295568	0.434660090803903
0.261140899064319	0.213898662489092
0.892608397739659	1.10998445453141
0.618248634365808	0.56282529383861
0.438801742779562	0.296368002074111
-0.0358611751640362	0.023552682398357
0.015602923405577	0.0116735458166441
-0.304530111260399	0.282388961274949
-0.585867610976321	0.653858231162389
0.171282875306346	0.143916687180121
-0.147627561410895	0.12830046480757
0.171228000057381	0.147042277260691
0.560994067486028	0.703546900496576
0.954418398446123	1.40843378560165
0.268749847788197	0.194482736661417
0.291377990928682	0.165077684534835
0.0851819051673344	0.0296652672214374
1.26627810551039	0.560386251517454
-0.67162147113876	0.349301728169769
0.297217003872518	0.165935130147122
-1.89458201475903	1.23163128442481
0.825280556893747	0.59800902673693
0.401376506632911	0.306592671164755
-0.680717005719185	0.775251614679455
0.362224166682621	0.300331603273306
0.503015313778349	0.399884157885819
0.169556827201031	0.148295436065853
0.270350557850473	0.225160003208311
0.335664391595582	0.30562763080641
0.137741614290795	0.0831639355824925
0.136149069866852	0.0836590246199792
0.144118724559152	0.0977848479100127
0.623185134559639	0.743348557145175
0.278602488846415	0.174829640378538
-0.0480583917412387	0.0247850056340816
0.681447602601568	0.520049448956209
0.979735323544476	0.376952470849492
0.616744929467645	0.188741793507657
1.26684933234174	0.587948962602121
1.55835966281602	1.08020534576751
-0.845689044268645	0.582218421172514
0.261492652589919	0.185923310967602
0.92798804547244	0.891350351723656
0.0355130559718811	0.15215932406427
-0.0293606675121104	0.111662067374329
0.496658375805227	3.39604667013606
0.820168403526018	5.05194030733694
0.306150087392332	1.51486149696166
0.646739122755163	3.21600512110313
0.21051981540977	0.498166526353843
0.161580247460674	0.358633167437771
0.257704203127718	0.689452877192295
0.608927717927273	2.03977079926437
0.401802225156803	1.07772766331227
0.584421845945531	1.55286177634332
0.367684047781351	0.471254689011225
0.658703657279707	0.81899888158975
0.442328659521929	0.560139216090533
0.187760376869116	0.145998080806973
0.696051159517325	0.782151363221653
-0.60761447757585	0.606287333641295
0.773466573180761	0.899970373868456
-0.0418622912311106	0.0386977163020912
0.468941552029049	0.293883088498124
0.624016760620407	0.555010695371225
0.812436954890936	0.921680548828399
0.448924479640202	0.427465704239466
0.268689358661393	0.176203110755449
1.2027183592941	0.850798998994898
-0.0824942323217734	0.0721876491981773
-0.0884354874954593	0.0738851858424208
-0.0351336275291713	0.0280637892403089
-1.00998095587244	1.47966713010708
-0.103887678878236	0.0862546044591625
0.165788137760888	0.127979810549239
0.298667426403438	0.164020154908245
0.317528533594492	0.160338244742124
1.42405202484043	0.472405810643601
0.839013460641224	0.458516039791108
-0.533025260910922	0.287467091524195
-1.24122087361428	0.674566635187814
0.747083990157239	0.318096889975724
1.39082647112667	0.864909471796226
-0.0398650326543203	0.0314898509960833
0.253694072766131	0.183874540695088
0.264891119710189	0.2165009892642
0.263700742735423	0.214605927185644
0.256097395366431	0.195373288487428
-0.187654006100809	0.14964029413256
0.467519554266085	0.516172112970008
0.277478389061706	0.178094298588966
0.0253862683058972	0.0150150258420736
0.143387921841004	0.0919144123462054
0.629411549256692	0.202901816700143
0.980322582763501	0.374301200409669
0.462502963352406	0.170193407126297
0.101607188151169	0.0470195460546494
0.279320858693503	0.191900327491214
0.133944634433688	0.0830781004934483
0.26639880142906	0.183291019663947
0.250461481437561	0.188993624377329
0.464835341392655	0.299287240872406
0.153999061013862	0.105731874377215
0.745973092620003	0.808728701063206
0.371885397819047	0.149380744345061
0.158208426228487	1.05565996113257
0.387699443176477	3.32276972882711
0.297083138974769	1.86168954321621
0.55178084067303	3.45713088345364
0.181233995183761	0.237770843727723
0.368279256783839	0.597841853982936
-0.115881574294123	0.107510247235715
0.45086158040131	0.475564263061851
-0.093720041025741	0.0754754143109291
-0.149796109445235	0.133988491613506
0.650362800173565	0.631994700622556
0.270766575983919	0.216563761669115
-0.057487143090442	0.0446650474441819
0.172550800570767	0.167083671017628
0.671745481609159	0.414771734881228
1.21102420493041	0.704729679606384
1.48506635695681	1.19549169472786
0.924963511309523	0.900413824001897
0.659214097173875	0.561405689456724
0.100106407032624	0.0471709150812835
-0.0182259188870745	0.00983175831348936
-0.13215082429024	0.0774898906474382
0.255751155518625	0.216861263474134
0.773692274735475	0.827535422029742
-0.36290014174841	0.352699046068518
0.167209165610923	0.124916045859048
-0.961329353746274	1.40833227877666
0.412774798733149	0.411529350750678
0.552467855963387	0.284000791363336
1.20597344454392	0.821577038512956
0.748049199719604	0.582794113722166
-0.667816144994039	0.326250328309663
-0.436272019036921	0.245245717826533
-0.0688600378776336	0.0342176631835212
0.148492097607584	0.0973136518035257
-0.0205835233761766	0.0162907807107375
-0.4252369628725	0.338397811958429
0.951505336614476	1.00356701189588
0.361726717684661	0.309903374136023
-1.0122680842175	1.0131429235401
0.260902069370167	0.19684264733857
-0.666597399430689	0.717570657607767
0.901638447386857	0.994400400091334
0.472677284667194	0.418076458210292
-0.0806306355079554	0.0367912582880347
0.332508747780371	0.153308596845039
1.71230695575009	0.977792310841152
1.86384286173745	1.58598701415868
1.78182300641983	0.716673311120244
1.06000599111455	0.800139463594225
0.14896362604224	0.101640833986407
0.129532127105691	0.0795165291157046
0.0368913914122992	0.0238351697489051
-0.559412143993082	0.544055701472959
0.371394163516455	0.314812602846666
-0.168717059389865	0.069427867342986
0.383638717069443	0.155562675795945
0.869083357085681	2.61723327150057
0.326645024541056	0.663974644652147
0.28757414080468	0.429590885543383
0.496934588741133	0.78332308250462
0.639788920804513	0.867401276662586
0.318842857227247	0.309043299720193
1.14089299643021	1.5289334710845
1.48971081681115	1.28148884357941
0.156290218612664	0.106341694576374
-1.10030041299074	0.460148928800768
0.780670154848424	0.92498661658056
0.525430292854693	0.715309196012578
0.158947737400187	0.120683075172506
0.782868494173796	0.826153737458341
0.368184351601355	0.300310911898579
0.57199754134232	0.434168137444889
1.06070684250463	0.819815033997896
1.1001062889993	1.09308167258118
0.461291125949352	0.288004779761999
0.0517004008604954	0.0325434295105014
0.87132531912838	0.868579980725721
0.562567536486562	0.536342253631928
0.660154739030211	0.688697541382134
0.248718545278266	0.221754409590101
-0.073294219315903	0.0357066536950011
1.00197872664751	0.49736600071763
0.0779666897881993	0.0269328568776476
0.151739002206461	0.0305590186742379
0.329647490264758	0.149900476153648
0.751783033783478	0.318668004794255
0.117360053032659	0.0630543629231886
0.75415061114213	0.33272994375613
0.833118042020488	0.445528196632185
1.20040358343794	0.834467766163821
0.665177211109683	0.434556962244349
1.50592840417108	0.79577269509704
0.615276677312293	0.282857017245327
-0.844634076982687	0.581079031918896
0.956911563772856	1.0461706520405
-0.502084947862232	0.438421773280993
1.19879576674176	1.00649552544622
0.669015975073123	0.443320967651993
0.723788685269657	0.695716349714466
0.777883658991808	0.935963483715746
0.0509391071939253	0.0408031242883943
0.648931534736188	0.653502497982549
0.520301839726085	0.422563304020376
0.278969527892902	0.161311172462208
1.20887976177002	0.983109825137029
-0.646999977348892	0.583419235921396
0.0334133977221061	0.0214202692528852
0.736292458316676	0.695960844649073
0.26722929455426	0.182263163044817
0.849641735003085	0.9605766336815
0.933451068689985	1.07064585866715
0.083489518232014	0.0614200308853819
0.455927341498745	0.420471202310221
0.815493289120915	0.576376632616933
0.603274803692771	0.726175718059175
0.804281320539991	0.701437619141482
1.19806131136744	0.84240621274349
0.283481617335131	0.179987699921103
0.965352149271754	0.765299233090379
1.60977343880372	1.46644475556871
0.432256123011579	0.299228657127456
0.150456988311914	0.106948258949571
0.109387477276989	0.0876203128580737
0.454304057032518	0.279580338198427
0.750917121010037	0.441828419721809
1.1958997262796	0.824447147721924
0.460895022151512	0.285830000942543
0.82090390701888	0.744793277037827
-0.704544353167346	0.480626177128593
1.56311953492129	1.10026503378841
1.64985209751915	1.90872595100142
1.20052731559478	1.16150866067139
0.461961044833391	0.296980794265307
0.13595821178157	0.0867726470028196
0.283841080266189	0.181151910647497
0.268779427463808	0.175031436056439
-0.721938126063343	0.57998996868224
-1.14975675537134	0.783185102749114
0.258350769998508	0.213588776256266
0.41507398571321	0.304964965521466
1.03744116470216	2.62841825525014
1.48063965116489	3.20873860182851
1.03095684929272	2.54911189442179
0.600235560807411	1.25575539895826
-0.00354971917566291	0.00283029046369116
0.338331809533272	0.320199541990287
0.178855780647619	0.155701332924272
0.820377751746359	0.855172228050605
0.0761551050368183	0.0519363809504165
0.151475827541191	0.22071989705989
0.413352850979157	0.295273630100601
1.02982786408831	0.625732605061176
0.371885397819047	0.149380744345061
0.113499450488946	0.107545040762381
0.57045098461228	0.417805234553547
0.121608599998871	0.066759593383101
0.839013460641224	0.458516039791108
0.504506167799611	0.287509794827881
0.460854912766527	0.167586294800877
0.0799583101026378	0.0302492843055471
0.284381459456364	0.173962973759979
0.127039158090461	0.073827952970924
0.13254501550277	0.0748392602543527
0.0615479731733274	0.0430716552320891
0.137105047028005	0.0341560549509494
0.836651334625274	0.459725622021526
-0.38687234605088	0.113957457619
0.997790623137332	0.506873236976531
0.465465381686127	0.174260018652835
0.6244098144478	0.298646442964005
0.112773993187874	0.0605623706900172
-0.300290795095895	0.277273919296555
0.658888028318935	0.66033012180187
0.159221100362841	0.113793163306813
0.666009400416498	0.448611196453509
0.112773993187874	0.0605623706900172
-0.621835460879642	0.866859877384383
0.0688627930085599	0.0625591578115743
0.753338501318463	0.318524311832428
-0.108480468447829	0.0504367738712185
-2.35093515134078	1.29470390368981
-0.355723633435351	0.169575715948803
-0.668222519647162	0.350872754794278
0.398173497982217	0.297900494144639
0.265055546033693	0.178076980635305
0.849232233251446	1.67197113823595
-0.108033916671994	0.129135179577068
-0.402901971115495	0.525607149515557
0.243140592939054	0.265765447469655
0.380274741751226	0.151650607923492
0.598149202755981	0.538595117768275
0.895892477885023	0.984444509656046
1.19797203215196	1.12772885256487
-0.444776911063155	0.258062656787144
-0.363055237624122	0.180130165034426
-0.10126553478057	0.0457649895982792
1.20243587468479	1.1887392304509
1.50523185385184	0.76960328507403
0.329858983537975	0.299158137477977
0.993336284177223	0.495937115399256
0.447278483880447	0.294145757986128
0.734190977527248	0.80366197075063
0.472384921426788	0.715124616922969
0.101636482560141	0.0798983179170421
-0.977284425394314	1.0762342151806
0.454304057032518	0.279580338198427
0.68871316545537	0.56626248646696
0.0717630411293883	0.050508371980399
0.408752451364685	0.295557305229631
-0.14855264672126	0.0904087343576756
-1.01069283295856	1.04107577978924
0.251670800729496	0.215854756822715
0.544745574123882	1.30912262401002
0.625192459565352	1.49891440240787
-0.0138271955449653	0.0176083108610132
0.226060625309878	0.403864418461241
0.509429073419799	0.843696993702681
0.292762659019308	0.377389871026972
0.784510826583075	1.52403830266808
0.108104941950961	0.101779803554097
0.752414493157141	1.16830005297619
0.209146902576887	0.224613675580371
-0.251345013171163	0.411128059665388
0.03251522169125	0.0481793475705243
0.688869949006364	0.546612800020762
-0.531165558378942	0.277521893986652
0.280239413346945	0.183179013745901
0.368263960925544	0.307415210494639
0.162860539933557	0.141258848547464
0.434811029644404	0.494948729240604
0.903375631178519	0.620723549429619
0.506983686915323	0.28730882889431
0.743702251853602	0.560030655883456
0.433503785471432	0.283222569166173
0.994492054634929	0.910535970033963
0.724501429375075	0.709639502363143
-1.0511026412197	1.21574241145577
-0.684649152662678	0.701767657025338
-0.0399096906057376	0.0196339606309252
0.934119453302454	0.259434889433519
0.759163817756831	0.324219882716138
-0.391911501912874	0.117579348986781
0.0793540152247352	0.0275109590294752
0.62816073065031	0.199117754874169
-0.444074170257707	0.269109620121301
0.2747359275658	0.183955459943061
0.310507311330166	0.1627448458185
-0.0162435215271353	0.00904466438990146
-0.149479724352812	0.107984129375813
0.0638321353138998	0.0524728356887407
0.174111715411471	0.151263433940909
-0.114631048246659	0.0524760147295382
2.21024489519009	1.63829018871034
0.375552205096749	0.154887241397544
0.63514364791608	0.818476281613001
-0.229651508444873	0.194992421395501
0.173514985499592	0.138312353585869
0.241274647238854	0.232415749708311
0.365435465059248	0.282064587686319
0.819330642131128	0.616153372367706
0.497131549395534	0.28162132572952
0.752025318691309	0.688318759037854
-1.08735827000239	0.880490407993579
0.67166087070459	0.445603727005801
0.46282050068435	0.295708853488068
0.624908855652447	0.431700534261112
-0.217523332234507	0.143197880999584
0.810450842852264	0.734416371179404
-1.13069714483851	1.07612779969548
-0.216304887431409	0.0842527587055829
0.335283047486943	0.300969359459802
1.34655887864585	1.05490924169371
-0.496563933984522	0.430364690122717
-0.0998030080453327	0.073893412175711
0.152117473937589	0.0976653557637089
1.19660692639115	0.995121329558772
0.913171664896092	0.860804877680027
0.86740564895057	0.708737089734667
0.627648709373208	0.306770937597158
0.00394246489699526	0.0022823430155924
-0.295997448377711	0.153258203179753
-0.141653553155933	0.0864703733859006
0.698451042393469	0.567962639821234
0.0220396605875623	0.0118772747438726
1.00554760687955	4.33164943153895
0.610595257499478	1.68683706480389
0.662796153198178	1.55305189354781
0.818608832763666	2.37759773004096
0.419739225006997	0.844686014154506
0.83100796774091	1.51776436759504
0.940751550351365	1.75304785033686
0.548886237448457	0.868911488482929
-0.0252427906512142	0.0204107892589511
1.05864965219825	1.69994813569871
0.456235082128597	0.50113402297041
-0.0979815919889032	0.140966097353572
0.0499411441908036	0.0832589513628412
0.938979488619992	1.28475701866708
0.59458931609483	0.552308807058381
0.91629182548379	0.61704535629704
0.307994342456559	0.163562277276565
-0.0174905142314727	0.00968487547524973
0.955866777711355	0.71388475542655
0.149145543627843	0.102340603957809
0.834811827872393	0.455255762151463
0.282625000192173	0.173990846578343
0.983598451532672	0.428924416111942
0.161566349056011	0.116231062254123
-0.0494941602946378	0.0328270649121953
0.338229226141959	0.367553203299572
0.370251444278905	0.399623420406564
0.381673674375375	0.501411379319254
0.609405818774023	0.418949326680042
0.550287171645517	0.295536108625749
0.376932685242404	0.155900786767803
1.40678794111435	0.854073443568947
0.547482578368232	0.294494542243722
0.2725415711758	0.178452471967976
1.42322756290204	0.479205258087904
0.751783033783478	0.318668004794255
2.06261237216263	0.944853430560434
2.75571284707686	0.834893809414133
-0.284113433725632	0.0952093668407896
-2.58029034443625	0.714028060247781
0.627270637170638	0.20187306156162
0.104228258880499	0.0319441294807729
1.26342255745963	0.561490394209629
0.105296148880279	0.0317460699126118
0.454681866702404	0.163671020678652
0.336077438721983	0.150769844122444
0.0948274255804774	0.06850487303748
0.0506803382499333	0.0332848659181371
0.278746499299915	0.178532246297135
0.33152300503339	0.1458017067055
0.0962779906025868	0.0454338824432827
-0.459729346375018	0.204530090075263
-0.165717747793643	0.0705379079167224
0.457638952640026	0.287304659463488
0.327919584025576	0.147664749615262
0.124281095164303	0.10247269720843
-0.464105965652583	0.510788680538767
0.721079284249694	0.953263164264133
0.00370397850686799	0.00218651500620967
0.104228258880499	0.0319441294807729
1.78400002166126	0.721622382894883
-0.390472835472116	0.116879089635184
0.130223962543708	0.0802600577382787
0.93459167753041	0.888558571013915
0.437198512137378	0.29332421340623
0.0826725923760366	0.031206431947822
-0.462718370212979	0.204890085079229
0.0792324412775599	0.0274840829284436
-0.155782825510301	0.0668846672946918
0.118960147345058	0.0641729332140965
-2.16798370126434	1.7360118849358
0.571673597682308	0.431536820462145
-0.297043521028116	0.100061325242159
-1.59446819363291	1.54567922015895
0.274770857862306	0.180426356700056
0.466589998843529	0.419664565955646
0.766226030160794	0.795783825741744
1.19599173440443	0.825992850131267
0.546633630235187	0.284866857044243
-0.0998321784231712	0.0611055130881675
-0.0782817318663026	0.038690030702544
-0.0772195870013106	0.0380371270766916
0.536824064574612	0.525047753586736
0.173007451487195	0.141109641688441
0.723556628510594	2.26553042415575
0.734803841743022	2.40036181047006
0.672331363194816	2.12264640025667
0.521317032996654	0.897629892000941
0.0753576589692271	0.0825467272573096
0.614357701297671	0.922003981444929
0.361657111894159	0.391807679794934
0.289710643570832	0.31740583897986
0.19767573163253	0.200252845974414
0.00138317336343457	0.00197730992167784
0.248771920766392	0.770645867970092
0.192916487611719	0.257010560269065
0.613489955263664	0.852715223995105
-0.0318685326205642	0.0211458763987645
0.166960956033024	0.120099809724236
1.49847981783829	1.26730573674381
0.547768478597252	0.284011199203157
-0.667443272088399	0.343718998039652
-0.111878094945189	0.0820680090443334
-0.0185270157440533	0.0102905943738388
-0.447434533034921	0.270871552153175
0.617233083838482	0.417295817429598
0.329507082020611	0.15270463796505
-0.454926293519387	0.481565893959448
-0.159681125964616	0.158291960549891
0.175849183799521	0.170284788592798
0.189581912411891	0.213769347688351
0.394675013648024	0.514438906328131
1.07509198653244	0.966051721861297
0.540510794875021	0.281970420902511
0.868369726267091	0.730793368168789
0.578131012264498	0.439792776582679
-0.319869780024964	0.204284496086535
-0.265489251897797	0.182132484927406
0.135746802005903	0.0337209783910702
0.627270637170638	0.20187306156162
1.78056674634186	0.714254895203112
1.97266332953	0.514407739913456
-0.392276218026138	0.114268470001949
0.931585733900525	0.247285453185001
0.325456164673199	0.142808323121393
0.621282456265337	0.198645955133022
0.13362918612265	0.0330958210853357
0.297436061353542	0.165840059093165
1.00442884654124	1.2064995462694
0.161245422961129	0.158826603360684
-0.585205700105418	0.375676412964956
0.321021585648689	0.157285012016563
0.74984246289549	0.326550597011606
-2.1672567652431	1.68365698597379
-0.3605512972724	0.176493818919201
0.274098201599267	0.178569634236139
0.528917774261586	0.635917551028425
0.284706050577939	0.29880681458585
0.311645682859188	0.321744279861713
0.256356184762256	0.195650348005864
0.73559223470997	0.451901892455741
0.995616952066008	0.476631122647045
-0.0194796892912568	0.010786033206231
-0.449413112393409	0.395823434820544
-0.11429457628305	0.0806772114241408
0.738446591974805	0.445489827982212
0.378315736836852	0.157995342139036
-0.471108456035779	0.20631240735201
0.627648709373208	0.306770937597158
-0.379103802516511	0.234615199231404
0.106155362772775	0.0503134822045688
0.258894330922008	0.22461724104181
-1.09337007517516	0.46227128383205
-1.3911229045284	0.896348376987346
-0.534426074051426	0.403450619927864
0.0925985183503662	0.07104967182914
0.130854203058181	0.114092736208899
0.164821436342029	0.134057457094484
0.771101204767883	0.840073464501161
0.464688531293774	0.414011676437965
0.541383464841875	0.402150544594406
0.149102822998428	0.0975036858639336
0.308978397960818	0.158961245862407
0.475073550818245	0.419321836238807
-0.183667647013536	0.128304266126747
1.50354306407407	1.2212831084129
-0.402454563826779	0.472220532873079
-0.27829485044965	0.249219288183521
0.275200646966141	0.162724571800414
0.0662888575252816	0.0547471741939636
0.562160033007587	0.543515199071076
0.621347447491367	2.48742097730627
0.355321231802786	1.05207989401491
0.788308858274819	2.48943782495498
0.43809120137646	1.03107182899341
0.219845963624154	0.414989301862274
0.306884159165186	0.539826759828921
0.0608048301979487	0.0813670387903906
0.191182719496474	0.324713045914324
0.504744128096345	0.795334732338602
0.382638717659325	0.567689447624764
-0.0729533557342116	0.047176355188227
0.512915295242261	0.428044004490227
0.103308957293177	0.0841770713475724
0.324168425266856	0.31486578089705
0.952861363223088	1.04321351974145
-0.248732686385625	0.245023004518769
-0.0621621478170432	0.048045247607379
-0.429973132251501	0.404899986947466
-0.731830337369433	0.788346375507029
-0.402618494723509	0.360458355289974
-0.0404272838247599	0.031847296791952
-0.117184288242289	0.095481200874898
-0.0926841030823468	0.0773515035751536
-0.573882969711948	0.616224801906811
0.393608124955558	0.412225696421683
0.562925721529358	0.541851550675769
-0.113527321996894	0.0926156851909374
0.176266329897132	0.1483463932723
0.259450768364724	0.197316270855344
0.0672559023661487	0.0469546675703069
-0.704256218508924	0.883515072532397
0.773905019717715	0.839003603727663
0.509905335955872	0.497534364625269
-0.466432673857247	0.365039675260636
0.11125367080452	0.0536263404016525
0.84239713705338	0.471915434291117
1.21425945071244	0.692587737931648
-0.533025260910922	0.287467091524195
1.03678872840802	0.645674653209754
0.857100962382493	0.413906578912262
0.0945327976346376	0.0401890997057394
0.515401346981721	0.277145767226723
0.110919261103846	0.0584240632316284
0.837512937832289	0.430749742148918
0.273719227771251	0.18754928962769
2.48148332081203	2.21478417749391
-0.620411050806447	0.46765918229289
0.619863425083992	0.545429088713753
0.804987445038673	0.715713811932568
0.188651276086919	0.139378130841719
0.257063413892746	0.204835155617854
0.0103010440311371	0.00580987908192653
0.110333487489851	0.0531519944364117
-2.00531453814428	2.52523031232398
0.264870262271713	0.207136054155777
0.516020085035533	0.425205283578268
0.269946125595439	0.175996573074054
0.544356629278135	0.425771866694745
0.664954302367383	0.659604759658552
0.737319955822442	0.813055129445343
0.960868763901917	1.2570930515253
0.452666039840454	0.276652733785513
1.14940797891141	1.50736810814593
0.448221953754845	0.397542138295642
0.471462104364954	0.285902380673074
-0.872997017986114	1.04495852335815
-0.057461597190155	0.0384156623474861
0.0564922407086047	0.0382064433411825
0.652959321508015	0.56862812970452
1.19302938922954	1.0179174083074
0.00348663596390876	0.00204469371637552
0.514057975173163	0.41425863182288
0.284037457044229	0.170935123531454
0.0223407879425351	0.0137549581459032
0.535791118764889	0.431631986555382
-0.150972962405088	0.0913267500687609
0.287988426684165	0.15513097409554
0.46718668733813	0.405641905470512
0.299904800471332	0.16553783445515
0.493061749465108	0.285857786287888
0.423059827423013	0.291422645533844
-0.465500055183894	0.203442152896326
1.38958383504426	0.840161634312669
0.694094081839948	0.578071512919232
0.373874920274105	0.310155098469504
0.135400333542066	0.0814105829504544
0.115974569325314	0.0650493858587402
0.372726004445871	0.152042943659536
0.57264305944424	0.418397420679312
0.872987422770403	0.724654213934712
0.523912799230391	2.06407926902597
0.888176242491129	4.31211491561752
0.568058574375836	1.4030663734682
0.283502126827005	0.502459997063473
0.367133815778967	0.711742039584186
0.631374504285053	1.2439708922591
0.117818138489646	0.143570455872887
0.300886290860692	0.303300863387126
0.169452527292016	0.125997659696313
0.162162580953231	0.113978144419575
0.0872441394868857	0.06790168793474
-2.31335624127435	2.83428968088784
0.594187766269325	0.538738439400188
-0.015811475375804	0.0085807614076454
0.450379112113998	0.417763597528969
-0.188099837342603	0.133746147256098
0.13007363161109	0.0783025488327843
0.0360163709372912	0.029253196492598
0.187760376869116	0.145998080806973
1.65328233547522	1.86863499859291
1.28938254654792	1.61845465025857
0.0900569594775934	0.0659940762754352
-0.0711296915830706	0.0628646152925997
0.108053075054705	0.0946697688764537
0.0170086243556015	0.0159619527217092
0.336123048104206	0.424974919446649
-0.0462657705788326	0.0433301440521491
0.215378418064491	0.227450141279776
0.643360586969722	1.04035850300023
0.273115651477876	0.330272958803972
0.54008551692558	0.79141588692234
0.26251706650603	0.219776496289878
-0.221027276950723	0.212910951286393
-0.352193329031151	0.272200787942078
1.06141386943443	1.32512497109931
1.20964764931883	0.681520227002706
-0.593185272371414	0.242934711492916
-0.776113129457213	0.277995185358117
0.0929663492841127	0.0412464833746394
-0.844831570757529	0.484825755226676
1.89467862693806	1.22258241684745
-2.12679099244437	1.03092075814283
2.29901581512149	1.14524108192559
0.62816073065031	0.199117754874169
0.627270637170638	0.20187306156162
0.375552205096749	0.154887241397544
0.0499560441731211	0.0338848664077735
0.511212553683919	0.424499002444823
0.438801742779562	0.296368002074111
0.709229972274605	0.851510584918627
-0.00773327312125571	0.00650097901901968
0.00707019193693021	0.00409891067557951
-0.186978665890339	0.107156706773948
-0.0515855678603732	0.0265490523718236
0.387904610246332	0.310756177498136
-0.328953240816594	0.242947191366443
2.03673156512523	2.46484625733977
0.682734356757424	0.691460579761052
0.489269508527442	0.273791375555281
1.03520035352079	1.18111615105897
-0.223795659157335	0.210135401560002
0.181715337151606	0.165000178478045
0.650324276078044	0.712156631911311
0.174789850392554	0.140160386043601
0.396445188983207	0.304209686701552
-0.174469609281747	0.100460162167711
-0.0546294743444437	0.0350417717826812
-0.270625172934543	0.198626019198609
0.611266567433776	0.421793255544126
0.110084807656233	0.0582087426370164
0.144120834523648	0.0935764055314821
-0.0711028944696979	0.0547405136131477
-0.455431303368006	0.2605739223063
0.0330925739941997	0.0206843423682784
0.606333874207422	0.660929869629656
-0.668485461853891	0.70870662390212
0.338263592900416	0.326405687087811
0.617942423594939	0.638507451865385
0.118770831237022	0.0628834432102082
0.264817352945457	0.188505784069151
0.557443481660048	0.381263310895919
1.56262012406373	1.05985160631918
0.931104116729041	0.895257029562585
0.112887427364853	0.0541014435432503
1.12669888032779	1.19786551869854
0.378874854685714	1.80460189514594
0.0303405540248985	0.0642669988912002
0.313018146394743	1.0614083342251
0.37601014514112	0.424261331455383
0.484842696223304	0.573406989532006
-0.431769707430057	0.481578248716378
0.17987946020348	0.156270013896005
0.0217924620300349	0.0163745957743652
0.428408651478233	0.41936816643301
0.120069435448918	0.109141786087292
0.045215093497955	0.0366456314645623
-0.0514261478239292	0.0398641576651577
0.0106492868081309	0.00765752136526668
-1.0186460358013	1.78776398904675
0.491999709740698	0.545996024051031
0.308227394617188	0.318733359311384
-0.440906324778579	0.450348204875395
0.159613816647605	0.114105168982058
0.0890226831659857	0.0694738699139527
0.652784189047784	0.671247948789038
0.169456740691065	0.144256601918852
-0.154355837444684	0.111817466175285
0.268851670553141	0.2120616024658
0.287613765986956	0.17352423960916
-0.590052721678399	0.244408072677239
0.504893712651118	0.290494819047355
0.0774988373967104	0.030330717677558
0.111753762874623	0.0532926540666386
0.3716242401291	0.153206848052892
0.331056080013989	0.145238115909511
0.373862945856293	0.152086936823742
1.33990081052694	0.908311916991008
-0.0441603534380123	0.0230246596056658
0.669548970906122	0.439963108266549
-0.838838521070866	0.466406281791969
0.538688561623012	0.434498025574074
-0.694715675031841	0.43246850511969
1.0790630904188	0.968669543411574
0.539941785171191	0.437899662522131
-0.816651516582808	0.706283752354668
-0.0673545478223305	0.0417078323119011
0.430118412336984	0.262983845520949
2.49331494197237	3.14974626491546
0.407489323530805	0.294627764145673
0.405889267704767	0.415005718126083
1.19643668865534	0.971968988537988
0.0815985515839446	0.0306620575931828
0.37857094498173	0.154302968807591
-0.0254440217735465	0.0134143562626393
-1.04689346787948	0.569889133741175
-0.0468869211252593	0.0242924374390846
0.156495177036778	0.110718624504083
-0.132559791332042	0.095376597558472
-0.114393464824202	0.0722791060004739
0.0418126888267707	0.0268200442964864
0.88218296802602	0.772384919987048
0.144639586464901	0.0927202408678097
0.282852982975479	0.172769552572855
-0.0147323466004628	0.00823128883415771
0.0999329930677394	0.0421097798577056
1.18611539648512	0.766216241683009
1.56777985320759	1.07777691885893
-0.361439983095566	0.325712158814522
0.274176207530212	0.203872262137923
0.756938577497406	0.317806962929199
0.669184308668224	0.449106227787501
0.553046883232793	0.274790404750248
0.106466321058559	0.0325705409458002
0.157205444439455	0.0315258361215739
0.0969180619464454	0.0411023623006154
0.464360462059486	0.170348743224255
1.20956860557137	1.12544425625991
0.275782304528387	0.180062568834253
0.416126064546226	0.301438588813405
0.332492900988721	0.152507922668847
0.158611015826195	0.118486993083549
0.347961068507349	1.56876548858727
0.320353332865755	1.25196438348993
-0.144758612778902	0.173893383580439
-0.136033282587286	0.122499692574551
0.772223054434712	1.0828339852682
-0.0846605606880554	0.072604681740814
0.469155097545478	0.423209542752331
0.179890115901503	0.154404029779743
0.338714490056308	0.302731101148017
0.437148832106031	0.410583564224459
0.544622243604915	0.544588824987592
0.99251615581073	1.33310872481922
0.655122090703428	0.580010618830528
-0.204483373478897	0.157056936847179
-0.255442818323135	0.223035763153982
0.751251585996029	0.909691923200852
0.0169615729951733	0.0123354244513142
-0.575550758470959	0.685897311915881
-0.810049701115503	1.06067215393502
-0.448077306148078	0.433155343657205
0.982431464950268	1.38235644648423
0.453114125040339	0.414745759974386
-1.77759827538026	1.92618319752028
-0.522063855146239	0.477062763237762
0.544766777983599	0.27605304969632
-0.70496653326664	0.427000598495149
0.104580692667844	0.0516180725882315
0.375248622609592	0.155544577577489
0.313926267131252	0.155236861827332
0.743592346158221	0.311707801027981
0.285062504156757	0.171563526039364
0.549925046407139	0.294673712239491
0.668703319936756	0.443527968748281
0.103994532740528	0.0493459765579848
0.509784326576899	0.427102103311456
1.08539754520322	0.97086040468835
1.198172958465	1.27806783521576
0.0208945207839172	0.0112541297592331
0.141883270175673	0.0942188129026861
-0.0120896099367529	0.00677136139103878
-0.0875570833283787	0.0562146904927005
0.13761003051849	0.0898386167550367
0.267699474002066	0.159872333004594
1.28924748439616	1.46570024788563
0.507211316070697	0.529402723695487
-0.413397836583123	0.334385830602547
0.765281162236602	0.715846748736399
0.650833906994841	0.561905165362379
0.755809045449141	0.301344022673483
-0.389216380627225	0.119015445231895
0.108459733640691	0.0505326046049058
-0.723205894627308	0.502322719954262
0.118140788663995	0.0633425385220435
-0.310440636240725	0.203858173828887
-0.252094041842664	0.164727227436779
-0.152877800356464	0.0919930355467056
0.610973285424004	0.42343016386851
-0.073294219315903	0.0357066536950011
-0.221906487600656	0.0796802785021779
1.075747013373	0.930797192652957
-0.691817146514183	0.425981360706369
-1.35534208879452	0.647007367543941
-0.428471458139899	0.296424123025961
0.333682150866951	0.154917085317099
0.137105047028005	0.0341560549509494
0.907597902078076	0.613790768813801
0.500023063115486	0.294536775951651
0.14009307415792	0.0918211350903444
0.822909584000093	0.596116661788518
0.152940753151051	0.103524543723369
0.51409778115751	0.429918550014425
1.89439961798641	1.20090438685545
1.42628765504385	0.469700478767455
2.07166983569104	1.46040677052156
0.102312934927208	0.0296618233199376
1.56182740028333	1.1003808197157
-0.460866735492182	0.210320473730568
-1.09856413690412	0.462372711198344
0.909622786882245	0.622254282636088
0.0851819051673344	0.0296652672214374
0.380015350224025	0.153305357422704
0.30424564605902	0.996973153134837
0.579419703220035	2.46226930415716
0.222684864376305	0.260162941184893
0.0448361670407443	0.0401102111713883
0.761872037123031	0.707290289918083
0.10297529172159	0.0877291061794465
0.653469303333946	0.558043636261396
0.404133247000094	0.302194916533713
0.441489142966099	0.420094441315317
0.985159375689712	1.13575784120912
1.32221009118673	1.23696167559986
0.5534090280618	0.293188798766209
0.141634545055783	0.09483497582947
1.13904763585681	1.8732575089796
0.506612141866475	0.524309342119077
0.102800596566762	0.0817857834667826
1.68685719228345	2.48837668901207
0.146953893392693	0.146069633151749
0.892989970327219	1.09740125947036
0.636060725868905	0.648930007959904
1.03722349714122	1.18440925457761
-0.312147793287111	0.20810214419853
-0.897392915953996	0.899487480733848
-0.161151091426411	0.0696786937937549
0.0955428175678784	0.0287307651449902
0.374434130459755	0.155582401617828
0.0797533503770951	0.0278103540498117
0.137105047028005	0.0341560549509494
0.66707681855934	0.445756249302221
0.456196356933844	0.285923467735746
0.35386456938607	0.320714317009501
0.17893651914991	0.159681146295376
0.0858942543306099	0.0374800487500367
0.266391588625535	0.166669313346603
0.734867603475427	0.436529821864851
0.277776085659692	0.183248330340256
0.263734531421303	0.199256668105048
0.260131241382163	0.212877456786189
0.291550130588552	0.16481699831602
0.0967615275586002	0.0797365514611449
0.683406148618975	0.844042927414206
0.489299767095881	0.404466249708096
0.574350859602345	0.435861301852283
0.269488657833394	0.194941337371236
0.35724294279856	0.304781133706837
0.729198813247105	0.874432849172388
0.415188829407718	0.297065245509511
-0.181554078244363	0.108258609831653
-0.177841340431133	0.100375064753898
-0.141151315075915	0.0862107857871792
-0.148778068498962	0.134907003512441
1.19247653426922	0.812943164700958
-0.838750586825898	0.593526190533136
0.159615632344084	0.106378943030201
-0.498065785894001	0.331131388930991
0.330911238055083	0.276782897276608
-0.182687326885172	0.128468568645442
0.522178272580315	0.428570543474442
0.278496064716931	0.165228800851991
0.01581254766202	0.00873906256208057
-0.0837924987490991	0.0545811625612433
0.999589338449361	0.913337352839807
0.338251720433474	0.153727063574259
-0.453317677091528	0.334294036177835
-0.269555264913285	0.178338223445496
0.301827536369642	0.146328142298973
0.866488373102247	0.86488690563537
-0.103244396964827	0.0728677403468858
0.415398690576354	0.304495762323978
0.752490650730316	0.328528115687303
0.608669482429908	0.417833688552787
1.56271694162241	1.12016202946392
0.0799005539293078	0.0308335464481001
0.566243969438324	0.426735269955326
0.551419481314169	0.29712546877219
-1.00256519659881	0.642251815508282
0.275535950249708	0.15807376028048
0.295547014778064	0.171727053732558
0.2765208110244	0.18401745537133
-0.254645899714779	0.169179762037013
0.00994477504137839	0.00711515618347292
0.305805447901755	0.318255685465526
-0.10748362914386	0.0676766258448375
-0.00432911273009904	0.00366151116628406
-0.11135398729977	0.104359592138628
-0.0350862745352028	0.0279966996401586
-0.459906654000766	0.692074765932376
0.592526516174184	1.04798052099458
0.491672553778948	0.522107064361384
-0.390172116860203	0.399821229593654
1.56424076686049	1.12829915637605
0.461685481942049	0.162667445751292
0.463069868571612	0.172876337095916
0.997228613860183	0.469399134097258
-0.154606213204982	0.0658895182215375
1.26983312772315	0.54381227151242
0.545258219142222	0.537225675837721
0.149102438855146	0.105601992881525
0.0132072587243457	0.00735839666683969
0.102676717416629	0.100971331396259
0.259956397093867	0.20912832608042
0.488357497702824	0.424707056736743
0.117891486662749	0.108760281229663
0.622296667219348	0.726564421162652
0.0931971228939731	0.0734976006831329
0.276552183351204	0.337647743321915
0.229231536112046	0.268970498371915
-0.13604796053399	0.12092288898363
1.04810007612429	1.66885822121018
0.955644527696702	0.749230688917775
-0.0411433808351232	0.0220070377809679
0.570112445875893	0.551236169952405
0.0240921806695517	0.0146773737465194
0.681084119105978	0.679963592213133
0.0397140004838521	0.0368624957914674
0.179403237474058	0.201581291541128
0.0679624302468105	0.0612029629053929
-0.864126350432726	1.01004764597858
0.554181297122174	0.553176941781302
0.412177093837261	0.399668735464917
0.336462295166941	0.31267598161951
0.907442811724547	1.08997959590021
0.283083755950497	0.169491041909787
-0.014013493645608	0.00788027623668079
-0.11206239477468	0.0497927532080275
-0.845596100120376	0.488689738634486
-0.0135466609934052	0.00926211378344202
-0.630559457689493	0.711495870686929
0.262661368246197	0.195040000720582
0.394765375655686	0.463435671715204
0.27247616798672	0.21321664660917
0.278134921871637	0.212191607922943
0.690863269687254	0.571519558389382
1.41574761291587	1.56710123117967
0.179615424459654	0.143137080318406
-0.373383107249136	0.227261347325089
0.289654262734567	0.156740419703102
-0.111595310267294	0.069998347669922
0.747388983982764	0.440464677658173
0.535292574462607	0.421695517837386
0.50225391530585	0.78233912292618
0.607658255231848	0.953156798540034
0.102984314409578	0.0995713157289116
-0.476821192767087	0.553301453566287
0.473319447372674	0.576177048076206
-0.267085376038151	0.242827680293947
0.403527955223349	0.498833961404533
0.713106023395782	0.790233874995935
0.697424838114371	0.758017502632769
-0.186721523716667	0.160357047583021
-0.317405035266862	0.233946675450766
-0.294863629294012	0.154071705292746
0.513752576508206	0.429476911782103
0.266813972761286	0.210804613172804
0.376287863499831	0.290354904307247
0.273582921499399	0.183327027876148
0.244216385535863	0.206050987994556
0.454398891197843	0.379089301324362
0.265599403641278	0.209213910893542
-0.256822346635595	0.171202112321997
0.619927024902292	0.648214400417315
0.668117225634825	0.446962801020678
0.752741599786876	0.318509220243848
-0.289003215206477	0.100328574963044
0.753744451693955	0.331923496071961
2.50469158571776	1.39935321648099
0.0820177333092909	0.0562440327107891
0.0670768510742876	0.0472397134157676
0.514621227307814	0.422226298382051
0.145096750909414	0.0988716046452552
-0.364954484353511	0.325404111848188
0.617734778175025	0.564251434890683
0.0313656474984632	0.0201062132676186
0.0812455873316848	0.059797541970386
1.07670447562155	0.891716247659875
-0.468991495891402	0.201856111617659
0.0828591626161948	0.0313250701114785
0.0860620172873412	0.0287876949484752
-1.87430891326665	0.807997870998442
-1.35421650084882	0.623171803893302
0.620961365645458	0.284127449256184
0.0967065039296332	0.0296609893650379
0.0840585803338891	0.0287649774393741
0.448323241515557	0.408046821519591
0.0940051321568209	0.0745709313979467
0.263734965291533	0.223059211272397
0.164697747341251	0.154407119101158
0.339763754243376	0.279835427220504
0.845961304818108	1.06849884992144
-1.08700362621461	1.38581275059478
-0.508054487060007	0.348811437281198
0.389106858759907	0.305597437037052
-2.17138461090277	1.69783705160874
0.378879653767767	0.153093217450726
0.835484039274961	0.457101542756882
-0.224133365736202	0.0852415048002229
-0.283554504638585	0.0989113001367016
-0.846061405375846	0.491043828697371
0.627648709373208	0.306770937597158
-0.168717059389865	0.069427867342986
1.26444349260734	0.578135234411907
-0.218252370417828	0.0848483208395658
0.62191577670558	0.301862011357239
0.136714178090617	0.0890306765691515
0.154100943198357	0.220876513558014
0.0701497092039977	0.0913012156969356
0.369732614337353	0.680479004332497
1.06035600553206	2.11485092778966
-0.109637864135355	0.101058999958751
-0.0349335271091517	0.0334472429704947
0.296076556810408	0.385118080147437
0.437321880847617	0.547091626892866
0.218563488025993	0.227748343113605
-0.109326853148599	0.0685041821798034
-0.151656416015309	0.122270849674376
-0.433821391026857	0.307466617070582
0.15092365829589	0.0978654615311325
1.20569124853118	0.99709279350732
0.598359513329877	0.549047949329556
-0.155301942135815	0.12435273617015
0.520000480027395	0.520085580676054
0.70903412200899	0.851415676728409
0.246501387839548	0.192957043864398
0.543572336663617	0.423132196458669
-0.334096003719427	0.317744871667766
0.353836891156179	0.385010594355471
0.108467499533429	0.0927829816308364
0.358013955711455	0.313103545201668
1.3976855949006	0.913229219308446
0.987265919919462	0.382002213719781
0.427319249771594	0.258823353336784
0.345035486645852	0.293118854284995
-0.012093871624077	0.00999623123818923
0.254255162452127	0.204767145015284
0.0345986956718077	0.0223174819371582
0.155143826000771	0.111634765206705
0.272382554898833	0.200026714577571
0.158262386907225	0.117571416614533
0.872258776996906	0.987518915889633
1.51292478732005	0.741599213358194
0.282516754651812	0.178036869343029
0.27796540711297	0.178484969336082
1.26611791138628	0.564329826265175
-0.290669797870961	0.0945744440599321
0.383287293380957	0.148290241656794
-0.776113129457213	0.277995185358117
1.71315572759649	1.30243440672896
0.37637762598377	0.155634201329785
2.05965953667011	0.935940076691218
0.982685861749079	0.37889071089191
0.590890187067164	0.782892125413469
-0.0320186671557421	0.0216702864150412
0.158948005627304	0.117479582985519
0.0342703703862789	0.0278262400781757
-1.46847898390462	1.62164283993986
1.40998334905313	1.50862403524623
0.0873229040065866	0.0333511597568552
1.51441436032425	0.723879206291969
0.0886947990735894	0.0377730221187044
1.26961635106763	0.569006603532947
0.625463333434075	0.205616970479736
0.0832661240738044	0.0287751367657779
1.39765239358073	0.906181837696579
0.988428981751547	0.373046172195889
0.0979468210350114	0.0421176517757468
1.50021139248895	0.737085059008914
0.920238358616448	0.598027465169175
-0.0340005285388401	0.0226433073279692
-0.0835390452264229	0.0537758590387008
0.0475070048975369	0.0877380677608396
0.0598063701466705	0.0963707721379827
-0.0850145894829114	0.109588956438259
0.294573046514454	0.463267697498872
0.0432827568458094	0.0528526253280185
0.444232401692515	0.648504179161307
-0.0159292116227868	0.0164233726135348
0.431065202310863	0.661673055985796
0.217708149226501	0.230244724856542
0.197454321429002	0.222836761352851
0.577616357322197	0.92761302034909
-0.0470781498041771	0.0357663500957811
-0.119034151881795	0.128300182538328
-0.115199154445181	0.127456339392139
-0.0860484231830733	0.0844239733970236
0.557003755440094	0.68809610265076
0.217782491359756	0.227447270831222
0.98534029804484	1.32745289791731
0.459451471844203	0.427831934170286
-0.0963772758831933	0.0569710056032862
0.927133581822221	0.885511588842742
0.623347961896809	0.561881681218157
-0.0585474053192941	0.0388923548492101
0.395572514904486	0.409009147691217
-0.109067431907957	0.0681052491606228
0.152298183578235	0.106990306833783
0.126027401192631	0.0757482165968662
0.187613021001357	0.137247399056819
0.170233389828256	0.156615468587462
0.502310845331997	0.282779450942869
-0.512532784536864	0.593616714877353
0.0442219467540643	0.0264793986795406
0.448829038440091	0.412988106527868
0.240631741470391	0.221138252615544
0.313011040448119	0.155301518402975
0.674015935183916	0.440239815519613
0.0707449475046422	0.0500968290203233
0.346722711794787	0.322841647346821
-0.305707376445111	0.196398523478645
0.677600563980665	0.675515528726197
-0.176880726598319	0.169688968449606
0.362228842967488	0.290174388547659
-0.262088997969233	0.265907845012394
0.255586336508105	0.218170620234105
0.265511754946429	0.212003023576534
0.264519639500187	0.226642590472076
1.61885051399239	1.50542619136984
0.671316673910879	0.434342927994566
0.00415726505093241	0.00244146446295428
-0.321279477233656	0.235988576221057
0.164608964760437	0.127338197819982
0.855849635838572	0.981053878024633
1.18697080988964	0.773780585152648
0.0820048602144238	0.0283833400215427
0.103627257682195	0.0306301827891827
-0.218252370417828	0.0848483208395658
-1.00243304352512	0.654442377383179
1.25664810901895	0.539503926870304
-1.17368485580687	0.361820747350143
0.462528298168978	0.164473276431771
0.0960832052596173	0.0755071163031965
-0.0776100456023419	0.0675233995918484
0.460720150722761	0.297733229378102
-0.923984605071065	0.854061201239862
0.461397746740608	0.171369029815336
0.0860620172873412	0.0287876949484752
-1.16463850876047	0.366440180406232
0.381946526012656	0.158440404544565
1.00342862796441	0.461487601921092
0.338251720433474	0.153727063574259
0.11612393243524	0.060065216153124
0.00405109799122563	0.00239107393151142
0.382296642877972	0.311119632083906
0.56023759504065	0.504406108938856
0.760677489799618	0.316951001954343
-0.00211757897978496	0.00323382083223807
0.0155434774614673	0.0214492120766153
0.487262436411704	0.815035129474146
0.374818394842248	0.599691423361661
0.905592772275513	2.01242069644501
0.101216360156626	0.111031580225917
0.466182214114924	0.737937162999545
0.620809689558136	1.03248752419467
0.190517882684935	0.23860253474136
0.380621611536542	0.46249635998275
0.316522168636443	0.312385310322893
0.392964743219351	0.548866058911535
-0.494224858757266	0.780189628946197
-0.447339398361608	0.484360031112833
-0.181321034251964	0.192370408595819
-0.102134014878928	0.0942201062895623
-0.0772331652281	0.0650274710170194
0.217086735558553	0.222557459516643
-0.00273742292619441	0.0023536642183943
0.339677035132841	0.39269739681615
0.0546928855034265	0.0454209274403827
0.620039240703886	0.912211735704422
-0.0390623921143687	0.025971069099089
-0.834814174679665	0.576435308148475
0.588730192122992	0.525582145370601
-0.0397382640148732	0.0209142972913313
0.338251720433474	0.153727063574259
0.14009307415792	0.0918211350903444
0.0671154318508475	0.0442080346241203
0.263692411862116	0.219461384233885
-0.503418776845981	0.446489093865439
-0.120875783238341	0.0884686897134788
0.0603853515393858	0.0410168567028708
0.486333118759992	0.513455558676072
0.655401007092641	0.685752045690063
1.08487890397419	1.48244250222006
0.579377327375646	0.519691333016861
-0.855165599603414	1.14118657229442
0.455777087211135	0.416903831092964
0.981723543014285	1.17344448374784
0.563873779479598	0.406993079581112
0.587926531403222	0.549510450606761
0.621621790026386	0.738637198766466
-0.480711742796081	0.371045395688593
0.266029467016929	0.20939003412984
0.507865046370102	0.517118628379236
-0.280755899451911	0.217007716349806
0.0798631618573286	0.0597268567579586
0.110008498522102	0.0907424153625615
-0.722221718364482	0.66566953274198
0.475536560478462	0.407455751354379
-0.191871252623534	0.132945851134326
0.44245510713697	0.409903191240716
-0.511938335910888	0.448587663929279
-0.154355837444684	0.111817466175285
0.148424620287562	0.0950911005055086
0.134061244209279	0.0810326444951822
0.162869720540442	0.119385054088996
0.279940208786372	0.182778471247888
0.392729313853534	0.300064212626874
0.405445621396139	0.28612938009829
0.102269760803736	0.0501391436449064
0.0921011081634477	0.0400686681815319
-0.288431937318372	0.148576783086044
0.0991717901332354	0.0427741634720457
0.740658291563818	0.45492322671815
0.898481269180637	0.510230400917164
0.134223187625013	0.0813682419301513
0.103255547790091	0.0905281669039019
-0.183531779231696	0.107477196001673
-0.688503168748939	0.775737953931209
0.0892372984227195	0.0378384790226152
-0.492721114938783	0.336621756970014
-0.294063773028026	0.150855150401738
0.0875104218814901	0.0328212717101026
-0.218800383249056	0.0856518567102529
0.0742134378578095	0.0257965205330274
0.996404125406729	0.503473037000329
-0.153567964891929	0.0641110657081929
-0.83619734863027	0.396258215966489
0.329493522701403	0.152493282982456
0.462129291530653	0.167051134176967
-0.115284232557905	0.0528317341216806
0.881503355351675	0.756646788168689
0.337805006017349	0.323447724724219
0.407740645868404	0.295135189862861
0.646116302362867	0.645020014719752
0.258759593838311	0.19195977882501
0.37637762598377	0.155634201329785
0.835484039274961	0.457101542756882
0.431597896164665	1.215055936874
0.304905995836204	0.713760481130042
0.238492298846398	0.378027900450674
0.529321728547598	1.03645568993811
0.315382409548957	0.564211734478793
0.372481674636433	0.620058466695662
0.014608963505448	0.0146182242934665
-0.386540527147829	0.549055859598948
0.193955760167959	0.213291537771487
0.636827741518505	0.971541372144735
0.416740982564764	0.494421945327223
0.259056333094688	0.304914666932065
0.28969378366818	0.391711250251309
-0.332831358823166	0.456364427619681
0.101970832409652	0.098300856007097
0.457538055452088	0.710880976094892
-0.799355212089227	1.50383367060541
-0.0319760659168368	0.0303147996938841
0.153045892612326	0.160138499937674
-0.0934343074092602	0.103311144861805
0.170169381776873	0.170249977709457
-0.238350515468073	0.206799274856257
-0.21595614590025	0.147205674766206
0.419661846134535	0.296448267089204
-0.0741358633170278	0.0470254835177434
1.48132981866725	1.66449858255485
0.0705197319917545	0.0504786098488055
0.641781711877299	0.523916027254261
0.12960360195901	0.0735577016733652
0.476171813549124	0.417506073314622
0.0727066766441569	0.0497993434096287
0.371741893554822	0.296644844494393
-0.372402450943461	0.229129805502875
0.39933974323636	0.402029730526007
-0.0965234305398031	0.0710222410581312
0.0753254131584186	0.0552637804872333
0.395694887091323	0.414085612346115
0.342615551102453	0.321538713304405
0.598816887664344	0.694299760603462
0.244617337552557	0.232572226614732
0.476288300552149	0.506301638487218
0.269170954462698	0.225118924106778
0.254135191919162	0.211896373911116
0.662948427741021	0.562825233240996
0.26305364776663	0.22206600357814
0.160063066022069	0.11267090985079
0.992348011844647	1.39669316274994
0.344422616043082	0.321046289217271
-0.231737884047421	0.19616717766712
-0.502541219255458	0.506554571304449
-0.0849724110303601	0.063613214574307
0.346522797500024	0.299320775455333
0.0170345778359024	0.0121266637487667
-0.0842585615730037	0.0633235420803675
0.579415754479815	0.552123022476657
-0.548534792850181	0.419535094180483
-0.367162502708102	0.322697710956623
0.154239802875541	0.109080398556333
-0.284413189903709	0.213606803034808
-0.655644249270871	0.645521518458365
-0.285818398211916	0.142303386364982
0.777490262230825	1.01472436602298
-0.235672541338138	0.179983237177127
-0.0317981630253536	0.0252681425629226
-0.256405434151092	0.213743661994627
-0.013929634732499	0.00926128949242264
0.277246877079563	0.187752228582439
0.269491100466787	0.169198720575646
0.691484025496009	0.575828987952541
0.115445575372472	0.0607501074508573
0.43848704779957	0.299637675792605
-1.27097009741473	0.9988721737836
-1.6505120493996	1.3019861888274
-0.969486656086177	0.714761226795967
0.465398122997222	0.287839731122917
1.39663089586551	0.873720536735916
0.651670542739605	0.742904459422098
0.491976300801722	0.520215338787241
-0.0127274493158881	0.0102334521013735
-0.541765721066478	0.417523393404119
0.267127716777019	0.188991365323605
-0.231014537333581	0.126185598252592
0.307876794059088	0.159451751755365
1.56383194330367	1.07478921373479
1.02588619562456	0.647441714319122
-0.0784726744920704	0.0382787566240671
-0.0960359076981665	0.0404842445209247
0.0930528751564039	0.0387587958193455
0.33252664704437	0.150203117466066
-1.49450022173103	1.38527664889942
0.285282652220034	0.171785356960023
0.380207594154141	0.392973956973638
-0.413788046182797	0.335875394726576
-0.2392195487768	0.181794737724523
0.0477582081380893	0.0302237225631007
0.268916068711519	0.184205111193128
0.101660321466898	0.046304781103132
0.0835289363343475	0.0288207649669139
0.839383430021308	0.457945430128997
0.0280672293829333	0.0491571769513924
0.294739378585052	0.685047107868381
-0.0960060192148743	0.130407605326556
0.371160276254217	0.612550979053252
0.456195686198242	0.920124964249689
0.240511173055249	0.330160804637414
0.0479455207118309	0.0551557312299381
0.520507251416497	0.843182378010131
0.632493607948702	0.994691548217168
0.766244207591176	1.19301640831711
0.567094234277634	0.852121183449103
0.237873875212693	0.335055455920593
0.0808118981978448	0.095606943525714
0.72266460557801	1.09311485754207
-0.375467421450727	0.455102478897711
-0.340063019026025	0.499812552569118
0.212734201564689	0.249263917207111
-0.0754909722961187	0.0740541311021966
-0.0546086900701557	0.0399651529925405
0.116698791671003	0.093309559031543
0.249063987775537	0.176965350677994
0.337564549068057	0.321766790950616
-0.156368897289817	0.113569287894409
0.873413504722014	0.727443697924284
0.786754717008334	0.948263630720771
0.286001136748632	0.218136716061263
0.265396136676424	0.217561164451481
-0.0601908429068138	0.0404391956272634
0.666592356287955	0.566664710400612
1.06589169295305	1.20372891266394
-0.0945947498112659	0.077260694956867
-0.648560962080513	0.581301746402513
-0.0483202637347638	0.0324690282246349
-0.212105912887711	0.139510153474261
0.538108503574161	0.520723532820776
-0.733109525094151	0.653525346816264
-1.36785993539011	1.90966509247868
0.348387731377412	0.302683246353727
1.10669241176977	1.60758250417459
0.589404090055865	0.781824747709878
0.465632157978494	0.405343611664945
0.481541054104578	0.576060631772134
0.370593300674314	0.302208369579775
0.807554882814714	0.694045904659247
0.0435685376940155	0.0290421257956992
0.628443864479203	0.646499686927939
0.416550909749283	0.385448140012695
0.39509461304495	0.385171205733867
0.976890923980234	0.370346822829993
0.249635024753912	0.228337015970623
0.155284705696554	0.104809944787783
-0.936235508576973	1.10655566121399
0.0433182858331805	0.0349491880489431
0.343709190757269	0.327198585253478
-1.18115411472451	0.9612578430326
0.26171697170316	0.196164892065464
0.665677460991665	0.42283756441162
1.05947441216116	0.818255942914229
0.511838950961735	0.426228354898558
0.469940986999394	0.419961417262148
-0.079607201442356	0.0508715503503767
-0.438987284299156	0.39910697504933
0.0907248909083851	0.0650381460031653
-0.252498367097753	0.191647526665393
0.0316974835403075	0.0189772176637692
-0.110800449040571	0.0521248838789967
0.456997765045641	0.28878233143458
-0.842092482588292	0.489468029711859
0.0867009668262325	0.02954368232303
0.627604218608779	0.206681567866676
-0.842334741942421	0.4050383296159
2.06261237216263	0.944853430560434
1.26851910572091	0.573547734281876
-0.152389947966579	0.063514348073361
-0.387621117252903	0.11256330131112
0.760677489799618	0.316951001954343
0.433538129542589	0.397008282025836
0.260489108621752	0.186967181403999
1.38044011513477	2.22477587678016
-0.545888013612703	0.553026861757258
-0.734411085394473	0.727075377337473
0.0416687722259692	0.0322302712693483
0.0855470911278606	0.0364954861702753
3.13492369647433	2.51195546797794
0.464901668325985	0.172681502759963
-1.16424350855308	0.360841733317147
0.928250860984743	0.252367083560708
-0.833678925582485	0.378733039703199
-1.55599292368971	0.57972200926779
-1.0455579951639	0.560957115681622
0.171261155555611	0.137974670715092
-0.595802434542431	0.546188163249081
-0.649951295532599	0.601750313262414
0.485243962764736	0.418814299318121
-0.113208002307741	0.0519607964594316
0.619713851501106	0.199126209354249
1.20425477551513	0.678341217002318
0.735097234321023	0.423104447519901
0.626287086820517	0.741222402167237
0.466737566155375	0.51378966411619
1.21143673843142	1.3182520106314
0.373313696706451	0.154595118914839
0.237493708024882	0.666285330654753
0.683457154140758	1.45309265896347
0.144778427887057	0.180344984183198
0.606124995598906	1.28773901502842
0.337987463543242	0.525158555247773
0.22437365652501	0.270020192797757
0.847210015712459	1.3713140833115
0.0177027076781826	0.0193252503372217
0.355323263590305	0.512983460406211
0.378572090918071	0.476700928760688
0.169006855672985	0.167277085656479
0.529000778511393	0.887838830320404
0.104619095075184	0.0931283181153577
0.0918259423623973	0.0881103388506904
-0.0403009992841585	0.0410123796014951
0.370859193464994	0.288211111596321
0.449131972867908	0.409021328279191
0.653386646972769	0.763404873307137
0.621079030339548	0.552813878252005
0.53704338971948	0.433582190591182
1.08404816800757	1.45111548810486
0.490481717955238	0.412684069592312
-0.509255426588365	0.488884747609518
0.363020516645354	0.308996698540518
-0.803337638950744	0.944974452741874
-0.0162506533537354	0.0109829978908195
0.77237875855508	0.835451986045982
0.491484613753237	0.518068980751257
0.35269799338118	0.315437001361535
-0.164003193080262	0.133206702552103
-0.325440110745421	0.242502643766419
0.161701997784986	0.120802648905371
-0.00615128687610114	0.00426846371459844
0.934723804307656	1.12614002003673
0.907771169763822	0.990371968421542
-0.41005354935258	0.367804859304953
-0.0402342149186201	0.0259868892181147
0.658559112837016	0.895293364714129
0.410037970308796	0.417753209216078
0.657252884532008	0.634102340980207
-0.997845658383854	1.00458376977951
1.34485377493534	2.10139626768068
1.20123507352171	0.971829140417329
-0.459878296102971	0.453866918835872
1.09159261923904	1.57787437412714
0.622168049171874	0.742289146008164
0.296012323780126	0.304885232663568
0.344541425033315	0.303519139797853
0.177701580842045	0.158136687213288
0.6107738850274	0.666566734542441
0.624902548666279	0.193317041380957
1.7221678988437	0.958561605636971
0.959468134469942	0.74687453820397
0.391262906010416	0.286482205147593
0.0017439832354337	0.00133307424493954
-0.424518537518647	0.307732719996285
0.272314900381756	0.23958821373972
-0.0912032426263533	0.0779190648141238
0.26530599145722	0.20927202726409
-0.127319899814302	0.0914893902685161
0.915085707167766	0.901389424863781
-1.08055642893794	0.879376343257153
0.531526210412928	0.42185042424372
0.515552237332597	0.434074949626927
0.590075063586065	0.533325973791751
-0.220551500605676	0.155019811360097
0.162573790434185	0.125291291982679
-0.0392276248505857	0.0260870489946219
-0.313264543342366	0.232221117264044
-0.155782825510301	0.0668846672946918
0.0757354393351151	0.026361292801961
-0.385272828569602	0.115675713537293
-1.74306795962817	1.02760860487644
0.128448265424161	0.0323915516366303
0.0786236895761381	0.0268637158158156
1.42497049448482	0.484627447675102
2.05965953667011	0.935940076691218
3.25540938242532	1.13111220662095
0.30909342179235	0.160343798317988
-0.283373369385784	0.0962028074971388
0.125586634919705	0.0695714748115103
0.40840110531307	0.411330577677126
-0.0518365925713987	0.0394560252075613
-0.224604257693079	0.192250152847326
-0.0778311564644933	0.0682827043578437
0.819450941645125	0.917997039967202
0.00521871745424338	0.00295949239366309
-0.149428285604654	0.0915803361893532
-1.89222823253025	1.22995245241782
0.625463333434075	0.205616970479736
0.317052848248113	0.158043081123197
0.0995121353052794	0.0298057460236983
2.75716465447705	0.856515106564735
-1.09296163184436	0.467523780469435
-0.835279847731849	0.374898022956542
0.159048181307119	0.0314930078193147
0.894396402486895	1.28711189844059
1.0233595251045	1.05020163314484
0.493267486546925	0.429919445087172
0.267300576617064	0.193001236826508
1.38319902448772	1.73783018189888
0.0672906849019394	0.0449389064656133
0.0424971853466384	0.0282348102417343
0.956707104318207	0.798469725263667
0.657840696098463	0.415509911231886
1.71303781061147	0.957918992996182
0.262443419310494	0.163593575936694
0.755266649161194	0.334388877016082
0.857956648197577	0.981283156970968
0.507242356364999	0.289900433387682
0.968321682161026	1.53152553549732
0.326097984310278	0.148305824079129
0.452610677082967	0.95665096994357
0.18815164763366	0.263419673719262
0.353806375630308	0.590983869266047
0.642610951702945	1.31005878023064
0.548340761239853	1.01267278893341
0.377249401411178	0.697061009489051
-0.539682253224598	0.979830824871913
-0.195718280334376	0.239664796333957
0.376361294777145	0.39750374669391
0.0738185702986605	0.0886688017595694
0.445661879443283	0.732213581588086
-0.0834338505114147	0.0982296718028105
-0.0914084900454721	0.0916180305086186
0.30790381541032	0.360626757643271
0.848618365953418	1.28593399355373
-0.054474333131954	0.0398489693109484
0.175175573272433	0.132237225013781
0.183608348830585	0.153598901623608
0.105101932990921	0.0936411797472997
-1.0020523856373	1.02125159605655
0.70851616232732	0.858984881998654
1.50477958844081	2.60513981694269
0.467378207982588	0.499648132103122
0.311821229409951	0.315500458575519
0.54159636444159	0.619440678252753
-0.727242173116774	0.660066165158083
0.814858166175001	0.885341348793442
0.621182884497728	0.728624708289563
0.815776046590925	0.963102395398563
0.403862348546171	0.387413601156614
0.459148448965429	0.618910374255103
0.42616317717146	0.411120457625085
0.418904673794955	0.465005343999334
0.413212594353301	0.450676931447755
-0.0578516906999019	0.0444419209326113
0.17709963705919	0.154321887847646
0.699168093294964	1.01283835497346
0.248872881046917	0.230143342575698
-0.393717748716182	0.120006998669756
0.0757354393351151	0.026361292801961
0.956707104318207	0.798469725263667
0.374917719991511	0.392559192131652
0.921935762633169	0.879565120706455
-0.307974259950867	0.19076045898577
-0.418502140321116	0.454035757951275
0.328589331784478	0.328293020581007
-0.0143342000782668	0.0113595104445678
-0.0493247189136942	0.0428523148621797
0.36454512110307	0.313082018051774
0.611488530592523	0.442756498275577
0.71641716440995	0.837532947206439
-0.174844198645351	0.156803615575181
0.168623154770431	0.130955561481348
-0.587652316388345	0.241426801877699
0.26283186287641	0.192488867197
0.720080896754586	0.715221010389912
0.610462115617152	0.442532579489486
1.26574854075059	0.585413729728026
-0.285221187230623	0.0996917527572204
0.969957909852761	0.352920940710787
-0.160340873707713	0.0671185574350419
-0.380061104426802	0.10700992061897
0.3805675496222	0.158271878821346
0.0781185055392143	0.027185752328471
0.28942636003734	0.160611238314692
0.624214008916153	0.206232457822621
0.55263895780017	0.296119387926464
0.401988970518142	0.275222870047819
0.172824965574279	0.156994524899798
-0.124233098681848	0.0971538268266092
-0.488867671688054	0.535890888449952
0.274039371982016	0.159584686227461
-0.182990544903453	0.108480182647254
0.748451645475753	0.317077958755711
-0.299804571670223	0.0973794940097657
-1.55599292368971	0.57972200926779
0.463069868571612	0.172876337095916
-0.385272828569602	0.115675713537293
0.627932531674089	0.296576891369718
0.461963535836702	0.171991450715647
1.62845086775061	2.34316228455135
0.259865732196092	0.218753562091185
0.252702212370133	0.23827952726713
0.379962945689371	0.410753081220031
0.358670845369806	0.384359326764457
0.374050969718968	0.304480708030319
1.64984481217295	1.8891833200571
1.42579658413323	0.4776411587918
0.0810979762647338	0.0313292364205811
1.57126667489608	1.12901769988199
1.69531374006078	2.50721599246749
0.384437200480617	0.298023458715447
1.78525713344207	0.719573624005265
0.286883190113412	0.175895309100354
0.16019861567783	0.125085826493518
0.165666876889813	0.133440407933682
1.03687203162339	0.606271441655797
0.36609483018976	0.8568467725346
0.440378794912506	1.02771478474305
0.451476971619461	0.991948664530847
0.693162403863468	1.60477345510298
0.896265714560219	2.27274022818336
0.196942469808995	0.297869786805561
0.471111909959018	0.793862556341476
0.289021696307674	0.347935568175551
0.670145392567069	1.15313676461794
0.560662559044932	0.891564416785183
-0.0747775062476803	0.0892874103171894
0.165352801864053	0.203942459964086
0.20653696104439	0.223294821908694
0.107237802221498	0.106333371841407
-0.105509373895642	0.109607412041572
-0.438670523167544	0.554239751910085
-0.530748876318888	0.762475368043916
-0.0901567443991252	0.102055277126545
0.180493685520544	0.165884571633713
0.279101560731731	0.231674311216262
-0.343500934520565	0.33794970748383
0.379061854525971	0.300857516695142
0.0644625654767494	0.0429913185397085
0.955983437804799	0.784133221123518
-0.604365515969792	0.603669942336562
0.393577424057521	0.298739812098868
1.07127239686058	1.36075419373082
0.989166785570631	1.15317384472683
0.138418214941201	0.0917971295985564
-0.978917557002987	1.06908457485395
-0.180383824918123	0.144811284457162
-0.380249424447147	0.2318585897223
0.817041917148676	0.607758366503809
2.11010013938295	2.12168274554477
0.315366796589718	0.158731523662216
0.151308600575116	0.108488682923854
0.786750396390122	0.962923413711795
0.627270637170638	0.20187306156162
0.996141767135739	0.48952690809136
3.25540938242532	1.13111220662095
-0.215732988085825	0.0833813791673214
0.72280855775021	0.717693892493438
-0.187971382294173	0.106522687280448
-0.156928535248075	0.094004457583787
0.681143628172639	0.689200792805941
0.515146028843593	0.53730511771565
0.939895575253777	1.33108431382228
0.468138791447813	0.501935227710164
1.32353309578335	1.11943838716907
0.375248622609592	0.155544577577489
-0.0689301182689628	0.0329706696745568
0.268487848394461	0.209293105531814
0.852588632982427	1.07370485923144
-0.593340802154434	0.237602249643807
-0.224784700940561	0.124099681416739
0.911930464337513	0.618826139139694
0.0999454101515301	0.0420984900395888
2.06538047070509	0.916504975902457
0.104700368657167	0.0319205339675311
0.132742993973497	0.0341362592279412
0.068431409102971	0.0249380739240996
0.157376252038133	0.0320040543511302
1.26280793462977	0.54650371472177
0.155829146463452	0.031555170264943
3.254585846148	1.14756036262443
-0.390472835472116	0.116879089635184
2.29099901167494	1.16004417611605
0.0908797999574133	0.0327950754774206
1.13454581043644	1.49501935564566
0.775889960652126	0.918120936181173
0.262889685388036	0.198091036260879
0.445244916936062	0.39816074162976
0.0984816153590677	0.0468479877737326
1.21342191324004	0.680560451154995
1.26554338865841	0.571047502242713
1.42322756290204	0.479205258087904
1.26684933234174	0.587948962602121
0.934119453302454	0.259434889433519
0.0996372542117473	0.0299012444917154
0.663641915936023	0.840884272632224
-0.499016483216549	0.429986453397115
0.096398913976942	0.0732946348255435
0.374212883300061	0.294642062110706
1.06655206212876	0.7670969599281
1.42365420901275	0.486816559821607
0.822493164858204	0.601793243700598
-0.82998607247038	0.671093875902632
-0.0513403238900209	0.0334961125474431
0.256579549712902	0.187051168358037
0.127753657727306	0.0723363834767185
0.103627257682195	0.0306301827891827
0.458048372535763	0.289163070104526
0.416210044628832	0.29749127639037
0.3063564439513	0.153075534855785
3.25540938242532	1.13111220662095
1.09971401566234	1.14457702408882
0.624108393817335	0.300273357864464
0.0385506801825285	0.0249180322526264
0.909231347394176	0.598698749751735
0.0288527878893344	0.0177806629970876
0.428354292587012	0.278754556563152
0.617900015159401	0.198196728181155
1.97118188729217	0.519035878594205
0.353054840242189	0.850023090055374
0.311793555933729	0.708346760228178
0.830001781709154	2.96509751581946
0.380244585029313	0.737733698976042
0.664828255764342	1.50543098694243
0.580222419789434	1.26128705495948
0.27029977119279	0.419749456040509
0.622827924028998	0.929112317103125
0.307007691499031	0.477098144001792
0.363224827117515	0.50273046087952
0.220514862147191	0.309133440217129
0.478674812497099	0.715238819417632
0.540818764789518	0.534005768889313
0.904486928771125	1.08373653063211
0.167913449004623	0.130678573852345
-0.516571601274104	0.543661173530321
0.0154050188601294	0.011272305124548
-0.279941854648602	0.256245868856382
0.749320613776723	0.85390525099369
0.0921529280671542	0.0724767198064621
0.262623469332843	0.211726897389122
0.345180635693436	0.31868970764007
-0.590889444230819	0.526456294396305
0.317634206243485	0.291392737363536
0.541115794323085	0.526823672112547
0.316585589989503	0.373153173341112
0.609221359648616	0.735761394632952
0.615392994617375	0.435733400111967
-0.218220200306409	0.208090123124637
0.927285102734087	1.20332900368336
1.42191243084037	0.481329111904226
0.459797973121125	0.162555049702019
0.104700368657167	0.0319205339675311
1.25644503846989	0.53321889497239
0.465843731332916	0.168359077789132
-0.78021271116587	0.280673504110943
-0.410352134433085	0.350836898281383
-0.505189567993984	0.517210723620357
0.0391496628840249	0.0252409607393277
-0.331858218598086	0.275551401297482
-0.0248312491372304	0.0171288317283381
0.633361670758193	0.806861266251084
-0.462747689951967	0.543757796696556
0.966880615854395	1.21976346672722
0.869163465745332	0.893929862195528
0.534770760075018	0.422838012374438
0.630635017327286	0.738488477891428
0.125025842549406	0.0706257875286917
-0.101423570705938	0.0440978348957492
0.398721586106261	0.293398043975757
0.730589597415808	0.411090689799187
-0.360809555578001	0.177134753388643
-1.17062204890495	0.365594250228461
0.983272005294628	0.385176841231482
0.0996372542117473	0.0299012444917154
-0.6712238647418	0.342052651409614
0.750319050561824	0.300339525830753
0.151739002206461	0.0305590186742379
0.158753727426354	0.0319702215245481
0.378664016067	0.152336628344534
0.0851819051673344	0.0296652672214374
1.78274251435554	0.704657030746902
0.981104498351006	1.37331930549612
0.628593713280236	0.672976784183481
0.557785562901875	0.692295033481474
0.660616748695518	0.415183155800819
0.995851850740376	0.500469826085859
0.132742993973497	0.0341362592279412
0.451245378143962	0.157954061374204
3.254585846148	1.14756036262443
-0.64048795935109	0.161545516971529
-0.586589236701235	0.395675000247843
1.08222945511738	0.946232451608326
0.123150982244066	0.0623086186417507
0.979611778144347	1.1602107043436
0.267630994246316	0.233035620906921
0.651675257146275	0.672708115235568
0.172658877161619	0.139381258118714
2.06420679003478	0.897627063157229
0.906081876319992	0.603598548889639
0.414134927783167	0.304316946305161
0.659721277205831	0.661801157565649
-0.153646750276664	0.11064163600223
0.842373534988159	0.470771760675862
0.619204258519534	0.431509629846876
0.327940418217416	0.148075775485728
0.307461895658844	0.149969505130654
0.469199893690878	0.405551089913975
0.405274746474267	1.11641572530999
0.356082774742093	0.770477571452641
0.367367333831524	0.618729577591859
0.42245049338839	0.776064125266
0.645792406900715	1.39593130504507
0.350817298305417	0.605437540305297
0.402864171101374	0.563207367603406
0.0817309348605781	0.0930085431609536
0.22461980494862	0.29741322011706
0.0000183028611721877	0.000117612840572876
-0.123399330860721	0.0909151417781576
0.413987169890786	0.291143891801326
-0.160831500316791	0.112068150389883
1.08740089760797	0.959039647790915
0.902763204066679	1.01222428318004
0.0888773554348486	0.0652627773318236
0.329706401716443	0.310998843149615
0.75906810609011	0.715031817391987
-0.184721865160669	0.130362800744494
0.239289089577795	0.190940884044054
0.0211029099563065	0.0157330892920824
0.41528596840576	0.441594590426188
0.536302388941708	0.530451059905416
1.04870640385487	1.23623635718617
0.576750156985442	0.423007405207618
-0.379712416123593	0.234871706200014
-0.626115074186922	0.697242558215774
0.38459848786912	0.388153650705326
0.98372544573091	0.375922087304922
0.379698459789669	0.158166969036568
-0.84086573207984	0.396538986288394
0.0866753139583347	0.0372035039504935
0.666063303740109	0.680859097973969
-0.813988703003267	0.693792296099855
0.508961842066437	0.408169356735219
-0.0688384014854887	0.0453051430926496
0.0944768712598668	0.0698514515800998
0.0915592163682105	0.0647189352219571
-0.347054399881983	0.340380077380361
0.25690827236632	0.187907655315555
0.0221635323493731	0.0137179469735287
0.29810003410526	0.168267694515372
0.908134993082453	0.620352060705232
0.918706313059822	0.902952048181357
-0.892400848436405	0.884154439391058
0.449726894106401	0.406800233867376
0.345995177498444	0.296901795581603
0.414296965693673	0.295224489376937
0.953502895681612	0.786344053268392
0.49375751938636	0.425332067093025
-0.261539491838321	0.167346901689988
0.676752597828689	0.435700860486888
0.151739002206461	0.0305590186742379
0.460940811333597	0.167843938439159
-0.285221187230623	0.0996917527572204
0.336417192203038	0.152666467992098
-0.779624912120717	0.275479486957074
-0.385615309025223	0.115960720203465
2.06715014894934	0.927692097975827
0.985496471514131	0.390439575213324
0.466567974107734	0.174191346332386
0.457451534714092	0.165709173447527
0.751135680264996	0.580674049034495
0.493200382826163	0.285307802232951
1.26444349260734	0.578135234411907
0.08240619875687	0.0286933254047604
0.978572740620715	0.368991751588852
-0.391911501912874	0.117579348986781
0.086454026822499	0.0287836783373192
-1.16596771366689	0.370238974932709
-0.699651321339278	0.43790354965552
-0.587652316388345	0.241426801877699
0.105075251240443	0.0499651336223834
1.08443625237238	0.950551667632216
0.490619695662907	0.278749100548822
0.671001529242522	0.442321922322484
0.913532731829217	0.877452140599975
0.29810003410526	0.168267694515372
0.262697386968315	0.196549983509275
0.307240718561211	0.154269216343671
0.142536477802541	0.0905961277856285
0.624214008916153	0.206232457822621
0.699813026533417	0.56685318972005
0.336043260787664	0.15619087134016
0.512764484555827	0.42759547477276
0.670421627100259	0.448921020919638
0.0174123738591603	0.0132914917334671
0.170402666676286	0.121590764147556
0.550201243922896	0.295961740279646
0.620785950601736	0.299137841386854
0.441282676084515	0.420119875168899
-0.0166598290202288	0.00927620897333315
1.78118038888433	0.674198328619853
2.06310301726675	0.949050807269588
0.311949566936134	0.158180528033118
0.295340972561982	0.431547301693665
0.297036795027656	0.360716750275096
0.435984149004901	0.693285348020731
0.195747571589382	0.215760402846307
0.582016226808762	0.877755178404176
0.675429373611096	1.05900597373715
0.236037825651917	0.242335936829983
0.433565383482684	0.292116949033346
-0.112143377341236	0.0524774867941722
0.113614438144567	0.0537066565278029
-1.04913205769592	0.547473684070202
-0.591826770148765	0.236340145509628
0.121894501333952	0.0671154734621717
0.616234678417888	0.432988661724295
-0.831662927795771	0.674868914640722
1.07337301966941	0.943219409983144
0.703477076358147	0.578692800214995
0.470834103086936	0.410462336883421
0.453047791393875	0.431838676463744
-0.0583037632289564	0.0420189538714168
0.69183242701448	0.73868255671636
0.585208702227519	0.625721573502139
-0.181407163784927	0.158596529062026
-0.10937886139582	0.0907047382725576
-0.815175715299775	0.990417920854785
0.684209069368937	0.685745036257483
0.675052120371186	0.666430476629716
0.957250308083929	1.05270697946287
-0.363244314243352	0.321903802236635
-0.365613901167828	0.384375372955026
0.3209309162699	0.310668177753533
-0.164385587131355	0.116959439929389
-0.284341979737062	0.284383896158531
-0.2808612316582	0.234131760431435
-0.730086926838345	0.668293977034582
-0.343452521948341	0.303976697711598
1.01996991726751	1.28303111425749
-0.37008367736833	0.297890530791254
0.488714057372085	0.426134063777681
-0.308995237392191	0.241803561008274
-0.536296119953526	0.422946786822391
0.624141981417183	0.570353090273141
0.266436336595118	0.203738702114092
0.478078460723584	0.418377436024487
0.689621448100758	0.695310534461457
-0.812818432629375	0.729597000919704
0.138856711131643	0.0884324927100174
1.09332499086088	0.944213161167812
0.438538438694598	0.411004238024864
-0.602572009922005	0.579099705921381
0.702673514737196	0.591618810873437
-0.0773796099467738	0.049523881258671
-0.098894501048111	0.0725323579347658
-0.0267685011784608	0.0183168936710694
-0.464046494046741	0.36220746863178
0.405588133115962	0.278952778109796
0.274770857862306	0.180426356700056
0.109351778958015	0.0520604508572858
-0.326449792624497	0.239126892320077
0.812685733711197	0.729739650088654
-0.131807005585735	0.0769471882792721
0.284943040926877	0.150897271881852
0.100608356784844	0.048900611548419
-1.55922365199557	0.830815635986541
0.310079363039352	0.155719541595986
-0.0470829603402534	0.024855299547457
-1.7430000836566	1.09369803332128
-0.697257002835353	0.438930671565278
-0.28935925643723	0.150086835791999
0.744806240393519	0.439321381866771
0.364227159752237	0.299639919643492
0.109894136131952	0.0590171571151867
0.0246199982375223	0.0152099563195309
0.61001180313165	0.539437685750627
0.991638338927482	0.92098924635875
0.257295364399557	0.19188106248015
-0.0151833240835531	0.008206316273164
0.0479382220731641	0.0316633460674919
0.294743010588788	0.165971748428658
0.303287932609608	0.153280404809704
0.837818723724715	0.459397660093533
0.513516782518326	0.418932824982957
0.344006617397561	0.306903626307312
0.459343995195067	0.411326742691963
0.401148578721779	0.304030420338081
-0.024257373109431	0.0162752892175707
-1.18390794971508	1.44407701081528
0.0647200327129484	0.045388027012465
-0.454371685157146	0.264035965654172
0.393063778278211	0.298425044062628
0.00361747458421943	0.00203144603136349
0.517698581999	0.412319669254006
0.689639701242326	0.874275757220358
0.345517926253334	0.384285099468473
0.0492465624257733	0.0325932387761432
-0.466041302533007	0.477020039655705
0.46886115707952	0.423742457569503
-0.29185299358554	0.144676966522242
0.770308717705556	0.834342936407922
0.618396106468632	0.438695135399067
0.399070242294228	0.297223051998689
-0.00142647204173578	0.00113502041066705
0.672065868964349	0.967487609512735
0.332911690033195	0.324186819275602
0.530608071801546	0.416765127291899
-0.58916863070501	0.239206164895636
0.381390844729196	0.15218243102061
-0.59294700192162	0.244275864890682
0.0855793528276517	0.0286741216060232
0.129757279790636	0.033278997874612
-0.642489378014278	0.163742963398487
-0.840958039933235	0.401616990682173
1.20618650410843	0.636082919656123
1.50081612940992	0.766376539395625
1.20069686404387	1.29353424869057
0.092088961804975	0.0398372775937
1.01055251845823	0.458192902081226
0.0950318501442793	0.0906615879742082
0.00233253541488304	0.00151888024197101
0.35675424299786	0.316884284238386
0.645410672706569	0.643837338942438
0.16940309521242	0.201663516032341
0.120098717508724	0.152451232922489
0.515903546534749	0.43158886007408
0.465187391552439	0.72906678587363
-0.339854909779454	0.518069250894171
-0.358005895532746	0.526052685512692
-0.155685228293207	0.186738956601878
-0.0440220522353084	0.0424971897413843
0.0165674792262591	0.0162984709235578
0.144487517068154	0.0959132160197605
-0.020665248710283	0.0140254911204292
0.0937599079399906	0.097166495143737
-0.0172070244533413	0.00950409589381164
0.575748401354182	0.424943777629503
-1.00706614782306	0.638887030239115
-0.843773600934039	0.563227605745426
-0.164149533605256	0.0684894365294321
-0.282840718743373	0.14411151496248
-0.286949261315223	0.148444750387354
0.499591655661926	0.525096246687867
0.100020158573403	0.0782904823165646
0.33623875495014	0.29237525628234
-0.215116863411106	0.145545147723164
-1.13798367451449	0.779772465305986
0.720204045344858	0.689133404741181
1.40106256160681	0.901219777787475
1.12720958373957	1.17638180567943
0.595672667824053	0.842856523044658
1.21003832385706	1.46152075420488
1.00544485107046	0.918980406624426
-0.645438268797815	0.760125021206528
-0.192653932764383	0.211860588675087
0.449455748312989	0.646347611208198
0.324857533417943	0.422151903762639
0.799615357233495	1.08839749574555
-0.108321079086359	0.103884944271654
0.324081915591766	0.322823828586017
-0.146193145038879	0.148204555115786
0.557265985776258	0.601306405967777
0.102342166136237	0.0848425550540255
0.650925846935537	0.669998844073235
-0.472136064344136	0.5500633477667
0.256962552993336	0.222901325013107
0.348884587077797	0.284454411473758
0.602748302970393	0.649819993110767
-1.19919837833301	1.06140901424353
0.424237435309303	0.40711782478018
0.0490672734721432	0.0323321962620686
0.113444482227116	0.0623192669184548
-0.474598859956045	0.373058400175867
0.52574507052883	0.488951674571335
1.18697080988964	0.773780585152648
-0.652904114366625	0.565789766661452
-0.434779679183423	0.4159691610476
0.789474608885436	0.792309880303558
0.54185555045598	0.835201456122657
0.305035560564035	0.165742480610852
-0.668617619639952	0.33268872834728
0.619142597747633	0.197658774394258
0.469138508176269	0.29747717126704
0.752902027240624	0.321256926493172
-2.34791886854435	1.24423104922117
0.551056781746162	0.293419649553655
0.286424150528768	0.172516798948718
0.99278152760427	0.498083405007933
0.282889712836323	0.176792668751395
0.256071693736867	0.211962782542539
0.394584210738761	0.286280958112812
0.122917836007014	0.0642415425736225
0.199400416052527	0.221408829093714
0.543524943764326	0.435075069729875
0.310623264640514	0.159105067691262
0.523205409738579	0.525254464259504
0.0618548633162024	0.062034711315716
0.2768679877177	0.174561133892841
-0.681207510702087	0.935969527185437
1.61925005202064	1.45286714189047
-0.215228860142485	0.0813964807041977
-1.75963753611968	1.44353976767359
0.381819973706539	0.2665729691094
0.130326449789484	0.0737034924724336
0.914946841664446	0.613544683673241
-0.00850334440141396	0.00426157119961349
-0.0605786955342308	0.0524596405451984
0.00985750485354385	0.00839930404273212
0.639551126639884	1.26542688788262
-0.231128304151793	0.220136888305756
-0.735588375407419	0.820964542481842
0.528731391714959	0.536892233655635
-0.0127526069876378	0.00703282102072492
0.388521440315475	1.03649975601457
0.712118710046177	0.670743880975697
-0.103703704346335	0.0470304390721255
1.20156928704113	1.42247462434859
-0.0799470712141157	0.0605259459731245
-1.08960987139979	1.14319293995387
0.804455101810525	0.780834827109166
0.440057937858367	0.289390952553597
-0.28090496990165	0.216697487011237
1.19814632625799	1.09420229571212
-0.620825148712348	0.471042063092736
1.4624983618626	1.79078259824226
1.21475826563759	1.47445007842383
0.174615858965028	0.140393741838404
0.466389969228018	0.404953037200743
0.399874345030401	0.408532073502575
-0.303675465537435	0.323924209167871
0.0591717204796911	0.0553194206610731
0.223581723830644	0.233827120798604
0.766537049500707	0.719276505093871
0.090958142630074	0.0393913259306323
0.137945548818472	0.089833840220059
0.107143960888975	0.0520008021498831
0.269275943861932	0.177850816413148
0.908461693646196	1.01284226644566
0.579300928881843	0.694564249004278
0.0540322105652798	0.0361043877285374
-1.00693002553876	0.964830204621824
0.00844513937845709	0.00606220486884009
0.351654148162324	0.324794110936036
0.582445379350675	0.620377782701294
-0.37151336538282	0.276793087634481
-0.254396902119943	0.23753389389064
0.629646028306683	0.565028656963929
0.376359276972969	0.29061269413726
0.142264763747128	0.0857379421924852
0.15040327795379	0.101013285024058
0.39402925075314	0.298191183148774
0.818560782881857	0.609867513765337
-0.824161171241092	0.835261857027761
-0.585773654475242	0.396210812073936
0.542450047669492	0.437632262781979
1.51023717586849	0.756327146509791
1.85191105549212	1.59998742725763
-0.356846063672907	0.16977523983082
0.114022036542843	0.0614684244884911
0.292792339445495	0.160147082760287
-0.667040774331799	0.349211207976213
0.077535563617606	0.0291240554453048
0.0779666897881993	0.0269328568776476
0.557255622342449	0.29310803454068
0.103202845159823	0.0503675131516797
-2.14558843624718	0.952531663703721
0.617900015159401	0.198196728181155
0.13617273196111	0.0348078928142129
0.749709921303002	0.327976123435365
1.02702169945884	0.650381686181367
-0.588919698282198	0.242854271595047
2.29491685769757	1.1928590555255
0.11755885273546	0.062871883758294
1.86262889250349	1.60986448829105
-0.0793559333852401	0.0380609668423798
-0.358099084102798	0.174383140358508
-0.00145809803340015	0.000699997114474545
1.01566459650114	1.02653472687963
-0.322086011206735	0.207286137491536
2.03867111793527	2.49205739889441
0.425267240038873	0.399612877811996
-0.272890861026303	0.253347566824173
-0.108427200918568	0.0798146794725756
0.294244226880435	0.160160007221539
0.715411655323771	0.687176063053249
0.170126394964661	0.139680033248953
0.734541153722639	0.439964597926673
0.544218244436812	0.541876135267038
0.903755037455987	1.07992524931252
0.353600540630373	0.291943851061353
0.452706724138124	0.498205271774503
0.357928304680826	0.317731622597552
1.46025516326625	2.36993230362267
0.619348301657371	0.542421057837623
0.441592345641888	0.293572049283755
0.271912784353946	0.186765416890529
-0.0838170919326738	0.0550428220668622
-0.0760086358070907	0.0579934717076986
-0.372074347278976	0.274591099687664
0.0511559656569904	0.0318788246546267
1.20659991563167	1.41106370603639
0.454068830803918	0.413693509491158
0.554849597525855	0.538637987482643
-0.732156273929496	0.650594928487461
0.438721567805156	0.407523094280197
1.62802050576885	2.28749895211395
-0.126032042266067	0.10511960660099
0.432223415184044	0.42094059363855
-0.190728921348088	0.14597456780457
0.0863257131210728	0.0617883761283923
0.347081151967001	0.302445587365316
0.163381403451247	0.122180775003363
0.157330681916539	0.102098764808478
0.882491848330714	0.754492468691463
0.354004386976088	0.292591000630744
0.102967330266294	0.0784452337466681
0.501605151262696	0.280358198265591
0.0772568459403886	0.0263911838257256
0.272071808070402	0.189129525684292
0.268175002325704	0.194155595630817
1.09107480488941	0.946637048599306
0.250593768263855	0.180858152549634
0.572383203112328	0.438230356174679
0.287793615959814	0.798578425135958
0.943874009968748	1.15041991874571
1.64392580736113	1.88124211277478
-0.291525726002013	0.245661225276196
0.0767464457293147	0.0549106091414483
0.72024963272563	0.695225646579035
0.148090459988716	0.0981296203649279
1.01541044272864	1.04216460668515
0.782923123867424	0.943410101851631
0.654497551725598	0.677266970069931
0.00763228252842272	0.00550396279707946
0.146208121735666	0.0996337843738942
0.533392180450049	0.533723770713923
-0.255152286610149	0.254755766135817
-0.427423844475926	0.466819514721626
0.322149410941496	0.315228205936863
-0.192721244443892	0.168077959561641
0.261219507774516	0.238062579373327
0.0701396153513408	0.0496365295167401
1.06163259722888	1.29873673916325
0.276859962648323	0.184334977308085
0.4587057746495	0.165829202991859
0.624902548666279	0.193317041380957
0.620956729636381	0.198581629955028
-0.216314961731335	0.0826909760795535
-1.34619471980401	0.628616357745038
0.0928679759159815	0.0410306273378697
-0.143729726001186	0.0967544995460105
0.0973058023532575	0.077244973310556
0.515676122192942	0.534638057757048
-0.401866910759674	0.432287799069319
0.253192933899919	0.209621882309645
0.579806214609586	0.437089018720166
-0.438535582781921	0.310794142386129
0.130659576318902	0.0771373675400826
0.102297258445307	0.0427834202690007
0.657419639392548	0.549742347409171
-0.733820002038038	0.703947653482541
0.143689445339402	0.0902783492101767
0.405413927969994	0.306848660798934
0.822403557395541	0.589366471055906
2.68135454832871	1.67048854451265
0.997142954566826	0.936175545403524
-0.024675141488114	0.0122322578645779
-0.218800383249056	0.0856518567102529
1.42537006022462	0.481691620263563
0.932780241498866	0.253570251530169
1.78437632758762	0.675095932552971
-0.833129690219305	0.394482136333018
-0.462057241115692	0.205710376560246
0.137911084131349	0.0345700868305953
0.160599221384119	0.0319324278424885
2.75716465447705	0.856515106564735
0.934119453302454	0.259434889433519
0.756380029726619	0.332098700403031
1.2022065153247	0.658121509221915
1.42497049448482	0.484627447675102
1.20573679331592	0.827694429980026
1.50200918824688	0.765065738255205
0.457428795794101	0.274435539454511
-0.841034090966685	0.580538064563575
-0.127864318244802	0.0915376739554358
0.65806604221796	0.424869706177067
0.110675863485793	0.0533166333545143
0.877735199675134	0.763029611306221
0.583999522081562	0.519043932257069
0.0585866850542814	0.0369023150956074
0.168233126997792	0.129119423177561
0.570991852032937	0.436710677868153
-0.362431624675724	0.319163440431164
-0.136844497863623	0.0980852919239795
-0.37027387478087	0.21946588493941
0.403537530002616	0.301824550934028
0.455350058731988	0.389564006872481
0.886511308908458	1.08925636515055
-0.203513070494957	0.155114323609605
-1.502335388919	2.01817538267771
0.0468439329643483	0.0315814891887041
0.275661914721009	0.160661447754762
0.620909333142997	0.533503770704823
0.511973331355474	0.532793395849346
-0.642164207775125	0.537849990394037
-0.369343538498709	0.227071816780573
0.0820991049123475	0.0320001274131154
0.103627257682195	0.0306301827891827
0.136115113122491	0.0760868619378724
0.773905069411537	0.843213668999128
1.19980251053675	0.662761067553873
0.756536544342093	0.322084276760236
0.579869449624157	0.616646209671171
-0.238608970173034	0.184970605221562
-0.155722980308462	0.0873719527331366
1.28253625669758	1.86562102895852
-0.731003968805874	0.70716790531164
-0.0546258939938976	0.0418292858720437
0.485515446102512	0.420916777828118
-0.546722063422808	0.549655907751071
0.261817157962458	0.231694216642934
0.0947624226030223	0.0703700149785045
0.549955862705443	0.549855836416407
0.43099474514023	0.297445504667509
0.089306717626052	0.0682679125144495
0.744711043085729	0.562559527599097
0.149089902883505	0.102226282395766
0.461955418934105	0.29078001766456
-1.04803911507195	0.557899551582474
1.06134702859786	1.3269570087276
0.332316417578453	0.328906838998778
0.492578857418119	0.59094332971882
0.227255786008332	0.229399429293256
0.649346874015486	0.936699047211482
-0.0676799411450812	0.0690822248181868
-0.595342686672898	0.705603716019634
-0.198897001362359	0.174296627254867
1.00903423670034	1.28034518729106
-0.188586345711469	0.164630688275764
0.0102196713841992	0.0074881057237405
0.560741459723529	0.634471890644022
0.93746066163975	0.253998127728779
-1.16596771366689	0.370238974932709
-0.64803736794435	0.162454516779564
0.55263895780017	0.296119387926464
1.20392575227021	0.849694939774794
0.374117325863473	0.154060410947684
0.0240166521903988	0.0177770615867647
-0.400961883949976	0.420215712731547
0.451277921230221	0.410371599398185
-1.5362884618151	2.39588780902506
0.594374576682229	0.830669903681985
0.652587106178926	0.769430400197564
-0.418579516439927	0.287563448761751
0.585171554977723	0.542361124704505
-1.01362939854017	0.992876441240734
0.722939148380756	0.691040649997152
0.984160936659001	1.16898441709093
0.783204398104757	0.845134071890366
0.425023649305769	0.400618762108401
0.154702754396855	0.106509479075087
0.08401499010299	0.0615179095835858
0.391833376945524	0.296869412561098
0.0113073832346366	0.00647280017692922
-0.288003609048903	0.100132891438743
0.627604218608779	0.206681567866676
0.0964571884616922	0.04203146667943
0.751372558000356	0.328960641569524
-0.835646180752596	0.388058750810058
0.129757279790636	0.033278997874612
0.0907112230049228	0.0397693093385054
0.622964300445271	0.200951799928207
1.77749872582517	0.686784873656213
1.42365420901275	0.486816559821607
0.624214008916153	0.206232457822621
0.108230720002109	0.032394906422211
0.625794765708888	0.19946967508199
0.415613095321261	0.297755232128802
0.10276962795574	0.0488672257867107
0.26765283841909	0.168208828664088
0.919019334245965	0.89484212429978
0.434248445429349	0.499810328574343
0.0935792833833166	0.0715297287899645
0.0308815920599129	0.0240210929736347
0.103994532740528	0.0493459765579848
1.46992516171265	2.59049510630646
-0.45890841615988	0.572335050415692
-0.741407638247549	0.709553744547127
0.233693208745706	0.216737075226566
0.153357706306368	0.14468705766292
-0.804169076343115	1.02611773755937
0.192649159291416	0.205447534168684
0.448679746713554	0.421744025992422
-0.0526133750906938	0.0386857006249966
0.420477334959228	0.420919926904692
1.35892530683279	1.87506207749954
-1.55599292368971	0.57972200926779
0.250267765224466	0.178057261271406
-0.779063896426831	0.289518739243686
0.415630883931499	0.286846336653465
0.160981189574419	0.114929103236288
1.26851910572091	0.573547734281876
1.78274251435554	0.704657030746902
1.26334127462784	0.579536363224572
0.541730465828144	0.283788865318709
-0.330055227182453	0.245850991023541
0.270080039511423	0.229412218310393
0.524139530508469	0.533219195313653
0.359184863428935	0.281013781574318
0.740658291563818	0.45492322671815
-0.0787958654685152	0.0597230990842331
0.330268439910352	0.148152094544185
-0.489818270370613	0.532426435412192
0.43613295811042	0.418516945385275
-0.423442685650937	0.331830860018318
-0.287676767301786	0.25671961675671
-0.190809824585749	0.145490660655707
-1.23454525984029	1.33981224436854
-0.0758042349826244	0.0375049838388895
0.13521171488954	0.0832746309188861
0.622345157818419	0.289694887794186
0.838174914303176	0.464340321863489
0.367476916415437	0.306779732683539
0.182580796069472	0.147762111006413
0.0779666897881993	0.0269328568776476
0.511023620725131	0.595368493046016
0.938505183177075	1.15792212853717
0.295753342884026	0.307852287962421
-0.58401396171256	0.887409440568271
0.107267640394149	0.0892593301059837
-0.124891366238711	0.101470319319791
0.77524439749872	0.964393158501862
0.516893064717262	0.528562181541641
0.385347085526071	0.396539193919934
0.602607910496146	0.784137367431078
0.274770857862306	0.180426356700056
0.620956729636381	0.198581629955028
0.0764993148043421	0.0297610981211852
0.624214008916153	0.206232457822621
-1.87550851696817	0.81667826088932
0.995583028977196	0.494669375145016
0.743592346158221	0.311707801027981
1.77431512331375	0.692774595622314
-1.05382461333211	0.564624262324319
0.361001207274801	0.297351557884129
0.467771935890437	0.494001634770823
0.693623737127793	0.856366987197258
-0.0463356667707365	0.0365671884896799
0.861212681829566	0.995414394416438
0.0569181716434253	0.0371345140208538
-0.147337584872668	0.0877357795640489
-0.150029991494214	0.0620104005899884
0.515552237332597	0.434074949626927
0.81486142443111	0.600955434269567
0.101188386560442	0.0489788064569657
-0.300256681631219	0.0952792237651601
0.102462536993614	0.0312982295035309
0.324943154795485	0.147428639865912
0.103627257682195	0.0306301827891827
1.18665478900265	0.914240638445062
0.866827706033655	0.708911391337233
0.354096012083726	0.320333763826568
-0.0177957697718337	0.0139690412896443
0.0729105635117617	0.0526284121395883
-0.707310963660883	0.950185769500102
0.630891957564842	0.301608734287381
-0.0417247332586548	0.0331359041661384
0.228982818978636	0.233302115585904
-0.276809920830636	0.212882356947236
0.0365424751160336	0.02740856628772
0.081220858479028	0.05914434837778
0.262069945073223	0.219031039413532
-0.206225841001008	0.162993675700523
0.171764509480675	0.137146100491871
-0.173511163780902	0.13459855889147
0.934119453302454	0.259434889433519
0.587669914654758	0.555112660179552
-0.314702256875733	0.25955958192988
-0.0460332637850311	0.0306091235325106
-0.660498672178619	0.33543691183207
0.139773060013203	0.0763714763333348
1.42454356801349	0.464683528225666
-0.120579183591596	0.0540007659005901
0.255560382378316	0.224606833773374
0.606734168175892	0.426866328055753
0.373568798601819	0.15183567176426
0.995273139597088	0.492809036018075
2.06157088195069	1.46074549547662
0.370884408194382	0.148387294426646
1.21395238374589	1.45377013570201
0.361798767681169	0.315263015172567
-1.55343126989456	1.74262778928326
-0.361932123360035	0.179325288797912
-0.0606052556742509	0.0447195642847457
0.274858741094555	0.197211303419862
-0.20921034433347	0.203884904968396
0.176490413580037	0.135434110788114
0.156191864766512	0.106170114569741
0.172973679561791	0.149607351544742
-0.28855837142309	0.214313979938856
-0.439198633098797	0.309317606453089
1.06677719807471	0.805272770518431
0.624899094250924	0.55605962134137
0.094348897271186	0.0395854505335199
0.429965749336984	0.291110368034704
-1.55367360366044	1.74708835219917
-0.316569655000992	0.240691323676161
-0.591188338999509	0.238642231883662
-2.57667382401217	0.709138492879174
0.250924745277186	0.277753825465939
0.0610725443215976	0.0516608781836822
0.23975884970895	0.221644027065379
-0.108026000208801	0.091371325172064
0.268000270940207	0.218264344054883
0.859541174682121	0.977336227863215
0.907187381283163	1.17948750732821
0.667315091459696	0.438813764153869
0.516832686486008	0.425681257887573
0.253985719462005	0.220204282894681
-0.149733421130017	0.0901467551013553
0.303093051282057	0.166915787991935
-1.09129791721178	0.473002093574455
0.626353692789401	0.202693100319571
2.06715014894934	0.927692097975827
-0.290844223800902	0.101660915739334
3.25316226854424	1.1543969470556
1.42059817203206	0.468873201627584
0.0983179124824953	0.0294039044843906
0.0768523916691063	0.0267928003360428
1.01554805662842	1.00963441173632
0.898230665234898	1.0854102850121
0.550597094574747	0.42815295460171
0.603779615458407	0.412580973011523
-1.38753399162137	0.915764142021512
1.12380589307465	1.27714770521584
0.0996372542117473	0.0299012444917154
0.089473019631931	0.0389327053894575
0.752375608988821	0.320468397683853
3.25601038927584	1.10695112214646
1.42454356801349	0.464683528225666
-1.17062204890495	0.365594250228461
0.982094350992236	0.388744915484838
0.0983279314227465	0.0288986240340562
1.78182300641983	0.716673311120244
0.103472339242745	0.0299708893590646
0.132742993973497	0.0341362592279412
2.75923265308788	0.836083273652134
0.387836236440456	0.148727415602458
0.459276540699918	0.170099779410914
1.2087716737728	0.694707909412889
0.164059554931904	0.115388701329976
0.131875259814366	0.0330478407707225
1.85191105549212	1.59998742725763
-0.210213944047278	0.166125775145885
0.601845711038643	0.649006249486676
-0.41049182569298	0.366493230245183
1.19478918679868	0.827037979762154
-0.11991222005323	0.090736125917647
1.03922114357758	1.419753594594
-0.142301820418266	0.0983501873605522
-0.811875221069638	0.76377389813181
0.00259165680652984	0.00171117340943482
0.0958008792332654	0.0686367614629709
0.408300284947871	0.288338591290934
0.090958142630074	0.0393913259306323
0.0839924009611708	0.03226291612389
0.106930179642282	0.0310477895532284
0.752626682393411	0.33028241849571
1.78274251435554	0.704657030746902
1.55714705784232	1.53575986101064
-0.263173391338616	0.175796854028175
1.04035430340725	0.629007208568176
0.128448265424161	0.0323915516366303
0.508322953489601	0.290286962061599
0.157376252038133	0.0320040543511302
0.931127310935178	0.251056752215475
-0.669815710292672	0.341318855843155
0.0996725797968324	0.0467442716252457
-0.219115183600691	0.0836242271300612
0.132317236140496	0.0337294970472214
0.131783988490886	0.0786658847948678
0.264265019003625	0.161372063364298
0.129757279790636	0.033278997874612
-0.595195399126916	0.240027492870041
-0.547590369400994	0.30007486466672
-0.281159069703148	0.0981044391984633
-0.211481078674964	0.165413211443153
-0.413207734779459	0.340502128938321
-0.065773817438864	0.0439859417987282
0.665695654131043	0.567504316460446
0.0264000581954324	0.0162840809264876
0.127039158090461	0.073827952970924
-0.783145057126805	0.281327417977169
1.0600802631305	0.813741823632408
1.50356610978948	0.760662938461372
-0.584621424935269	0.239428801765675
-0.228901023598742	0.127591259716097
-0.282919788963544	0.14282521965747
2.75923265308788	0.836083273652134
0.135790792563548	0.0348333749263102
0.425627591080606	0.483715896511067
0.443754736362014	0.607308930905938
0.573356107538334	0.668327912830164
0.583251655273857	0.539441630175633
0.370501391944489	0.15175216456725
0.588903469992062	0.635936183229777
0.812749826564809	0.602445418988075
0.822040084029773	0.607321763401269
0.0995121353052794	0.0298057460236983
0.134055214227096	0.0350949903423807
0.934461310992546	0.251621271524724
0.987265919919462	0.382002213719781
0.375248622609592	0.155544577577489
-1.05606253438879	0.526974504507941
0.0886050428589566	0.0381478773772152
0.157581252041536	0.112428013058832
1.3976855949006	0.913229219308446
1.20779325932521	0.685303711457614
0.428275156998023	0.287274041910105
0.459641199078023	0.165458043284872
0.616267256417787	0.285994400379842
-1.09225704489756	0.460976707716774
0.932780241498866	0.253570251530169
0.134055214227096	0.0350949903423807
0.759121019029111	0.299518498125976
1.26334127462784	0.579536363224572
-0.642190501571802	0.161710387629989
-2.5751546058236	0.734578643495464
0.624214008916153	0.206232457822621
-0.391911501912874	0.117579348986781
-0.642190501571802	0.161710387629989
-0.46639330365123	0.212016343799722
2.06487564883317	0.961258376907113
0.454296484999129	0.273446306040968
0.0896283190509358	0.0329214199534282
0.353382182638031	0.307116584435366
0.502704109796979	0.408869696311391
0.133291542042425	0.0818083337641232
-0.780257488020119	0.283070259872901
0.310495852399846	0.159303494034642
-0.0962419871184822	0.0701005155385038
0.627217318738853	0.74939388650947
-0.278937860622937	0.227911335042729
1.19880519711047	1.15303431311889
-0.107109830373864	0.0893477589541165
0.281115581209707	0.291140179604206
-0.0487566215167349	0.0370026639459283
-1.45202486570887	1.85669392557094
-0.624240232371816	0.688837866531454
0.516832686486008	0.425681257887573
0.0283935296505289	0.0218796847567165
0.64146182409056	0.526531262648364
-0.159331803879262	0.067872764367876
2.76068911076416	0.834413169841194
0.131006167635027	0.0328396066414176
0.628675497034696	0.296809851206214
1.21087490361953	0.696545318873798
-0.00997630737942866	0.00549649391129086
-0.936367323642017	0.767476289055549
0.0851243536251453	0.0326328772165384
-1.75538677845467	0.942966607459937
-0.391911501912874	0.117579348986781
0.157376252038133	0.0320040543511302
0.32075406926917	0.139776953541831
0.103709602481913	0.04909085601334
1.97118188729217	0.519035878594205
-0.158787592159137	0.0683930799468978
-1.04990702564731	0.551080873104381
-0.543634915555162	0.304032387262377
0.135608227638874	0.0843022638390304
0.089473019631931	0.0389327053894575
0.985496471514131	0.390439575213324
-0.275934841072633	0.137460610897163
0.75415061114213	0.33272994375613
-1.90371468440599	2.45138484428621
1.19941400138353	0.7937688000684
0.152419557296397	0.104476249362014
1.03270677481341	1.05172003814256
-0.593268214617304	0.389091446031815
0.746233417480887	0.436756970645214
-0.546199550256704	0.294684737047594
1.18990963527271	1.1354968148009
-1.38888368445247	0.880014323229372
0.752741599786876	0.318509220243848
0.0867758985368631	0.0372302393158765
0.70054001112129	0.578925351470243
-1.09129791721178	0.473002093574455
0.155829146463452	0.031555170264943
0.131875259814366	0.0330478407707225
0.77532069362779	0.818725732548923
0.585784280061807	0.633634333142183
1.21186324734799	0.682359046275056
0.0775386364146095	0.0539617076297889
1.02364537770989	1.39508488957825
0.151445697568565	0.107305534652321
0.271505312398363	0.196348301467338
-0.439089930082923	0.255867422322371
-1.87255489502011	0.805006159588165
-0.393717748716182	0.120006998669756
1.42365420901275	0.486816559821607
0.083364303669693	0.0278306534832984
0.456038886952729	0.160025787548024
-0.28226996239096	0.0968292699610618
0.750881656308406	0.325827943106655
-0.847274297963773	0.570463939478514
0.733274658638609	0.440364369276597
1.05630775322178	0.817977360116379
0.996382964323204	0.492275925859402
0.342822018390754	0.150059102588241
0.619713851501106	0.199126209354249
-1.78593882430978	0.438502679264093
0.102462536993614	0.0312982295035309
0.552185801854929	0.293049827069017
0.835839296065074	0.464928465157793
-0.586136581048264	0.241536581895022
3.254585846148	1.14756036262443
-0.642190501571802	0.161710387629989
0.134055214227096	0.0350949903423807
0.935459494940097	0.251493140527709
3.25316226854424	1.1543969470556
-0.642489378014278	0.163742963398487
0.0770018918705454	0.0263415974897563
0.93947293772396	0.243125882854945
0.105307027477797	0.0533860539859636
0.681150632801584	0.425600899061945
0.700390916812335	0.583918479487847
0.934119453302454	0.259434889433519
0.986101223995725	0.382720393109243
0.161271170537599	0.121779959973851
0.265141093542521	0.181536433722814
0.377504323971081	0.154381087768881
0.313166460218348	0.15677028878669
-1.55320340498048	0.826619860074114
-0.506043354372696	0.352961930762653
-0.212529814975619	0.158459966458974
0.823059552942403	1.09904572654136
2.09993988048375	2.11896991679487
0.173065695065868	0.145034268542589
-0.0312925172117597	0.028698392516046
0.26675261605579	0.206664414616023
-0.800691899175528	0.8778765104484
0.0228727725238065	0.0176452039636516
0.0108067866000308	0.00799897331378367
1.27361855746936	1.81859176948017
0.137105047028005	0.0341560549509494
0.137911084131349	0.0345700868305953
0.378061633127794	0.156892679811585
1.00002969588235	0.510670270468513
0.0716773522953516	0.026221188719925
0.607587435980741	0.423792140803657
1.51013545277657	1.77977495827211
0.749447668706056	0.567310129702513
-1.55380926215957	0.570582686664085
0.304501194028645	0.154513392054866
-1.16422046382215	0.359838254517685
-1.10030041299074	0.460148928800768
-0.106842402428919	0.048961666350476
0.101279917026426	0.031103992357174
-0.779624912120717	0.275479486957074
1.01855463947854	0.585357898626139
-0.0731205486275243	0.0355465357342034
0.0862566482611009	0.0624424188386679
0.281153534671041	0.171187793179644
-1.86930286078243	0.811679250835112
-0.29329508425016	0.155082966389517
0.62298158143032	0.54498656713985
-0.417690975026869	0.337919915220932
-0.29329508425016	0.155082966389517
-0.444617641040748	0.261024496236802
0.355110955297685	0.305163511507296
0.497287703197992	0.281590464355736
0.460854912766527	0.167586294800877
-0.162333471661161	0.0694744792868073
-0.463985216801275	0.210241774976967
-0.592797666900322	0.240190396984406
0.750562427989623	0.60147119467121
1.38265363457611	1.62730238791614
0.618470563051444	0.194253316345752
0.105992285527341	0.0317813963724559
-0.370239509800884	0.18169644609744
0.47818345493705	0.569634038723478
0.703161245677449	0.674189866763006
0.273010511933253	0.176237557751609
0.9024123077466	1.04755832973574
0.255315580765908	0.198047408307693
1.19598702849916	0.968439196193569
0.573351422852428	0.432982559394504
-0.836922137291181	0.56968979559019
0.433252995135764	0.298670036963559
0.0960983244651062	0.0288082267016384
1.78056674634186	0.714254895203112
0.151739002206461	0.0305590186742379
0.0785176985621418	0.0268979644396717
0.114263900739606	0.0598398198887002
-0.373162798502495	0.23523443423999
0.375508297969343	0.154250432471742
0.763445690900315	0.725594514887562
0.764283089448174	0.722116358755967
0.0971340162550475	0.0740245246474279
0.486901996382842	0.402861352660643
0.26324649082647	0.172776434838534
1.00197872664751	0.49736600071763
0.493061749465108	0.285857786287888
0.93947293772396	0.243125882854945
0.137488721234064	0.0350378725869664
0.134055214227096	0.0350949903423807
0.506445772251488	0.399538713727498
0.752490650730316	0.328528115687303
0.748036460780159	0.318980374769638
-0.784785185175538	0.283807885980878
0.106466321058559	0.0325705409458002
-2.5751546058236	0.734578643495464
0.111622178429935	0.0318422466108672
-1.56048411294246	0.853460437333307
2.06083680322181	0.933096144031891
0.157205444439455	0.0315258361215739
0.0867009668262325	0.02954368232303
-1.096902421779	0.465714266463174
0.104810382414038	0.0315902356824143
0.108098906189789	0.0313620413032603
0.998911325095772	0.511296437570494
0.994160950804081	0.48872978586122
1.20399555422026	1.14857167734302
1.20640976619967	0.693091425134803
0.990660628077156	0.363890657885816
-0.693643150048098	0.43275722927982
-0.432113661356761	0.316025900777204
0.715255896789209	0.679435431104803
0.816630243983024	0.943102286700267
-0.11894051248973	0.0542999018370261
0.102492084038124	0.0842192769919418
0.458689255415665	0.392497669574595
1.02524827619471	1.07140064399243
0.475519300753717	0.428971328199494
0.759340883053545	0.578273441489596
0.160376817863621	0.113607106850427
0.905153069693189	0.594864262803677
0.326097984310278	0.148305824079129
0.308622605308023	0.152775428951703
-1.78593882430978	0.438502679264093
1.50551367158244	0.754683947724502
-0.385615309025223	0.115960720203465
-0.84234909627156	0.368042772125813
-0.695279384780052	0.441230007727894
0.353667731251742	0.306848242113164
0.0898514141658088	0.0341835401696441
0.134055214227096	0.0350949903423807
-0.283836647229341	0.0940940572078076
-0.279301819785541	0.0929450301209328
-0.666251397669843	0.336785336618551
0.463069868571612	0.172876337095916
0.157376252038133	0.0320040543511302
1.42191243084037	0.481329111904226
0.928250860984743	0.252367083560708
0.0785176985621418	0.0268979644396717
0.289930355362628	0.160675201368239
-0.0754545912754099	0.0354942155629062
-0.371042011641222	0.165698862529758
0.994998694652817	0.481114482509544
0.114414958561983	0.0592104929251548
0.281749456276295	0.189414915936553
1.19381448176886	1.16206611261842
0.80887222619971	0.729774159846779
-0.913631542345342	0.826369399079123
0.609728273486068	0.426619742967812
0.432989935866817	0.293801904583833
-0.461802264011016	0.207870771479338
0.125497687766337	0.0717918828820596
0.0852095309252077	0.0332679475572966
0.0983279314227465	0.0288986240340562
0.0954901530980906	0.0413677233438469
-0.105745684373434	0.048566805514985
2.05690178516483	1.38128895780865
1.97453329822883	0.509318601711608
-0.781849403214983	0.283680842236295
0.0839924009611708	0.03226291612389
0.984331134375082	0.391220929591653
0.624555066495811	0.29954513242504
0.100423300947069	0.101844955550916
0.192730983470225	0.218082898164481
0.309704269944116	0.401271707446859
0.576512920511966	0.689626637872412
0.25339305153688	0.209490617408748
0.170600637200124	0.135631950878806
0.6490679362023	0.665119929146889
0.398966464199111	0.271079509671888
0.458547540391706	0.166540477166596
-0.286361464461504	0.145819851345115
0.260793104825638	0.185216839016863
0.0191936524604037	0.0104918677961551
0.144513899078509	0.0925233346903005
0.624108393817335	0.300273357864464
0.744583113572289	0.307710917164352
-0.643835551953249	0.165404098536463
0.62816073065031	0.199117754874169
-0.787063790110283	0.26762349011827
0.934119453302454	0.259434889433519
-0.281159069703148	0.0981044391984633
0.280897546987413	0.147175100845959
1.71608264343448	1.2858115712843
-0.547173839689387	0.304130341160929
-1.08559602267557	0.919762274029856
0.380494304771042	0.296433499210569
0.0595860969986863	0.0403868221085804
1.41574761291587	1.56710123117967
0.401574364311834	0.278188030572276
0.993643281963432	0.45950741996077
1.2086216287358	0.698381304353845
1.20503639296544	0.636604040840793
0.106466321058559	0.0325705409458002
-0.649692961931011	0.162601931105921
0.625463333434075	0.205616970479736
1.42110686808989	0.473285696777816
0.402937650513861	0.308837472624245
0.45719054573139	0.291156772887083
0.953543088804004	1.03389994829552
1.5735972974859	1.10222535159804
0.105781171438585	0.0529828291485713
-0.38687234605088	0.113957457619
0.463069868571612	0.172876337095916
1.42322756290204	0.479205258087904
0.106466321058559	0.0325705409458002
-0.226899113437148	0.0838218018583128
1.42365420901275	0.486816559821607
0.0776343129917339	0.0303666011049254
-0.390661577894611	0.113771523474813
0.623324363445674	0.294734458944055
-0.391911501912874	0.117579348986781
0.37580822537558	0.156618549124342
-0.116105241945563	0.0515971647881385
2.71468538315941	2.8190853815659
2.75571284707686	0.834893809414133
0.101851005789487	0.0304995374228714
0.133188023621963	0.033275095155478
0.157205444439455	0.0315258361215739
1.50578527688053	0.745857698933634
-2.03971290662426	1.54006406419714
0.1694433525211	0.134908840744846
0.222433021016029	0.215476201071536
0.258507985139769	0.22864326492431
1.34819721593282	1.02664545993416
-0.0403306680300523	0.0322688072816861
0.00164391385771632	0.00144344818100479
0.511665277553022	0.588093374182002
0.461144235757091	0.283916991808358
0.757649562968705	0.321948343526545
0.931585733900525	0.247285453185001
0.100085234519901	0.0304622748614045
0.46823319420298	0.170755366799563
2.75716465447705	0.856515106564735
0.545420104826192	0.280985538518635
0.336417192203038	0.152666467992098
-0.10619607301719	0.0487671859589495
-0.042162664009296	0.0225493231602525
0.101279917026426	0.031103992357174
0.837168547194203	0.442409714783492
1.78001105513688	0.707897055469528
0.0730921171356647	0.0249068841859414
0.66563058503508	0.417620141232436
-0.38615841734883	0.115062787239416
0.934119453302454	0.259434889433519
-0.384015223607899	0.115136002703459
-0.158792361427441	0.0682922372056308
1.26741951524636	0.571159525573536
-1.38781922410504	1.16208745857081
1.71601019226245	1.36113996405794
0.0940930756555071	0.0414836959449533
1.00034227325385	0.479392496185355
0.392465073883575	0.281172495611753
-0.27942493693341	0.175775059143658
0.380581980876627	0.303709322823049
0.168079444572127	0.115435218971892
1.97589594857668	1.79065844401523
0.563725064355475	0.422609178312348
0.310514400007941	0.157423047583809
0.628854346175002	0.202606753467576
-0.287373732604818	0.152378838120346
1.26055881031919	0.552830570140035
-0.83619734863027	0.396258215966489
-0.359426332601734	0.174046207244927
0.464901668325985	0.172681502759963
0.105869564379822	0.0316265065865925
0.157376252038133	0.0320040543511302
0.977959017542796	0.375826847962743
-0.220493522706322	0.0858373609288333
0.274777184907014	0.175915141758246
0.667735221077799	0.42916867293415
0.125865759311127	0.136089174026518
0.463320909589818	0.560244125103782
0.480482870851152	0.679988524231632
0.357644726920734	0.390153127980205
0.285874838853305	0.348689797265457
-0.460605831532637	0.609486563224602
0.254920027933288	0.289762627903446
1.7515822146762	2.4397774241611
0.168480946046158	0.132750461427075
0.410202441374707	0.288416558063457
-0.190724027761089	0.132486512105149
-0.274266180263443	0.200593036113051
2.10147948598015	2.11178005436398
1.26741951524636	0.571159525573536
-0.0446686731237494	0.0238489928635204
0.370434982931991	0.306253173732646
0.391095907861161	0.285617128675747
0.686151538107542	0.7752991230791
0.542043145368443	0.424991342358448
0.753606110758978	0.325057825982307
-0.642190501571802	0.161710387629989
0.13617273196111	0.0348078928142129
2.06024667701915	0.940618357599958
2.75861764295678	0.824549587266122
0.0906017425336736	0.0391831134073252
2.30047327401013	1.02780573974187
0.458991880102853	0.423668037910543
0.610681837255933	0.438273966172864
0.62816073065031	0.199117754874169
-0.277138502065832	0.21440334609071
0.693825437205688	0.683992473479849
0.510475568347731	0.426180819621151
0.633029603235125	0.801977241619563
1.89902464225026	1.256013848918
0.934461310992546	0.251621271524724
0.745819717855592	0.322704336250723
0.626353692789401	0.202693100319571
2.75861764295678	0.824549587266122
0.377764868996188	0.155816693801671
-0.833919415224183	0.375129362137654
3.254585846148	1.14756036262443
-0.778454037494308	0.274606027434144
0.981498506373952	0.371096296364045
0.620956729636381	0.198581629955028
0.995017287265261	0.485511948809799
0.464173896639186	0.17167260536398
0.622972248346987	0.292469126697239
0.157376252038133	0.0320040543511302
-0.388519388840053	0.113815070080422
0.84006446502752	0.464926123560993
-0.163506738717553	0.0689783432958266
1.55803937162908	1.08592901076115
0.169047156352115	0.131457777898412
0.0781185055392143	0.027185752328471
-0.00925810677795079	0.00519074549030674
1.42110686808989	0.473285696777816
-0.389770505513818	0.11433484966131
0.135790792563548	0.0348333749263102
2.75571284707686	0.834893809414133
-1.17062204890495	0.365594250228461
0.0762293098220703	0.0296445578095493
-0.159926302839177	0.115729358365746
0.031924090468842	0.0241412567795356
-0.24476546952545	0.205976144787859
-0.730147711780988	0.622692255032838
0.262236855703142	0.224111349634107
0.358825747364751	0.326016474674702
-0.0228947819309651	0.0158121537485713
0.646768817068493	0.747209274837534
0.0952298442406563	0.0413692113563528
-1.17622005820633	0.351850058467558
0.985496471514131	0.390439575213324
-1.01253935930115	0.609898156282369
-0.611764944306701	0.450937414398219
1.06760256059224	0.867385024350674
1.33116320724221	1.20862057386049
0.93380439882526	0.249037682676712
-0.15120561985378	0.0625969506985082
-0.308443742958501	0.199232881544333
0.0742134378578095	0.0257965205330274
-1.16596771366689	0.370238974932709
0.086454026822499	0.0287836783373192
0.0785327932615103	0.0298390377661321
1.90241023256605	1.20089927039883
-0.0441020431706857	0.0223341542676381
0.0232592631625704	0.0142278550479746
0.0996372542117473	0.0299012444917154
0.0727847437477495	0.0515609146706304
0.250887937723559	0.188346516201114
-0.184821601124088	0.110506584842636
0.140072048997029	0.0910515675272954
0.153716003588374	0.110127023837172
0.435505408134699	0.300622542467815
-0.585750732050762	0.23548313507389
0.830612991756868	0.432059525591896
0.368859021553837	0.148105216054208
-0.583106848297303	0.233197045960546
0.507833948211202	0.419920706094392
-1.77032752161877	1.54005602262779
-0.38687234605088	0.113957457619
0.752490650730316	0.328528115687303
-0.780678061578298	0.273985197030131
0.336029245344996	0.154095070969898
0.952671345237204	0.764345653159027
0.672351939118859	0.442870823735797
0.514621520585893	0.701597875317765
0.13166304472711	0.146466906027292
0.0501756042249035	0.0443418598201249
0.216669628014595	0.230516183886103
0.329879370547626	0.372478163811569
0.742878638031025	1.33084171308917
-0.201918969160355	0.196353565697356
0.947712913343972	1.3358299476802
-0.141507860058086	0.0992635153743487
1.29158612619468	1.55387009034345
0.0631979189221538	0.0413714803313369
-0.176997679788438	0.098651814763608
-0.2306346685301	0.0780524113172695
-0.590441545302825	0.24273997127708
0.164855957282518	0.126595688938411
-0.273465089320579	0.207341092221988
0.0958300184628477	0.0765142829119827
0.572837702089471	0.41346570481879
0.870367361802395	0.867142615087155
0.626021020969377	0.202441140232469
1.42497049448482	0.484627447675102
0.634979542712377	0.184088450114989
2.28990290715174	1.16286344551313
0.378296305542049	0.153402494024623
0.462691769570205	0.168894757905337
-0.928526347161114	0.859018850338551
1.72297060468286	1.62248302635216
0.820805464256499	0.601968525199771
2.06715014894934	0.927692097975827
0.155829146463452	0.031555170264943
0.375801423441852	0.152128418034435
0.106466321058559	0.0325705409458002
0.0836622490053748	0.0292266687447064
0.106466321058559	0.0325705409458002
0.625463333434075	0.205616970479736
0.131067166561275	0.0326506183290704
0.103627257682195	0.0306301827891827
1.97453329822883	0.509318601711608
0.622964300445271	0.200951799928207
0.935459494940097	0.251493140527709
0.457155124405761	0.15563184087337
0.619142597747633	0.197658774394258
-0.218002800587779	0.0847309034950032
1.70936263449122	1.24600677878091
-0.0370051363205785	0.0184109131993539
0.834838118359846	0.445609342645369
0.157376252038133	0.0320040543511302
0.842257904979303	0.450112501680263
0.160599221384119	0.0319324278424885
-1.16673621652691	0.353746923713586
0.84242277904924	0.45781879381133
1.02082768377989	0.588500871484631
0.332508747780371	0.153308596845039
0.0197490335393268	0.0121181680646317
0.282781070236393	0.188377531766396
-0.232844824041014	0.13269280261873
-0.121150172774215	0.0753720640165977
0.0842032066087718	0.0331003360540759
0.151219927123167	0.108094655167517
0.87384819756799	0.743740293645779
1.72233168381357	1.33428152887591
0.746929425203615	0.322304509729284
0.621282456265337	0.198645955133022
0.467320082594154	0.297523351501338
0.0821400095482178	0.0316660088995365
0.934119453302454	0.259434889433519
-0.777974704162552	0.266474776205257
-1.52202297311856	1.1003297813248
-0.155394891158005	0.0650259267701459
0.273087008005352	0.173753208777751
-0.0169638559081862	0.00927403265660862
-0.15474588352885	0.0635063767249599
0.12801027628591	0.0328402957839567
0.74984246289549	0.326550597011606
0.62524761571067	0.190552142774941
0.128559574790037	0.0769510238646348
0.877713705928237	0.765327720346449
0.503153981243717	0.294950863477462
0.873533465647278	0.756955732937941
-1.27345305791313	0.998881294509259
-0.672807212696274	0.349643710125301
0.615004262870731	0.435818087906956
0.923481648921705	0.585006076928297
-1.0872222022263	0.458704578400995
-0.588919698282198	0.242854271595047
-1.22568560822148	0.736529232774376
-0.0464338024851509	0.0243198449046326
-0.222915636148811	0.121300549462953
0.107058539496183	0.0315982003154462
0.103643924424392	0.0307990021238723
0.137911084131349	0.0345700868305953
-0.280050495256059	0.0957453786530271
-0.0813341059938035	0.0390269455766208
0.0937455510602932	0.0395871670376546
2.67747088277307	1.66265080229054
0.22478917692992	0.219703209585761
0.196255283078737	0.216420018381419
0.747849536480107	1.12658618423892
0.328219634517615	0.374838605651437
-0.326537290528996	0.342290709830608
0.317121532987533	0.362246839446835
-0.079707770521136	0.0687147665499276
0.150259125945286	0.106431922901358
0.366741995042869	0.313577944156692
-0.636862677820251	0.508775544997568
0.563359128474278	0.541216816487499
0.875097274015237	0.750281915550998
-0.592797666900322	0.240190396984406
-0.842092921315721	0.391023035565893
0.269875340966415	0.182712129936946
0.0349802757327772	0.0217789888873824
-0.365638615194071	0.301420693246421
0.14009307415792	0.0918211350903444
0.889010600760646	1.17755898067991
-0.536186612169061	0.411910507050161
-0.129695314675173	0.0956115203083762
0.406704703951423	0.288907588983793
2.06041646310539	1.46344466000727
0.934461310992546	0.251621271524724
0.369703647771662	0.147445032299697
0.66791312225782	0.427100228286159
1.07377698237714	0.938414102664656
0.281489864060423	0.189700808438542
0.818439724176561	0.573357742657843
0.102033640198678	0.0488186876654144
0.412408453122662	0.29375444535802
0.500144723872524	0.292349613140484
0.471389065700489	0.160231212088632
0.157376252038133	0.0320040543511302
2.75716465447705	0.856515106564735
0.626425212255634	0.296735620411499
0.0960983244651062	0.0288082267016384
0.132317236140496	0.0337294970472214
0.982685861749079	0.37889071089191
0.157205444439455	0.0315258361215739
0.103045998295941	0.0317521774583255
0.104075776398343	0.0297256758514633
0.135790792563548	0.0348333749263102
0.985496471514131	0.390439575213324
-0.583343509888193	0.227314930190062
-1.55599292368971	0.57972200926779
-0.83619734863027	0.396258215966489
-0.282821156918564	0.0988815735560713
0.819859122556898	0.731434562246314
0.469555349379759	0.291176206776755
0.0704227807829386	0.0254746215898508
0.103627257682195	0.0306301827891827
0.987265919919462	0.382002213719781
0.0949765586027975	0.0398552566330166
0.0866103278635036	0.0339256298544401
0.137105047028005	0.0341560549509494
1.42843585003349	0.476261696112282
0.934119453302454	0.259434889433519
0.983864395710949	0.380362548270328
0.834671608758481	0.459488298005592
1.05931534083181	0.808344945656735
0.335253839367856	0.152166799654565
0.755673930124711	0.324821725710155
0.612384960848834	0.420508642968183
0.56117050940835	0.621548126394376
1.19238918943364	0.815367134826301
0.135790792563548	0.0348333749263102
-1.34527891508148	0.651688160314293
0.860823144895057	0.876574452256977
-0.726187609559807	0.667251519731439
0.14456097905172	0.0971549955196586
-0.921094852451668	0.871066538065799
0.41744474537538	0.409666173579558
0.348385577095133	0.311574086955311
0.261952003870228	0.206030680144616
0.472659145200801	0.42317553994067
0.697489202871528	0.551418270079675
-0.724967497692644	0.649490823837912
0.554997242740984	0.293014016712296
0.626962875689065	0.291538953028874
1.78056674634186	0.714254895203112
0.091838002606492	0.0333541103574107
0.982559464495798	0.376598966944368
-1.55201817478104	0.568690140227518
0.37274476213234	0.153301824766117
0.373313696706451	0.154595118914839
-0.0726088839175634	0.0367477728992033
0.106063682268872	0.0513611590794968
2.06487564883317	0.961258376907113
-0.832792489807875	0.369402787200241
0.134055214227096	0.0350949903423807
2.06192892322831	0.945450100823738
0.376637730958553	0.155728468588177
0.547572158350015	0.296057759291339
0.840014149805397	0.466906847694853
-0.145015303583805	0.0900484912604515
0.393789177215505	0.290418149055108
-0.837579130636111	0.397265079151081
-0.0902868993604633	0.0585734945205621
-0.0612324561801435	0.02819564170115
-0.468584653213005	0.20596537102688
1.78307887847796	0.709225455677425
0.624214008916153	0.206232457822621
0.291377990928682	0.165077684534835
0.0806138544147262	0.0314527820697679
0.62524761571067	0.190552142774941
0.463069868571612	0.172876337095916
1.26334127462784	0.579536363224572
-1.86633885974437	0.797190444648949
-0.701854530292756	0.405774820059691
0.110279556749812	0.0517255165198644
0.303180262757565	0.150575300733728
0.131875259814366	0.0330478407707225
0.438921121467877	0.48579831470587
0.206045430392487	0.221334864669948
0.673481703701207	0.984778805547207
0.157695394425405	0.155628308674651
0.141353233012037	0.143534166768667
0.967999601861057	1.51808500590483
0.427108962675135	0.401924206206828
0.580532845431937	0.644616792641879
0.250192494966994	0.213245567081763
0.247359482614218	0.2169510968213
-0.0300920496127297	0.0246029366208668
0.0103923745602226	0.00916709290732543
0.0188904205203777	0.0173498757443362
0.121305111608387	0.111616036040018
-0.0634297892692082	0.0425034961454453
1.13627500560028	1.36405867304703
-1.13643899685727	0.805842891020426
0.259724338340194	0.201164371212276
0.263051835659498	0.198796809419603
0.0822565350570141	0.0280498452628625
-0.38867154641124	0.116922334373934
1.19467864801575	0.984492317345722
0.65813498218083	0.55998748245003
0.185431090446814	0.153875565008532
0.489800522916897	0.413674682497694
0.713478887551214	0.805134253880411
0.012161544964296	0.00725982696695187
-0.44408363464601	0.387047345042371
0.313565121862151	0.159453300649876
0.42714325513834	0.278133818764762
0.986077244662122	0.460291135767112
0.617900015159401	0.198196728181155
-0.392468120669668	0.116017478015132
0.0797533503770951	0.0278103540498117
0.43451122089726	0.296919221139649
0.692895259912288	0.574497356914239
0.39118005413716	0.28262083980248
0.409840228118183	0.277522622595002
0.113196298646722	0.051948352569886
0.454110176217936	0.163746990319039
0.46823319420298	0.170755366799563
1.43290584456787	1.21320797482792
0.321639563041543	0.154567099933924
1.03314391849153	0.639094335478729
-0.385272828569602	0.115675713537293
-0.642190501571802	0.161710387629989
0.632815166132638	0.194064298367982
0.374990044057072	0.15359158120241
0.627270637170638	0.20187306156162
0.620956729636381	0.198581629955028
-1.34164209818358	0.639368302467975
-0.646694736870845	0.160883900344644
-1.09246776303665	0.463866464916371
-1.17368485580687	0.361820747350143
0.459276540699918	0.170099779410914
0.552796987265029	0.251062207330857
-0.844472085042818	0.487812374671431
0.284234945399962	0.170794587054736
0.552280860059946	0.293557551308311
0.157376252038133	0.0320040543511302
-0.662859637338616	0.341470240944622
0.104228258880499	0.0319441294807729
-1.16424350855308	0.360841733317147
0.134477423644699	0.0339077240788829
-0.649692961931011	0.162601931105921
1.97118188729217	0.519035878594205
0.980915453669032	0.387196291764176
-0.361932123360035	0.179325288797912
-0.314684923765696	0.206561701256516
0.295140226964904	0.164445940604002
1.20708016124934	0.797296409799363
0.383890385248296	0.15553924319242
0.743766069921662	0.572679029986545
-0.915244344679681	0.856650168003953
-0.223804285507181	0.0843318781499821
-1.56071508531191	0.881357765853489
0.101439999817291	0.0483391916608687
-0.11906686754781	0.0862025083660278
0.277996137096416	0.188055084404626
0.679337388433769	0.661101658429086
-0.422857494184654	0.298161576546048
0.617211852623712	0.536751977137774
-0.589996054993478	0.551438282388997
-0.097404911518429	0.061964327822941
1.28735878981027	1.41557954793937
0.463194631341023	0.507925123165534
0.291583039284007	0.173891771757632
-0.0697189641015299	0.0438414116799708
0.49281135275323	0.273893808491764
2.68274031998524	1.68946000036491
-0.390325964013588	0.11608136463155
0.459180415733866	0.166160604374828
0.0832661240738044	0.0287751367657779
0.103045998295941	0.0317521774583255
-0.371160116210258	0.161533603643828
0.671487527798671	0.446095529496139
0.982547974174287	0.893605687435074
-0.160354911430636	0.0680799420359369
0.375248622609592	0.155544577577489
0.461397746740608	0.171369029815336
1.97453329822883	0.509318601711608
2.06943597365829	0.868992226788908
-0.0437892347134876	0.0230442278626084
-0.0746957273443306	0.0357339121717729
-0.191322038628602	0.110530552987379
0.277933017961529	0.166726886299911
1.29381507338241	1.33947260770309
0.993689534660147	0.955348254254219
-0.286059144076533	0.151154308515643
0.465465381686127	0.174260018652835
-1.75205328749808	0.98969795410877
0.0768523916691063	0.0267928003360428
-0.387414800382299	0.119080555694114
0.534839557663097	0.23878549011271
0.12801027628591	0.0328402957839567
0.105296148880279	0.0317460699126118
-0.595979076022663	0.244250852954832
0.553686238739729	0.291624498502172
1.43059504990891	0.462286444117799
1.19298605733645	0.825872237277202
-0.254444017063426	0.165015617461356
0.554905858135453	0.294421889010528
0.390762812072285	0.458059709154088
0.35997340511941	0.444691980732262
0.823693067836747	1.38429530568664
-0.04571467157558	0.044138887069279
-0.456033055003894	0.45778869755024
-0.850206544418842	1.03597732859082
-0.244807623561369	0.223976014325041
0.0615239988252168	0.0543795502077937
0.267650129349331	0.28141047732563
0.20511568287622	0.2229286421765
-0.158869723677679	0.173723695327269
-0.600221407099569	0.837259785516527
-0.127118740384473	0.0903257243114654
0.0603853515393858	0.0410168567028708
0.534738011832685	0.409770426932253
-0.0051778383582546	0.0032665776716297
0.387474069358908	0.306766246944851
0.299155543580269	0.139771115336247
0.932780241498866	0.253570251530169
-0.124464521414981	0.0916467073880663
0.61407345473726	0.421502540910946
0.330883174989419	0.28624912186065
0.656992233941863	0.57330615466104
0.354205660535306	0.314758134345949
-0.820452618847575	0.796692842662627
0.261952003870228	0.206030680144616
0.744988327629517	0.515094776570698
0.498216006450837	0.284129172807576
0.0996372542117473	0.0299012444917154
0.626021020969377	0.202441140232469
3.25683619199715	1.1557797678142
1.26684933234174	0.587948962602121
-0.792406599242543	0.25909903309683
0.11850842194954	0.0664870957969365
0.465195626891695	0.285237746870242
0.864870278165747	0.891082733628213
-0.0430545206771712	0.0226288226210762
0.74186756368483	0.45469246983488
0.0921802699156925	0.0397085545613115
0.402012626263829	0.302423357725886
0.828618419384101	0.603051845431971
0.871585020250487	0.765879035457433
0.497047875235141	0.28262975145687
0.997526713683845	0.507841081738223
1.70477642665774	0.952052259106276
0.461460902691025	0.166538731783549
0.932465440987119	0.256778751447003
2.75923265308788	0.836083273652134
0.104700368657167	0.0319205339675311
-1.17021146150914	0.362357573437504
0.139228228980447	0.0347976130633353
0.0831388086054501	0.0325441921700009
1.26055881031919	0.552830570140035
-0.371718844309875	0.178778600415411
-1.00531132055293	0.611584885285673
-1.05244078910858	0.558380071180213
0.621155457408384	0.194170392898925
-0.460743468536459	0.20944737454361
0.628519863854362	0.19652190193655
-2.57363737751083	0.71619611725614
0.935459494940097	0.251493140527709
0.935803053851377	0.251484404125009
1.42322756290204	0.479205258087904
-0.28513540617596	0.148720871461971
0.0776343129917339	0.0303666011049254
0.742113568721532	0.422283655544178
0.541564099859902	0.280812677421613
-1.0930129160133	0.457794321807033
0.752074294411631	0.431401643632444
0.440469584864481	0.300650026881437
0.0731423739394255	0.0243138503645248
0.288909715354961	0.157251510942883
-0.467197690085345	0.359387503963673
0.889199055415858	1.08699007351687
0.0851819051673344	0.0296652672214374
0.376637730958553	0.155728468588177
-0.839867264808577	0.389134108537863
-0.156647302436152	0.111228211977364
-0.634336817319202	0.509732255012701
1.44622249048277	2.39859598201221
-0.413829537148834	0.339604047885549
0.422811684061621	0.411102267828885
-0.218564566292117	0.209818836335828
0.532697820646707	0.423476479791208
0.0419063195862161	0.0255191503728507
0.156223516610494	0.0999810944424291
1.01840424243572	1.02825937019196
0.269548498778597	0.152235603322446
1.7148952109831	1.30249731366534
0.622964300445271	0.200951799928207
-0.295298415965055	0.152453184992983
-0.703893337491093	0.428789340589449
0.493061749465108	0.285857786287888
0.134055214227096	0.0350949903423807
1.26741951524636	0.571159525573536
-0.642138753269614	0.157338749699546
-1.78593882430978	0.438502679264093
0.977508083966328	0.374996717181427
3.25909898668657	1.08763519748047
0.276330603586696	0.176905544050246
-0.181913569017969	0.123722205499913
0.662664193728618	0.430918385290223
-0.15597423846177	0.113357569721732
-1.27324905579538	0.988218759574265
-0.163355203813598	0.0695636587592439
2.06544631946517	0.914262278115501
0.750552205337791	0.312090653411358
0.450665400225773	0.158170183686056
0.101279917026426	0.031103992357174
0.334717442090883	0.146872774214171
-0.22516801812124	0.0832798062314988
-1.55727048534596	0.585943810302311
0.314784492336423	0.159800318309179
-0.697981470389278	0.431476370132966
0.997242539712781	0.487404487633906
-0.642190501571802	0.161710387629989
0.328304011035543	0.449356739569436
0.336747514732854	0.453781287345468
0.609036964000325	0.744719181743221
0.834819504020725	1.45789625575034
0.343645927037347	0.42889353112117
0.6039178916786	0.739286267057854
0.112903773224946	0.0921576508922286
0.250761998792991	0.225337358338173
0.604442259652713	0.659656286944367
0.0699557549549173	0.0616024153432035
-0.54614496233982	0.732221071211828
-0.212658904437336	0.200298728840864
-0.285761481819389	0.293728178257954
0.102493406835488	0.0826531607863743
1.20559304254792	1.39880782882138
0.162795411892301	0.113600233174292
-0.0513544745883291	0.026511373685873
0.116240410824577	0.0633022606574709
0.310514400007941	0.157423047583809
1.72354007816024	1.33205308303317
0.557676865068102	0.619262180059508
-0.0202105031623064	0.0110331417036936
1.02640661015655	1.39637177044637
0.811187649572622	0.730852031877491
0.115170844539572	0.101223190278295
-0.365865384334231	0.269057913051576
-0.0193000491296544	0.0132816805191695
-0.359426332601734	0.174046207244927
1.20054339336738	1.00362699814149
0.627270637170638	0.20187306156162
0.93746066163975	0.253998127728779
-0.648351421415575	0.16103383582639
0.158753727426354	0.0319702215245481
0.752490650730316	0.328528115687303
0.467131791091396	0.170805479480064
1.00037932368424	0.925851338364755
0.503956347442408	0.288372652442285
0.625860958960487	0.571856741939809
1.31766785885169	1.17033723930962
-0.663638614479505	0.333922189205383
0.0785421687019815	0.0304722890036789
-0.0443116967640035	0.0230832578108963
0.11421920523957	0.0609291526374403
0.897519934719822	1.00030489346077
0.26769110723834	0.174723745651926
0.258909377341998	0.218304656311707
0.759163817756831	0.324219882716138
-0.64084325135703	0.160134884536478
-2.57363737751083	0.71619611725614
0.134477423644699	0.0339077240788829
0.134477423644699	0.0339077240788829
0.31305065344249	0.159744932906783
0.549154288281363	0.291019345415956
0.0796325750086788	0.027755792309614
-0.584621424935269	0.239428801765675
0.700962834423225	0.579693099439997
-0.167541715484347	0.0693594727346167
2.06599414555838	1.46728303558719
0.075363074320956	0.0287103310218686
0.329664973733363	0.14750810766704
-0.149340152958071	0.0929076657637487
-0.642489378014278	0.163742963398487
0.0929663492841127	0.0412464833746394
0.431534413020112	0.287858295261014
1.50634333969715	0.775850955573081
0.618178937309728	0.436443548993034
1.05361532123682	0.775505635177597
-0.712349290125151	0.523627275212395
0.447650208912827	0.147607555053936
-0.965554891723082	0.75393430328094
-0.115253637092068	0.0704613597287762
0.533276206753477	0.534335882094891
0.116048600024907	0.061561861761112
0.0835289363343475	0.0288207649669139
0.338388141285621	0.151666915149997
0.803133925771802	1.00829576967384
1.0231156654118	1.38178993550182
-0.101330169614021	0.0859677950218558
-0.276304887707316	0.179163916510707
0.0419776336944917	0.0335154803178937
0.387986022425867	0.399032679149344
0.513859426526824	0.399430796275059
-0.434040308576168	0.412400144343317
0.169939729569284	0.125346352903004
0.985041686970382	0.377024165300835
0.543636205856983	0.280861777021532
1.97266332953	0.514407739913456
0.623422381438193	0.298589421519288
0.299449882408341	0.151269583601445
-0.371341375398827	0.222850111405922
0.110935152502305	0.0574734004207443
0.62365390775712	0.198464355288851
0.840038285779373	0.471425583731613
1.03058188758416	0.643036527414715
0.465465381686127	0.174260018652835
0.129757279790636	0.033278997874612
0.0967065039296332	0.0296609893650379
0.550201243922896	0.295961740279646
0.38031253871925	0.152940293112242
0.697409467509971	0.569305259469138
-1.12169670934205	1.36649558751202
0.117260222581767	0.0590769057516858
1.06263374411219	0.806092441490929
1.98639769272824	1.85207742129692
0.334071823356121	0.152071366368868
0.932465440987119	0.256778751447003
1.0560991448852	0.773249087721256
0.103045998295941	0.0317521774583255
0.616657021139255	0.193360272717834
1.39430887983163	0.886765123503836
0.438756244828927	0.300898382156824
1.97118188729217	0.519035878594205
1.26318479182265	0.545971706405521
0.379698459789669	0.158166969036568
0.465726544616884	0.273293426346758
0.108548545689431	0.0502549801599345
0.309043937636103	0.15487895871924
0.0855470911278606	0.0364954861702753
0.758052538845137	0.324366577950008
-0.78361160922026	0.290242048778392
0.451057616576104	0.556549571397307
0.428704338652553	0.553135968801063
0.114730584593168	0.106761969463833
0.392924264097993	0.402547037195529
-0.0764445662338579	0.056922494174047
0.464422013075032	0.655704905588398
0.343758013825633	0.37674482365476
0.413406377209582	0.528542816726672
0.14191355539303	0.155577808115081
0.294407925022789	0.390273439529604
-0.170838651437582	0.167275891565272
0.30738852941573	0.300366368687109
-0.0889547582874384	0.0655244999610523
1.11042005206683	1.6387778530376
-1.22279214447156	1.2623418195354
-0.845164845407138	0.575521706944138
-2.14864305206463	2.3230648983777
-0.356896445058081	0.321941035047873
0.10229860492412	0.0818677127404254
0.290969271287073	0.305092162649061
0.741873461769766	0.885936440514321
-0.356701031785409	0.337156193169745
0.305451408822654	0.308551177048231
0.668450095928233	0.761051762946214
1.1349964654259	1.42881761412681
-0.238864749812629	0.130548578012464
0.290312525193064	0.163415515678181
0.313685152655472	0.160278702247281
1.77875508171201	0.70553941258921
-0.287343287652806	0.100052395781568
0.132317236140496	0.0337294970472214
0.93947293772396	0.243125882854945
1.42497049448482	0.484627447675102
0.822708951607754	0.962192162724807
0.616777204645619	0.789715276853289
0.654109533665123	0.67152226973491
0.27012856544958	0.18261897537864
0.67166087070459	0.445603727005801
0.998911325095772	0.511296437570494
-1.13675929468197	1.10783254454568
0.313926267131252	0.155236861827332
0.802111738248964	0.694756866466354
0.0310440912941756	0.019578306806778
1.4932352681466	1.19891660654689
0.419728395957909	0.418723758058241
0.464429204515072	0.281477681433063
0.109448891342135	0.0530040072356142
0.73965706425338	0.445297675371147
0.103045998295941	0.0317521774583255
1.42110686808989	0.473285696777816
0.442782654557449	0.494977266328228
0.263635570383511	0.204142467169796
0.439510970232835	0.396061482619348
-0.0255880338616265	0.0170833444205566
0.624555066495811	0.29954513242504
0.62538342912884	0.304058194527798
0.374990044057072	0.15359158120241
1.42365420901275	0.486816559821607
0.974574753714996	0.372135739368442
-0.590052721678399	0.244408072677239
0.106466321058559	0.0325705409458002
-0.391911501912874	0.117579348986781
0.934119453302454	0.259434889433519
-0.458243869196295	0.203199620555124
0.381689952467148	0.15490869408327
0.842257904979303	0.450112501680263
0.570022390395637	0.434611279311982
-0.120084598585506	0.0743647353124574
0.420075396208861	0.298017421117126
0.543147062881032	0.28081237265328
-0.168717059389865	0.069427867342986
-0.0768658157541701	0.0379469556755454
-1.18910768489955	1.09242906170632
-0.725829744003129	0.64882980435525
0.132742993973497	0.0341362592279412
-0.399487692961155	0.113835824416484
1.78182300641983	0.716673311120244
-0.380249424447147	0.2318585897223
0.151923457943398	0.10493269369218
-0.113660885236698	0.0519363964435727
0.440062409654332	0.297407354114569
-1.14919964865533	0.819419791761703
-1.0795345975867	0.886421932428299
-0.283554504638585	0.0989113001367016
0.663464771015327	0.563886174551506
-0.563226202062319	0.607928524998058
-0.877212012083471	1.03433799109138
0.660586351773354	0.566218320154577
1.50161646007236	0.745644772682445
-0.0125034891072025	0.00691706699804125
-0.688546942775877	0.756372987301067
0.690390268774003	0.837898721162367
-0.000842752481021896	0.000614252612451221
-0.296099527983287	0.151034450644616
0.269461171328786	0.233897428631678
-0.0136932313934359	0.0110963922743789
-0.418246917766984	0.335266762075722
0.255997443091046	0.23824895201644
-0.677072559525897	0.779123449639272
0.375179514921607	0.306692867705982
-0.00299736638766254	0.00208028358118722
0.352573633372704	0.292798695003755
1.21454336416291	0.671540684654465
0.610729570574673	0.261556490665225
0.938676841282007	1.13658056180526
1.02937257274513	0.63362442432299
0.155829146463452	0.031555170264943
0.548703190709324	0.295664408857857
-0.837158291833492	0.564769911607958
0.370884408194382	0.148387294426646
-1.79072956232629	0.430508702225031
0.983864395710949	0.380362548270328
1.21425945071244	0.692587737931648
-0.226629935974013	0.0850861587615147
0.953713367995702	0.793680949654738
-0.20407183507868	0.15926697586568
0.268529245284196	0.167563301397104
-0.547908673735263	0.555752677480425
0.26530599145722	0.20927202726409
-1.55436688165169	1.73419549435526
-0.424381791446817	0.298560059753743
-0.0676216545115949	0.0334234105705772
0.272302279035031	0.174562817444541
0.555665741465812	0.285414376250831
0.84242277904924	0.45781879381133
-0.369283755226664	0.23081280932449
-0.0711796991774325	0.0352744923708637
0.139228228980447	0.0347976130633353
0.931585733900525	0.247285453185001
0.371885397819047	0.149380744345061
0.103901306759638	0.0492208789891042
-0.0282205157409455	0.0187628000938248
0.287381494240935	0.172119605583195
-0.390661577894611	0.113771523474813
1.20205287486231	0.675126403965044
0.53162071734396	0.615295378698718
1.44157195020171	1.9826105903526
0.0670342833429133	0.0465374605920407
-0.365879915014724	0.323308464800754
-0.224216546469103	0.210158782100182
-0.640220775173268	0.703481037354886
0.631226402308041	0.677849848978534
0.243622541060626	0.232823398982118
0.0230265599588504	0.0170456552137466
0.765766792200503	1.08182045877621
0.630926220563589	0.67419571603425
0.836061445168278	1.13301670390929
-0.322727260335142	0.242693996627133
-0.124232345887973	0.102384197568758
-0.324425575855396	0.246419706232218
0.0440909604184014	0.0279870435562432
1.49925040274671	2.59916077799359
0.734234687205319	0.754549745105317
-0.357519806225766	0.338570229683581
-0.6789388948715	0.749596016605199
-0.424742564774519	0.440931825386464
-0.565436228933983	0.601444128560193
0.0504750725479394	0.0426990625783606
0.176331288254208	0.156120785971958
-0.00089480492452852	0.000390514801344284
0.381557785619155	0.272775358046913
1.26233451671976	0.565899772964682
1.02619122735569	0.633012264774685
0.456511159653685	0.423882594592527
0.363006449474947	0.299913325365408
0.688293940986542	0.687454089018875
-0.192077124733406	0.132429757285684
0.856295000150992	0.973051195123431
0.5118837570521	0.42809289996242
0.419150113612676	0.291025213061628
-0.0924682399357055	0.0595753095357604
-0.320536508232434	0.204798030176431
0.939037778925868	1.10826530815185
0.559391435935376	0.535571949518863
0.159094645654263	0.112964748390572
0.148210886161125	0.0968885635380332
0.157128018487221	0.111287130242883
1.02588619562456	0.647441714319122
-0.0643215417668712	0.0428914965826575
1.08740089760797	0.959039647790915
-0.154598427330938	0.0658401733562713
2.50080737878826	1.40263608463412
-1.0890984073024	0.458554063451706
0.462502963352406	0.170193407126297
0.627789785231298	0.306541152822373
0.542780837787786	0.284744936845755
1.42233879882511	0.474017755843339
0.258973817490701	0.163441807898352
0.138009152435951	0.0857503213121656
-0.000658272626564958	0.000208893867761272
0.744355420534579	0.971884353721906
-0.0232569613757014	0.0181167847897791
0.27000307513309	0.210185202402381
0.770829134288973	0.710389302848526
0.432316588430111	0.426423745614982
0.259917504993643	0.183587024424198
0.367216592468401	0.295674172419722
0.118323629536421	0.0547633201607199
0.134431971418774	0.033494552676627
0.0821419985413776	0.0284762037426957
0.0847846516657851	0.0295255806080394
0.160599221384119	0.0319324278424885
1.26722517360603	0.53578296256721
-0.587267591030967	0.237507250879701
-0.614456480174973	0.462203910041191
1.26684933234174	0.587948962602121
-0.832543943660948	0.536252101915253
0.73627982254067	0.431023632980174
-0.180434676562674	0.124298850586344
0.957734231461967	0.792043038403947
-0.365156230011746	0.173671815967364
0.116313543547104	0.0627172556451777
0.286373439781422	0.150880559796274
-0.393717748716182	0.120006998669756
0.312825906414596	0.158677017645091
0.134055214227096	0.0350949903423807
1.08351763298869	1.25821144885096
0.417536779213984	0.299373770260788
0.759618986704328	0.589520739297695
-0.44851944672908	0.266871337666079
-0.725479160433399	0.585178507257099
0.40888951049188	0.281425184109572
0.107865011756199	0.0525950128380857
0.399614064699316	0.295679869250667
0.0327093363587321	0.0198164894158919
0.528953711056212	0.481947606918908
-0.419422589926478	0.3432113251346
-0.223743680637179	0.123762031786438
-0.569676793705567	0.485355613333086
0.656344091157752	0.582397501517114
0.420678945286414	0.297687512344633
0.919253590290988	1.35110449948839
-1.23341548031697	0.724646829247743
0.388314158023212	0.292125009226561
-0.0853528987717376	0.062981326332398
0.129332236064621	0.0732947680689433
1.51508479557591	2.20821063140126
-0.471749859427188	0.379928790650618
-0.156726387591725	0.122360691663989
0.68774441631999	0.861626871218633
-0.370218094931896	0.299611972674179
0.356319136535587	0.310947104635845
0.627789785231298	0.306541152822373
0.739492413252573	0.522212469303021
0.113737685221759	0.0568579666379325
0.123780477674289	0.0720049432850785
0.496501730173681	0.261505815197993
-0.38867154641124	0.116922334373934
0.286883190113412	0.175895309100354
0.464059734740081	0.294988946145596
-0.119890174185419	0.0748200771393819
0.682330158324999	0.531480754957862
0.651024542427714	0.563854400343951
0.820377751746359	0.855172228050605
0.0265368325596356	0.0158872777254744
-0.270520941285367	0.20424526293444
0.159387397756839	0.110870872417941
0.753079314581472	0.603847025934754
0.0932313549602699	0.0407704934476665
1.3201840533681	1.340993241414
0.99833878174797	0.480182751759751
0.120163138784868	0.0628240206836129
-0.19009095049404	0.110801028335022
-0.0733313650704292	0.0345421707909952
-2.34697517489445	1.27507589968833
0.931127310935178	0.251056752215475
1.89114645136645	1.1609117197473
-0.0233952409862804	0.0126289443671325
0.292615017324878	0.166498706991186
0.331864977579039	0.154408445547702
1.42884536885227	0.45746536315437
0.0715327496537249	0.0521158088658269
0.659546128624703	0.661838574886923
1.67213435015193	2.12317791280815
0.757716036872267	0.908020630083449
0.451232914513193	0.407001142589072
-0.925115364028626	0.856508762707956
-0.59473973094528	0.677057308929439
0.0357042811463207	0.0289277614538516
-0.260673602908953	0.243719968320083
-0.0101513914638445	0.00674052700704461
0.275799052258285	0.17768718086975
0.257335860365067	0.201054698491784
-0.824846280111233	0.781628976980564
-0.150812889811609	0.107977497333012
-0.0616325444940502	0.0412858713281154
-0.715765620628605	0.506473736630774
0.0106840079182362	0.00575568762956184
-0.629007088168954	0.524174538525983
0.775263156483578	0.839362581981604
0.35463994791507	0.326937864712671
-0.367391912231511	0.267398754346754
0.984389302925734	1.33186578454988
-0.220913501957989	0.188344197434245
0.363663350325594	0.297714108414481
0.814529104005351	0.751593937387513
0.0523848624438347	0.0354846670980249
0.859152470930274	0.858209941764852
1.0468300091634	1.17762720241356
0.11382042347754	0.0612710468341351
-0.499653987861195	0.337614444130194
0.387807726393128	0.275944700651805
-0.0162979986142581	0.00906222086904469
-0.188918336299611	0.108772766053836
0.286246138411471	0.169213721143634
-0.610755841507413	0.452504989976202
-0.375937169178214	0.230249093739448
0.985041686970382	0.377024165300835
-0.826696796100227	0.658817177529046
-0.164530349149941	0.0696226927657445
-1.09296163184436	0.467523780469435
0.130125441973536	0.0326182765155944
0.134055214227096	0.0350949903423807
0.0988096665763184	0.0425144503409131
0.748451645475753	0.317077958755711
2.06487564883317	0.961258376907113
0.746929425203615	0.322304509729284
0.37580822537558	0.156618549124342
1.78218805712299	0.712713328253461
0.390325965014298	0.279714830656097
-0.0933067748100845	0.0553348533259401
0.71313264730902	0.689212182004499
0.0131728929309684	0.00805442648444278
1.08017112775157	0.954635993981487
0.738344612709114	0.449818065625604
0.0753321203418176	0.0262254746883194
0.0797533503770951	0.0278103540498117
0.080880412101684	0.0282520029146344
0.464545068853424	0.160093767329829
0.10763488069844	0.0322597896295304
-0.469846414547111	0.207166313288559
0.10763488069844	0.0322597896295304
-1.27077325186038	1.00861825553612
0.294411833771239	0.160070537050565
-1.64672529776789	1.28144952690049
-0.668629276525226	0.343548368482443
0.289463070621555	0.185920232664851
-0.0721060713417044	0.0353822199729689
0.459236637279937	0.279725721876716
-1.16888539275805	0.358780551300271
1.42405202484043	0.472405810643601
0.622404875111649	0.199001544034778
1.71396706888279	0.989266370512413
1.7834448800888	0.710735848922727
0.388602179958908	0.287978076647755
-0.433434027618433	0.302843243564306
0.31403754311105	0.159539949524815
-0.437152379791922	0.305666829514313
0.732497689368121	0.80502180127729
0.0818137426618589	0.0331793033217906
-0.457537357090551	0.20691407279576
0.461031175991325	0.425642345241458
0.269023142922349	0.16847717036905
1.086050451014	0.980400911725146
1.42322756290204	0.479205258087904
0.272117663810198	0.173144673621075
0.0285435822747626	0.0212257649533882
0.522584890199305	0.412212837703776
-0.0214734048134965	0.011689501054645
-0.586136581048264	0.241536581895022
-0.970508446246107	0.727201785151999
0.452485211037514	0.408518872962348
0.12182202837528	0.061737281589393
0.275799052258285	0.17768718086975
0.972258123310931	1.02186575578278
-0.0631853712309332	0.0307043089661748
1.02802940992299	1.05111829528426
0.278397907483725	0.195755672557445
-0.0377446252349644	0.0196930350902557
-0.230191392294713	0.12773462679489
-0.287343287652806	0.100052395781568
0.37193740058801	0.150406173611393
0.736658270036655	0.696871924763866
-0.217884368764723	0.146704679120199
0.74984246289549	0.326550597011606
1.49057648284637	1.28562485691274
0.618816854838249	0.295541229153146
0.297436061353542	0.165840059093165
-0.0438288269440783	0.0290969753172855
0.101279917026426	0.031103992357174
0.137488721234064	0.0350378725869664
1.56618229635415	1.11432274937683
1.02612074172261	0.610514131829355
-1.2716197550262	0.939785049721648
0.0975925676847319	0.0404071226031445
1.47166056477919	1.92972422121199
0.637447345379866	0.730298770279745
0.171343177075436	0.156478872974959
0.551041993804817	0.534991183333676
-0.0464457321429019	0.0351486622895482
-0.283322022609405	0.264221467201108
-0.213134926490419	0.201239488429137
0.00705209227408056	0.00397612381809305
-0.0727981802573389	0.0538057678605467
-0.322089874368051	0.271013242661618
0.264887912240825	0.189313424569092
-0.109000714367694	0.0795474061011643
0.435646872004761	0.414668559475253
0.805353080968567	0.991444303633903
-0.365507361949726	0.266257127355898
-0.427897243605183	0.310253518494718
0.271965534003149	0.230431109187413
0.810023721259536	1.12034079439915
0.63612857058603	0.603488668218413
0.0794214429502765	0.0543718521887428
-0.218056895628842	0.178542080305602
-0.0676560694032931	0.0518173982277721
0.284610406816613	0.174384730228044
0.872824531347747	0.740168326312048
0.370356440151484	0.304550444537315
-0.186785155136968	0.13302194136689
0.46925341942442	0.396870531064231
2.3529297756696	2.03668437039833
-0.360170407826526	0.315354773602648
-0.654659686406383	0.630618259166448
0.458618004469267	0.289596883166052
-0.0879399592540964	0.0570573023995642
0.154041465814781	0.0989301036695579
0.259602829685284	0.180259318793796
-0.117481578208389	0.0723563331110758
0.0444118329532246	0.0288013257382594
-0.432311019905344	0.308802983526368
0.752083123838765	0.603852969015685
0.256817251953902	0.179788390538134
-0.14765601991132	0.0879421810353732
-0.730336326777506	0.608986772053405
-0.068361371266572	0.0340978361240501
0.28942636003734	0.160611238314692
0.115266594369465	0.0620024330538411
0.745346586465823	0.449035794298267
1.3046966527411	1.65080439585683
0.267181828023855	0.193451136297639
0.271406650584096	0.178755567762435
0.0237116898126728	0.0144560481422299
0.469827338403657	0.295351967575752
-0.365291421732429	0.302099798801441
0.0278050035702666	0.016958952658556
0.617639324592677	0.526244525782526
0.12731712302033	0.0734522249385545
0.54824426584794	0.272703838299366
1.56779816939623	1.13164867364138
0.374179710370652	0.150722625663075
0.542863302288273	0.279511779210984
0.674655818584779	0.441790189964274
-1.05713747134469	0.552342383582474
0.4982530187118	0.276704557123901
0.0394924454958849	0.0254314000680851
0.386491987565894	0.28558692468859
0.463510344157437	0.284320748760734
0.465675025395154	0.279959248891555
0.764683722321435	0.733216896344726
0.534145627287863	0.418252993167275
-0.14459700338383	0.101876190465546
-0.840057227749837	0.653147876144326
-0.230243832707064	0.0816168258286316
0.328476416156397	0.150159773959873
0.273887845059061	0.201896913136049
0.124167701174708	0.064981512186671
-0.821046093933123	0.769170868474072
0.759112400606866	0.724789867085907
-0.368847045832002	0.307694963362066
-0.541932151213466	0.428543620613615
-0.38877001142755	0.33181621439061
0.412501512326248	0.289343592639098
0.811722643078873	0.818636155299343
-0.745882153146955	0.773913761403146
-0.830677902630032	0.675755513254437
0.0256694338039698	0.0152798953134987
0.446265144194402	0.422946659165336
-0.28830978763526	0.21252202558586
0.267611304448592	0.216479393036867
0.554905858135453	0.294421889010528
-0.140340217688816	0.084778602734015
0.538936554544419	0.424408730597791
1.48438874555713	1.22511552243919
0.435235901464071	0.3011496161243
0.644847248795459	0.532091780130959
0.663218940274923	0.425184940206991
0.341106803378183	0.323856614669357
-0.210723636606022	0.136796320432255
2.20724247805294	2.91233310755804
0.951055950181177	1.12854723516713
0.657986237724289	0.56183120799466
0.281726248798923	0.168901210089591
-1.86633885974437	0.797190444648949
0.0829319545190342	0.0325337424393879
0.624141981417183	0.570353090273141
0.611271973866327	0.436324784720825
0.820636624758128	0.572358100956536
-0.0326077807755625	0.0169469230422193
-0.10818175409238	0.0503139094541736
0.0706339158767284	0.0266830916576233
0.910576660848416	0.623300607160083
0.275116117551183	0.174304826505872
0.316429131883915	0.159903196847588
-0.151100374868207	0.0916355318270096
0.458243055471028	0.293884596287239
0.124052531195348	0.0722042157338734
0.750586314517706	0.310361879887757
0.476363811404594	0.55553629420035
0.292723322947735	0.302022185225759
0.0681091848888772	0.0644981223009058
0.10565583664532	0.0830844133930414
0.169795329407569	0.136902894625602
0.0440249074230857	0.0279648117732304
1.16343211775465	1.81084898045298
0.120227996922918	0.069153244103813
0.138610507784534	0.0834555778104731
0.970662166758452	1.00841587893536
0.676401614945234	0.800458863385699
1.09626940263674	1.66665463667025
-1.14380769989187	1.66485813495425
-0.415966844325922	0.337467814410221
0.186647217859306	0.158697337173197
0.0264221513701695	0.0204478105433329
-0.126251090951427	0.0908306333662014
-0.59053405629081	0.569750233198063
0.269999104699274	0.215779907829589
0.412984797494604	0.287646351853483
0.0785327932615103	0.0298390377661321
-1.09744618998393	0.474113478007243
0.135790792563548	0.0348333749263102
0.579108623431733	0.431487218900106
0.662423695781945	0.847688760344825
0.919734142048428	0.889142691919632
0.639221973069997	0.833146935920349
0.41461323599845	0.296182633100752
1.84252111540433	2.27308279632167
0.271338508424866	0.171013897529626
1.84514205260813	1.48486321684947
0.269715695121411	0.190365338768296
-1.00965411869196	0.949294847309284
0.156348251462261	0.112258907826373
0.00440015547517504	0.00257550073076228
0.108943547249092	0.0530632344583992
1.40103299724403	0.898135553077962
0.30799178166746	0.159339684703478
1.26366025410779	0.536885457729785
0.628519863854362	0.19652190193655
0.619713851501106	0.199126209354249
0.466567974107734	0.174191346332386
0.982685861749079	0.37889071089191
1.26334127462784	0.579536363224572
0.622288460411843	0.295224960085863
0.356805077252294	0.302900320591662
-0.0354184680427286	0.0237353809609677
0.448407593461202	0.41673218460494
-0.565660779726076	0.494806757321212
0.285680963540848	0.154181373204033
-0.94254512015941	0.790244263763964
0.0779666897881993	0.0269328568776476
-1.22805296767194	0.73429794716178
-0.216866748898177	0.084545409463104
0.385597114716861	0.14808174851726
-0.785375350384672	0.289931372759217
-0.660635975700232	0.326983050423132
0.277933017961529	0.166726886299911
0.378296305542049	0.153402494024623
0.752083123838765	0.603852969015685
1.03058975410201	0.628910420670558
-0.447434533034921	0.270871552153175
-0.631509374654203	0.526074062970746
0.417063030515468	0.303930633133994
-0.193919715746752	0.135935252852463
-0.847334373228215	0.392719303296688
0.93746066163975	0.253998127728779
0.379442807034015	0.159006819090808
0.135368317995282	0.034380828070741
0.464196021505977	0.288554291469883
1.03201720994591	1.07026924103228
-0.0456316522225064	0.0305959125349867
0.106358231448072	0.0501847876682405
0.271823118369433	0.187369082640114
-0.72848831846215	0.707056031377628
0.853727054744093	0.929597814729381
0.283011993701651	0.169386393453336
-0.163372630724929	0.068905671220185
0.27225426196356	0.187700560359019
0.115665423030157	0.0885201486316138
-0.663005722597595	0.586712653622622
-0.104260428622042	0.0768481430104167
-0.662860214630184	0.34180259658724
0.183221028405929	0.143129105815211
0.385646185798525	0.390735040114935
-0.084704523094445	0.0398876479718937
0.0154487070118399	0.0115122774229696
-0.723352603345186	0.642193516112636
0.733067180220139	0.41931388450229
-0.919963796620592	1.23944602613113
-0.447051452739931	0.383603166561484
0.271657412563565	0.203054993548934
-1.14271323651152	0.803615845058105
1.26759997091778	0.546763244079268
1.3835271420668	1.71709878456956
0.0768523916691063	0.0267928003360428
0.311531897483869	0.158615166772843
0.494191625787678	0.268469149544432
0.559033110862463	0.535433031129707
0.362696487552405	0.305748119765727
0.386265826019967	0.307317793428186
1.49917520400303	1.24506559130269
0.545218035338362	0.286672636531447
0.397628141048969	0.295174960579474
-0.695279384780052	0.441230007727894
0.93380439882526	0.249037682676712
1.51172912378618	0.742336728526926
-1.37997398603528	0.891272141458688
0.273668198807577	0.160167912828038
-0.229971724193413	0.125851797495395
0.925867443057486	0.900997330643441
0.505343719018859	0.292063261798948
0.995543873417478	0.461688106473223
0.0757354393351151	0.026361292801961
-0.143380879212664	0.151288935301136
-0.0393934495935801	0.0312577114226359
0.105563984788524	0.0897623252749173
0.600958827846643	0.550488798665496
0.099241438462056	0.074107145472162
0.182673281860257	0.154530887213755
0.860963442062894	0.960431683116668
-0.544074841430175	0.303000525322613
0.100297817396238	0.0432161056624071
-0.132328950320691	0.0958668216676005
0.272641756045608	0.18900625394023
0.257798450833621	0.221606300229174
0.168295930246176	0.138926691263705
-0.00965767832802292	0.00650324160832307
-0.0873353231280794	0.0732735947925935
0.6371685750706	0.720125977000489
0.821900925006339	0.866350916298164
-0.900783221379748	0.90329070191206
0.740658291563818	0.45492322671815
0.08240619875687	0.0286933254047604
1.19247653426922	0.812943164700958
0.100085234519901	0.0304622748614045
1.25934930227841	0.548669880437032
0.268029223738168	0.223301989537761
1.29329275607094	1.6581891713618
0.176590849299859	0.145971746904336
0.746817538888232	0.824951801387219
0.507546564807187	0.41306410643008
0.701906854681118	0.576315351689843
0.503153981243717	0.294950863477462
0.751372558000356	0.328960641569524
-0.37428211851114	0.226538151237792
0.305830824621836	0.153297807380252
0.868085997359778	0.708225470934882
0.41095457584436	0.294490255302337
0.111904554061387	0.0532437193737796
0.0310440912941756	0.019578306806778
0.821671401840632	0.586151027448512
2.21493694035836	1.65302002398746
1.00420911613369	0.496540120465177
-0.0665987182035444	0.044222357774351
0.428783504141241	0.421385079298231
-0.453541846391572	0.406257053521594
-0.181964523236638	0.103296630238204
-0.58597192173617	0.540164548790563
-0.542564928911557	0.307248404663857
0.671001529242522	0.442321922322484
-1.10030041299074	0.460148928800768
0.0818764751479077	0.032155773127938
-0.216314961731335	0.0826909760795535
0.128448265424161	0.0323915516366303
-0.785375350384672	0.289931372759217
-1.78593882430978	0.438502679264093
0.158753727426354	0.0319702215245481
0.462032979918721	0.167801448279283
-2.57363737751083	0.71619611725614
-0.642138753269614	0.157338749699546
0.838174914303176	0.464340321863489
0.0807447721869595	0.0280531080039956
0.456785008934695	0.287034216015747
0.311246943297704	0.158178654063276
1.06657452283876	0.802810026085527
-1.16824237642413	1.30377765903724
0.752817173109157	0.598086666635625
2.06190320202244	1.44449816068185
1.41765170764207	0.472953466281888
0.134431971418774	0.033494552676627
0.157376252038133	0.0320040543511302
0.157376252038133	0.0320040543511302
0.0811460710327674	0.0277571427835906
1.43059504990891	0.462286444117799
1.19592157583095	1.11345063011672
1.57545217360616	1.03961750964024
-0.675407952978606	0.321150470642063
-0.378423185124426	0.272872852532337
0.142161866800072	0.0966643526201062
0.652189043212682	0.674883814456176
-0.103000171242225	0.0773021360341206
0.906809903970602	0.559314894181275
1.03171451167355	0.645901633554053
-0.420745644629843	0.338934767507344
0.0272746331237486	0.0167205073087327
-0.538479594773379	0.422234091044163
-0.445834414847026	0.259381752469669
-0.205555772503817	0.160296399408984
0.164061078547163	0.127751868102744
-0.315810497858913	0.203796681229757
0.410744304726044	0.297306391861473
0.270455143322198	0.192108027452303
0.018138524539426	0.0112311328559748
-0.505928058611893	0.511238612342174
0.802955202759372	0.70554990641504
-0.970163454183507	0.735029177830271
-0.59125455270684	0.222910421918154
0.467131791091396	0.170805479480064
0.469332254973551	0.167317070122133
1.56884751177777	1.1241865944985
0.622634121076334	0.553165904189267
0.76523070055485	0.721995875405755
0.878028217812036	0.753192104216809
0.496755904084964	0.285098489678341
0.374960381082948	0.309727649125098
0.734971652391357	0.438002249963236
0.500383069701857	0.28247559071469
0.100096074774265	0.0301299343383275
2.21284206381816	1.57243018731441
0.653849917329074	0.559150628494986
0.378315736836852	0.157995342139036
0.160599221384119	0.0319324278424885
0.931127310935178	0.251056752215475
0.0789548935831761	0.026507173951752
0.547848390263436	0.286682900292138
0.327663574610653	0.146333560389984
0.541564099859902	0.280812677421613
1.15450879089475	1.83677028402324
0.272652586949426	0.269742514685345
0.389123744137465	0.404714373737176
-0.407950338709496	0.367554867879608
-0.144848264348093	0.104949557865243
0.952158688418779	1.22514554319471
-0.00456969618276026	0.00318498304454909
0.750823328758739	0.604475208651052
-0.0182283951590598	0.0102050948108705
-0.0529949034377292	0.0403614145387154
-0.8474569837319	1.12090487543231
-0.637044359578331	0.699915229172743
-0.592513436702504	0.542152441906258
0.102038109487837	0.0849351807082727
0.736067652984864	0.6896878972102
-0.0632719699964103	0.0478358764417832
-0.2773510744149	0.22381317391438
-0.918233628604083	0.874398476019811
0.178428699749358	0.133884010406342
0.303397890839348	0.153552401920821
-0.220493522706322	0.0858373609288333
0.507946921265833	0.527975747795888
0.562782719526877	0.639960363831292
0.256325217714291	0.229253800796403
0.158893976709118	0.118129319200022
-0.036380221429438	0.0189749265528512
0.25814100318753	0.191639228023274
0.759294851412685	0.594593211029417
0.436771539439492	0.294329347197874
0.705609959296667	0.787022434694122
0.596242571409818	0.541008166440343
0.108518255583752	0.0523350383734089
0.283481617335131	0.179987699921103
1.78525713344207	0.719573624005265
0.381946526012656	0.158440404544565
0.759163817756831	0.324219882716138
-0.279104453959978	0.234196356253594
0.171970157233044	0.134421127969513
0.26559383394673	0.218601209980526
0.0816779079921882	0.0602355183269833
-0.0660688217717853	0.050838223911118
-0.151248212949547	0.120982243714927
-1.87775841352591	1.76801369421171
-0.0479272235966474	0.0238782775053044
0.461397746740608	0.171369029815336
0.0830082472970714	0.0318564990030886
-2.12895374996199	1.03193927663883
-0.773374086850459	0.265676378258077
0.466028060144139	0.167115678051664
0.104700368657167	0.0319205339675311
0.462032979918721	0.167801448279283
1.42365420901275	0.486816559821607
0.134055214227096	0.0350949903423807
-0.598109255328229	0.234658535959383
1.89691789752776	1.20328221624549
0.0895703607946215	0.0384284871988754
-0.583106848297303	0.233197045960546
0.954206609179182	0.746585653978994
0.466293995645523	0.293553233700462
1.11515199729343	1.19964300307595
-0.528150977992879	0.502003145676032
2.05396679967112	0.911327818827014
0.157376252038133	0.0320040543511302
0.135368317995282	0.034380828070741
0.108230720002109	0.032394906422211
1.70671594704424	0.94467847403374
0.123682515177472	0.0306390823949852
0.627604218608779	0.206681567866676
0.381141218649151	0.153389820971964
0.261492652589919	0.185923310967602
0.567505432683676	0.434910203803505
0.262331619790971	0.180009216773572
1.19531723993477	1.01508100824247
-0.317408088222337	0.203753096853781
0.384550755258942	0.305957765468065
0.0883409815771301	0.0687095860132028
-0.118102115168699	0.0753244059638451
0.110492970116915	0.0516564177537577
0.735698037896206	0.449591765306355
1.01452009882084	1.03284165348617
0.125414256370707	0.075022075036083
-0.330480592491759	0.241830999342537
1.20220231166778	0.825942133535964
-0.10950081974087	0.07796461709233
-0.116157392734678	0.0887550230416791
-0.00367521721666817	0.00216617583244013
-0.0396180855713653	0.0271316004909777
0.0655615062052881	0.0443958460401296
0.118986869384457	0.0618351738930865
0.00995720164440209	0.00704027744383103
0.497356507986071	0.524666121508228
-0.186111229729507	0.110295844328018
0.429474295101972	0.287709279974405
0.0920749958942949	0.0270755419704995
0.465843731332916	0.168359077789132
0.63413954022304	0.291188184906433
1.0600802631305	0.813741823632408
0.372385568304352	0.305141343616767
0.542864928378153	0.286921752938685
1.03095940704301	0.654630639313202
0.912360613401691	0.613180640768957
1.07680816420055	0.943302996716327
0.552280860059946	0.293557551308311
0.975189933568742	0.364151172248145
0.0960983244651062	0.0288082267016384
0.322578119921476	0.141731741466107
0.280705974120642	0.168460073639199
0.0963554171618731	0.0416051012380854
0.369934121044543	0.14272370509046
2.20875210699098	2.41849846972329
-0.158135735496799	0.0662683502256002
1.2052875797974	0.691283246517672
0.671904042203617	0.922087912340524
0.437647672824115	0.601273533809228
-0.603704618845435	0.797156435866047
0.244910983326882	0.234459613197844
0.580354711567245	0.684491988817414
0.270066115855815	0.231767939096495
0.150523015030975	0.0979530790232256
-1.16794350962001	1.33134388815516
0.147427130601401	0.10025247419482
0.0362221539503572	0.0292106906398476
-0.0304936929647391	0.0240749123237097
-0.563662913656581	0.616986869482425
-0.734422951107872	0.780580171459484
0.832285196943036	1.18252753773164
0.309532643682416	0.35700137161227
-0.187393978630281	0.166198957520409
0.383303405497634	0.408604152190281
0.496157161618775	0.421594725306602
0.57338241147727	0.415826258200864
2.29901581512149	1.14524108192559
1.50592840417108	0.79577269509704
0.073032568139964	0.0277485326528736
0.458540083628834	0.424583115105931
0.265574684622292	0.212116693093587
0.604071162552091	0.413830435745114
1.42184043974602	1.54308104015657
0.117952881098754	0.060480903575683
0.493775820077236	0.283380712937043
0.135790792563548	0.0348333749263102
-0.11894051248973	0.0542999018370261
0.91004182227596	0.626909536914575
0.500282085998769	0.293976534692586
0.611707850166514	0.442330039776423
-0.223389302660583	0.213264476219692
-0.14200706964777	0.113279332749668
0.380186305350839	0.310043508527452
-0.200955406206782	0.149399508660094
-0.0602421615751292	0.0454516199141568
0.409808296611904	0.414388109678258
-0.0771175354813403	0.0585071594500879
0.101079370971154	0.0753981455429469
-0.967180921236333	0.747323703130371
0.40463846280936	0.27467311142316
-0.542411485533517	0.286375865844428
-0.54639844137409	0.301543022158391
0.330679465726693	0.154324266211046
0.755426623235685	0.31345790777126
-0.776113129457213	0.277995185358117
0.624450906498706	0.297342190041494
0.62816073065031	0.199117754874169
-1.33974738598777	0.639773004507809
0.12801027628591	0.0328402957839567
0.461397746740608	0.171369029815336
1.00002969588235	0.510670270468513
0.129757279790636	0.033278997874612
0.862958041222454	0.871723179224865
0.491582284418899	0.2744099411465
1.50425704893031	0.765196981871479
0.382204183817966	0.156005932657227
1.03171451167355	0.645901633554053
0.107058539496183	0.0315982003154462
0.463069868571612	0.172876337095916
1.40035917968951	0.865810872885809
0.0100875017343998	0.00557859630118455
-0.00325255507098119	0.0022214696051018
-0.586457661128123	0.376260991994098
-0.828469986587781	0.685268600427782
0.577173007604952	0.427468421828421
0.148598029517105	0.102318078218172
0.460732602165272	0.426886038162346
0.347646633148328	0.324572604482205
-0.362251330992178	0.326934779211541
-1.27345305791313	0.998881294509259
0.621367503921455	0.565468504367042
0.258136766809656	0.209991997971047
-0.97969351120265	1.00964416393093
0.157041264964045	0.11573237551251
-0.462718370212979	0.204890085079229
0.357266035638614	0.317946375169226
-0.744281759869924	0.883275191449502
-0.0187237440344376	0.0101330837409397
0.765019267730703	0.730324667446572
-0.15717879657821	0.114155509821769
-0.566129228310442	0.491553868344632
0.0695671237979703	0.0496155714379572
-0.512353631844776	0.441566888244301
-0.654248604803952	0.596965968234506
0.273098641625167	0.170783739270248
1.51136033083349	0.750939430297664
0.285403008876416	0.173929447290437
3.25316226854424	1.1543969470556
0.334855650712252	0.15516928410186
0.253942822673464	0.187012824456291
0.285282652220034	0.171785356960023
0.381946526012656	0.158440404544565
0.329493522701403	0.152493282982456
0.561070348036289	0.408229804960127
0.652606700221862	0.555867867843797
0.571704926074638	0.439732427603786
0.381649353008361	0.303151160651889
0.517464683289794	0.436551422722792
0.368088099085226	0.302792448877995
0.836810370200905	0.560223118288089
0.12276594159927	0.070308401578393
0.407813009021772	0.294029037026814
1.39427202793618	0.877591022496864
0.274805693549893	0.180464985850157
1.42191243084037	0.481329111904226
0.497976139515453	0.289296858507463
-0.841490282926355	0.392811463619608
-0.498548573993955	0.34696050766052
1.40103299724403	0.898135553077962
0.432564950935895	0.28974001622548
0.264165872632864	0.216606084261657
-0.153960159152051	0.111515638280227
-0.801731430889752	1.06105175673122
0.251459208143206	0.27162574378263
0.263140766016609	0.237167166791585
0.564491804330296	0.632838295221154
0.446692297358594	0.426867486507908
0.46237093166024	0.399008469867613
0.167085780178401	0.156719982897
1.15349160216959	1.74988878493757
-0.398320155768919	0.390550810803002
0.0947078260277091	0.0729097730190058
-0.286728913938327	0.217522099598252
0.540279613890017	0.438273577575726
0.0943463567462686	0.073778014874166
0.738226382991274	0.811877096426709
0.0330597203090019	0.0250473464349802
0.0368295354145408	0.0228475779887931
-0.0084497043127105	0.00696337780284375
0.411434486484081	0.286632977593491
0.621689182310475	0.278163162711748
1.20055857175892	1.35637598761846
0.270025534835892	0.206352403339731
0.692110642757833	0.53817656759453
0.140863052281812	0.0877929363087239
0.824589054738566	0.7331271162236
0.277983355009194	0.176194143088644
-0.373845733973182	0.261666553195755
1.68457731025427	2.15229333656371
0.726002318637953	0.664903431080874
1.19713679149853	1.0154744231103
1.05338556112214	0.777712194552811
1.20730506958564	1.36437228070397
0.926771091674545	0.894808706765916
0.281830364638146	0.170547679775981
0.41214897938243	0.301646595518235
-0.0175610920834264	0.00969580862793174
0.100797375846574	0.0484798743666246
0.143090908613779	0.0912776841948046
0.820730908414123	0.967623475376772
0.465801829095382	0.293128121594033
0.920860006925747	0.907440701124266
0.279030463377846	0.178587876490962
-0.278580795757327	0.209412650074892
-0.56935312430244	0.493813455062187
0.151146510321577	0.106799483347903
-0.178057688126253	0.138093574820085
-0.307323504924354	0.196436667103208
1.06200775406237	0.744291368527158
-0.273590085985942	0.208033546715094
0.436499277949329	0.302222693860932
-0.226629935974013	0.0850861587615147
0.0854741467779108	0.033391450001843
0.614151516423899	0.435904738344132
-0.393717748716182	0.120006998669756
-0.112143377341236	0.0524774867941722
0.626516697528008	0.306850987863111
-0.676982651161542	0.333294637383357
0.557261350195912	0.285232598630906
0.660688862854832	0.424893422900226
1.19968489074293	0.99192169628207
0.954612806056467	0.749241410613823
0.651494664972281	0.551791549790229
0.100358767902149	0.0472497413000882
-0.0376960516964598	0.0196842333002052
-0.374528548467168	0.168266577641162
0.679018992088704	0.684399854480095
0.137481143226424	0.0846077249835184
1.19449235361074	0.998735797794214
0.145533495831679	0.0931602500488997
0.162478203486372	0.113630525157872
0.265430219727503	0.1875447856221
0.353100861025342	0.309163946798014
0.00815135929262571	0.00602659086591678
1.02032532023513	1.08551110726247
1.7587937954913	2.67345428017458
-0.30514072447779	0.278076957692708
-0.366581536227412	0.29455523532624
1.08240369604255	1.51661535088227
0.039762101655115	0.0255836737886473
0.744944312329097	0.564741373042628
0.276732923671652	0.187602106345708
0.314906870909396	0.159238874282356
0.651346959117895	0.564117283317041
0.326583194265547	0.153998746517196
0.705192831077472	0.586957944564757
0.698667492604649	0.566226995017869
-0.594462751905845	0.245616548915092
-0.496662316074843	0.326467439338666
1.08592194033487	1.46965069958562
-0.506624746231941	0.50786107053851
0.332028024980265	0.291940195998976
-0.13695117364886	0.0813546682511602
-0.590969371031927	0.390709005858319
0.673417486967499	0.440175814716462
1.544912355072	1.6788669246501
0.858196566957414	0.826461801573206
0.428354292587012	0.278754556563152
1.4968775484956	1.2309786407844
-0.732461598480003	0.810346435786137
1.36962854724628	1.82132162161879
0.646714246762994	0.547039785575785
1.0068781959408	1.25482752129324
0.697737565836738	0.569362540682241
0.467342123778427	0.293107286808737
0.145057494885369	0.0954679477271878
0.141113986573647	0.0897964369759113
0.110176327657412	0.0535608077502595
0.497567797367894	0.296265481080456
0.736857916297337	0.428221555718865
1.11418119579985	1.27701807330179
0.433860806636792	0.283568943975451
-0.070270289166944	0.034404921673652
0.388276547522411	0.291424227119612
-0.457417908425429	0.397390988540347
0.156649105590294	0.113824509716545
1.1300791816418	1.41309694060985
0.103373324387657	0.0812082902883875
0.487955354673967	0.517104820696584
-0.317271196384493	0.205062639349176
0.677550154729633	0.651148202804924
0.157378683307079	0.116641928109316
0.725141667454511	0.762461184169909
0.600555657521591	0.640319777347776
1.34783661595043	1.02559650884302
1.03518777244062	0.631624940620326
0.979115772638654	0.375146066812685
-0.70732994488651	0.483689182241173
0.738492430570862	0.439776950093596
1.09494621398574	1.09277069062054
0.157483407177667	0.107271054804031
0.823177962372428	0.72244715581834
-0.829693171635269	0.673298017364247
0.543964679000091	0.426491259927692
0.87384819756799	0.743740293645779
0.4296015781734	0.280851352473043
0.966914297495315	1.01416480430264
-0.178511013672253	0.126572001043984
0.514334053047314	0.434192840214861
0.687993790347349	0.553171667628774
0.373859170147347	0.153493330334551
3.00187533001882	2.17927297300709
0.96370223271665	0.772106613853284
0.305076657025603	0.145678598214995
0.836713040436637	0.438798812953726
0.73552988371598	0.28179605346047
0.981351692524978	0.363259958199166
-0.722427487614477	0.508933244929178
1.71564825530468	0.99225916068526
0.0764993148043421	0.0297610981211852
0.56991914753533	0.412202360389993
0.811525087890345	0.712690866235324
0.040013445156513	0.0255819750616909
0.124481220671024	0.0690475624918353
-0.159963061839114	0.068676259457546
0.750516909637216	0.581433940477606
1.10728984426402	1.18141029560963
0.662284625972925	0.579926414358363
0.747195077604226	0.569387005527415
0.149927441059859	0.105720830125866
-0.149596256567377	0.0906018435696223
0.608534116204527	0.424449556705848
1.27444880871989	0.529482379619643
0.982094350992236	0.388744915484838
-0.588529773612062	0.242266233155827
2.06370220786983	0.957566185457224
-0.842334741942421	0.4050383296159
0.13617273196111	0.0348078928142129
-0.787761837218768	0.273231840365419
-0.182682815744387	0.104245512807605
0.37637762598377	0.155634201329785
0.137105047028005	0.0341560549509494
0.336043260787664	0.15619087134016
-0.234481011910731	0.132579529730796
0.334063243545516	0.151398675671683
-0.775044801606879	0.279597056391279
-0.224771827463231	0.124566814217739
0.271408937504175	0.152096045618853
0.132556131491015	0.0813480654534419
0.274727560360431	0.194810331374765
0.655083712548074	0.568713715096426
0.748695225488418	0.56349696763739
-0.182115617608803	0.121428938519001
0.00380406933786603	0.00225032926520382
-0.0248312491372304	0.0171288317283381
0.127580549732674	0.0731235525722189
-0.632719618809393	0.539762528379842
0.29531459286689	0.170420472200519
-0.541316994670889	0.297370842382134
1.92294871563866	2.58102909915616
1.30967037068251	1.352319800202
0.504383333962821	0.294003858592518
0.036039782818289	0.0216450927965998
0.133486366310333	0.0787822991857703
0.476915451165694	0.418296823048893
-0.89530329189822	0.94470951956102
0.53586887746994	0.424471763935381
-0.163355203813598	0.0695636587592439
-1.09039410603028	0.859220713506425
0.0390203157112279	0.0254270142793741
0.0761463975992851	0.0291075468305543
0.000191924479709696	0.000219564706736779
1.05240184682455	1.19758963999412
-0.25289249710124	0.168756660664803
1.34916360997133	1.06035834941424
1.56432706022885	1.0926285512882
0.463393221512568	0.292940778553231
0.664775624331874	0.447459133561954
0.958551881862608	1.00902889827766
1.10504273843702	1.110201737976
0.485413942068029	0.409206874396687
0.149664355733477	0.0959555384898088
0.434781662629591	0.29792769139046
0.384724315795066	0.304146127993457
0.134706977288141	0.0854730737965623
-0.542241942529788	0.417971597285399
0.865034588496529	0.666438036673
0.621956753864515	0.272766929397083
1.0002956006875	0.497525749834541
1.83949065254408	2.01669285822213
1.56185125542208	1.06238499314805
0.753606110758978	0.325057825982307
0.733496634117954	0.803031444967416
0.750104698177913	0.597896514144645
-0.331392643397978	0.263840404058456
0.159618542336694	0.120728788777617
-0.178625305721776	0.167153603103853
0.715616821251572	0.875026270577875
0.383052503010408	0.306178838502968
0.428560002633121	0.412948715772497
-0.749547809443835	0.965028134343297
0.267193818074681	0.213029560863886
0.53981212073315	0.675088539433653
0.316168816906888	0.320015570237676
0.917294164599193	0.883571388463314
0.465888171695078	0.413352174622045
1.6025671702882	2.27144326846278
1.20219197555814	1.78635677405649
0.262366888214311	0.187579723287036
0.744805729056771	0.809760053926741
0.384550755258942	0.305957765468065
0.464630278010904	0.286402669993916
0.0583611711986029	0.0396178615806156
-1.26631353660086	1.0132868409868
0.630191316768395	0.299135332137487
-0.456510972465893	0.25591411285433
-0.621098273000453	0.478081207985036
-0.0864120394700303	0.0640677471791448
0.126682248958332	0.0754734534406392
0.270149750284403	0.181718120746546
0.138505620353567	0.0902026930422136
-0.837205436956072	0.663489286548569
-0.852581023775098	0.463364868661386
-0.012850085382516	0.00657451680015483
-0.835013632211282	0.734714773464982
-0.440879730395122	0.262202067137239
-0.0795411653685924	0.0386379980204605
0.0322010819504494	0.0191775668875732
0.143200458626121	0.0863339096082413
-0.695200379103626	0.427398492952843
0.0521478060300933	0.035255562095893
0.165245717140436	0.118743101498967
0.318703088474133	0.156227307312077
-0.220388989887642	0.147198168751666
1.12782147243352	1.35544203351798
0.708035314493961	0.802204706108667
0.114437485955099	0.0622215727575731
0.654652351376186	0.768789084932775
-0.182467378174586	0.130687227808656
0.148075775502383	0.0959172013064127
0.118404889808977	0.0654267283627175
-0.157612024453872	0.0673817443342374
1.39314799293907	0.885431887155317
1.1957623042087	1.17639398544527
0.475176073936742	0.289866209291376
0.667813742893961	0.426857359027489
1.20964764931883	0.681520227002706
0.994410598650661	0.94635217999978
0.497663067196616	0.422121023871919
1.05294506914108	1.24870042510621
0.372770542741023	0.280304944999604
2.59280742941545	2.41826924094292
-0.282764942154256	0.145873726870682
0.570862916970304	0.425010322510203
1.84332010897653	1.81512638910435
0.511002776777009	0.426098611239309
0.513794525645893	0.432576331623992
-0.911706240719472	1.2062268217735
0.819438540646236	0.920501208462544
-0.158774309954651	0.113590172381018
1.10188107371505	1.14401235483815
1.03134274929681	1.41785586444511
-1.38671490825132	1.53001039867786
-0.6705783680683	0.645281871758351
-0.234305677802049	0.199850012257605
-0.581482871631789	0.653737251953212
0.169349552023071	0.148114638624069
-0.870476570806818	1.03345478512439
0.272641756045608	0.18900625394023
-0.0730044473543558	0.0456487418788589
0.935803053851377	0.251484404125009
0.913589422528017	0.610315282645794
-0.643423389733813	0.574981614841887
-0.474744201454307	0.386459674247121
0.258108556614774	0.196934645228913
0.344813180422515	0.317730538075416
1.04635060618646	1.21984136360569
-0.19916651709708	0.153649742105121
0.599090533951946	0.537662721690755
0.278139262679363	0.180098208709461
1.28835226086515	1.57600720028706
1.31602385220197	1.35635903401859
0.622178270446407	0.655877670978398
0.67623616837292	0.785374391331691
0.147603170144085	0.105396836585054
0.506969696704677	0.404482511905167
0.134671368670004	0.0835070883253956
0.310788230579662	0.291957762027542
0.733434596881242	0.44088029242711
0.279613504751403	0.167426407605318
1.39466540771825	0.878534955424785
0.267780121796858	0.209351091986851
0.257157653456364	0.179297392725698
0.146267667473828	0.0938520112083643
0.275876677445916	0.16376230004552
0.147360819049651	0.0928038716851176
0.600790619711988	0.723951463578307
1.07514286904078	0.905908982502105
0.417999727331596	0.30457043819746
-0.540510995647996	0.422777422631941
0.745618318403909	0.573492900629227
1.19853677685764	1.18344194674826
0.642725567804861	0.528742695232708
-0.466316751663401	0.197606633641347
1.35025533417543	1.05642428606668
0.428014489363968	0.287926914570199
0.285640424374936	0.308979723339622
0.437804926043352	0.295687601136766
0.439798235175786	0.29519026279682
0.491592562578591	0.523609072548918
-0.700820707637748	0.872481813273456
0.177420511893856	0.155775241701389
0.112839746072369	0.100350974350553
-0.214032156008442	0.146258441299166
0.153717940884962	0.100183287583263
0.177841137766407	0.148465151570857
0.413352850979157	0.295273630100601
0.249935371935285	0.210341539927052
0.521616702098193	0.638631249500673
0.244105683312795	0.202804853549591
-0.0850399732298748	0.0557482072714802
0.881521345969123	0.745249427194476
0.448487021466776	0.153746934889762
0.132742993973497	0.0341362592279412
0.992477030238008	0.47993434273949
-2.04006712337991	1.45988629758199
-1.05599266008456	0.549333820651149
-0.00854011134079214	0.00475445350299162
0.121474851705344	0.0642915255304063
0.286572673969346	0.285574808199811
0.0440961793424112	0.0291580299547723
0.701199134143431	0.569154987397806
0.25098672088163	0.214931082966006
-0.105302673807743	0.0762099418732539
-0.290502829661652	0.146887357932558
-0.0646087831669621	0.0316088881854169
-0.225280725380304	0.154475155892994
-0.458803597341672	0.20630505999701
1.31519637677658	1.1724968400515
0.840038285779373	0.471425583731613
0.266075640932275	0.193006368866198
1.1991273675827	1.00545564806131
0.261598829654342	0.231801006130033
0.189724261064581	0.153303310038835
-0.31111597620179	0.204683030933842
-0.145687948573112	0.113776120443608
-0.290435227345412	0.239006483827775
-0.625565852531642	0.650802985311187
0.360461415655613	0.393456406341431
0.307308208743997	0.303579086253615
0.271586214266731	0.239563902521105
0.387008955573503	0.281547702051422
0.0867758985368631	0.0372302393158765
0.749447668706056	0.567310129702513
0.488490082262507	0.423468124128679
0.472486357669919	0.160639388440737
0.0797407533169717	0.0307595388654801
-0.0373965645226402	0.0194971393788793
0.175758774633532	0.149351812136654
0.162795980705248	0.124999264317746
-0.800297097169334	0.801437304855316
0.107112164212307	0.0478851532371666
-0.776113129457213	0.277995185358117
0.340986130652339	0.149604480145398
0.931127310935178	0.251056752215475
0.548794863964098	0.295057396433596
0.622972248346987	0.292469126697239
0.743028885053263	0.443900479240804
-0.661677894540305	0.336998690080824
0.267813953417825	0.212035561310725
0.443315578836472	0.423427470888828
-0.322060977883693	0.341467337555666
0.269696103187323	0.220908264131836
0.785351909992796	0.946059225819902
0.00449713014234754	0.00331330474320857
0.853229713996405	0.837554654725588
0.478305239174296	0.487321950015249
1.2966354201513	1.74871289103564
0.862021603568297	1.06211473197359
0.601426510907769	0.632502021557327
0.0774102405663029	0.024989875731322
-0.115523843960355	0.0534102984747389
0.49313250710368	0.424510833757488
2.06493706592102	1.50904203829839
1.40338515362897	0.89881840461451
1.42628765504385	0.469700478767455
0.900489941835112	1.01019578270865
-0.0144088761689757	0.00974215460884355
0.10806065762295	0.0559965790848206
0.309973298138606	0.150611599366281
-0.842329360620087	0.573126075049532
-0.539152717373742	0.305763620432095
0.91994174989769	0.58686709992601
0.494285332353395	0.286761851796316
0.812336470094978	0.584488359804498
-0.730407631079714	0.649675775008126
0.256278919824097	0.214485125241024
0.2470506680677	0.238982528410216
0.107927080476841	0.0811530621990094
-0.22656193884581	0.156323988272711
0.612733444907937	0.442553951890558
-0.234080101462081	0.130027472526343
-0.291949673887983	0.0997020403248869
-0.649692961931011	0.162601931105921
0.491727126683622	0.274143676835269
1.02596862224904	0.626613476250499
0.0198902688984896	0.0122318246358297
-1.37198858144814	1.72006009806328
0.38240226046789	0.296865407416551
0.271193835848964	0.189267538309145
0.749973857753597	0.577603741334668
1.20079787059598	1.16604200188887
0.940199168599538	1.10534423147186
0.697916719868571	0.87221752955805
1.0288027910998	1.38800292637211
-0.725638706638139	0.702901947083175
-0.0328572780239804	0.0215548525555777
-0.208049339124065	0.16352903413017
-0.434059940813043	0.439078032199112
0.164170348786746	0.147487366229179
-0.150608524966337	0.121992179826792
-0.313161776108141	0.311830716905762
0.962153767086109	0.772041658609807
1.2679477794661	0.583074423012163
-0.366555254521681	0.178342905360421
0.0943463567462686	0.073778014874166
-0.117400920571218	0.105376139172909
0.183116887981084	0.141735538748918
0.620647758989107	0.293386804585141
0.0885873071288222	0.0339017945082088
0.459276540699918	0.170099779410914
0.131067166561275	0.0326506183290704
-0.221545724794647	0.0841132277672702
0.619142597747633	0.197658774394258
0.837168547194203	0.442409714783492
1.50245256668645	0.759295676893683
1.19806131136744	0.84240621274349
0.451033472116907	0.264201112122155
0.101374876417126	0.0932312039754625
0.754999172525811	0.907505043686509
0.386906298092271	0.406189876752439
1.3238496828542	1.19619649423322
0.426784888425573	0.483980788104614
0.286246138411471	0.169213721143634
0.676121990122292	0.438190937403521
0.154319164692424	0.111226415987504
0.684266054117944	0.697058758228038
1.06037741863148	0.68991465290133
0.75415061114213	0.33272994375613
1.20050072719593	0.807749134276544
0.749593890784765	0.426741395400637
-0.367021435743637	0.267436387415133
0.899761995687714	1.11176604634859
-0.466115346691824	0.375723703892089
0.755266649161194	0.334388877016082
0.834811827872393	0.455255762151463
0.265082056191559	0.192412531093435
0.3063564439513	0.153075534855785
0.676290875560877	0.439481315510132
0.729589498000178	0.418205886434802
0.278027640854323	0.177658864087643
-0.65205179197213	0.572037521669681
-0.130143626476221	0.0927655192814558
0.204209122560196	0.206266185610893
0.483022871119653	0.406232787432427
0.105228949903018	0.0900689185723791
-0.476026522142445	0.374153534552332
-0.159338599576339	0.0672517559389532
0.623276751534072	0.299808404948194
-0.389216380627225	0.119015445231895
0.0806211539789295	0.0272962954361487
0.075226838252516	0.0293658729568729
0.654801722018446	0.570998232635251
0.251111452822652	0.178608676289312
-0.0031266170581459	0.00155520878034334
0.436196744218092	0.291284592479645
0.0218526464803997	0.013509912969065
0.109467352109518	0.057452986160089
1.32374725048446	1.18377946938082
0.689508224849713	0.564073426067676
1.20989857075275	0.702886311454836
1.20666655571317	0.686246370584108
-0.544524494686594	0.548634621207721
0.589805229769486	0.558678122770404
1.11264729551718	1.2647213341324
0.376583037604652	0.289005957951011
-0.118627535195651	0.073098340370728
0.146301473285151	0.0933174623583404
0.163643243125653	0.134223645311182
0.677802072882397	0.778517649544454
0.177769448945017	0.14005923292226
0.107981380020967	0.0863650620203838
2.57206910021229	3.19407449451794
0.37637762598377	0.155634201329785
0.266782282920462	0.236795144491561
0.750962279875037	0.326134141383306
-0.208467225625523	0.0774954864056119
0.468411320314165	0.165529144279848
1.03049636688278	0.643913728026952
0.0832366874273445	0.0320985543860464
1.3547310179428	1.05929709728919
0.737284770789419	0.441179022344809
-1.87884938532964	0.776582878621847
-1.0872222022263	0.458704578400995
0.27355590319784	0.188064942361053
0.0338856316774648	0.0275126301465241
-0.00480037337964156	0.00315425072633191
0.0136652600144482	0.00774306865054355
0.144238311644546	0.0987152793406148
0.150846267193107	0.106804255969965
0.113497356402723	0.0987645561640679
0.912764165515073	0.626949612071108
0.642422567620459	0.649509249945432
0.458609775946157	0.275027511515555
1.06317743767977	0.806768138120425
0.460393821919347	0.41140699759468
1.31233586948532	1.12612574397523
0.129021399394336	0.0745377853403605
0.36182935236447	0.310028467265284
-0.189973267861531	0.134634090337695
1.30165805864076	1.56056091592436
0.340898505304465	0.30626609738355
0.11755885273546	0.062871883758294
-0.963713702437487	0.736372946127708
1.30895941706531	1.36657800103675
-0.109386947888947	0.0493758501442524
1.06301088412433	0.813325860273768
-0.85051847885623	1.02964517092833
0.581119631211278	0.632174908665578
0.445498178680636	0.502856133187749
0.0385417084540439	0.031090918075401
0.171555324697683	0.140855894364205
1.20891870805538	0.679884703532969
-0.84480633535515	0.501674442008737
0.635400472697618	0.290969209462654
-0.215961572083356	0.0810473908471871
0.84457413465976	0.46049355905406
0.336425269844225	0.153246151058615
0.758820350956836	0.698673219955031
-0.365815203062193	0.296156736486852
0.808036325831855	0.697288879173772
0.0750691793510781	0.0535498539914411
0.0187116736331564	0.0113566254831961
0.0307784646874134	0.0189072160035127
0.286793028657402	0.15588348180257
0.624450906498706	0.297342190041494
1.31091902457471	1.36441846807709
-0.115857075809682	0.0531512503878252
-1.59159962870253	1.60444875723686
-0.260925141833783	0.173865375840406
0.247964940583343	0.17448854408448
0.702532142951379	0.575481168051234
0.668286584064454	0.83995866759075
-0.0290561942478098	0.0196155075142893
0.419872313570227	0.299416660628304
-0.327303993031651	0.294844665037894
1.11540672777062	1.25844009131421
0.75754142540649	0.696658520082252
0.62524329131331	0.302995586223995
-1.09171521960174	0.460275021999994
0.935459494940097	0.251493140527709
0.738344612709114	0.449818065625604
0.307121108467855	0.153491873936065
0.84591855819832	0.451735958393053
0.0932192131973048	0.0399977988211923
0.935459494940097	0.251493140527709
-1.56349405342033	0.584681850424135
0.315953934739715	0.157100870605404
-0.11028923707085	0.0493404396026371
-0.227063959421236	0.126735407564073
0.154917170307971	0.110957840841851
0.342831906082749	0.389841917936586
0.115265178059033	0.0583650844677903
0.299036709741352	0.286185083507644
0.387250169170706	0.303502025190322
1.01229361137365	1.57183014536881
0.567257039093444	0.531663650601964
0.466736434608421	0.293358350162886
0.738017849595445	0.45456965883338
0.299904800471332	0.16553783445515
0.268534674111874	0.176258620348682
0.257698306688464	0.18087231155621
0.605069591359848	0.65364540201523
0.0674797428931185	0.0464251857958208
-0.0144559898357624	0.0122137245397742
0.157179117456066	0.132743242650167
1.09894621825917	1.61236877285731
0.555665741465812	0.285414376250831
0.70393286766794	0.591051983209172
1.43703335461387	1.92554011487548
0.118074115738902	0.0648902752735034
0.433825379237661	0.291429540787974
0.458665390842492	0.279330347154431
0.242324356795362	0.236961290961695
0.0961289669601448	0.0452983973522364
0.396182495857544	0.299035098483727
0.166009945995668	0.128956035889576
0.912805758525631	0.855192176718111
1.00891177080786	1.58457526761742
-0.0138977250958028	0.0113186754652205
0.659821916029395	0.779366570352811
-0.0446686731237494	0.0238489928635204
0.755266649161194	0.334388877016082
0.453441464602704	0.278778094063989
0.310431466267489	0.15764091015729
1.1353540444843	1.30885622317997
0.854712419269972	0.985759622369331
0.284775959777374	0.167511119803837
0.0871183663589307	0.0380458682819579
0.278975952759107	0.183292853676389
0.98360111310846	0.909874656168487
1.19701050338482	1.1871557097476
0.366607364284752	0.145198671218633
0.139151567182026	0.0897188442415177
0.460698286803079	0.397462036290864
0.31987360036881	0.145830091110104
-0.562720473237954	0.485486403348207
-0.111719239658448	0.0705030026044656
1.36911580721411	1.88432302738072
0.271281021516966	0.176097614507795
2.60671199702763	2.52862566704695
0.130775068955451	0.065773199249558
0.155965436336374	0.128594175856545
-0.658844440732185	0.600065436122215
0.369832733948324	0.301610639243316
-0.0191809094436528	0.0153003849330608
0.782234267549484	0.983963797103551
0.521692277448717	0.508773141929966
0.167556309275089	0.120488660557732
0.478398260267411	0.449473686415118
0.218878367636061	0.222517042949966
0.379188254997304	0.156191821969848
-1.73795293319145	1.04188702635692
0.81357391014518	0.587191101440054
-0.391911501912874	0.117579348986781
0.983272005294628	0.385176841231482
2.68052850184397	1.70913823714036
1.02853177518719	0.651391834559832
1.03443921927712	0.650557488241427
-0.123480907889507	0.0951308280403456
0.621718785464604	0.716235397878918
0.675966751438675	0.759688581366226
0.324496467723658	0.298416791025937
1.20304263787735	1.33453327748569
1.7251037985809	1.34438627596108
0.67553357792438	0.896885894587743
0.446207627199704	0.496097642467376
0.154374650517595	0.110001732012634
0.323081519841202	0.303069953765513
0.525075541301521	0.608373747947805
0.56975465743011	0.424636365929498
0.393963806705023	0.3016452487456
1.34874159950185	1.02952593753075
1.552596425292	1.65846587351169
0.281551706752613	0.16609008211806
-0.262593434013506	0.17330291175594
0.171838797273476	0.131247762338595
-0.842092921315721	0.391023035565893
-0.321432938658104	0.245490563146687
-0.267149971745968	0.219425631164699
-0.719661882682775	0.520033377240858
-0.670676328392999	0.71683412755269
0.265199801542265	0.215886403290525
0.00896107676578869	0.00511313082705269
0.582529090172347	0.517540254348409
-0.229377762392306	0.0843813850961511
0.91167798156079	0.623902591157892
0.623276751534072	0.299808404948194
0.315212954322483	0.159561465613919
1.72330279461775	1.71994136461136
-0.312453924811297	0.206510526537733
-0.579378886008295	0.369607754380029
0.329113491186913	0.149947576085906
0.511452414615231	0.288315579611824
0.469365443087734	0.288969389642721
-0.539080476773349	0.416518330029982
-0.0507210160251329	0.0325351613982815
-0.0395096393577154	0.0207013312223929
-1.51983033698268	1.07428947903324
0.110064946109987	0.0519310719737637
0.580075997002789	0.429342232493539
-0.431312591345361	0.412682538198444
0.141604620526206	0.0837565989809057
-1.64974649029636	1.33531625218306
1.19240302257782	1.13619892808543
0.153950462858703	0.114510727106761
0.496342729929937	0.294187521809399
-0.0348815442969663	0.0182869260405946
-0.37444373419021	0.225373100003837
-0.444977834495365	0.24924631258359
0.106818148145109	0.0550560826241701
0.0933158107935771	0.0725831302581642
0.0512651503457579	0.0344148836958346
0.121669879842297	0.0630307837768054
-0.11324183764846	0.0530476972691188
-0.53327324793253	0.392763324668724
0.987127295852773	0.358485453686311
0.10069007483259	0.0297396298478327
0.858704403797237	1.08935269747049
0.651738332262002	0.666071917013838
0.0373401021267466	0.0241478400434167
0.375479254052307	0.297211044805097
0.293347118161276	0.159066163611715
-0.999587159165417	0.634195960200818
-0.665065507126574	0.327360432255572
0.106930179642282	0.0310477895532284
0.624310399004356	0.303370466158071
0.100085234519901	0.0304622748614045
-0.674220417930157	0.32766782825417
0.308928657439304	0.152962119540981
0.421724077772836	0.300162613635631
0.453908165975529	0.276851990582391
0.56711475345895	0.548293577233057
0.564205479080053	0.546032048066317
0.26924141859082	0.204129824705391
0.856737285989257	0.978997691463078
-0.119153242089618	0.0747178944433851
0.254228288546809	0.194879046021469
-0.0162979986142581	0.00906222086904469
-0.736652790001963	0.588171502290541
0.746340501066342	0.450326345135724
-0.371613522868439	0.177898148441455
0.102489285086645	0.0480320784111003
-0.780257488020119	0.283070259872901
0.107998988791292	0.0532209357210306
0.506161149233222	0.287355721888802
0.0995121353052794	0.0298057460236983
0.936117830340126	0.254142270662805
-0.225509026876585	0.0849086834958781
2.31793525275722	2.65631721883193
0.627270637170638	0.20187306156162
2.49686493972264	1.43043459205751
2.05965953667011	0.935940076691218
0.998361002220925	0.485080308626588
0.751783033783478	0.318668004794255
0.762384019402757	0.300231368261669
0.994729203727117	0.49925578169636
0.102462536993614	0.0312982295035309
1.77774110318237	0.699608078205175
0.737339763417298	0.430169848523498
0.0787680617508713	0.0307239352526201
-0.503813636367149	0.341170648838103
0.107438545850652	0.0514157408584086
0.0436616084061319	0.0276792695923072
0.329647490264758	0.149900476153648
0.496342729929937	0.294187521809399
0.56722041324034	0.433743059702801
0.734173295329918	0.430477576915743
-0.586644624725133	0.552128067814882
-0.542564928911557	0.307248404663857
0.155829146463452	0.031555170264943
0.748720029019344	0.323834639770185
0.817089004343214	0.819486833733362
0.261262619449643	0.196232532236224
-1.38607899557737	1.11473584905998
0.105510257931106	0.0515021275694477
1.05650688909928	0.7639156234074
0.761648061105833	0.713127786907645
0.530245322611181	0.49699910804147
-0.531259378972814	0.506485985128916
0.436875750907964	0.41867306358936
1.26444349260734	0.578135234411907
1.77875508171201	0.70553941258921
0.624771021919602	0.197435251980405
-0.780824300968471	0.287187108205516
-1.08556518807028	0.45518361508974
0.607679604067526	0.650025091434122
0.46572226503525	0.54385558841162
0.722209006774573	0.892746219339932
0.662827388965412	0.433365227583367
0.563871232033081	0.539773593236004
0.157113805339112	0.110841657069114
0.084431653225161	0.0619053016562322
0.44672818943702	0.390067462279122
0.257248889946048	0.23107189698587
0.0107796641351788	0.00615809917763648
0.263211099130266	0.204904182634519
-0.843773600934039	0.563227605745426
0.0766038628818961	0.0261347473386959
1.42711577781187	0.48718262978292
-0.784202740798625	0.279747187181853
-0.172905530251567	0.068540801341734
1.20205287486231	0.675126403965044
0.998151255210399	0.491440590443094
0.333050058287063	0.151568766816627
0.336029245344996	0.154095070969898
0.332670745115838	0.15127819807015
0.50218665518917	0.286102011657767
-0.38867154641124	0.116922334373934
1.78525713344207	0.719573624005265
0.13362918612265	0.0330958210853357
-0.993862452508587	0.613177237950805
0.155829146463452	0.031555170264943
0.93380439882526	0.249037682676712
0.0867009668262325	0.02954368232303
1.20655882446367	0.676837680302737
1.25993086752961	0.55692681038378
0.851848479612693	0.426080274975487
-0.191529417712082	0.128487588081045
0.857027837306973	0.863460386744858
0.302184028061834	0.152327442658867
0.275415396041775	0.187224536306506
0.263410122357107	0.176634744771858
0.463069868571612	0.172876337095916
0.464360462059486	0.170348743224255
-0.0188924179593048	0.0104734495713822
0.101687715875541	0.0479940155911107
0.0564922407086047	0.0382064433411825
-0.111683998450279	0.0813918322541694
-0.239640098758344	0.203714368083715
-0.222167173903274	0.154982916821846
0.952462056201669	0.998698939825606
0.509784326576899	0.427102103311456
0.3716242401291	0.153206848052892
0.131006167635027	0.0328396066414176
-2.34847228466179	1.25774132264246
0.500282085998769	0.293976534692586
0.90090620803254	1.00429046274356
1.42427379104294	2.1270853891177
0.461500583561634	0.498182120515685
0.2562584704109	0.222283196985347
-0.431788118033434	0.450295806283045
0.473309261067783	0.49491414221665
0.916031988409334	0.616460121163998
0.279821099599594	0.177976726363764
-0.450819960383888	0.268244590284407
-0.0104651959473432	0.00569174499421066
2.0642754867353	0.940556894776086
0.466003113341796	0.169081222919269
1.42233879882511	0.474017755843339
0.969957909852761	0.352920940710787
0.632815166132638	0.194064298367982
1.71983566866499	0.960930871417099
0.74984246289549	0.326550597011606
0.622525783752164	0.19495039522302
0.101245155433823	0.0301965666200806
-0.387414800382299	0.119080555694114
-0.780257488020119	0.283070259872901
-0.457497300960956	0.197044364731121
0.982559464495798	0.376598966944368
0.332633336416141	0.149072980186678
0.652853903893145	0.388935265196568
0.572095932649986	0.428001271262931
0.628854346175002	0.202606753467576
0.269094117374577	0.196608667539044
-0.642489378014278	0.163742963398487
0.746080653891366	0.580986970652244
0.64736176456987	0.553656595754075
0.659912588971697	0.732807632109245
-0.108320190524743	0.075134860040104
0.459833362494653	0.415249430697494
0.624214008916153	0.206232457822621
0.0852095309252077	0.0332679475572966
0.62136780681041	0.566835328653026
0.157444666564735	0.129994275097544
0.579438097033328	0.623665851803802
0.379939619873278	0.403219703275413
0.643949305574141	0.952069869705667
0.814357347154171	0.949404621927098
0.711603090845513	0.799638979786944
0.916302443696329	0.908139030106575
1.08131679124833	0.973530284675345
0.716226468176309	0.689085010057064
0.72280855775021	0.717693892493438
0.486794228523887	0.415228400049488
0.633030867562216	0.675875406146278
0.133056055741709	0.0797432631542315
1.02306829101849	1.09959530887271
0.692282356967165	0.542966844603444
-1.08851164878125	0.456184286801699
0.99110123826315	0.481654523021033
-0.281159069703148	0.0981044391984633
0.0768523916691063	0.0267928003360428
0.627932531674089	0.296576891369718
2.75716465447705	0.856515106564735
0.0847846516657851	0.0295255806080394
-1.5573380330194	0.822149080247505
0.75678824229757	0.326388491662093
0.625794765708888	0.19946967508199
1.71257908399425	1.01895185797457
-0.372039952271111	0.225910379067806
2.06200969841232	0.920988121960352
0.839992066510993	0.449074869759288
2.68580172424259	1.67276195628351
0.77970641932918	1.01672389615143
1.28348655909484	1.59341572771221
0.120948729155445	0.067817256510612
0.292615017324878	0.166498706991186
0.235311481453999	0.21834948824047
0.257655648699295	0.214620421871138
0.161078124293964	0.120747213092428
0.752675099816284	0.58718067666371
1.78056674634186	0.714254895203112
0.260393914519418	0.218957822311291
0.0335459880278298	0.0245981509251806
-0.408498683005656	0.387084052383637
0.316618408865705	0.324698254386693
0.820382629314204	0.611689459090023
0.508760732723832	0.284860820752889
0.699437232083382	0.583277638241466
0.688216152390913	0.784017818212651
0.375786460042364	0.313996613688796
0.564511788795348	0.540178526321899
1.080568214498	0.98442015374761
0.62365390775712	0.198464355288851
0.936117830340126	0.254142270662805
0.99833878174797	0.480182751759751
0.996382964323204	0.492275925859402
1.42233879882511	0.474017755843339
1.42233879882511	0.474017755843339
0.932465440987119	0.256778751447003
0.153112039652758	0.0305385769946146
0.134477423644699	0.0339077240788829
-0.457413578627463	0.207203588831717
0.0796838289956537	0.0310837358486254
0.83700706524656	0.466389712073119
0.500343843356788	0.493679591163278
0.914059918657308	1.14305364040263
0.7561347256525	0.311523387843028
1.50871964564949	0.776327112503275
0.550368056271685	0.282815041811937
0.252313660930752	0.217143460655794
-0.623856549002185	0.754679659204962
0.0418955224270749	0.035409281181458
-0.0643087704886075	0.0489938619750266
0.166760290023811	0.158222571243638
0.999360157447366	1.48735579862997
0.954436995912105	0.791141257118773
-0.00829347447200641	0.00571877474439878
-0.103843203792465	0.0772402185770813
0.0558667945520484	0.0373579351732221
0.679067223209302	0.651501741750323
0.65087557735901	0.560675232526444
0.543373972564946	0.258346409562855
0.133856776167425	0.0750435945739497
0.0973127797419226	0.0287998332742064
0.459276540699918	0.170099779410914
1.78182300641983	0.716673311120244
-0.288003609048903	0.100132891438743
0.0807447721869595	0.0280531080039956
0.104700368657167	0.0319205339675311
0.627932531674089	0.296576891369718
0.0929723896419253	0.0341302454737712
0.466567974107734	0.174191346332386
0.982685861749079	0.37889071089191
-1.55420184895664	0.577771793678898
-1.78730085422314	0.435451401481035
0.0849399521460748	0.028082162650459
-0.288003609048903	0.100132891438743
2.06083680322181	0.933096144031891
0.75542084462866	0.315616960060378
0.46549073290644	0.294045381892758
0.490497459169137	0.274665652769882
0.671060842179282	0.964960464710224
0.382515955918585	0.155362987319923
0.0987060872969521	0.0418565873630838
1.01611921182257	0.579995539649619
0.993132573327539	0.838413183927021
0.746589488231745	0.599082268769605
-0.476210284361719	0.446247284588428
-0.698119837776957	0.829457975075946
-0.92144385667246	1.20525808625604
0.25070824593664	0.238874417988619
-0.0802024594666385	0.0603942337657243
0.159667036543141	0.114527646669668
0.261142532417063	0.185791245307315
0.290336458309885	0.173503475238626
0.0945486520587638	0.0412960421781425
0.745530480896483	0.539991170850478
0.145267170672994	0.093553559509442
0.544161960126735	0.533810443413832
0.663573872215127	0.562241991618343
0.565869663638912	0.547728519876473
0.624555066495811	0.29954513242504
0.134055214227096	0.0350949903423807
1.78182300641983	0.716673311120244
0.983119578710432	0.364603451979623
0.376637730958553	0.155728468588177
0.157376252038133	0.0320040543511302
0.153112039652758	0.0305385769946146
0.626353692789401	0.202693100319571
-0.109826926327202	0.0512916121344218
0.977508083966328	0.374996717181427
0.831643211044385	0.433429097008249
0.816082491162383	0.714553657071904
1.19155975840368	0.965304546328615
0.158753727426354	0.0319702215245481
0.0962779906025868	0.0454338824432827
2.29689673505291	1.11664207789095
0.0753321203418176	0.0262254746883194
0.464740887460587	0.169475933261589
2.75861764295678	0.824549587266122
0.753744451693955	0.331923496071961
0.626492412369191	0.190987459493543
-0.838838521070866	0.466406281791969
0.31403754311105	0.159539949524815
1.10581661113008	1.83724321715149
0.634674270921095	0.728923660155697
0.0887602443482162	0.0662341334358279
0.0785176985621418	0.0268979644396717
1.20989857075275	0.702886311454836
1.05475610019689	0.770667977687894
1.31413468919907	1.34473289491405
1.2930514279897	1.45274144921516
-0.501438106478083	0.417691499768261
0.510537233000585	0.532877659269843
0.0468883660298229	0.0375254540823003
-0.132836127053846	0.122767189307012
-0.93299577977833	1.15000879372965
-0.805932908250271	0.902228681949862
0.26770085936917	0.178755767813865
0.96078759550749	1.02831496539538
0.822040084029773	0.607321763401269
-0.0109411728821241	0.00602050663224035
1.04176208075689	1.02174242657075
0.697745259059576	0.683816896680151
-0.714113620050172	0.507755791124762
0.304283480243028	0.147734552405165
0.137945548818472	0.089833840220059
1.03058975410201	0.628910420670558
0.33408249111964	0.148554213764071
0.157376252038133	0.0320040543511302
0.983164175326675	0.382206253694542
0.62365390775712	0.198464355288851
3.25540938242532	1.13111220662095
0.465465381686127	0.174260018652835
0.33943586306721	0.154713866446324
0.0829319545190342	0.0325337424393879
0.550281622052099	0.285135254986271
-0.396775823021834	0.116088157004631
0.137488721234064	0.0350378725869664
0.983272005294628	0.385176841231482
0.934119453302454	0.259434889433519
0.629756186411764	0.196859875929223
0.463069868571612	0.172876337095916
0.499299846337512	0.284524758365186
-0.585333352132421	0.373828910702672
0.595195044384127	0.863319487601101
0.764168034833292	1.12660637663062
0.345011838733209	0.382037473415249
0.33841574051287	0.310592887231937
0.443670346520113	0.641453966636426
0.741383481192912	0.453115786131447
0.11382042347754	0.0612710468341351
0.376359276972969	0.29061269413726
0.334870959967484	0.155941480769597
0.760656669548129	0.714296466656826
0.0443900658812754	0.0280483178086096
-0.375361460656098	0.394403301685095
-0.0340727429197178	0.0260426786749838
0.173172523730312	0.146852939643188
-0.287125462004958	0.327547025025607
-0.152536510630735	0.136822431703078
0.0941196806278322	0.0730221054316992
-0.0351219705006372	0.0229144254439832
0.551802012915168	0.407026217981755
0.295307916239126	0.164767455628167
0.00540454744616175	0.00312663065040853
-0.116693780908387	0.0732306664541672
0.103325422646518	0.0822411915392335
0.447121419826016	0.427109393213536
0.389952506209244	0.404761557614325
-0.03361192173163	0.0260401464002133
-0.282789115903093	0.219506839901082
0.572375999813554	0.426630014499197
0.998081948346695	0.445518700494812
-1.00461587315071	0.660864117419466
0.463069868571612	0.172876337095916
-0.391020054552956	0.116235721757588
0.628675497034696	0.296809851206214
-0.214597408036608	0.0811033342417626
0.0828077264305933	0.0281649207806399
-0.12551457460845	0.0538485406751487
0.312301130202743	0.149161698380437
-0.158792361427441	0.0682922372056308
0.134477423644699	0.0339077240788829
-0.38867154641124	0.116922334373934
0.932465440987119	0.256778751447003
1.89778584152624	1.18840795517093
0.689337305702891	1.16056138747255
0.364638333378673	0.43443161006053
0.426184810582017	0.546509314010665
0.286851523465265	0.33772696375877
-0.490533267059999	0.683168400101197
0.572340167324922	0.691961917407893
0.227109868015927	0.233719351888462
0.908879393659864	1.0146652792437
0.463635738295258	0.168630626525818
0.660525720160294	0.431479523195548
1.20794841229315	0.666763047552064
0.365476164497396	0.293648757541244
0.812691482759037	0.725791951420637
0.281210526150699	0.296416299591245
-0.196983791416369	0.161916743818473
0.186142449823126	0.157155434600581
-0.52117937797689	0.595129693053544
-0.952647213484859	1.11481548342647
0.623907583278598	0.647352767146573
-0.399812456228248	0.358667062363173
-0.284754187396378	0.233653657276008
0.123776705130658	0.0702148384117933
0.500524448688846	0.417790665471356
-0.387708905822767	0.398771279603733
0.963217891094737	1.0611893635229
0.86032287541373	0.932855840863412
0.0101718062982017	0.00733222231308473
0.254399699446926	0.206236727573629
-0.46721014574563	0.365048508601102
0.0168806458619625	0.0104226149955042
0.384009358841667	0.277656186968466
1.19670083215027	1.10468170168993
-0.189798275672758	0.111388536429891
0.0922474643570574	0.0343052418363085
3.25540938242532	1.13111220662095
-1.17062204890495	0.365594250228461
0.836651334625274	0.459725622021526
-0.841051542590727	0.576272299357657
0.839209138937845	0.446983325905574
-0.387414800382299	0.119080555694114
0.102462536993614	0.0312982295035309
0.932780241498866	0.253570251530169
0.465465381686127	0.174260018652835
-0.286334661817441	0.10048957400549
-0.841200311363511	0.402638585776929
0.134055214227096	0.0350949903423807
1.27202705027891	0.554131707437644
0.62911849958065	0.784974509591408
1.06614677649273	2.35919062984956
0.52777516780318	0.740031399428344
0.816901643317601	1.11317379606227
0.296060241987003	0.315882290762214
0.619034820488923	0.61254912211489
0.403100593675042	0.568228033453656
0.364359604735409	0.382426350843923
0.456557217630291	0.606271732597045
0.447837474983318	0.639302228671306
0.318436624123775	0.29961368273148
0.417568361133673	0.420246146481109
0.298494685718976	0.165117130626829
0.99932712015039	0.48836950703732
0.878028217812036	0.753192104216809
1.20676798625706	1.11937892844691
-0.845121537288421	0.575135788859761
0.122487794857098	0.0702236270023874
-0.00591896616969629	0.00498059590254634
-0.00636088388296045	0.00438610314991716
-1.24339387099454	1.61489705049332
-0.353168837914771	0.399236999931917
0.230348604166311	0.235256446081203
0.359768837581537	0.371296146894455
0.756246076072969	1.19736231284394
-0.421001614642842	0.474627552209794
0.157519401662609	0.11734830475
-0.0444659936418069	0.0346008535078736
0.881928956901721	0.743176083797437
1.1957623042087	1.17639398544527
-1.93145964862144	2.34188148699427
-0.0974654676513691	0.080688021374492
0.77764906564467	0.933711073918118
0.613077389393259	0.643076222234499
-0.276859556579099	0.225883510118693
0.343733036986966	0.301055328652763
0.587926531403222	0.549510450606761
0.871585020250487	0.765879035457433
-0.218069802117434	0.14548164911493
-0.334278319344453	0.275421168882118
0.982041045264575	0.367864762950842
1.21214856921749	0.700996039384477
0.0787680617508713	0.0307239352526201
0.31403754311105	0.159539949524815
0.0770018918705454	0.0263415974897563
-0.779063896426831	0.289518739243686
0.109900734275518	0.0564629639944119
1.42405202484043	0.472405810643601
1.50051104127984	0.762798401702195
0.381946526012656	0.158440404544565
-0.844831570757529	0.484825755226676
-1.096902421779	0.465714266463174
1.78307887847796	0.709225455677425
0.506618347525954	0.496143829450097
0.256479536360694	0.235153939105087
2.01398595886555	3.86133795247532
0.775905201356691	1.10137100582237
0.619279046457779	0.847761965171889
0.380397380777938	0.311854160704385
-0.0342814481628473	0.0271877726583641
0.0493082581679051	0.0438395022358061
0.611679811287124	0.829101829046123
0.425106148486867	0.415045493108645
-0.00194523371142871	0.00138456432912178
-0.0626065338844321	0.0419499267166713
0.745588734393354	0.593562656906523
-0.424606830717209	0.296810580766682
0.652319847125735	0.574717149877585
0.148804146446701	0.0974960540311208
0.956400270409546	1.0364698064156
0.396029063861671	0.295570421404356
0.652791538936029	0.650754871852667
-0.202902143306159	0.176252089974939
0.322911761425049	0.295193282588668
-0.639765668699799	0.748442233350214
0.168960715444231	0.123261923832519
0.658250935175948	0.58194633594637
-0.567561908874054	0.6090585318964
0.605604124581998	0.65839311882939
-1.05520327791555	1.17136374282051
-0.0184506642093771	0.0101582947560234
0.261873998758381	0.184967761305987
0.0105828122476739	0.00698195051343411
0.410630519596066	0.291876040782237
0.023008563453105	0.0140614393418579
0.270001345688457	0.185104208600064
0.366296254391631	0.294741889898966
1.93093740032114	2.4932837641516
0.594084282138986	0.563109040496071
-0.997845658383854	1.00458376977951
1.080568214498	0.98442015374761
0.263217978655591	0.189972442697231
0.366993673672493	0.301446279684771
0.615392994617375	0.435733400111967
-0.723817861171618	0.609491192309603
0.143200458626121	0.0863339096082413
1.50467701799234	0.756325342569762
0.553859675340066	0.292748013713682
1.19584047972038	0.833858465033135
1.5643954568677	1.0723913900936
0.751372558000356	0.328960641569524
0.419474623737744	0.46685212171298
0.33285565962137	0.423542851783731
0.924650399074603	0.900348183040862
0.303102733722226	0.147418676431825
0.395492252974426	0.302384407326857
0.366520800447723	0.316815284189037
-0.268901901742795	0.318442179153926
0.417627250141316	0.731342429996736
0.0608046819081529	0.0581339062623192
0.803575458649344	1.30171568168474
0.147995697265402	0.159925919030602
-0.542274129564603	0.964136238533937
0.539378071797738	0.777589488368934
-0.0470804618719027	0.04625394958726
0.0429104405758157	0.0407280310362115
0.558242940661062	0.528846429434981
-1.28937182444554	1.26214125152421
0.0577191103366249	0.0482016583790471
-0.378326938527342	0.307931103921865
-0.318271311108668	0.204579584975982
-0.83605794831785	0.575055973120371
0.0824965687047644	0.0274096917234237
0.0952298442406563	0.0413692113563528
0.0998402587736417	0.0411791257905459
-0.475573818089595	0.198942124514126
0.259467418082726	0.216644876404087
0.176283275330498	0.152656388310071
0.567481325224732	0.5076724075994
0.345122070978347	0.378281499303545
0.748828183203316	0.58738982677344
-0.0770439914776112	0.0579229602547048
-0.211049729106079	0.185350344061485
0.369317367637778	0.390591210495965
0.360729910928024	0.512448403427941
0.131075196338183	0.142242296542695
0.0364193385927854	0.029402412747321
0.095657439091145	0.0820535072668668
-0.0200108101698689	0.0164120293326471
0.462050702436092	0.409587463081459
0.967503659956702	1.03644517823676
1.44492619229897	2.35300601401401
0.173473584912464	0.158778032154968
-0.58437747963164	0.798310055199527
0.137568587669513	0.165740678011185
0.493874967872966	0.416198030579425
0.391862493327469	0.280953822489052
-1.129306778427	1.13085359301554
-0.213512436395064	0.168894635025272
0.0532972293917472	0.0352396135877942
0.858543749992256	1.23094157643015
0.148259645593875	0.158966422500786
0.913751072607106	1.77804609021177
0.807929322311477	1.17240983841217
0.167282455159468	0.146009378915317
0.210547816680738	0.226356234056294
0.138851744294939	0.13403371978281
-0.324882469524132	0.338619969336642
0.0981284261465584	0.0873485233629026
-0.59176602647304	0.828046135371993
-0.13659283429011	0.0982061524460992
0.478536392073039	0.483563511670404
-0.0255405636397182	0.0203621919285934
0.395312953746482	0.390552666522178
-0.0757925975226926	0.0374126556081583
0.138143787320766	0.0855026868027272
0.622579936766082	0.562487346310991
0.260793104825638	0.185216839016863
0.128634735007997	0.0636825789615089
0.386757143096454	0.269867024021226
0.378159298886291	0.307349346124351
-0.795667461206034	1.03247430644333
0.686717349360699	0.66658368366217
1.40103507552518	1.55856122740898
0.00604872667089205	0.00351627430770306
0.281181896840026	0.200419974341479
0.243774755708247	0.231341983096849
0.114011258432329	0.0580164950043971
0.0850581970428717	0.0627037438400918
1.01642846010744	1.29283801772594
0.380787086448961	0.303937984892186
0.574544225023163	0.893931609728685
1.41857539092022	2.35348020694246
0.524924593894508	0.724680228269465
0.302304668141502	0.360424755301763
0.211103407853779	0.26389855811169
0.364088753831081	0.55805044558245
0.668982250790636	0.89541881038657
0.316646211872403	0.404130592464756
0.563132879733879	0.79494369113779
0.0275901681630231	0.0268169724182279
-0.0375306879993032	0.0366100018244135
0.524150154068393	0.728913540196089
-0.170178534597331	0.193187010464812
-0.0405440591261657	0.0317914021932422
0.160111824307513	0.162599035046814
-0.647888596795457	0.771836775236202
-0.162864782281567	0.115557922519614
-0.37623873248506	0.271845630574756
-0.399397378176496	0.38851044318379
0.170313840197753	0.127883925832373
0.173794358280897	0.125512562047159
-0.350177010516588	0.30901573630537
-0.0626641630283392	0.0471913037005797
-0.099199998442719	0.0841449325403054
0.178798446216759	0.146649352656437
-0.107374372776728	0.09071270113767
0.0423282181867696	0.0332082540544982
0.104773573571481	0.0949094696604746
0.63787035486641	0.856613717086152
0.448041394915507	0.550807921069532
0.516480839248058	0.416780444814469
-0.369813465485546	0.356690856617367
0.286087135272688	0.171191854391092
1.3640458786473	1.75962955697525
0.366064005254705	0.310848088287128
0.263190301800039	0.240409681865205
1.03768067493437	1.37945650801931
0.353213150053094	0.292461838000541
-0.0708082843891217	0.0607232374852178
-0.0409071062047089	0.0322516456234446
-1.1504396610021	0.793446155215754
-0.0226739458078688	0.0124744312446733
0.441460384131507	0.297547038423329
0.838845361518576	0.465458258471449
0.463010613513719	0.297353071283701
0.0528601405166447	0.0504634982599569
0.0513744528451712	0.0433893593349185
-0.0287799087907094	0.0292333568183501
-0.588212445388878	0.986061104120203
0.270611796769457	0.331856717546091
0.44128840536802	0.680513559296849
0.564868825534927	0.92980682479085
0.74143489018184	1.12320797919921
0.475674426501475	0.570278572027986
0.33108484958693	0.354220706615712
-0.349605236249163	0.371317224096782
-0.0138321393655315	0.00939037921191495
0.513158543870444	0.51110389889209
0.681890039901875	1.09384517839047
-0.0603484822534831	0.0637651239532589
0.384949804612573	0.51442257113095
0.13887359657239	0.151392010864725
-0.541907634744225	0.851461464860636
0.138060172177696	0.137715576513373
-0.296162209237938	0.41108428741585
0.359472856457021	0.39406619412548
0.280269738164763	0.338047294575331
-0.460680528145445	0.468936381539867
0.461014371281408	0.396506012220852
0.628920170542908	0.306461337324852
1.02701020388704	0.614293138926128
1.50523185385184	0.76960328507403
1.71453359475749	0.965413251999538
0.574225719047498	0.436886253511654
-0.00439441667030704	0.00223010625123761
0.928666226007476	0.902749381936994
0.585483209389777	0.647079966111678
0.32416537199341	0.305515881659565
0.72062104858042	0.793262890903929
-0.479057198723195	0.541478390007966
0.558363378562985	0.613516297699502
0.0564586940329759	0.0500718787809131
-0.00810072827387589	0.00548154553981558
0.622983819660705	0.54800410813483
0.384370873086753	0.303240094201865
-0.0225074292228538	0.0154783638473963
0.083021631824277	0.0607746356804664
-0.084260497064028	0.0594302346144543
0.554087141931946	0.53863604251398
0.0333141041447044	0.0256345105985935
-0.249065241939958	0.190234029025708
-1.16990581141103	1.29376044891815
-0.503837046670167	0.441379160393749
0.00751029164244088	0.00539617938695994
0.323733510327534	0.143421309290282
0.28886766588629	0.174569737115326
0.111852022227464	0.103488738299904
0.101455533899461	0.0896637286566418
0.555292953719554	0.869859116311552
0.00991859437441067	0.00973928700136639
0.431580767065739	0.6526089748644
0.607572754216988	1.06643699789615
-0.264941951311466	0.309500093154563
0.343517526601839	0.379747778295081
0.0494763183331478	0.0431421949973936
0.385709883841881	0.462852946110296
-0.026611808472757	0.0211370470081918
0.373404450283742	0.301936701324819
0.781638569471287	0.82917556142238
0.187756640686156	0.207944530520174
0.553224124426268	0.781779289740272
-0.264119794773246	0.317412511240149
-0.348047956140368	0.48547178586797
0.0591877385863799	0.0649266495014144
0.24840061194875	0.309320415245026
0.353928299599429	0.285819873335492
-0.233230268583639	0.131963074011938
0.0863025903287126	0.0299622438588172
0.0828014265729791	0.032242143653775
-0.291768272360646	0.0974789672557957
0.911127270193269	0.610042699703162
-0.772097966094615	0.271730814651636
-1.73461759044869	1.04606486853912
0.580470466477675	0.427909002511009
0.349822366918546	0.288387803883955
-0.18238880784505	0.147316720292263
-0.562808979282652	0.475955409637677
0.0277128005807945	0.0202173672343063
-0.107467367166093	0.0774767923602917
0.751315257865552	0.977725174901458
-0.0973165394293514	0.0808397859086108
-0.0729282193058129	0.0644529398608384
0.154428370291471	0.0976391782127111
-0.315460783177945	0.261794910758293
0.609299859108733	0.411459646934068
-0.0613991072423839	0.0412871786582979
0.602320747775846	0.729930454544714
0.167979085611186	0.141222651236791
0.443834317929471	0.390177212889075
-0.0175170814363963	0.0139588891944387
-0.0408224607373379	0.0321008122454544
-0.314782529620286	0.251362923411319
-0.940216987239435	0.825315589666822
-0.43226126717214	0.305884317017316
0.0882572011116307	0.03854403115488
0.0665879019903507	0.0471588333046032
1.49579596325344	0.742374655865165
-0.0699201955573645	0.034744580760769
0.102269760803736	0.0501391436449064
0.136147111910995	0.152156553541907
0.0578825452253457	0.0573140542283807
-0.0815382109138376	0.0839622798226054
0.71302732177216	1.18973274809638
0.702654306748385	1.3023577489544
0.310524732425461	0.309775647779967
0.468591127588006	0.676019494646852
0.416934475645259	0.652231216066627
0.0616663472441412	0.0832100889960785
0.599380397930303	0.979616928941642
0.841630238791666	1.7583677656634
0.0527472721086854	0.0499649402899771
-0.252165447491517	0.28294640242242
0.230480924194184	0.270686926016883
0.0972072819981999	0.106759664436139
0.153277325519259	0.150167193893619
0.832310620854056	1.3385387384895
0.547954642506559	0.698609720102255
0.0526782573299302	0.0514625929592645
0.071176305931248	0.0512491319058616
0.777439732198678	0.823236862133813
-0.11053448882038	0.0875020447490721
-0.0193000491296544	0.0132816805191695
-0.591004288918251	0.555374715421362
-0.448459760478214	0.395699524430558
0.0208126447707226	0.0153938547829396
0.217863593930864	0.213429018662972
0.664283562639989	0.942059191673673
0.0210081159059828	0.0196546583605303
-0.056159013098077	0.0507430764982609
0.862629540138171	1.22219720270989
0.245073476379285	0.220949419899174
-0.580167926005512	0.543659599279608
0.266003941458472	0.209451930064884
0.633122820228965	0.698148626207663
-0.458834876881092	0.47230644906608
-0.234669607060626	0.180690544500447
0.548227434701884	0.54736097813683
0.608300723086132	0.657255709491784
0.314691601995824	0.312157432478635
0.580857062562297	0.721316359826422
0.583408058859829	0.648647273370706
-0.628939119820229	0.514547341881421
-0.72836232870279	0.798650274669278
-0.132298193108738	0.106945633489475
0.0496381150097002	0.0321253405752367
0.151202470828357	0.100649468133335
0.0304433224786987	0.023353983871035
-0.0449090291090391	0.0298070521224426
-0.0104487586088045	0.00705370407234948
0.430559966506421	0.511373339148237
0.657828519931855	1.08376840490613
0.342927867630767	0.370108511564867
-0.0365640202826131	0.0359889066878894
0.10771518161184	0.102413628037055
0.159385422809731	0.159309301159669
-0.116902633972766	0.127455614321557
0.602263666553989	0.845601419279538
0.0616999374105261	0.0646105899728141
0.230337232905607	0.304046637187802
0.341150317330738	0.45659307756215
0.129980198601753	0.142941136631742
-0.293694131291284	0.292575020094983
-0.603531607755526	0.805958610412724
0.398125735856884	0.452256516479248
0.112618233839074	0.102634344829743
0.100152434451808	0.0950455982722523
0.0542321114320226	0.0467602231715902
0.408907098167139	0.304086312069843
0.0228752156340462	0.0139768899422638
0.246956708248681	0.205725526896169
-0.251124354732184	0.25065727727704
-0.568745567221954	0.609263513556486
-0.0140270312081527	0.0112570486918159
-0.285075552907926	0.281427982970807
0.107405486983149	0.088676743923425
0.0306519045741971	0.0239147060115795
-0.493286919010097	0.535093517114909
0.0487978259907633	0.0403131735632909
0.321131407817583	0.31273147838758
0.267477790092976	0.192381201006626
-0.405299098420685	0.364790718964028
0.781598942669322	0.937754319072265
0.329652743159002	0.320448863371796
-0.485096974259867	0.46323084373034
1.04111151091244	1.1991209321715
0.363312481567578	0.31211926138729
0.177157298795266	0.142362697836103
0.672432103079564	0.772068151798584
-0.205052025065882	0.1915100444356
-0.862922902643375	1.05415448300386
0.618396106468632	0.438695135399067
0.493874967872966	0.416198030579425
0.47444443896786	0.425857771465501
0.0547026058627801	0.0359708712273927
0.579094456877368	0.438574650803274
-0.369406163732132	0.54987368937808
0.531626573597753	0.911513551275001
0.410614996005005	0.674568061278883
0.98937597020894	1.86993586553564
0.220986716195215	0.253255286021644
0.660384250806199	1.19156990588471
-0.0488520176599934	0.0488198552085689
0.503298525957626	0.662565544385444
0.124649596324985	0.140832092475856
0.251583299534483	0.277654998924926
-0.266066103348162	0.338825435242234
0.221091512798011	0.280957793677176
0.208488991098834	0.251489611593151
0.373477359958447	0.523031592924954
0.963324618594669	1.79336227555902
0.564894725988953	0.706909957231624
0.212579174250931	0.224380803873588
0.197503590873564	0.211601247316938
0.203075380091025	0.225466424044565
0.437804926043352	0.295687601136766
0.300620998915628	0.166178954097377
-0.83531388330214	0.628064503567728
-0.541470115731968	0.307288999107334
-1.22801265346162	1.84683035809038
0.164481295689518	0.139778881694215
1.58822721234116	2.98667817738634
0.503508480669855	0.514518048393915
0.245690862138825	0.235975669506891
-0.538508127667145	0.518072813773811
0.697011909992794	0.946380590223035
0.0669483846271429	0.0468133832891239
-0.141889599337928	0.085760510830432
-0.181272381583338	0.143286986012077
0.489317079047704	0.420964315192655
-0.0320186671557421	0.0216702864150412
-0.330147833001281	0.27729171925261
1.01179578117813	1.64527179056919
-0.249552943828941	0.225922194961824
-0.934112122298136	0.793012463627334
-0.713991866697871	0.513580360511427
0.262171987140899	0.214016950243502
0.264271479929514	0.183270751814139
0.463069868571612	0.172876337095916
0.105483889169789	0.110913633555158
-0.0335163074210289	0.0349894406951863
0.243660473747405	0.315359246359364
0.295538009006966	0.485965477932679
0.160899156809478	0.157572707894732
0.516411240493629	0.823545951972226
0.493077479118046	0.83054254024558
0.35768017994699	0.588662011723378
0.650484138837328	1.26372077680627
-0.126641563204122	0.164190164095942
0.0418999566882948	0.0537548713409506
-0.186705562125447	0.261124471766662
-0.382381274817375	0.502123710370286
0.329961640025115	0.418185885242105
0.546896975987576	0.874902803377076
0.620887493930231	0.844105217005711
0.234200002072283	0.322642871948325
1.21650466593489	0.684384939625106
0.0968052294116529	0.04245901393501
-0.16533150719037	0.0689395035840925
0.0454583843166261	0.0390737194428636
0.0572520788829946	0.0510172155475015
0.0872889139423915	0.0896624989425218
0.112670515514338	0.0934826724756807
0.161407314571903	0.121289793867457
0.409542742139477	0.288977699127726
1.10948531355653	1.20240843720161
0.679175089031738	0.780941067572131
0.606381168294792	0.739701698024454
0.572746681727485	0.623422784454217
-0.114514714325514	0.108435606194806
0.0504877642249524	0.0415131964690638
-0.137285456265808	0.110076547258176
-0.111595310267294	0.069998347669922
1.47013928279967	1.92170114423552
0.103643924424392	0.0307990021238723
0.0432336434206482	0.0498744367219244
0.099854146469837	0.107105936029015
-0.0554048858494059	0.0616606860436442
-0.300830141702403	0.467474821854658
0.475845291177641	0.751277464275624
0.357063942131504	0.696002152509226
0.379359205466306	0.678444961934427
-0.0435205912966449	0.0530481088971041
0.228888235049358	0.340060010032477
0.0992626940053486	0.127931534278085
0.2941315007026	0.488603737109759
0.338978858972171	0.579540607016836
0.189191513199617	0.246874558212841
-0.641495530397513	1.27601365134256
0.062770214316512	0.0640876018659
0.37904569114029	0.480392358107536
0.48090191080197	0.427073620836246
0.354318310797229	0.299298274739655
0.0966069745531627	0.0732355821033848
0.863903979120493	1.389827223187
-0.0331332764720821	0.0262348458023543
0.0925791390301792	0.0706879131411587
-0.0802341619149138	0.0956313197725921
0.0631362710320948	0.0757711259444724
0.623621122116102	1.22673574225586
-0.0523312014011417	0.0571039539106042
0.248268132032022	0.310027441303943
0.0901168969355944	0.106657003060572
0.318339694159484	0.520520082976555
-0.0896128283920882	0.113115041108692
-0.0573268033775267	0.0630085496623302
-0.0407688115920608	0.0435743484066395
0.00468936407207854	0.00529478499442852
-0.241650281154728	0.362877688740287
0.129693951786021	0.159412854813785
-0.0272686955837923	0.0297254218447317
0.152667504981307	0.157288018548861
0.528433504780512	0.518933863297234
0.483233060183345	0.414050532995605
0.389460126384622	0.291129058798819
0.178081382558292	0.161465512267932
0.135150422240637	0.0869862789968745
-0.223984067811606	0.222250209354174
0.153374089228003	0.163481423947241
0.068469413199786	0.0660102956605492
0.226234397853163	0.238428559332477
0.330179558840208	0.366032556625207
0.456884772257882	0.65550985109831
-0.308520217916905	0.358569438669727
-0.661639692409268	1.04808429664111
0.025503929439107	0.022922038204346
-0.236021056366977	0.279210184124659
-0.111457551260074	0.136406083789918
0.566363820100897	0.817439441735592
0.0449106890967785	0.041288041664043
-0.0870494339970689	0.0762511575681062
-0.602523495184416	0.731693995688739
0.215451838054877	0.231048803991483
-0.0813907396417642	0.0597156055863915
-0.253753272460559	0.236416305376727
0.0708434134676141	0.0510094994120822
-0.0435218531711466	0.0332010134361157
0.0492817443255757	0.0464152577442459
0.628106993073396	0.750588887810148
0.562925721529358	0.541851550675769
0.443636333411708	0.41934017505625
-0.0432312784680235	0.02857535144543
-0.124726903490065	0.118296629237849
0.0657103112243682	0.0661678530042727
-0.250898639028007	0.255758925180889
0.455679349412071	0.426246787124199
-0.638414252663146	0.532051963067867
1.05916292680532	0.794856531648152
0.824865955306278	0.843505894613888
0.0838200416635184	0.0653066269798099
-0.0872279185858393	0.054438805953133
0.819148015469703	0.606215105251252
0.397886794510018	0.301285928780997
0.409310322803527	0.292857401465942
-0.0949715552591661	0.0957776258923455
0.0473769142675431	0.0302683387702251
0.145837343185244	0.204557890687795
-0.321913444264604	0.434768531101409
0.5621429293937	0.826602577179353
0.159328416387439	0.15545040941481
0.38846501571353	0.402301261811558
0.955140568275447	0.779429975371731
0.162425478819594	0.159563229006047
0.596589929059165	0.547516534074612
-0.00238462605564495	0.00169419110156882
0.0232390886919314	0.0168723401771116
0.258267945493193	0.207827967374067
