x	y
0.284610406816613	0.174384730228044
0.736912313992019	0.449392604639908
1.26334127462784	0.579536363224572
0.461460902691025	0.166538731783549
0.629411549256692	0.202901816700143
-1.13780299501431	0.767063458230858
1.1966046669287	0.848481515027658
0.0785176985621418	0.0268979644396717
0.0716953020636528	0.0238815139941905
0.760894752832661	0.306405207203712
0.985496471514131	0.390439575213324
0.455781402727788	0.167900327425104
0.312825906414596	0.158677017645091
0.332633336416141	0.149072980186678
0.982685861749079	0.37889071089191
0.61844278811619	0.28281158691397
0.921904626856101	0.911282908214008
-0.0443116967640035	0.0230832578108963
0.571531168506634	0.414066630211012
-1.39093923057777	1.3695306864479
-0.181126134726047	0.123909671322492
-0.360704076151302	0.213538208017037
-0.157606473125421	0.0664357746640747
0.466028060144139	0.167115678051664
-0.431530827584574	0.313573177693009
-0.646199690486575	0.711273486392138
0.424650066705225	0.298271446520379
-2.03621953486995	1.47854608603906
0.126094740891541	0.071248880466449
-0.148431064071459	0.118168772850433
0.721627445467121	0.707338570217988
0.511356111815508	0.430707134813122
-0.275369774698822	0.133751271922852
0.32257254157832	0.308618938851638
0.336417192203038	0.152666467992098
0.0808242609502022	0.0314416504709488
0.329135067386633	0.149046178732025
0.50478820215204	0.294137905232951
-0.836643942836685	0.584594755953116
-0.64803736794435	0.162454516779564
0.0978685689848365	0.0298543200160592
-1.34278292954468	0.665420427075967
2.50200155461433	1.39985619828207
0.0886050428589566	0.0381478773772152
1.26407645504773	0.562420757815524
0.290312525193064	0.163415515678181
1.98195893518936	1.79301505281797
-1.09744618998393	0.474113478007243
0.932465440987119	0.256778751447003
0.157376252038133	0.0320040543511302
-0.775548100671114	0.280697934253108
0.304325680596896	0.145996077893312
-0.212420756737323	0.0825751637182051
0.157205444439455	0.0315258361215739
-0.666652918158819	0.319210712991151
-1.05129289823663	0.575164026889131
2.75923265308788	0.836083273652134
0.157376252038133	0.0320040543511302
0.549833947167705	0.290603519042703
2.75716465447705	0.856515106564735
0.115232221432301	0.0601338642066694
0.464442264200948	0.294503426690252
0.995851850740376	0.500469826085859
0.137928122898267	0.086353413258834
-0.0388707652942538	0.0205271034719623
-0.0825936223317258	0.0540727395796514
0.652999345728543	0.573920319615427
-0.37047389907	0.17768576437024
-0.238416798022006	0.129987008314534
0.552551217772382	0.295614499308593
-0.587408945438697	0.379489061058653
-0.50189771154489	0.337134815084226
0.116327098406117	0.05407120367003
0.836198563936714	0.429854587507087
1.48073550176465	1.21392707941165
2.75716465447705	0.856515106564735
0.915069929668235	0.621903057466452
0.826331839154323	0.603455377969365
1.26334127462784	0.579536363224572
0.157376252038133	0.0320040543511302
0.157376252038133	0.0320040543511302
-1.17194696313743	0.369337997159434
1.25606995944645	0.552089425222993
-0.224997141074697	0.123674966548891
-0.111579148352024	0.0510128830186968
-0.586402969745427	0.383622981986918
-0.564103405512382	0.490118063865228
-0.111885639030543	0.0712092455294837
-1.0890984073024	0.458554063451706
0.132317236140496	0.0337294970472214
0.99389561978068	0.502367582022983
0.132742993973497	0.0341362592279412
0.0743185128636524	0.0522840436288338
0.358189297945925	0.304811433499627
-0.215732988085825	0.0833813791673214
0.0205916497186437	0.0127561103847093
-0.0445613326156141	0.0295624763916319
0.264154035907592	0.206098286901589
0.427179898580263	0.296711504653363
-0.930212597442732	0.747893083405281
-0.0562509315092617	0.0374965803922363
1.01867078466009	1.04553776477892
1.02959496559632	0.622054600609744
-0.503516054103135	0.347929196830471
0.0897227854498941	0.0342705577042922
-0.600737611892028	0.234102257268439
0.0960983244651062	0.0288082267016384
2.06310301726675	0.949050807269588
0.624171597440276	0.2990350820534
-0.16155560434965	0.068113421679743
0.834286441754421	0.451503547203368
-1.56169659011359	0.586129303638911
0.0895703607946215	0.0384284871988754
0.755266649161194	0.334388877016082
0.463797882233633	0.172742420349666
-0.191204783058291	0.133488417847313
-1.08685123557226	0.452713644079009
0.477479222299492	0.392906865159483
-0.81679737506683	0.823486772481543
-0.0884952230754928	0.0644778907713725
0.321942606213279	0.140585091933924
0.629197741117912	0.190973477651155
0.619142597747633	0.197658774394258
0.623479374647378	0.860763872479325
0.464740887460587	0.169475933261589
-0.332885400628114	0.354397939174447
-0.110100101197697	0.0700504880186845
0.166721038105199	0.124206418515712
-0.244479775061504	0.228114304234264
0.0255252428310056	0.0157787981510353
0.956707104318207	0.798469725263667
0.610462115617152	0.442532579489486
-0.497657853010021	0.432093773965872
0.254090400487269	0.170422429504112
-1.27437872183512	1.78202731413959
0.390399514186225	0.289375130092413
0.115069813145979	0.0621838826424153
-0.0397647288360023	0.0206563861063765
-0.670684802298569	0.74287486814194
0.172069413950319	0.132128663002318
0.156730090194237	0.11201468660382
0.655069498004043	0.672871806916547
-0.695443616233976	0.433195558085423
0.0330314111531738	0.0196736131775049
-0.609880879238606	0.44269786099466
-0.188089026700406	0.112284362515607
1.48077677680561	1.17333592406183
0.62021378568221	0.549036077036889
-0.230804539283709	0.153240452391271
-0.0206823959335833	0.0112181773724233
-0.267666585956708	0.182948354635941
-0.438006977203492	0.422224295471588
0.170264597856786	0.132707285071338
-0.275927923480908	0.213842897986406
0.45374483587818	0.416026280981567
0.57857187138897	0.539401480074591
-0.0235081028028258	0.0159138844252901
0.152669234016283	0.109036347023319
-0.355829920531762	0.169382083769327
0.342027478367099	0.318957808310501
0.159116875525016	0.151037826492834
0.122060487094274	0.0692215981742168
0.229656912898399	0.220442050599572
0.139228228980447	0.0347976130633353
-0.132781796342139	0.123312764162371
0.123678293454551	0.112424635948673
1.39550743976232	0.859817110418525
0.315419122426107	0.321512994045066
2.29545842867998	1.18433844965599
0.158753727426354	0.0319702215245481
0.463069868571612	0.172876337095916
0.378061633127794	0.156892679811585
0.990660628077156	0.363890657885816
0.62816073065031	0.199117754874169
0.595001465060794	0.542704376940167
-1.11386325619235	1.53951451940101
0.260529471066585	0.183373067402106
0.0905157146177308	0.0399966053005658
0.342822018390754	0.150059102588241
0.547850252222091	0.290794872296727
0.494556449202429	0.281386122787325
0.170696153126421	0.146723121140059
-1.34641051199881	0.634622473382486
0.118534259213856	0.0672150870163968
-0.404632240703031	0.319189563844618
0.211597103709101	0.183073870521106
0.356396242162467	0.495955941952621
0.518241719066079	0.536034414045749
-0.0257983755320238	0.0170255497324412
-0.24502417963427	0.312209346025823
-0.809693561720658	0.851323818466371
0.0534671830577969	0.035509512374781
0.257171764209225	0.207360966740231
0.404858434868274	0.306585452044407
0.430732936479075	0.293379209361192
0.903539939565503	0.58773427037142
0.401320981278244	0.302782068841413
1.89243431603965	1.21190897562215
-0.497276168698056	0.346285363250127
0.0659475327666015	0.0464600721991461
0.111331291909753	0.0590877814021872
-0.249718889194718	0.326838204266679
-0.448008689125391	0.65226903252162
0.513228851045618	0.412626757462661
0.546429915671411	0.817782804142643
0.149071166056423	0.10026636164592
-0.54649458952721	0.779479198190487
0.822384322622267	0.608206404799992
-0.289741096782999	0.100867367680409
0.628920170542908	0.306461337324852
0.934119453302454	0.259434889433519
0.620956729636381	0.198581629955028
2.75716465447705	0.856515106564735
0.669355126783531	0.446785973147695
0.11382042347754	0.0612710468341351
0.328149080145186	0.320436238420913
0.0866103278635036	0.0339256298544401
-1.34701448868208	0.65050554762775
1.21822369350849	0.607421965908749
0.361623981552591	0.276094557435054
-0.22767598614556	0.149952001990538
-0.217573907934023	0.149516530876044
0.605573609335412	0.403089318148179
0.844593326819251	0.466453397242953
-0.255466401654707	0.1681361618639
0.335390260151145	0.150835237740953
-1.22464437756773	0.712518523338077
2.10781805765935	2.09964896417495
0.117393945524168	0.108837847988808
0.844963349466798	0.447941111131826
0.155193885912097	0.105748352963733
-0.655469598305495	0.58347005571069
0.181052120662236	0.14803460293141
-0.0506192939168467	0.0338031487871863
-0.285502231560493	0.326112996395474
-1.04604825441741	0.949637777997737
0.090336217617182	0.0674752781662198
-0.172915487325424	0.169923957703648
0.0854414142741911	0.0635734040566616
0.147160061295186	0.0942896134743851
0.673590853593761	0.444506411267396
0.404521143446249	0.306988616878264
0.781246595802722	1.10239643391173
-0.015374640225043	0.0125182832392293
-0.590072017049117	0.556072942815525
0.0987863155123523	0.0880954871574848
-0.0135116066574008	0.0113549349386417
-0.0454118349502065	0.0237843149081419
0.823093643809335	0.607462354419672
-0.0218580362348954	0.0147551477801302
0.444993461047078	0.425281791019415
-0.237121298846352	0.272169066583158
0.297092628949565	0.159110239411714
1.48240554126698	1.26743657889736
0.624214008916153	0.206232457822621
0.158753727426354	0.0319702215245481
0.131875259814366	0.0330478407707225
1.42405202484043	0.472405810643601
0.468389680044914	0.290267369687921
0.279275717420089	0.178774491858623
0.434911663062268	0.421821406986385
0.672713585240335	0.878376086441379
-0.0391487321479721	0.0208727710869221
-0.121559724673654	0.0542719582550699
0.315656440270627	0.315205728954443
-0.298309236334379	0.153317323159002
0.109268784647656	0.056462971923148
0.49197620710623	0.284406957736315
0.101279917026426	0.031103992357174
0.750049920132504	0.304803639250056
-0.0761515898623267	0.0380699581167583
0.726939998420196	0.756843844184953
-0.86800659458332	1.0063471180158
0.351964408499668	0.321270949145273
0.075363074320956	0.0287103310218686
-0.314439152648566	0.201482774200622
-1.10759357865935	0.428714425409515
0.869669288895022	0.715721971848964
-0.0719155907186021	0.0352535973010592
-0.211751827949561	0.167159148037521
1.20036103767824	1.01449553627969
0.281024599468584	0.165107750281867
0.448772754401644	0.411016331816025
0.247842510089748	0.242418856381664
-0.00125978122029802	0.00107940180896368
-0.173732344961907	0.146105899788873
0.0545249654717995	0.0417232698103604
0.837818723724715	0.459397660093533
0.0616125475243922	0.0424421963886036
0.149033334767526	0.0953387494099482
0.593144365793011	0.789132714579938
-0.276958328162698	0.211447030524113
-0.126364855710989	0.0905385574773982
0.688538077396114	0.789172685158976
-0.0398560816822711	0.0255168705028148
0.255334720479019	0.206651853105278
0.264419421146787	0.193834443635675
0.512180685479766	0.428534177936073
0.603832312793187	0.734603342858988
0.745163794099341	1.12359910354804
-0.229774084199601	0.169374536362368
0.0146917256762324	0.0131076629385756
0.214315377386684	0.209939090067789
-0.0667266960577641	0.0328011673265392
0.12432697609598	0.0716456985800995
1.20497256402437	1.16376315998139
0.0480963893095321	0.0316380176917046
0.250961789455012	0.219155462783936
0.345125832024044	0.308435441615944
-0.0627406815288774	0.0631241735748664
-0.447291358684043	0.255011044647249
-0.191361656252919	0.111592150082452
-0.221663297576783	0.12136604882829
0.383164165068883	0.458623127199254
0.181809189824383	0.155382466643673
1.26166453562566	0.557028453574487
0.104810382414038	0.0315902356824143
0.0772568459403886	0.0263911838257256
-0.385272828569602	0.115675713537293
1.26684933234174	0.587948962602121
0.546633647710968	0.282543060005674
0.751225912335407	0.322510250149983
1.2186210940049	0.670773844741727
0.758058720826643	0.759893016673055
0.691122491597714	0.682520949848844
0.266866458527045	0.225357430876004
0.496342729929937	0.294187521809399
1.21314679231562	0.660271099879894
0.377764868996188	0.155816693801671
0.326115237400143	0.149311376732858
-0.140259557195471	0.0980649975407072
0.897777497126414	1.0912577335487
-0.360498775016266	0.291065343423313
0.774645669496765	0.805364769800748
-1.00366854860125	1.00898262715836
0.712680911598259	0.676406893503001
-0.944686912792005	0.825331112310498
0.620735995328737	0.547760082318931
-0.20983744540597	0.184960708261146
0.348486983355837	0.317069468412371
-0.116349073783471	0.073401646029028
-0.444842706335802	0.395390626474362
0.27076187115634	0.20156038019059
0.354115773255278	0.311491475884277
0.763404995720817	0.725014617951916
0.502678745490729	0.430379271197614
0.74186756368483	0.45469246983488
0.627509313918547	0.300161340762551
0.13595821178157	0.0867726470028196
0.865623633521721	0.86701401980066
0.772557708917372	0.998610524605647
0.824820261261272	1.21494243905958
0.121669879842297	0.0630307837768054
0.416275390874659	0.297571066225702
-0.114185289363855	0.0525998247721116
0.383325183444573	0.15533460632198
0.0990290004839494	0.0293913595373793
0.553506184054117	0.291066685502554
0.11742805933125	0.0637138953853731
0.413811214768293	0.284207333699147
0.0833736290912349	0.0322972574995231
0.109666356032106	0.0510462071801078
-0.147812988697574	0.0591897794686277
1.39546984812495	0.882913643356425
0.997490412854535	0.487275969646174
0.0893867384871784	0.0394230229608936
0.00812686007125248	0.0058339980839665
0.419318702651741	0.456150098396938
0.365350918729603	0.393147373912377
-0.486903286896658	0.593310067946433
-0.112898082723772	0.107064537285117
-0.035206109355617	0.0274360759034041
-0.131865284676654	0.136749994037918
-0.119604786871503	0.0973748963052044
-0.338535787614646	0.302631974938786
-0.427029017839479	0.453044502391336
-0.151933045522387	0.156303956031663
-0.462026366798362	0.545143007570405
0.810907810014426	0.590743909307139
0.08140892662766	0.0607223036252485
-0.322026950452646	0.269114018649687
1.22687775786579	1.7909795446369
0.0317988988474627	0.0245161422857254
0.0938534827732986	0.0395014823689502
0.818507320227901	0.96381381818769
0.327132288520865	0.319114318972016
0.586210261585441	0.653773416451545
0.148666481477324	0.0968942522495044
0.144748701786894	0.0959118968920559
0.614911453277938	0.553085713576742
1.09482156567468	1.06192078390764
-0.00421792530719164	0.00273542748680321
0.269094117374577	0.196608667539044
0.715667631332635	0.803539684353322
0.29990614084316	0.163830379266806
0.117247771680361	0.0547868897717428
-1.74495558993622	1.02102932847058
0.507095612526216	0.293587477840319
1.73245762763905	1.76385788407591
0.16840430857153	0.139598592277927
-1.00475648303894	1.01316641315936
-0.333251190347984	0.304986076829136
0.338517126493183	0.321585257304278
0.85010342451316	1.06611794894957
0.087715708462298	0.0639657049965257
0.50481901088369	0.421675308059908
0.0219900917844832	0.0134230801229437
-0.127985778135912	0.0945843109212518
-1.04273350276516	1.14191365038782
0.494313802304652	0.429159104255525
0.183064494581085	0.147507996339629
0.102230779336244	0.0925439942506753
0.83700706524656	0.466389712073119
0.124203154794757	0.0708268121512732
0.629761022684064	0.29994852930166
1.27202705027891	0.554131707437644
0.737284770789419	0.441179022344809
0.0781185055392143	0.027185752328471
1.43142622307664	1.3879515951141
0.756380029726619	0.332098700403031
-0.306952384156389	0.283137221750176
-0.181037234191131	0.159010288568385
0.439421036135875	0.431395162785033
0.0671758406044467	0.0473806700683787
-0.0258481218148413	0.0207192769998844
0.258299183246915	0.198061377802005
0.158888478988929	0.106585310382157
-0.21824536834376	0.0820715723339266
-0.231359443624341	0.128137056476816
1.78001105513688	0.707897055469528
0.371885397819047	0.149380744345061
0.3716242401291	0.153206848052892
0.460482484996402	0.27859016283932
0.585266996973603	0.429321217032684
0.460911028418351	0.294226544904685
0.833118042020488	0.445528196632185
1.49938506299779	0.74845946276558
-0.222310504825313	0.121308272512341
-2.35280258005633	1.27527620892962
-1.00792851375232	0.616666695710151
1.55797355704859	1.0567820351358
-0.0619414158122507	0.0293847576790299
0.265102838622401	0.215303818417163
0.227895278781089	0.223937367065654
0.0140132772203195	0.0126479162973348
0.0526646969396734	0.044931026781257
-0.448219728295381	0.625158071486706
-0.146440857340863	0.131535308854525
-0.450058413498833	0.493753249653191
-0.108208275918866	0.0685423024890832
-0.997963292425058	1.59685406981766
0.000251000096216596	0.000214214937570164
-0.173899366587128	0.191572942657241
0.175498663862125	0.15860282826489
0.134571048127909	0.075362632232117
0.0151288906234347	0.0107216535137421
-1.56511511443297	2.21294847961669
0.163150468494673	0.120460218018951
0.256966462919823	0.174013218440057
0.28607946932807	0.307875297879779
0.515705970611035	0.587724560906349
0.174210364859937	0.136090204513276
-0.0223674076927664	0.0121856932858727
0.252285218135646	0.178588475959454
0.257248889946048	0.23107189698587
0.640274493266824	0.64649839528461
-0.553527918818133	0.563131506258693
1.37136324202361	1.77536160929352
0.585522419034918	0.426584112684956
0.526616223459361	0.617214927658811
0.14800491843007	0.101483124548039
0.131723644794904	0.0733643713134091
-0.0236865144608277	0.0161332114950373
0.0254272332000883	0.01958384058513
0.746661139933935	0.973137239963265
0.618413680240954	0.627835011322318
0.894493267049759	1.1184553009783
0.0379824270176537	0.0233133606737803
1.0415991079467	1.21989095231366
0.71656125606352	0.688272992458289
-0.555007819907347	0.464014924427813
-1.01512144299665	0.994598101476763
0.409691621549548	0.294974824856276
-0.470434628499631	0.44162890401652
-0.216205715658178	0.171937666853466
0.153847603238639	0.105655173355424
-0.217258248304161	0.169314654471224
0.0639495494801068	0.0448210979646158
0.0800709471259552	0.0586543514705098
0.819859122556898	0.731434562246314
0.470101001356355	0.417261202031563
1.2020453054424	1.54025235515424
0.296204573956273	0.164466821980455
0.511285509633932	0.411163332636078
0.649128631802628	0.549858639119961
0.673252398141584	0.650203551418287
0.272068969831532	0.195886346265593
0.856046255626874	0.84207836966296
0.555377748719643	0.610419651587081
0.102041499856445	0.0804848462463286
0.0778668598232361	0.0569772875449907
-0.0463010043124284	0.0312897148576152
-0.156384055160738	0.123833969780546
1.09628428317834	0.925166010851557
-0.15421724068573	0.0632310641919204
-0.025900930997338	0.0137173275539357
0.152992231669029	0.104382059584653
0.42687478490886	0.277335853968164
0.547767472262592	0.545914165453479
0.269745974036298	0.219562249318953
0.0316974835403075	0.0189772176637692
0.241614738008714	0.22819760837054
-0.285642013155655	0.237898828719163
-0.18363740687279	0.14679442506507
-0.0111767876688712	0.00771527250630395
0.182453997074414	0.135875663135433
0.746241667426948	1.05528000652513
-1.17889441884893	0.963412092299655
-0.00889283658317858	0.0048715469546752
-0.0944801594481902	0.0607848153029986
0.276573119400997	0.195457318231074
0.133590463634159	0.0797004530374977
0.7835437658676	0.841117652978001
0.264970740296662	0.197537754328848
-0.122118300723862	0.109589121502132
-0.247537609025382	0.230950881418544
-0.486738171662579	0.462487041589215
-0.557480024301984	0.638738013161609
-0.11335835586124	0.10483600156926
-0.249273847823719	0.251440280251829
-0.676206626466178	1.02406692311703
0.0432608707816294	0.037963810490748
-0.119242837835074	0.0980690557744513
-0.2034302963299	0.206696109718385
-0.157567302281123	0.153688718757372
-0.0951723471784446	0.0938837505492689
-0.0265596873277891	0.0217580919069408
-0.47325597926747	0.452855618535671
0.129748964602796	0.0786219393176211
0.26446516304496	0.189052163640732
0.104228258880499	0.0319441294807729
0.477764963497886	0.514325114430851
0.907200900123484	1.39670938403964
0.090958142630074	0.0393913259306323
0.376898920102803	0.151305120618178
1.00252623207051	0.491876771102163
0.575905443868081	0.43926207983191
0.327340821000412	0.35026977163441
0.343153689628121	0.384796603691978
0.430269953164188	0.593508208262826
1.04099401291526	1.59073195398011
0.303697543473196	0.149335677684942
0.289930355362628	0.160675201368239
0.249234124025998	0.217525436180787
0.0808747053923587	0.0318115481319066
0.0671714666574256	0.0242126438328975
-0.0683575006832781	0.032985919532355
0.465843731332916	0.168359077789132
-0.15120561985378	0.0625969506985082
-0.0115371875819432	0.00635327443791976
0.268440833507729	0.192995170865246
0.380581980876627	0.303709322823049
0.0960983244651062	0.0288082267016384
-0.698899455221362	0.413824067579399
0.0779666897881993	0.0269328568776476
0.966303177385871	1.41230092159022
-0.536376491485426	0.644434364632092
0.146710957741973	0.0974351852780831
0.752375608988821	0.320468397683853
0.0866103278635036	0.0339256298544401
1.26124408907508	0.563558163566281
0.161258054685313	0.11939926660739
0.901178756552828	1.01864394250309
0.421634849909395	0.266254638458635
-0.120851640000206	0.0925827123996909
-0.498807758205177	0.336564753103804
0.0816398979946077	0.05693625406121
0.379574712381859	0.301781371031961
-0.845019394759721	0.547248918200559
-0.0911183983815318	0.0660699456848386
-0.186815359202488	0.111172393787722
0.996141767135739	0.48952690809136
-0.290844223800902	0.101660915739334
-0.0182111244729342	0.0100449180518422
-0.739148428610901	0.872875859658074
-0.825416473280868	0.65056793934695
0.744026417461784	0.45157502399264
-0.0214045608393616	0.0117833914509117
0.0437692811195955	0.0467837242552485
0.010698799799176	0.0106109284233057
1.07844826748306	1.42452373180047
-0.0251094400040142	0.0199342956223089
0.438394421349554	0.48795792724783
-0.327672034180675	0.422546370558322
-0.419372899112577	0.60701857504357
0.317044268894502	0.367577971661883
0.425690060673435	0.537606473818265
-0.181122705774781	0.104551614219391
-0.473511536798485	0.202191464391128
0.136708644712354	0.081784147397539
0.0371385277948855	0.0235931184111194
-0.0593029351041584	0.0384691814994218
-0.729628544816739	0.585059698302117
0.231525684716101	0.236643175461531
-0.163506738717553	0.0689783432958266
0.102269760803736	0.0501391436449064
-0.287135795510813	0.151037758166957
0.00369360115163446	0.00318206779035911
0.495671749340034	0.271162575029646
0.460369913623915	0.170045180043861
0.100096074774265	0.0301299343383275
0.934461310992546	0.251621271524724
0.334071823356121	0.152071366368868
0.114414958561983	0.0592104929251548
0.543705086491518	0.434026135862325
0.960402923311726	0.784801564999089
0.171449037996629	0.190063193655574
0.293220106819801	0.310982823550183
0.286218177538958	0.170261358390554
-0.542797903403929	0.419230235640988
-0.683877710687671	0.899972367947055
-0.295298415965055	0.152453184992983
0.500023063115486	0.294536775951651
-1.04374489827838	0.528945351793063
0.302184028061834	0.152327442658867
-0.674621991606438	0.342248055100551
-0.161145802555271	0.0696020296961957
-1.05255861107803	0.572250981491134
0.86940447432618	0.702535122855508
0.623900105952806	0.287318348885081
0.302814473408198	0.150138024596835
0.571094907925505	0.708065924574611
0.575594214530273	0.696342962290854
0.29877774411616	0.304655964930698
-0.393936976276819	0.44444638868042
0.515997546507402	0.533706872247507
0.117944719289832	0.0618188799850942
2.06507943607132	1.38696549776351
0.0991456385206541	0.0736724021365238
-0.299853157613784	0.237362117943263
0.158166328698907	0.165444426727252
0.522255469903067	0.414476701728049
0.49124593886597	0.415551430075035
0.753882956900538	0.575055178345871
0.744743389745562	0.44455813752179
-0.315936300974362	0.208495044374986
-0.292549024694588	0.154691611573152
0.314784492336423	0.159800318309179
-0.35932582151259	0.176468370548125
-0.128668243454162	0.0943724153405255
0.150557363263719	0.0994115468076621
0.294031720046792	0.17021840388093
-0.289741096782999	0.100867367680409
-0.264938225287324	0.180822158691287
-0.10042674752918	0.0847287287666
0.16679118226615	0.126897802495429
0.0995628439505955	0.0478316418111766
-0.929325687329867	0.745722355530134
-0.155284618555357	0.154659106683269
0.287246713315707	0.338603775090027
0.0460620279874582	0.0302327570695285
-0.00461526723216926	0.00387549134385799
1.20765194753255	1.65469177814166
0.231280709493215	0.240370355114973
0.557152296616346	0.896171453134895
-0.473720784080382	0.609760445868399
-0.0837117395069768	0.0818417562627793
-1.65339790228364	1.29604233752847
-0.043927645576072	0.0226851641507076
1.49825758346764	1.23996331414287
-1.42130071930708	2.09355201060426
-1.12470354163273	1.35642541502305
0.680813529314798	0.806360280514498
-0.0692522545673149	0.0633186309627799
0.994729203727117	0.49925578169636
0.0809611385247812	0.0589595815670664
0.5118837570521	0.42809289996242
0.250583817409487	0.227276397756231
0.345050268701972	0.311174810020571
0.168550908538665	0.130634528823128
0.259949579944637	0.228785295249243
0.326115237400143	0.149311376732858
1.0286144246425	0.631822525717583
0.464442264200948	0.294503426690252
0.873456731366178	0.875825470446888
0.98397225861208	0.862211250675182
-0.129741552435688	0.106410286685364
-0.651225857679983	0.597364773802945
-0.159078016022412	0.113088984459906
-0.159489969777244	0.115703969173721
0.625636764534113	0.667047731082751
0.039390264324172	0.0256071713277697
-1.17470466229533	1.62058571800703
-0.530761775866797	0.485671418570367
0.726682291336522	0.690199070186588
-0.129997252014884	0.0958935789876687
0.262483840704331	0.207011646430268
0.146183411863931	0.100789263580506
0.38346849384412	0.276629484822467
0.164180946164996	0.121835008345455
1.11303364199643	1.20175546605415
0.431525491400262	0.294123920296332
0.741657517080592	0.805187215798436
1.00034227325385	0.479392496185355
0.635268077587278	0.291315572525307
-0.11324183764846	0.0530476972691188
0.282746119993857	0.167935694161967
0.0785421687019815	0.0304722890036789
0.754339131977089	0.599664769179458
0.369984245158146	0.314874941231246
0.0497604475846135	0.033079101454566
0.388160744426901	0.307185447591456
-0.660161211684049	0.653835468502639
-0.316846593120738	0.282513294072156
0.169538991340743	0.139125454607378
0.442277332333227	0.406786120114445
0.280674974114818	0.19413464374077
0.295621910637721	0.164944286128296
-0.548814572278744	0.298594169039953
0.886391100407237	0.749438780908102
0.100096074774265	0.0301299343383275
-0.165190723234782	0.0675310038000734
0.756938577497406	0.317806962929199
2.06834489475471	1.44080799330212
-0.367432177548032	0.177182878790613
-0.31004029598808	0.19320852781853
0.952452070237249	0.977303707450048
-0.248550376905289	0.193304958310258
0.271823118369433	0.187369082640114
0.256850121585729	0.229495445530505
0.507095612526216	0.293587477840319
0.434466881593222	0.465153815246343
-0.239677964962758	0.207859223829452
0.0859529214004753	0.06386874534539
1.05492476680431	0.802793653594702
1.21526562209403	0.64794355459674
0.333841639264124	0.151015246113808
0.978572740620715	0.368991751588852
0.57434973074088	0.430487514737341
0.378296305542049	0.153402494024623
0.295307916239126	0.164767455628167
0.90486795293951	0.600994155911682
0.280129287931947	0.171208279362476
0.166884533984293	0.154250090886348
0.391014029953304	0.460534370585672
0.174550594148073	0.145856440145964
-0.951909062132702	1.43072168309646
0.183757197743494	0.162008639922697
-0.348154122404005	0.40025430308154
0.0776491900535168	0.0536738585271334
-0.230590025160229	0.203025628626953
0.0767422503507307	0.0253096277470847
0.682948795450605	0.859509959865416
0.274911039320269	0.194941390512892
0.0996855041167881	0.0754399409507181
0.113040711854827	0.0535259265134297
0.278746499299915	0.178532246297135
0.174682484660431	0.14641773597154
0.542611591522748	0.428734115004017
0.847952337942518	0.96337888776562
0.915819243198961	1.14435232998051
0.816831932830425	0.730496970475353
-0.189744137114363	0.132575987473562
0.270931875727848	0.18975250217639
0.692363859723954	0.699368288346983
0.511476535221811	0.528486142062116
0.273224419121525	0.223671335104862
0.152256791586457	0.149936842660052
0.269503012368219	0.21320304852763
-0.651052975344611	0.588711405785046
0.554576609142545	0.51642573164745
0.149011735783824	0.107950170172831
0.647973797089566	0.546197765500616
-0.0167700781159415	0.00904774939781735
0.263861818088716	0.190257568426996
0.498996327113143	0.421879861627986
-0.447920217017002	0.401571109020751
0.698355612470872	0.573713829178265
0.166981538341529	0.125208328418794
0.389931718375469	0.280430723660803
0.264509948704914	0.18668634633602
-0.31636941544628	0.205816156222903
0.129441277475863	0.0775661626214596
0.590075063586065	0.533325973791751
0.376635103991139	0.295254820986305
0.00832172935436273	0.00467668298951773
0.275725765232687	0.187138681630895
0.258873226681216	0.178620123219313
-0.363386550945839	0.171021830204335
0.0550943735584189	0.0374630492313132
0.164902769622617	0.118553321936036
0.176219768978977	0.1362023123873
0.158215604450926	0.112533396139382
0.160416135855676	0.114755434001353
0.594912902108244	0.56401268288339
0.619401903377505	0.560106825460305
-0.266017512180694	0.178460460796072
0.0990225945031913	0.0449805664632942
2.10328500651259	2.12285650445802
0.435235901464071	0.3011496161243
0.0840585803338891	0.0287649774393741
0.859342802518724	0.881281166678362
-0.414424311931144	0.341710832149654
-0.0964659742939324	0.069673164482229
-0.973210821476931	1.04720567745992
0.695174489994412	0.7651339904843
0.0945776828195199	0.0745645404398959
0.789754736005132	0.784194054161629
-0.42458769622367	0.39519193209847
-0.0000641711304428963	0.0000944657016877031
-0.283670443388603	0.141712331075128
0.0314958411848428	0.0189115602185188
0.360700410244156	0.303296375132739
-0.539609022278158	0.421890640296581
0.660058462631994	0.683462288726128
0.0473716686723271	0.0378443475165616
0.725954299822675	0.867708713053021
-1.33240537362744	2.12816205797575
-0.207955956144647	0.180002425079639
-0.174118046486863	0.170715808959338
0.505969198471497	0.649730842570884
0.0397741164267217	0.0325043900785649
0.241455942601044	0.235864037750184
-0.615560990040035	0.657920423884508
0.472580690186149	0.513310919042628
0.343631786012836	0.286641756121579
0.816365707812729	0.751868562907311
0.544084994842217	0.287005216812903
0.764727239969739	0.706357231243842
0.545854385322039	0.419441532857319
0.248026401406462	0.218372162187296
-0.0659321051909766	0.0430622503383654
1.47754203114096	2.36091530095747
0.72221982094458	0.876461089018911
-0.64637024646203	0.598006968602327
0.592142010781835	0.657388542971525
1.20152220288392	2.06113288335754
0.175606147038797	0.164519304436851
1.90660440466823	1.20361154512244
0.00254152014473792	0.00154195408315886
-0.363825558312248	0.223167403513825
0.612263804133455	0.519342359133308
-0.207043364528961	0.162129616268642
0.343809959413623	0.30661958045216
0.37005756933126	0.277669117399846
0.500417292265838	0.427564917100018
0.453410164225651	0.409142266563172
0.262304575628955	0.201989300347343
-0.476891250676595	0.376993863471639
0.499047572068677	0.507930920036527
-0.0580675957553422	0.03772921792799
0.414817839746026	0.295300006757353
0.0691344668038214	0.0487560369727258
0.269999104699274	0.215779907829589
0.355697578462459	0.303696765278235
-0.469258904855571	0.367812666086926
1.83390515710567	2.54039449762288
0.540415501688512	0.427919940777548
0.268799157728046	0.190909851985802
0.297103052048898	0.157128114876874
-0.32057845617605	0.244371764271188
0.517654378290573	0.51982840705205
0.00265329351049264	0.00158295069406249
0.81222522468499	0.910340265778433
0.444947067074035	0.409334288638657
0.718357267426475	0.792115510190552
0.174899529011917	0.153258469474999
0.867050458864948	0.968966832014081
-0.177294912085134	0.101496502198889
0.367990011503796	0.146830048984961
-0.141205558661979	0.0861235985850589
1.3464343943109	1.05518331911439
-0.3605512972724	0.176493818919201
-0.461930587338221	0.208811577851844
0.822165639215715	0.585019053392657
1.1279872694525	1.27128438597201
-0.167242045029912	0.135018903204245
-0.0882136077294287	0.0664412856708381
-0.185715160609781	0.130518481232644
-0.568603003687466	0.609029775521887
0.0965494115654562	0.0736907794507619
0.262935056631382	0.201047964001323
0.458048372535763	0.289163070104526
-0.543634915555162	0.304032387262377
0.515319459782984	0.42870917363911
0.110514697654863	0.0578025924180452
0.531417563888819	0.590681420901849
0.52013854020769	0.521390926601665
-0.476665938535691	0.547289102748232
-0.191808434386873	0.202041269408458
0.0208526083607194	0.0187155378671672
0.0470406610452695	0.0442507484764339
0.025654979670422	0.0176691315442704
0.0959330456551155	0.0819707539781833
0.0215067467217747	0.0165940977353201
0.485879044167506	0.505418596352192
1.42839752841672	2.09209441459188
0.366893722428181	0.296858760302414
0.38873900633173	0.286049157031057
0.755673930124711	0.324821725710155
0.0615053395704475	0.0429596214638855
0.599713701760257	0.637145744595521
0.0958988518230337	0.0773596735204584
0.268188449013717	0.203617384234628
0.336974373559221	0.30404133211725
-0.111949478441884	0.0915762207862626
0.175961420425143	0.144696846801709
-0.323824710047804	0.267991440496139
-0.899008557449942	1.28495027358307
-0.0878637431012908	0.0759423385562009
-0.0870992435413222	0.0657465798529756
-0.0807831455372865	0.0602755664251103
0.603560473498564	0.413562928433437
1.20067705943326	0.644483010229026
2.06024667701915	0.940618357599958
-1.35496107373136	0.634679656718253
0.102312934927208	0.0296618233199376
-1.89982345166526	1.26255203101269
-0.843711748315701	0.404660598712052
0.0993570366111393	0.0480658715390645
0.0414006588645031	0.0334712724296098
0.308370416430733	0.310906832886663
0.00458858727456703	0.00335571077086103
-0.0707445129805978	0.0538049172763007
0.0524346161568642	0.0440974872694633
0.598293739551819	0.687284087922246
-0.0144964047655146	0.00970373536863928
0.434094847597585	0.398900159795887
0.280243556553512	0.179883361320595
-1.3443015790528	0.666609312094791
0.985496471514131	0.390439575213324
0.627224424546018	0.287155688077363
0.984331134375082	0.391220929591653
1.48953143247836	1.17516111837665
0.460940811333597	0.167843938439159
0.458604537579022	0.282888690038225
0.561908342547065	0.697423494710764
0.358925514052599	0.30232213032812
-1.09778018062344	1.48968081545293
-0.1302366327613	0.116401498490878
0.164259428670153	0.159008235246697
-0.157616876002738	0.141322319047361
0.0617722983916484	0.054751231818979
-0.182706284908252	0.127300163702846
0.463981171798151	0.296287645195761
1.20636050787314	0.651319974972781
0.982559464495798	0.376598966944368
0.0757354393351151	0.026361292801961
-1.56349405342033	0.584681850424135
0.729377754109615	0.407935564707415
0.331478931676713	0.151675878851523
0.0726908417153053	0.0247808508300531
0.734061255638154	0.432344762628334
0.733889489640667	0.397165758151306
0.550287171645517	0.295536108625749
-0.182235803706949	0.106589972093927
0.380738952352539	0.300258049995304
1.35037606682944	1.06485399345466
0.395160140621241	0.302037485143258
0.385632145235499	0.308476848049758
0.137488721234064	0.0350378725869664
0.0879675231500213	0.029204048365069
0.458547540391706	0.166540477166596
0.83668117460659	0.456235801927897
0.98949805750274	0.369719209133139
0.381695846622728	0.401708353099618
0.0783873318644731	0.057573703742497
0.114335777273447	0.099472448809599
-0.371858309148561	0.331665220906685
0.443580367317506	0.293115880690691
-0.425024951963078	0.439567140139362
-0.0265583613001279	0.0212548415018704
-0.0366585541527786	0.0354434056795867
-0.130465206561712	0.122363852803602
0.0988346759486186	0.0476477424841157
0.367468290445743	0.305204469317882
0.171845081779806	0.137711202328644
-0.15085719239452	0.120257842920223
-1.49049203970221	2.05709733093902
-1.13933992934598	0.800500489555691
-0.910237283961878	0.831779148090904
-0.0919427341080652	0.0790261346439062
0.559033110862463	0.535433031129707
0.15968398210774	0.10546386327181
0.996200722089479	0.936772213674278
-0.343307590707424	0.389385749268336
-0.508884573967798	0.439569670583642
-0.0314427766186093	0.0242974670187964
-0.707172624985219	0.913889975742949
0.110401241720505	0.0926598744312666
-0.389074518623457	0.372907956433743
-0.599559457412393	0.702460475561073
0.170090765895865	0.136636397487171
0.258411499131743	0.23639733670432
0.274730763947808	0.188539544079813
-1.05255861107803	0.572250981491134
-0.592713587290996	0.238554727613548
0.0761852144754772	0.0272081661511999
0.0949356180955491	0.0286123748989967
0.463069868571612	0.172876337095916
0.551335852001949	0.282556098621089
-0.726565918050886	0.731980304956667
0.165150605171113	0.141067227225516
0.610215823481585	0.664249899144343
0.35303203380205	0.31274679359732
0.61940291900289	0.540531272476481
1.19940297030102	1.32437880773806
0.99221542166023	0.482803280594087
-0.215732988085825	0.0833813791673214
2.29602435680407	1.20239423061255
0.980915453669032	0.387196291764176
0.0860620172873412	0.0287876949484752
-0.109445391396559	0.0691029276471922
0.159327529170783	0.147329479674959
-0.622232939630552	0.74825568706261
-0.957369100511488	1.40346601075082
-0.226100147006201	0.190381222012929
-0.177329714804329	0.176308661282629
-0.0493687623902567	0.0377207931701796
0.187061680440031	0.163802829027427
0.0356922986071559	0.0226443200901021
-0.318327509529934	0.239561898197646
-1.65988450275165	1.25616806984717
0.455781402727788	0.167900327425104
0.13617273196111	0.0348078928142129
0.37580822537558	0.156618549124342
0.464360462059486	0.170348743224255
0.837676661154178	0.460044867522333
-1.56169659011359	0.586129303638911
0.0784070491688698	0.030289144672695
0.326097984310278	0.148305824079129
0.0212899484405838	0.0131350713805426
0.259737534553617	0.223396723354718
0.289089739334352	0.157786220548036
0.511356111815508	0.430707134813122
0.355171822725471	0.31192471311272
0.48933766204298	0.424322746395437
0.934119453302454	0.259434889433519
0.331864977579039	0.154408445547702
0.0812808462713728	0.028251937533044
0.371058032477873	0.14599511118034
0.350567800476761	0.300776931755223
-0.0329944160498454	0.0220098780095531
-0.113529821171608	0.0716946660261742
-0.152007941878436	0.137774257302051
-0.0968601067925088	0.0811866146563076
0.530429434098873	0.727703546713709
0.337823662755061	0.322286092838411
-0.969127080797275	0.730322079133245
0.537955170981073	0.412532412068388
-0.176452450512314	0.158212477143886
-0.391836024453011	0.373255245442271
0.0431393585556336	0.0358221825548973
-0.847949322383011	0.485799405561573
0.415398690576354	0.304495762323978
0.313798706320304	0.312733667148305
0.366521060371507	0.300300338901408
0.878281927424248	0.77222672203107
0.612437811552784	0.440163204671782
0.167317555535728	0.136484801491891
0.330828526289956	0.29869089318969
-0.492651629403664	0.573378008487695
0.714605702666423	0.949028601579732
0.313240319531821	0.360258006052329
-0.0318449211340405	0.0254440329227865
-0.0283095309197287	0.0227469558806564
0.0650231493762776	0.0457512540948685
-0.328325983895964	0.273281606596976
-0.0843326203235901	0.0528226510751917
0.629761022684064	0.29994852930166
0.0991717901332354	0.0427741634720457
1.26334127462784	0.579536363224572
-0.837338436775698	0.398613371787137
0.457973464705071	0.167618117264498
-1.16769428011736	0.3688513844815
0.62366226574232	0.434810974715084
-0.0813695644226741	0.0528559985404061
0.544412450898773	0.543611300676609
0.512148390298163	0.532496227928698
0.781096771168144	0.928373063860392
0.905828014508491	0.987678871096121
0.415398690576354	0.304495762323978
-0.141279117701411	0.0858628028435126
-0.0149758484321256	0.00838508295765321
-0.070856577855617	0.0347008356481628
-1.27612439713119	0.972497413431716
0.113423208438997	0.0596083757227433
0.382204183817966	0.156005932657227
0.0879032666444743	0.0379490193912925
-0.364062254676075	0.219696890387727
0.834286441754421	0.451503547203368
0.164279377237246	0.130843576470099
-0.373913984150019	0.391787470831391
-0.883281845457547	1.00806889556612
-0.209392653653906	0.197091937664006
-0.206152306506576	0.207747553447798
-0.237409312069003	0.246434396887494
0.143583475177324	0.0957425217906366
-1.382455063996	1.44461295869236
0.134055214227096	0.0350949903423807
0.0768523916691063	0.0267928003360428
0.98372544573091	0.375922087304922
1.42233879882511	0.474017755843339
0.369117057964863	0.150747367802599
-1.86403529276673	0.783627690163233
0.742971837526988	0.451827957603196
0.998361002220925	0.485080308626588
1.06471989126084	0.746770892164683
2.06074969540656	1.44266723188411
0.560128184938869	0.523915011823569
0.545130478163612	0.291244447307084
0.269931327488345	0.177579697668881
0.99110123826315	0.481654523021033
0.0804801792377795	0.0276494626622331
-0.283000027866874	0.0969845561461558
0.0781185055392143	0.027185752328471
0.474918922067203	0.584287063817138
0.426245669136727	0.413874225964404
-0.107376461909915	0.0790064741925472
0.609700579707756	0.416907412240201
0.452249593230456	0.490232023370307
-0.165269114797767	0.159092531945967
0.518482861625828	0.606499111368441
-0.37803744996352	0.397937561935128
-1.38587628819642	1.19878481370604
0.0876917627743576	0.0664055630209773
-0.190744136297235	0.176149801157186
0.490907377834109	0.522584168441486
-0.175697901010716	0.119804470007098
0.497131549395534	0.28162132572952
0.503420672298316	0.60171172497908
0.843912943661674	0.457697434312836
-0.0851482223059903	0.0612959023007909
0.273617834460166	0.224027824752169
0.321948600540021	0.310946585017497
0.292016830772355	0.30887129140604
0.115558874426467	0.101831221355003
-0.0564665950189245	0.0435885751280232
0.67250193788538	0.919329985604003
0.349129253686384	0.318233225462656
0.263403958282535	0.208904984915202
-0.4191446388097	0.336165471264745
0.996404125406729	0.503473037000329
0.461397746740608	0.171369029815336
0.0920749958942949	0.0270755419704995
0.980915453669032	0.387196291764176
-0.834505143153349	0.395488792215213
1.20959841209174	0.829677449939441
0.501605151262696	0.280358198265591
0.508360436153482	0.57406534460081
0.888468944274181	1.10970962950808
0.684449201752929	0.772429976930904
-0.0924790244017432	0.0595317285290957
0.561223751791915	0.511482118534647
1.71322676963014	0.961810118257586
0.463797882233633	0.172742420349666
0.134055214227096	0.0350949903423807
0.497426612580672	0.292688647312342
1.50481783637797	0.797345043041251
-0.286334661817441	0.10048957400549
1.77431512331375	0.692774595622314
0.309555981087969	0.155022559330462
0.58698002447897	0.544592798606161
-0.101158343238666	0.0742254596696339
0.705247821749561	0.795625480021876
0.652707732468176	0.91759078096387
-0.162321737782323	0.117566009443633
0.277751655627639	0.184937021605345
0.618816854838249	0.295541229153146
0.537636617912587	0.251827858814308
0.760272399492407	0.317804401251004
-0.601816841444656	0.22371585537613
1.71303781061147	0.957918992996182
0.816702209809676	0.706264888881291
-0.0334809201557399	0.0172510538370109
-0.108865590028374	0.0696395727381768
0.854272285394193	0.988489653604515
2.28525761232375	1.12788334995447
0.131437035089151	0.0328454578584694
0.738045743043071	0.293332714213239
-0.584234457830492	0.229529337180533
2.76068911076416	0.834413169841194
0.725833855784308	0.693029419281774
0.355526030384407	0.294338048825332
0.494264177957254	0.526223593836722
0.431292928823496	0.419144850217044
0.187581087331097	0.150167026676377
0.774600833585024	0.900903910706668
1.20779325932521	0.685303711457614
0.437083751452321	0.294683378148879
0.357426086252743	0.425373836315639
0.690345138722138	0.697943250903061
-0.156959333593826	0.0671733120880896
0.477470531394735	0.410430870846378
0.265510465905997	0.23108144180718
-0.0397880749539676	0.0269977964245905
0.261146788486467	0.20362888018547
0.0182274239401556	0.0123890386980112
0.687204058544869	0.797019917267845
0.36184017080866	0.277202635322636
0.528652932285779	0.663040355641753
-0.178438020799443	0.122729237752544
-0.124003206125902	0.0871129640488597
0.858860435760136	0.983392166886106
0.321021585648689	0.157285012016563
1.73349390989549	1.75554268223129
0.305671667057619	0.156033346225555
0.436085406094783	0.294001032464516
-0.458681129073562	0.207989404389281
-0.971200366226337	0.735877778892253
0.61407345473726	0.421502540910946
0.404460468834218	0.294926487679694
1.20884720681399	1.38564162315705
0.00997515537706148	0.00663126235892622
0.144755748978041	0.0959419980300816
0.130058008385591	0.0722374747463131
1.3907857490285	0.873256061557106
0.91398495932868	0.626366208943952
0.155608626003581	0.111930546164822
0.613462746203412	0.444236102606401
-0.701045701595692	0.434002331716325
-0.307301446152949	0.220889285102954
-0.281532743806358	0.145680881549073
-0.111309754337593	0.0813752506770723
0.368660235240857	0.293754221545588
0.167262988308873	0.126701606793131
0.363216961861801	0.298511885430521
-0.0144446658275083	0.0113935372131914
0.46156410865312	0.405786542520597
1.97360581507557	1.75211619708472
0.456785008934695	0.287034216015747
0.443039449892158	0.296492149695112
0.0971556959170095	0.0286655033967673
0.381300295864195	0.298509121342078
0.81742822795798	0.753107486368737
1.07039358627433	0.772333676885107
-0.284801562080353	0.142566649292992
0.116477850312601	0.0614441924965986
0.414579519564297	0.39956516734207
0.0344111835571341	0.0264124603359794
0.777049111127461	0.993213742650922
0.31974076659186	0.292516593506619
0.61752345611487	0.619069657128904
0.471954326911523	0.411436993878506
0.420199317286949	0.30432833169055
0.156468908060006	0.114723084094686
0.763662095605325	0.728786078065964
-0.202212163998341	0.155745976271862
0.177467806065948	0.132059264428607
-0.106227820108059	0.0771814652973079
-0.738865722871885	0.578464458860704
-0.176448006387062	0.102062636626667
0.445815899561084	0.417718635055952
-0.366187833779433	0.272386245793572
0.181753000303133	0.139905235374318
-0.261427195777314	0.225094005853684
0.268259179011426	0.220327833898893
0.270175213064202	0.200610772132667
0.0959876352848182	0.0685157619893631
-0.284621706538	0.215104375850781
1.19628309639778	1.29269323367341
-0.149822437324599	0.0914669112102055
0.102997903432902	0.0485015802150957
-0.187621023937707	0.105408551755345
0.00652135805520572	0.00372359093950425
0.693114775134658	0.567816668436513
0.13262196458454	0.0797039517788441
0.380787086448961	0.303937984892186
0.819527463415559	0.735982682641189
0.549996677115597	0.538737115949474
0.693541112857626	0.691901076039629
0.619701082662577	0.287831519945867
0.627416391815754	0.295333323502431
1.07345303908328	0.863232828544502
1.3919477581098	0.880049252230713
0.300611257586226	0.160959768351253
-0.3137685670396	0.226608694566402
0.0157330056602506	0.00877502016836082
0.0181080953824005	0.0111529155753058
1.39528449538832	1.37103372398201
1.36042284902095	1.04598974894656
1.45575918013751	1.36762252124126
1.01488436481367	1.06395640241719
0.435930389162681	0.293115821983935
0.113854380068742	0.0578027891950088
0.183779607586093	0.140999282000102
0.262400829932406	0.187548572478848
0.153875530704287	0.109664452871287
0.839383430021308	0.457945430128997
0.0779666897881993	0.0269328568776476
0.142161866800072	0.0966643526201062
0.498794573982193	0.296372187007938
0.103384157799394	0.0802622028999096
0.951541298432571	1.00890340395338
0.401709049271748	0.30865696484195
0.498355394460851	0.279496156438847
-0.0932890971007134	0.0390880026997139
0.301856062131937	0.167130237166842
0.12052968148021	0.0679591792847079
0.613203467072553	0.416115987380752
-0.616024175132612	0.472734570121404
-0.559841771738117	0.642137255944743
-0.812231643140185	0.972233469462472
-0.00851035223573413	0.00541961241976106
-1.09473363715523	1.17839051960442
-0.105864321170731	0.0876883718634666
-0.0569869332539103	0.0438466446717446
0.0585338786104377	0.0401071120765973
0.0906388881790629	0.0705407424201802
0.277700024272788	0.207108826005251
0.372939047265911	0.303463848155183
0.263981177130416	0.177363858483405
0.119229954522517	0.0660932776372198
1.0800652338812	0.9605146224506
0.320738627150801	0.138161306400221
0.618673107965924	0.29497201272278
0.897662836130241	0.593395821484485
1.34777732302857	1.05320649504578
0.443580367317506	0.293115880690691
-0.108299301628268	0.0498891490458809
0.820382164131797	0.722792338727109
-0.306965997178913	0.201842053568975
0.636800265324709	0.547372736233365
-0.0495577085337994	0.0332273161315894
0.0150698255574898	0.0110819418973304
-0.806107486651374	0.992836474444754
0.155895093335252	0.111413631975309
-0.176049067009098	0.101679022717337
0.250465535462715	0.210373758142446
0.267477790092976	0.192381201006626
1.19531097756611	1.23697833355688
0.616174397068615	0.560775766212967
1.31158617543113	1.33823192187796
0.382919209045346	0.296462324726683
-0.210312370903683	0.199886513623092
-0.00273897785686706	0.00190242653544815
0.871909235990505	0.885292676113188
0.332037771038075	0.310123169393511
0.264366874277141	0.208296539486129
0.758754534433951	0.691944105032572
0.697737565836738	0.569362540682241
0.108943547249092	0.0530632344583992
0.159048181307119	0.0314930078193147
1.71091226593718	0.96745948323564
0.0818764751479077	0.032155773127938
1.1993073373944	1.00192061096685
0.263835437809415	0.17649045490315
-0.616642922848681	0.64376898445451
0.108995743417304	0.098364565268004
0.908402842407048	0.62475243955442
-0.973193535032548	0.734893091665133
0.503423825651237	0.289648069057852
0.498794573982193	0.296372187007938
0.451425483298254	0.275128605706634
-0.797719793845698	0.915164789041436
0.562330120924018	0.408220995018083
-0.222669537758374	0.188465038875625
0.0469178920809001	0.0376563535764409
0.00434588325940406	0.00251569404740502
-0.58992962711899	0.390883760167938
-0.00157839145986865	0.00125292056748409
-1.26905119549195	1.7975188374842
-0.106630890953901	0.0784637007654229
0.534184435104383	0.518423481561681
0.434143469111367	0.426469876335145
0.280766938013257	0.187880255379861
0.103901306759638	0.0492208789891042
0.405040348239044	0.284542878119475
0.15408757826863	0.0968940321666925
0.817716851851708	0.603384811109859
0.295435525701483	0.149267429961921
-0.0427565768881294	0.0220000510360464
0.996491088389396	0.915105426781601
-0.159963061839114	0.068676259457546
0.0855417788153319	0.0362637508800482
-0.231359443624341	0.128137056476816
-0.0815866720432733	0.0518993252586051
0.263993895373447	0.202520256148369
-1.973969214842	1.99092403352775
-0.928526347161114	0.859018850338551
-0.17830665082941	0.105213922782201
-0.286459194115377	0.153460641953964
0.400590311716663	0.290720469749953
-0.384589890909351	0.363368342716719
-1.53521792010828	1.91174887163619
0.113699064144505	0.0624273962094944
0.495774603015881	0.283868306234901
0.377504323971081	0.154381087768881
-0.459826139767304	0.204043038220988
0.507095612526216	0.293587477840319
0.87942951406176	0.701870722757142
0.535066823844612	0.416117471572909
0.508195176657777	0.607196496119119
0.632709620647955	0.667859496925154
-0.130136438945619	0.105768406462199
0.0348418500474385	0.0224391119993005
0.381946526012656	0.158440404544565
0.614671986263529	0.426149724444452
0.334995492564438	0.146594384324139
-0.165717747793643	0.0705379079167224
0.985041686970382	0.377024165300835
2.49652793955213	1.37375192396869
0.604763652327572	0.41855303938277
-0.393161815436493	0.115548211004811
1.9014181902446	1.20638033702411
1.20849284995409	0.832280036440156
0.744707353324762	0.320041618550794
0.70451592047335	0.57471348562193
-0.0227318002499407	0.0122352367206162
0.136687387268633	0.0871881794520896
0.0715528844629607	0.0503838921342593
0.429307911094046	0.387565835637782
0.167001036587869	0.135740277746911
0.605649788152276	0.634157017847963
0.713263806127855	0.690896853067364
0.543964679000091	0.426491259927692
0.259415521511266	0.184746713216215
0.401789931128633	0.271791601851237
0.261493095404672	0.206701435380693
-0.359693141194238	0.29048001994849
1.15552532080093	1.45473175763636
0.724254269934989	0.902080134854376
-0.823762248245955	0.800355784493756
0.0327672089410446	0.0250833729720002
-0.469283864795978	0.380110496934
0.122080297715884	0.0642330922846062
-0.732367293887271	0.663320493473251
-0.424751925330815	0.331716791005906
-0.158199823806184	0.0941376391935956
0.491383507343825	0.421179786278104
0.0849688737838755	0.0639422601117286
-0.00755775953842574	0.00526516268901957
0.374227065349843	0.306794608563407
0.620324706742933	0.560996653635329
0.0125704011029343	0.00711849605007544
1.72964887233428	1.31375524704066
-0.226908687719956	0.19374283071012
0.351566627031168	0.309373057208161
0.2878002063277	0.157276981882308
0.910844425424669	0.615853706843702
0.152887347300709	0.109465990462839
1.48741499594216	1.28573088907255
0.354490633766267	0.296584370218277
-0.63284027216628	0.517948535724874
0.539085176047362	0.40682174154042
-0.146834522221624	0.104205701568834
0.529314837237563	0.542343109907453
0.0837135914058474	0.0644916692413808
-0.398814497084125	0.354993848437807
0.0399549409471724	0.0249878710646847
-0.891468746461331	0.932039426538264
0.114815522156561	0.0589097223972939
0.831447009881794	0.587370337489234
0.329647490264758	0.149900476153648
-0.840316681233431	0.548203280303114
1.70085747475081	0.89863634236293
2.20268279523768	2.94853269195135
0.362939965036583	0.420506048005054
0.660327959952255	0.7761580150632
-0.0776983144487351	0.0566186175200206
0.354573139578558	0.310789891715508
0.898090375723717	1.28679370218086
0.341883347850491	0.328978213313156
0.306304173480115	0.29976125026123
0.091865058855142	0.0720136550116598
0.363682250141118	0.32042217380215
-0.0167581981266675	0.0111822352501986
0.720577940714852	0.968547622394977
0.559366168917438	0.604610790003178
-0.0165824273526659	0.0108684593165689
0.621018485096684	0.571115383743039
0.275652839479691	0.182857012115897
0.263562046881422	0.208388042994872
1.39231194270223	0.893819566190561
0.821441603357931	0.601640710485758
0.740658291563818	0.45492322671815
0.159127895372153	0.127121197223543
0.928667072678042	0.892488791585061
-0.880476000329539	1.00157477245799
-0.0810146452121748	0.059507977154125
-0.641956473233357	0.822334354915994
0.514334053047314	0.434192840214861
0.296092004450018	0.285990463078282
0.0971562334333713	0.114702923887479
-0.217573907934023	0.149516530876044
0.088248495823753	0.0386093541481255
-1.27182438655926	1.00946616063836
-0.220172906809651	0.0855443837267312
0.435235901464071	0.3011496161243
-0.376453433347832	0.238997728544916
-0.234273039067569	0.132294372339728
0.0410859516907788	0.0330053022604153
-0.225141971007156	0.158276084983577
-0.426843634661277	0.557944105081987
0.213764614341733	0.221971040787589
0.314695153658274	0.382473980654909
0.0669733794512917	0.0571160802331382
0.490174104946856	0.775589846129293
0.0401452679242575	0.0406534508272659
0.26766832991152	0.326045035658126
0.657599777996612	0.883839023294227
0.563725479919258	0.405352462183675
0.880506713012408	0.764325437905828
0.308574498294351	0.384911564769675
0.365504099277423	0.445632093902395
0.321605259670617	0.367458017949206
0.159677468702296	0.15784336020032
-0.0578924535788472	0.0428459736881143
0.374217019526313	0.400595626471358
0.426603679179024	0.533641373565019
0.0830641665752068	0.0320178808441867
0.0963859637482391	0.0448835184469196
0.543914994426975	0.278735098507039
-0.641975084727249	0.537127442939704
-0.232448935815828	0.128856305739068
-0.043139602954657	0.0223805127408995
-0.492990897785469	0.330128894297032
0.345844465392359	0.325042324725258
-0.90283961951862	1.2639271920762
-0.264583333851501	0.350237039103411
-0.132875047233329	0.104811001888892
0.460041648975409	0.417409014120656
0.719905714601794	0.685114802958452
0.11923204949146	0.0666345209245013
0.843672338234453	0.910219489962433
-0.0428190262408771	0.0388819090301965
0.0238130614506333	0.0216195681261496
0.127039158090461	0.073827952970924
0.27422898934853	0.177924850958927
0.0312942188304175	0.0190743143147819
0.267652091479566	0.189956256006186
2.03701177177121	2.51962501568924
-0.233638151948768	0.179514763765852
0.177726874385626	0.201217596991501
0.205074553041042	0.210702133134121
0.264423855410019	0.344479376962577
-0.372633169323906	0.578686098263105
0.825560636771157	0.60627960992666
-0.158780744099335	0.066722169408396
0.62524329131331	0.302995586223995
0.442734257287245	0.297136394132069
0.10923762840269	0.0569122146098173
0.00287410220550788	0.00191763244298385
-0.122153602788874	0.100560215396721
-0.497276859541687	0.787964560962922
0.322819969902982	0.409110928175262
0.319377970471833	0.318840304094834
0.161128167608879	0.166662321347378
0.10571024911616	0.0888565159529949
0.0847207247657142	0.0664139886646311
-0.675722447841712	0.753732855722733
0.780960189746947	1.06254208163216
0.345910033920791	0.3222957751791
0.249990072657917	0.194593297879297
-0.737922891566016	0.80855702612179
0.363027877167402	0.399137825207584
0.163094551493484	0.121835168815843
0.35710219309212	0.301588363551783
0.84765968578956	0.921654846071809
0.285563755182037	0.165446561139905
1.71649549267262	1.28534851140378
0.627789785231298	0.306541152822373
0.0770018918705454	0.0263415974897563
1.4089783655566	0.846695373997864
0.331864977579039	0.154408445547702
0.0978685689848365	0.0298543200160592
0.830090028606904	0.438023813462103
-0.0516691120884572	0.0384905953543299
-0.086481632500603	0.070819020878458
0.270526538613305	0.209478225177918
0.571348721181036	0.553566577834415
-0.109659373628602	0.0907470577883129
0.000409458086821916	0.000223082287802273
-0.167269162595571	0.1479288338167
0.160471210224691	0.134851966223657
-1.01761972818285	1.49019557326873
-0.0176354805046337	0.0144363550850353
-0.0841032304081806	0.0687921252772193
0.768930911196771	0.81669440257034
-0.544524494686594	0.548634621207721
-2.54300760278143	1.48817024169432
0.739063158252162	0.446460866278505
0.837028914880774	0.467124033318988
1.49980124034307	0.771174129168954
2.06143322864343	0.947800888822542
1.42233879882511	0.474017755843339
-0.594069883165114	0.245822164998383
0.961689405111625	0.763093134441954
0.330547047935392	0.32316164734086
0.288075642641051	0.297384959605447
-0.142461771089376	0.116948182493697
-0.854993854130889	1.11484374877917
-0.339747674747373	0.330911013779192
-0.429834894333792	0.442052166548224
-0.414121842576679	0.317741643815552
-0.120217353156036	0.0990999780759065
0.261359874852285	0.197321000956955
0.000642312195315184	0.000577142914182236
0.103793233492779	0.0896120943809024
0.859877277330592	1.22935564893053
0.515710487058638	0.42998909246114
0.480737226998268	0.425752403705954
-0.0847071503017105	0.0731691730626306
0.241819327105009	0.222290657719541
-0.94242450647785	1.00378724949472
-0.323567913236223	0.242349873314212
0.269275943861932	0.177850816413148
0.81486142443111	0.600955434269567
0.0420420001234229	0.0270424433198155
-0.652714547363934	0.590611890894345
0.677601081881342	0.649590534863704
0.157506924858693	0.112201870160935
0.503058456501877	0.403114195708576
-0.603704989610275	0.801093183341963
-1.10108627925347	1.7840799608663
0.67285943747643	1.03403418549009
-0.0854200240240924	0.0862021058333073
0.122015935173029	0.137787934998684
0.29277206093998	0.392120675873852
-0.15839673320892	0.178873052398105
-0.201546738375786	0.177504168983967
0.627354603768084	0.66971867545059
0.421412492125666	0.394149852647417
0.0863025903287126	0.0299622438588172
0.327940418217416	0.148075775485728
0.463797882233633	0.172742420349666
0.118717751944112	0.0615743560284155
0.00763228252842272	0.00550396279707946
0.095582508178042	0.0420102914364696
0.457973464705071	0.167618117264498
0.98250624205932	0.357626937042441
0.0822364182874595	0.0319428913492115
0.0776343129917339	0.0303666011049254
0.134055214227096	0.0350949903423807
1.02362319831321	0.626043805241777
0.34271071678699	0.309431929699137
-0.291862754557199	0.293273821477279
-0.660634935083198	0.815409165228685
-0.006152271615008	0.00509953731230218
0.156679004485573	0.143928022068524
0.235131548150044	0.267184530619198
0.230364135294036	0.239775250181977
-0.178247257077129	0.200063924205058
0.212563163408796	0.238958857569066
-0.11512156663226	0.106656523611116
0.14525951988005	0.143675772368153
-0.899201947437473	1.58241097205742
0.0511741094433754	0.0346990628511324
-0.979999024486015	1.02431256742225
1.71702976105785	0.964541723642832
0.842257904979303	0.450112501680263
1.42322756290204	0.479205258087904
1.42537006022462	0.481691620263563
0.631055857384728	0.285082276182665
1.90352662621528	1.20367366189977
-0.39700108471435	0.112162645766047
0.984331134375082	0.391220929591653
2.05508065845969	1.38491052453453
-2.13616667772501	1.05275208694672
-0.319193987093031	0.203435421832222
-0.493567400582113	0.553260229863518
0.64836370645309	0.95714343416746
-0.684523353581495	0.777846174821675
-0.200605640048082	0.175834612733488
-0.967154537818587	1.34589624286254
0.576537685013608	0.706851680475841
0.253524798778801	0.226087903917381
0.453778906954079	0.554894764428189
0.46616439966096	0.710741272355859
0.016793822303342	0.0159736720137833
-0.0276348271951946	0.0188316600344451
-0.2259774160502	0.153319849672572
0.307399932814575	0.151150081773884
0.290296070721765	0.153951063953714
0.42126213144852	0.404000368290434
0.519316359978016	0.721925835796806
0.570865078031272	0.643141559505752
0.872879333679988	0.866948308157372
0.693065047384278	0.57836556885948
0.0961289669601448	0.0452983973522364
0.397639406980936	0.452752428260799
0.530225466194967	0.582709768299063
0.741416250525224	1.12732174096664
0.592931402052958	0.721461576997044
-0.0669551880058571	0.0595104428337864
-0.0140023819467954	0.0111115357380531
0.0209528034568843	0.0159642792388252
0.621942961567783	0.610864807525915
0.535531603086118	0.419493727486828
1.07361925071694	0.928392829684391
-0.132594403788171	0.0772275408478436
0.624555066495811	0.29954513242504
0.628854346175002	0.202606753467576
0.992209462544723	0.490511240569793
-0.286334661817441	0.10048957400549
1.21117518303567	0.682245011126768
-0.221545724794647	0.0841132277672702
0.464740887460587	0.169475933261589
1.42497049448482	0.484627447675102
0.459180415733866	0.166160604374828
-1.7638956729462	1.50006321815229
0.164354905976391	0.12244070008345
-0.694606523806989	0.803887669579165
-0.133892704050751	0.108828150237783
0.0316246875672149	0.0234871961931152
0.12171259737029	0.110964156356519
-0.494319843736213	0.592943343694628
-0.744166203272101	0.890432266537597
-0.806856583739526	1.05599095669372
0.412819257396295	0.460381033231146
-0.0529415320932064	0.0351887701574027
0.619862837245785	0.430910883444043
0.101279917026426	0.031103992357174
-1.05129289823663	0.575164026889131
0.982094350992236	0.388744915484838
0.627270637170638	0.20187306156162
0.385264505893228	0.152634190073127
0.752626682393411	0.33028241849571
1.26574854075059	0.585413729728026
-1.16596771366689	0.370238974932709
-0.598506169810124	0.237959426684913
1.77649023910166	0.683805805697244
1.26407645504773	0.562420757815524
0.750049920132504	0.304803639250056
-1.13825969720389	1.12621249351765
1.04551546543765	1.21055572272587
-0.16094350936675	0.123244796533122
0.739482512253281	0.789524383800571
-0.37062437686498	0.275432610608368
-0.456856473687603	0.402054007343623
0.319683708833561	0.319704579897497
0.388643307593386	0.287316054238107
0.074162853821402	0.0280996992561419
0.0881556346865539	0.0382973857374149
0.985716613182212	1.3425242222179
-0.304656359221611	0.196794789327885
-0.11177232104377	0.0511133621010822
-0.143993833949374	0.107004019181713
0.651675257146275	0.672708115235568
-0.528956438636781	0.571094260904607
-0.501046353488104	0.497452760681596
-0.534924602962851	0.511556879033969
0.549369102924347	0.615739317911045
-0.889179626472967	0.992096270784124
-0.135051640302026	0.0984912643384103
1.06733918845962	1.34476190176243
-0.292549024694588	0.154691611573152
0.756380029726619	0.332098700403031
1.50357035784108	0.745536905550795
1.77931010488805	0.694953170474696
0.100061605050661	0.0484056743119679
0.13617273196111	0.0348078928142129
0.619713851501106	0.199126209354249
0.62967124987	0.282784909448575
2.06378461725524	0.932362348795333
0.462032979918721	0.167801448279283
-0.460528254966337	0.205499545090413
-0.139358902174363	0.11485656601111
0.155036447276172	0.117177808733636
-0.0248465452342779	0.016801735613423
0.569581766447918	0.611481906998742
-0.425916585531946	0.405895666116372
0.402627412615536	0.409743163003071
-0.160149367882084	0.129180036798159
0.0770018918705454	0.0263415974897563
-0.216314961731335	0.0826909760795535
1.26851910572091	0.573547734281876
0.744295152860754	0.314612102986565
2.06200969841232	0.920988121960352
1.0005133351572	1.17742984043764
0.983864395710949	0.380362548270328
-0.64084325135703	0.160134884536478
0.129757279790636	0.033278997874612
2.75716465447705	0.856515106564735
-0.287343287652806	0.100052395781568
-0.780257488020119	0.283070259872901
-0.162179951423248	0.0688955958773601
1.19572716642219	1.00527320024899
-1.14090965784915	1.0736128080055
-0.0993175090320381	0.0624263149422402
0.332311615608398	0.30489781528675
0.254198262130668	0.224518513431567
-1.12164368551556	1.35982019662799
0.0833736290912349	0.0322972574995231
0.905012461001602	0.593606246799724
1.26055881031919	0.552830570140035
0.553522783895611	0.549299001616423
1.26547327446965	1.87745167457124
1.12560928581499	1.38581071274439
0.269078023392669	0.169637456654839
0.622834169425425	0.561611283740095
1.14349436935929	1.58102305606426
0.275099184318403	0.202926193477309
-0.895771480225189	0.90060801382915
1.44234575366913	1.93922112115372
0.536853169195126	0.430392075011372
-0.623315130777827	0.489997850812273
-0.265368029366299	0.223123049413999
0.735431036556233	0.808982914694871
-0.469283864795978	0.380110496934
-0.154862301581531	0.111366662134409
0.666349755414958	0.668318237032614
-1.87384332234429	1.7612885324436
1.21544377428045	0.586438114906199
0.274770857862306	0.180426356700056
0.295806118318219	0.162233224956408
0.0887162885400216	0.0332223306996166
0.104580692667844	0.0516180725882315
-1.29296735632894	1.23211786801587
0.536710770098427	0.429276259749039
0.467046589736222	0.294422321109717
0.267132110393063	0.182415477610635
0.148628099918806	0.101906738789746
0.141674155708044	0.0865152159963384
-0.151704277717302	0.108711550825636
0.0243449661313284	0.0171689668012375
0.24239788090477	0.236879296292083
0.370593300674314	0.302208369579775
0.625689074011926	0.568442910443954
-0.0747307757401852	0.0374335536002378
1.3991490276457	0.848748816884462
-0.152001933237253	0.0603373384245771
-0.0424429799721938	0.0214549071339363
0.736912313992019	0.449392604639908
1.05309872259082	0.751753060793732
1.20794841229315	0.666763047552064
0.103472339242745	0.0299708893590646
1.03058188758416	0.643036527414715
0.30909342179235	0.160343798317988
0.545578696259824	0.286545141472743
0.456353196521679	0.161648474248048
0.742656098823216	0.829262314523164
-0.567311995243068	0.470296879834851
0.381440353249603	0.305256707886254
-0.179264220900871	0.125581013702915
-0.428387887344505	0.312855468632286
0.109597361258675	0.0529742199760041
-0.182836648564157	0.108190474703591
0.280355080779352	0.17836855602734
0.612196509189638	0.540079093313014
0.179787475191203	0.143640900355207
0.752771752304241	0.800305258674465
1.37309802305359	2.39304021858447
0.330753818066521	0.311770411385781
0.129396971053414	0.0775885816323733
0.10015224831195	0.0742874255951754
0.477912204023709	0.429292174243123
0.988557174163201	1.18234884237808
-0.367930249548848	0.290072620736348
0.0845293567578866	0.0598286530023015
0.15894999298423	0.106570661529907
0.0419399278874496	0.0256770039347059
0.567805369012931	0.415368627807548
0.178727345504384	0.144287714988873
0.679133705199572	0.623521314818065
-0.231479192290711	0.153710318428992
0.513575061147426	0.41780955998356
0.523499175385448	0.533503272249491
0.482411133507157	0.428428157483944
0.757905317393912	0.587096083260208
-0.463993210539496	0.364607159723892
1.4120631685746	1.59881322343597
0.957226010383877	0.776725984976928
0.362466329415187	0.293821055752975
0.0898514141658088	0.0341835401696441
-0.0938291667388397	0.06945342541498
0.00787196210304838	0.00456658472287603
0.243021318370522	0.207040344777257
0.866124579898716	0.865533668033869
0.521179868128502	0.425507261517866
-0.036156762733445	0.0177679952879531
-1.38920582507579	1.2003426723718
-0.622100803651561	0.466922037729457
0.0856407466325559	0.0362308278188099
0.753175459334826	0.433391098278495
0.570035429459798	0.424398108654827
-0.45298488957372	0.261609673901123
0.559822021977288	0.394677549049759
0.671925906382756	0.414431553323096
0.491318682562789	0.277429456815685
0.617711230223541	0.642191409398696
0.49084080840586	0.416997448314625
-0.282588898642223	0.213726638693357
-0.551724044465969	0.555904304125554
-0.00673069530387243	0.00457392799957974
0.881503355351675	0.756646788168689
-0.0445651749404346	0.0232907159174241
-0.370298228368144	0.257056298757938
0.95331853053489	0.996393761749165
0.700332336711032	0.575526320025377
0.564093843976359	0.528072715192371
0.382352333957688	0.30361695549784
0.144130316403518	0.0929787393798857
0.427100196852055	0.427217256833562
0.467500276585129	0.41871944591843
0.48341951697176	0.411463502004097
1.1024734804692	1.09840501512795
0.0168263776820425	0.0092072565616963
0.269212613482376	0.182434195546054
0.498392750003819	0.282874361219426
1.78964756180902	0.650121175691158
1.10601733658219	1.14308622823849
0.755266649161194	0.334388877016082
0.278852611038111	0.176884923409943
0.342973033801212	0.150810673967579
0.99389561978068	0.502367582022983
0.459276540699918	0.170099779410914
0.573262575637541	0.422886142062489
2.67023313820387	1.59642714289699
0.0390203157112279	0.0254270142793741
0.690770868489765	0.690148731815816
0.392652322447742	0.292759707955862
0.0733135887403621	0.0522054297144969
-0.168275500273417	0.113043194511296
0.654911925016287	0.68534247586681
-0.0187961917967119	0.0127319597079851
0.612911574633651	0.433702900331632
-1.23469845014145	0.684849922909985
-0.229148358541471	0.127987947587978
2.22535275393207	1.73486004907109
0.662148738225524	0.417715516725769
-0.155782825510301	0.0668846672946918
0.553769853473923	0.294632895769422
1.06325118475833	0.813844641009462
0.0772568459403886	0.0263911838257256
0.272808141455927	0.217185380527036
-1.14902885928735	0.81822892748789
-0.73078010269328	0.693035322345515
0.489094530992751	0.407327109714339
0.632388524236666	0.808739529732548
0.359890869888677	0.391353171652326
0.166318164966535	0.127973725650212
0.545578696259824	0.286545141472743
0.126533320307237	0.0720991431944034
0.291943610528481	0.158210895062756
0.3691377370655	0.298985719423563
0.255056845888192	0.231768633723699
0.147882397744838	0.0947188205128581
0.773098336941302	1.08730628485234
-0.511722496012751	0.586152003631757
0.0842109650706823	0.0586739562842579
0.772357603896315	1.0284914509366
1.55953946221813	2.44256009319898
0.783976342149706	1.00170940771074
0.579910800933461	0.636775679183513
-0.055455525455922	0.0358958866403311
0.343097572761414	0.291417286148179
0.359757799160299	0.318550159445726
0.337078027651981	0.152650838758089
-0.723337471744989	0.522784547250372
-0.309923498425735	0.200226664558511
-0.970508446246107	0.727201785151999
-0.288994523901059	0.150355968057456
0.132588862320262	0.0742288167535933
-0.0240765036095433	0.0165841821300539
-0.0107235616886627	0.00583798423552238
0.595741310002461	0.561724800355363
-0.19707533857462	0.190997129180291
-0.131916221115488	0.104191950504005
0.306274181033042	0.166128824750667
0.30583389674553	0.285846234937213
-1.77242370520255	1.55073153955003
0.462581834851809	0.283272764924886
0.276802067102681	0.191025005958955
0.655444094480662	0.581783868209374
0.995240952173758	0.907205664143294
0.385632145235499	0.308476848049758
0.28803972186703	0.180896955696064
0.135278778953053	0.0833693407188061
0.50588491782458	0.529804746116961
0.533754129123315	0.410805959828962
0.869952457892751	0.817203664915937
1.22025085980182	1.82413156849105
1.1502180656096	1.64516115403214
0.949831799329838	1.12132474495381
0.396445188983207	0.304209686701552
0.280239413346945	0.183179013745901
0.269280640139401	0.192587338678554
0.755786600830682	0.594637073267619
0.497857023969287	0.288677836301114
1.55421121718531	1.66423542700347
-0.84050697455203	0.565298507409707
-0.380354228664892	0.234116280898167
-1.0885742717533	0.86533174753645
0.0957743031580462	0.0414141452093189
0.30391725724757	0.150242426542111
0.55263895780017	0.296119387926464
0.128755374331502	0.0730769480686507
0.961641935181013	0.783700872433082
0.837168547194203	0.442409714783492
0.285164068772136	0.182587258236852
0.672949970430644	0.444249005891726
-0.223384339918101	0.149979911703713
-0.319875123870368	0.242373053455854
-0.340605484059118	0.335058067282264
0.0641915950713842	0.0428299586229488
0.170459478527714	0.132596577823183
-0.419377072739411	0.294709930344327
-0.238608970173034	0.184970605221562
0.436965192804462	0.408952599657355
1.2027183592941	0.850798998994898
0.823352773782236	0.581476654977362
0.332233894733689	0.146057501328837
1.20141771740463	0.830663189363244
2.67550764395598	1.65204669343096
0.0768523916691063	0.0267928003360428
-0.155391700588128	0.0626656193936178
1.05405268528033	0.765602751031892
0.567637710389536	0.411490908238841
0.661595260093311	0.433515964315343
-0.0731205486275243	0.0355465357342034
0.0867687271158141	0.0365945049055852
0.159945776233222	0.116620128986838
0.687531895013141	0.790300596704802
0.819181190755122	0.875020073876007
0.0869907801407407	0.0658707681097243
0.987265919919462	0.382002213719781
0.371885397819047	0.149380744345061
1.71100848081045	1.27922967522397
0.897953066165559	0.556453338836546
2.06370220786983	0.957566185457224
0.628519863854362	0.19652190193655
-2.53804197642268	1.53758916866307
0.43271192723664	0.292783437343155
-0.36402876864744	0.174441058646814
0.626021020969377	0.202441140232469
1.06780604787753	0.801801020328273
0.624310399004356	0.303370466158071
0.267313250846445	0.182750266980738
0.043378296162784	0.0285345394220799
0.0716322618564003	0.0496063092250535
-0.0120844739754133	0.0065918146058131
0.566819574947155	0.535905274088104
0.352112904781794	0.310443301002243
0.276479847252348	0.196262249370708
0.527650937602774	0.530141833200449
0.371048345982669	0.304310494102381
0.271993603798167	0.201606779186984
0.685848672277359	0.676260636575507
0.619810035576189	0.628088329407591
0.124173512899748	0.0634351303878996
0.105812579042921	0.0519406805451142
-0.105229246856581	0.0482186198417257
-0.841767881035637	0.386960631460696
-1.05795174763684	0.532089966891847
-0.112804246467971	0.051524148526978
-0.8432150880932	0.487665443954624
0.388083958900969	0.150488377368749
1.06080193092597	0.792980105444075
0.0796091054366042	0.0314191467799186
1.90241023256605	1.20089927039883
1.01675392412683	1.02917597232621
0.626492412369191	0.190987459493543
0.376065368510912	0.153105344726263
0.461963535836702	0.171991450715647
0.3488180921877	0.293714622771512
0.400153597422573	0.300576926279003
0.380787086448961	0.303937984892186
0.756630531696347	0.581604392333661
0.268337424867074	0.169487483734823
0.539810259027299	0.422470725081006
0.394264081772485	0.301427643857533
0.258496770584518	0.194348856703672
0.62318349270671	0.303437764606221
0.0757354393351151	0.026361292801961
0.385351490040203	0.148509643524479
0.300793775165167	0.167118426136297
-0.669404154267538	0.343106575046838
0.983272005294628	0.385176841231482
1.71453359475749	0.965413251999538
-1.2310513866983	0.731441112703695
0.835955368007275	0.44370516009767
-0.0172070244533413	0.00950409589381164
0.092501672941571	0.0726955731563489
-0.408669821288876	0.322062216560247
-0.917026401784394	0.817610006057466
-0.0115371875819432	0.00635327443791976
0.132571925616464	0.0784601799491432
-0.229061424310623	0.081407293696713
-0.28864030739062	0.0977108457752417
1.26611791138628	0.564329826265175
0.134055214227096	0.0350949903423807
0.330667209253864	0.152752992802933
-1.52501357785597	1.07984564187438
0.336029245344996	0.154095070969898
1.25993086752961	0.55692681038378
1.34655887864585	1.05490924169371
0.837028914880774	0.467124033318988
0.372484274022539	0.151094619132705
0.0821419985413776	0.0284762037426957
0.770219927137198	0.798272823739667
0.563437511768898	0.417230069407475
1.55254165958673	1.67536111631205
0.104580692667844	0.0516180725882315
0.278188252127825	0.196397392503428
0.529353041978501	0.412874161196589
0.769849913137342	0.712424729838868
-0.0106381921074605	0.00575846614678515
0.00545014557814567	0.00318708613145926
0.459724520727052	0.165743596737603
2.49950418560859	1.45033825815971
-0.698822708398371	0.432581580666808
0.1184061230861	0.0629290769103383
0.265240523090455	0.17823090374349
-0.22975608997122	0.128548336459331
0.390936236383511	0.291964068889439
0.302649166369136	0.143451554364947
-0.363509645112578	0.328085575737819
0.960783474693079	0.74742499883312
-0.477909176051517	0.378317720190877
-0.22619168322176	0.15418849930447
0.469530875568488	0.410590612204794
0.420199317286949	0.30432833169055
0.293679310457919	0.166947083470056
-0.179347127907873	0.126949821016007
-0.0642434731161696	0.0312141484592047
-0.161531065929366	0.0681505287957826
0.458296545548832	0.276743400467327
0.311615995504892	0.156591399893771
0.899718438094213	0.573486071112108
0.273416793118214	0.195444903588006
0.467984036852617	0.290955241490848
1.05436315738992	0.78800033205067
0.988771911035152	0.89436304113611
0.1462886727381	0.0960669118751886
0.656892121781547	0.561583583979088
0.450510899354992	0.401109224731093
0.333698754732159	0.154319291589953
0.0787680617508713	0.0307239352526201
0.986101223995725	0.382720393109243
0.139228228980447	0.0347976130633353
0.309555981087969	0.155022559330462
0.470633578931569	0.166108309450669
1.00283475457759	0.493360048982767
0.312046156697012	0.150718758008939
-1.38793345102214	0.871531693843617
0.104075776398343	0.0297256758514633
0.0743446220734303	0.0251100567427163
0.813610420567564	0.742146043457437
-0.0836565892589407	0.053603611564699
0.816306613687254	0.734417180771571
-0.234729038893204	0.182320280988171
0.270423701030476	0.186385768618775
0.269372573950897	0.208126780599547
-0.729513863135672	0.584087371633148
0.288865577082881	0.159676590368537
0.283647616336052	0.173954574934836
0.103045998295941	0.0317521774583255
0.135368317995282	0.034380828070741
-0.778498399814911	0.281825881396972
0.0863025903287126	0.0299622438588172
0.549064386879009	0.286762351433191
1.1280813971866	1.26102810796603
0.935459494940097	0.251493140527709
0.139228228980447	0.0347976130633353
1.56652193338655	1.09727185167514
0.134055214227096	0.0350949903423807
-0.394967767392884	0.117860182382335
-0.286589724387222	0.0947047350810355
0.84242277904924	0.45781879381133
-0.212420756737323	0.0825751637182051
-2.57363737751083	0.71619611725614
2.29491685769757	1.1928590555255
0.0989236621937256	0.0296854508603004
0.65907785340798	0.415448702236333
0.0854741467779108	0.033391450001843
0.702354212205733	0.58095716458649
0.567339294774575	0.399317027541257
-0.218800383249056	0.0856518567102529
0.143377127213513	0.0996472762403415
-0.315900380376832	0.204163012974077
-0.0423963566463112	0.0227237950129367
-0.638234251886674	0.542851501602953
0.400555238574856	0.268186042340779
-0.936770587197636	0.794239168636358
0.904814332481373	1.0257340903964
0.0806138544147262	0.0314527820697679
-0.775548100671114	0.280697934253108
0.831284816014184	0.450881279460392
0.623044328046606	0.301801827558271
0.620956729636381	0.198581629955028
0.839362098530127	0.466516127626198
0.550201243922896	0.295961740279646
-0.365077897917912	0.176890716994951
0.843425576099902	0.462276792316144
1.06177712823779	0.817056216105985
-0.233870637625429	0.131133989323224
0.813805856019383	0.605241674890832
0.0855793528276517	0.0286741216060232
0.627604218608779	0.206681567866676
1.26166453562566	0.557028453574487
0.101245155433823	0.0301965666200806
1.20974890037833	0.700211596503832
0.101862515758426	0.0307565119518936
0.622964300445271	0.200951799928207
-0.162707105396634	0.0671052188358263
0.626658141897554	0.303766749764013
0.135790792563548	0.0348333749263102
0.554905858135453	0.294421889010528
-0.0715405571336835	0.0354385329283065
-0.193990988651826	0.15062192172523
0.771659364785065	0.728656764693904
0.419522133279557	0.297561267547591
-0.188652165549223	0.110224771688401
0.957281948589178	1.0254612070057
-0.112439806306538	0.0783584930808835
0.337189503146958	0.326499269764281
0.251755254530529	0.232990706535901
0.0491527368376952	0.0333311472003364
1.20001749988654	1.32647799669487
-0.104804212302576	0.0778328314027614
0.354201449512647	0.293393995465521
0.552555077346165	0.290106847673752
0.0897372661531611	0.0388288067506974
0.981498506373952	0.371096296364045
-0.839867264808577	0.389134108537863
-0.777305164050353	0.288218637766352
-0.591576269967124	0.244285145307513
0.134055214227096	0.0350949903423807
0.752490650730316	0.328528115687303
0.0796325750086788	0.027755792309614
0.746340501066342	0.450326345135724
0.311246943297704	0.158178654063276
-0.158780744099335	0.066722169408396
0.317740639799057	0.131222398126441
-0.0384887283615881	0.0202211204274553
0.301146787495671	0.162398247317402
0.986101223995725	0.382720393109243
0.155829146463452	0.031555170264943
-0.289003215206477	0.100328574963044
0.129757279790636	0.033278997874612
0.134055214227096	0.0350949903423807
2.2935840225371	1.17864586453453
0.936117830340126	0.254142270662805
-1.87203363373209	0.794061056053877
-1.3483035380545	0.67503748579791
2.49628713349197	1.38371111298142
0.750516909637216	0.581433940477606
-0.726752023102864	0.593226116734609
1.32013081622775	1.16615905213238
-0.734015390194214	0.815050155796938
0.142131765429369	0.0962983396223609
-0.100534840806491	0.0746071803501716
1.20394847751259	1.41037553430284
0.0131579303583433	0.0089691421404629
1.20701562548288	1.44211093555161
0.863561933919818	0.878966451157788
-0.0809549999272216	0.0518065249045135
-0.35673231345993	0.311236446252639
0.394239611902761	0.292212479730669
0.0963554171618731	0.0416051012380854
0.13362918612265	0.0330958210853357
0.466003113341796	0.169081222919269
-1.35765360333754	0.618185684405012
0.103045998295941	0.0317521774583255
0.627270637170638	0.20187306156162
0.105120322027377	0.0430301883285023
-0.460657861479751	0.208027810600128
0.370241791919929	0.152190156026142
1.3551140901823	0.993244675538427
-0.359222936383059	0.175582048422268
0.333405564878469	0.145663663886452
0.553769853473923	0.294632895769422
0.752079465482746	0.322728191473227
-0.540246314377708	0.307717716716862
0.374990044057072	0.15359158120241
-1.38988819331869	0.926254676196387
0.57364047671581	0.440606255901069
0.0984758276116217	0.0297093562183957
-1.16888539275805	0.358780551300271
1.20332942340299	0.661495346766494
-2.57363737751083	0.71619611725614
1.97453329822883	0.509318601711608
1.21186324734799	0.682359046275056
-1.22686907731335	0.737503388841104
-1.08756104463391	0.852048844869979
0.126348904944974	0.0719641278879734
0.120227996922918	0.069153244103813
-0.263710900020571	0.177734180431007
0.2725415711758	0.178452471967976
0.440311102249777	0.409432027317644
-0.0874269390403914	0.0636628549910436
0.649763188468418	0.538470772083046
-0.0811075918196736	0.0614019212730264
-0.814255349424552	0.883019686170634
0.00219168624184248	0.00132910808858999
0.261523836435219	0.205848481390638
1.42365420901275	0.486816559821607
-1.87203363373209	0.794061056053877
3.26053002603943	1.08856141360934
0.154956273517316	0.0305161958447237
-0.284666801812777	0.0997029697152663
-0.387414800382299	0.119080555694114
-0.391911501912874	0.117579348986781
-0.213799696430546	0.0835865372794923
0.373313696706451	0.154595118914839
0.984331134375082	0.391220929591653
1.25716542745756	0.556299052003266
0.109098385544639	0.0530937750196669
-0.464351232975984	0.208039413092911
0.331864977579039	0.154408445547702
-2.13337649427139	1.04447964779703
-0.232599442612028	0.124949220875776
-0.309376737490588	0.193453210003556
1.18432772828196	0.714154177256072
-0.289741096782999	0.100867367680409
0.320900436092282	0.158123617622108
0.74984246289549	0.326550597011606
0.083364303669693	0.0278306534832984
-0.646351712140153	0.158948670390298
1.77931010488805	0.694953170474696
0.981391861328183	0.368397310086375
-0.106451249639162	0.0486237286720559
0.0234298367807679	0.0143186717312544
-0.536830945719211	0.423829012337997
-0.165421019501421	0.118217759600506
-0.412701852736269	0.321439352132586
-0.0694701489178648	0.0462411832527771
0.689403534711414	0.873565657250892
0.264206245653655	0.220989757918699
-0.622103118950385	0.658573887982883
0.76894634506891	0.714562312739288
1.22094049305528	1.59383938854072
-0.14962526181454	0.119766515596297
0.75330414099722	0.703283323048285
0.139078799035054	0.0858816244800574
-0.166358817677882	0.067637011579115
0.134055214227096	0.0350949903423807
0.157205444439455	0.0315258361215739
-1.56071508531191	0.881357765853489
-0.642190501571802	0.161710387629989
0.0824965687047644	0.0274096917234237
0.982094350992236	0.388744915484838
0.158753727426354	0.0319702215245481
-1.86228998032548	0.763072037206245
0.0799005539293078	0.0308335464481001
0.500596283823961	0.282713134013126
0.0899145079801486	0.0365343214805632
0.142596945116719	0.0928097250750338
-1.29608124651705	1.21343036244978
-0.445319792904252	0.270756477934466
0.338277082383045	0.149627164679376
-0.460657861479751	0.208027810600128
1.44073905780175	1.36798886863272
-0.706425214462186	0.501291707058935
1.78118038888433	0.674198328619853
0.104810382414038	0.0315902356824143
0.0984758276116217	0.0297093562183957
0.981498506373952	0.371096296364045
0.104228258880499	0.0319441294807729
-0.286334661817441	0.10048957400549
1.00114572345116	0.505160017259422
1.72099622273875	0.965305740703233
-0.462847133216176	0.207713698731469
-0.119635029614121	0.051669440965768
-0.0801255385374372	0.0524977335368631
0.15854982798029	0.105334591316846
-0.678209024724937	0.700487852166256
-1.28916529295331	1.16605447528168
0.700334478173814	0.56913181617476
0.0757831556507107	0.0528722756709568
-0.445654220281986	0.470223828925342
0.337044418750561	0.315081000225265
-0.741590900426107	0.816183236783454
-0.25503725266114	0.220096755463513
-0.150740797426561	0.106790859393298
0.354742559209727	0.301624083413072
-0.369185287283375	0.306881910741061
0.463797882233633	0.172742420349666
-0.590441545302825	0.24273997127708
-0.777305164050353	0.288218637766352
-0.387414800382299	0.119080555694114
-0.28792648108415	0.0912369383468257
0.374878370041677	0.307350120716845
0.661016995950211	0.428273004575901
0.0892854773511153	0.0379731248896616
-0.373154668861004	0.227911130439915
-2.67487434804872	2.81942242567755
0.120953817271398	0.0682878270410195
1.42322756290204	0.479205258087904
-0.784785185175538	0.283807885980878
0.132317236140496	0.0337294970472214
-0.39700108471435	0.112162645766047
-1.78593882430978	0.438502679264093
-0.290303690539138	0.0979933554871614
0.0797533503770951	0.0278103540498117
0.296519911471339	0.158438890438434
-0.977731100167467	1.07706241308597
-0.939937390425775	0.830533901834022
-0.834505143153349	0.395488792215213
-0.371150217725647	0.230540497070175
0.25801859726784	0.222216914181754
-0.00902377036529705	0.00609160994258937
0.362014055746988	0.307392433677447
-1.21234377664835	1.65140882068802
0.65241928081917	0.566233483470387
0.158832643501534	0.110422377984115
0.163094551493484	0.121835168815843
-0.409687112440757	0.323370477175458
0.503302277356496	0.295482362715796
0.12801027628591	0.0328402957839567
-0.1508523310857	0.0917829629433075
0.0820073928929453	0.0323416529289923
0.0786789644750069	0.029943654916766
0.309412162988975	0.156982338128711
-0.313111896711409	0.19436572021946
0.830117400475393	0.444881165910546
0.626353692789401	0.202693100319571
0.10763488069844	0.0322597896295304
0.627270637170638	0.20187306156162
-0.216615661272381	0.0837178281943874
1.42454356801349	0.464683528225666
0.109304746021615	0.0566573485837269
-0.275772657344013	0.179138882039812
-0.583139853883638	0.541799775292792
-0.372059801455192	0.276700140523353
-0.133253297099412	0.107612604538084
0.152883116505626	0.105937357308176
0.0636770511074354	0.0512709599537555
0.455972974994031	0.413177473961349
-0.918675730783836	1.24709079003439
-0.0888168769141132	0.067171530957505
-0.0694701489178648	0.0462411832527771
0.265000779906353	0.167046981443195
-0.643367509456101	0.529701182088527
0.0434357554035484	0.0279012928535997
0.0877452555812273	0.0341188842987732
-0.430002908006181	0.313294492342003
0.932465440987119	0.256778751447003
-1.34392634731943	0.647365697877932
0.0908569894067785	0.0340584103766837
0.621074104902742	0.295366886895893
-0.387074434898332	0.115639538643217
0.454684400751774	0.281373356067289
0.121676705415801	0.0647403771903569
1.05083267596212	0.780664838431273
0.621155457408384	0.194170392898925
0.932780241498866	0.253570251530169
0.93746066163975	0.253998127728779
0.135790792563548	0.0348333749263102
0.931127310935178	0.251056752215475
0.934119453302454	0.259434889433519
0.981506095301344	0.369233659667497
1.26741951524636	0.571159525573536
-1.17236109918615	0.358274164435281
0.462502963352406	0.170193407126297
0.132742993973497	0.0341362592279412
0.0730921171356647	0.0249068841859414
-1.6505120493996	1.3019861888274
-0.938342537010757	0.810191334570344
-0.308353434996427	0.199630849536387
0.0150461097631193	0.0112650837397879
0.353210772445187	0.29545704819183
0.145301750703418	0.0991006017599522
-0.420269757161985	0.430984796039304
0.347877348058785	0.315749444968834
-0.154513254800386	0.121880847411389
0.0945486520587638	0.0412960421781425
0.880586917336223	1.19762998920986
0.542687168372821	0.5374142062433
-0.0680475947489969	0.0494927434541924
-0.800392320192092	0.878408402239858
0.0742977322005307	0.0277766662534668
-0.213219946084577	0.0798657149562202
-0.390472835472116	0.116879089635184
-0.283000027866874	0.0969845561461558
-1.17062204890495	0.365594250228461
0.985041686970382	0.377024165300835
0.323485102529745	0.137639578918676
0.616636012107522	0.433222066462811
0.777628687105629	0.701006923949812
0.937812807274298	0.240872884678666
0.626021020969377	0.202441140232469
-0.284666801812777	0.0997029697152663
0.99389561978068	0.502367582022983
0.0812808462713728	0.028251937533044
-1.08556518807028	0.45518361508974
1.42628765504385	0.469700478767455
1.78651384294723	0.700682874134306
0.129603974623044	0.0731669354466899
-0.534654003400759	0.419575918989885
-0.792096181521934	0.783859483276698
0.118327688804247	0.0677647147433099
0.261249811566834	0.206090798756557
0.456061829475215	0.418775497185095
-0.442837369331328	0.437305296623043
0.778896407051495	0.986079170444463
-0.255325782772141	0.215359130509049
0.741009647552724	0.896703659014644
-0.226496811291845	0.191968546120345
-0.686099014339504	0.75868329074603
0.166296840342872	0.132091188629008
-0.861090940662376	0.943065842271
0.670421627100259	0.448921020919638
0.738596430567922	0.433777217993693
0.331880088761213	0.150030537660554
0.383890385248296	0.15553924319242
0.551419481314169	0.29712546877219
0.982685861749079	0.37889071089191
-0.158792361427441	0.0682922372056308
0.0983179124824953	0.0294039044843906
0.369117057964863	0.150747367802599
1.50203441173833	0.781095917610704
-0.568592497221758	0.497610529909266
0.354573139578558	0.310789891715508
-0.807692936143884	0.918133129753476
-0.583220678044331	0.668617773009218
-0.38816722850611	0.389370144362986
0.262054873949756	0.189213650159905
-0.0336276084338882	0.026928845946366
0.18090308339589	0.156419436455503
-0.151679156045951	0.131551176002949
0.245900525993848	0.229083217489968
1.25858837474148	2.14755304444532
0.0978266508414774	0.0767272957483547
0.0907114641008316	0.0821182209191383
0.382451597557281	0.388032927616125
-0.826348318646694	0.814504060275195
-0.505756913227408	0.445835208364935
0.307764107157313	0.156820110739403
0.6244098144478	0.298646442964005
0.0190145171269429	0.0117573296351299
-0.077233562975555	0.037191736434054
0.789204665885303	1.05453021921623
-0.637348494758176	0.544541409237296
-0.0316989763617374	0.0215087572456234
0.504970778207035	0.416618098678564
0.49711606012191	0.415292593801617
1.11694457824126	1.27946254530948
-0.658083128790476	0.595763404955569
0.647401723780468	0.546526550812467
-0.059641690042273	0.0384285815772532
0.0387855749911833	0.0251601060613977
-0.180251053210937	0.103436602627947
0.159060872351042	0.118742994562654
0.368832937648486	0.2969256025841
-0.271649168941791	0.27151328030236
0.583284233518951	0.53123844360469
0.152046875123904	0.108032184287871
-0.540626661766673	0.592106439662735
0.0531460322564387	0.0336086338321732
0.748412390065529	0.567271635142224
0.468432466025756	0.415370009640302
0.48442460590517	0.511061632800721
0.493059356393629	0.526177121328994
-0.67089862523578	0.654173398458171
0.0503285609790568	0.0336773138858856
-0.191632349718883	0.135165058368265
0.101142808530408	0.0488735680580294
-0.153267181232245	0.0890326816513472
0.121520201726335	0.0702695872527363
0.145166146441738	0.0956754791462473
-0.502202045329645	0.445139162617311
-0.470517170529785	0.381343560542511
0.152063479785779	0.106207259288508
-0.238364948250973	0.206086117327152
0.102370866912854	0.0493600163682399
-0.498194666066516	0.405773494377183
1.36635074773389	1.76964641156162
0.809798132463446	1.10214646545673
0.183959166234781	0.142511600597432
0.109905103638241	0.101538227308429
0.603527782780286	0.714095108230822
-0.0419945552909941	0.027522383556918
0.330753818066521	0.311770411385781
0.390077562710851	0.259562490203268
1.49287294108018	1.28579105448224
0.732547007947038	0.427689464593711
-0.220493522706322	0.0858373609288333
-1.00723766254959	0.637177141451942
0.159908585372169	0.119622185644378
-0.677785280797778	0.72159217038362
-0.502202045329645	0.445139162617311
0.553043657525376	0.589692780784489
0.701475832010037	0.573025075294307
0.622085922799725	0.73412692689624
0.699737360412658	0.776484238212782
0.181005883385781	0.148999297815683
-1.47855010292901	2.19416588766954
-0.689579139203738	0.815018226650943
-0.206236124820495	0.181228453464135
0.150004410719169	0.102769220757932
0.105851550729123	0.0825756450263671
0.549068092881628	0.294378869374499
-0.37596016093398	0.233396681491874
1.20391881372179	0.631616530305619
-0.844721004902944	0.474054399919694
0.996382964323204	0.492275925859402
0.843405095446473	0.460704525650008
0.075485506574101	0.0253353328948384
0.155829146463452	0.031555170264943
-0.694876043041342	0.431920433907619
-0.147466281918864	0.0827499441131666
0.0211029099563065	0.0157330892920824
0.360564099411121	0.319141051090057
0.329415272908754	0.314473739909723
-0.0702146386084459	0.0596707509467683
-0.0803524498189724	0.0603599549742612
0.16478172356471	0.134437618904538
-0.605510882076912	0.724378139904908
0.487641229973315	0.50350334367146
0.104876053925288	0.0824191462418305
1.03643638026788	1.13859497590439
-0.589233718581092	0.53729972576756
0.661404794008309	0.434498008824737
-0.373930350335926	0.235804422562911
-0.387414800382299	0.119080555694114
0.0967065039296332	0.0296609893650379
-0.286334661817441	0.10048957400549
-0.589775616935196	0.233357533485249
0.464173896639186	0.17167260536398
0.465245295077773	0.292011365377517
0.0408489425394849	0.0262188356230144
0.424716889145215	0.386376646483824
0.171799453652748	0.135901862303779
-0.601630886753364	0.708934168434803
0.256823022082564	0.200919172449663
0.143350436504709	0.0969221477932177
0.258730867813512	0.236154997413043
0.270991822730205	0.173124358638595
0.289734323309358	0.15564153730076
0.137488721234064	0.0350378725869664
2.22138812626456	1.66491788616276
-0.38615841734883	0.115062787239416
0.508187976902457	0.269796484948578
0.517990331223318	0.427578046453907
0.251628255276785	0.225844007026719
0.328153158963445	0.302834332802346
-0.04022565316162	0.0312295937738461
0.0900231590992629	0.0684690776362565
0.160627346212803	0.120502033566821
0.257358794471787	0.227001225007857
-0.252274309419047	0.195755585435044
-1.3862702504197	0.918875448552743
0.749387178157302	0.317652846297628
0.104810382414038	0.0315902356824143
0.161717939717491	0.141368361218459
-0.0512751506258345	0.0399418537335841
-0.0967173022783039	0.0597926187590433
0.0227296791607521	0.0140701354109745
0.306582230543913	0.304898278611388
-0.0776951621095546	0.0572694391003626
0.645659506008464	0.755609753411851
0.602532565183026	0.411691086535197
-0.12331273604022	0.0530714157383985
1.50523185385184	0.76960328507403
-0.644692498447637	0.158795616333555
0.0652483145826221	0.0623756636832585
0.681674100178245	0.869821939980229
-0.102158717792508	0.0788918226070254
0.686739347863258	0.868260309276241
-0.000137843754665103	0.0000383411888233999
0.0772471080839502	0.0542520008566801
0.0952298442406563	0.0413692113563528
-0.0401665368047088	0.0213055920646487
0.625463333434075	0.205616970479736
-0.10939717502235	0.0505572936316364
0.0757354393351151	0.026361292801961
0.440750735819159	0.429789270325052
0.233210621447079	0.22624622066038
-0.324322058843127	0.272545055377722
0.59205706605495	0.558295658549253
-0.883339948583328	0.969089090311446
-0.179814313128395	0.124232608733135
-0.294641826941259	0.0973398658330648
-0.642489378014278	0.163742963398487
0.0192572774785792	0.0137894324904795
-0.79383218899345	0.965321463271454
-0.15507569614819	0.13790056065705
0.445840670852807	0.483909943495415
0.110565400161589	0.100638876569164
-0.281381475797371	0.212077954255885
0.161019817773306	0.133116087055266
0.108222167122685	0.0927169754301865
0.656908212551992	0.548456257856385
-0.584621424935269	0.239428801765675
1.26611791138628	0.564329826265175
-0.217612127692289	0.204890675162233
0.0366443865853493	0.0273192277431513
0.438557912719533	0.406725007804794
-0.298884273028315	0.275829245682668
0.958165278998576	1.46179930370286
-0.122083217341116	0.10101989103743
-0.729532472232576	0.821195650150652
-0.00676034336411887	0.00459043163975233
-0.00895492218831008	0.00498779240854144
-0.505087621098969	0.34326407722301
0.624214008916153	0.206232457822621
-1.2310513866983	0.731441112703695
1.25883895949957	0.55817202334095
0.134745922470009	0.0788914467931719
-1.24059908373259	1.95526365424218
0.177762491942373	0.159784542835014
0.166337950728717	0.132713266887173
0.0384867256242423	0.0298529706903283
-0.858837065814492	1.11096954140028
-0.0182160895278256	0.015262497013945
0.0509835924658696	0.0434824296968697
-0.417377282842639	0.36382151047582
-0.281697238752156	0.215763488678619
-0.314137046138287	0.203235646999454
0.383122825851355	0.145911738519945
-1.55320340498048	0.826619860074114
0.760616446491288	0.72288711836873
0.101415503557724	0.0820662292692648
-0.29720936099572	0.215868135574373
-0.310281418168469	0.199309416325357
-0.0784395007433201	0.0695484115566305
-0.0909553951087362	0.077666182133314
0.557490284366104	0.541043207990331
0.172110401267066	0.13342227590599
-0.128270777179246	0.092964491704682
1.01593617757402	1.54373467458853
-0.127139726840547	0.105553338835925
-0.108914844170615	0.0904376321254962
0.497047875235141	0.28262975145687
1.43501597852204	1.37838458652108
0.623276751534072	0.299808404948194
1.78618830380453	0.682883271588205
0.470909318373697	0.410345356493692
0.939489416689253	1.09197887297177
-0.372402450943461	0.229129805502875
0.189157076201593	0.161515670301066
0.0106497737822747	0.00768920075000548
-0.552028482763188	0.537063610772729
-0.668485461853891	0.70870662390212
-0.260175108325684	0.217250294407624
0.174378689922957	0.151412878050283
0.26343265378256	0.192467868628586
0.751959780556675	0.431037101760888
0.75678824229757	0.326388491662093
0.604972558633505	0.423615612142212
1.08559428973977	0.954714925980545
0.653860948440172	0.573093521663299
0.161664103237641	0.1073503662892
-0.115523843960355	0.0534102984747389
0.0639495494801068	0.0448210979646158
0.134451831091117	0.0868969955535895
0.351809881613596	0.309730015349742
0.170878257326858	0.132538893915237
1.0198475428924	1.03950989872807
0.902497915256593	1.01777270176787
-0.192257743756143	0.13724861071268
-0.728276927762572	0.579803405417443
1.20526173524192	1.29890095102339
0.550117658796076	0.290904537151996
-0.199637027578224	0.151204577795049
1.20932009765114	1.57263634822123
0.753533269678665	0.595280900518355
-0.0712512503335212	0.0531313421156214
-0.214290905884781	0.20297064791844
-0.414541960823323	0.350151908088112
-0.0216334077767541	0.0176129212462627
0.47534119763155	0.510952822985374
-0.223820399060421	0.207527945631922
-0.0280646079494647	0.0223267846493213
-0.606646494879302	0.643169195639044
-0.403183426429781	0.382813395818196
-0.00756944048148436	0.00520690432359233
0.178775659328526	0.143672354247717
-0.043217950758943	0.0294131997475388
0.421958281472635	0.419443763934626
0.0131591312165038	0.00931829195940607
-0.198100027683191	0.105595754864534
0.748602316805589	0.326365269074333
1.20728221449982	0.836614426279151
0.942274693725873	0.719164803008989
0.334855650712252	0.15516928410186
0.501505133741978	0.294085578657271
0.0934036500237341	0.039750652581674
0.993336284177223	0.495937115399256
0.29840003318223	0.155777929627363
