x	y	clickSelects
-0.049806457704785	0.978851831893617	44
-0.071749139015257	0.252367083560708	140
-0.015202079474143	0.358482799977189	329
-0.0645405050599031	0.251493140527709	106
-0.014503528485869	0.390439575213324	218
-0.068872689064822	0.251056752215475	218
-0.067534559012881	0.256778751447003	218
-0.068872689064822	0.251056752215475	218
-0.067534559012881	0.256778751447003	218
0.00171884580608994	0.496558240397246	65
-0.065538689007454	0.251621271524724	65
-0.067219758501134	0.253570251530169	633
-0.063882169659874	0.254142270662805	66
-0.065880546697546	0.259434889433519	66
-0.0645405050599031	0.251493140527709	71
-0.065880546697546	0.259434889433519	71
-0.065880546697546	0.259434889433519	33
-0.0645405050599031	0.251493140527709	33
0.00592865187290004	0.476708739813656	46
-0.0621871927257019	0.240872884678666	7
-0.067534559012881	0.256778751447003	116
-0.022491916033672	0.374996717181427	116
-0.068872689064822	0.251056752215475	116
-0.065880546697546	0.259434889433519	16
-0.070413735615296	0.244937250161024	1428
-0.063882169659874	0.254142270662805	1830
-0.063882169659874	0.254142270662805	126
-0.065538689007454	0.251621271524724	3
-0.065880546697546	0.259434889433519	3
-0.068872689064822	0.251056752215475	3
-0.067534559012881	0.256778751447003	357
-0.113134018402024	1.27538175022162	140
-0.076875964730147	0.91983259204486	44
-0.00108867490422804	0.511296437570494	46
-0.071554057194373	0.883629253097162	10
-0.010780190698051	1.17899825454762	7
0.04257836248618	1.15723112107157	116
0.05646674699447	0.806888887246312	809
-0.051556502631809	0.763156580358388	16
-0.063882169659874	0.254142270662805	16
-0.0854699304109911	0.618529819794237	3
-0.012472000586747	0.892039981410961	582
-0.072325542752968	0.880377832870349	309
0.05852889644885	1.29166225779329	57
-0.117244769935662	0.753630935981092	7
-0.033905988603455	0.76808953957558	7
0.03322951845694	0.633709120479951	1428
-0.011468857589192	0.904896457804289	357
-0.018330622324135	1.13094059614219	44
-0.061957896426739	1.11478510937215	279
0.0016681941374499	1.36912008299835	279
0.0397512240959099	1.08438731304175	279
0.0886524523852199	0.95487772620348	309
0.0249266191089299	1.06088696299632	65
-0.108006038571899	1.3665228115776	65
-0.035056793530171	1.27677526704744	65
-0.088832419835398	1.18727145130826	57
-0.093071934921268	1.17921171818863	71
-0.003869575028568	1.18445534311614	33
-0.043506676381983	0.788389879089052	116
-0.01644212564737	0.90704998964797	16
-0.013433336364014	0.371225268123078	809
-0.00220937686266798	0.506873236976531	441
0.07180991401628	0.906350734437019	3
-0.026598129844622	0.342775621817888	106
-0.109268260078534	1.03578639373907	106
-0.00771002809351595	0.906918244981623	57
-0.092531528740651	0.59675201639331	71
0.0684415540988701	1.36444239294969	71
0.11814003164	1.28273855959012	33
-0.071595465077645	1.50111611916702	1098
-0.119176726530438	1.17946489791116	6
0.00363801842259992	0.478931319427384	809
-0.00580647629936804	0.477458529541639	441
-0.020884227361346	0.375146066812685	441
0.02823850148937	0.649743251981696	441
-0.070257579439435	1.2708700893991	256
-0.048535620873569	1.0418211382423	3
-0.078676577834903	1.18584915744029	106
-0.065880546697546	0.259434889433519	150
-0.044534628077054	0.794748320938157	891
-0.00135302759039702	0.507236524506667	218
-0.019084546330968	0.387196291764176	309
-0.06619560117474	0.249037682676712	309
0.000600573033989971	0.494151651014492	65
0.0286082013048801	0.646747561493924	65
-0.098678906491296	0.601607200467179	65
-0.012268469778107	0.37736075727471	71
-0.064196946148623	0.251484404125009	57
-0.076949488325177	0.904723910924314	33
-0.045857417231953	0.766652922946375	33
-0.013578651879161	0.897557317199453	115
-0.107447631696108	1.0806999140879	46
-0.065880546697546	0.259434889433519	116
-0.053771225942843	0.991510878208743	256
-0.065880546697546	0.259434889433519	3
-0.017336666865893	0.361218646734164	373
-0.067534559012881	0.256778751447003	373
0.000678969324920065	1.48741316308859	217
-0.120020933692832	1.1600725428642	217
0.0957520169297601	1.05757942302772	150
0.07587827168219	0.940280608364522	150
0.02241890692834	1.07693881457017	150
0.04731756654866	1.1966371473263	150
0.03717563990224	1.41827202335959	1782
-0.087175545564489	1.21097158419318	309
-0.109597972401438	0.957622289030711	309
-0.048254479290513	0.759798493299102	309
0.0918725837439201	0.958082053661149	65
-0.10042764790821	0.577640629996972	57
-0.110064207327697	1.10433538607324	33
0.09158109767614	1.06694666743067	33
-0.018809998888271	1.15887758510398	638
0.0972824399188099	1.11153428958509	33
0.0806900784472799	0.941013949638358	46
-0.0389398702107801	1.03781134578238	39
-0.0450625187585521	0.774163500205626	39
-0.022257064782633	1.20634580263487	1532
0.0184395457369799	1.27361517431076	256
0.0980203006535201	1.09795648325166	373
-0.037097942910751	0.779569527301035	373
0.0642964777209401	2.09628934562621	329
-0.040886675247383	0.745349044700991	106
0.03080526005433	0.630658052763817	150
0.07437951132756	0.947329298181925	218
0.05420669711407	0.788432817681553	218
-0.047328654762796	0.764345653159027	65
-0.064822214366831	1.11962178224326	65
-0.036818957155591	0.7637825393993	65
-0.119949249472685	1.19584651278609	65
0.11723973597132	1.62247858629598	61
0.12106866606353	1.27867739703013	65
-0.047342996483567	1.02918033566953	57
-0.020856679862344	0.372868667445208	71
0.0365869530030301	1.02120997309416	429
-0.08000506642769	0.883413679554073	33
-0.02554431578881	1.34009017882469	33
-0.063882169659874	0.254142270662805	752
-0.119733240355178	0.741810068929012	1441
0.0190553111745899	1.28069057043837	7
0.01500228243886	0.432008621705326	441
0.0897314333439201	1.07175283220199	256
-0.048143436210314	0.71157702194525	3
0.0365263511267999	1.18337290549234	373
-0.047780710922829	0.73073594929725	373
0.0391347329668901	0.635455046758187	329
0.06146318122884	0.802955958790452	150
-0.012872704147227	0.358485453686311	150
-0.015563368292551	0.374279767775775	150
-0.00163899777907495	0.485080308626588	150
-0.01050194249726	0.369719209133139	150
0.05202424398094	0.757117929605159	1782
0.0235444325442999	0.631148990674447	309
-0.013922755337878	0.460291135767112	218
0.0472482960725	1.60926371842552	61
0.00309510420782	0.499796681181561	65
0.032933888329	0.642839403979906	65
-0.02426633982576	0.373566654266445	57
-0.022491916033672	0.374996717181427	879
-0.022491916033672	0.374996717181427	57
-0.0951320470604901	0.600994155911682	71
-0.088232104774045	1.00035567990987	429
0.02645729129397	1.06941036149286	115
-0.0977218596870389	0.607402126381653	115
0.06566650941101	0.759297442965027	115
-0.039351913461261	1.0348537269869	46
-0.034739276392182	1.05682720748611	1441
0.02345457682037	0.634438698930169	1532
-0.105930553763552	1.12459170782763	6
-0.016135604289051	0.380362548270328	116
-0.065880546697546	0.259434889433519	441
-0.015563368292551	0.374279767775775	441
-0.00779053745527703	0.490511240569793	256
-0.040115145048288	0.769989788598587	256
-0.085250252878857	1.15640540451222	256
-0.02426633982576	0.373566654266445	3
0.0602348365110901	0.808647405675752	373
-0.042684669232861	0.76232111194376	373
-0.039086552021257	0.76176378934787	217
-0.080395691215997	0.844394697296746	217
-0.092003858249485	0.625123674061375	106
0.0476504367269599	1.18636307527578	106
-0.00387823345366001	0.48625175402704	106
-0.0114030723658201	0.48535386731661	150
-0.065538689007454	0.251621271524724	106
-0.093760387035947	0.597169685301122	891
-0.046094803384987	0.774230868612548	618
-0.094031977475873	0.618151676579436	65
-0.00787379886872996	0.953026676330247	65
-0.038873933278995	0.77211556427923	57
-0.09064041309876	0.622023710960437	71
0.000295600687499897	0.497525749834541	429
0.0771015163650299	0.962127676360206	638
-0.0464920859925591	1.04440275809336	115
-0.055905119160083	1.12518857585875	46
0.0394326478243201	1.56083683811164	39
-0.095006344422572	0.607760289003459	39
-0.087172850573587	0.830814725579376	6
-0.00667273664996904	0.480529348430821	116
-0.015668865624918	0.391220929591653	960
-0.023109076019766	0.370346822829993	441
-0.017905649007764	0.388744915484838	441
-0.096220855432354	0.605113721457088	256
-0.068872689064822	0.251056752215475	3
-0.06052706227604	0.243125882854945	3
-0.065538689007454	0.251621271524724	3
-0.067534559012881	0.256778751447003	3
-0.090217303253701	1.29755476075436	44
-0.00962002211552004	0.470515137644633	106
0.0965044108420601	1.12858649205486	106
0.0573518259146	1.27746039902178	106
0.0511274757917299	1.16524142690227	150
0.0172577432894501	0.592322411753587	150
-0.015668865624918	0.391220929591653	150
-0.067534559012881	0.256778751447003	150
-0.067074127262429	1.08766170707481	891
0.08253864675443	0.961136916302741	309
-0.022491916033672	0.374996717181427	309
-0.067219758501134	0.253570251530169	218
0.00616845495202001	0.479823337377029	579
-0.065880546697546	0.259434889433519	61
-0.017440535504202	0.376598966944368	65
-0.021335298693252	0.371750736189947	57
-0.065880546697546	0.259434889433519	879
-0.014503528485869	0.390439575213324	71
0.05793590312919	0.795895371006051	638
-0.015668865624918	0.391220929591653	638
-0.019174679357808	1.16635184939472	115
0.10924135510203	1.13326749051617	115
-0.014958313029618	0.377024165300835	115
-0.063882169659874	0.254142270662805	115
-0.09926883954583	1.00028697327055	46
-0.031038356184896	1.5190105598281	39
-0.068872689064822	0.251056752215475	542
-0.0625393383602501	0.253998127728779	542
-0.065880546697546	0.259434889433519	1441
-0.018608138671817	0.368397310086375	1441
-0.091485217630655	0.599493370955645	370
-0.012268469778107	0.37736075727471	7
-0.06619560117474	0.249037682676712	116
-0.013898776004275	0.382720393109243	16
-0.022491916033672	0.374996717181427	16
-0.040304332317062	0.792350603353432	441
-0.067219758501134	0.253570251530169	256
-0.067534559012881	0.256778751447003	256
-0.019084546330968	0.387196291764176	3
-0.003332397977027	0.493225225431404	2262
-0.013339825466919	0.380903847356655	373
0.11963572369593	1.30532396001076	373
0.0320886629501	0.640280426211003	373
-0.03609081595804	0.769609153914593	373
-0.065880546697546	0.259434889433519	217
-0.067219758501134	0.253570251530169	217
0.00420911613368991	0.496540120465177	106
-0.085053158335554	0.613544683673241	106
-0.00889215906985896	1.46207554498437	150
-0.048941966539288	0.757907743184662	150
-0.067219758501134	0.253570251530169	150
-0.065880546697546	0.259434889433519	150
-0.065538689007454	0.251621271524724	150
-0.067219758501134	0.253570251530169	150
-0.0531882892007119	1.32937239348878	891
-0.043622536942121	0.780388070226	891
-0.016727994705372	0.385176841231482	309
-0.013898776004275	0.382720393109243	309
-0.014503528485869	0.390439575213324	618
-0.065880546697546	0.259434889433519	579
-0.013898776004275	0.382720393109243	61
-0.015668865624918	0.391220929591653	61
-0.019084546330968	0.387196291764176	65
-0.091976041115201	0.59161916211295	65
0.02999746031217	1.22729505395535	65
-0.011571018248453	0.373046172195889	57
-0.065880546697546	0.259434889433519	879
-0.073083727690059	0.246860576976442	57
-0.065880546697546	0.259434889433519	57
-0.063882169659874	0.254142270662805	57
0.02814511685531	0.633437854736839	57
-0.0625393383602501	0.253998127728779	71
-0.099144958423359	1.01277857848109	71
-0.013433336364014	0.371225268123078	429
0.0779655878963701	0.930155710171006	638
0.10566349123005	1.21759803528965	115
-0.070413735615296	0.244937250161024	115
-0.042796923803027	0.770787926714185	46
0.0546065959926201	0.782607113699642	46
-0.00855229503758903	0.908388746410273	1426
-0.019113387608539	0.376578004095455	370
-0.067534559012881	0.256778751447003	370
0.03434977119472	0.606319068800481	116
-0.067219758501134	0.253570251530169	16
-0.067534559012881	0.256778751447003	441
-0.0645405050599031	0.251493140527709	441
-0.067534559012881	0.256778751447003	441
-0.071749139015257	0.252367083560708	16
-0.065880546697546	0.259434889433519	441
-0.0645405050599031	0.251493140527709	441
-0.0621871927257019	0.240872884678666	441
0.0412656340519899	1.21102832633589	256
-0.06619560117474	0.249037682676712	546
0.0853975452032201	0.97086040468835	373
-0.02365017601214	0.373559081560533	44
0.0796429637188301	0.903834899973007	106
-0.00486473594762904	0.918577807854421	106
-0.115187626650875	1.385703712267	106
-0.0625393383602501	0.253998127728779	150
-0.068872689064822	0.251056752215475	150
-0.022491916033672	0.374996717181427	218
0.00447104773178997	0.486928525118783	891
0.0352003535207901	1.18111615105897	891
0.03763039807762	0.624868549769648	891
-0.018501493626048	0.371096296364045	309
-0.016727994705372	0.385176841231482	309
-0.064196946148623	0.251484404125009	618
-0.019113387608539	0.376578004095455	618
-0.067534559012881	0.256778751447003	65
-0.0625393383602501	0.253998127728779	61
-0.063882169659874	0.254142270662805	61
0.0308732584814699	0.632730598048822	57
0.02466977137323	0.643591584447326	57
-0.069752445155897	0.247408437041861	71
-0.014503528485869	0.390439575213324	429
-0.063882169659874	0.254142270662805	429
-0.00527079627288296	0.49925578169636	429
-0.09833507142396	0.975700711514798	33
0.03687446985066	0.638715945392441	115
-0.001669437667428	0.920411123109423	46
0.0761800635793399	0.917360325741054	39
-0.070413735615296	0.244937250161024	770
-0.088585611836888	0.609695079507283	770
0.0632511847583299	0.813844641009462	370
-0.067534559012881	0.256778751447003	441
-0.065880546697546	0.259434889433519	441
-0.013898776004275	0.382720393109243	441
-0.067219758501134	0.253570251530169	256
-0.021335298693252	0.371750736189947	12
-0.019084546330968	0.387196291764176	256
-0.017314138250921	0.37889071089191	256
-0.097590108477733	0.60850676523573	256
0.00920420546871004	0.45559951103431	546
-0.068872689064822	0.251056752215475	546
-0.067534559012881	0.256778751447003	546
-0.00387823345366001	0.48625175402704	373
-0.006845250497587	0.939660315919494	373
0.0332234364577799	0.648566618216061	373
-0.015563368292551	0.374279767775775	44
-0.00583904919591904	0.48872978586122	217
-0.071749139015257	0.252367083560708	137
-0.016135604289051	0.380362548270328	106
-0.018501493626048	0.371096296364045	106
-0.095316979056594	1.10461331598649	106
0.10524459727829	1.11230148000078	106
0.0874946762888	1.48816084774932	150
-0.067219758501134	0.253570251530169	309
-0.019084546330968	0.387196291764176	618
-0.0645405050599031	0.251493140527709	65
-0.014958313029618	0.377024165300835	579
-0.020269493277755	0.377267033686799	61
-0.017905649007764	0.388744915484838	61
-0.0625393383602501	0.253998127728779	57
0.0275542772081401	0.619603123468931	57
-0.00583904919591904	0.48872978586122	429
-0.118358741674041	1.2812069545027	71
-0.010015274830746	0.476584224077404	429
0.11814003164	1.28273855959012	115
-0.0732143135015591	0.915072805437052	115
-0.020269493277755	0.377267033686799	115
-0.067219758501134	0.253570251530169	39
-0.0645405050599031	0.251493140527709	1441
-0.013715033695739	0.885946943419399	370
-0.091228806999335	0.970848678947459	6
0.0779130018290899	0.932440465563741	6
-0.067219758501134	0.253570251530169	116
-0.064196946148623	0.251484404125009	441
-0.069752445155897	0.247408437041861	441
-0.070413735615296	0.244937250161024	441
-0.041655044044853	0.777551833035361	256
-0.015668865624918	0.391220929591653	256
-0.067219758501134	0.253570251530169	256
-0.121444987832786	0.859421853065919	256
-0.041880731515769	1.18850777952955	256
0.04583541283558	0.722674865327182	256
0.08228192010868	0.966400827086985	126
-0.010025440357365	0.928874423273086	126
-0.025425246285004	0.372135739368442	3
-0.063882169659874	0.254142270662805	3
-0.067534559012881	0.256778751447003	3
-0.0645405050599031	0.251493140527709	546
-0.096297112997922	1.29989029818014	373
-0.122286294071763	0.765327720346449	373
-0.016135604289051	0.380362548270328	373
-0.079804415787008	1.16202558447963	217
-0.042740513566721	0.761262057491562	150
-0.089290582400822	0.625300752112938	150
-0.046976989617506	0.764930445893367	150
0.02927945205302	0.636226416915158	309
0.10985885427821	1.20894663798075	61
0.0688566148590599	1.26844594908873	261
-0.0952555230591891	0.578397267640411	57
-0.00778457833976998	0.482803280594087	57
-0.020884227361346	0.375146066812685	57
-0.051428037485153	0.751917731552429	57
0.01972541536465	1.05622313423691	57
-0.011430076943014	0.938286104249299	57
0.0274022130421201	0.634211089608808	71
-0.045951130109638	0.762541408735371	638
-0.0951320470604901	0.600994155911682	200
0.0667771980747101	0.805272770518431	200
-0.030114872539262	0.760939674863547	200
0.10063624610383	1.14349287617667	46
0.09384301670356	0.952322709002863	1426
-0.016135604289051	0.380362548270328	1441
-0.120536533981614	1.34208923204128	770
0.11412411874252	1.21116880302653	370
-0.00370460646516801	0.95455242250191	370
-0.038144656757706	0.778110516800326	370
-0.0710452762841161	1.04506384559243	370
-0.092815411285921	0.623466191965454	116
-0.073083727690059	0.246860576976442	441
-0.021335298693252	0.371750736189947	441
-0.016727994705372	0.385176841231482	441
-0.002736080924162	0.489017307151277	441
0.0657080230081799	0.811636575413579	441
-0.047730182872829	0.984079816443708	126
-0.00276111481624297	0.483085198942163	3
0.0292365741532601	1.07402937293473	546
0.11681180923373	1.25764828943722	217
-0.123657542838219	0.750143473921805	137
-0.041529878876065	0.764799895334554	150
0.0698898846409299	0.759700281430153	218
0.05793590312919	0.795895371006051	309
-0.00779053745527703	0.490511240569793	579
0.0426328621412799	1.1963900870283	61
0.0108959424605599	1.02309851878887	65
0.0000296958823500226	0.510670270468513	57
-0.019113387608539	0.376578004095455	57
-0.075073871510148	0.919688618937276	57
-0.08689410643077	0.827010509852143	57
-0.010788071137115	0.945851083355482	429
-0.066268616727146	1.2904133566391	115
-0.103839045559313	1.09469725814223	115
-0.042479148743244	0.764006668033462	115
-0.091044246263133	0.628706395975626	46
0.0832243039957801	0.94289977132376	46
-0.067219758501134	0.253570251530169	441
-0.00885955771115798	0.35512257034108	441
-0.068872689064822	0.251056752215475	3
-0.044559549198096	0.745707577487837	3
-0.109283979077088	1.10982259028204	546
0.02630128034691	2.00996852327412	202
0.04551546543765	1.21055572272587	217
-0.029614064509949	1.5507930253769	137
0.0886503854381	1.47495347518363	44
0.0466697335806501	1.57826894187095	106
0.10834884368024	1.8700130528962	106
-0.103312746910353	1.46937168611106	106
0.0811766376335701	0.963758819734105	150
-0.102351365783697	1.00403510018435	150
0.0256084452368199	0.610097877658411	150
0.10339745200537	1.11252554107459	891
-0.034739276392182	1.05682720748611	891
-0.090037261144729	1.17928248879467	891
-0.012691904520181	0.86730638167435	891
0.06948214933602	1.31880423691979	891
0.0343576296955499	0.646795805722497	65
-0.121971782187964	0.753192104216809	579
-0.121694320055691	0.755039583190142	65
-0.08030617328388	0.905279028585616	65
-0.020264676455524	0.376952470849492	57
-0.04251266545988	0.749675962169827	57
-0.036607360610402	0.778913125674452	57
0.0164147006223601	1.01714283108469	115
-0.007666214393931	0.903770022091068	115
0.00457452893838006	0.461358566246039	46
0.04190269017515	1.16316569528478	39
-0.0443145586629869	0.97157898237029	39
0.0280265530864601	1.07346253675027	370
0.0588562892811499	0.810174243674205	6
-0.00441697102280403	0.494669375145016	16
-0.067534559012881	0.256778751447003	441
-0.00499265045825403	0.501786939875487	441
-0.012734080080538	0.382002213719781	441
-0.016727994705372	0.385176841231482	441
0.0194392682642199	1.09060482359154	256
-0.035580902818191	0.770472076366172	256
0.0476841437639399	1.12181519578466	256
0.0695712785092699	0.780153364080216	3
-0.101494374650355	1.08961390866683	3
0.02974497792487	0.655303666223156	3
0.02926926565607	1.03380870158855	3
-0.085424203304615	0.982813582011211	373
-0.114709518506218	0.729237055137935	373
0.07337301966941	0.943219409983144	217
0.0584029310713099	0.808303416826234	137
-0.101113317402743	1.48415586102703	106
-0.087134921606311	1.4093095512723	106
0.03284656168033	0.630124275956874	106
0.0786006673853099	0.98236916059199	106
0.0249130400590301	0.601473281701496	106
-0.00441697102280403	0.494669375145016	106
-0.033469966290287	1.22948335598588	891
0.07043307484357	1.30628111638107	891
0.10103556674209	1.11301372943971	891
-0.017314138250921	0.37889071089191	65
-0.012268469778107	0.37736075727471	579
-0.096095193919835	0.604859358177802	579
-0.065880546697546	0.259434889433519	57
-0.015668865624918	0.391220929591653	57
-0.020264676455524	0.376952470849492	57
0.0818896207019599	0.954259517667512	57
-0.0858775519658001	0.618419772690302	429
-0.066685971955492	1.13761624138459	429
0.0555328465984499	0.775561195141808	429
-0.077509439310917	0.896902874163086	638
0.04166301541352	1.11934752395655	115
0.0305818875841599	0.643036527414715	115
-0.00639574040647095	0.49375960838641	115
0.0722014193629199	0.784386657928574	46
0.0763443015733401	0.974664036891557	185
-0.089948238978806	0.851222183278146	46
-0.0223816443948009	1.23488205999121	46
0.0638081343275001	1.33767809290802	1426
-0.097268897321354	0.983035575952734	1426
0.0961027796005201	1.08631802538193	39
0.0122260723779899	1.44757916197632	39
0.08339284283269	0.942302960409863	770
-0.093760387035947	0.597169685301122	770
0.07116307761455	1.30344418843516	370
-0.00609004882834896	1.47985827092606	370
-0.01050194249726	0.369719209133139	116
-0.014036565850941	0.364102143413386	516
-0.00667273664996904	0.480529348430821	516
-0.00527079627288296	0.49925578169636	441
-0.016135604289051	0.380362548270328	441
-0.00527079627288296	0.49925578169636	441
-0.020264676455524	0.376952470849492	441
-0.08369044115872	0.602989431366706	256
0.10233966597412	1.10407195249677	256
0.0775975219782401	0.977976259122669	3
-0.012377675027163	0.91942550863788	3
0.0285317751871901	0.651391834559832	3
-0.030117637032117	1.04156644730233	44
0.0224069091785599	0.628370220560143	44
-0.00650172676098804	2.06676766823066	106
-0.095280317751502	0.603210699415493	106
-0.016880421289568	0.364603451979623	150
-0.067219758501134	0.253570251530169	1589
0.05543533072687	0.78554034576458	891
-0.017440535504202	0.376598966944368	57
-0.018501493626048	0.371096296364045	429
-0.089408825507011	0.613726535031688	429
-0.025425246285004	0.372135739368442	33
-0.073083727690059	0.246860576976442	115
-0.087780855934357	0.618221734420707	185
-0.091597157592952	0.62475243955442	46
-0.017314138250921	0.37889071089191	39
-0.104468781266461	1.12310970156514	370
-0.040748612947317	0.96967730371026	116
-0.0645405050599031	0.251493140527709	116
-0.068872689064822	0.251056752215475	516
-0.065880546697546	0.259434889433519	441
-0.015668865624918	0.391220929591653	16
-0.063882169659874	0.254142270662805	441
-0.069752445155897	0.247408437041861	256
-0.067219758501134	0.253570251530169	256
-0.067534559012881	0.256778751447003	256
0.0750320751937199	0.941561558271826	256
-0.00302586035973196	0.489021368554648	3
-0.00527079627288296	0.49925578169636	373
0.0274770809409	0.63346615176634	373
0.0707549369546601	1.6621831317488	44
-0.065880546697546	0.259434889433519	22
-0.00553918970329603	0.497144631917335	218
0.0510870067301299	1.22021518354161	121
-0.067534559012881	0.256778751447003	121
-0.00885955771115798	0.35512257034108	65
-0.044954731799034	0.741657316905239	579
-0.00184874478960095	0.491440590443094	61
-0.013433336364014	0.371225268123078	61
-0.065880546697546	0.259434889433519	261
-0.00933937192284395	0.363890657885816	437
-0.014503528485869	0.390439575213324	57
-0.015668865624918	0.391220929591653	33
-0.086150272976754	0.622462843021946	638
-0.015668865624918	0.391220929591653	115
-0.017440535504202	0.376598966944368	115
-0.124002094062367	1.18384754579816	39
-0.105312252168016	0.54178722177943	46
0.0000296958823500226	0.510670270468513	39
0.0469209956307699	1.19892722740094	770
-0.118215763167212	1.12256755485945	370
-0.016465295640026	1.12258079505655	6
-0.00610438021932003	0.502367582022983	3
-0.0645405050599031	0.251493140527709	3
-0.018648307475022	0.363259958199166	373
-0.015563368292551	0.374279767775775	701
-0.00583904919591904	0.48872978586122	106
-0.022491916033672	0.374996717181427	218
-0.013433336364014	0.371225268123078	133
-0.09064041309876	0.622023710960437	133
-0.083088889197099	1.00278365552792	218
-0.016135604289051	0.380362548270328	121
0.0270216994588399	0.650381686181367	65
0.0138097848849099	1.29291809943052	61
-0.013433336364014	0.371225268123078	261
-0.0998748293580291	0.954336868923882	65
-0.0645405050599031	0.251493140527709	437
0.00420911613368991	0.496540120465177	57
0.07734834235567	0.979037375893736	638
-0.015668865624918	0.391220929591653	46
-0.063882169659874	0.254142270662805	1039
-0.0625393383602501	0.253998127728779	39
-0.065538689007454	0.251621271524724	39
0.0655484070846599	0.808894353623341	370
-0.01749375794068	0.357626937042441	256
0.00141208879921995	0.496969673700719	256
-0.082791641368595	0.912016174416326	3
-0.067534559012881	0.256778751447003	3
-0.0625393383602501	0.253998127728779	373
-0.038874533847962	1.02303548361634	373
-0.067534559012881	0.256778751447003	486
-0.0625393383602501	0.253998127728779	486
-0.06619560117474	0.249037682676712	218
-0.00356523229268002	0.458979254106884	133
-0.071749139015257	0.252367083560708	428
-0.0645405050599031	0.251493140527709	512
-0.070413735615296	0.244937250161024	65
-0.067534559012881	0.256778751447003	65
-0.0621871927257019	0.240872884678666	261
-0.016135604289051	0.380362548270328	61
0.00252623207050995	0.491876771102163	261
-0.086410577471983	0.610315282645794	57
-0.06619560117474	0.249037682676712	429
-0.00916858539190701	0.491867723594212	638
-0.067219758501134	0.253570251530169	837
0.0856062059046801	1.4853650350603	115
-0.0873687857230731	0.618657106390825	115
-0.067219758501134	0.253570251530169	115
-0.017905649007764	0.388744915484838	115
-0.017905649007764	0.388744915484838	185
-0.00307589795905505	0.943064961390947	185
0.00394828718706997	0.48162850087289	46
-0.017905649007764	0.388744915484838	46
-0.122418981802364	1.03147037078969	46
-0.00916858539190701	0.491867723594212	770
-0.00862899134907902	0.465137763143365	1059
-0.043144496687602	1.19428076993662	6
-0.065880546697546	0.259434889433519	16
-0.065880546697546	0.259434889433519	444
-0.065880546697546	0.259434889433519	1131
-0.020884227361346	0.375146066812685	256
-0.0645405050599031	0.251493140527709	256
0.11579659703131	1.21689988155684	256
-0.072866418177779	0.885511588842742	256
-0.016727994705372	0.385176841231482	3
-0.095006344422572	0.607760289003459	3
-0.012734080080538	0.382002213719781	1226
0.1183201475301	1.27030788551194	486
-0.0873687857230731	0.618657106390825	486
0.0014206631548499	0.472390409827235	22
0.0292365741532601	1.07402937293473	535
-0.06619560117474	0.249037682676712	218
-0.06052706227604	0.243125882854945	121
-0.00553918970329603	0.497144631917335	65
-0.0645405050599031	0.251493140527709	970
-0.06052706227604	0.243125882854945	437
0.03049636688278	0.643913728026952	57
-0.011571018248453	0.373046172195889	57
-0.013898776004275	0.382720393109243	429
-0.021335298693252	0.371750736189947	263
0.05341282567888	0.707221339400887	638
-0.014503528485869	0.390439575213324	638
-0.068872689064822	0.251056752215475	46
-0.118239073898257	0.868310761689823	39
-0.068872689064822	0.251056752215475	39
-0.065880546697546	0.259434889433519	6
-0.065880546697546	0.259434889433519	16
-0.068872689064822	0.251056752215475	120
-0.0645405050599031	0.251493140527709	120
-0.067534559012881	0.256778751447003	16
-0.065880546697546	0.259434889433519	444
-0.067534559012881	0.256778751447003	444
0.0843364103234501	0.970804281109851	256
-0.019677417236499	0.374301200409669	3
-0.017440535504202	0.376598966944368	3
-0.013898776004275	0.382720393109243	1226
-0.016835824673325	0.382206253694542	44
-0.00359587459327104	0.503473037000329	44
0.03557256570011	0.648771497133395	106
-0.067219758501134	0.253570251530169	22
-0.014958313029618	0.377024165300835	361
-0.03713139916296	1.06090405972454	218
-0.015668865624918	0.391220929591653	121
-0.065880546697546	0.259434889433519	121
-0.0645405050599031	0.251493140527709	121
-0.068872689064822	0.251056752215475	61
-0.016880421289568	0.364603451979623	61
-0.068872689064822	0.251056752215475	261
-0.013922755337878	0.460291135767112	33
-0.013898776004275	0.382720393109243	115
-0.120023942822844	0.740475874642755	185
-0.067534559012881	0.256778751447003	39
-0.063882169659874	0.254142270662805	39
0.0293725727451299	0.63362442432299	370
-0.065880546697546	0.259434889433519	370
-0.017314138250921	0.37889071089191	120
-0.065538689007454	0.251621271524724	16
-0.017440535504202	0.376598966944368	444
-0.067219758501134	0.253570251530169	444
-0.017905649007764	0.388744915484838	3
-0.00339121773040996	0.956279292280423	3
-0.0645405050599031	0.251493140527709	364
-0.016727994705372	0.385176841231482	1226
-0.068872689064822	0.251056752215475	106
-0.06619560117474	0.249037682676712	22
-0.013898776004275	0.382720393109243	440
0.07259006904569	0.929627719254572	218
-0.065538689007454	0.251621271524724	535
-0.065538689007454	0.251621271524724	428
-0.0645405050599031	0.251493140527709	121
-0.071749139015257	0.252367083560708	121
-0.02426633982576	0.373566654266445	61
-0.067219758501134	0.253570251530169	261
-0.0625393383602501	0.253998127728779	261
-0.065880546697546	0.259434889433519	261
-0.067219758501134	0.253570251530169	261
-0.068872689064822	0.251056752215475	437
-0.00943727938876804	0.476899030791712	33
-0.073083727690059	0.246860576976442	263
-0.067219758501134	0.253570251530169	33
-0.019084546330968	0.387196291764176	46
-0.070413735615296	0.244937250161024	372
-0.103541318973275	0.995960565453724	62
-0.067219758501134	0.253570251530169	39
-0.020269493277755	0.377267033686799	39
-0.025425246285004	0.372135739368442	370
-0.017314138250921	0.37889071089191	370
-0.00472686040291204	0.492809036018075	370
-0.065880546697546	0.259434889433519	370
-0.063882169659874	0.254142270662805	6
-0.028259803800659	1.58384685418447	6
-0.016135604289051	0.380362548270328	120
-0.067219758501134	0.253570251530169	120
-0.063882169659874	0.254142270662805	120
-0.070413735615296	0.244937250161024	444
-0.016135604289051	0.380362548270328	444
-0.065880546697546	0.259434889433519	256
0.03284656168033	0.630124275956874	256
-0.067219758501134	0.253570251530169	3
-0.065880546697546	0.259434889433519	740
0.05527883643456	0.766555912047398	44
-0.056702335730404	1.11818682412398	44
0.0787172802088401	0.921243954216579	44
-0.00916858539190701	0.491867723594212	486
-0.00194436189284497	0.480678958637039	486
-0.0645405050599031	0.251493140527709	22
-0.045257599476474	0.78732941651851	1295
0.03080526005433	0.630658052763817	218
-0.064196946148623	0.251484404125009	121
-0.065880546697546	0.259434889433519	121
-0.067219758501134	0.253570251530169	121
-0.064196946148623	0.251484404125009	121
-0.011571018248453	0.373046172195889	121
-0.06619560117474	0.249037682676712	27
-0.063882169659874	0.254142270662805	27
-0.017314138250921	0.37889071089191	61
-0.0491575739062951	0.736948760897732	388
-0.00610507159000895	0.454410772001406	261
-0.016835824673325	0.382206253694542	261
-0.08886649252291	0.611205858664305	33
-0.065880546697546	0.259434889433519	33
-0.015668865624918	0.391220929591653	2193
-0.067534559012881	0.256778751447003	2193
-0.0155323932188109	1.12494435050498	429
-0.0645405050599031	0.251493140527709	263
-0.0887336721341841	0.626341843419595	263
-0.065538689007454	0.251621271524724	46
-0.071749139015257	0.252367083560708	1318
0.02430127006695	0.604828310082901	317
-0.0816618697286891	0.614151693043207	372
-0.11836563639981	0.757770001767885	372
0.0295949655963199	0.622054600609744	1126
0.0199054995194199	0.615246174641294	39
-0.067219758501134	0.253570251530169	39
-0.0645405050599031	0.251493140527709	39
-0.016135604289051	0.380362548270328	370
0.0577838406028099	0.806223017157622	159
-0.0645405050599031	0.251493140527709	120
-0.00387823345366001	0.48625175402704	12
-0.020884227361346	0.375146066812685	114
-0.025425246285004	0.372135739368442	114
-0.00472686040291204	0.492809036018075	36
-0.059802788490851	1.99142222848847	202
-0.063882169659874	0.254142270662805	202
0.03518777244062	0.631624940620326	202
-0.120720821749146	0.758427412337359	44
-0.095667996911052	0.620922677070167	44
-0.067219758501134	0.253570251530169	440
-0.071749139015257	0.252367083560708	218
-0.086283256492108	0.600609217966029	218
-0.097845244302687	0.615402498510564	218
-0.018493904698656	0.369233659667497	121
-0.063882169659874	0.254142270662805	121
-0.065880546697546	0.259434889433519	121
-0.065880546697546	0.259434889433519	61
-0.067219758501134	0.253570251530169	261
-0.017314138250921	0.37889071089191	437
-0.0248100664312581	0.364151172248145	33
-0.068872689064822	0.251056752215475	263
-0.065880546697546	0.259434889433519	263
0.05904607523077	0.757714248997933	33
0.0286082013048801	0.646747561493924	33
-0.067534559012881	0.256778751447003	46
-0.065880546697546	0.259434889433519	46
-0.075287580069859	0.554256112189362	317
-0.015668865624918	0.391220929591653	372
-0.012734080080538	0.382002213719781	1126
-0.069752445155897	0.247408437041861	370
-0.06619560117474	0.249037682676712	120
-0.067219758501134	0.253570251530169	120
-0.063882169659874	0.254142270662805	447
-0.0625393383602501	0.253998127728779	444
-0.068414266099475	0.247285453185001	256
-0.091616788228101	0.986142993895885	84
-0.065880546697546	0.259434889433519	114
-0.065538689007454	0.251621271524724	577
-0.00359587459327104	0.503473037000329	44
-0.067534559012881	0.256778751447003	486
-0.065880546697546	0.259434889433519	440
-0.063882169659874	0.254142270662805	440
-0.0945803114034181	0.604288543657816	861
-0.068872689064822	0.251056752215475	346
-0.000493682013228969	0.482492681249088	346
-0.065880546697546	0.259434889433519	218
0.0520605703002	0.781637309860834	121
0.0296688105898	0.649587783129823	61
-0.065880546697546	0.259434889433519	261
-0.015065093810954	0.374227951388386	437
-0.071749139015257	0.252367083560708	33
0.00171884580608994	0.496558240397246	33
-0.067219758501134	0.253570251530169	33
-0.009610518110446	0.847958992949789	429
-0.016835824673325	0.382206253694542	263
-0.073083727690059	0.246860576976442	263
-0.013898776004275	0.382720393109243	46
-0.016835824673325	0.382206253694542	1126
-0.119072591603641	0.773495227080186	751
-0.00695358995770701	0.476199658171555	770
-0.044859431724553	0.779429975371731	528
0.02588619562456	0.647441714319122	6
-0.067534559012881	0.256778751447003	447
-0.064196946148623	0.251484404125009	444
-0.071749139015257	0.252367083560708	504
-0.06052706227604	0.243125882854945	256
0.0026835226625801	1.45916338558087	84
-0.020856679862344	0.372868667445208	84
-0.067219758501134	0.253570251530169	126
-0.064196946148623	0.251484404125009	126
-0.019084546330968	0.387196291764176	727
-0.019677417236499	0.374301200409669	3
-0.00388329523766295	0.496497670210441	3
-0.017314138250921	0.37889071089191	3
-0.018493904698656	0.369233659667497	740
-0.067534559012881	0.256778751447003	3
-0.01062405817197	0.34383702627751	114
-0.03354201015831	1.04689819348657	202
-0.067534559012881	0.256778751447003	577
-0.019084546330968	0.387196291764176	577
-0.00500130534718302	0.481114482509544	44
-0.065880546697546	0.259434889433519	1595
-0.063882169659874	0.254142270662805	22
-0.065880546697546	0.259434889433519	22
-0.0645405050599031	0.251493140527709	440
-0.0645405050599031	0.251493140527709	27
-0.031193431245042	0.344704082962817	61
-0.071749139015257	0.252367083560708	297
-0.064196946148623	0.251484404125009	33
-0.00610438021932003	0.502367582022983	33
-0.022491916033672	0.374996717181427	1753
-0.010015274830746	0.476584224077404	1753
-0.02426633982576	0.373566654266445	429
-0.071749139015257	0.252367083560708	33
0.0747786193345601	0.935133841243715	263
-0.068872689064822	0.251056752215475	46
-0.071749139015257	0.252367083560708	46
-0.089422679763833	0.576231178500006	185
-0.046704832105921	0.757015319793253	317
0.02974497792487	0.655303666223156	195
-0.021427259379285	0.368991751588852	372
-0.065880546697546	0.259434889433519	372
0.0414671772427699	1.21289096420747	1126
-0.067219758501134	0.253570251530169	39
-0.01166616493753	0.363915001439311	370
-0.07730941619676	0.582671646529425	370
-0.071749139015257	0.252367083560708	24
-0.0645405050599031	0.251493140527709	6
-0.065538689007454	0.251621271524724	447
-0.065880546697546	0.259434889433519	447
-0.065880546697546	0.259434889433519	444
-0.067534559012881	0.256778751447003	12
-0.065880546697546	0.259434889433519	126
0.02845767501038	0.640326911735257	256
-0.065880546697546	0.259434889433519	3
-0.068872689064822	0.251056752215475	1434
0.0246813709334699	0.616093231345104	202
-0.016727994705372	0.385176841231482	577
-0.065880546697546	0.259434889433519	440
-0.0911809852287529	0.62299488538563	218
-0.065944891027963	1.11383338245663	346
-0.065880546697546	0.259434889433519	27
-0.072955270293675	0.90942176606807	61
-0.070413735615296	0.244937250161024	61
-0.068872689064822	0.251056752215475	885
-0.067219758501134	0.253570251530169	261
-0.068872689064822	0.251056752215475	261
-0.020856679862344	0.372868667445208	574
-0.021427259379285	0.368991751588852	574
-0.068872689064822	0.251056752215475	574
-0.067219758501134	0.253570251530169	300
-0.064196946148623	0.251484404125009	1753
-0.00527079627288296	0.49925578169636	1753
-0.019084546330968	0.387196291764176	1753
-0.06052706227604	0.243125882854945	33
-0.0645405050599031	0.251493140527709	263
-0.018493904698656	0.369233659667497	263
0.0207306558006599	0.603344018621043	194
-0.067219758501134	0.253570251530169	46
-0.067219758501134	0.253570251530169	46
0.07264661159968	0.776255290709884	46
0.03518777244062	0.631624940620326	372
-0.067219758501134	0.253570251530169	39
-0.063882169659874	0.254142270662805	93
-0.017440535504202	0.376598966944368	24
-0.063882169659874	0.254142270662805	370
0.0679667586849699	1.30996536186373	6
-0.015668865624918	0.391220929591653	6
-0.016727994705372	0.385176841231482	6
0.0948163987425199	1.65627471132409	110
-0.0611157479858691	1.11285431077135	110
-0.063882169659874	0.254142270662805	159
0.03080526005433	0.630658052763817	910
-0.067219758501134	0.253570251530169	910
-0.064196946148623	0.251484404125009	16
-0.063882169659874	0.254142270662805	16
-0.0625393383602501	0.253998127728779	483
0.02362319831321	0.626043805241777	1486
-0.065880546697546	0.259434889433519	3
-0.020856679862344	0.372868667445208	740
-0.067219758501134	0.253570251530169	36
-0.103706409148771	1.24890448097568	1801
0.06269342901953	0.79242305433203	1801
-0.017440535504202	0.376598966944368	202
0.0753856589961299	0.939600970365689	202
-0.020264676455524	0.376952470849492	44
-0.067534559012881	0.256778751447003	486
-0.067219758501134	0.253570251530169	22
-0.06619560117474	0.249037682676712	1701
-0.063882169659874	0.254142270662805	440
-0.068872689064822	0.251056752215475	440
-0.067219758501134	0.253570251530169	218
-0.014503528485869	0.390439575213324	346
-0.067219758501134	0.253570251530169	895
0.03388180801813	0.59597811564606	61
-0.068872689064822	0.251056752215475	261
-0.070413735615296	0.244937250161024	261
0.0619411830344301	0.816039025208064	261
-0.015065093810954	0.374227951388386	574
-0.013898776004275	0.382720393109243	574
-0.065880546697546	0.259434889433519	119
-0.067219758501134	0.253570251530169	119
-0.065880546697546	0.259434889433519	119
-0.067219758501134	0.253570251530169	1753
-0.018493904698656	0.369233659667497	429
-0.0645405050599031	0.251493140527709	873
-0.118338007083737	0.701021013660386	194
0.00420911613368991	0.496540120465177	194
-0.0230841948324499	1.44702311190232	372
0.000295600687499897	0.497525749834541	1036
-0.014958313029618	0.377024165300835	24
0.0533013293059501	1.2264688697535	1059
-0.00356571805888095	0.873466290579914	6
0.0600802631305	0.813741823632408	6
0.07607673903993	1.83633790881883	159
-0.0625393383602501	0.253998127728779	483
-0.063882169659874	0.254142270662805	444
0.0320947541449501	0.652802818361562	1486
-0.067534559012881	0.256778751447003	1513
-0.056745599232053	1.32520775897036	202
0.11035173698832	1.20684870358166	202
-0.120810070217344	1.81127404511659	202
-0.083779323108356	0.892408287657393	486
0.00309510420782	0.499796681181561	486
-0.087235834484927	0.626949612071108	22
0.03557256570011	0.648771497133395	121
-0.016135604289051	0.380362548270328	121
-0.013433336364014	0.371225268123078	121
-0.065538689007454	0.251621271524724	121
-0.068414266099475	0.247285453185001	121
-0.017905649007764	0.388744915484838	121
-0.016727994705372	0.385176841231482	121
0.0320886629501	0.640280426211003	27
-0.017905649007764	0.388744915484838	61
-0.017905649007764	0.388744915484838	64
0.00141208879921995	0.496969673700719	261
0.05860981836984	0.814099994337607	574
0.0725791866852901	0.758278294955224	574
-0.095667996911052	0.620922677070167	119
0.00309510420782	0.499796681181561	1753
-0.018141926625597	1.1352100656243	33
-0.097163007846567	0.583571636354784	429
-0.101045775414105	0.992376217402747	194
-0.039902058512242	0.76507176632863	46
-0.0918650069175469	0.620352060705232	46
-0.014503528485869	0.390439575213324	46
0.0590083909415	0.809761709931282	1135
0.11420598910141	1.09714064541862	1036
-0.071749139015257	0.252367083560708	120
-0.065880546697546	0.259434889433519	120
-0.065880546697546	0.259434889433519	447
-0.014503528485869	0.390439575213324	444
-0.067534559012881	0.256778751447003	444
-0.02365017601214	0.373559081560533	3
-0.068872689064822	0.251056752215475	3
0.11574165856451	1.26982519694854	44
-0.011704870942944	0.459373897460139	44
0.0014206631548499	0.472390409827235	44
-0.063882169659874	0.254142270662805	22
-0.067219758501134	0.253570251530169	1701
-0.015065093810954	0.374227951388386	22
-0.06619560117474	0.249037682676712	22
-0.06619560117474	0.249037682676712	121
-0.017440535504202	0.376598966944368	27
-0.101384405766865	0.576617743036266	61
0.09908437401891	1.53803090864128	261
0.0747049386324401	0.917315505237322	261
-0.108557126295239	1.10854414852385	574
-0.067219758501134	0.253570251530169	574
-0.0248100664312581	0.364151172248145	574
0.0561958318304801	1.29249080466977	282
-0.0552665059279081	0.743546092405999	429
-0.0645405050599031	0.251493140527709	1153
-0.019677417236499	0.374301200409669	939
-0.065880546697546	0.259434889433519	46
-0.068872689064822	0.251056752215475	1135
0.0296688105898	0.649587783129823	372
-0.094448312747121	0.626330714166473	372
-0.063348190063124	1.14255351797737	2205
-0.089423339151584	0.623300607160083	24
-0.038144656757706	0.778110516800326	6
-0.00916858539190701	0.491867723594212	159
-0.071749139015257	0.252367083560708	483
-0.023109076019766	0.370346822829993	120
-0.063882169659874	0.254142270662805	444
-0.065880546697546	0.259434889433519	444
-0.00359587459327104	0.503473037000329	84
-0.120327254659033	0.769781600586189	1486
-0.003332397977027	0.493225225431404	126
-0.022040982457204	0.375826847962743	3
-0.0645405050599031	0.251493140527709	3
-0.017905649007764	0.388744915484838	3
-0.000235110459249954	0.501820934687282	3
-0.013433336364014	0.371225268123078	486
-0.065880546697546	0.259434889433519	22
-0.08655434970642	0.620233756758845	218
-0.015301857470405	0.459667406315817	218
-0.073083727690059	0.246860576976442	874
-0.063882169659874	0.254142270662805	121
-0.0248100664312581	0.364151172248145	261
-0.017905649007764	0.388744915484838	261
-0.067219758501134	0.253570251530169	261
-0.0899506073763931	1.01694784647538	261
-0.067219758501134	0.253570251530169	119
-0.00108867490422804	0.511296437570494	119
-0.00610438021932003	0.502367582022983	33
0.0619569437166001	1.62610038715843	429
-0.063882169659874	0.254142270662805	1135
-0.0115910083637421	0.909866395406205	46
0.07992614221134	0.960580721133887	372
-0.097845244302687	0.615402498510564	372
-0.014503528485869	0.390439575213324	1036
-0.065880546697546	0.259434889433519	93
0.0875001224343701	0.96483498487076	24
-0.00108867490422804	0.511296437570494	159
-0.022491916033672	0.374996717181427	483
-0.0645405050599031	0.251493140527709	483
-0.063882169659874	0.254142270662805	120
-0.073083727690059	0.246860576976442	120
-0.065538689007454	0.251621271524724	120
-0.071749139015257	0.252367083560708	120
-0.068872689064822	0.251056752215475	444
-0.065880546697546	0.259434889433519	12
-0.065538689007454	0.251621271524724	444
-0.065880546697546	0.259434889433519	12
-0.065880546697546	0.259434889433519	12
-0.0625393383602501	0.253998127728779	12
-0.067534559012881	0.256778751447003	12
-0.017905649007764	0.388744915484838	126
-0.065880546697546	0.259434889433519	3
-0.064196946148623	0.251484404125009	3
-0.042281225497536	1.39627478510899	202
-0.00124625008046197	2.03226957526022	202
-0.081549722098428	2.08808038944111	44
-0.110007148367355	1.08762632223079	44
-0.034125032259174	0.776822821986116	486
0.05860981836984	0.814099994337607	486
-0.016135604289051	0.380362548270328	121
-0.0469236704736	0.757028079556286	121
-0.063882169659874	0.254142270662805	121
0.00558316808109005	0.483919326222112	525
-0.01166616493753	0.363915001439311	119
-0.016135604289051	0.380362548270328	119
-0.00472686040291204	0.492809036018075	33
-0.0111052550865161	0.371170296277218	1135
0.0640799761500599	0.78998877489625	46
-0.103379615009998	1.09311541689284	372
-0.00527079627288296	0.49925578169636	93
-0.010284664849479	0.490675097898742	93
-0.00247328631615495	0.507841081738223	483
-0.067534559012881	0.256778751447003	444
-0.042894165725525	0.774053901088855	84
-0.085053158335554	0.613544683673241	3
-0.067219758501134	0.253570251530169	3
-0.016135604289051	0.380362548270328	3
-0.000033990276612994	2.09648729635338	202
-0.078606134209367	1.23395924297542	44
-0.083868189963259	0.843077663938943	44
-0.02426633982576	0.373566654266445	121
-0.027744427067919	0.351433327861908	525
-0.013253129902371	0.911091270810054	525
-0.123257061743681	0.774173810280735	1351
-0.00163899777907495	0.485080308626588	64
-0.116678015617691	0.734522237402036	264
-0.00570691951067204	0.920101111473629	261
0.02345457682037	0.634438698930169	261
-0.020264676455524	0.376952470849492	490
0.06284680403098	0.793393949687489	119
-0.105182673027574	0.561705541120014	119
-0.090903466323687	0.8129998500922	873
-0.086410577471983	0.610315282645794	194
-0.089553852441348	0.603600307078945	46
-0.120452739222316	0.739295118971179	62
-0.00414814925962403	0.500469826085859	93
-0.061999952522618	1.11817486723698	110
-0.117513223849546	1.20409029682315	159
0.0249814656540299	0.627984703547597	159
-0.00275746028721902	0.487404487633906	120
0.0809321948264099	0.960218033599202	84
0.07994329277454	0.88579931508859	84
-0.066190209766661	1.09586685507928	3
-0.043827961547893	0.779349981561805	36
0.0523109889746101	0.765006769454411	36
0.0949192664115599	2.19219844091083	202
0.0237490435960499	1.99193609887603	202
0.0684012152117901	2.02884427244882	2139
-0.00200539546098	1.15168360736073	2139
-0.081210447164219	0.909184382239663	486
-0.091597157592952	0.62475243955442	486
0.0553290586220301	0.71402834865777	442
-0.00220937686266798	0.506873236976531	442
0.0205409887902399	0.565714673306016	121
0.0790008702090801	0.944452282763629	121
-0.00387823345366001	0.48625175402704	121
-0.067219758501134	0.253570251530169	121
-0.014503528485869	0.390439575213324	121
0.02927945205302	0.636226416915158	119
-0.00567615886659101	0.944762492886681	119
-0.073855232438151	0.923008475672836	33
0.0643215153548999	0.807404322537144	1365
0.06284680403098	0.793393949687489	1365
0.0350991884383201	0.611523922387662	372
-0.019084546330968	0.387196291764176	93
-0.094157868815991	0.61087268521663	846
-0.00665508456684905	0.923815851064311	159
-0.019677417236499	0.374301200409669	12
-0.067534559012881	0.256778751447003	12
-0.036075054127383	0.782996260299936	3
0.04278580296598	1.22754542593378	3
0.02625594448402	0.619797907608908	3
0.0559971271616899	0.779907455623935	3
-0.0645405050599031	0.251493140527709	2139
-0.015668865624918	0.391220929591653	44
-0.00387823345366001	0.48625175402704	44
-0.063882169659874	0.254142270662805	44
-0.012268469778107	0.37736075727471	44
0.00505409698330994	0.470699491026182	22
-0.073083727690059	0.246860576976442	121
-0.067219758501134	0.253570251530169	525
-0.0625393383602501	0.253998127728779	525
-0.067219758501134	0.253570251530169	64
-0.0625393383602501	0.253998127728779	954
-0.02426633982576	0.373566654266445	33
-0.063882169659874	0.254142270662805	91
-0.063882169659874	0.254142270662805	1365
-0.0645405050599031	0.251493140527709	46
-0.0621871927257019	0.240872884678666	93
-0.067534559012881	0.256778751447003	24
-0.065880546697546	0.259434889433519	24
-0.065538689007454	0.251621271524724	6
-0.068872689064822	0.251056752215475	159
-0.063882169659874	0.254142270662805	159
-0.067219758501134	0.253570251530169	159
-0.068872689064822	0.251056752215475	159
-0.067534559012881	0.256778751447003	159
-0.065880546697546	0.259434889433519	120
-0.073083727690059	0.246860576976442	12
-0.065880546697546	0.259434889433519	12
-0.06619560117474	0.249037682676712	12
-0.064196946148623	0.251484404125009	84
-0.068872689064822	0.251056752215475	84
-0.067219758501134	0.253570251530169	126
-0.065880546697546	0.259434889433519	1575
-0.065880546697546	0.259434889433519	3
-0.043772275832017	1.05865438449614	44
-0.071749139015257	0.252367083560708	22
-0.016727994705372	0.385176841231482	121
-0.070413735615296	0.244937250161024	121
-0.069752445155897	0.247408437041861	121
-0.065880546697546	0.259434889433519	121
-0.0911809852287529	0.62299488538563	525
-0.073083727690059	0.246860576976442	64
-0.067534559012881	0.256778751447003	64
-0.068872689064822	0.251056752215475	261
-0.063882169659874	0.254142270662805	119
-0.067219758501134	0.253570251530169	91
-0.026603347499757	0.743814931433201	91
0.0959399271277099	1.65416233351572	1365
-0.019084546330968	0.387196291764176	569
-0.040834562487082	0.781254046571248	93
-0.019084546330968	0.387196291764176	93
-0.01166616493753	0.363915001439311	24
-0.0625393383602501	0.253998127728779	159
-0.065880546697546	0.259434889433519	120
-0.0645405050599031	0.251493140527709	427
-0.063882169659874	0.254142270662805	427
-0.00918569586428097	0.473548872710778	84
-0.0625393383602501	0.253998127728779	3
-0.046625501639031	1.17720374664247	537
-0.00319758519220503	1.33500231148497	202
0.04932740992817	1.61561080178982	202
0.0354912431713601	0.628225486836192	44
-0.0645405050599031	0.251493140527709	876
-0.015065093810954	0.374227951388386	121
-0.01050194249726	0.369719209133139	121
0.04252012776999	0.612636438134094	121
-0.064196946148623	0.251484404125009	121
-0.067534559012881	0.256778751447003	121
-0.041766318215127	0.745947049720065	282
-0.067219758501134	0.253570251530169	33
-0.01803600931573	0.35894195213113	1365
-0.0645405050599031	0.251493140527709	569
-0.064196946148623	0.251484404125009	569
-0.063882169659874	0.254142270662805	569
-0.015247205483899	0.342924793327519	569
-0.00385823286426101	0.48952690809136	24
-0.023199398000421	0.367606230152815	1078
-0.065880546697546	0.259434889433519	1779
-0.021427259379285	0.368991751588852	2120
-0.065880546697546	0.259434889433519	427
-0.0645405050599031	0.251493140527709	427
-0.067219758501134	0.253570251530169	12
-0.067534559012881	0.256778751447003	12
-0.00247328631615495	0.507841081738223	3
-0.068872689064822	0.251056752215475	124
-0.067219758501134	0.253570251530169	3
-0.067534559012881	0.256778751447003	3
-0.054070203115249	1.10858462934924	537
0.02512525124222	0.627868955282044	44
-0.025143889662636	1.33061439561167	442
-0.013339825466919	0.380903847356655	876
-0.065880546697546	0.259434889433519	121
-0.00220937686266798	0.506873236976531	121
0.05492476680431	0.802793653594702	525
-0.070413735615296	0.244937250161024	261
0.05919817366806	0.778527106144792	954
0.03284656168033	0.630124275956874	91
-0.00554403651413005	1.18012073603206	46
-0.014503528485869	0.390439575213324	569
-0.016727994705372	0.385176841231482	46
0.11418119579985	1.27701807330179	129
-0.014516373118692	1.37334363890359	129
0.0617771282377899	0.817056216105985	93
-0.011571018248453	0.373046172195889	159
-0.017905649007764	0.388744915484838	1779
-0.013898776004275	0.382720393109243	1779
-0.067219758501134	0.253570251530169	159
0.02739415332573	0.642939065284337	3
-0.105164551843003	0.988265978783288	36
-0.078117351973365	1.21963128440293	44
-0.093361221479506	0.609354855291084	442
-0.1194786213453	0.714981190522407	22
0.0333095659535101	0.64767847340444	22
0.11528581997194	1.25561889789255	121
-0.118783886555272	0.772685692466427	121
-0.0887890988511541	1.27703176434867	118
-0.064196946148623	0.251484404125009	85
-0.014503528485869	0.390439575213324	85
-0.016135604289051	0.380362548270328	85
0.0273197969136401	0.642048496607956	1365
-0.00472686040291204	0.492809036018075	569
0.0793139604909801	0.977605371957601	372
-0.014840624310288	1.13575784120912	129
-0.00956068898108697	1.19013383675996	129
-0.011442825836799	1.18234884237808	93
-0.017905649007764	0.388744915484838	1074
0.10031476307786	1.12272338112621	3
0.10529080543875	1.77393964361722	3
-0.0193316733196141	1.53570590725659	202
-0.065880546697546	0.259434889433519	22
-0.013339825466919	0.380903847356655	121
-0.068872689064822	0.251056752215475	121
-0.06619560117474	0.249037682676712	64
-0.0672404862638341	1.24143992079315	261
-0.0625393383602501	0.253998127728779	85
-0.067219758501134	0.253570251530169	85
-0.064196946148623	0.251484404125009	85
-0.065880546697546	0.259434889433519	85
-0.06052706227604	0.243125882854945	85
-0.00778457833976998	0.482803280594087	119
-0.014036565850941	0.364102143413386	91
-0.067219758501134	0.253570251530169	46
0.0309594070430099	0.654630639313202	46
-0.048718585871802	1.28290824218233	372
-0.091855801004011	0.616760785175223	129
-0.00359587459327104	0.503473037000329	129
-0.021953467120219	0.360438170753381	93
-0.08995817772404	0.626909536914575	6
-0.063882169659874	0.254142270662805	159
-0.067219758501134	0.253570251530169	658
-0.065880546697546	0.259434889433519	658
-0.065880546697546	0.259434889433519	530
-0.065880546697546	0.259434889433519	159
-0.064196946148623	0.251484404125009	159
-0.085065333248356	0.604167485094081	84
0.02936288674809	0.641060275296926	84
0.0270216994588399	0.650381686181367	3
-0.079355836571251	0.594038485697405	2006
-0.06052706227604	0.243125882854945	3
-0.02426633982576	0.373566654266445	3
-0.09064041309876	0.622023710960437	22
-0.0645405050599031	0.251493140527709	22
-0.035978790405985	1.00704282748895	22
-0.086274266712322	0.606133038001158	121
-0.00518483455696595	0.461626814101364	121
-0.06619560117474	0.249037682676712	121
-0.065880546697546	0.259434889433519	121
-0.025425246285004	0.372135739368442	121
-0.097974895252344	0.612214267976426	118
0.08989373774113	1.06185103008669	119
0.000295600687499897	0.497525749834541	33
-0.082523096645935	1.37028905669161	33
-0.119468966811933	0.759434861253327	91
-0.090861902950423	0.98207575727923	91
-0.067847834584239	1.13574132123707	91
0.000295600687499897	0.497525749834541	1154
0.00459429780639997	0.905931594698135	372
0.000681477838170075	1.47248508773778	129
-0.068872689064822	0.251056752215475	93
-0.092903082431923	1.33202030680147	159
0.0818233735640399	0.985449049381033	159
-0.067219758501134	0.253570251530169	159
-0.06619560117474	0.249037682676712	159
-0.063882169659874	0.254142270662805	159
-0.02426633982576	0.373566654266445	159
-0.00721847239573004	0.498083405007933	840
-0.065538689007454	0.251621271524724	427
0.0382550781392299	1.19832528310766	347
0.04614568369004	1.16172528838358	44
0.07305162400731	0.757431021086654	22
-0.015065093810954	0.374227951388386	85
-0.094056998047286	0.596197701646136	91
0.0783520437435301	0.970625907696796	1154
0.0238415974906001	0.629602843479536	46
-0.0189657169060981	1.38072917506017	372
-0.04034051494529	1.17621182041644	372
-0.102840472452397	1.00076794926093	93
-0.019677417236499	0.374301200409669	93
-0.020856679862344	0.372868667445208	159
-0.067534559012881	0.256778751447003	840
-0.021335298693252	0.371750736189947	840
-0.016727994705372	0.385176841231482	427
-0.076791513519882	2.25426135681395	1704
-0.051164361040403	1.12393712695585	442
-0.0765119387697521	0.877650169714649	121
0.0272215296627201	1.43358318873278	119
-0.122124279895946	0.744057220722659	33
0.06356783999213	0.794078068877724	372
-0.064873424226421	1.12672664193513	129
-0.039856979965315	1.06416492453379	6
-0.080989325678623	0.604180634672707	159
-0.046094803384987	0.774230868612548	159
-0.017958954735425	0.367864762950842	840
0.0786765486448799	0.952323187820579	427
0.08875639828911	0.973721793170917	427
-0.097343641325558	1.29307288485467	442
0.0182215326727	1.4695225458513	22
-0.07263602332877	0.921397060461515	121
0.04091833390517	1.21144593995681	121
0.0706033362132701	1.34998206266622	121
-0.122550534193477	0.761091778721947	85
-0.00320425484407405	0.478924650104055	649
-0.000235110459249954	0.501820934687282	259
-0.025425246285004	0.372135739368442	372
0.03049636688278	0.643913728026952	372
-0.00250958714546501	0.487275969646174	129
-0.046959445063227	1.0058716775416	93
0.0540525309353299	1.63248470545769	93
-0.019860709881788	1.14691988703675	639
-0.084930070331765	0.621903057466452	6
-0.09127955724722	0.99138565719631	6
-0.019113387608539	0.376578004095455	159
0.0333734106302701	1.13548973039758	365
-0.074986327922908	0.878026830797301	159
-0.0925722609201321	0.603550034444391	159
0.02042572757248	1.23230516044432	427
0.0111939528038201	1.28364035773293	3
0.10583609275538	1.66925419767155	1704
-0.122687661167067	0.765126314645511	44
-0.010580774355728	1.70729277090495	44
-0.037848405239759	1.01953417817097	44
0.0908626042575	1.01619091297572	44
-0.078864855792548	0.974962259556553	442
-0.0785023667491051	1.05437153198662	121
0.000680508264550017	0.479592058981216	118
0.01106289426018	1.00531736569062	85
-0.048196372861846	1.02880441644358	85
-0.024022577072418	1.32848320186768	119
-0.00580647629936804	0.477458529541639	33
-0.066215015558275	1.12395452693565	33
-0.017440535504202	0.376598966944368	259
-0.083414158393515	0.89853702262454	372
-0.081293686940178	0.902952048181357	372
-0.023109076019766	0.370346822829993	129
0.0285398102457699	0.616359586243894	281
0.0308811696628	0.65346639012229	6
-0.0248100664312581	0.364151172248145	159
0.0763443015733401	0.974664036891557	159
0.0621802416866799	0.809890107160736	12
0.0273197969136401	0.642048496607956	12
-0.038480390826437	1.19156662498536	1704
-0.0712437528039031	1.12152869631848	22
-0.08306105800129	0.792150762661653	121
-0.00387823345366001	0.48625175402704	121
0.0249683689507101	1.09988877093523	121
-0.083568368064536	0.611386021558837	85
0.0786006673853099	0.98236916059199	389
-0.0992007091009079	0.578847623778181	372
0.00447104773178997	0.486928525118783	146
0.0258061280631601	0.646501563191255	129
-0.016727994705372	0.385176841231482	95
0.05136403802642	1.17283303690382	1777
-0.073083727690059	0.246860576976442	1146
-0.020264676455524	0.376952470849492	174
-0.019084546330968	0.387196291764176	6
0.08339284283269	0.942302960409863	159
-0.116816420099783	0.759560226889527	159
-0.039558481481726	0.780255200419947	159
-0.072819703961481	0.880694602404383	159
-0.015668865624918	0.391220929591653	1907
-0.003204461407181	0.931457278996499	3
0.06269342901953	0.79242305433203	537
0.00669290899571995	0.472831022265141	537
-0.0278505428493649	1.60568485323767	44
-0.020771377183846	2.23758787836238	44
0.0379784251508499	1.49659286826613	22
0.0754455361578601	0.890637002686817	121
-0.102609293418065	0.576991760835221	121
-0.101292575725678	1.10122232896193	121
-0.043639167188736	1.01146165198297	121
-0.023821295046687	1.1200165666197	261
-0.00135302759039702	0.507236524506667	389
0.0022593957260999	0.491228480197701	259
-0.077777427288355	0.908182345433274	372
-0.012734080080538	0.382002213719781	372
-0.088019814690462	0.999083457534024	93
0.03382671999362	1.14923965973915	1777
0.0523109889746101	0.765006769454411	174
-0.0271118322455	1.19783184128175	1682
0.1073752059222	1.18878618435655	347
-0.097731099421014	1.21100225955295	1704
0.00742603719215995	0.907501687687675	44
-0.024388275364059	1.1134576881846	442
0.0621802416866799	0.809890107160736	121
-0.00715634993321301	0.935258367856056	50
0.0870468657182899	0.984728384067109	2335
0.10814599035954	1.23423293614897	119
-0.015110207179333	0.367299823103279	33
-0.014503528485869	0.390439575213324	129
-0.087100632518031	0.623332618153432	93
-0.0898191429665121	0.628128224122552	1777
-0.015668865624918	0.391220929591653	174
-0.065538689007454	0.251621271524724	174
-0.013898776004275	0.382720393109243	174
-0.0781425706614099	0.905954494964511	159
-0.08000506642769	0.883413679554073	12
0.0199780255259101	0.622181707768389	347
-0.098523709553519	0.596161846416346	3
0.10207161446131	1.06726590895196	3
-0.077557365921227	0.925322209079481	3
0.02119185222675	0.627161885462219	537
0.0333577280055299	1.85855689859806	1704
0.0828231600006699	0.989868458761885	44
-0.014240313301957	0.931003138543661	22
0.0544002289629399	1.17791058804594	22
-0.0977218596870389	0.607402126381653	121
-0.119897462930803	0.739051648101954	118
-0.01972914507872	0.366496478024073	2335
0.00432809301126991	1.02477529356643	389
-0.078131423921685	0.586562502556388	389
-0.072060151252382	0.845603044442086	33
-0.096095193919835	0.604859358177802	46
0.0261912273556899	0.633012264774685	33
-0.071749139015257	0.252367083560708	33
-0.071749139015257	0.252367083560708	33
-0.00202671081384997	0.476077128525395	372
-0.065880546697546	0.259434889433519	129
-0.109928668825583	0.963902531705833	129
-0.05709758438407	1.29873511801148	93
-0.071771392222726	1.07209865637918	281
0.0642742745888201	0.784699145432658	281
-0.053487365013639	0.745862169260459	639
-0.019084546330968	0.387196291764176	174
-0.00361703567679605	0.492275925859402	174
-0.065538689007454	0.251621271524724	610
-0.038021283141743	1.02443806096502	12
-0.019066600703975	1.15312365702182	347
-0.121295881763302	0.770073663181405	44
-0.041803948849282	2.06072520000996	44
-0.087119192897768	0.602591754121604	442
-0.00583904919591904	0.48872978586122	121
0.07509198653244	0.966051721861297	118
-0.048941966539288	0.757907743184662	138
-0.0885923375694	0.623095126320678	119
-0.120293750056588	0.731245189823464	33
-0.067219758501134	0.253570251530169	281
-0.067219758501134	0.253570251530169	6
0.0367887284080199	0.645674653209754	6
-0.017905649007764	0.388744915484838	639
-0.000672879849609953	0.48836950703732	174
-0.022491916033672	0.374996717181427	174
-0.0645405050599031	0.251493140527709	6
0.0820275671798101	0.950936144475274	12
-0.00472686040291204	0.492809036018075	254
-0.018501493626048	0.371096296364045	347
-0.067534559012881	0.256778751447003	537
-0.069268022260593	2.28655928594128	1704
-0.068684365026176	1.12877360224268	118
-0.114998053571994	0.74806019593449	389
-0.019084546330968	0.387196291764176	169
0.00710749121686005	0.467741260658367	169
0.01005250796588	1.2908518958119	169
-0.033100213023298	0.768482746806913	33
-0.00666371582277703	0.495937115399256	640
-0.023109076019766	0.370346822829993	129
0.0116550226436201	1.28358249724285	129
-0.015625830405484	0.871698681993233	1146
-0.121971782187964	0.753192104216809	12
0.07403100901833	0.930850781371206	11
0.06780604787753	0.801801020328273	3
-0.084103409103063	0.6048714599376	118
-0.095667996911052	0.620922677070167	138
-0.121295881763302	0.770073663181405	119
-0.124479448490168	0.873312079987119	389
-0.000493682013228969	0.482492681249088	640
-0.012734080080538	0.382002213719781	372
-0.00387823345366001	0.48625175402704	129
-0.079710997740675	0.894034581338875	607
0.0599281221371999	0.803768649197737	6
-0.01749375794068	0.357626937042441	6
0.09200048376263	0.936695868391295	159
0.04776763208146	0.691830094205818	12
0.035742244453	0.630785149370937	667
0.04847908646473	1.14916529000292	3
-0.012152769161018	0.466168311599147	86
-0.087938890488902	1.02088583076504	22
-0.0512143917585151	0.759250347705597	118
0.06866424765519	0.773484552958887	118
0.00447104773178997	0.486928525118783	138
-0.0503744678421511	1.02487586855323	257
-0.08832201843921	0.623902591157892	387
0.0682585605317201	0.796553284904004	129
-0.001600702580561	1.17064013625909	1239
-0.086292770909586	0.85849319364069	648
-0.038475546447067	1.03698755637692	93
-0.124708888854637	0.863810380091588	607
0.08156889950493	0.988841697586792	6
0.02362319831321	0.626043805241777	425
-0.019113387608539	0.376578004095455	433
0.0391347329668901	0.635455046758187	3
-0.040112099830567	0.758705280104206	3
-0.00220937686266798	0.506873236976531	450
-0.09636789343158	0.604798105418837	450
0.0546065959926201	0.782607113699642	50
-0.018608138671817	0.368397310086375	50
-0.022040982457204	0.375826847962743	50
0.0379163913642899	0.635893002991984	118
-0.0883373669645821	0.604823476643165	118
-0.00980233227054905	0.469512998716176	119
0.10429650196036	1.69227796760478	119
-0.019193552358943	1.74322100821613	1239
0.00141208879921995	0.496969673700719	93
-0.09550811692621	0.946417010030269	24
0.0871523003716801	0.925571335322191	6
-0.077271810740648	0.905520213142203	6
0.00447104773178997	0.486928525118783	425
-0.017905649007764	0.388744915484838	425
-0.044744855778485	0.726042363595164	782
-0.067534559012881	0.256778751447003	433
-0.025425246285004	0.372135739368442	12
0.02588619562456	0.647441714319122	12
-0.092531528740651	0.59675201639331	3
0.0364395541706499	2.04707163852129	22
-0.077275202624426	1.24158754388528	348
0.12022057193762	1.25543810875234	608
-0.052877286941064	0.709519225044399	608
0.00171884580608994	0.496558240397246	442
-0.017314138250921	0.37889071089191	442
-0.015668865624918	0.391220929591653	442
-0.014503528485869	0.390439575213324	248
-0.067219758501134	0.253570251530169	450
-0.023199398000421	0.367606230152815	258
0.02845767501038	0.640326911735257	408
-0.068872689064822	0.251056752215475	408
-0.02437603813005	0.348134755320318	1064
-0.069752445155897	0.247408437041861	354
-0.092267650738751	0.624758487238772	119
-0.01166616493753	0.363915001439311	372
-0.019572572138523	1.58180225767034	129
-0.016135604289051	0.380362548270328	1239
-0.019113387608539	0.376578004095455	924
0.0364084687808599	0.63121496772461	924
0.06447865387795	0.81535357122477	6
-0.063882169659874	0.254142270662805	76
-0.068872689064822	0.251056752215475	425
-0.0645405050599031	0.251493140527709	433
-0.065880546697546	0.259434889433519	433
-0.0625393383602501	0.253998127728779	12
-0.00721847239573004	0.498083405007933	668
-0.010284664849479	0.490675097898742	668
-0.067847834584239	1.13574132123707	587
-0.065880546697546	0.259434889433519	3
0.0562367746316299	1.74457783695625	706
-0.003204461407181	0.931457278996499	608
-0.067219758501134	0.253570251530169	450
-0.0625393383602501	0.253998127728779	450
-0.078981531273677	1.23128866901794	258
-0.067534559012881	0.256778751447003	258
-0.063882169659874	0.254142270662805	408
0.0720825594671499	1.3432782816405	118
-0.065880546697546	0.259434889433519	354
-0.015065093810954	0.374227951388386	119
-0.017440535504202	0.376598966944368	119
0.0273296644760199	0.615211059633105	169
-0.00666371582277703	0.495937115399256	257
-0.00438304793399202	0.476631122647045	477
-0.103524331768081	0.959272011671475	129
-0.012872704147227	0.358485453686311	93
0.0580136670878899	0.777628038848784	93
-0.016135604289051	0.380362548270328	6
-0.079176267560488	1.676079771541	6
-0.040735716049892	0.742737149344693	6
-0.041103375034664	1.24652894539238	6
-0.065880546697546	0.259434889433519	76
0.00171884580608994	0.496558240397246	76
-0.065880546697546	0.259434889433519	425
-0.0395970766882739	0.784801564999089	587
0.06949792814185	0.792344438961984	3
-0.025425246285004	0.372135739368442	3
-0.065880546697546	0.259434889433519	3
-0.015668865624918	0.391220929591653	3
-0.016727994705372	0.385176841231482	3
0.0364521895596399	2.33346419753107	706
0.06811448459735	1.34064390585418	608
0.0866894904056099	0.913054023495677	442
-0.093226934288708	0.627648864447811	442
-0.079459921102452	0.87039746538621	442
-0.00472078040846602	0.490016510918398	22
0.0285317751871901	0.651391834559832	248
-0.044406178233753	1.64874550428798	248
-0.0625393383602501	0.253998127728779	450
-0.074856698380973	0.582195371115784	258
-0.017905649007764	0.388744915484838	1064
-0.065538689007454	0.251621271524724	1064
-0.065538689007454	0.251621271524724	118
0.05222341222893	0.747099892667045	118
-0.016835824673325	0.382206253694542	354
-0.065880546697546	0.259434889433519	138
-0.063882169659874	0.254142270662805	119
-0.071749139015257	0.252367083560708	119
-0.06619560117474	0.249037682676712	119
-0.017440535504202	0.376598966944368	257
-0.095006344422572	0.607760289003459	257
0.0651877689853599	0.789785112082162	1239
0.02845767501038	0.640326911735257	1239
-0.043801374381555	0.782807951192909	648
-0.063882169659874	0.254142270662805	93
0.06887490343806	0.805627008356751	24
0.0616511981028001	0.761208300578583	924
-0.0625393383602501	0.253998127728779	1165
-0.00135302759039702	0.507236524506667	425
-0.073083727690059	0.246860576976442	237
-0.06619560117474	0.249037682676712	433
-0.063882169659874	0.254142270662805	433
-0.00108867490422804	0.511296437570494	3
-0.016753277000874	1.1181703137605	86
-0.027722365682277	1.24065830397726	442
-0.093917319505857	1.38836924092322	442
-0.074672625658794	0.89093653963222	442
-0.00859821445389797	0.484986938104039	442
-0.084295971899073	1.33164029714999	248
0.0270216994588399	0.650381686181367	258
-0.00639574040647095	0.49375960838641	1064
0.00141208879921995	0.496969673700719	118
-0.087780855934357	0.618221734420707	118
-0.00778457833976998	0.482803280594087	261
-0.068414266099475	0.247285453185001	354
-0.090377213117755	0.622254282636088	257
-0.019677417236499	0.374301200409669	257
0.00479869066704008	0.476897912678087	257
-0.078381310868239	0.869541889636928	257
0.0333095659535101	0.64767847340444	387
0.0263391493312599	0.625547567705079	372
-0.090629112387463	0.610012164351701	477
-0.114892118931698	0.727579336332663	1239
-0.067219758501134	0.253570251530169	95
-0.040379123814089	0.958559489365852	76
0.000295600687499897	0.497525749834541	1165
-0.020264676455524	0.376952470849492	76
-0.083619406644925	1.18996022770861	3
-0.016135604289051	0.380362548270328	190
-0.081216647735852	1.21561715734959	258
0.0234287604833601	1.09765767063598	1064
-0.054286058908825	1.00614558207073	118
-0.00721847239573004	0.498083405007933	119
-0.085082857433463	0.825737251226662	119
0.03452315403074	0.63921569993828	169
-0.051034954101573	0.773406235955626	169
-0.020269493277755	0.377267033686799	477
-0.123382691966738	0.71358430459411	129
0.07609692188789	0.97035564386342	76
-0.124936087028023	0.76731646519126	12
0.10549732562737	1.12974364295418	1025
-0.00666371582277703	0.495937115399256	442
0.0735967911408	0.933619317895648	258
-0.00220937686266798	0.506873236976531	272
0.06080193092597	0.792980105444075	118
-0.00220937686266798	0.506873236976531	477
-0.00441697102280403	0.494669375145016	477
-0.021335298693252	0.371750736189947	477
0.0232029840017201	1.0610231592595	95
-0.0248100664312581	0.364151172248145	24
-0.092790308318207	0.942233477482344	6
-0.094448312747121	0.626330714166473	1432
-0.065880546697546	0.259434889433519	6
-0.0625393383602501	0.253998127728779	6
-0.068872689064822	0.251056752215475	6
-0.0645405050599031	0.251493140527709	609
-0.016135604289051	0.380362548270328	76
-0.0248100664312581	0.364151172248145	76
-0.012268469778107	0.37736075727471	1165
0.03452315403074	0.63921569993828	76
-0.095967296253193	0.594790069048271	425
0.02823850148937	0.649743251981696	3
-0.016351824336984	2.3459388119101	1307
0.0703949318407999	2.09877614278586	22
0.0750320751937199	0.941561558271826	378
-0.079102597144736	0.890183357527135	22
0.06253389818424	0.806847516827269	22
0.0344331679307901	0.601494553645216	450
-0.09309038122598	0.626907028899092	118
0.0214909163841699	0.612233973348984	123
0.0900135766960599	0.975437313969361	118
-0.01972914507872	0.366496478024073	118
-0.017905649007764	0.388744915484838	138
-0.093226934288708	0.627648864447811	119
-0.068872689064822	0.251056752215475	119
-0.00666371582277703	0.495937115399256	169
-0.012734080080538	0.382002213719781	232
-0.069752445155897	0.247408437041861	477
-0.067534559012881	0.256778751447003	477
-0.014503528485869	0.390439575213324	1
-0.017314138250921	0.37889071089191	1
0.0296688105898	0.649587783129823	95
-0.069752445155897	0.247408437041861	95
-0.070413735615296	0.244937250161024	271
-0.065880546697546	0.259434889433519	609
-0.00247328631615495	0.507841081738223	76
-0.020856679862344	0.372868667445208	12
-0.067534559012881	0.256778751447003	105
-0.0645405050599031	0.251493140527709	105
-0.096624368821481	0.620723549429619	11
0.05694288207327	0.774668592439597	289
-0.071749139015257	0.252367083560708	307
0.10924046243647	1.92056483319385	348
-0.081736417144987	1.39394113212769	378
-0.00108867490422804	0.511296437570494	118
-0.013898776004275	0.382720393109243	48
0.0262640268833401	0.635878988977898	48
0.0311354700064901	1.06980029622556	48
-0.078095373143899	0.911282908214008	1
-0.11848790131887	1.01781114232246	1013
-0.00220937686266798	0.506873236976531	6
0.0072823277346199	0.47960968966292	6
-0.094043867695323	0.584008501227682	97
-0.012734080080538	0.382002213719781	97
-0.016135604289051	0.380362548270328	6
0.0269419028303	0.630524784993311	6
0.10432115759771	1.11726231299678	425
-0.092815411285921	0.623466191965454	425
0.0332234364577799	0.648566618216061	1740
0.03180212126797	0.640010041743276	492
0.0230682910184901	1.09959530887271	11
-0.086475566045374	1.21566640397989	22
-0.089267051484531	0.838123775148269	378
-0.11781703197398	0.772384919987048	442
-0.086150272976754	0.622462843021946	22
-0.099474628043111	0.59136476408536	22
-0.0645405050599031	0.251493140527709	22
-0.065880546697546	0.259434889433519	123
0.0537002137224201	0.787616508197168	138
-0.057516570341275	0.702179399102133	169
-0.065880546697546	0.259434889433519	232
-0.065880546697546	0.259434889433519	33
-0.093918123680008	0.603598548889639	372
-0.067534559012881	0.256778751447003	1
-0.065538689007454	0.251621271524724	477
-0.063882169659874	0.254142270662805	477
-0.0645405050599031	0.251493140527709	2087
-0.065538689007454	0.251621271524724	95
0.0247598700507901	0.62879387273988	24
-0.065880546697546	0.259434889433519	6
-0.06619560117474	0.249037682676712	6
-0.065880546697546	0.259434889433519	6
-0.067534559012881	0.256778751447003	97
-0.095006344422572	0.607760289003459	1165
-0.020884227361346	0.375146066812685	433
-0.00748221359197998	0.489016979948613	12
-0.067219758501134	0.253570251530169	105
-0.0645405050599031	0.251493140527709	105
-0.012872704147227	0.358485453686311	1740
-0.000493682013228969	0.482492681249088	1740
-0.017905649007764	0.388744915484838	1740
-0.064196946148623	0.251484404125009	492
-0.016135604289051	0.380362548270328	492
-0.0625393383602501	0.253998127728779	289
-0.020856679862344	0.372868667445208	289
-0.019084546330968	0.387196291764176	86
0.0331439184915301	0.639094335478729	86
-0.073083727690059	0.246860576976442	86
-0.019113387608539	0.376578004095455	307
-0.036477913987801	1.50655281264408	348
-0.0139390961761841	1.37286476272808	348
0.11264729551718	1.2647213341324	119
-0.078095373143899	0.911282908214008	119
-0.01972914507872	0.366496478024073	1711
-0.00414814925962403	0.500469826085859	1
-0.084930070331765	0.621903057466452	1
-0.00610438021932003	0.502367582022983	1
-0.00653462876380695	0.461025129550179	6
0.0320886629501	0.640280426211003	289
0.05893531861097	0.790705416614594	68
0.02126880031963	0.609405236621007	272
0.01867078466009	1.04553776477892	1
0.0295949655963199	0.622054600609744	1
0.1098891579469	1.25516293540097	24
-0.02426633982576	0.373566654266445	6
-0.071749139015257	0.252367083560708	6
0.11538368595224	1.27702980672447	1165
-0.019084546330968	0.387196291764176	12
0.0597298335930601	0.789223394034425	492
0.0621802416866799	0.809890107160736	492
-0.10178637486171	0.579841548343779	377
0.05083267596212	0.780664838431273	914
-0.032187849971136	1.22294048928093	22
0.0285317751871901	0.651391834559832	272
-0.01749375794068	0.357626937042441	5
-0.043292895681793	0.798469725263667	1
0.09742952545713	1.11440857262775	33
0.08749949624245	1.22496014121038	6
0.0266400020297699	0.609596578178732	187
-0.0621871927257019	0.240872884678666	187
-0.014958313029618	0.377024165300835	433
-0.00581287299824895	0.922265632556148	549
-0.090377213117755	0.622254282636088	377
-0.013898776004275	0.382720393109243	914
-0.099338810998583	0.593926290814147	272
-0.064196946148623	0.251484404125009	971
0.0320886629501	0.640280426211003	4
-0.00527079627288296	0.49925578169636	118
-0.0621871927257019	0.240872884678666	138
0.0803155432654199	0.981974406007092	48
-0.017905649007764	0.388744915484838	48
-0.00933937192284395	0.363890657885816	1
-0.096460060434497	0.58773427037142	1
-0.065880546697546	0.259434889433519	1
-0.092402097921924	0.613790768813801	271
-0.069214141989603	0.895133958023829	271
-0.00472686040291204	0.492809036018075	6
-0.067534559012881	0.256778751447003	1887
-0.067219758501134	0.253570251530169	12
-0.063882169659874	0.254142270662805	86
-0.006930580966932	0.479677752928752	86
0.0262574719787601	1.06481200845078	22
0.03201720994591	1.07026924103228	1296
-0.019677417236499	0.374301200409669	5
-0.06619560117474	0.249037682676712	5
-0.071749139015257	0.252367083560708	5
0.0295949655963199	0.622054600609744	6
-0.023109076019766	0.370346822829993	76
-0.071749139015257	0.252367083560708	187
-0.065538689007454	0.251621271524724	362
-0.063882169659874	0.254142270662805	305
-0.0968247438205429	1.02451783570303	12
-0.071749139015257	0.252367083560708	12
-0.067219758501134	0.253570251530169	377
-0.0645405050599031	0.251493140527709	377
-0.020269493277755	0.377267033686799	86
-0.101955249823881	1.0096290079278	22
0.0230682910184901	1.09959530887271	1296
-0.097590108477733	0.60850676523573	118
-0.025425246285004	0.372135739368442	4
-0.013898776004275	0.382720393109243	5
-0.067219758501134	0.253570251530169	5
0.0000705501836000266	0.461132073970089	5
-0.100478958570645	0.969725111468326	221
-0.019677417236499	0.374301200409669	76
-0.0645405050599031	0.251493140527709	433
-0.117244769935662	0.753630935981092	289
-0.012734080080538	0.382002213719781	549
-0.020264676455524	0.376952470849492	86
-0.119468966811933	0.759434861253327	86
-0.122653917344847	2.12321697896622	348
0.07273528683442	0.88068604326303	118
-0.102222502873586	1.0912577335487	1
-0.00250958714546501	0.487275969646174	1
0.02823850148937	0.649743251981696	216
-0.00135302759039702	0.507236524506667	305
-0.00752296976199196	0.47993434273949	433
-0.093226934288708	0.627648864447811	433
0.0793139604909801	0.977605371957601	2140
-0.010929472579375	0.889317079189109	12
-0.108305691656467	1.07965583242806	12
-0.093226934288708	0.627648864447811	377
-0.115617005008327	1.16168989306529	348
-0.056990022312317	1.29273670969443	118
0.10351535105906	2.02426429711711	118
0.0786765486448799	0.952323187820579	118
0.0437035313571601	1.1990787528866	4
-0.00898638870230095	0.908902886941737	123
-0.031235042837291	1.24871768258977	118
-0.085053158335554	0.613544683673241	5
0.09482156567468	1.06192078390764	1
-0.075494419169295	1.23602704557251	953
0.02823850148937	0.649743251981696	953
-0.092685005192514	0.614471012837044	305
-0.017440535504202	0.376598966944368	433
-0.096220855432354	0.605113721457088	433
0.00114572345116004	0.505160017259422	433
-0.00414814925962403	0.500469826085859	12
0.0199054995194199	0.615246174641294	12
0.0851870075025101	1.47828858733167	12
0.02463944010511	1.10391371211161	348
0.0825626042496399	1.45458947497073	118
-0.006763535277441	1.17987100122847	118
0.0224713842808699	1.05773909499451	118
-0.0864232115149321	0.604966646830605	118
0.03452315403074	0.63921569993828	4
0.11183258911594	1.19947932228814	118
-0.101371478383639	0.588060788031126	5
0.00171884580608994	0.496558240397246	5
-0.105506732950241	1.1184553009783	1
0.0415991079467	1.21989095231366	1
0.0962842831783399	0.925166010851557	1
-0.102325141905675	1.50364624169423	216
0.08000893484213	1.43600713161921	216
-0.087235834484927	0.626949612071108	305
-0.107507819576563	1.1146194642258	241
-0.02294313366816	1.33385645864795	348
-0.017578127559609	1.31334424681137	348
-0.00343909518442198	1.48758224788167	348
-0.105449499336772	0.532651401263237	118
-0.017314138250921	0.37889071089191	118
-0.013898776004275	0.382720393109243	4
-0.067947467514867	1.50774154533105	123
-0.010015274830746	0.476584224077404	118
-0.0621871927257019	0.240872884678666	118
-0.015668865624918	0.391220929591653	118
-0.067219758501134	0.253570251530169	5
-0.065880546697546	0.259434889433519	5
0.10766144257874	1.13677114368775	5
-0.092799099876516	1.39670938403964	1
0.00252623207050995	0.491876771102163	1
0.04099401291526	1.59073195398011	1
-0.033696822614129	1.41230092159022	1
-0.098821243447172	1.01864394250309	1
-0.00385823286426101	0.48952690809136	1
0.07844826748306	1.42452373180047	1
-0.065538689007454	0.251621271524724	1
-0.00971656398651699	0.472631611244091	953
-0.065880546697546	0.259434889433519	76
-0.064196946148623	0.251484404125009	2140
-0.043801374381555	0.782807951192909	241
-0.012815188867465	0.461362397398832	377
0.0826474658969001	0.950353133590904	86
0.10279297225146	1.74956230497825	348
0.0630772152019199	0.746984069033795	348
-0.0460734060264411	0.786822829044712	118
-0.000235110459249954	0.501820934687282	118
-0.00500130534718302	0.481114482509544	118
-0.0645405050599031	0.251493140527709	118
-0.065880546697546	0.259434889433519	5
-0.020264676455524	0.376952470849492	5
0.0550788219071401	0.814318663589589	5
-0.0395970766882739	0.784801564999089	1
-0.00527079627288296	0.49925578169636	1
-0.00512301705724705	0.913954770731317	216
-0.065880546697546	0.259434889433519	1574
-0.025425246285004	0.372135739368442	88
-0.080161049797287	0.854293878732366	289
0.0211172492087199	0.624916119351509	86
0.10556627130393	1.10713616433323	118
0.0605452817807199	0.815507125400686	118
-0.015668865624918	0.391220929591653	5
-0.0521501999492821	0.714723508101688	5
0.0286144246425	0.631822525717583	1
-0.01602774138792	0.862211250675182	1
0.11303364199643	1.20175546605415	1
0.000342273253850056	0.479392496185355	1
-0.113608899592763	0.749438780908102	1
-0.047547929762751	0.977303707450048	1
0.05492476680431	0.802793653594702	1
-0.021427259379285	0.368991751588852	1
-0.0951320470604901	0.600994155911682	1
0.0546065959926201	0.782607113699642	953
-0.100448786387578	1.08905983570615	89
0.0818233735640399	0.985449049381033	1574
-0.00414814925962403	0.500469826085859	305
0.0391347329668901	0.635455046758187	88
-0.043924610800632	0.758951303226736	552
0.00779896580608996	1.56916122803083	118
0.0734781398384701	1.37927068302525	118
0.09636494173405	1.65235087752791	123
-0.065880546697546	0.259434889433519	118
-0.09050829124741	0.588273988184822	5
-0.084180756801039	1.14435232998051	1
-0.092815411285921	0.623466191965454	953
-0.118071043098279	0.743176083797437	89
0.02974497792487	0.655303666223156	76
-0.00108867490422804	0.511296437570494	305
-0.00190979433827398	0.491394043858244	76
-0.016727994705372	0.385176841231482	88
-0.0933983935002231	1.16993874392092	511
0.09563753870297	2.26666957553866	348
-0.023408934545519	1.60649204509011	348
-0.112400808088467	1.04649825509968	118
0.0167414576208	1.03455882317657	123
-0.077457843362909	0.890978142225764	118
0.10770354825227	1.71801541540388	118
-0.0923636940822949	1.35307161576649	118
-0.00441697102280403	0.494669375145016	5
0.0367887284080199	0.645674653209754	5
-0.055950392207095	0.961133125243388	48
-0.066825149106135	1.13884664185601	216
-0.095536028304315	0.628135816278295	89
-0.105126141600076	1.27323582487099	1731
0.0283227408945299	0.641795251929828	76
-0.020856679862344	0.372868667445208	88
-0.00305995704940099	1.16392117407425	88
0.0997140156623399	1.14457702408882	289
0.0590838432429499	0.759880435160693	86
-0.116631908960163	1.55255728280323	348
-0.095329507651851	1.53082267196444	118
-0.077910065605567	0.851820078156169	4
0.03466720152197	1.68925985645583	123
-0.037798694425528	0.728995066383246	4
-0.00108867490422804	0.511296437570494	118
0.06780604787753	0.801801020328273	5
-0.014503528485869	0.390439575213324	1
-0.015668865624918	0.391220929591653	1
-0.017440535504202	0.376598966944368	1
-0.01050194249726	0.369719209133139	1
0.0503286636612399	0.752846443989597	6
-0.00736646820250497	0.9215322400958	6
-0.077955532129588	0.889575171842995	6
-0.016727994705372	0.385176841231482	89
-0.016727994705372	0.385176841231482	89
-0.022040982457204	0.375826847962743	89
-0.117524622375971	0.746489648992284	1063
-0.090377213117755	0.622254282636088	88
0.00171884580608994	0.496558240397246	88
-0.000493682013228969	0.482492681249088	88
-0.038159837848433	1.03763712899118	289
-0.098472107229277	0.986242358228238	289
0.10601733658219	1.14308622823849	4
-0.00379927791052104	0.936772213674278	1
0.03049636688278	0.643913728026952	253
-0.00778457833976998	0.482803280594087	1
-0.019084546330968	0.387196291764176	1
-0.065880546697546	0.259434889433519	1
-0.045591650025626	0.753542270691371	6
-0.06619560117474	0.249037682676712	89
-0.00166121825203003	0.480182751759751	864
-0.00108867490422804	0.511296437570494	1063
-0.0925722609201321	0.603550034444391	1063
-0.012180642405321	0.890590366937575	1063
-0.114576684133471	0.746198058919122	88
-0.011670902595446	0.477982834221209	12
-0.00499265045825403	0.501786939875487	289
0.00315677350385002	0.913776658723433	86
-0.068872689064822	0.251056752215475	552
-0.067219758501134	0.253570251530169	552
0.0185143158577601	1.06476443272081	4
0.0285317751871901	0.651391834559832	118
-0.121718072575752	0.77222672203107	1
-0.094171985491509	0.987678871096121	1
-0.114347370941411	1.03365064547286	982
-0.01627455426909	0.375922087304922	1
-0.00163899777907495	0.485080308626588	1
0.06471989126084	0.746770892164683	1
-0.00889876173685	0.481654523021033	1
-0.065880546697546	0.259434889433519	470
-0.114593430895112	0.762781166916353	6
-0.0496655513900221	0.710389961545703	88
-0.00108867490422804	0.511296437570494	88
0.0946266443613899	1.57428789278869	12
0.09943129507507	1.81405452655891	12
-0.094878407551153	0.604334356310123	289
-0.091597157592952	0.62475243955442	552
-0.079453483667551	0.90906947097635	118
-0.067397814696711	1.09243598400164	4
0.07968348673589	0.951984192921834	118
-0.079483045327538	0.60435188242038	5
-0.036607360610402	0.778913125674452	5
-0.00359587459327104	0.503473037000329	1
-0.019084546330968	0.387196291764176	1
-0.111531055725819	1.10970962950808	1
0.0222406100502599	0.614709234940305	221
0.10175485868497	1.10732742561439	221
0.06661754933894	0.78340762655264	221
-0.01627455426909	0.375922087304922	89
-0.00889876173685	0.481654523021033	89
-0.00135302759039702	0.507236524506667	241
-0.099144958423359	1.01277857848109	118
0.12109554952066	1.36177494868611	4
0.06130613145929	0.812607169811486	5
0.000170558390979902	1.33436306934769	48
-0.0860150406713201	0.626366208943952	1
0.0703935862743299	0.772333676885107	1
-0.112064669708337	0.744326217443077	216
0.01114992516064	1.31008153812209	1063
-0.097310293492389	0.602232546668116	552
0.11122342092912	1.11350605397024	4
-0.00441697102280403	0.494669375145016	227
-0.119664181894514	0.85503653920075	1480
0.0734530390832799	0.863232828544502	1
-0.0111052550865161	0.371170296277218	1541
0.0148843648136701	1.06395640241719	1
-0.0484587015674291	1.00890340395338	1
-0.0679254017955711	0.912167752241159	6
-0.075475024324407	0.865563022279094	6
-0.00621248652851603	0.934663333770363	89
-0.091727599155649	0.626540508207121	88
0.05385179137292	0.805432806630241	4
-0.00778457833976998	0.482803280594087	1480
0.08343231505978	0.961753204325021	1480
0.0800652338812	0.9605146224506	1
-0.102337163869759	0.593395821484485	1
-0.107206474898664	0.736459656463816	1541
-0.012268469778107	0.37736075727471	76
-0.00779053745527703	0.490511240569793	76
-0.114862685512685	0.742715281534073	88
-0.00353542725275402	0.912035632749148	241
-0.044025184359043	0.974696014760189	289
-0.010284664849479	0.490675097898742	143
-0.096196669203846	0.988741714877734	118
-0.036305926448145	0.986379097701538	118
-0.0392416571705621	1.24931787430279	118
-0.035766781594533	0.760195366962119	118
-0.00220937686266798	0.506873236976531	4
-0.011571018248453	0.373046172195889	5
0.0261912273556899	0.633012264774685	5
-0.091597157592952	0.62475243955442	1
-0.09568304404835	0.986383878322204	982
-0.00350891161060396	0.915105426781601	1
0.05812656431583	0.784387411437621	1541
-0.12057048593824	0.701870722757142	1
0.01540577779007	1.02090288542497	112
-0.014958313029618	0.377024165300835	1
0.0321750644596599	0.64945537324847	6
-0.086138925489511	0.603844607460092	305
-0.01749375794068	0.357626937042441	912
-0.022491916033672	0.374996717181427	88
0.0293725727451299	0.63362442432299	88
-0.092815411285921	0.623466191965454	241
-0.00247328631615495	0.507841081738223	1030
-0.037813489499982	0.79010237902809	552
-0.077557365921227	0.925322209079481	4
-0.076254475269812	1.23526795491279	4
0.0828935841213201	0.963339167671256	5
-0.089155574575331	0.615853706843702	1
0.02974497792487	0.655303666223156	1541
-0.101909624276283	1.28679370218086	1
-0.071332927321958	0.892488791585061	1
-0.124630817371694	0.71580442378323	89
-0.0455048868483789	0.750331102189886	76
0.06657452283876	0.802810026085527	305
-0.09841181709534	1.02370089492674	241
-0.098940088520831	0.604726097114848	143
0.0552353272441499	0.807972981398782	118
-0.064271262866576	1.10286090475536	118
-0.0911809852287529	0.62299488538563	25
-0.065880546697546	0.259434889433519	743
-0.119493286987592	0.764325437905828	1
-0.00721847239573004	0.498083405007933	253
-0.010745907888292	0.908325226747598	982
-0.050604820954004	1.27136352133188	89
-0.083845720834874	0.603695498020554	76
0.02974497792487	0.655303666223156	1030
-0.0998748293580291	0.954336868923882	143
0.0316582812754	1.05978031452565	118
-0.112912086588928	1.36849184570674	25
0.04618249657304	1.47194608094953	4
-0.0719521221487141	0.920870738956133	4
-0.080043906567193	0.903636196314341	982
0.02710385149192	0.646816653440119	112
-0.038310594888375	0.763093134441954	1
-0.019084546330968	0.387196291764176	89
0.00447104773178997	0.486928525118783	89
-0.016135604289051	0.380362548270328	88
-0.093790147348585	0.607222802807832	88
-0.102337163869759	0.593395821484485	241
-0.117526542130852	0.766813129669549	118
-0.045348419258288	0.781577996350054	4
0.0184278021045201	1.36923146127908	5
-0.01749375794068	0.357626937042441	1
0.02362319831321	0.626043805241777	1
-0.00077790000936695	0.477156923591787	548
-0.015668865624918	0.391220929591653	1
-0.12481638341746	0.723626791571757	89
-0.00500130534718302	0.481114482509544	89
-0.068872689064822	0.251056752215475	89
0.0649547814693401	1.79763438952072	241
-0.0829872411842501	1.22547089353408	241
-0.038249990813822	1.54647268424901	743
-0.057637717345453	1.13310519776208	743
0.0733168157350099	1.42912429748575	5
0.07361925071694	0.928392829684391	1
-0.00779053745527703	0.490511240569793	1
-0.017905649007764	0.388744915484838	1
0.04551546543765	1.21055572272587	1
-0.014283386817788	1.3425242222179	1
-0.121646732989367	1.19946770057428	6
0.0786765486448799	0.952323187820579	6
-0.067219758501134	0.253570251530169	89
-0.065880546697546	0.259434889433519	89
-0.042225207864453	1.42551317004116	34
0.06333686861947	1.32693148048639	86
-0.037634241713729	0.779003623748977	552
0.0124842855914	0.429354019966167	4
-0.101616216430736	1.29169096022206	5
0.06733918845962	1.34476190176243	1
-0.091506498427022	1.0007650134887	112
0.000513335157199979	1.17742984043764	1
-0.016135604289051	0.380362548270328	1
-0.094987538998398	0.593606246799724	1
-0.017905649007764	0.388744915484838	335
-0.052717444161049	0.981829425330059	6
-0.096624368821481	0.620723549429619	6
-0.013898776004275	0.382720393109243	89
0.0343576296955499	0.646795805722497	89
-0.017905649007764	0.388744915484838	89
-0.070413735615296	0.244937250161024	89
-0.013898776004275	0.382720393109243	89
-0.104249852525885	0.969773892769021	76
0.0987463957189401	1.53762004481737	34
-0.019677417236499	0.374301200409669	241
-0.011430076943014	0.938286104249299	86
0.01607830014303	1.01338886486442	4
-0.031357347823426	0.761867275436436	5
0.0576342060028301	0.801479926628973	5
0.0980678465049001	1.13030393695393	48
0.0530987225908199	0.751753060793732	1
0.0305818875841599	0.643036527414715	1
-0.00956694107384304	0.920288707242257	6
-0.00527079627288296	0.49925578169636	89
-0.070070269716789	0.873186803969597	34
0.0918725837439201	0.958082053661149	241
-0.00384418660289498	0.929676960500266	241
0.0307926792436199	1.43269537432991	241
0.0698252813148501	1.35014610580321	289
0.10524459727829	1.11230148000078	86
0.0861502436763699	0.95805993655061	552
-0.0740716118698011	0.910439501563662	25
0.0196448081065701	1.0299161849528	5
-0.011442825836799	1.18234884237808	1
-0.042773989616123	0.776725984976928	1
0.09770615512841	1.09478425300001	112
0.0181475122433301	1.07347903979479	476
-0.105813961238684	1.0868309522144	9
0.04214579648509	1.12074601226688	6
-0.045013819757482	0.751399674304782	1155
-0.093790147348585	0.607222802807832	34
0.01025238703634	0.99211966079843	34
0.0610006433118899	0.748852619724309	34
-0.01442382227135	0.899049710306226	34
-0.045891334608043	0.772133161612735	88
-0.113321124042294	0.747698530155701	241
0.03322951845694	0.633709120479951	241
0.09709241182225	1.0841217601461	289
-0.038662830585124	1.06210017725051	109
-0.047328654762796	0.764345653159027	109
-0.10150946561765	0.985258577590401	552
-0.065880546697546	0.259434889433519	552
0.0611515203606801	0.807271975734935	4
-0.110351828193411	1.26176200611261	227
-0.048941966539288	0.757907743184662	4
-0.118496644648325	0.756646788168689	1
-0.04668146946511	0.996393761749165	1
0.1024734804692	1.09840501512795	1
0.10601733658219	1.14308622823849	1
-0.00610438021932003	0.502367582022983	1
0.0533855611221401	0.777712194552811	112
0.0632511847583299	0.813844641009462	1
-0.078459916990955	0.921378870097179	9
0.0989916468469201	1.12928012387238	476
0.10095963650906	1.1450984678664	6
0.00171884580608994	0.496558240397246	89
-0.053180317040603	0.733200412146072	1155
-0.084319282942757	1.23087635533858	241
0.01786939769249	1.08701269079361	241
-0.0873676871422861	0.999615711862729	25
0.0115204716089099	0.958997780903227	743
0.10464267936513	1.10777820560297	4
0.08439536281174	0.961660974840397	227
-0.00277138613981698	0.469399134097258	4
0.02945653607321	0.644666362161355	5
0.02974497792487	0.655303666223156	5
0.04798496510941	0.745899524438199	715
0.00244911747834009	0.934343752823164	715
-0.00475904782624204	0.907205664143294	1
-0.044408770313266	1.40798145058701	335
-0.038358064818987	0.783700872433082	89
-0.019084546330968	0.387196291764176	89
-0.086150272976754	0.622462843021946	1155
-0.020269493277755	0.377267033686799	34
-0.00449674579483095	1.43196944910958	241
0.0296688105898	0.649587783129823	241
-0.045934413848859	0.692647978245307	241
-0.118924483965908	0.736494237892821	289
-0.044829183500016	0.779314604085628	109
0.05426619236791	0.769877675325532	109
0.0584029310713099	0.808303416826234	109
0.0655484070846599	0.808894353623341	109
-0.0713337739925241	0.902749381936994	4
-0.037951066740341	1.4099580438746	4
-0.094559839394966	0.811326943162443	227
-0.00747175169144199	1.17422951521368	4
0.0623768123127599	0.806176512566341	5
-0.050168200670162	1.12132474495381	1
-0.0905099358036851	0.627832773066704	715
-0.038358064818987	0.783700872433082	1
0.05405268528033	0.765602751031892	1
-0.0876393865983091	0.613180640768957	112
-0.121427161291046	0.749243560745391	112
-0.111362755027445	0.740558828001269	9
0.11195949106682	1.25670045745334	6
-0.087119192897768	0.602591754121604	89
0.03860755726196	1.19066918946513	89
0.0587066137344101	0.795249823542045	89
-0.101119437680803	0.599465901343123	34
0.0604920604424299	0.769146824607716	34
-0.089423339151584	0.623300607160083	88
0.0786006673853099	0.98236916059199	241
0.0876978287386501	1.54804787979233	241
0.050681216244	0.784900859433206	289
0.0508601305959799	1.1991247178759	289
-0.12281925517344	0.722191178365533	109
0.0594744121611599	0.818255942914229	109
0.11509649196446	1.22441902379381	118
-0.054738281944082	1.37889696000231	743
0.10586839408742	1.64771020839025	1214
-0.113743751985837	1.14761213305522	4
0.03139111157068	1.06686947837329	5
-0.107811235337324	1.11185802417046	5
-0.012734080080538	0.382002213719781	1
0.0603220314522801	0.756903005688141	253
-0.102046933834441	0.556453338836546	1
0.06780604787753	0.801801020328273	1
0.06080193092597	0.792980105444075	1
0.01675392412683	1.02917597232621	1
0.0323477046285301	1.06781358524763	9
-0.051335762203875	1.12564753811611	9
-0.00956694107384304	0.920288707242257	335
0.0223167842299199	0.615053250847601	335
-0.00885955771115798	0.35512257034108	335
-0.041864149710465	0.781343652305897	6
-0.012039787103556	0.940601388141605	6
0.0587713338910201	0.810982014993681	89
-0.00414814925962403	0.500469826085859	89
0.05646674699447	0.806888887246312	89
-0.120001742270288	1.14807849148738	89
0.0742577579483501	0.902365058467163	89
-0.000878124322111984	0.941794528449491	241
-0.120452739222316	0.739295118971179	241
-0.0905099358036851	0.627832773066704	241
-0.00971160099188795	0.923589278222717	241
0.12219250376633	1.23027038328537	109
-0.0690752011031201	1.1184923653099	4
0.08116246443364	1.46390904038453	25
0.08142341444902	0.953057031914135	1214
-0.01076454405467	1.04125979053524	4
-0.00710562703339002	0.927447530739722	5
-0.00359587459327104	0.503473037000329	253
-0.115849493320008	0.741630465579517	253
-0.011999820913387	0.91176694586271	715
-0.016727994705372	0.385176841231482	1
-0.012734080080538	0.382002213719781	112
-0.096689899491683	0.94618810001282	9
-0.00414814925962403	0.500469826085859	9
-0.019113387608539	0.376578004095455	335
0.0840783256154001	0.985284808653556	6
0.0262640268833401	0.635878988977898	89
-0.068414266099475	0.247285453185001	89
-0.0625393383602501	0.253998127728779	89
0.0199780255259101	0.622181707768389	241
0.0770040438098201	0.937003153907635	241
-0.096095193919835	0.604859358177802	552
-0.047657157084725	0.746788848844039	552
-0.033622862355297	0.765234110265396	495
-0.0345817727544731	1.23166018276263	118
-0.00475517600293496	1.4742022537975	743
-0.045467677228671	0.76198806746363	4
-0.041354277538964	0.777195661250625	4
0.06141386943443	1.32512497109931	4
-0.032226740910941	1.02932084842097	5
-0.00438073643554404	0.911754618792546	173
-0.124654208668708	0.762664899614353	715
-0.039216525306921	0.74742499883312	1
-0.100281561905787	0.573486071112108	1
0.0543631573899199	0.78800033205067	1
0.0657080230081799	0.811636575413579	9
0.04597672091467	1.20962009183224	9
0.09742952545713	1.11440857262775	335
-0.00810049782906996	0.926768519160677	89
0.01331219016217	1.03121195412388	34
-0.046493603187631	0.740883098992663	88
-0.040834562487082	0.781254046571248	88
0.05952068465697	1.1571571895969	241
0.02475011095071	0.627146093668404	241
-0.00721847239573004	0.498083405007933	241
0.0342533637304601	1.05224416959799	241
-0.034429846876388	0.763146061547783	86
-0.0522434365678101	0.750779809800733	86
-0.00509790842258395	0.931225591958386	118
-0.016807779000701	1.35791896716508	118
-0.044751090149915	1.03939404931023	1214
-0.103840906279095	1.10103022665645	4
-0.038448634546556	1.04152263934066	4
-0.00805484600087003	0.489455633765519	4
0.0914981227857199	1.06109468717529	4
0.05189012451321	1.23037160461048	4
-0.017132943430668	1.37520895061695	5
-0.0112280889648479	0.89436304113611	1
-0.032496340043298	1.03644517823676	173
-0.0625393383602501	0.253998127728779	173
-0.013898776004275	0.382720393109243	1
0.00283475457758997	0.493360048982767	1
0.00447104773178997	0.486928525118783	380
-0.0645405050599031	0.251493140527709	1
-0.020269493277755	0.377267033686799	236
-0.102473709785775	0.561423529818983	9
0.05963594617812	0.809839055374976	6
0.02588619562456	0.647441714319122	1225
0.0343576296955499	0.646795805722497	89
-0.065880546697546	0.259434889433519	647
-0.00359587459327104	0.503473037000329	89
-0.00275746028721902	0.487404487633906	89
-0.013715033695739	0.885946943419399	241
0.000600573033989971	0.494151651014492	241
-0.043583421050183	0.767233344689254	4
0.0682585605317201	0.796553284904004	4
-0.065880546697546	0.259434889433519	4
0.0685127186168899	1.35143992779871	5
0.02871266354733	1.05661131377389	253
-0.047316091493228	0.790066475277255	715
-0.017440535504202	0.376598966944368	253
-0.095185667518627	1.0257340903964	1
0.0617771282377899	0.817056216105985	1
-0.123849846204267	0.854474905025499	9
-0.042773989616123	0.776725984976928	335
-0.068872689064822	0.251056752215475	335
0.0366992767096701	0.630219344277593	335
-0.021427259379285	0.368991751588852	335
-0.026585783197966	0.362790053980826	89
-0.00666371582277703	0.495937115399256	89
-0.065880546697546	0.259434889433519	647
-0.0279001917423301	1.24821868086707	89
0.10674475375335	1.13783765206805	89
-0.088649747298891	0.873939253558813	89
-0.097611848447597	0.976195723523646	34
-0.049075520284887	0.757710882782304	241
-0.037846232913891	0.772041658609807	241
0.0224069091785599	0.628370220560143	241
-0.019084546330968	0.387196291764176	241
-0.039673128555761	1.03635157127639	109
-0.048712505023396	1.01988528529829	109
-0.09745609489815	0.598015491609801	86
-0.00916858539190701	0.491867723594212	86
-0.017905649007764	0.388744915484838	495
-0.065880546697546	0.259434889433519	552
-0.050033138277053	1.02144010866738	118
0.0984159701324401	1.43688135233075	25
-0.018452695687888	1.11194382348833	4
0.07244853685424	1.31920098424956	4
-0.0132908988857811	0.930430594054699	253
-0.0111052550865161	0.371170296277218	253
-0.06619560117474	0.249037682676712	173
0.09709241182225	1.0841217601461	173
-0.124630817371694	0.71580442378323	164
0.0576342060028301	0.801479926628973	164
-0.042718051410822	1.0254612070057	1
-0.018501493626048	0.371096296364045	1
-0.06052706227604	0.243125882854945	9
0.0619411830344301	0.816039025208064	335
-0.015065093810954	0.374227951388386	335
-0.00414814925962403	0.500469826085859	335
-0.096624368821481	0.620723549429619	89
-0.073083727690059	0.246860576976442	89
0.0556799735977001	0.786334851135914	89
-0.0645405050599031	0.251493140527709	957
-0.0756559852789001	0.923168391118007	241
0.0802213940776599	0.920410730923485	241
-0.00842531381224698	0.876123162277131	86
-0.013948101332906	1.17619945668686	118
-0.00499265045825403	0.501786939875487	4
0.06723171922535	1.31498679004133	4
-0.061124526262664	1.13308516351708	5
-0.0418307210358529	0.787767090209372	253
-0.013898776004275	0.382720393109243	1
-0.063882169659874	0.254142270662805	1
-0.073083727690059	0.246860576976442	161
0.0328368548878499	0.623335731405044	9
-0.041529878876065	0.764799895334554	476
-0.016135604289051	0.380362548270328	476
-0.094878407551153	0.604334356310123	335
0.0555328465984499	0.775561195141808	335
0.0332234364577799	0.648566618216061	335
-0.018608138671817	0.368397310086375	1225
-0.097162453744752	0.575322305501821	901
-0.065880546697546	0.259434889433519	901
-0.067534559012881	0.256778751447003	1275
0.09077860361724	1.43389741723833	34
-0.012734080080538	0.382002213719781	957
-0.063882169659874	0.254142270662805	957
0.05160607179171	0.752063676230637	241
-0.025425246285004	0.372135739368442	241
0.10095963650906	1.1450984678664	86
-0.020180336242005	0.361770550169622	495
-0.066881727519037	1.29641763493474	4
0.0559814952241	0.76795410509839	4
-0.045685141158671	0.757975960689506	253
-0.0111052550865161	0.371170296277218	173
-0.014036565850941	0.364102143413386	173
-0.08655434970642	0.620233756758845	164
-0.015668865624918	0.391220929591653	1
-0.065538689007454	0.251621271524724	161
0.0273197969136401	0.642048496607956	6
0.03096377855018	0.608572595663865	335
-0.06619560117474	0.249037682676712	147
-0.067534559012881	0.256778751447003	89
-0.02426633982576	0.373566654266445	89
-0.06619560117474	0.249037682676712	89
-0.038345072239266	1.39682235932911	89
-0.067913075248153	1.12965316098991	89
0.0724872184309	1.36347862343731	34
-0.044859431724553	0.779429975371731	241
-0.084380668561149	0.881477885386337	241
-0.068414266099475	0.247285453185001	241
0.0366992767096701	0.630219344277593	86
-0.087100632518031	0.623332618153432	495
-0.12074877702946	0.771932172692011	118
0.0022593957260999	0.491228480197701	118
0.0107892253413999	1.61081764317485	4
-0.106410487998218	1.25270384132841	227
0.0193577602569099	1.07634034464921	5
0.0209730678542901	1.09722348920184	5
-0.043976062796412	1.41753883007745	253
0.032933888329	0.642839403979906	900
0.07316792239105	1.41845306406152	900
0.10924135510203	1.13326749051617	310
-0.00778457833976998	0.482803280594087	760
-0.018608138671817	0.368397310086375	1
-0.017905649007764	0.388744915484838	1
-0.068872689064822	0.251056752215475	6
-0.084632528276025	0.888751876065966	335
-0.116741931952808	1.04182601631353	89
-0.024388275364059	1.1134576881846	34
0.1059403002607	1.87244584632873	34
0.0552353272441499	0.807972981398782	241
0.0500245688041801	1.20234669448223	241
0.12121189945901	1.26205260526357	241
-0.013947378373362	1.1868081961503	241
-0.067534559012881	0.256778751447003	241
0.07844985677065	0.919238361021331	86
-0.10420251639134	1.08560539934491	109
-0.018501493626048	0.371096296364045	86
0.0109056248250901	1.30599582104093	495
-0.106235005287945	1.10250884948718	227
0.0798538978510099	0.980626594808903	4
0.0802211621706499	1.4105218689492	4
-0.111290511262905	1.08776601930536	5
-0.011571018248453	0.373046172195889	253
-0.0666687873317921	0.87825781769977	310
-0.018501493626048	0.371096296364045	1
0.00114572345116004	0.505160017259422	1
-0.071749139015257	0.252367083560708	92
0.0219482502448201	0.611472359911766	92
-0.0887336721341841	0.626341843419595	9
0.0456607535659199	1.52237635744864	476
-0.010627411499729	1.42763148395422	476
-0.01166616493753	0.363915001439311	335
-0.048044978207167	0.761036171522364	335
0.03557256570011	0.648771497133395	335
-0.017905649007764	0.388744915484838	89
0.0378314673807501	0.628614541183977	89
0.06471989126084	0.746770892164683	89
-0.100383527930535	1.08795820542491	89
-0.072974313728074	1.428296247139	34
0.10678427898759	1.63870391374037	34
-0.073870143539385	1.09986080618436	34
0.0889051796820199	0.956484953529757	241
-0.075173931441747	1.22844257864486	241
-0.071749139015257	0.252367083560708	325
-0.021335298693252	0.371750736189947	325
0.0987915229016301	1.13380501544097	86
-0.068872689064822	0.251056752215475	495
-0.073541264125185	0.879718483903781	118
-0.018981366027138	1.49074386924032	4
-0.067219758501134	0.253570251530169	4
-0.073019353567412	1.20067948084104	4
-0.0625393383602501	0.253998127728779	253
0.0546065959926201	0.782607113699642	164
-0.00212427580513197	0.86821783536666	164
-0.067219758501134	0.253570251530169	2267
-0.015563368292551	0.374279767775775	92
-0.015563368292551	0.374279767775775	92
-0.016135604289051	0.380362548270328	335
-0.065880546697546	0.259434889433519	6
-0.073104359503813	1.10787504820313	89
-0.088437754838684	1.00170024277727	34
-0.086131816340467	0.890150168973345	34
-0.017440535504202	0.376598966944368	241
-0.0566926751550541	0.726895641884058	241
-0.089290582400822	0.625300752112938	241
-0.063882169659874	0.254142270662805	241
-0.040834562487082	0.781254046571248	109
-0.00756515484402098	0.957069820223087	109
-0.00475904782624204	0.907205664143294	495
-0.06619560117474	0.249037682676712	495
0.000295600687499897	0.497525749834541	86
-0.00530678451265998	1.32265141649849	4
-0.017958954735425	0.367864762950842	4
-0.072013083637111	1.11739523383583	4
0.10851171961006	1.11980498408153	4
-0.075224907874457	1.21741945529273	4
-0.0440971972966841	1.2263093139267	4
-0.00318503598108599	1.53376980814876	4
-0.065880546697546	0.259434889433519	253
0.02945653607321	0.644666362161355	299
-0.073818209335211	0.896874838386536	164
0.0905936620129899	0.92984405409768	164
-0.067534559012881	0.256778751447003	1
-0.022037175602672	0.363542207903574	92
0.05083267596212	0.780664838431273	1
-0.067219758501134	0.253570251530169	1
-0.0625393383602501	0.253998127728779	89
-0.067534559012881	0.256778751447003	292
-0.121621655496792	1.31347480341765	89
-0.046492269431837	0.950060092992244	34
0.0262640268833401	0.635878988977898	241
0.0216612350059999	1.07917328425084	241
-0.034759561827526	1.25592892069522	88
-0.014958313029618	0.377024165300835	241
0.0309594070430099	0.654630639313202	86
-0.118105140399875	0.764742007824808	86
-0.100080153624064	0.99642033354633	86
-0.09745609489815	0.598015491609801	109
-0.072096032912114	1.34914518324983	4
-0.07873842942214	1.38356296518721	4
0.10630445333255	1.5387030945069	4
-0.052524508599111	1.41219529683779	4
-0.010653723581606	0.908760270442267	4
-0.01279120983168	0.472976116648361	164
-0.0625393383602501	0.253998127728779	1
-0.068872689064822	0.251056752215475	1
-0.065880546697546	0.259434889433519	1
-0.018493904698656	0.369233659667497	1
-0.119413082663777	1.19762998920986	1
-0.014958313029618	0.377024165300835	1
-0.0621871927257019	0.240872884678666	1
0.03557256570011	0.648771497133395	89
-0.016880421289568	0.364603451979623	292
-0.020884227361346	0.375146066812685	292
-0.065880546697546	0.259434889433519	292
-0.012734080080538	0.382002213719781	292
-0.015563368292551	0.374279767775775	89
0.00309510420782	0.499796681181561	89
-0.08954171300204	0.620060782736886	89
0.05372320200036	1.51536396009541	34
-0.01404191740724	1.13013160602866	88
-0.094177527266626	0.619565919786296	86
0.09011179526851	0.919953839456037	109
0.0397932558652301	1.45151426731632	4
0.06642073008072	1.28802494714906	4
-0.094682016714086	1.01805282521763	4
-0.00666371582277703	0.495937115399256	299
0.07552771600822	0.748772098431532	4
-0.00610438021932003	0.502367582022983	1
-0.070413735615296	0.244937250161024	92
0.0315207558600601	1.1160552059907	9
0.0366992767096701	0.630219344277593	426
-0.049412205648414	1.40538217899486	426
-0.0493067289654911	1.00986503191642	426
0.04453607639553	1.21425989650659	426
-0.065880546697546	0.259434889433519	476
0.0306697812285801	0.620497006431904	6
-0.06619560117474	0.249037682676712	89
-0.067219758501134	0.253570251530169	89
-0.020264676455524	0.376952470849492	292
-0.063882169659874	0.254142270662805	292
-0.0645405050599031	0.251493140527709	292
-0.065880546697546	0.259434889433519	89
-0.079089718270565	0.915372236238206	88
-0.037978408759578	1.0605815950215	88
0.06141386943443	1.32512497109931	241
-0.117275168596052	1.11895968169602	86
0.12426157380555	1.2463036413394	109
-0.029658158517497	1.20917134852197	4
-0.00760354305559996	0.919827274536699	4
-0.100285434241214	0.512856103165103	4
0.04377295433733	1.04467730741117	4
-0.034827497794675	0.781946530649282	253
0.00171884580608994	0.496558240397246	253
0.08556497191922	1.59166172862004	4
-0.017314138250921	0.37889071089191	1
-0.016835824673325	0.382206253694542	92
0.00141208879921995	0.496969673700719	153
0.03080526005433	0.630658052763817	9
0.10741063970859	1.09128533278231	426
-0.038637459118489	1.47132609700755	476
-0.065880546697546	0.259434889433519	292
0.02126393877886	1.05749599590306	89
-0.0522425541849481	1.0207215184956	34
-0.086793170977536	0.993096134887832	109
-0.012734080080538	0.382002213719781	86
-0.012734080080538	0.382002213719781	86
-0.046350893095473	1.00891901451903	4
-0.096015136842817	1.0217536669251	4
-0.046804030039172	0.782173366561089	4
0.0258061280631601	0.646501563191255	4
0.0588562892811499	0.810174243674205	4
0.0292365741532601	1.07402937293473	164
0.11694457824126	1.27946254530948	1
-0.00220937686266798	0.506873236976531	17
-0.115153452974602	1.19798500214163	9
-0.01224360961155	1.18003655197627	6
-0.023925167019394	1.13699403700473	89
-0.00379927791052104	0.936772213674278	89
-0.051761689213753	0.763919107746225	89
-0.043622536942121	0.780388070226	89
0.06686956139819	1.31314807219184	109
-0.0554525359604851	0.732837098554626	109
-0.084914292832234	0.901389424863781	86
-0.01495236352665	0.910718445657581	4
0.0311134170590901	1.37513580426652	4
0.06737167757162	1.34580257884434	4
-0.00441697102280403	0.494669375145016	4
-0.094193367185478	0.587813121151369	4
-0.03405098599025	1.0538197334334	92
-0.064196946148623	0.251484404125009	426
0.0565611815860301	0.797610725843643	335
-0.084022041603475	0.857631388076093	6
-0.038035289545879	0.787617381107468	89
0.000295600687499897	0.497525749834541	89
-0.00918569586428097	0.473548872710778	296
-0.0945803114034181	0.604288543657816	168
0.02391258100845	0.626680553099582	34
0.04480946056556	1.2301919916847	109
-0.076020331732513	0.90927498451074	54
-0.117257892687519	1.29992510294801	4
-0.00383155955419201	1.29953787170571	4
-0.03638523435634	1.25647655193572	4
-0.00390859907663299	1.84955439562717	4
-0.021427259379285	0.368991751588852	4
-0.00889876173685	0.481654523021033	164
-0.00361703567679605	0.492275925859402	1
0.11471660493581	1.27013124328032	426
0.0256084452368199	0.610097877658411	6
-0.00387823345366001	0.48625175402704	89
-0.068872689064822	0.251056752215475	89
0.0286082013048801	0.646747561493924	89
-0.067534559012881	0.256778751447003	89
0.0214449999386399	1.28498293185498	109
-0.055503589064828	1.11348169827158	109
0.0825204575844301	1.42728699955573	109
-0.00180938284846499	1.50292426481774	4
0.01880550221188	1.01909324417822	4
-0.0511342667264611	1.41159957080495	4
-0.02720862159489	0.984614754458638	4
-0.00671130348444804	1.42262501519966	4
-0.119468966811933	0.759434861253327	4
-0.01963978582098	1.67386199951145	4
0.04234375792743	1.48095935632568	4
-0.015668865624918	0.391220929591653	164
0.03643638026788	1.13859497590439	1
-0.013898776004275	0.382720393109243	17
0.11169536288527	1.18585611787966	9
-0.095401797571832	0.622030688415747	9
0.11021203641526	1.5289801021045	426
0.0207306558006599	0.603344018621043	426
-0.016835824673325	0.382206253694542	476
0.027247761011	0.620334453848081	335
-0.053148175048506	0.706312475064952	585
-0.085048783169393	0.836975777265256	89
-0.097870902888778	0.942784071786051	89
0.10723473194691	1.60286496490177	88
-0.080942365896904	0.81796373222345	34
0.10352528532216	1.14148724133118	34
0.0569023225845899	0.787278535530545	88
0.01702269960426	1.05630968219371	88
0.04298791274986	1.21334410918243	88
-0.038123585223186	1.00761048605886	88
-0.092140437997191	0.61062130134495	109
0.0000296958823500226	0.510670270468513	109
-0.044298881043615	1.43272843200433	109
-0.038228898279058	1.22112863401696	4
0.0792400571269001	1.93065251334468	4
-0.051065873990113	1.28419124824454	4
-0.087134921606311	1.4093095512723	4
-0.00891964270499601	0.476876017811942	1324
0.11135820363202	1.24760095896233	335
-0.065880546697546	0.259434889433519	335
-0.039779349839645	0.785075913171294	335
0.0254198389124101	0.602803842914124	89
0.10050715458516	1.09871390885796	89
0.0749391133519699	0.90417546750768	88
0.0646915169334801	1.30859208550772	109
0.0298278640883101	0.625732605061176	4
-0.015340360090762	1.37757045489213	4
-0.008333412724983	1.4282708348957	4
-0.116733927229911	1.34886493865912	4
0.04080487014567	1.46236009282562	4
0.0783935370875299	1.31106719691747	4
-0.038661546387379	0.771831446822549	4
-0.015592460017286	1.16833238048661	164
-0.010284664849479	0.490675097898742	45
-0.0625393383602501	0.253998127728779	164
0.00447104773178997	0.486928525118783	17
-0.017314138250921	0.37889071089191	17
-0.094157868815991	0.61087268521663	9
-0.081790748054459	0.596177332790148	426
0.06619659052161	1.28171945534175	335
-0.06619560117474	0.249037682676712	585
-0.067219758501134	0.253570251530169	585
-0.00667273664996904	0.480529348430821	585
-0.063882169659874	0.254142270662805	89
0.0000296958823500226	0.510670270468513	836
-0.065880546697546	0.259434889433519	836
0.0851302127998299	1.4372955010968	34
0.03212336394445	1.43387168085246	34
0.0367343465686201	1.18986104452775	109
-0.04539916647728	1.73125782004055	4
-0.112662018193721	1.40807265722974	4
0.0531339419578401	0.790927664773157	4
0.04424613210394	1.49472947470276	4
-0.123706463924607	1.17837630360046	4
-0.048557242759346	0.78907383754183	45
-0.014503528485869	0.390439575213324	171
-0.063334106251638	1.13245905520424	180
-0.010124611386412	1.45301186290011	426
-0.014503528485869	0.390439575213324	335
-0.00275746028721902	0.487404487633906	335
0.10564337215303	1.10012004892981	335
-0.00889876173685	0.481654523021033	585
-0.00414814925962403	0.500469826085859	89
0.0576233227539	0.752199623212726	89
0.0108347023895099	1.25704767463641	89
0.09770615512841	1.09478425300001	34
-0.015668865624918	0.391220929591653	88
-0.017355369185139	1.14908746704783	163
0.0251624850100001	1.08725413361972	163
0.0325942407412101	1.42647732089454	88
0.02094649740138	1.0454131856448	109
0.0878089242612601	1.45817551579607	30
0.0860273364055899	1.47777354373513	800
0.01228288032241	1.50492467793175	4
-0.020706998712046	1.56572979725062	4
-0.087235834484927	0.626949612071108	4
0.0858694598291401	1.43452882212349	4
-0.018501493626048	0.371096296364045	4
-0.067534559012881	0.256778751447003	171
-0.068872689064822	0.251056752215475	171
-0.068872689064822	0.251056752215475	494
-0.020264676455524	0.376952470849492	476
-0.068872689064822	0.251056752215475	17
-0.065880546697546	0.259434889433519	17
0.0296688105898	0.649587783129823	426
-0.109785244632331	1.41924706013962	426
-0.087344145180935	1.28686546810013	426
-0.0645405050599031	0.251493140527709	419
-0.065538689007454	0.251621271524724	836
-0.065538689007454	0.251621271524724	89
0.01085360386773	1.66582759156774	89
0.06951742282662	1.25075281519972	34
-0.068533531305055	0.897062808017692	34
-0.04835472217877	0.998742631348272	34
0.00197872664750998	0.49736600071763	34
-0.06619560117474	0.249037682676712	88
0.0320947541449501	0.652802818361562	88
0.00751059194253001	0.880879827140743	109
-0.00848717105646402	1.39474108255779	30
-0.058097669479663	1.15170531027845	4
0.11040237249215	1.21255164414213	4
-0.063549863133708	1.33509093331473	4
-0.011735888500306	0.946477743808056	4
-0.012734080080538	0.382002213719781	4
-0.00184699526135002	1.46082370431237	4
0.11625117870054	1.28223241741561	4
-0.094870126195083	0.992903535379608	4
-0.000926385105535998	0.9306123538112	164
-0.065880546697546	0.259434889433519	4
-0.067219758501134	0.253570251530169	494
-0.00844711363649298	0.470128831611298	494
-0.063882169659874	0.254142270662805	17
-0.067219758501134	0.253570251530169	17
-0.020269493277755	0.377267033686799	476
0.0293148563904799	1.38464926698358	426
-0.00135302759039702	0.507236524506667	585
-0.0625393383602501	0.253998127728779	585
-0.00387823345366001	0.48625175402704	89
-0.067534559012881	0.256778751447003	89
-0.022040982457204	0.375826847962743	89
-0.069779083312233	1.30045210888152	89
-0.11110692077951	1.10837608141904	89
0.12116443508726	1.24786799461978	34
0.0799753288025	0.931411185888051	34
-0.064196946148623	0.251484404125009	871
-0.00387823345366001	0.48625175402704	109
-0.091855801004011	0.616760785175223	109
0.0658700900143601	0.798721595914899	109
0.10738179430337	1.54078411585495	4
0.0752879162187701	0.929470082221437	4
-0.00725458879890195	0.9464450992229	4
-0.021002800699635	1.36397756613953	4
0.0512619329725501	1.57246688560265	4
-0.063882169659874	0.254142270662805	4
0.00283475457758997	0.493360048982767	4
-0.0680638702225051	1.09154272451605	4
-0.03153695328418	1.24917654870416	4
0.0000705501836000266	0.461132073970089	4
0.08870873898424	0.929128148058203	476
-0.0645405050599031	0.251493140527709	17
-0.068872689064822	0.251056752215475	17
-0.015901388999498	1.1723667315816	335
-0.067219758501134	0.253570251530169	335
0.0775975219782401	0.977976259122669	585
-0.019677417236499	0.374301200409669	585
-0.064196946148623	0.251484404125009	419
-0.065538689007454	0.251621271524724	21
-0.06052706227604	0.243125882854945	89
-0.06052706227604	0.243125882854945	89
0.0619411830344301	0.816039025208064	89
0.0467601621037099	1.49259141323203	89
-0.053861522455304	1.30386149966873	34
-0.121694320055691	0.755039583190142	34
0.12098917786477	1.21707009931003	34
0.0404864545008301	1.16673252813875	163
-0.00385823286426101	0.48952690809136	109
0.1065617952736	1.16186055861921	109
-0.012429639998651	1.11536122541694	109
-0.014958313029618	0.377024165300835	1522
0.05445951343904	0.781397954048801	4
-0.05049547503117	0.74490880925166	4
0.0889950149385501	1.52679096165442	4
0.0459948931691301	1.1775938801534	4
-0.067534559012881	0.256778751447003	4
-0.041834721001424	1.46179930370286	1
0.0285317751871901	0.651391834559832	476
-0.065880546697546	0.259434889433519	17
-0.067534559012881	0.256778751447003	17
-0.015110207179333	0.367299823103279	17
-0.025189697653963	1.10936307146408	476
-0.069752445155897	0.247408437041861	419
-0.015668865624918	0.391220929591653	18
-0.067534559012881	0.256778751447003	21
0.0760260447433201	1.37525590070402	89
-0.00665508456684905	0.923815851064311	34
0.02466977137323	0.643591584447326	34
0.0766145998641501	1.44255443446701	163
-0.012783949594558	1.37172136590205	109
0.0579966675593	1.99283021235429	4
-0.08662516234796	1.4908423166103	4
-0.115619685808326	1.08253313652969	4
0.000513335157199979	1.17742984043764	4
-0.050060922900332	1.26883791353696	4
0.05297085592627	1.22420727716226	4
-0.067219758501134	0.253570251530169	476
-0.067534559012881	0.256778751447003	476
0.0261912273556899	0.633012264774685	494
-0.015668865624918	0.391220929591653	17
-0.067219758501134	0.253570251530169	476
0.01291674281213	1.24960483091053	426
-0.08995817772404	0.626909536914575	335
-0.084930070331765	0.621903057466452	335
-0.065538689007454	0.251621271524724	419
-0.0931932100800999	0.570728880460405	89
0.10235897968749	1.09855804737785	89
0.11621245758598	1.07624684127401	296
-0.019677417236499	0.374301200409669	163
-0.00912648147661499	0.944289686572826	109
-0.043006721413134	1.24410927108509	109
0.0383631146383401	1.13024231744047	4
-0.017905649007764	0.388744915484838	642
0.0863993901032101	0.970460070620281	4
-0.100804436023948	0.972864814327206	4
0.04076144547061	1.2105145979209	4
0.0282288304392899	0.621382527590359	4
0.0159361775740201	1.54373467458853	1
-0.017905649007764	0.388744915484838	494
0.09987526144643	1.09781104928335	426
-0.107087253934459	1.12266702476107	426
-0.01050194249726	0.369719209133139	18
0.03322951845694	0.633709120479951	89
0.00335656011470009	0.484642681397877	88
0.05539429097502	0.778360307197711	109
0.11924974292137	1.20848667046924	109
-0.068872689064822	0.251056752215475	30
-0.089680237531649	2.18308648069808	4
-0.111900355645865	1.08894137713902	4
-0.047525300719353	1.11674123129338	4
0.02896758186074	1.0936030920689	4
-0.085130597089403	1.12676055718244	4
-0.083999108025246	0.87812961583911	4
-0.103271867508114	1.16918246018634	4
-0.060510583310747	1.09197887297177	1
-0.08370817451621	0.61704535629704	17
0.03452315403074	0.63921569993828	426
-0.00275746028721902	0.487404487633906	335
-0.0860150406713201	0.626366208943952	335
0.0691960917582899	1.39190064735451	132
-0.0732458522010609	0.900917210144813	132
-0.00916858539190701	0.491867723594212	21
0.02512525124222	0.627868955282044	89
-0.058169474160599	1.12478849158897	89
0.10470001157626	1.1124388824158	302
-0.045044771282222	0.790396648208132	34
0.0693263754058	0.79405473044494	88
-0.12337691821873	0.748612833985423	163
0.0543631573899199	0.78800033205067	167
-0.0364317721470629	1.95031159275247	4
-0.105897995409427	1.28389189929802	4
-0.100958877694185	0.548954524946797	4
-0.094314053924081	0.629461958839063	4
-0.074858122781147	1.19877220603334	90
0.0855942897397699	0.954714925980545	1
0.0198475428924001	1.03950989872807	1
-0.097502084743407	1.01777270176787	1
-0.098250597866914	0.596248620993665	89
0.0588562892811499	0.810174243674205	34
-0.018501493626048	0.371096296364045	34
-0.038360571612115	1.01858828097135	4
-0.111273256472425	1.10107855310463	23
-0.05769635513254	1.16045920107874	4
-0.00343514480551699	0.923191152547301	4
-0.045774829052371	0.785704660826346	476
-0.073228908325455	0.894808706765916	2203
0.0934090603197599	1.11089617285607	2203
-0.00706483314047901	0.925887009438448	426
-0.017905649007764	0.388744915484838	426
0.04057284315212	1.19765466741468	476
0.04494639628871	1.18710239080515	132
-0.081627923081446	0.858690687469753	132
-0.00302781129529806	0.497945449460253	296
-0.121718072575752	0.77222672203107	34
0.01569129103255	1.06327000837233	88
-0.074405410594072	0.869669167544526	30
-0.10677240376529	1.10623226475998	4
-0.107391602260341	1.10998445453141	4
-0.045581601553877	1.40843378560165	4
0.02463944010511	1.10391371211161	274
-0.020264676455524	0.376952470849492	4
-0.07201195452756	0.891350351723656	4
-0.041138187263884	1.23803957169257	2203
-0.073778731277624	0.878054593838273	426
-0.065880546697546	0.259434889433519	132
-0.016727994705372	0.385176841231482	1448
-0.095967296253193	0.594790069048271	109
-0.00302781129529806	0.497945449460253	109
-0.00247328631615495	0.507841081738223	167
-0.074132556942514	0.900997330643441	30
0.0476075069067099	1.48425504635344	134
-0.124871734293735	1.33738641280275	134
-0.013433336364014	0.371225268123078	747
-0.019677417236499	0.374301200409669	4
-0.065880546697546	0.259434889433519	17
-0.095006344422572	0.607760289003459	476
-0.12142870165326	1.11046759945207	1849
-0.114372090930222	1.03959743847174	89
-0.00553918970329603	0.497144631917335	1734
-0.092943575735435	0.62117754776925	18
-0.015274884658246	1.13923574103775	89
-0.047526959406504	0.792688457856669	89
-0.038837467983977	0.786592111611411	34
-0.092815411285921	0.623466191965454	109
0.03201677703632	0.634281484836703	109
0.034866809673	1.15120534539404	109
0.07557663979501	1.32081078404983	30
0.0681724769721901	0.787071402737672	30
-0.075036488690477	0.900413824001897	4
-0.048494663385524	1.00356701189588	4
-0.0983615526131431	0.994400400091334	4
0.0600059911145501	0.800139463594225	4
-0.053835873661194	1.36178351473658	2203
0.02739415332573	0.642939065284337	132
-0.123257061743681	0.774173810280735	89
0.02466977137323	0.643591584447326	1734
-0.054031363719338	0.754150922129595	89
-0.00414814925962403	0.500469826085859	89
0.0262640268833401	0.635878988977898	34
0.0531339419578401	0.790927664773157	34
0.00440169145318992	1.27433456473525	109
-0.09881062583075	0.609037505915563	573
-0.08832201843921	0.623902591157892	134
0.07929159733372	1.43985249578175	972
0.06760503389869	1.71016030796704	642
0.06070684250463	0.819815033997896	4
0.1001062889993	1.09308167258118	4
0.00197872664750998	0.49736600071763	4
-0.043088436227144	1.0461706520405	4
-0.066548931310015	1.07064585866715	4
0.06702110976641	0.79413879320384	274
-0.0346478507282461	0.765299233090379	4
0.02362319831321	0.626043805241777	45
-0.105669343771591	0.991729810164265	45
0.0616362022193899	1.18774793260423	45
-0.0130156677061331	1.1557598065231	476
-0.034341322385757	0.77193624850414	196
-0.043827961547893	0.779349981561805	132
-0.00339121773040996	0.956279292280423	132
-0.038661546387379	0.771831446822549	18
-0.020264676455524	0.376952470849492	89
-0.065880546697546	0.259434889433519	89
-0.014503528485869	0.390439575213324	89
0.10846191515951	1.09512068033732	109
-0.112921680248166	0.754687675943878	109
-0.038144656757706	0.778110516800326	109
-0.095205669382123	1.01156752084883	167
-0.00666371582277703	0.495937115399256	573
0.09785368830288	1.58838718853136	23
0.0298278640883101	0.625732605061176	4
-0.035366961337247	0.780401288365406	972
0.03330529416511	0.642228931001146	972
0.0597999510543299	0.777941013560778	23
-0.00220937686266798	0.506873236976531	4
-0.104107522114977	0.984444509656046	4
-0.00666371582277703	0.495937115399256	4
-0.057725306274127	0.719164803008989	1
-0.00916858539190701	0.491867723594212	476
-0.000823220216042975	0.493395336855741	89
-0.067534559012881	0.256778751447003	89
-0.013898776004275	0.382720393109243	89
-0.067534559012881	0.256778751447003	89
-0.022037175602672	0.363542207903574	109
-0.069752445155897	0.247408437041861	109
-0.065880546697546	0.259434889433519	109
-0.11710913077996	0.764873450920544	223
0.0261207417226099	0.610514131829355	223
-0.025425246285004	0.372135739368442	109
0.00420911613368991	0.496540120465177	109
-0.0645405050599031	0.251493140527709	867
-0.067534559012881	0.256778751447003	867
0.06641491489246	0.801728694434725	30
-0.00220937686266798	0.506873236976531	134
-0.096624368821481	0.620723549429619	4
-0.00550794536507104	0.910535970033963	4
-0.065880546697546	0.259434889433519	4
-0.086828335103908	0.860804877680027	4
-0.122687661167067	0.765126314645511	17
-0.00565992264814796	1.47718790448586	196
-0.00498271273473905	0.485511948809799	132
0.10688676603419	1.10997264416484	109
-0.039279114542366	0.78609095255864	109
-0.122677155797772	0.750222889095567	109
-0.012039787103556	0.940601388141605	167
-0.059248449648635	1.75304785033686	4
0.05864965219825	1.69994813569871	4
-0.061020511380008	1.28475701866708	4
-0.08370817451621	0.61704535629704	4
-0.044133222288645	0.71388475542655	4
-0.016401548467328	0.428924416111942	4
-0.0654083224695901	0.888558571013915	4
-0.00220937686266798	0.506873236976531	45
-0.00666371582277703	0.495937115399256	1
-0.065880546697546	0.259434889433519	89
-0.019677417236499	0.374301200409669	89
-0.067534559012881	0.256778751447003	89
-0.046976989617506	0.764930445893367	109
0.02149705684375	1.07389720618564	167
0.0275542772081401	0.619603123468931	573
-0.017905649007764	0.388744915484838	867
-0.104761764617636	0.995771914277179	30
0.07509198653244	0.966051721861297	4
-0.068414266099475	0.247285453185001	4
0.0890103224910801	1.05624994977237	403
0.00442884654124009	1.2064995462694	4
-0.00438304793399202	0.476631122647045	4
0.0567031982461501	1.48673556501986	1493
-0.016727994705372	0.385176841231482	45
-0.00778457833976998	0.482803280594087	78
-0.018501493626048	0.371096296364045	78
0.0648531361998701	1.81510936723077	132
-0.00639574040647095	0.49375960838641	89
-0.013339825466919	0.380903847356655	89
-0.00933937192284395	0.363890657885816	89
-0.0645405050599031	0.251493140527709	2328
-0.071749139015257	0.252367083560708	2328
-0.0248100664312581	0.364151172248145	296
-0.019677417236499	0.374301200409669	109
-0.065538689007454	0.251621271524724	109
0.0120146545653601	1.55214430974242	109
-0.013433336364014	0.371225268123078	109
0.12149906974221	1.25064890744153	167
-0.003332397977027	0.493225225431404	167
-0.063882169659874	0.254142270662805	109
-0.010015274830746	0.476584224077404	30
-0.047138636776912	1.04321351974145	4
0.0367887284080199	0.645674653209754	4
-0.039131236098083	1.2570930515253	4
-0.041043923598211	1.04553081037422	476
-0.065195281383854	0.888235871931717	231
0.08938186042673	1.4845706027969	89
-0.00472686040291204	0.492809036018075	2328
0.0211172492087199	0.624916119351509	109
-0.0110914634643901	0.929356642007644	109
0.0407628486910701	1.17888820643113	109
-0.00859821445389797	0.484986938104039	30
0.0443241567555399	1.18608695977101	134
0.06141386943443	1.32512497109931	4
-0.041655044044853	0.777551833035361	403
-0.120759014232993	1.19774386049592	403
0.0352003535207901	1.18111615105897	4
-0.042894165725525	0.774053901088855	274
-0.068895883270959	0.895257029562585	4
-0.00639574040647095	0.49375960838641	78
-0.020884227361346	0.375146066812685	89
0.00252623207050995	0.491876771102163	109
-0.020856679862344	0.372868667445208	34
-0.067219758501134	0.253570251530169	34
-0.094846930306811	0.594864262803677	34
0.0437389258432399	0.615753217578872	109
-0.00414814925962403	0.500469826085859	286
-0.00733689776937596	0.931347489991744	286
-0.057705084597649	1.10124116245417	30
0.0934015640952901	1.44103709345084	23
0.0790630904188001	0.968669543411574	4
0.05824388808222	0.811024786681661	403
-0.11781703197398	0.772384919987048	4
0.0621802416866799	0.809890107160736	993
-0.076254195486145	0.899761974695886	231
0.08314204056982	0.960669479738193	132
-0.120633558447303	0.723634779912359	18
-0.018608138671817	0.368397310086375	34
0.02308330218593	0.60150413378959	109
0.0799753288025	0.931411185888051	223
-0.096756307653386	0.622679794002984	286
-0.00748384418926995	1.33310872481922	4
-0.017568535049732	1.38235644648423	4
0.0853975452032201	0.97086040468835	4
-0.011735888500306	0.946477743808056	192
0.0757470133730001	0.930797192652957	4
-0.092402097921924	0.613790768813801	4
-0.090377213117755	0.622254282636088	4
-0.093918123680008	0.603598548889639	196
0.0863993901032101	0.970460070620281	132
-0.00527079627288296	0.49925578169636	109
0.0387524481986199	0.610899026276196	109
0.02588619562456	0.647441714319122	34
-0.0896937772081749	0.602326241134146	1742
-0.0905099358036851	0.627832773066704	223
-0.09514397738767	0.597716906167991	30
-0.014840624310288	1.13575784120912	4
-0.107010029672781	1.09740125947036	4
0.03722349714122	1.18440925457761	4
-0.000410661550638958	0.913337352839807	4
0.10103556674209	1.11301372943971	132
-0.093790147348585	0.607222802807832	1558
-0.000823220216042975	0.493395336855741	89
-0.025425246285004	0.372135739368442	34
-0.00445599137429698	0.9282731955283	109
-0.00247328631615495	0.507841081738223	109
0.08177644141775	0.935725686293181	167
-0.00916858539190701	0.491867723594212	286
-0.00108867490422804	0.511296437570494	580
-0.00277138613981698	0.469399134097258	4
-0.0130654918345799	0.45876327591594	192
-0.100992657466587	1.12327658441739	192
0.04810007612429	1.66885822121018	4
-0.044355472303298	0.749230688917775	4
-0.092557188275453	1.08997959590021	4
-0.014327354616323	1.86735624688183	993
-0.116280701891588	1.08442055485287	132
-0.0936140036883289	1.15982078996554	955
0.0588562892811499	0.810174243674205	167
0.000244560386899906	0.463487221563826	580
0.10267528852653	1.95990982635499	286
0.07670447562155	0.891716247659875	4
0.0806900784472799	0.941013949638358	993
-0.06610828440329	1.03487819399914	476
-0.0782004135216901	0.854228836969412	196
-0.070413735615296	0.244937250161024	132
-0.017905649007764	0.388744915484838	132
-0.063882169659874	0.254142270662805	176
-0.012734080080538	0.382002213719781	955
0.06070684250463	0.819815033997896	18
0.0286082013048801	0.646747561493924	18
-0.0395970766882739	0.784801564999089	109
-0.015639465671666	1.134766025528	109
-0.016135604289051	0.380362548270328	109
0.0014206631548499	0.472390409827235	34
0.02739415332573	0.642939065284337	109
0.0231527489882499	1.06812444094326	109
0.06035600553206	2.11485092778966	4
-0.063964713230192	1.08773142807078	301
-0.012734080080538	0.382002213719781	4
-0.017314138250921	0.37889071089191	4
-0.011571018248453	0.373046172195889	4
-0.079761641383552	0.598027465169175	4
-0.020264676455524	0.376952470849492	993
-0.027744427067919	0.351433327861908	955
-0.063882169659874	0.254142270662805	955
0.0550788219071401	0.814318663589589	34
-0.00324764157383495	0.910233699999094	109
-0.038144656757706	0.778110516800326	30
0.0881371877856001	1.53106280691294	23
-0.01465970195516	1.32745289791731	4
-0.072866418177779	0.885511588842742	4
-0.0625391673268511	1.13622745381311	192
0.02505219970997	0.634672330958724	2082
0.00342862796441001	0.461487601921092	4
0.03180212126797	0.640010041743276	993
-0.065880546697546	0.259434889433519	993
-0.099924095939928	1.00424936256503	476
-0.01627455426909	0.375922087304922	196
-0.067219758501134	0.253570251530169	955
-0.02909236258147	0.737459894337479	18
0.00257560088027997	0.902221085703422	109
0.0922215089610501	1.09274634131083	167
-0.0944072277244869	2.01242069644501	4
-0.097640797428539	1.27378285584418	23
0.12106866606353	1.27867739703013	192
0.08487890397419	1.48244250222006	4
-0.018276456985715	1.17344448374784	4
-0.038315528224569	1.05482497585262	301
-0.101518730819363	0.510230400917164	4
-0.00359587459327104	0.503473037000329	4
-0.006930580966932	0.479677752928752	1043
-0.118496644648325	0.756646788168689	4
0.0016785668027901	0.923446260120862	1558
-0.010025440357365	0.928874423273086	109
-0.120885317588979	0.707350216270021	109
0.06617240889224	0.807465018888155	109
-0.037097942910751	0.779569527301035	109
-0.087235834484927	0.626949612071108	109
-0.00558940134933905	0.94635217999978	109
-0.11625355042774	0.753496641063484	580
-0.00734496621666902	1.12825924551046	286
-0.0625393383602501	0.253998127728779	30
0.06919917295122	1.87667556142022	23
-0.00765198815535295	1.39669316274994	4
0.02588619562456	0.647441714319122	4
0.0655484070846599	0.808894353623341	993
-0.039725981767907	1.02552044713941	993
0.10207161446131	1.06726590895196	196
0.0940141613610499	1.03605979623946	132
0.0523789958022001	1.18693573357341	18
-0.123221848965338	0.743293620428272	18
-0.018586107838661	1.37633240250964	18
-0.01997214710649	1.16191126755862	109
0.10616777107935	1.09580622031632	109
-0.117508151669286	0.754492468691463	109
0.05808730147791	0.794389272029349	109
0.0029550957365001	1.25235977604247	109
0.06589169295305	1.20372891266394	4
0.10669241176977	1.60758250417459	4
-0.023109076019766	0.370346822829993	4
0.0594744121611599	0.818255942914229	4
-0.02156747588342	1.12996178589132	45
-0.071749139015257	0.252367083560708	4
0.0912378281678601	1.07519491901055	773
0.05017773814658	1.17952168256299	1878
0.12460034918475	1.23743624188589	196
0.0632511847583299	0.813844641009462	196
-0.00414814925962403	0.500469826085859	18
-0.070413735615296	0.244937250161024	685
-0.017314138250921	0.37889071089191	685
-0.043076352435842	0.793685417567122	109
0.08736562571019	0.958534626927938	109
-0.017120188416593	0.82882610054859	109
0.10102407005595	1.09737514685157	30
-0.00984743701574398	1.38408369934429	23
0.08404816800757	1.45111548810486	4
-0.065276195692344	1.12614002003673	4
-0.092228830236178	0.990371968421542	4
0.0915926192390399	1.57787437412714	4
-0.06619560117474	0.249037682676712	2071
-0.0111052550865161	0.371170296277218	2071
-0.0405318655300581	0.74687453820397	4
-0.084914292832234	0.901389424863781	4
0.0765608914487399	0.909236189606277	993
-0.065880546697546	0.259434889433519	278
-0.074218185568585	0.909179766315252	773
-0.019213597703844	1.33782335938396	1878
-0.105603597513105	1.28711189844059	4
0.0233595251045	1.05020163314484	4
-0.043292895681793	0.798469725263667	4
-0.031678317838974	1.53152553549732	4
-0.038021283141743	1.02443806096502	132
-0.123221848965338	0.743293620428272	132
-0.01503268265193	0.455709325658061	18
0.01961107040647	0.587395993762645	18
-0.063882169659874	0.254142270662805	685
0.0111756765587401	1.03967125124484	109
-0.099437386504915	0.973471975135337	109
0.0828231600006699	0.989868458761885	109
-0.00364919596248203	1.07421282452287	109
0.0298278640883101	0.625732605061176	109
0.06656799992742	1.37062795007066	167
0.06149415416205	0.74910737790988	30
0.0489218838793899	1.20686931770561	23
-0.037640232045896	1.22170567588249	23
-0.043292895681793	0.798469725263667	4
-0.078064237366831	0.879565120706455	4
-0.030042090147239	0.352920940710787	4
-0.103247020475989	1.10130927449033	45
0.0632511847583299	0.813844641009462	1043
0.0535325994195	0.769735643740536	993
-0.067534559012881	0.256778751447003	993
-0.088725605473185	1.01519732192545	476
0.0368720316233899	0.606271441655797	4
-0.015668865624918	0.391220929591653	43
0.00817942513097991	1.29795196027169	18
-0.104846263090213	0.995633052601718	109
0.03063019010626	1.40006980225618	109
0.0849004897265999	0.951727355351562	109
0.09991518219796	1.11513719468822	109
0.0655484070846599	0.808894353623341	109
0.08907705389478	1.45598420887858	109
0.01319515064068	1.02290967889722	109
0.00410848026585997	1.25778501046866	1147
0.02786140032243	0.611406575456725	30
-0.103734285439781	2.27274022818336	4
-0.044016562195201	0.784133221123518	4
0.07127239686058	1.36075419373082	4
-0.010833214429369	1.15317384472683	4
-0.00385823286426101	0.48952690809136	4
-0.060104424746223	1.33108431382228	4
-0.088069535662487	0.618826139139694	4
-0.065880546697546	0.259434889433519	4
-0.068872689064822	0.251056752215475	1043
-0.00275746028721902	0.487404487633906	993
-0.018648307475022	0.363259958199166	993
-0.0645405050599031	0.251493140527709	993
0.07408671019832	0.949745894467279	476
-0.029783509173667	1.24579235598114	476
0.0665520621287601	0.7670969599281	4
0.0997140156623399	1.14457702408882	4
-0.090768652605824	0.598698749751735	4
-0.019084546330968	0.387196291764176	18
-0.0625393383602501	0.253998127728779	685
-0.013898776004275	0.382720393109243	18
-0.060752193385069	1.33535656660588	109
-0.04062584661874	0.784900105625711	109
-0.081511578459093	0.886835707500535	109
-0.078459916990955	0.921378870097179	109
0.0258963994542401	1.05424831689926	109
-0.067534559012881	0.256778751447003	109
-0.095513071228875	1.08373653063211	4
-0.072714897265913	1.20332900368336	4
-0.033119384145605	1.21976346672722	4
-0.016727994705372	0.385176841231482	4
-0.018895501648994	1.37331930549612	4
-0.00414814925962403	0.500469826085859	4
0.0822294551173799	0.946232451608326	4
-0.067219758501134	0.253570251530169	476
-0.020388221855653	1.1602107043436	4
-0.093918123680008	0.603598548889639	4
-0.0625393383602501	0.253998127728779	231
-0.050846464426346	1.00401994311686	132
0.10656577707121	1.08408972667885	18
-0.00499265045825403	0.501786939875487	685
-0.08383035814698	0.615499890593869	109
-0.00709661451263399	0.348723153777111	109
-0.041336361709772	1.04162512411753	109
0.0246813709334699	0.616093231345104	109
0.0840783256154001	0.985284808653556	109
0.10793317769855	1.09837343241333	109
-0.00253649244731802	1.48029158537604	580
-0.0663618734193721	1.1246392054966	580
0.05468704282988	0.757751279426858	286
0.0874008976079701	0.959039647790915	4
-0.097236795933321	1.01222428318004	4
0.0487064038548699	1.23623635718617	4
-0.01627455426909	0.375922087304922	4
-0.0918650069175469	0.620352060705232	4
-0.081293686940178	0.902952048181357	4
-0.0464971043183881	0.786344053268392	4
-0.014503528485869	0.390439575213324	4
0.0502546246142701	1.22002371388192	45
-0.021427259379285	0.368991751588852	4
0.0844362523723801	0.950551667632216	4
-0.013898776004275	0.382720393109243	993
-0.020856679862344	0.372868667445208	476
-0.065880546697546	0.259434889433519	476
-0.077193517685235	0.915130878798737	476
-0.086467268170783	0.877452140599975	4
0.02974497792487	0.655303666223156	786
0.08474826954162	0.937709429464922	43
-0.013339825466919	0.380903847356655	43
0.02069429604363	1.04923260402028	109
0.01786939769249	1.08701269079361	109
-0.044653623207545	0.773089021253233	806
0.0266563312467201	1.05194556217404	109
0.0305897541020099	0.628910420670558	109
0.07337301966941	0.943219409983144	4
-0.042749691916071	1.05270697946287	4
0.0199699172675101	1.28303111425749	4
0.09332499086088	0.944213161167812	4
-0.00836166107251801	0.92098924635875	4
-0.058768130419511	1.34330813493462	231
0.04582581645342	1.18375230738587	43
0.05262665770426	0.790106302651108	43
0.0261912273556899	0.633012264774685	109
0.04148394417493	0.627421056253068	806
0.0564140093948999	0.786461286326264	806
-0.004144300280152	0.477694585119826	806
0.06070684250463	0.819815033997896	806
0.0559971271616899	0.779907455623935	109
-0.097310293492389	0.602232546668116	109
0.08927547689237	1.06742080373437	404
-0.12004033282511	0.773799228415171	404
0.04545195812078	1.17581485330907	109
-0.045044771282222	0.790396648208132	109
-0.020515803786193	1.29135554161009	109
0.11600652623674	1.22913563470851	109
-0.00652114536333104	0.903417454627529	286
0.01055251845823	0.458192902081226	4
0.00544485107046011	0.918980406624426	4
-0.00279671204371001	0.911194107701343	476
-0.00721847239573004	0.498083405007933	4
-0.085053158335554	0.613544683673241	4
-0.068414266099475	0.247285453185001	109
-0.068872689064822	0.251056752215475	109
-0.070413735615296	0.244937250161024	109
-0.067534559012881	0.256778751447003	109
-0.015668865624918	0.391220929591653	109
-0.119335584000837	0.741493153277273	109
0.0238415974906001	0.629602843479536	109
-0.091538306353804	1.01284226644566	4
0.0270216994588399	0.650381686181367	4
0.0156645965011399	1.02653472687963	4
-0.096244962544013	1.07992524931252	4
0.0818896207019599	0.954259517667512	786
-0.117508151669286	0.754492468691463	4
0.0910748048894101	0.946637048599306	4
0.05963594617812	0.809839055374976	43
-0.069443212165524	1.10120811630582	404
-0.104773218764613	1.12249795790837	404
-0.085891647690588	0.5756183946188	109
0.10019026618086	1.10541860738072	286
0.0824280357864999	0.962122259202316	580
0.0941927149877499	1.44756123092325	286
0.0199780255259101	0.622181707768389	286
-0.056125990031252	1.15041991874571	4
0.0154104427286399	1.04216460668515	4
0.06163259722888	1.29873673916325	4
-0.002857045433174	0.936175545403524	4
-0.067219758501134	0.253570251530169	4
-0.065880546697546	0.259434889433519	4
-0.122264800324866	0.763029611306221	4
0.0687127848660001	0.800414096167511	152
-0.113488691091542	1.08925636515055	4
-0.088204575884238	0.620832985905041	786
-0.00583904919591904	0.48872978586122	43
-0.096220855432354	0.605113721457088	43
-0.067219758501134	0.253570251530169	43
-0.0625393383602501	0.253998127728779	43
-0.09064041309876	0.622023710960437	109
-0.114521365327598	1.15156619460488	404
-0.00415103947112205	0.935295048568035	404
-0.095667996911052	0.620922677070167	286
0.0613470285978599	1.3269570087276	4
0.00903423670033998	1.28034518729106	4
-0.0625393383602501	0.253998127728779	4
-0.0158390633409991	1.16898441709093	4
-0.076585662764504	0.894117321688836	45
-0.080980665754035	0.89484212429978	4
-0.067219758501134	0.253570251530169	152
-0.071749139015257	0.252367083560708	152
-0.013898776004275	0.382720393109243	152
0.04349035591548	1.20449792483823	152
-0.08954171300204	0.620060782736886	43
0.05677680820834	0.776145481784071	43
-0.00610438021932003	0.502367582022983	43
-0.06619560117474	0.249037682676712	43
-0.115189717759172	1.07904245488795	404
0.0923304873418001	1.57111649577148	109
-0.061494816822925	1.15792212853717	4
-0.00441697102280403	0.494669375145016	4
-0.065880546697546	0.259434889433519	4
-0.00472686040291204	0.492809036018075	4
0.0667771980747101	0.805272770518431	4
-0.084716433082727	0.877452226711807	18
-0.065880546697546	0.259434889433519	43
-0.076187368703611	1.07379401522066	109
0.06887490343806	0.805627008356751	404
-0.018276456985715	1.17344448374784	109
-0.092812618716837	1.17948750732821	4
0.0155480566284201	1.00963441173632	4
-0.101769334765102	1.0854102850121	4
0.12380589307465	1.27714770521584	4
-0.086410577471983	0.610315282645794	805
-0.017905649007764	0.388744915484838	4
-0.0645405050599031	0.251493140527709	152
0.03922114357758	1.419753594594	4
0.04035430340725	0.629007208568176	4
-0.068872689064822	0.251056752215475	4
0.0600802631305	0.813741823632408	4
-0.02426633982576	0.373566654266445	1625
-0.08743225862069	1.21525384266323	109
-0.013898776004275	0.382720393109243	109
0.0582810537595899	0.774006835534376	404
-0.017314138250921	0.37889071089191	109
-0.095536028304315	0.628135816278295	109
-0.093790147348585	0.607222802807832	109
-0.113536781342834	1.15569038887191	580
-0.01352250688087	1.17775156736472	921
-0.065538689007454	0.251621271524724	4
-0.012734080080538	0.382002213719781	4
-0.010942605978314	1.14673815248987	805
-0.067219758501134	0.253570251530169	4
-0.067534559012881	0.256778751447003	696
-0.090094941288396	0.606362576439308	1117
-0.046804030039172	0.782173366561089	152
-0.014503528485869	0.390439575213324	4
0.03270677481341	1.05172003814256	4
-0.0625393383602501	0.253998127728779	1625
-0.073083727690059	0.246860576976442	43
-0.013433336364014	0.371225268123078	43
-0.086478472563992	1.06518474793188	109
-0.062585728384112	1.13915672238702	109
0.04619579422271	1.59065693248481	109
0.0504339684852799	1.19743796343941	109
-0.102577934868619	1.11257719510032	109
-0.022915596415589	1.10308757093705	404
-0.0905099358036851	0.627832773066704	404
0.05694288207327	0.774668592439597	82
0.0230682910184901	1.09959530887271	921
0.01915064414301	1.37796369784315	275
0.02364537770989	1.39508488957825	4
0.0563077532217799	0.817977360116379	4
0.11660845163901	1.27495916809312	1060
-0.00361703567679605	0.492275925859402	4
-0.00639574040647095	0.49375960838641	45
-0.0645405050599031	0.251493140527709	4
-0.06052706227604	0.243125882854945	4
-0.065880546697546	0.259434889433519	4
-0.013898776004275	0.382720393109243	4
-0.011433217036128	0.87306501064686	152
0.0000296958823500226	0.510670270468513	4
0.0185546394785401	0.585357898626139	4
-0.121694320055691	0.755039583190142	18
-0.067534559012881	0.256778751447003	18
0.000161788886289926	1.41695093702196	109
-0.046277407344241	1.1744667151481	109
0.0286144246425	0.631822525717583	404
-0.0625393383602501	0.253998127728779	404
0.0305818875841599	0.643036527414715	921
0.00447104773178997	0.486928525118783	172
0.0550817966806101	1.82006397026155	275
-0.010517750568779	0.916302513143843	275
0.07180991401628	0.906350734437019	275
0.0601049475375599	1.77719062262551	23
-0.0975876922534	1.04755832973574	4
0.00197872664750998	0.49736600071763	4
-0.06052706227604	0.243125882854945	4
0.0851870075025101	1.47828858733167	45
-0.00108867490422804	0.511296437570494	4
-0.00583904919591904	0.48872978586122	4
-0.00825868800913199	0.348206179397263	152
-0.00933937192284395	0.363890657885816	4
0.0252482761947099	1.07140064399243	4
-0.094846930306811	0.594864262803677	4
-0.071749139015257	0.252367083560708	4
-0.00500130534718302	0.481114482509544	4
-0.015668865624918	0.391220929591653	4
-0.064196946148623	0.251484404125009	18
-0.032251189198002	1.66231762978781	109
-0.00787379886872996	0.953026676330247	487
-0.019113387608539	0.376578004095455	404
0.03775999177171	1.38657210254792	275
-0.000566341105460055	1.90238332303108	23
-0.065880546697546	0.259434889433519	4
-0.00635671803656801	0.45950741996077	4
-0.046456911195996	1.03389994829552	4
-0.068872689064822	0.251056752215475	152
-0.068414266099475	0.247285453185001	4
-0.065880546697546	0.259434889433519	4
0.000342273253850056	0.479392496185355	4
-0.022040982457204	0.375826847962743	4
-0.00289811333337997	0.933720705670402	913
0.0199054995194199	0.615246174641294	191
-0.01050194249726	0.369719209133139	18
0.0319482455281199	1.21787167088438	109
-0.082243682099829	0.850492307499925	109
-0.016835824673325	0.382206253694542	109
-0.064196946148623	0.251484404125009	404
-0.00388329523766295	0.496497670210441	404
0.11177783874293	1.25962598001135	404
0.06249197199991	1.34617193975723	921
-0.075576152339301	0.884220387323914	921
-0.076829879202733	1.94254975106305	275
0.03997653577546	0.607325771340479	275
-0.049587954643762	0.775929914920329	275
0.01452083766209	1.21187695422915	1060
-0.065538689007454	0.251621271524724	4
-0.018501493626048	0.371096296364045	4
-0.00498271273473905	0.485511948809799	4
-0.074755470741137	0.927098432332635	476
-0.014503528485869	0.390439575213324	4
0.0676025605922399	0.867385024350674	4
-0.06619560117474	0.249037682676712	4
-0.047328654762796	0.764345653159027	4
-0.048560988691735	0.748617258680922	109
-0.116560574946859	0.766530304561423	109
-0.067219758501134	0.253570251530169	404
0.0000705501836000266	0.461132073970089	404
-0.00748221359197998	0.489016979948613	109
0.0380036687798599	0.627660257893058	109
-0.0907736062300341	1.01377227362778	109
0.05297085592627	1.22420727716226	921
0.0423096958082101	2.03833318199159	275
0.09930471796331	1.66525285512941	275
-0.052287086656028	1.3358299476802	4
-0.064196946148623	0.251484404125009	788
-0.0645405050599031	0.251493140527709	4
0.02082768377989	0.588500871484631	4
-0.065880546697546	0.259434889433519	4
-0.122286294071763	0.765327720346449	4
-0.076518351078295	0.585006076928297	4
-0.015563368292551	0.374279767775775	191
-0.067219758501134	0.253570251530169	18
-0.067219758501134	0.253570251530169	1370
-0.107465227453546	1.41935729833128	109
0.11190170220923	1.88485871495777	109
0.11166034410614	1.72885886621851	109
-0.068872689064822	0.251056752215475	400
-0.009434807855076	1.18263567914965	109
-0.044704382268777	0.761602394625168	921
0.11858994219082	1.197650899164	275
-0.124902725984763	0.750281915550998	4
-0.110989399239354	1.17755898067991	4
-0.065538689007454	0.251621271524724	4
0.0737769823771399	0.938414102664656	4
-0.067534559012881	0.256778751447003	624
-0.050128197529367	0.745188567108267	45
-0.017314138250921	0.37889071089191	4
-0.014503528485869	0.390439575213324	4
-0.012734080080538	0.382002213719781	4
-0.067219758501134	0.253570251530169	2196
-0.065880546697546	0.259434889433519	4
-0.016135604289051	0.380362548270328	4
0.0593153408318099	0.808344945656735	4
-0.017440535504202	0.376598966944368	4
-0.00387823345366001	0.48625175402704	40
-0.065538689007454	0.251621271524724	191
-0.065880546697546	0.259434889433519	191
-0.063882169659874	0.254142270662805	1370
-0.058802697703769	1.46567387410047	109
-0.00997425588374501	1.45864501647248	109
0.0655590372475801	0.758062094323547	109
-0.0625393383602501	0.253998127728779	404
0.00149764476179004	0.900286676215577	404
0.06146318122884	0.802955958790452	920
-0.041043923598211	1.04553081037422	172
-0.064196946148623	0.251484404125009	172
-0.032000398138943	1.51808500590483	4
-0.013922755337878	0.460291135767112	4
0.0331439184915301	0.639094335478729	4
-0.11418002151902	0.749798815647985	45
-0.00844711363649298	0.470128831611298	1006
-0.019113387608539	0.376578004095455	1006
-0.0645405050599031	0.251493140527709	2196
-0.019084546330968	0.387196291764176	4
-0.017452025825713	0.893605687435074	4
-0.00631046533985302	0.955348254254219	4
-0.081210447164219	0.909184382239663	457
-0.0389441890451751	1.24744097746846	109
-0.065880546697546	0.259434889433519	203
0.0783871566595	0.92055730722177	82
-0.044336186404553	0.757847972525213	172
-0.093069506139799	0.606655332698535	275
-0.067219758501134	0.253570251530169	4
-0.00247328631615495	0.507841081738223	4
-0.067534559012881	0.256778751447003	4
-0.0645405050599031	0.251493140527709	4
-0.064196946148623	0.251484404125009	4
-0.110800944584142	1.08699007351687	4
0.01840424243572	1.02825937019196	4
-0.022491916033672	0.374996717181427	4
-0.00190979433827398	0.491394043858244	40
-0.00275746028721902	0.487404487633906	4
-0.070413735615296	0.244937250161024	754
-0.065880546697546	0.259434889433519	623
-0.094177527266626	0.619565919786296	457
0.0000296958823500226	0.510670270468513	457
-0.00253649244731802	1.48029158537604	109
-0.048708519267557	1.41521669792981	109
-0.035366961337247	0.780401288365406	109
-0.065880546697546	0.259434889433519	203
-0.0625393383602501	0.253998127728779	203
0.08339284283269	0.942302960409863	404
-0.100156626990526	0.598557942224966	404
-0.0114030723658201	0.48535386731661	404
0.0367887284080199	0.645674653209754	109
0.05277820020376	0.79574634789123	172
-0.090759719473563	0.611009666938273	775
-0.013339825466919	0.380903847356655	775
-0.022491916033672	0.374996717181427	172
0.0264066101565501	1.39637177044637	4
-0.0625393383602501	0.253998127728779	4
0.000379323684239985	0.925851338364755	4
-0.102480065280178	1.00030489346077	4
-0.017314138250921	0.37889071089191	624
0.05361532123682	0.775505635177597	4
0.0231156654118001	1.38178993550182	4
-0.014958313029618	0.377024165300835	4
0.0305818875841599	0.643036527414715	4
0.06263374411219	0.806092441490929	4
-0.067534559012881	0.256778751447003	4
0.0560991448852	0.773249087721256	4
-0.017905649007764	0.388744915484838	191
-0.067219758501134	0.253570251530169	754
-0.0625393383602501	0.253998127728779	754
-0.035366961337247	0.780401288365406	457
-0.05664807925225	1.34153472962658	854
0.11369985330221	1.19147133209038	109
-0.089530271666471	1.02535028031423	109
-0.065880546697546	0.259434889433519	203
-0.065880546697546	0.259434889433519	203
-0.015668865624918	0.391220929591653	203
-0.00527079627288296	0.49925578169636	920
-0.00721847239573004	0.498083405007933	82
-0.065880546697546	0.259434889433519	82
0.11042005206683	1.6387778530376	4
-0.06052706227604	0.243125882854945	4
-0.00108867490422804	0.511296437570494	4
-0.025425246285004	0.372135739368442	4
-0.065880546697546	0.259434889433519	4
-0.061323158717993	1.13658056180526	4
0.0293725727451299	0.63362442432299	4
-0.016135604289051	0.380362548270328	4
-0.046286632004298	0.793680949654738	4
-0.068414266099475	0.247285453185001	4
-0.068872689064822	0.251056752215475	623
-0.068872689064822	0.251056752215475	854
-0.016727994705372	0.385176841231482	457
0.10680587362418	1.8382056876117	109
0.0920000056183401	1.47610298669939	109
-0.020856679862344	0.372868667445208	212
0.02462106766921	1.35538225646586	203
0.09494621398574	1.09277069062054	82
0.0632511847583299	0.813844641009462	109
0.09014279441909	0.889758917812691	2295
-0.122427971150945	0.753593423497405	172
-0.0825334796798261	0.848672186788828	172
0.02505219970997	0.634672330958724	172
0.0261912273556899	0.633012264774685	4
-0.060962221074132	1.10826530815185	4
0.02588619562456	0.647441714319122	4
0.0874008976079701	0.959039647790915	4
-0.042265768538033	0.792043038403947	4
-0.00709661451263399	0.348723153777111	1918
0.08351763298869	1.25821144885096	4
-0.080746409709012	1.35110449948839	4
-0.080392433525573	0.892353867291351	40
-0.00166121825203003	0.480182751759751	4
-0.068872689064822	0.251056752215475	4
0.11101668237882	1.05830856752162	109
0.0808232552199399	0.968568807044521	109
-0.060587187185654	0.676705576304888	109
0.0000296958823500226	0.510670270468513	203
0.0270216994588399	0.650381686181367	203
-0.100295727324214	0.578814591625393	920
0.0765940385646899	0.961265545877924	109
0.04327375058428	1.21051331909007	109
0.12426157380555	1.2463036413394	172
-0.089171557443362	1.94464119591507	275
-0.015610697074266	1.33186578454988	4
-0.00135302759039702	0.507236524506667	23
0.0468300091634	1.17762720241356	4
-0.014958313029618	0.377024165300835	4
0.08017112775157	0.954635993981487	4
0.0860504510140001	0.980400911725146	4
-0.027741876689069	1.02186575578278	4
0.0280294099229901	1.05111829528426	4
-0.020264676455524	0.376952470849492	40
0.0261207417226099	0.610514131829355	4
-0.01627455426909	0.375922087304922	854
-0.046286632004298	0.793680949654738	203
0.0740296236188101	1.3269751527719	203
-0.043622536942121	0.780388070226	82
-0.045257599476474	0.78732941651851	82
-0.019113387608539	0.376578004095455	172
-0.036651782587388	1.24995055028211	23
-0.0489440498188231	1.12854723516713	4
-0.089423339151584	0.623300607160083	4
-0.016135604289051	0.380362548270328	854
0.02814511685531	0.633437854736839	854
0.0228320437457401	1.06293287666927	109
0.02431213331482	1.09250035234684	109
-0.047526959406504	0.792688457856669	109
-0.122946155946686	0.749842408886253	109
0.0623768123127599	0.806176512566341	212
-0.019677417236499	0.374301200409669	203
-0.116273621826804	0.743608535944428	203
-0.0460734060264411	0.786822829044712	82
-0.122306129249551	0.722044762822753	82
0.0577838406028099	0.806223017157622	109
-0.072023803758781	0.896939902838597	172
-0.061462686523612	1.30415740435065	275
-0.029337833241548	1.00841587893536	4
0.0962694026367401	1.66665463667025	4
-0.086283256492108	0.600609217966029	23
-0.080265857951572	0.889142691919632	4
-0.017314138250921	0.37889071089191	4
-0.065880546697546	0.259434889433519	343
-0.0625393383602501	0.253998127728779	343
0.0305897541020099	0.628910420670558	4
-0.0625393383602501	0.253998127728779	4
0.03201720994591	1.07026924103228	4
-0.073899139509332	0.900137718527824	40
-0.06619560117474	0.249037682676712	4
-0.074132556942514	0.900997330643441	4
-0.00445612658252204	0.461688106473223	4
-0.017905649007764	0.388744915484838	854
-0.00108867490422804	0.511296437570494	854
-0.020269493277755	0.377267033686799	854
-0.121202517921531	1.14874646999931	73
0.0877843375425	0.946369004709014	109
0.0771322596084501	0.932565868632956	212
0.0828231600006699	0.989868458761885	315
-0.073083727690059	0.246860576976442	212
0.02512525124222	0.627868955282044	82
-0.0890140994265321	0.817826324637767	172
-0.103335243542214	1.22383456320082	275
0.00420911613368991	0.496540120465177	4
0.06657452283876	0.802810026085527	4
-0.037634241713729	0.779003623748977	759
-0.093190096029398	0.559314894181275	4
0.03171451167355	0.645901633554053	4
-0.020264676455524	0.376952470849492	40
-0.025425246285004	0.372135739368442	40
-0.121971782187964	0.753192104216809	4
-0.068872689064822	0.251056752215475	4
-0.019677417236499	0.374301200409669	466
-0.00948322048024697	1.15839911315198	109
-0.047547929762751	0.977303707450048	109
-0.016835824673325	0.382206253694542	203
-0.120720821749146	0.758427412337359	203
-0.010173927311095	0.874174859923879	109
-0.123682479094875	0.762403990629206	286
-0.047841311581221	1.22514554319471	4
-0.045793390820818	0.746585653978994	4
0.11515199729343	1.19964300307595	4
0.01452009882084	1.03284165348617	4
0.0600802631305	0.813741823632408	4
0.0309594070430099	0.654630639313202	4
-0.0876393865983091	0.613180640768957	4
0.07680816420055	0.943302996716327	4
-0.0248100664312581	0.364151172248145	4
-0.0645405050599031	0.251493140527709	854
0.0664922742663201	1.36027154420971	109
-0.122401887605464	0.751957846418546	707
0.03687446985066	0.638715945392441	212
-0.037634241713729	0.779003623748977	82
0.04278580296598	1.22754542593378	109
-0.081858384736062	1.6522502927293	275
0.0533962923046401	1.26158887604684	249
-0.074225250229774	1.47385938329783	249
0.12354797015645	1.33118217538138	23
-0.08995817772404	0.626909536914575	4
0.0000296958823500226	0.510670270468513	4
0.03171451167355	0.645901633554053	4
-0.0114030723658201	0.48535386731661	854
0.0384089659565801	1.18872131022725	109
-0.092659156903662	1.00447980245883	707
-0.089290582400822	0.625300752112938	203
-0.119468966811933	0.759434861253327	220
-0.059625312557744	1.15716806666705	172
-0.124359507030176	0.722659361257543	249
0.0533855611221401	0.777712194552811	4
-0.073228908325455	0.894808706765916	4
-0.079139993074253	0.907440701124266	4
0.06200775406237	0.744291368527158	4
-0.045387193943533	0.749241410613823	4
0.0203253202351299	1.08551110726247	4
0.0824036960425501	1.51661535088227	4
0.0859219403348701	1.46965069958562	4
0.00687819594079997	1.25482752129324	4
0.11418119579985	1.27701807330179	4
0.0634082890622301	0.811391763628985	73
0.1120089897585	1.24346533861442	73
-0.08370817451621	0.61704535629704	707
0.02739415332573	0.642939065284337	707
0.0760546419996	0.912082171033603	212
-0.119042707669832	0.745811353923959	212
-0.072841247238715	0.566440557975806	203
-0.00787379886872996	0.953026676330247	220
-0.10201843424565	0.991013714865679	220
-0.032598293366611	0.757231434193648	172
0.03518777244062	0.631624940620326	4
-0.020884227361346	0.375146066812685	4
0.09494621398574	1.09277069062054	4
0.0151316775944601	1.02951945393492	23
-0.033085702504685	1.01416480430264	4
-0.03629776728335	0.772106613853284	4
-0.018648307475022	0.363259958199166	4
0.10728984426402	1.18141029560963	4
-0.017905649007764	0.388744915484838	4
0.0437619876952799	1.1748719348989	40
0.05240184682455	1.19758963999412	4
-0.041448118137392	1.00902889827766	4
0.10504273843702	1.110201737976	4
0.000295600687499897	0.497525749834541	4
-0.020884227361346	0.375146066812685	306
0.0547561001968899	0.770667977687894	854
-0.0735355914778561	0.925456466399038	109
-0.00330714066976101	0.902240578801697	73
0.06699186085083	0.852354661250271	707
0.05582952044318	0.783549184056323	707
-0.09444284912713	0.59696391237726	212
-0.046493603187631	0.740883098992663	212
-0.015110207179333	0.367299823103279	212
0.0587066137344101	0.795249823542045	203
-0.076222264600562	0.827305073682437	203
0.00293339623894995	0.927661871211824	82
0.00252623207050995	0.491876771102163	82
0.02391258100845	0.626680553099582	172
0.03557256570011	0.648771497133395	172
0.0000173232988400773	0.93463411356267	172
0.0500770053662101	0.761373087192797	249
-0.082705835400807	0.883571388463314	4
-0.00558940134933905	0.94635217999978	4
0.05294506914108	1.24870042510621	4
0.10188107371505	1.14401235483815	4
0.0313427492968099	1.41785586444511	4
-0.064196946148623	0.251484404125009	4
-0.086410577471983	0.610315282645794	4
0.04635060618646	1.21984136360569	4
-0.106664758334554	1.12052141151357	40
0.10707358273695	1.19960530967335	109
-0.00414814925962403	0.500469826085859	707
-0.00695358995770701	0.476199658171555	707
-0.093527467297953	0.584682800138837	212
0.04194877026741	1.21805946521817	82
-0.077635458851223	0.892180969757221	286
-0.045774829052371	0.785704660826346	172
-0.017905649007764	0.388744915484838	172
-0.06861480803328	1.13912760902594	23
0.0897417447605699	1.42546104158566	23
-0.087235834484927	0.626949612071108	23
0.0751428690407801	0.905908982502105	4
-0.118478654030877	0.745249427194476	4
-0.00752296976199196	0.47993434273949	4
-0.068872689064822	0.251056752215475	4
-0.066063475906375	1.03806300745385	186
-0.00349126330165905	1.41858582181376	854
-0.016727994705372	0.385176841231482	707
0.0273197969136401	0.642048496607956	707
0.0638438563175301	1.34046619328324	188
0.0651596495603901	0.74742207634996	220
-0.087100632518031	0.623332618153432	220
-0.088725041742744	0.593236614810553	172
-0.0941958845238819	1.50434376507276	275
0.00114572345116004	0.505160017259422	249
-0.014503528485869	0.390439575213324	249
-0.00302781129529806	0.497945449460253	249
-0.099510058164888	1.01019578270865	4
-0.0800582501023101	0.58686709992601	4
0.0259686222490401	0.626613476250499	4
-0.059800831400462	1.10534423147186	4
0.0288027910998001	1.38800292637211	4
-0.037846232913891	0.772041658609807	4
0.02974497792487	0.655303666223156	40
-0.100689646989778	1.11693048361009	40
-0.040834562487082	0.781254046571248	186
-0.0625393383602501	0.253998127728779	276
-0.019084546330968	0.387196291764176	188
-0.016135604289051	0.380362548270328	203
-0.017440535504202	0.376598966944368	249
-0.092059785711885	1.00037563498413	23
0.0603774186314801	0.68991465290133	4
-0.100238004312286	1.11176604634859	4
0.11264729551718	1.2647213341324	4
0.03049636688278	0.643913728026952	4
-0.087235834484927	0.626949612071108	4
-0.08655434970642	0.620233756758845	186
0.02589595839952	0.613918077859457	1301
0.05824388808222	0.811024786681661	854
-0.065538689007454	0.251621271524724	276
-0.0645405050599031	0.251493140527709	707
0.0344392192771199	0.650557488241427	188
-0.0457315578598711	1.01400850831025	188
-0.095246859436199	0.607945491724389	172
-0.094314053924081	0.629461958839063	1176
-0.0898191429665121	0.628128224122552	249
0.06317743767977	0.806768138120425	4
0.06301088412433	0.813325860273768	4
0.11540672777062	1.25844009131421	4
-0.071053923626585	0.916878710887254	40
-0.0645405050599031	0.251493140527709	4
-0.0645405050599031	0.251493140527709	4
0.0763006230864001	1.41594615024851	276
0.0273197969136401	0.642048496607956	276
-0.000823220216042975	0.493395336855741	276
-0.015668865624918	0.391220929591653	188
-0.090629112387463	0.610012164351701	212
-0.033805853080601	0.775973517750149	203
-0.044116542649466	1.41684853776492	220
-0.124936087028023	0.76731646519126	109
0.01229361137365	1.57183014536881	4
0.09894621825917	1.61236877285731	4
-0.0871942414743691	0.855192176718111	4
0.0089117708078601	1.58457526761742	4
-0.040304332317062	0.792350603353432	40
-0.01639888689154	0.909874656168487	4
0.0163408740976601	1.02195036258393	40
-0.016727994705372	0.385176841231482	4
0.0285317751871901	0.651391834559832	4
0.0344392192771199	0.650557488241427	4
-0.032226740910941	1.02932084842097	186
-0.065090598374944	1.5011578811214	186
-0.00639574040647095	0.49375960838641	276
-0.00190979433827398	0.491394043858244	276
-0.015668865624918	0.391220929591653	276
-0.065880546697546	0.259434889433519	73
-0.065538689007454	0.251621271524724	188
-0.017314138250921	0.37889071089191	188
0.0803155432654199	0.981974406007092	212
-0.062244655118479	1.30790493914943	131
0.00387445076912996	0.923950604700071	1176
0.03322951845694	0.633709120479951	1176
0.02475011095071	0.627146093668404	1176
-0.08832201843921	0.623902591157892	4
-0.012872704147227	0.358485453686311	4
0.0222186355769001	1.08534344382931	186
0.0602348365110901	0.808647405675752	238
-0.00962002211552004	0.470515137644633	276
-0.015668865624918	0.391220929591653	109
0.0471855228254801	1.22004371619579	1176
-0.063882169659874	0.254142270662805	4
-0.04560001220406	1.03529069820949	2106
-0.040084487993345	0.790338789420497	2106
-0.00163899777907495	0.485080308626588	4
-0.00527079627288296	0.49925578169636	4
-0.121295881763302	0.770073663181405	40
0.0565068890992799	0.7639156234074	4
-0.099768331912804	0.5821547315168	276
-0.045044771282222	0.790396648208132	276
-0.038837467983977	0.786592111611411	707
0.0000296958823500226	0.510670270468513	188
-0.00135302759039702	0.507236524506667	188
-0.0159033448779879	0.911222271605965	265
0.0984689804093	1.13817489677545	109
-0.00553918970329603	0.497144631917335	230
-0.03997285075261	1.2486440265174	23
0.10172405410365	1.77570455543553	23
-0.028996449587	1.49453959722656	23
-0.00184874478960095	0.491440590443094	4
-0.06619560117474	0.249037682676712	4
0.11021812945953	1.25778181242738	40
-0.015668865624918	0.391220929591653	238
0.05677680820834	0.776145481784071	73
0.00252623207050995	0.491876771102163	707
0.0605452817807199	0.815507125400686	270
-0.00315056619666598	1.13999558472144	172
-0.047537943798331	0.998698939825606	4
-0.09909379196746	1.00429046274356	4
-0.083968011590666	0.616460121163998	4
-0.030042090147239	0.352920940710787	4
0.0213814005359501	1.70412016378868	2106
-0.017440535504202	0.376598966944368	4
-0.053209889978655	1.12535203036418	186
-0.05933156772341	1.12063146130932	707
0.10326175639907	1.11036697593664	707
-0.039008290773181	1.05602232603987	188
0.0930401663296301	0.921517399319907	188
-0.035673258737866	0.758462993513151	188
-0.121971782187964	0.753192104216809	188
-0.067534559012881	0.256778751447003	188
-0.067534559012881	0.256778751447003	413
-0.080870517156783	1.31659245656418	188
0.00476114234757996	1.27789096114435	188
0.0101158543575299	1.22926981934639	188
-0.0425197746350769	1.61927300612026	1176
0.00662072543370007	1.29397469552874	23
0.0301733043991499	2.1100451350683	23
-0.083697556303671	0.908139030106575	4
0.0813167912483299	0.973530284675345	4
0.0230682910184901	1.09959530887271	4
-0.00889876173685	0.481654523021033	4
0.0648330930746901	0.790148353942379	409
-0.057468899582292	1.11996650438245	186
0.0131583008912799	1.29272461237995	186
0.0101738334019299	1.01686311594896	186
-0.071749139015257	0.252367083560708	276
0.10866109985989	1.11799306790342	276
0.0212298439272101	1.38037604108857	276
-0.00666371582277703	0.495937115399256	212
-0.00247863414222305	1.48280720489962	188
-0.00527079627288296	0.49925578169636	82
0.02077708223742	1.05463715644604	220
0.07090681066964	1.35526076071359	220
-0.020269493277755	0.377267033686799	230
0.0119946903328101	1.96777710023997	1176
0.080568214498	0.98442015374761	4
-0.063882169659874	0.254142270662805	4
-0.00166121825203003	0.480182751759751	4
-0.00361703567679605	0.492275925859402	4
-0.067534559012881	0.256778751447003	4
-0.085940081342692	1.14305364040263	4
0.00309510420782	0.499796681181561	734
-0.043292895681793	0.798469725263667	1005
-0.0109680933028991	0.925069244789209	186
-0.067219758501134	0.253570251530169	186
0.0308811696628	0.65346639012229	238
-0.014503528485869	0.390439575213324	238
-0.067219758501134	0.253570251530169	238
-0.012268469778107	0.37736075727471	238
-0.067534559012881	0.256778751447003	276
-0.00415103947112205	0.935295048568035	276
0.03944329457674	1.20575819741717	707
0.05443105521453	1.19368330414456	212
-0.042448297094652	1.00602015302575	188
-0.00247328631615495	0.507841081738223	220
0.0811766376335701	0.963758819734105	109
-0.019084546330968	0.387196291764176	172
-0.00232241182038395	1.49238879143768	23
-0.000639842552634051	1.48735579862997	4
-0.045563004087895	0.791141257118773	4
-0.017314138250921	0.37889071089191	4
-0.088576548555927	1.2026975099561	478
0.0597784054475801	0.770559731945717	186
-0.018137364235115	1.37537443106303	186
-0.067534559012881	0.256778751447003	186
-0.017905649007764	0.388744915484838	238
-0.017314138250921	0.37889071089191	238
-0.073399783145525	1.23808297941675	276
-0.12224690464006	0.74066963433047	188
-0.039856979965315	1.06416492453379	188
-0.067534559012881	0.256778751447003	413
0.0332234364577799	0.648566618216061	220
-0.00779053745527703	0.490511240569793	220
0.0546180975992101	1.2958022188867	109
-0.102652913238158	1.08551787297289	273
0.0161192118225699	0.579995539649619	4
-0.00686742667246099	0.838413183927021	4
-0.016880421289568	0.364603451979623	4
-0.022491916033672	0.374996717181427	4
0.0792242441742601	1.46751403097919	40
-0.015668865624918	0.391220929591653	40
-0.095627143875763	1.00466336204083	1986
0.10581661113008	1.83724321715149	4
0.080568214498	0.98442015374761	186
-0.071749139015257	0.252367083560708	186
-0.00108867490422804	0.511296437570494	238
-0.065880546697546	0.259434889433519	170
-0.067219758501134	0.253570251530169	170
-0.055520563094447	1.25901860284279	276
0.0259686222490401	0.626613476250499	188
-0.0625393383602501	0.253998127728779	188
-0.0625393383602501	0.253998127728779	188
0.01055251845823	0.458192902081226	220
0.0389047119964601	2.1138657124562	23
0.0547561001968899	0.770667977687894	4
-0.03921240449251	1.02831496539538	4
0.0417620807568899	1.02174242657075	4
0.0305897541020099	0.628910420670558	4
-0.016835824673325	0.382206253694542	4
-0.016727994705372	0.385176841231482	4
-0.065880546697546	0.259434889433519	4
-0.015065093810954	0.374227951388386	40
0.00141208879921995	0.496969673700719	478
-0.019864378552868	1.35752630812385	478
-0.002736080924162	0.489017307151277	1005
-0.045951130109638	0.762541408735371	186
-0.046376816206548	0.752111565581537	186
0.0580136670878899	0.777628038848784	188
-0.070413735615296	0.244937250161024	131
-0.07792163134009	0.897838356134026	131
-0.040825030777871	1.26544556232978	188
-0.066952015064633	0.875042355865963	188
-0.017314138250921	0.37889071089191	188
-0.075335553517996	0.909911935205601	220
-0.011374042491175	1.15283462128846	109
0.0273427829306101	1.06169572048329	109
0.10283468231145	1.88016122319207	273
-0.00191805165330505	0.445518700494812	4
-0.067534559012881	0.256778751447003	4
-0.020884227361346	0.375146066812685	162
0.02464548174464	1.32594332297997	186
0.0496918791074601	1.18734598072162	186
-0.116499816751267	1.20171100730194	186
-0.017905649007764	0.388744915484838	423
-0.063882169659874	0.254142270662805	276
-0.015668865624918	0.391220929591653	276
-0.063882169659874	0.254142270662805	276
-0.012268469778107	0.37736075727471	276
0.11968320140977	1.27078734602822	188
-0.045678344899072	0.999014652073288	188
-0.041077284975541	1.00361225445752	188
-0.051739746444508	1.12354290006039	220
-0.064893648019042	1.14838715616243	109
0.06405227976672	1.85712032348074	109
-0.00302781129529806	0.497945449460253	877
-0.018493904698656	0.369233659667497	877
0.07334926401531	1.95286264319513	273
-0.000889821084706033	1.31248786462333	273
-0.0624145267474	1.44642645048419	273
-0.091120606340136	1.0146652792437	4
-0.036782108905263	1.0611893635229	4
-0.067219758501134	0.253570251530169	4
0.0405179661606301	1.52571124766537	478
0.0390564908290001	1.15851940675839	186
0.0191673333739499	1.05237435403501	186
0.06091201333814	0.785218031988118	186
0.0279365054821401	1.42484596392353	186
-0.00779053745527703	0.490511240569793	186
-0.02365017601214	0.373559081560533	170
-0.0625393383602501	0.253998127728779	423
-0.00639574040647095	0.49375960838641	276
-0.025425246285004	0.372135739368442	276
0.0640799761500599	0.78998877489625	188
-0.011571018248453	0.373046172195889	188
-0.020467850101052	1.08616069125483	131
0.08017112775157	0.954635993981487	220
-0.109711625848285	2.45826751205991	273
0.0661467764927299	2.35919062984956	4
-0.000672879849609953	0.48836950703732	4
-0.121971782187964	0.753192104216809	4
-0.118071043098279	0.743176083797437	4
-0.017958954735425	0.367864762950842	4
-0.062627708553155	1.13469267205389	452
-0.010284664849479	0.490675097898742	162
-0.020337795933746	1.11618708351589	1986
0.10358697760882	1.10205198437942	478
-0.075890236251079	0.877438628265636	186
-0.014503528485869	0.390439575213324	276
-0.116273621826804	0.743608535944428	334
0.0594744121611599	0.818255942914229	334
-0.122264800324866	0.763029611306221	334
0.0221402839338201	1.07856672772904	276
0.00201374145272992	1.47585358649832	188
-0.023397595374801	1.1271933860002	1766
0.03452560700769	0.637436243435779	220
0.05793590312919	0.795895371006051	220
0.0921653295603699	1.09710823567646	109
-0.010482768969041	0.947092747747611	109
-0.042265768538033	0.792043038403947	183
0.000649199442930071	2.28958209312301	273
0.01808640010753	1.53418588740728	273
-0.123880032158649	1.00598965345589	273
-0.069044691166796	1.07857405617496	273
-0.077210497068184	1.2011118668608	273
-0.1025162386581	1.54538846341235	273
0.000116451028870035	1.15674425676285	273
-0.113231675952494	1.46743200570367	273
-0.043599729590454	1.0364698064156	4
0.080568214498	0.98442015374761	4
0.0274770809409	0.63346615176634	522
-0.041329969143155	0.788803154170355	40
-0.103310708787209	1.12747609267168	40
-0.012364303273006	1.19323530673277	40
0.03389382238346	1.03956833482628	186
0.05385179137292	0.805432806630241	276
-0.00359587459327104	0.503473037000329	334
-0.00527079627288296	0.49925578169636	334
-0.048765756342713	0.787245139710381	334
0.02270113669865	0.621746234525856	109
-0.122401887605464	0.751957846418546	109
0.1030773027006	1.11672957841709	109
-0.00604506831872698	0.919510765513176	183
-0.075349600925397	0.900348183040862	4
-0.095730215290442	1.43114587183089	40
0.03302358970521	0.63152240394417	452
0.10720964816068	1.1186434482143	40
-0.032496340043298	1.03644517823676	4
-0.012683997198906	0.937661197008492	522
0.05177648216468	0.717659666119258	40
0.00368243016392	0.467887160534982	478
-0.016727994705372	0.385176841231482	478
-0.00385823286426101	0.48952690809136	186
-0.119632720701199	0.74297754520219	170
-0.044404394291281	1.02692461316084	423
-0.040741925318049	1.12203784984188	276
0.02572841043861	0.621851884436337	276
-0.00933937192284395	0.363890657885816	334
0.03049636688278	0.643913728026952	334
-0.063882169659874	0.254142270662805	188
-0.017440535504202	0.376598966944368	188
-0.005848991945688	0.928538221168521	131
0.02557153493621	1.06892189929837	183
-0.044445084127927	0.755125084116578	273
-0.086248927392894	1.77804609021177	4
0.01642846010744	1.29283801772594	4
0.0270216994588399	0.650381686181367	452
-0.124471022918878	0.727596720665227	40
0.0593153408318099	0.808344945656735	423
-0.046493603187631	0.740883098992663	276
-0.048327557122028	1.01768484144505	276
0.05753858923949	0.816838827485723	276
-0.016135604289051	0.380362548270328	276
0.0813167912483299	0.973530284675345	334
0.0571718229859499	0.801258289430108	109
-0.062505448911635	0.811169149965551	109
-0.060966300444743	1.43594349745407	273
0.00628915142398001	1.58650991879235	273
0.0960293928826099	1.92699236269091	273
-0.073656488797808	1.48411718410753	273
0.0376806749343701	1.37945650801931	4
-0.0968247438205429	1.02451783570303	452
0.0871896709580899	1.5734219719547	40
-0.095720401108192	0.771224231811304	40
0.0384096330577299	1.55484335732823	40
0.11477757636901	1.22931502191719	478
0.0580136670878899	0.777628038848784	276
-0.096095193919835	0.604859358177802	188
0.0655044774990201	0.789415918509847	276
-0.114338426467958	0.747526497725883	276
-0.098000179383599	1.01787923099093	188
-0.10125781440114	1.00667521014136	188
-0.09127955724722	0.99138565719631	109
0.06160471503868	1.28235488413444	183
0.04430586673232	1.21894465875262	183
-0.096971693620998	2.02816874424281	273
0.04445030619494	1.93426873805642	273
-0.013505991226923	1.90743478627723	273
0.03472142624251	2.22197103954127	273
-0.082759802210857	1.86195276078156	273
0.0270102038870399	0.614293138926128	4
-0.0713337739925241	0.902749381936994	4
-0.096624368821481	0.620723549429619	40
-0.100156626990526	0.598557942224966	40
0.0308811696628	0.65346639012229	915
-0.0918650069175469	0.620352060705232	40
-0.018493904698656	0.369233659667497	162
-0.0740716118698011	0.910439501563662	186
0.0353762574515799	1.43172851026758	170
0.0426341138022901	1.19106300091934	276
-0.041023327307668	0.790912212888387	188
-0.010015274830746	0.476584224077404	188
0.0755902170491101	0.923848410694397	109
-0.017568535049732	1.38235644648423	183
-0.058292869157663	2.26629760318167	273
-0.058231048959713	1.86087702354857	273
-0.088872729806731	0.610042699703162	4
0.0620256117410101	0.806777876184091	915
-0.00161626895505096	0.484125222891858	915
0.01148837727784	1.26706615916906	40
0.03080526005433	0.630658052763817	478
-0.010284664849479	0.490675097898742	40
0.00171884580608994	0.496558240397246	186
-0.092943575735435	0.62117754776925	170
-0.003332397977027	0.493225225431404	360
-0.027818329831385	0.349003936028886	170
-0.049872658984448	0.978844731804613	276
0.11694457824126	1.27946254530948	188
0.10924135510203	1.13326749051617	188
0.02484072156438	0.620068885632153	188
-0.010867051925477	1.1360572533881	109
0.0256220291806299	1.960199804084	273
0.03041960217558	1.72491812751321	273
-0.10744866826243	1.4809475866743	273
0.0938456156931	1.99587073057818	273
0.05753858923949	0.816838827485723	186
-0.114471377932968	1.19298467721196	186
0.0072823277346199	0.47960968966292	170
-0.0858775519658001	0.618419772690302	360
0.0643215153548999	0.807404322537144	188
0.0286082013048801	0.646747561493924	188
0.10364073054146	1.53469976306651	188
0.10686516260523	1.22492323442748	188
-0.109542890205316	0.951938433883429	189
0.0956378830953699	1.53272327651492	270
0.0510870067301299	1.22021518354161	270
-0.010797327140981	2.15720609030182	273
0.04111151091244	1.1991209321715	4
0.08736562571019	0.958534626927938	162
-0.00433295047277105	0.947413906669957	40
-0.113159492389207	1.14543675903555	186
-0.01846615727714	1.35212459199741	186
-0.092267650738751	0.624758487238772	360
-0.00302781129529806	0.497945449460253	63
0.0860504510140001	0.980400911725146	276
0.02505219970997	0.634672330958724	276
-0.075574644354992	1.05808789407189	1766
-0.073564142094611	1.11069357455622	188
0.0803226912492401	1.43146703209468	270
-0.01062402979106	1.86993586553564	4
-0.036675381405331	1.79336227555902	4
0.01179578117813	1.64527179056919	4
-0.067534559012881	0.256778751447003	40
0.00420911613368991	0.496540120465177	915
-0.00441697102280403	0.494669375145016	915
-0.121598502904026	0.745286740437982	915
-0.017905649007764	0.388744915484838	162
-0.049467528669594	0.753188799654667	40
-0.060025870159923	1.15068771720223	226
0.11073113508996	1.09561414987835	276
-0.063882169659874	0.254142270662805	360
0.00114572345116004	0.505160017259422	63
0.0844519902416601	1.47760676637028	276
0.0200570507779501	1.05288866227761	276
0.0411722245670501	1.15366791321137	276
-0.051344478757448	0.701773963544439	276
0.0993920035051801	1.13711607199082	276
-0.086695837894712	0.616532055610435	276
-0.04032486873167	0.768738063864541	276
0.07437951132756	0.947329298181925	188
-0.061033255314097	1.13473815218879	188
-0.0443078278592281	1.01258602250088	183
-0.065880546697546	0.259434889433519	87
0.10948531355653	1.20240843720161	4
-0.017905649007764	0.388744915484838	40
-0.019113387608539	0.376578004095455	162
0.0458712073016601	1.18027336305149	276
-0.067219758501134	0.253570251530169	276
0.0325176396820499	1.42396696915668	276
0.0980203006535201	1.09795648325166	383
-0.016201860118044	1.1378945552494	276
-0.086581442978666	0.859337626703751	276
-0.053180317040603	0.733200412146072	276
0.0423734136807199	1.52953763666716	188
-0.107412240372954	1.26443381595939	188
0.0850768823431201	0.976814696253702	188
-0.075700499032796	0.88552487521931	188
0.0228043959266999	1.06606069418269	188
0.0364084687808599	0.63121496772461	270
0.0200878126400099	1.08310293419623	183
0.0961027796005201	1.08631802538193	183
0.02520062928883	0.603885945178037	55
-0.045563004087895	0.791141257118773	226
-0.00553918970329603	0.497144631917335	170
-0.00933937192284395	0.363890657885816	63
0.0000296958823500226	0.510670270468513	139
-0.052428445877588	2.01849737389845	273
0.02974497792487	0.655303666223156	55
-0.00166121825203003	0.480182751759751	55
-0.068164433628309	1.48055247418772	478
-0.083688210863323	1.22126686345316	170
-0.00472686040291204	0.492809036018075	276
0.0225451277342099	1.09312435391196	276
0.01876542714612	0.612593922703931	139
0.02956405732526	1.06898210048961	40
0.09926343389841	1.10074117182937	40
-0.064234854600233	1.09178363300498	40
-0.03951726137288	1.20844559876821	40
-0.010653723581606	0.908760270442267	276
-0.085629415837038	1.38350412106049	276
-0.010976927387628	0.469897446452037	276
0.0174863841346899	1.5688006885777	273
0.0830498643765001	1.47673811026319	273
-0.010517750568779	0.916302513143843	40
0.08875639828911	0.973721793170917	40
-0.052026603713487	0.72713621357502	40
0.02391258100845	0.626680553099582	276
0.01969145207421	0.597919683622821	276
-0.00441697102280403	0.494669375145016	276
-0.00721847239573004	0.498083405007933	59
-0.019084546330968	0.387196291764176	276
-0.017905649007764	0.388744915484838	276
0.01968595328359	1.07537279939155	273
0.05916292680532	0.794856531648152	4
-0.00511058234153805	1.1874768652973	14
0.0544981095511501	1.56957116831185	55
-0.094448312747121	0.626330714166473	186
-0.045563004087895	0.791141257118773	186
0.00309510420782	0.499796681181561	186
-0.065880546697546	0.259434889433519	276
-0.011704870942944	0.459373897460139	276
-0.06619560117474	0.249037682676712	276
-0.067219758501134	0.253570251530169	139
-0.022491916033672	0.374996717181427	139
0.02459150797431	1.04929195429974	188
0.02505219970997	0.634672330958724	188
-0.108557126295239	1.10854414852385	188
0.03099835211067	1.9732419093482	189
-0.121033482853715	0.766351637342221	109
-0.103585978733183	0.985160932518506	109
-0.104801110470401	1.67145062923943	117
-0.044859431724553	0.779429975371731	4
-0.043639167188736	1.01146165198297	40
0.05217114324732	0.711137238345644	226
0.100694602808	1.0977990403228	170
0.0270216994588399	0.650381686181367	276
-0.00108867490422804	0.511296437570494	139
0.04595665684058	1.37527179028073	188
-0.044016562195201	0.784133221123518	55
-0.008454505279754	0.917466662654811	55
-0.095966502752591	1.01606750123885	55
-0.000823220216042975	0.493395336855741	70
0.0222186355769001	1.08534344382931	226
0.0982023679228801	1.1017943275157	276
-0.017905649007764	0.388744915484838	276
-0.019677417236499	0.374301200409669	276
-0.103884664921214	0.943350389664534	276
-0.094448312747121	0.626330714166473	139
-0.044829183500016	0.779314604085628	139
0.0570152663541299	0.796931377848838	59
-0.0803889869207	1.23524225685768	188
-0.0408048252383409	0.791313365682295	189
-0.00414711715373595	1.5160287125923	77
-0.01062405817197	0.34383702627751	70
-0.0860150406713201	0.626366208943952	276
-0.00307926306709905	1.42359971484226	276
-0.123098738766157	0.735014678627522	276
-0.120293750056588	0.731245189823464	59
0.0429036274338299	1.48735146153532	270
0.04564199403075	1.17985776534198	77
-0.089423339151584	0.623300607160083	55
-0.092267650738751	0.624758487238772	262
-0.019084546330968	0.387196291764176	40
-0.002736080924162	0.489017307151277	70
-0.067219758501134	0.253570251530169	276
-0.013898776004275	0.382720393109243	139
-0.035763677266618	1.00491072818868	188
-0.104042696446876	1.12341656126875	77
0.10588849220054	1.09777275824594	226
-0.038448634546556	1.04152263934066	226
0.0209290340741899	1.07255183960829	226
-0.046286632004298	0.793680949654738	226
-0.042749691916071	1.05270697946287	59
-0.00443924320375799	1.14534575283634	59
0.04141170746115	1.1766915904213	188
0.0529042811485201	1.15684005313561	188
-0.045044771282222	0.790396648208132	1057
-0.06943342514116	0.896495678848136	188
0.09931313636471	1.12297097648073	975
0.0590083909415	0.809761709931282	117
-0.065880546697546	0.259434889433519	55
-0.01627455426909	0.375922087304922	2013
-0.000823220216042975	0.493395336855741	262
0.10352528532216	1.14148724133118	40
-0.065880546697546	0.259434889433519	226
-0.00166121825203003	0.480182751759751	226
-0.0645405050599031	0.251493140527709	226
-0.00499265045825403	0.501786939875487	226
-0.018493904698656	0.369233659667497	276
0.0693263754058	0.79405473044494	276
-0.06619560117474	0.249037682676712	276
0.0659521026960299	0.785000011699849	81
-0.00184874478960095	0.491440590443094	975
-0.067219758501134	0.253570251530169	87
-0.068872689064822	0.251056752215475	14
0.0537002137224201	0.787616508197168	77
-0.0248100664312581	0.364151172248145	55
-0.071749139015257	0.252367083560708	55
-0.015726524150545	0.358929542166207	262
-0.068872689064822	0.251056752215475	1040
-0.00825868800913199	0.348206179397263	226
0.0470664247256301	0.726939347200886	226
-0.00414814925962403	0.500469826085859	276
-0.0645405050599031	0.251493140527709	276
-0.00889876173685	0.481654523021033	276
-0.071749139015257	0.252367083560708	276
-0.019084546330968	0.387196291764176	276
0.0617771282377899	0.817056216105985	276
-0.121074267170126	1.44867683974771	558
0.03322878446962	1.06828113646498	139
-0.064196946148623	0.251484404125009	139
-0.071749139015257	0.252367083560708	1057
0.0273197969136401	0.642048496607956	87
0.00283475457758997	0.493360048982767	87
-0.013479267377877	0.913609812973638	117
-0.013898776004275	0.382720393109243	14
0.08343231505978	0.961753204325021	77
-0.063882169659874	0.254142270662805	539
-0.00388329523766295	0.496497670210441	55
-0.026585783197966	0.362790053980826	55
-0.00220937686266798	0.506873236976531	55
-0.068872689064822	0.251056752215475	326
-0.100563442962576	0.589075116866914	70
-0.065880546697546	0.259434889433519	420
-0.067534559012881	0.256778751447003	420
-0.017905649007764	0.388744915484838	170
-0.097590108477733	0.60850676523573	170
-0.023199398000421	0.367606230152815	276
-0.0645405050599031	0.251493140527709	276
-0.0625393383602501	0.253998127728779	276
0.0129206732127301	1.53836764118644	139
-0.065880546697546	0.259434889433519	130
-0.065880546697546	0.259434889433519	130
-0.073083727690059	0.246860576976442	130
-0.065880546697546	0.259434889433519	188
-0.104607336597454	1.65834262996664	270
-0.0625393383602501	0.253998127728779	87
-0.067219758501134	0.253570251530169	14
-0.0645405050599031	0.251493140527709	398
-0.063882169659874	0.254142270662805	398
-0.016135604289051	0.380362548270328	539
0.0165319832155499	1.30139415209397	55
-0.067219758501134	0.253570251530169	55
-0.065880546697546	0.259434889433519	326
-0.103963483072097	0.571155595129555	70
-0.00695358995770701	0.476199658171555	70
-0.042432315279997	0.736694234636854	226
0.0546065959926201	0.782607113699642	213
-0.097713334970068	0.59978781824774	276
-0.014503528485869	0.390439575213324	276
-0.015065093810954	0.374227951388386	276
-0.063882169659874	0.254142270662805	276
-0.019084546330968	0.387196291764176	659
-0.067219758501134	0.253570251530169	276
-0.068872689064822	0.251056752215475	276
-0.076448680758246	0.836805207395831	139
0.12380589307465	1.27714770521584	130
0.00309510420782	0.499796681181561	81
-0.017841587268965	1.12478507621487	270
-0.067219758501134	0.253570251530169	643
-0.034919211707954	1.24454934886825	77
-0.023199398000421	0.367606230152815	77
-0.065538689007454	0.251621271524724	398
-0.025425246285004	0.372135739368442	262
-0.067219758501134	0.253570251530169	55
-0.064196946148623	0.251484404125009	170
-0.073083727690059	0.246860576976442	170
-0.012066632155881	0.895845392166197	170
-0.093621519071607	0.594098725311735	170
-0.064196946148623	0.251484404125009	276
-0.063882169659874	0.254142270662805	276
0.00141208879921995	0.496969673700719	276
-0.017440535504202	0.376598966944368	276
0.0286082013048801	0.646747561493924	139
-0.01101925714851	0.936164924904583	130
-0.046257390210194	1.78716882034898	1393
0.0316292713406301	0.628230231184171	87
-0.068872689064822	0.251056752215475	14
-0.065880546697546	0.259434889433519	398
0.00127180643888991	0.9304835334475	55
-0.020856679862344	0.372868667445208	55
-0.067534559012881	0.256778751447003	55
-0.00359587459327104	0.503473037000329	326
-0.017314138250921	0.37889071089191	70
-0.018608138671817	0.368397310086375	226
-0.00666371582277703	0.495937115399256	213
-0.067219758501134	0.253570251530169	213
0.06309651897763	0.800477735145111	276
-0.017314138250921	0.37889071089191	276
-0.063882169659874	0.254142270662805	276
0.0308811696628	0.65346639012229	276
-0.06619560117474	0.249037682676712	276
-0.065880546697546	0.259434889433519	276
-0.12358225899163	0.656076524761371	276
-0.0484400036428631	0.750903463334911	139
-0.063882169659874	0.254142270662805	210
0.10215281021925	1.11198494540755	130
-0.091044246263133	0.628706395975626	764
-0.091727599155649	0.626540508207121	81
-0.00135302759039702	0.507236524506667	1393
-0.095006344422572	0.607760289003459	87
-0.018501493626048	0.371096296364045	87
-0.0248100664312581	0.364151172248145	643
-0.07263602332877	0.921397060461515	77
-0.03129637772399	1.24538483097704	55
0.0577838406028099	0.806223017157622	55
-0.067219758501134	0.253570251530169	55
-0.067534559012881	0.256778751447003	55
-0.013898776004275	0.382720393109243	49
0.0647729920071101	0.780878522226188	55
-0.041864149710465	0.781343652305897	70
-0.00247328631615495	0.507841081738223	213
0.0886524523852199	0.95487772620348	276
-0.065880546697546	0.259434889433519	79
-0.065538689007454	0.251621271524724	79
-0.02365017601214	0.373559081560533	276
-0.0625393383602501	0.253998127728779	276
0.0861112825747501	0.954305204873897	276
0.0612488107119	1.79776494469889	558
-0.019677417236499	0.374301200409669	189
-0.013898776004275	0.382720393109243	81
0.12160699810036	1.05601615837053	270
-0.095536028304315	0.628135816278295	117
-0.0645405050599031	0.251493140527709	1011
-0.01279120983168	0.472976116648361	77
-0.09064041309876	0.622023710960437	77
-0.00892042066588195	0.926302820467483	77
-0.015668865624918	0.391220929591653	77
0.0844823475582599	0.94145891034608	55
-0.037097942910751	0.779569527301035	70
-0.124509858085613	0.768660392755565	226
0.06780604787753	0.801801020328273	226
-0.0625393383602501	0.253998127728779	226
-0.063882169659874	0.254142270662805	612
-0.02426633982576	0.373566654266445	276
0.00197872664750998	0.49736600071763	276
-0.065880546697546	0.259434889433519	276
-0.067219758501134	0.253570251530169	276
0.00989967143716997	1.68177857523772	558
0.0613470285978599	1.3269570087276	558
-0.017905649007764	0.388744915484838	139
-0.0114030723658201	0.48535386731661	139
-0.067219758501134	0.253570251530169	210
-0.00805484600087003	0.489455633765519	130
0.07734834235567	0.979037375893736	130
-0.0645405050599031	0.251493140527709	81
-0.00387823345366001	0.48625175402704	81
-0.00135302759039702	0.507236524506667	87
-0.018648307475022	0.363259958199166	77
-0.09064041309876	0.622023710960437	55
-0.021335298693252	0.371750736189947	276
-0.067534559012881	0.256778751447003	276
-0.012749923618798	1.6993848449058	558
-0.100357546544737	1.69377441721626	558
-0.043430726055705	1.42762456286728	558
0.06661754933894	0.78340762655264	139
-0.067219758501134	0.253570251530169	139
-0.065538689007454	0.251621271524724	210
-0.11235422099587	0.750942836269485	130
-0.014958313029618	0.377024165300835	225
-0.01050194249726	0.369719209133139	225
0.0277541304884901	1.09578352101027	81
-0.117933437529628	0.745952902052574	270
-0.015162621424489	1.90127351750766	117
0.06438323427793	1.2957281975689	77
0.0609993398361099	0.778451949201215	77
0.11942896415283	1.23804605467764	77
-0.00486473594762904	0.918577807854421	77
-0.018493904698656	0.369233659667497	55
-0.00108867490422804	0.511296437570494	41
-0.01803600931573	0.35894195213113	55
0.0392240917486399	0.621419388433183	213
0.0835692696882899	0.948216334433505	213
-0.044320445835938	0.79483694570014	213
-0.065880546697546	0.259434889433519	213
-0.012734080080538	0.382002213719781	276
-0.065880546697546	0.259434889433519	276
-0.097041539392737	1.4358841312304	558
0.0114508153238699	1.53784962622178	558
-0.121981542892863	1.48423515006631	558
0.0100399871971699	1.65245155357855	558
0.10970092617928	1.10853732507886	139
0.00309510420782	0.499796681181561	210
-0.065880546697546	0.259434889433519	210
-0.041655044044853	0.777551833035361	130
0.11915328210041	1.35592891961411	139
-0.077635458851223	0.892180969757221	225
0.05904607523077	0.757714248997933	270
0.0561512159953199	0.811593589540025	87
0.08232014672482	1.4681508139265	117
-0.00154482603033002	0.923435106642435	117
-0.071749139015257	0.252367083560708	1011
-0.068872689064822	0.251056752215475	55
-0.00247328631615495	0.507841081738223	55
-0.06619560117474	0.249037682676712	1185
0.03452560700769	0.637436243435779	49
-0.017314138250921	0.37889071089191	1070
-0.064196946148623	0.251484404125009	1070
-0.028892417970846	0.354208774751978	70
-0.021335298693252	0.371750736189947	966
-0.067534559012881	0.256778751447003	276
-0.067534559012881	0.256778751447003	276
-0.067219758501134	0.253570251530169	276
-0.087100632518031	0.623332618153432	81
-0.087499493831854	0.592282708441375	81
0.0549365222529401	1.27049676905042	117
-0.096756307653386	0.622679794002984	643
-0.071749139015257	0.252367083560708	77
-0.068414266099475	0.247285453185001	55
-0.014503528485869	0.390439575213324	49
0.0320947541449501	0.652802818361562	49
-0.019804547913432	0.357633482709727	70
0.02451146756581	1.04017425425288	70
-0.013788869440128	0.903483655443082	344
-0.028892417970846	0.354208774751978	13
0.0533855611221401	0.777712194552811	213
0.00199206017130993	0.923732125366288	664
-0.021335298693252	0.371750736189947	79
-0.110642409464727	1.40690006827734	276
-0.091146159485966	0.958847541308239	139
-0.00387823345366001	0.48625175402704	139
-0.017905649007764	0.388744915484838	210
-0.012377675027163	0.91942550863788	139
-0.0883373669645821	0.604823476643165	81
-0.016135604289051	0.380362548270328	81
0.02028191813664	0.593272109299087	81
-0.046560762758407	1.3955908025928	1393
0.0565611815860301	0.797610725843643	1393
-0.017905649007764	0.388744915484838	832
0.04982920912427	1.15957101000047	77
-0.065538689007454	0.251621271524724	55
-0.068872689064822	0.251056752215475	55
0.0926674857961101	1.5867799652076	55
-0.039059679897653	0.793893682378752	49
0.0884872778307999	1.05260394759872	49
-0.011571018248453	0.373046172195889	1220
-0.0645405050599031	0.251493140527709	13
-0.020264676455524	0.376952470849492	213
-0.012734080080538	0.382002213719781	276
-0.020269493277755	0.377267033686799	276
-0.067219758501134	0.253570251530169	276
-0.092918471864375	0.978171704563126	558
-0.047650835881591	1.02077487624374	139
-0.00445599137429698	0.9282731955283	139
-0.02426633982576	0.373566654266445	139
0.0378314673807501	0.628614541183977	225
-0.00885955771115798	0.35512257034108	225
0.03452560700769	0.637436243435779	225
-0.065538689007454	0.251621271524724	51
-0.082484582252511	0.607248261965986	81
-0.124260512050771	1.1174302633206	14
0.00808721442333993	1.63171606751341	77
-0.016135604289051	0.380362548270328	55
0.0910748048894101	0.946637048599306	55
-0.00414814925962403	0.500469826085859	49
-0.016835824673325	0.382206253694542	1637
-0.06619560117474	0.249037682676712	213
-0.0645405050599031	0.251493140527709	13
-0.0905099358036851	0.627832773066704	468
-0.071749139015257	0.252367083560708	468
0.0350991884383201	0.611523922387662	276
-0.064196946148623	0.251484404125009	276
-0.067219758501134	0.253570251530169	936
-0.065538689007454	0.251621271524724	936
-0.071749139015257	0.252367083560708	276
-0.075940958535983	1.2544920358884	139
0.00974807075154005	1.62148642129812	139
-0.017696624760263	0.825137511212428	139
-0.013898776004275	0.382720393109243	139
-0.067219758501134	0.253570251530169	139
-0.046288668715761	1.03834656254363	77
-0.121321239302585	1.19985260979071	77
-0.087513675897605	1.02434454236735	41
0.06048846879862	1.32428084986554	226
-0.013433336364014	0.371225268123078	226
0.02588619562456	0.647441714319122	226
-0.032598293366611	0.757231434193648	213
0.02420090906804	0.586412036400339	13
0.10970092617928	1.10853732507886	276
-0.00220937686266798	0.506873236976531	936
-0.00108867490422804	0.511296437570494	936
-0.01419237242185	0.460739297740697	936
-0.065880546697546	0.259434889433519	276
0.0582820885756401	1.78311851110244	558
-0.075115717399156	1.1827291744325	558
0.02693894344113	1.40007397881253	139
-0.0880072259618821	1.16248935775185	225
-0.061016783340004	1.15226888530415	81
-0.11335348075481	1.07209165935587	14
-0.0735355914778561	0.925456466399038	55
-0.0566708465745121	0.972481943592677	344
-0.010745907888292	0.908325226747598	344
-0.113881120478175	1.08647682619215	344
0.0322744195453299	1.07574027675072	226
-0.082250375107917	0.874921593407917	13
-0.049682135043344	0.736825877660971	13
0.06661754933894	0.78340762655264	13
0.07695711266354	0.930433281007468	276
0.0285317751871901	0.651391834559832	32
-0.028111538060633	1.59890031918942	558
0.11168267265943	1.25460787385088	558
-0.022040982457204	0.375826847962743	139
-0.100340819071455	0.976654545896393	87
-0.0880519305995821	0.587606381935858	87
0.0533855611221401	0.777712194552811	87
-0.093308752918334	0.97541151601281	77
-0.120720821749146	0.758427412337359	55
0.0632511847583299	0.813844641009462	49
-0.121701862577885	0.740213284971532	70
-0.099668387343143	1.00046597810995	344
-0.00184874478960095	0.491440590443094	226
-0.075038246185191	0.89371975708438	226
0.00732348270753991	0.90293205133966	13
0.0349144577420699	1.15473983858254	139
-0.027152059355658	1.28663339860148	139
-0.115898091808005	1.14423074192662	77
0.09571839376967	1.61511642122012	77
-0.090660122917715	1.19673441666562	77
0.0942374430184501	0.957481413887369	77
-0.081092805882135	1.22793715491093	55
-0.043506676381983	0.788389879089052	70
0.00614991354817995	0.931542268236454	70
0.0951766234520499	1.08717695182035	13
0.0440242965951401	1.15291704352092	468
0.0235444325442999	0.631148990674447	276
0.0243206361294701	1.02364120331378	1647
0.02126393877886	1.05749599590306	1647
-0.042108381881844	1.02648075061522	51
-0.00516726935120304	0.909171329868109	77
-0.033768808961264	1.03045495468977	77
0.0286807037490899	1.0609193784026	55
-0.00275746028721902	0.487404487633906	49
-0.0860150406713201	0.626366208943952	49
-0.068872689064822	0.251056752215475	443
0.0818233735640399	0.985449049381033	70
0.0818233735640399	0.985449049381033	468
0.02974497792487	0.655303666223156	13
0.0170038081691399	1.66747241320816	558
-0.113178204392702	1.16905212355528	558
-0.00302781129529806	0.497945449460253	139
-0.00610438021932003	0.502367582022983	139
0.0584507638686	0.791518449282984	1647
-0.102887629278593	0.999982942605851	81
-0.094878407551153	0.604334356310123	51
-0.065538689007454	0.251621271524724	49
-0.093903850164565	0.613211035139004	49
0.0626255943567	1.72350027237734	70
-0.092815411285921	0.623466191965454	31
0.0296688105898	0.649587783129823	226
-0.095414391973909	0.591195058027177	226
-0.069752445155897	0.247408437041861	226
-0.016135604289051	0.380362548270328	13
-0.0645405050599031	0.251493140527709	276
0.00845949991649997	0.470511596411089	79
-0.123670071784802	1.1847034708308	558
-0.045301759722597	1.04248608427691	139
0.08218180397606	0.963386262312938	139
-0.00472686040291204	0.492809036018075	139
-0.082876419299917	0.891769843564543	139
-0.119779774492708	0.763201106757552	51
-0.035652180969629	1.25408524678511	883
-0.101955249823881	1.0096290079278	77
-0.108978903813882	1.11259064141951	77
-0.067219758501134	0.253570251530169	77
0.00479869066704008	0.476897912678087	322
-0.018493904698656	0.369233659667497	49
-0.00388329523766295	0.496497670210441	443
-0.047657157084725	0.746788848844039	70
-0.09064041309876	0.622023710960437	276
0.04520518557752	1.56370018171798	558
-0.076504320962701	1.19432378885899	558
0.09801572441876	1.65126414130595	558
-0.0645405050599031	0.251493140527709	485
-0.0409313165591469	0.751637398067694	139
-0.064196946148623	0.251484404125009	51
-0.088069535662487	0.618826139139694	117
-0.016135604289051	0.380362548270328	117
-0.021427259379285	0.368991751588852	1706
0.0649370851165401	0.80848010548302	49
0.0422527988888199	1.12587507627087	41
-0.071749139015257	0.252367083560708	70
-0.022491916033672	0.374996717181427	443
-0.106386569167721	0.988056225848476	70
-0.042265768538033	0.792043038403947	226
0.0803155432654199	0.981974406007092	226
-0.041329969143155	0.788803154170355	226
0.0263731645397001	1.075115670457	226
-0.012523795963116	0.471993297652992	13
-0.065880546697546	0.259434889433519	13
-0.067219758501134	0.253570251530169	276
-0.068872689064822	0.251056752215475	276
-0.012734080080538	0.382002213719781	276
-0.065880546697546	0.259434889433519	431
-0.08553568401382	0.88094948516107	558
-0.039558481481726	0.780255200419947	139
-0.0989295088616819	0.567327311985499	139
-0.085623443758657	0.87404500710537	51
0.0955898122601999	1.65207118207858	883
0.01166492444664	1.64234180981514	77
-0.011571018248453	0.373046172195889	443
0.0786765486448799	0.952323187820579	226
0.04480946056556	1.2301919916847	276
0.0628681665014601	0.69924767811557	276
-0.021335298693252	0.371750736189947	276
-0.064196946148623	0.251484404125009	252
-0.064196946148623	0.251484404125009	276
-0.028467811776312	1.59734402974945	558
-0.042173617034813	0.763008648889163	139
-0.036305926448145	0.986379097701538	139
-0.0278979060994879	1.08460362370319	1706
0.00420911613368991	0.496540120465177	252
0.0185959377798699	1.03332529480257	558
0.0242790769299499	1.09232995565729	558
-0.041109714081748	0.777371423892587	558
-0.091538306353804	1.01284226644566	139
-0.053014681301909	1.15068668586297	139
-0.097638934900671	1.12201084382001	139
0.03171451167355	0.645901633554053	51
0.00420911613368991	0.496540120465177	443
0.03557256570011	0.648771497133395	226
0.01206437116545	1.30327964307109	226
0.08225293174591	1.47280672721943	226
0.1217295022239	1.25625203083335	226
-0.076432626437587	1.05699533589288	226
-0.113094161530247	1.07762318010527	13
-0.121444987832786	0.859421853065919	276
0.07016676576892	0.769936939772581	529
-0.101723260566808	1.11927203782032	558
0.11390012160296	1.26216629342658	1116
0.05753858923949	0.816838827485723	558
0.09015942909293	0.941106984760654	139
0.02270113669865	0.621746234525856	139
-0.040200197168478	0.756099214602811	139
-0.016385975942819	1.15628666428624	51
0.07634480952092	1.44041168881854	812
-0.073905082203646	1.44198554354884	77
-0.123538208982079	0.759962168697348	226
0.12388108957393	1.37205364074353	13
-0.021076786460415	1.15513011203395	13
0.00287412984569002	1.48374680179022	558
-0.044859431724553	0.779429975371731	558
0.11509649196446	1.22441902379381	558
-0.101666949239596	1.01085051332803	139
-0.111595377330218	1.10641995816029	139
-0.02149742877059	1.15331604537097	51
-0.035774676683563	1.26101567802856	55
-0.089316406406606	0.843328463455268	55
-0.014503528485869	0.390439575213324	49
0.01839576261078	1.03617625668957	49
-0.067219758501134	0.253570251530169	70
0.0320947541449501	0.652802818361562	276
-0.00414814925962403	0.500469826085859	529
-0.108418383216534	0.972673958147623	558
-0.072235690005407	0.902175138864571	558
-0.122401887605464	0.751957846418546	558
0.1024734804692	1.09840501512795	558
0.10667811164447	1.11069111904956	558
-0.0586679691811161	1.32231511196407	558
0.07695711266354	0.930433281007468	139
0.0523109889746101	0.765006769454411	51
-0.0180659085738421	1.12712835921999	883
0.12247569001415	1.34221703471194	812
-0.00119432438994305	0.951159018270309	2248
-0.029213179848447	1.58655179461659	77
-0.034849562039919	0.759430042295453	49
-0.094031977475873	0.618151676579436	70
-0.032238684932055	1.01178737164914	70
-0.036284623042967	1.05286675604165	70
0.11441942505759	1.25710480100906	31
-0.015452217013615	0.913600769775304	226
-0.060510583310747	1.09197887297177	226
-0.094448312747121	0.626330714166473	276
-0.00583904919591904	0.48872978586122	276
0.02974497792487	0.655303666223156	1015
0.06657452283876	0.802810026085527	558
-0.090759719473563	0.611009666938273	558
-0.121033482853715	0.766351637342221	558
-0.00926620635542796	0.921251171063144	139
-0.042242876458448	1.05318458989922	139
0.0160937905184699	1.06871338611063	51
-0.038144656757706	0.778110516800326	55
0.06571698346189	1.35521715514766	75
-0.0109680933028991	0.925069244789209	49
0.0441777635271301	1.21885884464279	2310
-0.054421162857589	0.730728951005286	226
-0.121701862577885	0.740213284971532	276
0.0200878126400099	1.08310293419623	1015
-0.0977218596870389	0.607402126381653	558
0.0249814656540299	0.627984703547597	558
-0.070413735615296	0.244937250161024	558
-0.000235110459249954	0.501820934687282	558
-0.073454443560664	0.898999884147198	139
-0.030633660192872	1.53132741203036	139
-0.045277558355751	0.717233752117032	883
-0.00778457833976998	0.482803280594087	883
-0.093903850164565	0.613211035139004	506
0.10108101839105	1.85042687497789	77
0.00603051919753006	1.28016191264778	70
-0.042512017573395	1.25697652795519	2310
0.0563077532217799	0.817977360116379	70
-0.011571018248453	0.373046172195889	226
-0.061891130327836	1.14723637386919	226
0.0224069091785599	0.628370220560143	226
0.00904531227838001	1.24933647571554	98
-0.00135302759039702	0.507236524506667	139
0.0825692512055201	0.980254672284241	139
0.00363801842259992	0.478931319427384	506
-0.088481223333881	1.37880702323376	77
-0.093918123680008	0.603598548889639	55
-0.041655044044853	0.777551833035361	49
-0.00820043077610499	1.45582636069973	70
-0.017905649007764	0.388744915484838	276
0.0679705962559001	0.781961882182656	276
0.10368378543237	1.08948508948507	558
0.0616226777850399	0.779345422399159	1116
-0.068533531305055	0.897062808017692	139
-0.00889876173685	0.481654523021033	139
-0.078416303182988	1.61206481005849	77
0.0263391493312599	0.625547567705079	41
-0.099900019652436	0.602106347670889	226
-0.051659528446852	1.13956635960828	226
-0.095993981408099	1.01499064248896	226
-0.07786328152806	0.888829801316012	222
-0.065880546697546	0.259434889433519	276
-0.07434682413365	1.19361674128298	558
-0.039293461604515	1.04636824625769	558
0.10875046144239	1.21325053644513	558
0.03429172465319	1.43740287959168	139
-0.016654443095132	0.870772044276929	139
0.11325149058426	1.22014900983356	51
0.12077111854496	1.35979628990399	506
-0.121712626020012	1.41689672419114	77
-0.014958313029618	0.377024165300835	276
0.0720105549227901	1.32518346156373	558
-0.076051362792403	0.904037232810175	558
-0.064147403072103	0.855799396478391	94
-0.096885990061089	0.610551833146161	94
-0.042025035779731	1.82314336705953	117
-0.118069202238852	1.34405390532596	77
-0.117419902040356	1.83950889265401	75
-0.022491916033672	0.374996717181427	70
-0.063882169659874	0.254142270662805	70
-0.097590108477733	0.60850676523573	70
-0.083470465912597	1.13579593547277	222
-0.070413735615296	0.244937250161024	358
-0.03658224116958	1.27262237576014	558
-0.057748504113291	1.1424254000414	558
-0.09306462294544	0.582614176948278	558
0.0594744121611599	0.818255942914229	558
-0.00384418660289498	0.929676960500266	2114
0.03687446985066	0.638715945392441	139
-0.105146870854632	1.18870996816713	506
0.05812656431583	0.784387411437621	94
-0.00220937686266798	0.506873236976531	55
-0.0248100664312581	0.364151172248145	70
0.0231670786868099	0.614927198901279	70
-0.01050194249726	0.369719209133139	41
-0.023932129633769	0.737504438851891	226
-0.118216216539628	0.756377450545348	222
-0.065538689007454	0.251621271524724	358
0.0214883469251399	1.35801680582782	1601
-0.06844990129311	1.74385576152819	77
-0.097152408333916	0.984750774907855	41
0.00532075026100998	0.484629587409374	70
-0.078200370321623	0.890775783029715	226
0.0893251054284701	1.43274172168333	31
-0.068251194036734	0.90404064955429	226
-0.038358064818987	0.783700872433082	222
-0.019084546330968	0.387196291764176	358
-0.09181138912541	1.17470544629363	98
-0.036789927452253	0.783924151484917	558
-0.00858902313229903	0.93508493267396	558
-0.0847925529572	0.621395090087195	139
-0.0946783338294031	1.25505465661716	139
-0.082402299700691	1.58269709200782	139
-0.11781703197398	0.772384919987048	139
0.11323067575404	1.6215677479982	139
0.01496118099201	1.25380748973996	1601
-0.00706483314047901	0.925887009438448	865
-0.00801405737713101	0.921872889368078	55
-0.048059436214447	0.751947593769437	70
-0.122875822667624	1.48660155183602	70
-0.061153430281511	1.0525673867944	226
0.08110803462633	0.973899912180844	226
-0.00662051388260199	0.956401592170051	226
-0.016380235804083	1.18235170714528	226
0.0569023225845899	0.787278535530545	222
-0.00220937686266798	0.506873236976531	276
0.0490588160121801	0.729696721593042	276
-0.111826027228083	1.07593517844406	886
-0.069530781558635	0.882131382458791	558
0.0136754971662301	1.05448612965745	139
-0.115251648550058	1.16355673537215	75
-0.122855036118455	0.741785893015844	70
-0.0566926751550541	0.726895641884058	70
0.02403058956244	1.85059951642207	70
-0.00949584016057503	1.18169311197152	226
-0.046259877690797	1.03343504779624	31
0.10489886902125	1.05513288413893	226
0.0107460712287299	1.29084541313532	222
-0.037419505542801	0.773309933007556	709
-0.083568368064536	0.611386021558837	462
-0.04952298187081	1.02893955634084	558
0.0997140156623399	1.14457702408882	558
-0.00953575105054105	0.946463855277375	558
-0.06628901914504	1.13884605020394	139
-0.013576034823877	1.17119014579606	865
0.00171884580608994	0.496558240397246	70
0.01946035407778	1.86639136913847	70
0.09207232431094	0.93601302451806	70
0.02613442310032	1.06363077028385	31
-0.062975025408326	1.32127559106037	226
0.11681180923373	1.25764828943722	222
-0.00805484600087003	0.489455633765519	151
0.0308811696628	0.65346639012229	558
0.08167253286175	0.928133768708523	139
-0.112639061047135	1.07938735096904	139
0.09681203193957	1.6313782045007	358
-0.091727599155649	0.626540508207121	709
0.0173363078482101	0.584256502432687	709
-0.017314138250921	0.37889071089191	558
-0.110916608085666	1.06353791961649	51
-0.00101578113689704	1.32296762441713	2330
-0.00863366717309899	1.39088279455634	117
-0.023939282638227	2.23470114101519	77
-0.095667996911052	0.620922677070167	75
-0.036759416116415	1.21794166998684	70
-0.0183913230214861	1.16861373108666	70
0.01895369299585	1.54285626493991	226
0.0316292713406301	0.628230231184171	226
0.0296688105898	0.649587783129823	226
-0.0625393383602501	0.253998127728779	886
-0.016135604289051	0.380362548270328	886
-0.065538689007454	0.251621271524724	98
-0.070413735615296	0.244937250161024	709
0.0299043157822301	0.618289448130332	51
-0.06619560117474	0.249037682676712	319
-0.016835824673325	0.382206253694542	865
-0.099027577796983	0.986717325945535	55
0.02828852604155	1.39656772561524	55
-0.120960323730161	1.19439443561666	344
-0.065880546697546	0.259434889433519	226
-0.0248100664312581	0.364151172248145	226
-0.067233856875373	1.3188209784029	151
0.0672169321826701	1.28290076279249	211
0.0258061280631601	0.646501563191255	358
-0.012734080080538	0.382002213719781	709
-0.063882169659874	0.254142270662805	709
-0.014958313029618	0.377024165300835	709
-0.00077790000936695	0.477156923591787	709
-0.017905649007764	0.388744915484838	558
-0.00527079627288296	0.49925578169636	139
-0.064196946148623	0.251484404125009	865
-0.047138636776912	1.04321351974145	77
0.0836803375445201	0.955753941973324	77
0.06678995706245	1.27220851187047	55
-0.082480246389216	0.910675860065852	344
-0.06052706227604	0.243125882854945	963
-0.014503528485869	0.390439575213324	226
-0.019677417236499	0.374301200409669	226
-0.063882169659874	0.254142270662805	226
-0.065880546697546	0.259434889433519	226
-0.119621246887342	0.743993660494347	222
0.0845354104188001	0.981970140179833	151
-0.065880546697546	0.259434889433519	886
-0.065880546697546	0.259434889433519	709
-0.067534559012881	0.256778751447003	709
-0.065880546697546	0.259434889433519	709
-0.00247328631615495	0.507841081738223	1149
-0.121526184954493	1.03625992193821	139
-0.00622312890028698	0.867534570455869	139
-0.099841701630913	0.940615301576783	139
-0.00135302759039702	0.507236524506667	51
-0.0625393383602501	0.253998127728779	319
-0.102152000970762	1.12749894047045	77
-0.065880546697546	0.259434889433519	75
-0.025351372050864	1.25619629957836	75
0.0320088794114799	0.640797751058222	226
0.0605452817807199	0.815507125400686	226
0.01484340550001	1.05319373184612	222
0.0864504030122799	1.45583489207394	151
-0.067534559012881	0.256778751447003	709
-0.065880546697546	0.259434889433519	709
-0.0248100664312581	0.364151172248145	709
-0.067219758501134	0.253570251530169	1149
-0.065880546697546	0.259434889433519	1149
-0.0625393383602501	0.253998127728779	1149
0.03330529416511	0.642228931001146	51
-0.006930580966932	0.479677752928752	51
-0.068872689064822	0.251056752215475	865
-0.00247328631615495	0.507841081738223	865
-0.00882939854556397	0.864589123547169	94
-0.015668865624918	0.391220929591653	75
0.0910929971196499	1.425228407085	70
-0.0720053386808061	1.45785871656288	70
-0.012734080080538	0.382002213719781	1067
-0.021335298693252	0.371750736189947	226
-0.08707115132962	1.37120757155012	151
-0.063882169659874	0.254142270662805	709
-0.065880546697546	0.259434889433519	558
-0.067219758501134	0.253570251530169	1149
-0.063882169659874	0.254142270662805	1149
-0.052397288191085	0.725397149742847	139
0.03105760162069	1.39964936039922	51
-0.025425246285004	0.372135739368442	319
-0.065880546697546	0.259434889433519	51
-0.089423339151584	0.623300607160083	94
-0.038776673342815	0.747820381033334	75
0.06571698346189	1.35521715514766	75
-0.124002094062367	1.18384754579816	70
-0.0111052550865161	0.371170296277218	70
-0.01062405817197	0.34383702627751	70
0.0541311563278	1.22663948543555	358
-0.071749139015257	0.252367083560708	709
-0.065880546697546	0.259434889433519	545
-0.016135604289051	0.380362548270328	558
-0.00721847239573004	0.498083405007933	51
0.0676439584103099	0.806654628775414	51
0.00197872664750998	0.49736600071763	51
0.0390477330421299	0.634241395873744	51
0.10215281021925	1.11198494540755	319
-0.068872689064822	0.251056752215475	319
-0.070413735615296	0.244937250161024	319
-0.06619560117474	0.249037682676712	251
-0.054524902329987	1.12874690270586	1128
-0.104301941009921	0.975080429189694	211
-0.017314138250921	0.37889071089191	886
-0.00166121825203003	0.480182751759751	709
-0.016135604289051	0.380362548270328	558
-0.064196946148623	0.251484404125009	319
0.08036183609814	0.942124195225771	75
-0.037159962035593	1.38647475272455	75
-0.049203250342557	1.01734279819197	344
-0.101371478383639	0.588060788031126	344
-0.01749375794068	0.357626937042441	70
-0.00438304793399202	0.476631122647045	70
0.01875680185277	1.08195672524045	222
-0.080716328869771	0.973235058368049	222
0.07587827168219	0.940280608364522	222
-0.00639125729812495	0.899945109989127	886
-0.01627455426909	0.375922087304922	545
-0.089290582400822	0.625300752112938	1149
0.0181910499826801	1.08271298573223	177
0.07203436325638	0.792139954761456	319
-0.0908555856278021	1.34416560563249	94
-0.059175424719582	1.29838794037878	94
0.12036897861794	1.36289377617771	70
0.02588619562456	0.647441714319122	70
-0.098678906491296	0.601607200467179	558
-0.123944022585569	0.768320238810067	139
0.1016853028734	1.13190275648296	177
0.0922643690526099	0.962353735273279	319
-0.000493682013228969	0.482492681249088	319
-0.077557365921227	0.925322209079481	319
0.0667771980747101	0.805272770518431	75
0.06980406719809	1.32353085582901	75
-0.046350893095473	1.00891901451903	70
-0.063497605381095	0.868113003447285	222
-0.092815411285921	0.623466191965454	151
0.00616845495202001	0.479823337377029	341
0.0380036687798599	0.627660257893058	341
-0.096501937196699	0.606880821446379	333
-0.124902725984763	0.750281915550998	177
0.0791692900891099	1.24576854526964	70
-0.043119812833277	1.01470357919504	855
-0.00277138613981698	0.469399134097258	341
-0.010284664849479	0.490675097898742	545
-0.082576344750214	0.865753410315115	341
-0.08089721362299	0.915485681081107	177
0.12232641099738	1.31749543471973	177
-0.05052431593169	0.766550046790673	75
0.0634082890622301	0.811391763628985	75
-0.00916858539190701	0.491867723594212	70
-0.096220855432354	0.605113721457088	70
-0.119747624778662	0.755644380899854	543
-0.100812682437373	1.1024136471532	226
-0.014958313029618	0.377024165300835	855
-0.052794696904604	0.760540894308278	855
-0.082961849735086	0.8304682241069	1062
0.0860751088189999	0.945189739179589	341
0.0286082013048801	0.646747561493924	341
0.02794384727171	1.09430690030359	1149
0.10524459727829	1.11230148000078	177
-0.08309702411398	0.895572626054507	177
-0.017905649007764	0.388744915484838	177
0.10453094015617	1.84944797199926	51
-0.00934094800922203	1.1422463240832	177
-0.11646368958806	1.18059983966749	177
0.0154949022117301	1.04390220597235	51
-0.097502084743407	1.01777270176787	177
-0.050931184460842	0.729905400048651	319
-0.062489082076954	1.14522670918438	94
0.08730843789028	0.972562234647559	94
0.00283475457758997	0.493360048982767	75
-0.023975802547884	1.66691550040275	70
-0.0422379990869171	1.05427973077454	70
-0.060405477377233	1.11639790942386	226
-0.00166121825203003	0.480182751759751	855
-0.00540336323891699	0.93207972015107	1062
-0.086695837894712	0.616532055610435	341
-0.00956400561903603	1.17986271528308	545
-0.076655094351212	0.921237039420442	341
-0.0885923375694	0.623095126320678	341
-0.097982283486401	0.564071715873207	1149
-0.086274266712322	0.606133038001158	177
-0.00945529479999097	0.92888460264788	51
-0.087876019556972	1.21042274982336	51
-0.019084546330968	0.387196291764176	94
-0.064196946148623	0.251484404125009	94
-0.010350085212431	1.18562533332377	55
0.00797039399302002	1.19467072595778	55
-0.067219758501134	0.253570251530169	70
-0.04702125073343	0.978687480671308	70
-0.01749375794068	0.357626937042441	1128
-0.067219758501134	0.253570251530169	222
-0.069539063115857	1.11510463142108	1062
0.00794036460832004	1.28863064520454	545
0.10135547222464	1.07774058616461	1149
-0.00695724574850398	0.906376624859123	1149
-0.06619560117474	0.249037682676712	177
-0.042384116193545	0.777271499016639	177
0.0946728285318501	1.46431412349771	55
0.02194419117393	1.06038200609742	55
-0.083697556303671	0.908139030106575	75
-0.014503528485869	0.390439575213324	70
0.05191395328239	1.74626714224632	70
-0.119296870040508	1.17737659073929	1128
0.00335406391081006	1.27092822861783	543
0.07734834235567	0.979037375893736	70
0.0518997349297301	1.19425337836723	222
-0.068936425798425	0.904659407563349	341
-0.043599729590454	1.0364698064156	341
0.000379126371099936	1.14142282264023	1149
-0.066093566500929	0.894207239568454	1149
0.0285398102457699	0.616359586243894	177
0.10215281021925	1.11198494540755	177
0.0205960976664299	1.37075672317419	412
-0.107892796908812	1.16757903353398	412
-0.00414814925962403	0.500469826085859	94
0.0298234766366501	0.646115348877419	94
0.0971765209889499	1.40481995762833	55
-0.0945803114034181	0.604288543657816	75
0.00464308862919993	0.935443796499599	75
-0.067534559012881	0.256778751447003	70
0.03297065676741	1.07996234111164	70
-0.0117357824125	1.33892793096044	226
0.02710385149192	0.646816653440119	222
-0.019084546330968	0.387196291764176	855
-0.07112868658552	0.886714290958291	151
0.1003339689613	1.53711783164601	1062
0.0246065595591101	1.03584096960874	341
0.0980098586549201	1.09563485223325	341
-0.000471342921564033	0.948812320179563	1149
-0.082556450043292	1.35062885615073	177
0.03723149544521	1.5084139212812	412
-0.00385823286426101	0.48952690809136	75
-0.071749139015257	0.252367083560708	70
-0.092455250918379	0.978173911148953	70
-0.00943727938876804	0.476899030791712	1128
-0.011999820913387	0.91176694586271	222
-0.015065093810954	0.374227951388386	211
-0.037846232913891	0.772041658609807	341
0.06130613145929	0.812607169811486	1149
0.04514140614801	1.21914800767192	177
-0.0580018336434161	1.1446327242791	177
-0.00247328631615495	0.507841081738223	177
-0.123963774192562	0.758655594037432	177
-0.017009431941404	0.88227982813503	177
0.07587827168219	0.940280608364522	51
-0.05052431593169	0.766550046790673	51
-0.074672625658794	0.89093653963222	412
0.0173054397444199	1.29117091540373	55
0.0576672630609201	1.61087000790142	55
-0.073228908325455	0.894808706765916	128
0.0135689275879201	1.03534321636573	226
-0.038144656757706	0.778110516800326	222
0.0555328465984499	0.775561195141808	855
0.0193577602569099	1.07634034464921	165
0.0000296958823500226	0.510670270468513	177
0.12217313726639	1.21226080446533	177
0.12139816003342	1.27616143823721	1097
-0.007041234233368	0.87716693663402	94
-0.121605932533398	1.63939494890553	75
-0.106300424208359	1.05073444339903	75
-0.074751744557972	1.19537728672608	75
0.0898101337733599	1.55852840584151	70
-0.058954381807496	1.08981912318946	70
-0.083999108025246	0.87812961583911	70
-0.11625355042774	0.753496641063484	70
0.11666669939425	1.23564706528138	165
0.0997140156623399	1.14457702408882	165
0.02845767501038	0.640326911735257	165
-0.118774729095635	0.745497127747149	341
-0.00912648147661499	0.944289686572826	177
0.0242790769299499	1.09232995565729	177
-0.042580438078049	1.05890051054956	177
-0.100446802569962	0.991546751785035	177
-0.103832478279472	0.574540975160949	177
-0.07291918805896	0.89760041029012	51
-0.00653222172594004	0.92732866926565	51
0.08017112775157	0.954635993981487	94
-0.012048552923527	1.15315850978818	70
0.0843908750684901	1.43241680235637	70
-0.0114030723658201	0.48535386731661	70
0.0332234364577799	0.648566618216061	70
0.0681724769721901	0.787071402737672	165
0.0874008976079701	0.959039647790915	177
0.0973541958278199	1.05016471935139	177
-0.021605913014392	1.31033196974632	51
0.06866424765519	0.773484552958887	1097
-0.120327254659033	0.769781600586189	51
0.0774278560597099	0.938402952264572	94
0.10077524218505	2.05373796076899	75
0.00720286973827999	1.56821670913952	70
0.02742217205508	1.09644059005224	341
-0.043093076850278	1.05284239509873	177
-0.051361436197471	0.739135821833805	177
-0.010337339551726	0.917974281196375	250
0.000328896471069928	0.926510119444045	1097
-0.100132024576186	2.01565374026999	75
-0.105712453445651	1.66789159358607	75
0.0855942897397699	0.954714925980545	75
0.0632511847583299	0.813844641009462	344
0.0296688105898	0.649587783129823	70
-0.04952298187081	1.02893955634084	226
0.06309651897763	0.800477735145111	222
0.06702110976641	0.79413879320384	165
-0.02104304878394	0.326926276407894	165
0.1114048211617	1.11985598846562	165
-0.045257599476474	0.78732941651851	600
0.04261044510974	0.617241113137535	177
-0.065880546697546	0.259434889433519	177
-0.042591882089309	0.780305364691088	1743
-0.097713334970068	0.59978781824774	94
0.10642807086969	2.2051682526288	75
0.1055257851816	1.67024099151281	75
-0.090917957670579	0.608317586196648	436
-0.07511911991229	0.913089745137792	75
0.0853975452032201	0.97086040468835	1128
-0.093521522797969	0.945565695001531	151
0.0590083909415	0.809761709931282	151
0.00366034164387008	1.26890351134238	165
-0.00365341302949096	0.916939760878646	341
-0.022491916033672	0.374996717181427	260
0.0561512159953199	0.811593589540025	260
0.0224069091785599	0.628370220560143	600
-0.096501937196699	0.606880821446379	600
0.09020505972078	1.07697277834437	600
0.05324093819987	0.772034258885647	177
0.0126306848045299	1.02154742115723	177
0.11244416229134	1.23127664196258	177
-0.047196336282178	0.759105926519048	51
-0.028027891882168	1.05251608396905	51
-0.12004033282511	0.773799228415171	250
0.0870468657182899	0.984728384067109	94
-0.046094803384987	0.774230868612548	75
-0.018956987562984	1.07035481620212	75
0.0882256597401001	1.47914406956045	70
0.0755907887862199	1.32981546586047	70
-0.091727599155649	0.626540508207121	70
0.0597298335930601	0.789223394034425	128
-0.085053158335554	0.613544683673241	165
0.0763443015733401	0.974664036891557	250
-0.00127722012467402	1.10501788060753	51
0.0424101723932799	1.12436462417133	51
0.07509198653244	0.966051721861297	94
-0.04052140528634	0.779018196161461	94
0.0391371945704599	0.619307971186545	94
0.0643215153548999	0.807404322537144	94
-0.045951130109638	0.762541408735371	94
-0.086213587607922	1.77240838084116	1175
-0.124772055812732	1.52996479370841	75
0.04179497984572	1.38078234291774	70
-0.036921587216649	1.50275761463879	70
0.0599281221371999	0.803768649197737	165
-0.068821148950669	0.908433470958829	260
0.0687898819816399	1.3089627754274	51
0.11226154955132	1.18731033498228	51
-0.097646922036453	2.28529315788707	75
0.12048510178033	1.26708875408919	70
-0.019804547913432	0.357633482709727	70
-0.078775631421524	0.924685550751717	226
-0.08764882097518	0.609556878407372	165
0.0188382131707201	0.603595688377946	165
-0.051556502631809	0.763156580358388	177
-0.117508151669286	0.754492468691463	250
0.06767825937732	1.3340678468117	94
-0.030370721889703	2.49191945341819	1175
-0.079139993074253	0.907440701124266	436
0.0165766028640999	1.06226628113392	436
-0.041762164617403	0.765256966653935	70
-0.043902403231489	1.03459901230945	204
-0.008491792602773	1.14779002359785	70
0.0972824399188099	1.11153428958509	70
-0.00359587459327104	0.503473037000329	70
-0.083487932915649	0.869623108123252	70
-0.083101416342485	0.901345319983825	226
-0.04054744886234	1.1841451383202	226
-0.089423339151584	0.623300607160083	165
-0.000823220216042975	0.493395336855741	165
0.0249814656540299	0.627984703547597	165
-0.0898191429665121	0.628128224122552	165
-0.094448312747121	0.626330714166473	260
0.0632511847583299	0.813844641009462	260
-0.0925722609201321	0.603550034444391	177
0.1114663554462	1.1060098960395	298
0.0232646191372701	0.581636079584474	177
-0.039134843000876	1.02011334672422	177
-0.124628659215242	0.749590523184791	51
-0.107565912639116	1.08091142744141	51
-0.073083727690059	0.246860576976442	51
-0.106056643192092	1.20071640290459	436
-0.058768130419511	1.34330813493462	436
-0.069046020527358	1.05228377190695	70
-0.11942462695554	1.16972656007689	70
-0.01972914507872	0.366496478024073	70
-0.096095193919835	0.604859358177802	70
-0.00164458489810204	0.927439864484558	70
0.0573795652097999	0.81522027129582	226
-0.064054966790508	1.14619687023746	226
-0.00250958714546501	0.487275969646174	165
-0.065880546697546	0.259434889433519	260
-0.020264676455524	0.376952470849492	260
0.03396830716762	0.625999469821933	51
-0.075462235700055	2.32906319435693	1175
0.10260542328805	1.14256783750851	436
-0.00414814925962403	0.500469826085859	436
-0.12295009171168	0.737633443675944	70
-0.01024400335429	1.07883800773051	70
-0.112921680248166	0.754687675943878	165
-0.017314138250921	0.37889071089191	341
-0.00302586035973196	0.489021368554648	341
-0.016135604289051	0.380362548270328	177
-0.118924483965908	0.736494237892821	51
-0.041050328335691	1.06125496700726	70
0.11073035390698	1.21365214343967	70
0.076185960806	1.35141392941975	70
0.02133433983149	1.08090270175876	399
0.0293725727451299	0.63362442432299	165
-0.100156626990526	0.598557942224966	165
0.05808730147791	0.794389272029349	165
0.0237729260098101	0.618280345710749	979
-0.086150272976754	0.622462843021946	298
0.0320947541449501	0.652802818361562	177
-0.00805484600087003	0.489455633765519	51
-0.087780855934357	0.618221734420707	51
0.0308811696628	0.65346639012229	1419
0.01540937689461	1.72716005468335	436
0.10178254930351	1.76016028826297	70
0.11032342551103	1.63908159213102	70
-0.048557242759346	0.78907383754183	204
-0.083999108025246	0.87812961583911	204
0.0598819565850801	0.789353818982374	204
-0.056933293175463	1.15413086926044	70
0.12312930499189	1.25018130792286	399
0.12247569001415	1.34221703471194	399
0.0427275013708801	1.16672941292018	165
0.0826474658969001	0.950353133590904	165
0.0395404228561	1.13183746880239	177
-0.096885990061089	0.610551833146161	51
0.0565611815860301	0.797610725843643	70
0.02391258100845	0.626680553099582	70
-0.042035890491287	1.02361592768826	70
-0.014503528485869	0.390439575213324	70
-0.090768652605824	0.598698749751735	165
-0.067219758501134	0.253570251530169	165
-0.0625393383602501	0.253998127728779	341
-0.025425246285004	0.372135739368442	215
0.0246813709334699	0.616093231345104	215
-0.020264676455524	0.376952470849492	215
-0.068872689064822	0.251056752215475	260
-0.016835824673325	0.382206253694542	260
-0.01627455426909	0.375922087304922	260
-0.065880546697546	0.259434889433519	51
-0.029067794479097	1.2905286978763	295
0.0581029081214299	1.75126609250193	295
-0.115032492638402	1.07805531218074	75
0.0986720607129199	1.11727197273607	70
-0.08832201843921	0.623902591157892	70
-0.0162620075500119	1.17092668262838	70
-0.089290582400822	0.625300752112938	344
-0.047859652936378	0.754486394914376	344
0.00171884580608994	0.496558240397246	70
-0.00667273664996904	0.480529348430821	70
-0.067219758501134	0.253570251530169	215
-0.065880546697546	0.259434889433519	215
-0.071749139015257	0.252367083560708	979
-0.017905649007764	0.388744915484838	979
-0.020856679862344	0.372868667445208	215
-0.0625393383602501	0.253998127728779	177
-0.00286100910414899	1.14060616405046	1419
-0.096637835251776	1.19248999141687	295
0.09169233812119	1.45369286576222	295
0.10825642769852	1.98287910180854	436
-0.064196946148623	0.251484404125009	904
-0.098869984011194	1.08635320801424	70
-0.065538689007454	0.251621271524724	70
-0.065880546697546	0.259434889433519	1093
-0.068872689064822	0.251056752215475	215
-0.0625393383602501	0.253998127728779	341
-0.067219758501134	0.253570251530169	260
-0.067534559012881	0.256778751447003	260
-0.065538689007454	0.251621271524724	260
0.0340650829025	0.627291457857319	177
-0.043033520767103	1.2155064222939	51
-0.017314138250921	0.37889071089191	51
-0.019084546330968	0.387196291764176	51
-0.00877556610418395	1.87105734332518	295
-0.067433012729558	1.72501867418294	295
0.03622724422118	1.90760829944735	70
0.00402237465919009	1.25500482715736	70
-0.068414266099475	0.247285453185001	70
0.02505219970997	0.634672330958724	70
0.00114572345116004	0.505160017259422	70
0.00630436786453004	0.912969549582294	165
-0.00999013691954998	1.17561031247578	439
-0.065880546697546	0.259434889433519	215
-0.064196946148623	0.251484404125009	341
-0.06619560117474	0.249037682676712	260
-0.06619560117474	0.249037682676712	20
-0.093907861252316	0.564188976177948	177
-0.00308497391442597	1.18887940098029	177
-0.017905649007764	0.388744915484838	184
-0.00916858539190701	0.491867723594212	51
-0.0412811340542481	1.2092715149581	70
-0.09161346006673	0.979532937346251	70
0.1149952960322	1.74272867858469	165
-0.017314138250921	0.37889071089191	215
-0.020264676455524	0.376952470849492	215
-0.017314138250921	0.37889071089191	215
-0.017905649007764	0.388744915484838	260
0.00171884580608994	0.496558240397246	298
-0.054374689206528	1.12738458809623	177
0.03770999586895	1.19756712049082	177
0.0856495882914401	0.957447622080528	1576
-0.069214141989603	0.895133958023829	70
-0.092815411285921	0.623466191965454	70
-0.0645405050599031	0.251493140527709	70
-0.016727994705372	0.385176841231482	70
0.0863993901032101	0.970460070620281	733
-0.067534559012881	0.256778751447003	341
-0.0645405050599031	0.251493140527709	20
-0.016135604289051	0.380362548270328	260
-0.013898776004275	0.382720393109243	260
-0.00387823345366001	0.48625175402704	177
-0.015668865624918	0.391220929591653	177
-0.015301857470405	0.459667406315817	177
-0.0638896397927869	1.11081930152981	177
0.0293725727451299	0.63362442432299	531
-0.00779053745527703	0.490511240569793	51
-0.019677417236499	0.374301200409669	184
-0.0625393383602501	0.253998127728779	184
-0.092674463159918	0.584553702524616	51
-0.000235110459249954	0.501820934687282	70
-0.065880546697546	0.259434889433519	70
-0.065920208507545	1.27104978347892	399
-0.063882169659874	0.254142270662805	215
-0.067219758501134	0.253570251530169	215
-0.015065093810954	0.374227951388386	215
-0.0625393383602501	0.253998127728779	215
-0.01050194249726	0.369719209133139	215
-0.0625393383602501	0.253998127728779	215
-0.014503528485869	0.390439575213324	20
-0.0645405050599031	0.251493140527709	20
-0.064196946148623	0.251484404125009	260
0.04991136544759	1.44791389285998	531
-0.06619560117474	0.249037682676712	51
0.10098519914975	1.05341320529898	51
0.0565869816734801	2.05927264711256	75
0.0141587740362901	1.63714585272682	75
0.00636001635747996	1.55571484914125	204
-0.066403670398693	0.237081015286071	70
-0.042591882089309	0.780305364691088	70
0.0279729319873501	1.06512575076998	1058
0.10634101519445	1.04254280980542	439
-0.0645405050599031	0.251493140527709	215
-0.063882169659874	0.254142270662805	215
-0.013339825466919	0.380903847356655	215
-0.067219758501134	0.253570251530169	215
-0.065880546697546	0.259434889433519	20
-0.12074877702946	0.771932172692011	531
0.00447104773178997	0.486928525118783	531
0.00845949991649997	0.470511596411089	1576
0.0625211916519799	2.07740061829809	295
-0.067534559012881	0.256778751447003	70
-0.026585783197966	0.362790053980826	70
-0.0248100664312581	0.364151172248145	215
-0.065880546697546	0.259434889433519	215
-0.068872689064822	0.251056752215475	811
-0.076699994749118	1.18997818545472	177
0.11571963581661	1.25519478608345	177
-0.022040982457204	0.375826847962743	184
-0.00302586035973196	0.489021368554648	51
-0.071749139015257	0.252367083560708	560
-0.0958305869525839	1.24262321393395	70
-0.050729115029709	0.758155053676157	70
0.00309510420782	0.499796681181561	70
-0.013433336364014	0.371225268123078	215
-0.00414814925962403	0.500469826085859	177
-0.099906370691964	1.07662618926412	177
-0.00825868800913199	0.348206179397263	177
0.0328368548878499	0.623335731405044	531
-0.092815411285921	0.623466191965454	531
-0.038661546387379	0.771831446822549	184
-0.0981734758330139	1.10786190333444	70
-0.00372770823508795	1.15518512244276	204
-0.103190766012783	1.09616023756715	70
0.0379163913642899	0.635893002991984	532
0.12445375827152	1.19718066363007	165
-0.069122888529747	1.01294856208487	165
-0.017314138250921	0.37889071089191	215
-0.030042090147239	0.352920940710787	177
-0.015668865624918	0.391220929591653	331
-0.05576826674998	1.15189259793761	184
-0.065880546697546	0.259434889433519	51
-0.082571119670182	1.16240829040876	51
0.10813347396822	1.76663071230858	70
0.0270216994588399	0.650381686181367	439
-0.092815411285921	0.623466191965454	324
-0.013898776004275	0.382720393109243	215
0.0313299825588	1.0617924965785	531
0.07231216236144	0.897030266601216	331
0.0239523607424701	1.09441287759284	70
0.0577838406028099	0.806223017157622	399
-0.044480280340208	0.75867051419121	165
-0.048765756342713	0.787245139710381	215
0.0307955462364	0.62196437469881	215
0.06864880472341	0.78678391019006	20
0.05772522497443	1.14353956285173	26
-0.124936087028023	0.76731646519126	70
0.02710385149192	0.646816653440119	399
0.0634082890622301	0.811391763628985	177
0.10810165089285	1.64445003337533	51
0.01190198021443	1.30268689066567	51
0.00801061631939004	1.27873306958499	70
-0.095185667518627	1.0257340903964	70
0.06070684250463	0.819815033997896	70
0.0000296958823500226	0.510670270468513	70
-0.065880546697546	0.259434889433519	47
-0.124902725984763	0.750281915550998	1058
0.0802569951531	0.945510272306997	324
-0.071749139015257	0.252367083560708	177
-0.071749139015257	0.252367083560708	177
-0.00279671204371001	0.911194107701343	26
-0.092504607465665	0.984062231706408	204
-0.0615160190098351	1.29479771039977	204
0.10425444562961	1.08585760991531	70
-0.08995817772404	0.626909536914575	439
0.0978687677958201	1.11040372717638	399
0.00753792005994991	0.468353005970649	399
-0.0625393383602501	0.253998127728779	47
0.11453927878561	1.25342981414959	215
-0.016727994705372	0.385176841231482	177
0.0230551923117499	1.31140957916719	51
-0.042448297094652	1.00602015302575	26
0.09714378114171	1.11979949459362	26
0.04977525175228	1.18239644777737	26
0.0217849136664601	1.30896812348741	70
-0.00247328631615495	0.507841081738223	70
-0.00764258515907101	0.903292304999831	70
0.000600573033989971	0.494151651014492	70
0.04934114789481	1.19113373341286	399
-0.064196946148623	0.251484404125009	47
-0.014886513595628	0.913807039939481	215
0.03522507750338	1.7652378741232	26
-0.102654683251184	0.976698676670129	70
-0.065880546697546	0.259434889433519	70
-0.00779053745527703	0.490511240569793	113
0.01351562719818	1.86184996443008	204
-0.080907778176033	0.870367189833141	70
-0.098199152115031	1.3029120716963	399
0.0247598700507901	0.62879387273988	399
-0.051226192463444	1.01226396103108	165
-0.017905649007764	0.388744915484838	439
-0.022040982457204	0.375826847962743	47
-0.082608395408424	1.21727463645421	215
-0.08833820146358	0.87700824718538	324
-0.037128444475115	0.728923311222699	215
-0.065880546697546	0.259434889433519	177
-0.040393550886468	1.25977394602573	177
-0.0360779691840341	1.02324497758784	42
0.0680715141910899	1.34168099050681	26
-0.073944458098785	1.1025942887421	26
-0.026470896961065	2.24137789178429	26
0.0849316210667299	0.923727193385259	70
-0.00553918970329603	0.497144631917335	113
-0.095006344422572	0.607760289003459	107
-0.0621871927257019	0.240872884678666	165
-0.016135604289051	0.380362548270328	439
-0.085622349011977	0.587051460939179	47
-0.067534559012881	0.256778751447003	47
-0.00823627003097105	0.889004086516638	47
-0.0840942118829931	0.893165779726875	177
-0.063882169659874	0.254142270662805	177
-0.090917957670579	0.608317586196648	177
-0.068414266099475	0.247285453185001	177
-0.106528198824756	1.22612393247651	177
0.03473195543952	1.10788043808107	177
0.0446126399411599	1.17886573201442	177
0.10161764402017	1.6825331199692	177
0.05651720768922	1.78477534387823	177
-0.022491916033672	0.374996717181427	42
-0.00432376086815101	1.1753443087731	26
0.09214941080669	1.48632441026555	26
-0.092554650359247	1.84621086308844	26
-0.102609293418065	0.576991760835221	113
-0.076210464544647	0.930912034322318	399
-0.01627455426909	0.375922087304922	47
-0.081293686940178	0.902952048181357	1215
-0.085053158335554	0.613544683673241	177
-0.067633914115069	0.891009450640711	177
0.06140165400609	0.793885624807323	42
0.0377506860697801	2.06223356299297	26
0.04906329658829	1.23071127891426	204
-0.000823220216042975	0.493395336855741	70
-0.00916858539190701	0.491867723594212	70
-0.105129357863056	1.23353757717898	165
-0.00247328631615495	0.507841081738223	47
0.0298931534279201	1.05142137633968	20
0.0763443015733401	0.974664036891557	177
0.0320947541449501	0.652802818361562	455
-0.06619560117474	0.249037682676712	455
-0.017314138250921	0.37889071089191	177
0.02505219970997	0.634672330958724	177
-0.066055975010837	1.14650088949013	177
0.0569023225845899	0.787278535530545	177
-0.04341438496622	0.770058277859502	177
0.10702581776623	1.796868554951	51
-0.108782412723563	0.957941527705842	51
0.09169614289486	1.47791865930575	51
-0.015668865624918	0.391220929591653	42
-0.00896357659257396	0.910361948647665	113
-0.097431860428803	1.88802327351796	1273
-0.110020373807195	1.65036666811305	70
0.0324620340538799	0.589943085797606	47
-0.071749139015257	0.252367083560708	47
0.04043155910242	1.17067682867362	215
-0.045301054224784	1.03622767730139	177
0.0841552955618201	1.45022085088141	177
0.0379206504373799	0.627266280072501	177
0.05205956044752	1.53877027578091	177
0.0216612350059999	1.07917328425084	177
0.04221437837638	1.50977957098959	177
-0.0503977620345411	1.00573465522545	51
-0.000168697543537988	1.92051704858327	26
0.10174162154669	2.04590578585116	26
0.06738939704995	1.8711623783066	113
-0.016135604289051	0.380362548270328	70
-0.00220937686266798	0.506873236976531	47
-0.015668865624918	0.391220929591653	47
0.0286082013048801	0.646747561493924	47
-0.0395970766882739	0.784801564999089	177
0.07656132760905	1.41916897858645	177
0.0320886629501	0.640280426211003	455
-0.050244366009557	1.01803329416824	177
-0.055843337230584	1.12076320522789	177
0.0587762356497901	2.13820209709907	26
-0.04697183786188	1.8206781655856	26
0.08154831717613	2.0269270380406	26
-0.01166616493753	0.363915001439311	399
-0.089553852441348	0.603600307078945	47
-0.033363897150712	1.27733945414514	215
-0.076949488325177	0.904723910924314	215
-0.094448312747121	0.626330714166473	177
-0.122946155946686	0.749842408886253	177
-0.046804030039172	0.782173366561089	177
-0.012734080080538	0.382002213719781	38
0.00859004221444004	1.29716565817719	51
0.0803155432654199	0.981974406007092	42
0.0157911978052301	1.60921505526657	113
0.03329779696208	1.4415026852749	70
0.02762112341713	1.67612738648103	1273
0.0270216994588399	0.650381686181367	1273
-0.100809250682237	0.994815032154076	439
-0.019084546330968	0.387196291764176	399
-0.0873687857230731	0.618657106390825	28
-0.074040362032111	0.882031239816436	20
-0.038837467983977	0.786592111611411	177
0.0344392192771199	0.650557488241427	177
0.03353525202424	1.37036739621114	411
-0.0247965003017711	1.09973188301866	42
-0.00778887720890897	0.920910426628913	1273
-0.011571018248453	0.373046172195889	215
-0.00108867490422804	0.511296437570494	51
-0.0924242401723681	1.81241696440056	70
-0.044859431724553	0.779429975371731	47
-0.098112475681184	0.595178270978845	215
-0.00709661451263399	0.348723153777111	215
-0.040112099830567	0.758705280104206	177
-0.04560001220406	1.03529069820949	38
-0.123652754658511	0.752954992854528	51
-0.101520013518754	0.579196843214465	135
-0.013339825466919	0.380903847356655	215
-0.06619560117474	0.249037682676712	215
-0.014503528485869	0.390439575213324	28
-0.022040982457204	0.375826847962743	215
0.06395831254702	1.57636365246179	177
-0.041023327307668	0.790912212888387	177
-0.067219758501134	0.253570251530169	411
-0.063882169659874	0.254142270662805	411
-0.015668865624918	0.391220929591653	411
-0.035366961337247	0.780401288365406	42
0.0997140156623399	1.14457702408882	135
-0.051238770208341	0.760427568193584	439
-0.04979686267896	0.783672682977327	47
-0.015668865624918	0.391220929591653	28
-0.017314138250921	0.37889071089191	1151
-0.06619560117474	0.249037682676712	28
-0.00108867490422804	0.511296437570494	177
-0.00756515484402098	0.957069820223087	716
-0.0803413324300441	0.887728838714389	177
-0.054421162857589	0.730728951005286	51
-0.016727994705372	0.385176841231482	204
-0.123657542838219	0.750143473921805	70
0.0261368188063	1.42279091596446	439
0.10596488384929	1.11489686783446	135
-0.019677417236499	0.374301200409669	135
0.0829447856437799	0.916715186258766	399
-0.070413735615296	0.244937250161024	47
-0.022040982457204	0.375826847962743	1151
-0.025425246285004	0.372135739368442	1151
-0.015668865624918	0.391220929591653	215
-0.065880546697546	0.259434889433519	215
-0.016401216077387	0.342418666972358	243
0.00335656011470009	0.484642681397877	716
-0.065880546697546	0.259434889433519	51
-0.022491916033672	0.374996717181427	51
-0.02426633982576	0.373566654266445	107
-0.115284222900143	0.756821470783529	135
-0.065538689007454	0.251621271524724	135
0.03180212126797	0.640010041743276	439
0.0344392192771199	0.650557488241427	616
-0.00667273664996904	0.480529348430821	47
0.0600802631305	0.813741823632408	47
-0.067219758501134	0.253570251530169	47
-0.012268469778107	0.37736075727471	215
-0.070413735615296	0.244937250161024	243
-0.067534559012881	0.256778751447003	510
-0.00472686040291204	0.492809036018075	1232
-0.068872689064822	0.251056752215475	1232
-0.06052706227604	0.243125882854945	51
-0.014636299613179	0.34361976201845	42
0.12402073219953	1.35450810176161	107
0.02005289112964	0.608245973467552	70
0.00223971736667994	0.473705755484424	47
-0.01972914507872	0.366496478024073	47
-0.017905649007764	0.388744915484838	47
-0.0645405050599031	0.251493140527709	28
-0.012734080080538	0.382002213719781	28
-0.019084546330968	0.387196291764176	243
-0.017905649007764	0.388744915484838	510
-0.073083727690059	0.246860576976442	20
0.02430127006695	0.604828310082901	246
-0.111959728500695	0.754431470187883	38
-0.014980136772812	1.14831517944636	38
-0.02426633982576	0.373566654266445	288
-0.00387823345366001	0.48625175402704	177
0.0274022130421201	0.634211089608808	107
-0.121427161291046	0.749243560745391	204
-0.000493682013228969	0.482492681249088	135
0.0298234766366501	0.646115348877419	135
0.0346100718695901	0.618642307022529	616
-0.065880546697546	0.259434889433519	47
-0.020856679862344	0.372868667445208	47
-0.0645405050599031	0.251493140527709	47
-0.017314138250921	0.37889071089191	363
-0.068872689064822	0.251056752215475	243
-0.017905649007764	0.388744915484838	243
-0.00414814925962403	0.500469826085859	510
-0.01972914507872	0.366496478024073	246
-0.089992815695943	1.06756376050986	177
-0.00752296976199196	0.47993434273949	38
-0.067219758501134	0.253570251530169	1232
-0.00751347313717699	0.92118612730829	716
-0.065880546697546	0.259434889433519	2333
-0.073083727690059	0.246860576976442	51
-0.113054998244288	1.09081527979326	107
-0.041040551228029	0.764307434287923	70
0.04057284315212	1.19765466741468	70
0.0259765406930299	0.622756754685359	70
0.00259549948214	0.47225452126433	47
-0.067219758501134	0.253570251530169	47
-0.067534559012881	0.256778751447003	318
-0.068872689064822	0.251056752215475	243
0.0332234364577799	0.648566618216061	20
-0.00527079627288296	0.49925578169636	38
-0.019084546330968	0.387196291764176	1232
-0.04052140528634	0.779018196161461	716
-0.040304332317062	0.792350603353432	177
-0.067219758501134	0.253570251530169	288
0.000295600687499897	0.497525749834541	353
-0.016835824673325	0.382206253694542	353
-0.01050194249726	0.369719209133139	51
-0.0645405050599031	0.251493140527709	2333
-0.067219758501134	0.253570251530169	51
-0.0395970766882739	0.784801564999089	107
-0.052997535917624	0.75747900488104	107
-0.022491916033672	0.374996717181427	107
-0.00163899777907495	0.485080308626588	107
-0.044754582982785	1.11277237258875	70
-0.042035890491287	1.02361592768826	70
0.05646674699447	0.806888887246312	70
0.11137238195796	1.17352600595909	70
-0.015863040633684	0.886512806583238	70
-0.0645405050599031	0.251493140527709	135
0.0252482761947099	1.07140064399243	47
-0.087100632518031	0.623332618153432	47
-0.021953467120219	0.360438170753381	47
-0.064196946148623	0.251484404125009	47
-0.00889876173685	0.481654523021033	597
-0.016135604289051	0.380362548270328	246
-0.067219758501134	0.253570251530169	288
-0.067219758501134	0.253570251530169	353
0.00252623207050995	0.491876771102163	42
-0.092815411285921	0.623466191965454	42
0.07968348673589	0.951984192921834	42
-0.122015272437998	0.73679263360104	107
0.00151218891117	0.926047998769538	70
0.0274022130421201	0.634211089608808	70
0.0599281221371999	0.803768649197737	135
0.0550788219071401	0.814318663589589	135
-0.065880546697546	0.259434889433519	47
-0.065880546697546	0.259434889433519	243
-0.065880546697546	0.259434889433519	243
-0.067219758501134	0.253570251530169	510
-0.064196946148623	0.251484404125009	246
-0.00810049782906996	0.926768519160677	834
0.000680508264550017	0.479592058981216	38
-0.00612666406677398	0.46820206087087	20
0.11099171257989	1.16261248157566	716
-0.00666371582277703	0.495937115399256	716
-0.0898191429665121	0.628128224122552	288
-0.012734080080538	0.382002213719781	288
-0.021335298693252	0.371750736189947	353
-0.015668865624918	0.391220929591653	353
0.01830528024517	1.2696383178212	107
0.00252623207050995	0.491876771102163	107
-0.083123351688304	0.860921908208713	70
0.05786403408786	0.763664943271607	70
-0.063882169659874	0.254142270662805	135
0.06210771315265	0.797205357720135	135
-0.058024875632072	1.12777178216304	135
-0.01803600931573	0.35894195213113	616
0.12308631010839	1.04356153314881	439
-0.124509858085613	0.768660392755565	439
-0.017905649007764	0.388744915484838	47
0.00864799086342005	0.468172293163802	47
-0.020264676455524	0.376952470849492	47
-0.019677417236499	0.374301200409669	243
-0.097590108477733	0.60850676523573	243
-0.01050194249726	0.369719209133139	510
-0.122677155797772	0.750222889095567	246
-0.018501493626048	0.371096296364045	246
0.05485059334709	0.774620548561097	38
-0.026585783197966	0.362790053980826	716
-0.00361703567679605	0.492275925859402	716
0.0367887284080199	0.645674653209754	288
-0.015668865624918	0.391220929591653	51
-0.00135302759039702	0.507236524506667	776
-0.011999820913387	0.91176694586271	42
-0.121009899443859	0.741627202541408	42
-0.12052041908364	1.52114514522221	107
0.0304471502407599	1.06945849459899	107
-0.04979686267896	0.783672682977327	107
0.0468300091634	1.17762720241356	70
-0.0952652970391999	0.598828213072241	135
0.0851103184291599	0.935362222063291	135
0.00171884580608994	0.496558240397246	439
0.0493111460834901	0.757932278735482	439
0.03548338711467	0.613529944925744	439
-0.073083727690059	0.246860576976442	243
-0.092685005192514	0.614471012837044	246
0.08156889950493	0.988841697586792	38
-0.0418307210358529	0.787767090209372	288
0.0132728280855501	1.615024735923	107
0.09122113189555	1.54815754963928	107
-0.08343302282378	1.17654082517037	107
-0.043622536942121	0.780388070226	107
-0.099768331912804	0.5821547315168	107
-0.072235690005407	0.902175138864571	107
-0.08370817451621	0.61704535629704	135
-0.00387823345366001	0.48625175402704	47
0.00114572345116004	0.505160017259422	47
-0.016135604289051	0.380362548270328	246
-0.072551862973521	0.899577572838239	246
-0.041354277538964	0.777195661250625	38
0.0308811696628	0.65346639012229	288
-0.020856679862344	0.372868667445208	288
-0.000823220216042975	0.493395336855741	51
-0.038023327082047	1.01344424802318	42
-0.119493286987592	0.764325437905828	107
0.0330409071464901	1.15241570811288	70
0.10260542328805	1.14256783750851	70
-0.118761858121548	0.750977140758637	47
-0.075145071090196	0.581636411068113	1071
0.11820229372482	1.2122271173471	47
0.06786991494218	0.73827339928351	47
0.00447104773178997	0.486928525118783	47
-0.01627455426909	0.375922087304922	243
0.05705433839055	0.780695132036059	243
0.10545089945167	1.03840281795387	246
0.0894725037605499	1.03305928276531	246
0.12383953609346	1.22467565565628	38
-0.124902725984763	0.750281915550998	38
-0.00872691565250106	0.888200106527709	284
-0.096501937196699	0.606880821446379	284
0.0326332288878799	1.0896056296686	154
0.10385195271308	1.1465252968098	42
0.100694602808	1.0977990403228	70
-0.01739292808439	0.889483392472398	135
-0.087932238674824	0.604832622740382	70
0.0837692633814799	0.722600595243318	243
-0.12004033282511	0.773799228415171	243
0.0226322182971299	0.619816416043842	243
-0.048059436214447	0.751947593769437	243
0.0658700900143601	0.798721595914899	246
-0.118525168153987	0.75584890058591	154
0.09775288815586	1.05256697478078	246
-0.000235110459249954	0.501820934687282	246
0.1114895825973	1.21224747864933	38
-0.012272939342837	0.921711309134894	20
-0.083568601841707	0.959549148159334	284
-0.040537839763971	1.04665571908171	284
0.10162939625492	1.07025911163303	154
0.12354834423493	1.19359028261084	154
-0.123510758126142	1.15682179803097	70
-0.115467912736249	1.37201370372061	70
0.0676439584103099	0.806654628775414	1071
-0.017905649007764	0.388744915484838	47
-0.013463645332529	1.18233448816851	60
0.0258061280631601	0.646501563191255	1633
-0.00610438021932003	0.502367582022983	1633
-0.088252824402887	1.20557173663966	20
0.0273197969136401	0.642048496607956	107
-0.124585528881942	1.33644403651452	204
0.00159523845921994	0.885072703412416	70
-0.019026662752792	0.953491005172475	1071
-0.025425246285004	0.372135739368442	72
0.0221527327257101	1.04994732031982	20
0.00726337273525002	1.23223028285152	38
-0.080438561249284	0.611291027717607	198
0.12311695879376	1.36315649003158	47
-0.106674176651318	0.527982298892635	60
0.0537002137224201	0.787616508197168	20
0.02560861069334	1.36607875816392	246
-0.117671799454455	0.724326187329544	38
-0.00441697102280403	0.494669375145016	284
-0.041040551228029	0.764307434287923	284
0.01804852564816	1.62752820974267	107
0.06762313315516	1.85966279692307	107
-0.00681786328192502	1.15950802760288	439
0.0529799657697601	0.787457116397239	439
-0.079826359712139	1.18183626324793	72
-0.122946155946686	0.749842408886253	20
0.10529207395564	1.11406890168482	20
0.08156889950493	0.988841697586792	38
0.1114470826105	1.24656621013899	38
-0.01697024690259	0.834941299071565	42
-0.043622536942121	0.780388070226	70
-0.079139993074253	0.907440701124266	70
-0.100340819071455	0.976654545896393	70
0.0829447856437799	0.916715186258766	47
0.0285317751871901	0.651391834559832	20
-0.089553852441348	0.603600307078945	246
0.0825692512055201	0.980254672284241	38
-0.038358064818987	0.783700872433082	284
0.0605452817807199	0.815507125400686	284
0.02735029548722	1.07341619677919	198
-0.066512823361821	1.07152228005106	42
0.0254085404692901	1.39785229555621	70
0.01871693320932	1.31649237172398	777
-0.0645405050599031	0.251493140527709	60
-0.063882169659874	0.254142270662805	60
-0.00472686040291204	0.492809036018075	2159
-0.017905649007764	0.388744915484838	284
-0.01166616493753	0.363915001439311	198
0.07371289635359	0.773965179796328	51
-0.065778156594874	1.94462293603839	107
-0.00498271273473905	0.485511948809799	107
-0.041387426266888	0.694889650669016	70
-0.026156920265632	1.20277868199801	70
-0.063882169659874	0.254142270662805	72
-0.067534559012881	0.256778751447003	60
-0.0645405050599031	0.251493140527709	60
-0.073083727690059	0.246860576976442	60
-0.06052706227604	0.243125882854945	60
0.0367887284080199	0.645674653209754	38
-0.050729115029709	0.758155053676157	20
-0.067219758501134	0.253570251530169	284
-0.00414814925962403	0.500469826085859	51
-0.072836020522511	1.37049311734267	107
0.0309612378956301	1.4430561201364	107
-0.019677417236499	0.374301200409669	107
-0.080082750258154	1.32103384859149	70
-0.086138925489511	0.603844607460092	70
-0.06619560117474	0.249037682676712	72
-0.014503528485869	0.390439575213324	60
-0.087534158570948	0.535369048362895	38
-0.042894165725525	0.774053901088855	20
-0.038095459275228	1.04186601785153	20
0.0588562892811499	0.810174243674205	284
-0.067219758501134	0.253570251530169	51
-0.00275505445288804	1.35554627274748	70
0.07151992318046	0.91995763894757	70
-0.016835824673325	0.382206253694542	70
0.0561642836226599	1.49456495872135	70
-0.01803600931573	0.35894195213113	70
-0.100563442962576	0.589075116866914	72
-0.067534559012881	0.256778751447003	761
-0.0645405050599031	0.251493140527709	60
-0.067534559012881	0.256778751447003	20
-0.065880546697546	0.259434889433519	60
-0.067219758501134	0.253570251530169	60
-0.070413735615296	0.244937250161024	20
0.02512525124222	0.627868955282044	20
-0.110474157078087	1.31622505743464	38
-0.085188527563735	0.608980826907527	38
-0.020264676455524	0.376952470849492	284
-0.0625393383602501	0.253998127728779	284
0.0286082013048801	0.646747561493924	51
-0.103672279778628	1.10442752866558	42
-0.087235834484927	0.626949612071108	107
-0.020269493277755	0.377267033686799	70
-0.013922755337878	0.460291135767112	70
-0.111027817214333	0.937312053662968	1235
-0.0927025149666349	0.603082600791746	1235
-0.06619560117474	0.249037682676712	761
-0.071749139015257	0.252367083560708	72
-0.073083727690059	0.246860576976442	72
-0.067534559012881	0.256778751447003	20
-0.00721847239573004	0.498083405007933	20
0.05083267596212	0.780664838431273	20
-0.014958313029618	0.377024165300835	686
0.0296688105898	0.649587783129823	20
-0.02365017601214	0.373559081560533	38
-0.01050194249726	0.369719209133139	198
-0.00302781129529806	0.497945449460253	198
-0.10005402712723	1.44133604406815	107
-0.073083727690059	0.246860576976442	107
0.00141208879921995	0.496969673700719	107
-0.011571018248453	0.373046172195889	70
-0.067219758501134	0.253570251530169	761
-0.0336028016040411	1.2584812381455	38
-0.006930580966932	0.479677752928752	284
-0.063882169659874	0.254142270662805	284
0.0318692426693199	1.02113851247836	284
-0.087235834484927	0.626949612071108	51
0.0185096868130701	1.56611550453116	107
0.00447104773178997	0.486928525118783	107
-0.016692694860874	1.16425720572042	70
-0.019084546330968	0.387196291764176	70
-0.064196946148623	0.251484404125009	72
-0.0248100664312581	0.364151172248145	60
-0.067534559012881	0.256778751447003	20
-0.02365017601214	0.373559081560533	284
-0.065880546697546	0.259434889433519	284
-0.087235834484927	0.626949612071108	439
-0.021321452895266	1.3529226654119	70
-0.065880546697546	0.259434889433519	72
-0.00752296976199196	0.47993434273949	38
-0.0625393383602501	0.253998127728779	284
-0.010022278279455	0.354590479607607	284
0.1056898290051	1.13088601823146	42
0.00968689069643003	1.30738429038573	107
0.0569360686403799	1.30129382103796	70
-0.018493904698656	0.369233659667497	20
-0.123816997231743	0.725868471503352	959
-0.035126108129529	1.24923778912446	959
-0.048557242759346	0.78907383754183	20
-0.077474474222552	0.894788741502784	42
0.02683219033825	1.05803942350718	42
-0.042591882089309	0.780305364691088	38
-0.092815411285921	0.623466191965454	38
0.0729370647573	0.760649398199293	284
-0.014310294668007	0.438377087488503	284
0.03171451167355	0.645901633554053	70
0.0367887284080199	0.645674653209754	72
0.0320947541449501	0.652802818361562	1641
-0.087100632518031	0.623332618153432	42
-0.00721847239573004	0.498083405007933	42
-0.045745955623658	0.967653557605673	284
-0.016367365253382	1.15317227591053	72
-0.0803413324300441	0.887728838714389	72
0.11477757636901	1.22931502191719	72
-0.015563368292551	0.374279767775775	20
-0.093790147348585	0.607222802807832	959
-0.00187037913896704	0.919017566713909	20
-0.016727994705372	0.385176841231482	42
0.0197810578195099	1.642594010781	38
-0.02285322594192	1.65761188897895	70
0.0333095659535101	0.64767847340444	70
-0.01279120983168	0.472976116648361	72
0.07287189281591	0.757999026772577	852
0.0655484070846599	0.808894353623341	1455
0.0600802631305	0.813741823632408	1455
0.0830794385517699	0.980919793104881	1641
0.0863993901032101	0.970460070620281	20
-0.043506676381983	0.788389879089052	20
-0.012429886243484	1.42111304324921	42
-0.032238684932055	1.01178737164914	284
-0.123817824530858	0.711838569536756	284
-0.038289188567236	0.98438199300263	284
-0.015253992122508	1.12828372671527	284
0.00765578497978003	1.56541511133465	70
-0.094987252727295	1.28597031193992	70
-0.096344288391811	0.594979611589308	70
0.02466977137323	0.643591584447326	72
-0.093489359667393	0.615470857938304	1965
-0.112799834033023	0.702956123558905	20
0.09526167314476	1.12029548858787	42
-0.036607360610402	0.778913125674452	42
0.11309092926538	1.21231713239418	284
-0.074672625658794	0.89093653963222	284
0.0818236428360499	1.29772907861838	284
0.06891928738415	1.36508101470829	284
-0.068966494124894	1.83714998764928	70
0.08016014373185	1.43509026678584	70
0.09454485919689	1.07715301584902	70
-0.081876836411036	0.896258716407207	72
0.0320886629501	0.640280426211003	20
0.02869136381464	0.627319677118311	277
-0.0200766290378051	1.59165735872082	42
-0.0568733321473111	1.10934701077944	42
0.11968320140977	1.27078734602822	70
0.0783520437435301	0.970625907696796	72
0.0576342060028301	0.801479926628973	72
0.0602348365110901	0.808647405675752	1455
0.0238298321903501	0.593531772493909	277
0.0564140093948999	0.786461286326264	277
0.0274708392845799	0.623316226012784	20
0.0262536663923501	1.38574364833268	42
0.10019026618086	1.10541860738072	42
0.0810627476213099	1.40315212878366	42
-0.06970542851623	1.10701158648221	284
0.0523789958022001	1.18693573357341	284
-0.114431109577897	1.32239267597977	284
-0.025728482942727	1.88868494388364	70
-0.0567515309500281	1.29857297263458	72
-0.012734080080538	0.382002213719781	20
-0.017905649007764	0.388744915484838	20
-0.065880546697546	0.259434889433519	20
-0.0625393383602501	0.253998127728779	20
-0.068777523038279	1.31064862951316	42
-0.095236620314695	1.0058935622626	42
-0.00580647629936804	0.477458529541639	284
0.05925879939922	0.758189596921187	284
-0.070438933704068	0.891844978463268	70
-0.00499265045825403	0.501786939875487	70
-0.116816420099783	0.759560226889527	72
-0.089290582400822	0.625300752112938	72
0.0172577432894501	0.592322411753587	277
-0.00385823286426101	0.48952690809136	42
-0.00671978265275397	0.921806824542271	42
0.0731291376593299	0.942380276527442	20
0.00194032153883006	1.48840287430437	70
-0.010293979581082	1.35932587243482	439
0.0994739303116401	1.05850033529086	70
0.0546065959926201	0.782607113699642	70
0.0142506054792899	1.21930429233895	72
-0.010284664849479	0.490675097898742	1967
0.06309651897763	0.800477735145111	277
-0.00527079627288296	0.49925578169636	42
0.04341830012041	1.15433792685326	51
-0.00778457833976998	0.482803280594087	42
0.0633138421541	2.14457396664468	70
0.0243618635965299	1.07091069023111	1967
-0.050326023687619	0.745798744870901	20
-0.039059679897653	0.793893682378752	277
0.03663586382462	1.07290278798886	20
-0.00527079627288296	0.49925578169636	42
-0.106145072677741	0.554191755268924	42
-0.059996600250531	1.3359734941773	42
0.0836901421563601	1.26833702380421	70
-0.042049629019394	0.797297468040168	72
-0.01972914507872	0.366496478024073	1967
0.11678490178816	1.25567175076979	491
-0.01724509243738	1.34344117377031	51
0.02505219970997	0.634672330958724	42
-0.119897462930803	0.739051648101954	70
-0.045891334608043	0.772133161612735	70
0.0765860168630601	1.32257010006502	70
-0.016380235804083	1.18235170714528	70
0.0915154988608	1.58070122818125	70
-0.117524622375971	0.746489648992284	72
-0.022491916033672	0.374996717181427	72
-0.016135604289051	0.380362548270328	145
0.0779655878963701	0.930155710171006	42
-0.096095193919835	0.604859358177802	20
0.0655484070846599	0.808894353623341	20
-0.00733689776937596	0.931347489991744	42
0.0525207953036999	1.60910023719457	72
-0.083013006978703	0.607280096803729	145
-0.072350057458347	0.890544981401044	145
-0.037004242962329	1.01617721296898	42
-0.082608395408424	1.21727463645421	870
0.0122693434646599	1.01113102475656	42
0.0454364641502301	1.60717741969051	70
-0.000559988397437983	0.917685390606054	70
-0.063771135988112	1.30655648068666	439
-0.071094121669081	0.907376126560175	72
0.0779130018290899	0.932440465563741	145
-0.013898776004275	0.382720393109243	145
0.11800921112775	1.24920918837939	42
-0.08805702872991	1.15589036016692	42
0.0497979172470899	1.53620168680195	42
0.0309594070430099	0.654630639313202	42
-0.00414814925962403	0.500469826085859	70
0.0000296958823500226	0.510670270468513	70
0.10477101942351	1.14542902402766	70
-0.014503528485869	0.390439575213324	70
-0.021335298693252	0.371750736189947	70
-0.065538689007454	0.251621271524724	70
-0.0645405050599031	0.251493140527709	70
0.02466977137323	0.643591584447326	145
-0.014503528485869	0.390439575213324	42
-0.00184874478960095	0.491440590443094	42
0.0733351510056099	1.30857959670833	42
-0.026127984271404	1.25727409125451	42
0.1035237636565	1.66649234647434	42
0.10464267936513	1.10777820560297	42
-0.119556980851775	0.853521020691426	51
0.0489429642299	2.44007275264249	70
0.0678182209876801	1.34469172205173	70
0.0487131239406	1.36110577265681	70
-0.0816100286534061	0.887407160246259	70
0.04449168053555	1.53183895926497	70
-0.111269484004255	1.15325027261204	72
-0.118678977404443	1.17959939239742	72
0.0216612350059999	1.07917328425084	145
0.000342273253850056	0.479392496185355	29
-0.102437466164517	0.972834092051421	42
-0.102793149793319	0.980739837738623	42
0.000467517556649977	1.42747090100965	42
-0.00520979944879196	0.897358259734002	42
-0.095246859436199	0.607945491724389	870
-0.00719680625576402	0.906607585017269	20
0.08419908464093	1.47022813469653	42
0.0263391493312599	0.625547567705079	684
0.10215281021925	1.11198494540755	684
0.10681586061221	1.1019362499143	70
-0.01627455426909	0.375922087304922	70
-0.071749139015257	0.252367083560708	70
-0.067219758501134	0.253570251530169	70
-0.0952555230591891	0.578397267640411	72
-0.11781703197398	0.772384919987048	145
0.00368243016392	0.467887160534982	145
-0.093226934288708	0.627648864447811	145
-0.015668865624918	0.391220929591653	870
-0.047832726484807	0.749620904323662	42
-0.048254479290513	0.759798493299102	42
0.0787304494551	2.40249132776069	684
0.0918725837439201	0.958082053661149	818
-0.067219758501134	0.253570251530169	70
-0.065880546697546	0.259434889433519	70
-0.00992643517478697	1.1933768502957	72
0.02612706523421	1.39973373430353	145
-0.095236620314695	1.0058935622626	145
-0.014359049910629	1.3448263472666	145
0.0824280357864999	0.962122259202316	145
-0.104462392366404	1.11403343367456	20
0.0217799211334899	1.06750615180248	42
0.1217295022239	1.25625203083335	42
-0.094228178632316	2.08607197334627	684
-0.00387823345366001	0.48625175402704	70
-0.087235834484927	0.626949612071108	70
0.0913314091930699	0.955440092450319	70
-0.065880546697546	0.259434889433519	70
-0.073335373904685	1.22298274539778	1935
0.11082115003318	1.1854243580138	145
-0.111462793676896	1.15786716733233	145
-0.112255888631186	0.965166701242742	145
-0.066655171671404	1.11710307205383	42
-0.043076352435842	0.793685417567122	42
-0.029438302707297	1.53582312326469	42
-0.00803570496903205	1.16163744310366	42
0.01969145207421	0.597919683622821	42
-0.0945524773597169	1.84255556357612	684
0.0286082013048801	0.646747561493924	818
-0.095006344422572	0.607760289003459	70
0.000501726890800081	0.476929674179192	1847
-0.063882169659874	0.254142270662805	15
0.0542865229384499	1.28232729242604	207
0.0519930647595399	1.21050679314738	72
0.12351324608409	1.38121108907515	72
0.03273982256248	1.41012103401073	72
-0.120589012310647	0.715237552222798	145
0.11804900804393	1.22019862538361	42
0.01907806039138	1.0872071112375	42
0.02944868891818	0.623251251351586	42
-0.0645405050599031	0.251493140527709	20
-0.00692864352745604	0.941469367906959	20
-0.077451886527805	0.571747807222759	42
-0.120441588913424	0.756048038390175	42
0.0629296081344599	2.16324429225931	684
0.0251290461923299	1.75637307787966	684
0.0741361760322701	0.934745933264576	1847
-0.013791652772335	0.366774372552546	15
-0.067534559012881	0.256778751447003	70
-0.067534559012881	0.256778751447003	70
-0.01718494273183	1.37196609452499	1935
-0.122264800324866	0.763029611306221	145
0.03944329457674	1.20575819741717	145
0.12311695879376	1.36315649003158	145
-0.0407785863911671	0.743696562037658	42
-0.016880421289568	0.364603451979623	42
-0.092402097921924	0.613790768813801	42
-0.014958313029618	0.377024165300835	42
-0.06619560117474	0.249037682676712	402
-0.070261714072111	1.46521914252103	684
-0.099177170066212	1.7465510282365	684
-0.029315083979773	1.52365910072886	70
-0.0111052550865161	0.371170296277218	70
-0.065880546697546	0.259434889433519	15
-0.074672625658794	0.89093653963222	1935
-0.058328351161579	0.944144568762754	207
0.02463944010511	1.10391371211161	145
-0.017163799711961	1.16495828025115	145
0.11350886490202	1.10158430230937	145
-0.065538689007454	0.251621271524724	29
-0.00388329523766295	0.496497670210441	42
0.0982023679228801	1.1017943275157	42
-0.013133305603086	0.879885224147016	42
-0.123475157520756	1.01885750383246	42
0.01968596485375	1.91212691932058	684
-0.119733240355178	0.741810068929012	684
0.0876518336394101	0.966141648315758	15
-0.017905649007764	0.388744915484838	15
-0.05799275382599	0.963984103356057	207
-0.119733240355178	0.741810068929012	145
0.0029810797302201	0.938872342886925	145
0.04480946056556	1.2301919916847	42
0.11662733320466	1.22014175966389	42
0.0285398102457699	0.616359586243894	42
-0.097590108477733	0.60850676523573	42
-0.00247328631615495	0.507841081738223	402
0.10523083037262	2.05974467491732	684
0.07817512794114	1.42728862565356	684
-0.013898776004275	0.382720393109243	102
0.0282288304392899	0.621382527590359	145
-0.102337163869759	0.593395821484485	42
-0.093943513314885	1.26905413058033	42
-0.078499007623362	1.16756720186726	42
-0.091618550246979	0.918758132044363	42
0.0418892471819501	1.77165175928636	70
0.0194122603289399	1.23225373530628	70
-0.063882169659874	0.254142270662805	70
-0.0883373669645821	0.604823476643165	70
-0.070413735615296	0.244937250161024	70
0.0274022130421201	0.634211089608808	102
-0.013898776004275	0.382720393109243	29
-0.063882169659874	0.254142270662805	2257
0.0100248479101399	1.24390306307581	42
-0.086274266712322	0.606133038001158	1042
-0.105909691512563	1.08932732088097	70
0.0262640268833401	0.635878988977898	72
-0.00135302759039702	0.507236524506667	207
-0.0860150406713201	0.626366208943952	145
-0.065880546697546	0.259434889433519	145
0.01823070590531	1.07664313713307	29
-0.05484005853853	1.44085478365984	42
0.10260542328805	1.14256783750851	42
0.0602348365110901	0.808647405675752	42
0.0231527489882499	1.06812444094326	70
0.08156889950493	0.988841697586792	70
-0.012268469778107	0.37736075727471	145
-0.065880546697546	0.259434889433519	145
-0.00359587459327104	0.503473037000329	145
0.07867428236556	1.42528332729144	42
-0.037330538991512	0.775094402671266	42
-0.019084546330968	0.387196291764176	145
-0.063882169659874	0.254142270662805	145
-0.0522425541849481	1.0207215184956	42
0.0815140279503399	0.941541559809169	145
-0.123257061743681	0.774173810280735	42
-0.109398751207086	1.10634794134216	42
-0.124789228420287	0.749811587750871	42
0.0836190305975899	0.944793357273199	596
-0.068872689064822	0.251056752215475	145
-0.018493904698656	0.369233659667497	145
-0.06052706227604	0.243125882854945	1072
-0.06619560117474	0.249037682676712	145
0.0181022569732801	0.983904560157106	145
-0.067219758501134	0.253570251530169	145
-0.01050194249726	0.369719209133139	1072
-0.072642690471608	1.20723758828781	596
-0.12422812523654	0.774474876127507	157
-0.06619560117474	0.249037682676712	1072
-0.091976041115201	0.59161916211295	145
0.0224069091785599	0.628370220560143	29
-0.050239906260244	1.00067459891634	42
-0.00986641290309898	0.908104045167441	42
-0.098400361923149	0.592722163483969	42
0.0343576296955499	0.646795805722497	102
0.106488250928	1.10756825238451	157
-0.006845250497587	0.939660315919494	157
-0.010482768969041	0.947092747747611	72
-0.011999820913387	0.91176694586271	526
-0.00641704334202897	0.908548184562514	72
-0.047832726484807	0.749620904323662	72
0.02233301089637	1.02537204222985	145
0.06935482729525	1.14945237001369	42
-0.0129366887522751	0.83128129123676	142
0.06309651897763	0.800477735145111	157
0.0567107754359899	0.79247272441606	72
0.0200736988427599	0.519109974602177	72
-0.042432315279997	0.736694234636854	145
0.0963622545002501	1.10709048265344	42
0.0922915236200399	1.04498235132858	42
0.06716602163043	1.89568300758194	70
-0.012268469778107	0.37736075727471	526
0.00277034196152992	0.464409036480221	526
-0.015668865624918	0.391220929591653	526
-0.020856679862344	0.372868667445208	72
-0.014503528485869	0.390439575213324	72
-0.013898776004275	0.382720393109243	656
-0.116115579570407	0.729690907297818	145
-0.00956694107384304	0.920288707242257	145
-0.025425246285004	0.372135739368442	42
-0.0130686157790541	1.42898657399173	42
0.02226541386065	1.0599667898154	596
0.02845767501038	0.640326911735257	99
-0.0408048252383409	0.791313365682295	42
-0.025425246285004	0.372135739368442	42
-0.10002944878941	0.606340993063006	596
-0.020856679862344	0.372868667445208	72
-0.067534559012881	0.256778751447003	72
-0.0645405050599031	0.251493140527709	72
-0.073083727690059	0.246860576976442	656
-0.124787566389948	0.74434257634254	746
-0.065880546697546	0.259434889433519	42
-0.016835824673325	0.382206253694542	42
0.0320886629501	0.640280426211003	42
-0.014958313029618	0.377024165300835	42
-0.019084546330968	0.387196291764176	42
0.00469459957647	0.445712274407897	596
-0.01050194249726	0.369719209133139	1056
0.0298234766366501	0.646115348877419	72
-0.100696958897102	0.582064652938987	99
-0.085053158335554	0.613544683673241	42
0.02974497792487	0.655303666223156	157
-0.00247328631615495	0.507841081738223	656
-0.0791742679986141	0.893035229988515	42
-0.019677417236499	0.374301200409669	42
-0.015065093810954	0.374227951388386	596
-0.012734080080538	0.382002213719781	157
-0.000823220216042975	0.493395336855741	157
-0.064196946148623	0.251484404125009	99
-0.055995395364029	1.45871771915561	37
-0.035911262464944	1.26160806184898	42
0.10155821425245	1.12892067562779	42
-0.012341778304612	0.919480109140306	42
0.0481786396214401	1.10282844461091	596
-0.065880546697546	0.259434889433519	157
-0.069752445155897	0.247408437041861	853
-0.068872689064822	0.251056752215475	853
-0.067534559012881	0.256778751447003	853
-0.071749139015257	0.252367083560708	29
-0.00778457833976998	0.482803280594087	99
-0.00195232967895198	0.929909733279793	99
0.02845767501038	0.640326911735257	42
-0.065880546697546	0.259434889433519	42
-0.105981423440026	0.991910438477291	42
-0.068482419510566	1.78354094636787	70
-0.065880546697546	0.259434889433519	853
-0.00933937192284395	0.363890657885816	1056
0.03201677703632	0.634281484836703	99
-0.00135302759039702	0.507236524506667	99
-0.010284664849479	0.490675097898742	99
-0.00527079627288296	0.49925578169636	99
0.0259765406930299	0.622756754685359	37
0.0293725727451299	0.63362442432299	37
-0.077164395821272	1.24980708007343	37
-0.044639923213304	1.2179102302781	37
-0.017905649007764	0.388744915484838	42
-0.016135604289051	0.380362548270328	42
0.0620256117410101	0.806777876184091	42
-0.017314138250921	0.37889071089191	596
-0.00666371582277703	0.495937115399256	72
-0.00889876173685	0.481654523021033	1745
-0.063882169659874	0.254142270662805	853
-0.067219758501134	0.253570251530169	1056
-0.017905649007764	0.388744915484838	1056
-0.016835824673325	0.382206253694542	99
-0.00247328631615495	0.507841081738223	99
-0.068872689064822	0.251056752215475	99
-0.010284664849479	0.490675097898742	99
0.0285317751871901	0.651391834559832	72
-0.032455761129928	1.25529267017987	42
0.0239523607424701	1.09441287759284	304
0.1096173548656	2.12522638199219	142
-0.048373252734772	0.718505168646868	1221
0.03095330866393	0.617568842377378	72
0.02339540868958	1.08784685998286	99
0.10707662082188	1.12844610318539	99
-0.044681263048445	0.702300610625161	99
-0.0798097182308229	1.2118622589199	37
-0.0961983439122091	1.29804496468053	42
0.09636494173405	1.65235087752791	142
-0.10002944878941	0.606340993063006	72
-0.114598418084856	0.745034681741641	72
-0.00220937686266798	0.506873236976531	1749
0.0000296958823500226	0.510670270468513	99
0.08421883144156	0.916818350337545	99
-0.047130899697105	1.4216357281732	37
-0.00919434173122202	1.13981169528319	875
0.0211172492087199	0.624916119351509	304
0.00387445848265999	1.23571386331454	596
0.00394349758309009	0.464295231803772	596
0.00616845495202001	0.479823337377029	1749
-0.010794178835658	0.466783969607144	99
-0.038661546387379	0.771831446822549	884
-0.069214409489206	1.20040334061095	111
0.0818896207019599	0.954259517667512	596
-0.029344550497335	0.752728855203469	72
-0.00610950852493897	0.47320035028443	1031
0.02974497792487	0.655303666223156	1031
0.0261912273556899	0.633012264774685	99
0.07524528551404	1.32432607272906	37
-0.035718595079583	1.03461618335653	1221
0.0298278640883101	0.625732605061176	596
0.0632511847583299	0.813844641009462	242
-0.041023327307668	0.790912212888387	37
0.10014759108162	1.52680352587129	37
-0.042965554400029	0.757425430331009	884
-0.096255118908983	0.987692658960989	42
0.08218180397606	0.963386262312938	42
0.0534864233390899	1.5856735797075	596
-0.0898191429665121	0.628128224122552	99
-0.096802432490436	0.99725766991003	37
0.0293717406066101	1.63756978912017	875
0.0577838406028099	0.806223017157622	875
-0.01547239654454	1.17977752196821	875
-0.042479148743244	0.764006668033462	42
-0.00441697102280403	0.494669375145016	42
0.0188357655685101	1.06178889672918	111
-0.118890914151369	1.72144615998928	111
-0.043827961547893	0.779349981561805	1221
-0.000878124322111984	0.941794528449491	99
-0.046803008039368	0.752863924338175	99
-0.082876419299917	0.891769843564543	1751
-0.072797697309907	1.07995889737139	37
-0.10870272717524	1.32532210097637	37
-0.017440535504202	0.376598966944368	37
-0.00432376086815101	1.1753443087731	875
0.11814003164	1.28273855959012	884
-0.00163899777907495	0.485080308626588	42
-0.104752785680276	0.970353896569565	1221
-0.051391331703684	0.988411875799707	1221
-0.096884433715881	0.593048139661143	99
-0.10002944878941	0.606340993063006	99
-0.050399011445418	0.732256502395118	1751
-0.00329707173705895	0.48822514039208	37
0.00586838039553994	0.451606620787144	37
-0.067286989616722	1.10842829273267	37
-0.085623443758657	0.87404500710537	884
0.04261044510974	0.617241113137535	884
0.0309594070430099	0.654630639313202	42
-0.006930580966932	0.479677752928752	42
-0.12024258633058	0.851048239060295	1221
0.0517157829766399	1.1728298985308	1221
0.0235444325442999	0.631148990674447	1221
0.01775924218041	0.993066791167032	72
0.0519066295528099	0.78994796613167	37
-0.075688244117892	0.893467767061801	42
-0.04237161955675	1.04384636164541	1221
-0.116143879938372	1.34950451685188	142
0.00464308862919993	0.935443796499599	142
0.0261207417226099	0.610514131829355	72
-0.121295881763302	0.770073663181405	99
-0.039059679897653	0.793893682378752	99
-0.097433683662148	0.598988368275439	99
-0.00441697102280403	0.494669375145016	37
-0.035456932220355	1.00280046255634	37
0.0214509157649401	1.06123201351177	29
0.0879051160461499	0.95684823373389	304
-0.084326998190465	0.890140358074838	304
-0.095185860439798	0.952619095284379	42
-0.014541596972118	1.14936833182568	42
0.0980101444594901	2.21220176417948	1221
-0.024704162834722	1.10039865388582	1221
0.09295983096993	1.04478961810181	142
0.02568622863573	1.02327282474634	242
-0.00500130534718302	0.481114482509544	37
0.06386774192746	0.811139575958126	304
0.07002138796034	1.3244532964188	304
-0.00756515484402098	0.957069820223087	42
0.0195909723116401	1.66049716548327	1221
0.00479869066704008	0.476897912678087	242
0.000295600687499897	0.497525749834541	67
-0.064196946148623	0.251484404125009	67
-0.067534559012881	0.256778751447003	29
-0.016727994705372	0.385176841231482	99
-0.117137979182654	0.739900443418831	37
-0.039279114542366	0.78609095255864	37
0.0346857063403701	1.49786046647694	142
0.09459565953131	1.03724908628579	142
-0.041547449603074	0.78513399347379	99
-0.04062584661874	0.784900105625711	99
-0.098797347206016	0.554585693165104	99
0.0629965015110201	1.29708957992726	37
-0.093979253787002	1.10597951880755	37
0.0530646950901299	1.15470606775289	29
-0.00729898350713698	0.916377841046917	304
-0.122946155946686	0.749842408886253	42
-0.109521195170592	1.09439300567278	401
0.11040168370733	1.54632861741108	42
0.0712695202654901	0.917031345450139	178
0.03548338711467	0.613529944925744	1312
-0.00387823345366001	0.48625175402704	1312
-0.051722897454746	0.730542778291139	37
0.0421100258318901	1.50894867202544	29
-0.0515054978062091	1.3274761868483	29
0.10589478724415	1.04112526149403	304
-0.042384116193545	0.777271499016639	42
-0.093760387035947	0.597169685301122	42
0.10149047688056	1.05097375735753	42
-0.037286774759678	0.757489878736763	42
-0.015668865624918	0.391220929591653	1312
-0.071749139015257	0.252367083560708	67
0.0139708921133599	1.28235818304674	29
0.06617240889224	0.807465018888155	304
-0.089155574575331	0.615853706843702	142
0.11591724562863	1.2758216937143	178
-0.095156801257604	1.01338175388798	178
0.0603861818914899	0.785223813699369	1312
-0.00247328631615495	0.507841081738223	67
-0.100431359480106	0.567389879704328	99
0.11409796201978	1.05225803604048	99
-0.100295727324214	0.578814591625393	29
0.08732938451731	0.936086511013783	37
-0.00445599137429698	0.9282731955283	304
0.1053666732258	1.09984579396702	304
-0.090629112387463	0.610012164351701	42
-0.007666214393931	0.903770022091068	42
-0.019646061497867	1.47773124155858	142
0.0310762965959701	1.23950794446135	142
0.0597298335930601	0.789223394034425	99
0.11101737460591	1.10570732404251	29
0.0309594070430099	0.654630639313202	37
-0.088204575884238	0.620832985905041	304
-0.077420592508641	2.12181157155505	1221
-0.013339825466919	0.380903847356655	178
-0.015202079474143	0.358482799977189	242
-0.0645405050599031	0.251493140527709	67
-0.022491916033672	0.374996717181427	1693
-0.091855801004011	0.616760785175223	893
0.05939768051117	1.22780750722457	178
-0.02426633982576	0.373566654266445	178
-0.02365017601214	0.373559081560533	178
-0.068872689064822	0.251056752215475	149
-0.066403670398693	0.237081015286071	29
-0.067219758501134	0.253570251530169	304
0.02363718771243	1.95548202211513	893
-0.0645405050599031	0.251493140527709	178
-0.0645405050599031	0.251493140527709	178
-0.068872689064822	0.251056752215475	8
-0.068414266099475	0.247285453185001	67
-0.019084546330968	0.387196291764176	67
-0.121971782187964	0.753192104216809	37
-0.085899326957206	0.596788956143206	178
-0.073083727690059	0.246860576976442	67
0.0188382131707201	0.603595688377946	29
-0.091303337722081	0.592409386814732	149
-0.063882169659874	0.254142270662805	29
-0.012268469778107	0.37736075727471	29
0.10064793608042	1.04271041957496	42
0.01598122950129	1.04359183938795	178
-0.091597157592952	0.62475243955442	149
-0.014958313029618	0.377024165300835	8
-0.016727994705372	0.385176841231482	29
-0.11548227081391	1.65383350808509	178
0.05354379334001	1.24146703113748	178
0.10240318349111	1.0961410262657	67
-0.092140437997191	0.61062130134495	67
-0.052502671591761	1.12534577221473	29
0.10003793821562	1.13434105981918	304
0.06972896588839	1.26976221914697	303
-0.022040982457204	0.375826847962743	893
0.10047894986114	1.84474135999447	178
0.0991193289749599	1.63741571915152	178
-0.059550647230038	1.55089539250295	178
-0.063882169659874	0.254142270662805	29
0.02505219970997	0.634672330958724	29
-0.0854699304109911	0.618529819794237	29
-0.084127170820449	1.19205712675058	80
-0.103585978733183	0.985160932518506	80
-0.00662051388260199	0.956401592170051	149
-0.08995817772404	0.626909536914575	67
-0.000493682013228969	0.482492681249088	42
0.02213010705303	0.59070969496328	42
0.0124534670524901	1.29462740455188	1048
-0.057931282302264	0.717091967204551	42
-0.024874722476926	2.09467310252454	178
-0.003332397977027	0.493225225431404	741
-0.015110207179333	0.367299823103279	67
-0.00805484600087003	0.489455633765519	67
0.06386774192746	0.811139575958126	29
-0.063514852840039	2.01492436727339	1048
-0.017314138250921	0.37889071089191	148
-0.042274179142199	0.749885857142442	42
-0.113499015127536	2.43038178421556	178
-0.00844711363649298	0.470128831611298	80
-0.02365017601214	0.373559081560533	80
-0.016835824673325	0.382206253694542	67
-0.067219758501134	0.253570251530169	376
0.0207306558006599	0.603344018621043	148
-0.0887303213285801	0.85728386996632	303
-0.045880818607129	2.41491462088832	155
-0.00833491489210003	0.484903733062908	149
-0.013898776004275	0.382720393109243	67
-0.065880546697546	0.259434889433519	67
-0.00912648147661499	0.944289686572826	29
-0.019084546330968	0.387196291764176	148
-0.071749139015257	0.252367083560708	148
0.0286082013048801	0.646747561493924	19
0.0198353040114401	0.582941695149983	42
-0.119128931593927	2.28785933059298	155
-0.089829714902669	1.97695854577041	155
0.01748169228821	2.23024323990379	155
0.0346402916942301	1.42355084831603	155
0.07370280310638	1.36054794010072	80
-0.00666371582277703	0.495937115399256	67
-0.068872689064822	0.251056752215475	67
-0.014503528485869	0.390439575213324	42
-0.071749139015257	0.252367083560708	42
-0.093918123680008	0.603598548889639	42
-0.049997380782475	0.992319997547526	29
-0.00736646820250497	0.9215322400958	29
0.10982989737614	1.20415957782303	304
0.08192510621602	0.855985173947428	304
-0.046295556560303	0.764301375984491	671
0.04453607639553	1.21425989650659	303
0.00229914261509001	1.97799507273088	155
-0.063008943464152	1.90703228927454	155
-0.024145804499853	1.35657348771696	178
0.0333095659535101	0.64767847340444	80
-0.00527079627288296	0.49925578169636	80
-0.021953467120219	0.360438170753381	80
-0.070413735615296	0.244937250161024	108
-0.016135604289051	0.380362548270328	42
-0.086283256492108	0.600609217966029	42
-0.00666371582277703	0.495937115399256	42
0.0569023225845899	0.787278535530545	42
0.06720746247595	1.31419571061532	42
-0.12074877702946	0.771932172692011	42
0.09703915137825	1.67379691808218	304
-0.123804290940337	0.74567392966598	42
-0.00553918970329603	0.497144631917335	303
0.0608209034888301	1.28140495230103	155
-0.103178767184676	1.67917653102595	155
-0.063882169659874	0.254142270662805	819
0.0408046214097999	1.11281738926783	42
-0.082883484593209	0.612212442883762	42
0.05492476680431	0.802793653594702	42
-0.00500130534718302	0.481114482509544	19
0.0620256117410101	0.806777876184091	671
-0.097024865080359	0.597504851697539	438
-0.067219758501134	0.253570251530169	178
-0.016135604289051	0.380362548270328	80
-0.012734080080538	0.382002213719781	80
-0.0645405050599031	0.251493140527709	108
-0.065880546697546	0.259434889433519	42
-0.067219758501134	0.253570251530169	42
-0.01166616493753	0.363915001439311	42
0.06185533415401	1.3150933151214	42
0.03687446985066	0.638715945392441	42
-0.0621871927257019	0.240872884678666	148
-0.067676081636614	0.884583090332773	671
-0.03573027083958	1.25571071144366	155
-0.065880546697546	0.259434889433519	80
-0.089005662963236	0.610614435884617	42
0.10385195271308	1.1465252968098	42
-0.046286632004298	0.793680949654738	42
-0.0248100664312581	0.364151172248145	42
-0.019084546330968	0.387196291764176	148
-0.065880546697546	0.259434889433519	148
-0.06619560117474	0.249037682676712	671
0.10330561880744	1.99470315462363	178
0.0472526587199	1.34094443092191	178
-0.067219758501134	0.253570251530169	80
-0.064196946148623	0.251484404125009	80
-0.02437603813005	0.348134755320318	290
-0.067219758501134	0.253570251530169	42
-0.017314138250921	0.37889071089191	42
-0.08216207059648	1.22992348108011	42
-0.0139373121106851	0.932482526140938	42
-0.083156693783778	0.87845502759113	42
-0.0645405050599031	0.251493140527709	148
-0.064186356088258	0.887178657302141	42
-0.013898776004275	0.382720393109243	671
-0.105088573976645	1.42930503989983	155
0.0183397008499699	1.73313903898891	155
-0.010552921779446	0.479126716973355	80
-0.012734080080538	0.382002213719781	108
-0.00667273664996904	0.480529348430821	80
-0.0625393383602501	0.253998127728779	290
-0.011571018248453	0.373046172195889	1156
-0.01050194249726	0.369719209133139	42
0.0573795652097999	0.81522027129582	42
-0.00636857349343001	0.488504719352936	148
-0.062029136861259	1.50439517350641	155
-0.019483124767795	1.37929650305599	155
-0.068872689064822	0.251056752215475	80
-0.013482944425575	0.344126572941081	290
-0.015668865624918	0.391220929591653	108
-0.067534559012881	0.256778751447003	108
-0.067219758501134	0.253570251530169	410
-0.065880546697546	0.259434889433519	410
-0.027744427067919	0.351433327861908	410
0.09445511791492	1.42894337002304	42
-0.063882169659874	0.254142270662805	148
-0.0625393383602501	0.253998127728779	148
-0.00108867490422804	0.511296437570494	291
-0.013433336364014	0.371225268123078	178
-0.018493904698656	0.369233659667497	80
-0.00583904919591904	0.48872978586122	80
-0.067534559012881	0.256778751447003	108
-0.067219758501134	0.253570251530169	108
-0.0625393383602501	0.253998127728779	290
-0.063882169659874	0.254142270662805	290
-0.017440535504202	0.376598966944368	108
-0.0645405050599031	0.251493140527709	410
-0.017314138250921	0.37889071089191	42
-0.026909777237467	0.751935676795562	42
-0.016135604289051	0.380362548270328	148
-0.0625393383602501	0.253998127728779	148
-0.064196946148623	0.251484404125009	42
-0.065880546697546	0.259434889433519	291
-0.015668865624918	0.391220929591653	291
-0.020264676455524	0.376952470849492	291
-0.017314138250921	0.37889071089191	291
0.0354775769409801	1.39566020567783	721
0.0525429873479799	0.772535965536411	721
-0.00387823345366001	0.48625175402704	80
-0.017905649007764	0.388744915484838	669
-0.067534559012881	0.256778751447003	410
-0.106412883209579	1.16310186360404	42
-0.00971656398651699	0.472631611244091	42
-0.115535778001474	1.3198642861274	42
-0.090335070962817	1.02811974999562	42
0.0000173232988400773	0.93463411356267	42
-0.096624368821481	0.620723549429619	148
-0.037419505542801	0.773309933007556	148
-0.067534559012881	0.256778751447003	19
-0.025823430231261	2.32680479211941	155
0.0969680201824901	1.82712343964635	721
-0.0625393383602501	0.253998127728779	80
-0.067534559012881	0.256778751447003	108
-0.065880546697546	0.259434889433519	108
-0.124529108511352	0.746529846882224	42
0.100236144974	1.12197560516363	42
0.0298234766366501	0.646115348877419	148
-0.071053923626585	0.916878710887254	438
-0.078072828187351	2.40617753787211	155
-0.019084546330968	0.387196291764176	178
-0.016727994705372	0.385176841231482	80
-0.000493682013228969	0.482492681249088	80
-0.00833491489210003	0.484903733062908	290
-0.0645405050599031	0.251493140527709	108
-0.080296304127503	0.607211023563335	2350
0.027247761011	0.620334453848081	42
0.0548693557795701	0.760630021604518	42
0.0261207417226099	0.610514131829355	42
-0.068872689064822	0.251056752215475	833
-0.04093060887514	0.750480793052205	42
-0.016880421289568	0.364603451979623	291
0.0689679087794399	1.97539146780828	155
0.00625487101909994	2.18715124022334	155
-0.032030606852378	1.27042723075575	178
0.03322951845694	0.633709120479951	1553
-0.01627455426909	0.375922087304922	385
-0.06052706227604	0.243125882854945	385
-0.026669195706677	0.356223465454917	108
-0.06619560117474	0.249037682676712	108
-0.079710997740675	0.894034581338875	2350
-0.00472078040846602	0.490016510918398	42
-0.120611802565724	0.752416201991721	42
-0.02365017601214	0.373559081560533	148
0.0072823277346199	0.47960968966292	148
0.0308732584814699	0.632730598048822	291
0.06683169743535	1.33124624514498	438
0.08533439721146	0.975063700147811	438
-0.04807440511744	2.27176684168042	155
-0.042473713634093	1.86650197361045	155
-0.067219758501134	0.253570251530169	368
-0.0645405050599031	0.251493140527709	80
-0.016135604289051	0.380362548270328	108
-0.065880546697546	0.259434889433519	465
-0.068872689064822	0.251056752215475	19
-0.070413735615296	0.244937250161024	291
-0.065538689007454	0.251621271524724	438
0.02936288674809	0.641060275296926	178
-0.020264676455524	0.376952470849492	385
-0.065880546697546	0.259434889433519	80
-0.065538689007454	0.251621271524724	80
-0.020856679862344	0.372868667445208	108
-0.067534559012881	0.256778751447003	108
-0.065880546697546	0.259434889433519	108
-0.063882169659874	0.254142270662805	108
0.000295600687499897	0.497525749834541	42
0.0261912273556899	0.633012264774685	148
-0.013898776004275	0.382720393109243	19
-0.016880421289568	0.364603451979623	368
-0.014503528485869	0.390439575213324	564
-0.0625393383602501	0.253998127728779	1102
-0.0625393383602501	0.253998127728779	108
0.0218665673132901	0.593709043072935	2350
-0.014503528485869	0.390439575213324	42
-0.092267650738751	0.624758487238772	19
0.0794431537478599	0.927529231303851	148
-0.068872689064822	0.251056752215475	19
0.0709664370016401	0.78847613699081	438
-0.063882169659874	0.254142270662805	368
-0.019084546330968	0.387196291764176	564
-0.012734080080538	0.382002213719781	2350
-0.08683504970655	0.593424997126052	148
-0.071749139015257	0.252367083560708	148
-0.00077790000936695	0.477156923591787	438
-0.00916858539190701	0.491867723594212	722
-0.020264676455524	0.376952470849492	2350
-0.071749139015257	0.252367083560708	2350
0.0364084687808599	0.63121496772461	42
-0.087216967847886	1.18155507594111	19
0.0407822597027301	1.18413771563158	1927
-0.097433683662148	0.598988368275439	19
-0.043622536942121	0.780388070226	722
0.0554875398161501	0.784182834197084	722
0.02974497792487	0.655303666223156	368
-0.016135604289051	0.380362548270328	385
-0.0111052550865161	0.371170296277218	619
0.06447865387795	0.81535357122477	42
-0.07136343313464	0.833397149666896	148
-0.0911809852287529	0.62299488538563	19
-0.014503528485869	0.390439575213324	19
0.08734182457268	2.23139746109315	722
0.0208935845201399	1.95447617532058	722
-0.073223322074731	1.50708065925072	722
-0.095006344422572	0.607760289003459	619
-0.121973902483795	0.730256071328617	619
-0.094767596993343	1.01112059358086	1061
0.06146318122884	0.802955958790452	438
-0.061143983514931	0.854427022398081	19
0.00794036460832004	1.28863064520454	56
0.12445375827152	1.19718066363007	56
-0.102103789090396	1.43893027623978	56
0.0603143326993301	1.30802508483901	19
-0.02258256190645	1.49985326416861	385
0.07051481290633	1.3208430132634	438
-0.03424369741055	1.03534049936073	56
-0.015910781299401	1.37173964724983	1491
-0.046295556560303	0.764301375984491	19
-0.00859821445389797	0.484986938104039	1187
0.0154564403311199	1.73286455579225	56
-0.039279114542366	0.78609095255864	56
-0.00227970152366797	0.901410126524001	1491
-0.00639574040647095	0.49375960838641	1061
-0.016880421289568	0.364603451979623	1187
0.01199496739628	1.21408085323103	1491
0.0649370851165401	0.80848010548302	19
-0.041255432811133	1.03054111297374	56
-0.021427259379285	0.368991751588852	56
0.0477520471828301	1.20349639934344	219
-0.011689872082559	0.915748294587264	19
0.0706745632978401	2.25497797083841	56
-0.049587954643762	0.775929914920329	19
-0.080844564920439	0.599528196735008	56
-0.102198627866909	1.48771044646689	56
0.0308811696628	0.65346639012229	219
0.12309508660353	1.37270647276958	219
0.09943113628395	1.74233018360318	801
-0.117176955635328	1.18979828885088	385
-0.040084487993345	0.790338789420497	219
0.09996292516619	1.57637599684644	19
0.09162473305969	1.59172563956225	801
0.03217078985869	0.619394976824743	56
0.0780056607181801	1.3105001284263	1491
0.12057483096135	1.21215910701437	56
-0.071094121669081	0.907376126560175	1491
-0.063300511931268	1.11651957778358	801
-0.115594894967518	0.758034223922081	2101
0.03322878446962	1.06828113646498	2101
0.0726319254375401	1.68454783230248	385
-0.082167227084626	0.897702596041038	56
0.0000296958823500226	0.510670270468513	56
0.0524127476605401	1.58711713282829	56
-0.019800660586322	1.37719295082326	56
0.0566576445979099	1.69573963374015	56
0.0793139604909801	0.977605371957601	219
-0.075402570759991	0.880044296246252	801
-0.0716290056329379	0.918099074050727	801
-0.00912902741737798	1.1911664375846	2101
0.05963594617812	0.809839055374976	56
0.000927520112510072	1.53093177071134	56
0.0194009301812901	1.07837099784788	219
-0.076075980540055	2.27792181864614	385
-0.123538208982079	0.759962168697348	56
0.0385794078663699	1.39189362519784	56
0.0097277687127999	1.54858666086628	56
-0.00220937686266798	0.506873236976531	219
-0.085188527563735	0.608980826907527	219
0.0338884693297901	1.39126946882438	1491
-0.037375259007549	1.24564524146194	56
0.0141935652584799	1.56727435188593	2
0.0567107754359899	0.79247272441606	801
-0.052128797117702	1.51701872882377	56
-0.077509439310917	0.896902874163086	219
-0.105108052545435	0.963486429286836	219
-0.016135604289051	0.380362548270328	56
-0.079952576225416	1.18725611357466	56
0.0270216994588399	0.650381686181367	56
0.0830794385517699	0.980919793104881	56
-0.093527467297953	0.584682800138837	56
-0.010445369921393	1.80877483994873	56
0.0483826149058899	1.48098072852323	2
0.1107816252484	1.6439931874329	801
-0.064661460364594	1.10683516582533	801
-0.089290582400822	0.625300752112938	2
0.0879051160461499	0.95684823373389	56
-0.044897692490481	1.20026230911261	801
-0.091727599155649	0.626540508207121	56
0.10175146262896	1.09196073817296	56
0.12354272530086	1.31675178112285	56
-0.0932830845375589	0.999952005980184	56
-0.00778457833976998	0.482803280594087	1491
-0.012048552923527	1.15315850978818	2
0.11540672777062	1.25844009131421	801
-0.0171878125359169	0.860278985992439	2
-0.092943575735435	0.62117754776925	1491
-0.035803677376446	1.02365428501374	2
0.0014206631548499	0.472390409827235	2
0.0320721127032499	1.83330736562222	56
-0.095536028304315	0.628135816278295	2
0.0998637272070999	1.80703078818117	56
-0.092710695761217	0.987852851578485	56
-0.07016430973746	1.06587277789461	56
0.0993492489237899	1.08040718795119	2
0.0951766234520499	1.08717695182035	1491
-0.070113654832768	1.35087609668636	125
0.0274001946889999	1.39085624326018	125
-0.115284222900143	0.756821470783529	56
-0.065880546697546	0.259434889433519	56
0.04480946056556	1.2301919916847	125
0.00127890905714989	2.07459229432715	2
-0.022682743722319	1.2771118478551	1491
-0.0204566438302241	1.0794659237345	1491
0.00871414475204002	0.995946926687589	56
0.03171451167355	0.645901633554053	125
0.00293339623894995	0.927661871211824	125
0.06780604787753	0.801801020328273	125
-0.000235110459249954	0.501820934687282	2
0.09708493668194	1.65953600284032	125
-0.091727599155649	0.626540508207121	125
-0.032660168628341	0.753090852980137	125
0.11878617794992	2.02720827944179	125
-0.01595846436786	1.1823264830908	125
-0.064511125860093	0.889116852259811	125
-0.118216216539628	0.756377450545348	125
-0.00582251778515797	1.42776117888055	125
-0.095536028304315	0.628135816278295	125
-0.010788071137115	0.945851083355482	125
-0.100257022060163	1.12212825048545	125
0.11049052806882	1.12085628889009	233
-0.00536662659479004	0.954686213082241	233
0.0408440129107699	1.41220543118318	125
-0.093519072365911	1.50017442374144	125
-0.059111249298198	1.55340055107148	125
-0.109905988604817	1.04041190278374	125
-0.076005961914386	1.16978921391447	125
-0.075940703655597	0.893526482034778	1491
-0.098833754657236	0.977105602743174	233
0.10003793821562	1.13434105981918	125
-0.00850391112812499	1.35190286613635	125
0.0657080230081799	0.811636575413579	125
-0.050868376614456	1.65343201239636	125
0.0538013281298699	1.22438513129161	125
0.09020505972078	1.07697277834437	887
0.01476805555697	1.03337715163277	125
0.0298278640883101	0.625732605061176	125
-0.106123346698107	1.04777695555827	2
0.10088379287453	1.08321878320776	125
0.04648113678999	1.19864598361692	125
0.0247598700507901	0.62879387273988	125
0.0274022130421201	0.634211089608808	125
0.06156214252379	0.749359990738817	125
-0.084007711691242	0.905218109651791	125
0.04099787796752	1.48087616587592	125
0.02047784619159	1.57514934053884	2
-0.041864149710465	0.781343652305897	233
0.0274770809409	0.63346615176634	233
0.00532075026100998	0.484629587409374	125
0.0661919546624901	2.02594644706488	125
-0.091549981274475	1.51006871073749	125
-0.00527079627288296	0.49925578169636	125
0.06647772593006	2.21206216664196	1491
0.06130613145929	0.812607169811486	125
-0.011488159567508	1.35981843880844	125
-0.077271810740648	0.905520213142203	125
-0.057614286512307	1.30875441325505	1491
-0.030141610511487	1.92809061131493	125
-0.014049057612126	2.29924474104623	125
-0.04032486873167	0.768738063864541	125
0.0903638362050501	0.955937241985477	125
-0.00831618918532495	0.92527107045823	1491
0.06129754289358	2.21875173244874	1491
-0.082883484593209	0.612212442883762	125
0.01243201036689	1.64671939655468	125
-0.073818209335211	0.896874838386536	125
0.07027779413102	1.87823778023184	125
-0.098959904940879	1.38201303654785	125
0.10550876677138	2.01043699856324	125
0.0271699381117001	1.05631297798408	125
0.02375647080004	1.09933905658794	1491
0.12150886910941	1.31605428476679	1491
-0.00673351755301099	2.29871189824342	125
-0.109735562815427	1.71018969048415	125
0.11864798751021	1.87163172220293	125
0.08707755443496	2.29439259525892	125
0.05960302870561	1.8778259514363	125
0.0851478482099901	0.969472952617879	1491
-0.061008646060769	2.2520458979417	125
-0.04410089787636	1.42278297979331	125
0.0642851839713099	2.07346769558043	125
-0.057875493355784	1.34056287732283	125
-0.105280356829911	1.44237201534114	1491
0.12386724147901	1.36740239171852	1491
0.07086847405425	1.29388966694304	2
-0.010840950175265	1.15067826486536	2
0.00285349671283996	1.9093965822618	179
-0.050361538897355	1.14758624743165	1491
-0.00710562703339002	0.927447530739722	2
0.06983837888262	2.49867273763962	179
0.02688457387622	2.34681939154861	179
-0.00693234140437304	1.12560076711398	1491
0.10851816547885	1.77810008949066	179
0.0995819338633499	1.78061556993265	179
-0.016041137195177	1.3695664486075	887
0.0121169098790399	1.51977782839554	2
0.10906999141647	1.71114205640807	179
-0.049492709801538	2.03995704785675	179
-0.01295967171399	1.34448580606675	125
0.07771184353466	1.43984679136482	887
-0.045874400246291	1.45054282367789	2
0.09799105277682	1.65731979809595	179
0.00350735721284989	2.24321528384574	125
0.0391940673168201	1.48414363419706	887
0.05946762415737	1.9809109753384	887
0.0308703534969801	1.37938836657569	2
0.0632125217403901	2.00315099352501	887
-0.07928269926984	0.874802007215708	407
0.0167989682126899	2.37331533403403	887
-0.083438999330667	1.16660081061137	1491
0.0313531931405799	2.17192985772335	179
-0.09841181709534	1.02370089492674	125
-0.000823220216042975	0.493395336855741	1091
-0.071749139015257	0.252367083560708	2
0.01780755720338	1.60937233571916	125
-0.0201174601731891	1.36276890877529	125
-0.036864768614725	1.25281114065734	53
0.08927547689237	1.06742080373437	2
0.0618629639411199	2.07738243958097	125
-0.094868081199298	2.04445048084144	887
-0.100819435607395	0.557618064723179	1491
-0.077271810740648	0.905520213142203	1491
-0.00553918970329603	0.497144631917335	2
-0.00414814925962403	0.500469826085859	2
-0.01937647750423	1.14474520719459	1491
0.0212590479231101	1.07964024575388	2
-0.094448312747121	0.626330714166473	53
-0.119459338220249	0.745300300720086	53
-0.029435150184378	1.30357610940746	2
0.054031371267	1.19393432048741	407
0.07670447562155	0.891716247659875	407
0.0341931421332	1.45472477448204	1491
-0.037680174303796	1.01885187911002	1491
-0.089423339151584	0.623300607160083	283
-0.069878127055844	1.75744903678429	407
0.07090681066964	1.35526076071359	1491
-0.00527079627288296	0.49925578169636	53
-0.00953575105054105	0.946463855277375	53
0.0327001102231199	1.39818161976654	283
0.0285317751871901	0.651391834559832	53
0.02739415332573	0.642939065284337	53
-0.124197097423184	0.74002455049509	407
-0.120720821749146	0.758427412337359	53
-0.096789426858833	1.01074677594006	407
-0.0756559852789001	0.923168391118007	53
0.09322874993021	1.64165611432396	53
0.0901057813532	1.55700549759336	53
0.0404823703153001	1.17330111211736	407
0.0285317751871901	0.651391834559832	407
-0.111003483926347	1.92230620372352	53
0.09214556516282	2.18773925885649	53
0.0292708745925301	1.68510395250892	53
-0.098843725227025	1.45575786517364	53
-0.0479047924373061	1.63747567715254	53
0.0327192507137799	2.02758096217262	53
0.0777479486868999	2.33579060716078	53
-0.05578840025944	1.54669837055821	283
-0.098575828940234	1.25940520915895	53
0.11542166926567	1.86826628458141	53
-0.119541967000523	1.37581260964949	53
0.04121861853314	1.49008942246498	2
0.0397841773052701	1.50236398384692	53
-0.088516782869135	1.62239667208126	53
0.0709664370016401	0.78847613699081	2
0.11770786188454	1.70950932289405	53
-0.012847165968198	1.55639825039193	53
-0.0297400083685661	1.56377858675352	53
-0.112260271339978	1.40709307795223	53
0.0197932647499	1.77363494254642	53
0.0229216535425401	1.81774263886153	2
0.11157658977857	1.86892687024492	53
0.0100771109964299	1.61130648273579	53
-0.085519735092397	1.95397219675499	53
0.0021098306076599	2.24285499780264	53
-0.076196467548346	1.67846031638348	53
0.0800668965563001	1.42701715978098	53
-0.122003368336635	0.775206827916319	53
-0.073477186953723	1.47008241264166	53
0.0708018694372601	0.789791447358031	2
0.02236977270314	1.3743124338952	53
0.0505945394221501	1.50283017282744	53
0.0732214794159001	1.95906363469918	53
0.0344950530361401	2.0771630438691	53
0.0588730283584	1.7763056076835	53
-0.114286693784911	1.304254268531	53
0.0788549084779899	2.13851948365328	53
-0.099069753392396	1.58227872782476	53
-0.0168322496518299	1.8604214498291	53
-0.114148062882991	1.10351366397776	53
-0.092367365627867	1.02594325476939	53
0.0098409018966199	1.77768468018939	53
0.02416375557228	1.31966481718124	53
-0.061912014187187	1.82163172004364	53
-0.103177123467765	1.93996043539957	53
-0.03759810690556	1.26255635469781	53
-0.099534384240154	1.00968425820335	53
-0.10495434247647	1.08681501417506	53
0.03039521353516	1.34632755410191	53
-0.00812214272987999	1.31879360132449	53
0.0599107283903999	1.67019379950537	53
-0.095235735112132	1.48669710705461	53
0.0232649220475301	1.43536705175278	53
-0.086111362663951	1.96403292526499	53
-0.00555622177848503	2.11293806467535	53
-0.100684441460061	0.974859777096125	53
0.05405268528033	0.765602751031892	53
0.02211043066461	1.00550251644483	53
-0.065919814655949	1.12590520683346	53
