x	y	clickSelects
-0.030257488020119	0.283070259872901	140
0.107510621985722	0.163742963398487	329
0.107510621985722	0.163742963398487	329
0.105862327314304	0.15938672368822	279
0.105862327314304	0.15938672368822	279
0.107809498428198	0.161710387629989	279
-0.03361160922026	0.290242048778392	279
-0.0238552816570889	0.278682303607486	218
0.107809498428198	0.161710387629989	218
0.105862327314304	0.15938672368822	218
0.10915674864297	0.160134884536478	218
0.106164448046751	0.165404098536463	127
0.107861246730386	0.157338749699546	127
0.10951204064891	0.161545516971529	127
-0.025614146902992	0.279913059585337	127
0.107809498428198	0.161710387629989	65
-0.034202740798625	0.279747187181853	633
0.105307501552363	0.158795616333555	66
-0.027871506351588	0.279214794580025	2279
0.10196263205565	0.162454516779564	2279
0.106164448046751	0.165404098536463	57
0.10951204064891	0.161545516971529	57
-0.03361160922026	0.290242048778392	71
0.106164448046751	0.165404098536463	71
0.104517232406286	0.160931846851905	33
-0.028454037494308	0.274606027434144	33
0.107510621985722	0.163742963398487	33
0.10196263205565	0.162454516779564	293
0.10915674864297	0.160134884536478	10
0.106164448046751	0.165404098536463	46
0.107510621985722	0.163742963398487	7
0.106164448046751	0.165404098536463	7
0.10915674864297	0.160134884536478	7
0.11116065894082	0.158048670727366	7
0.106164448046751	0.165404098536463	7
0.107809498428198	0.161710387629989	7
0.11116065894082	0.158048670727366	7
0.104517232406286	0.160931846851905	7
-0.0290638964268311	0.289518739243686	7
0.107809498428198	0.161710387629989	16
-0.08812796538128	0.400855897121907	16
0.10915674864297	0.160134884536478	16
0.105862327314304	0.15938672368822	16
0.100307038068989	0.162601931105921	16
-0.037140629346175	0.283535339223129	3
0.10951204064891	0.161545516971529	3
0.11116065894082	0.158048670727366	3
-0.027374541519571	0.277808019884369	357
0.10951204064891	0.161545516971529	582
-0.083919415224183	0.375129362137654	329
0.014573216337419	0.773006002695083	329
0.052954573530961	0.845750325446943	329
0.05281911400758	0.420959817502358	44
0.049191488791086	0.439087486554283	279
0.0944926243755459	0.593023302037072	279
0.046051494269392	0.425950225965068	279
0.00303464604174497	0.963797060471138	279
0.00715874485477297	0.926544754143021	279
-0.014114724118185	0.998346019738905	279
0.013754979402088	0.661335118144924	218
0.097028259713115	0.608187995447358	218
0.016462968190841	0.796681041648735	218
0.081815667389043	0.664583018083803	218
0.011282346357491	0.780181024801558	218
0.013447031170143	0.62293328959364	218
0.109474249340593	0.528169232554589	65
0.022108505468216	0.603952786907842	127
0.122454439486659	0.769123597081519	633
0.098448117928636	0.607190885561179	633
0.060532021501828	0.767798550583853	66
0.015419738144852	0.830191679442348	66
-0.123316003956245	0.976996152288134	66
0.081905770503267	0.652379863320494	66
0.054752894037102	0.820930940555547	57
-0.064128765025668	0.859350113020133	71
0.056695422806952	0.759771579562948	71
0.00656809226005795	0.650022896829602	71
0.120443696309572	0.703969506257654	71
0.00379337579267702	0.914045914585554	71
-0.055000834621762	1.00300172131641	71
0.025024108322421	0.515155349349036	33
-0.036549561776265	0.283542077282334	33
-0.041155007952577	0.275319188525736	33
0.075239951730979	0.331996078924061	33
0.025075599626338	0.638240928545633	33
-0.083590287164636	0.72397540870563	33
-0.083777455992707	0.642678057115874	33
0.095365886074108	0.606297212271879	293
-0.088364236668132	0.450707943309958	46
0.033228989262598	0.530949301815052	10
-0.086409881832364	0.375360998930513	10
-0.075232844475002	0.786276355943941	10
0.116779748342587	0.526268766676788	7
0.110984583525183	0.518792626921186	7
-0.0830741248010179	0.774379999372163	7
0.031865859817149	0.513161039139722	7
-0.0883972178356121	0.561098790838246	7
-0.02680154360055	0.280831111550184	7
-0.027305164050353	0.288218637766352	7
0.103305263129155	0.160883900344644	7
0.107510621985722	0.163742963398487	7
0.10196263205565	0.162454516779564	7
-0.086759507745454	0.397485880203821	7
-0.057715008481608	0.845062474156242	7
-0.084807718559834	0.669519070501413	16
-0.078402637090665	0.701238164309176	16
0.092666220297902	0.589532346189736	16
0.116215073393841	0.519353622326843	16
-0.067132993068805	0.798498297323002	16
-0.090322085739965	0.567158258054232	16
-0.048134205811845	0.838997609960563	794
0.043578414093415	0.425754354771374	674
0.02151168153785	0.707056031377628	126
0.124393897489605	0.463498636967483	3
-0.088789607548025	0.663788452981692	357
0.045339154741509	0.435795208201453	357
0.021747347926924	0.50919960523034	582
-0.08619734863027	0.396258215966489	582
-0.09006820060082	0.388641726933892	582
0.078688149301502	0.674139389610565	44
0.013819959503554	1.10023084258137	329
0.036003908149113	0.958618543459089	329
-0.081956978192586	0.679608958015001	44
-0.05891576326959	0.873293002738669	44
0.010491575195746	0.822585374030258	279
-0.05876120707316	0.817579662687064	218
0.017806935190418	0.663150747264735	218
0.023494459360162	0.588519928856004	218
-0.060048610310642	0.83903711921587	218
0.044246998766604	1.01887166335906	218
0.084314140309025	0.694906088867932	218
-0.113657540994825	1.28863245097688	218
-0.0615542336105021	1.11672738131714	218
0.085958198028491	0.343415822144348	218
0.095981439866633	0.999254864510127	218
0.039781843702697	0.505403793816366	65
-0.078625134789063	0.722080656155103	127
-0.054901161815904	0.841032995936588	127
0.018382575466239	0.603043606505455	127
0.00472972442475905	0.756426770134703	633
-0.114563100563474	1.03241477994243	66
0.087486633496394	0.662560724726394	66
-0.081893736551828	0.633062920299233	57
-0.100765554790566	0.485308010665804	71
-0.044965765185962	1.13167500390171	33
0.098258774867882	0.806694063105289	33
0.074915085947997	0.756207783312944	33
0.030629188570551	0.576383408422411	33
0.047854032004354	0.478028858412555	33
0.094588907737695	0.581740894299193	33
0.073081551028176	0.758988775807375	293
-0.114413093758923	1.01274608872229	46
0.00463328042236499	0.714180559888052	46
0.033857477687552	0.517541849471728	10
0.074785064957728	0.679626534440066	10
0.033453558669662	0.896122887296107	10
-0.077868197558762	0.738935137948779	10
-0.05676579480788	0.80674681464355	10
0.078781688802791	0.340415278374037	7
0.05133919781045	0.445061025601122	7
-0.106721918016279	1.23218921470347	7
-0.100693639008771	1.1314448616818	7
0.015063347478163	0.881021261517994	7
-0.070687853366046	0.782110826689311	7
0.026578416144584	0.65614784479642	7
-0.065585899972492	0.903218246459289	7
0.012996254767315	0.5921367893935	7
0.09458339825141	0.562993873615181	7
0.051445405100648	1.01617285483241	7
0.013729056077145	0.708198346699275	7
0.068276346746323	0.770774235401019	6
0.025075599626338	0.638240928545633	7
0.113501010601743	0.544284726878308	7
-0.058357804414046	1.04425111031808	7
-0.065049031913092	0.788320393136222	7
-0.117013235030473	1.20956956100021	116
-0.095596100120376	0.488689738634486	16
-0.079307599894421	0.749140865996975	16
0.081367982479536	0.337241794288085	16
0.025400638928287	0.576032091103031	256
-0.119466601784299	0.995207849950518	674
0.064992430766206	0.760184316145823	126
-0.04226274545389	0.884175270516075	3
-0.087338436775698	0.398613371787137	3
0.083742303029985	0.34178724806317	357
0.017648629329217	0.599251248024476	357
-0.085156411247403	0.56571184224384	357
-0.046774523601913	0.973814844901531	44
0.050350920438607	1.09867051097422	44
-0.028944714723657	1.21363805533066	44
0.092116079734624	0.308480094934698	279
-0.092022061265626	1.56096801309657	279
0.082733433019752	1.10408326480619	218
0.070146427620259	0.796084709026536	218
0.017066022082853	0.590423015655108	65
0.10984892239169	0.534448601056587	127
0.015612276278601	1.1287050564181	127
0.106576610266187	0.574981614841887	633
0.109825669373603	0.552059809016428	633
0.084535740364459	0.682837198143548	633
0.118332001241951	0.925088896642371	633
-0.065186386041914	0.788378842235557	66
-0.096823931138629	0.487559297034387	66
-0.03021271116587	0.280673504110943	2279
0.089531015647728	0.658025152001388	71
-0.070304199905539	0.769086691820222	71
-0.12017659311966	1.32534608789447	33
-0.111138827564039	1.3113364072051	33
0.099384748724066	0.947690122171754	33
-0.066476666422449	0.75307808093733	33
0.00108474560844396	1.00103418394241	293
-0.104760297934144	1.3495070908787	293
0.109083110292862	0.540318690993179	46
0.019783852726751	0.649939529667071	46
0.077583164616726	0.684553616936773	46
-0.086018423166874	0.651821563463641	46
0.102821185687372	0.588282556734144	10
-0.053502745576386	0.917339642430543	10
0.0578784859364	0.791140737235798	10
-0.105457907803281	1.16632740268651	10
0.090123028182595	1.00431935353294	10
0.019354648315248	0.744186581198407	7
0.010564023981353	0.757924548517451	7
-0.118651089607247	1.43201036466413	7
-0.107216396127338	1.21647967569041	7
-0.111807983322973	1.07640268133944	7
0.069137068821397	1.10998379806812	7
-0.017266540943673	1.25659854625886	7
0.036940793619733	0.862692197996323	7
0.102271872142933	0.883615354315558	7
0.00137241885017103	0.90548161097553	7
0.066488819785714	0.758604858352256	7
0.093332430603488	0.746073262003936	7
-0.06140225257343	1.05494822972945	7
0.062967561750092	0.805781064889205	7
-0.109273243115263	1.11831427657256	7
-0.068830371749907	0.704899867406584	7
0.082338602664806	1.14547658100581	7
0.08240875888724	0.333804774052949	16
-0.027305164050353	0.288218637766352	16
0.038539482764726	0.496056692986402	16
-0.049473570443915	0.834307775402387	16
0.083079894457198	0.839766448304786	16
0.037024541984472	0.514001117784152	3
0.042814642516517	0.422403465236756	3
0.086112165364552	0.32785197605805	3
-0.090970420475411	0.48858105098908	357
-0.103369192088392	0.489394912093511	357
-0.021210367998447	1.05999006637032	357
0.024132340665977	0.57488127026852	582
0.112503289943428	0.735341708417109	582
0.050606513319585	1.14455265472359	44
-0.049991236329021	0.902553763005437	44
-0.04789324402589	1.65787555722513	329
0.112859642955828	1.2328046137299	329
-0.0174987754700831	1.31271165363808	329
-0.094472085042818	0.487812374671431	44
0.073680810780815	0.963388653903516	44
0.08462138478781	0.812600734579098	279
0.118074343310657	0.708405174665294	218
0.00342188648914699	1.17734257865074	218
0.063316600637454	0.777185660726539	65
-0.07797614748563	0.657290971242159	65
0.028924859985207	0.523056123600951	127
-0.068456680519797	0.857742902857247	65
-0.00659885161501295	1.25325671675792	66
-0.087338436775698	0.398613371787137	2279
0.0971586532461311	0.604080558242875	71
0.022799729714673	1.04104097654191	71
-0.044041708806249	0.967230849835804	71
-0.082436504509088	1.39394853181865	71
-0.059811715593538	0.969200437134702	33
-0.05656503995902	1.07815541840438	33
-0.065176013147206	0.83200325166216	33
0.105009073215996	0.772247625734665	293
0.01152678517951	0.769750617732559	293
0.092619164199045	0.613282741213088	46
0.061933866964189	0.706916965453739	46
-0.124596061798236	1.0117977564563	46
-0.00737094294023299	1.13636402384219	46
0.026934148399696	1.03180825692001	46
0.054708549039186	0.872673760338074	10
0.013814213629821	0.802718917262761	46
0.019285792444071	0.646933949670409	7
0.062211520626409	0.749816319448558	7
0.059435220663322	0.876029224607359	7
-0.027549660080629	1.07595424464923	7
-0.00820972558726096	1.03643121033898	7
-0.051981678976718	1.12169457013608	7
0.102858830794354	0.589922154810033	7
0.0956238914716721	0.744592600739261	6
0.00440035950536899	0.775248261206097	6
0.00158179630361299	1.16919723615635	6
0.0322170916625391	0.530440660688846	116
-0.0858558234046109	0.634617764767058	16
0.075379849923139	0.338140341774038	16
0.062541499248582	0.400912383454145	16
0.013727314643453	0.823377160823671	256
-0.110005834596997	1.05093414081547	674
0.080520239395612	0.698770443118508	126
0.109457077624954	0.544419561416009	357
0.046413014302206	0.433196872877968	582
-0.00242487061420804	1.55025834744274	329
-0.011026633883693	0.991430449638517	329
-0.0656964830976851	1.94678307209313	329
0.0750724329814541	1.31692485458152	44
0.082519008080849	1.21008943167382	44
0.099861786720466	1.13801888355995	44
0.111661599837164	0.71148156041151	279
0.02017469160624	1.18682419361326	279
0.104799154237808	0.538391368783377	279
-0.015629659705485	1.0932434239551	106
-0.030062346946875	1.16149232039435	218
-0.0997932497574629	0.372443817297394	65
0.106164448046751	0.165404098536463	65
-0.094693845361034	0.498821914926817	65
0.124346666603005	0.469876896691236	66
0.10951204064891	0.161545516971529	71
-0.030824300968471	0.287187108205516	57
0.00833510123872805	1.15544885697612	71
-0.024356419677278	0.271119210821833	71
0.092710521044681	0.765819516794924	293
-0.108437667560066	1.18001833912575	293
-0.00672608502766103	0.987251128513613	293
-0.080232304277517	0.660888566968492	293
-0.092092482588292	0.489468029711859	46
0.037264449126946	0.516761016179698	46
0.021341633486606	1.34099563462249	46
0.022387245721059	0.666088375143547	10
-0.107906677830424	1.35937590376832	10
-0.0890546591543681	1.49696127718641	10
0.108914993722792	0.858358054280501	7
0.085958198028491	0.343415822144348	7
0.055056102931299	0.425693348875646	7
0.110201938722878	1.14664718160134	7
-0.00569399594613795	1.37982508608468	7
0.108030038126948	0.746275378285678	7
0.0211498458982931	0.669982005196807	7
0.070019823813599	0.328827883447135	7
0.012881435723569	0.653731443385097	7
0.086846013126867	0.688292589685544	7
0.090566589548753	0.612307159546452	7
-0.084213563016486	0.67615620656773	7
0.118365762736837	0.71864170118357	7
-0.039008096941495	0.928259009819683	7
-0.082138579349919	1.44684765346823	6
0.086776738526274	0.967777203601299	6
-0.117899775325179	1.36953887212279	7
-0.073454388672319	0.635799666492737	116
0.107510621985722	0.163742963398487	16
0.105862327314304	0.15938672368822	16
0.106174313434497	0.939338558492951	16
0.121393165852486	0.716802015994276	674
-0.078855818224802	0.82510991801951	674
0.107510621985722	0.163742963398487	3
0.074092681268449	0.701141317224082	357
-0.06816688542968	0.745823702253107	582
0.013212023360308	0.675341748350555	582
-0.08325140123189	0.569955915688739	582
0.120452759452916	1.7365988977506	44
-0.070240218777013	1.92819194939572	44
-0.073709123287395	1.25359823093696	44
0.022175763368199	0.647185918929418	329
-0.102477859644396	1.16673958876686	329
0.105370859347235	1.33283238410823	329
0.016380939042217	0.802769448231154	329
0.061538557506848	0.942247145443832	106
0.024821163156751	0.601999374884713	65
-0.066080790023157	0.854768314557168	65
0.0554794535201431	0.419632357290973	71
-0.077357116035279	0.736371279233229	71
0.092493571527426	0.66411163181664	71
0.0190437168905589	0.671618509505703	293
-0.06923578451091	0.717338116879979	293
0.074151659332249	0.712732142292027	46
0.08973258834114	0.611747319661689	46
0.112003110587969	0.706662219103862	46
0.050852055095852	0.842929934550716	770
-0.063214439275099	0.805452041529538	7
0.112351711818588	0.826475497383798	7
0.010073196376119	0.900187619123463	7
-0.0382316050009049	0.972980556925496	7
-0.0786653057665621	1.30047044218414	7
0.0353775269860031	0.885228468273263	7
0.0502463216410171	0.841408702272652	6
0.080102850985144	0.684683883053344	6
-0.0290638964268311	0.289518739243686	116
-0.08141297479499	0.640999937751515	16
0.090279295328892	0.652003932785506	16
-0.092817747523735	0.579139319447082	16
0.088215286939065	0.658585329933342	3
-0.090970420475411	0.48858105098908	373
-0.122190206172161	1.01970371410136	582
0.0771945797372911	0.350398092905828	329
0.00299628569944399	1.2376994916262	279
-0.088942626789325	0.574384952906108	150
-0.0290638964268311	0.289518739243686	218
0.090541992042649	0.327086567524961	218
0.083738052688193	0.339546580912924	218
-0.087338436775698	0.398613371787137	65
-0.027305164050353	0.288218637766352	65
0.04410146748865	0.433179898236408	66
0.090547147720333	0.320375433542815	104
0.081780704767711	0.347798913281741	71
-0.078368147746	0.631393730617387	33
-0.115710407570972	1.07509998578482	46
-0.051352304806639	0.940806790611706	10
0.080739030887876	0.345639761631221	869
0.024175369770766	0.775412076200959	770
0.016599451302218	0.645418795548169	7
0.093234437637953	0.920490053534546	7
-0.026305387811461	1.21647257625271	7
0.109338429095887	0.534373224180962	7
-0.106075356911277	1.02725515307585	6
-0.045333094766954	0.861005649951916	7
0.020482125808319	1.03512182480652	7
-0.108741953245144	1.01688880604183	7
0.023415140898474	0.990897775829527	6
0.067595610188815	0.908155309579849	6
0.094112102043958	0.64679105574066	6
0.107861246730386	0.157338749699546	16
-0.027871506351588	0.279214794580025	357
-0.027305164050353	0.288218637766352	357
-0.097334373228215	0.392719303296688	357
-0.034202740798625	0.279747187181853	582
0.060871668398269	1.23510899486266	329
-0.0974009910449189	0.489309041391724	150
-0.08812796538128	0.400855897121907	218
-0.0290638964268311	0.289518739243686	218
0.0807410588416601	0.345996909135544	218
-0.0831296902193051	0.394482136333018	218
-0.08619734863027	0.396258215966489	218
-0.02680154360055	0.280831111550184	218
-0.103601308573072	0.467264610916393	65
0.106164448046751	0.165404098536463	65
0.105307501552363	0.158795616333555	104
0.047353843327411	0.423898516622896	71
0.106164448046751	0.165404098536463	46
0.049113615165208	0.440315557397391	46
0.022108505468216	0.603952786907842	39
-0.027305164050353	0.288218637766352	430
-0.025548100671114	0.280697934253108	869
0.045339154741509	0.435795208201453	869
-0.0883972178356121	0.561098790838246	7
-0.117386996211327	1.21574309067626	7
0.00230497813840402	0.930366312108409	7
0.083592603264695	0.340997983687386	7
-0.014657916633612	1.22999241842613	6
0.015038025756727	0.857357357801435	6
-0.027305164050353	0.288218637766352	16
0.107510621985722	0.163742963398487	16
0.107510621985722	0.163742963398487	16
0.10915674864297	0.160134884536478	175
0.00428401958579006	0.800979972631901	256
-0.096963718540901	0.476230782274241	256
-0.0290638964268311	0.289518739243686	256
0.052576415243053	0.445999250788884	256
-0.093105986305661	0.480894172917393	3
0.111586355093037	0.518536825996716	567
-0.027374541519571	0.277808019884369	3
-0.026113129457213	0.277995185358117	357
-0.095619052394999	0.379759636884012	357
0.121929417911534	0.462304774804251	373
-0.086239798074228	0.465024892718965	582
0.111841616245548	1.75518669401314	44
0.113310132146728	0.925091518234884	329
-0.09121999557624	0.481025948323476	329
0.101820642949285	0.905583453297339	44
0.113508066799587	0.543802108194624	106
0.107809498428198	0.161710387629989	218
-0.027374541519571	0.277808019884369	218
0.096075290091851	0.157031807796804	218
-0.088722060553371	0.39962615142417	65
-0.030257488020119	0.283070259872901	65
0.10915674864297	0.160134884536478	104
0.103305263129155	0.160883900344644	471
-0.0238552816570889	0.278682303607486	471
0.082409173138523	0.336370559598201	71
0.103316060854152	0.57635388045496	293
-0.088722060553371	0.39962615142417	293
-0.0238552816570889	0.278682303607486	46
-0.093243808416123	0.481672027604284	46
0.107161694015209	0.539159092343268	46
0.051426771717007	0.848971431713569	46
0.111307434405392	0.832953821394246	46
0.0667915629599281	0.727137495692643	46
0.038580074836634	0.54822585301053	39
0.015780107390584	0.771837530656256	770
-0.072897169240401	0.804968297114577	770
0.046614414975258	0.868436128519319	7
-0.070899723250346	0.777957972018316	7
-0.039743238110454	1.02014638044296	7
0.081049000214687	0.831772270355478	6
0.109474249340593	0.528169232554589	6
-0.077699410286573	0.783716635048884	6
-0.088722060553371	0.39962615142417	16
0.104517232406286	0.160931846851905	1613
0.10915674864297	0.160134884536478	16
0.00567647314917397	0.803584123127172	256
0.013754979402088	0.661335118144924	126
0.113808261406781	2.09814226590771	44
-0.013102082684509	1.53909934384439	329
-0.088364689047437	0.390187689634705	218
0.10915674864297	0.160134884536478	218
-0.094472085042818	0.487812374671431	891
-0.060415488129805	0.938229622167196	891
0.106164448046751	0.165404098536463	218
0.047179278675435	0.427416945803817	65
0.082956788129497	0.349761826454807	65
0.107510621985722	0.163742963398487	471
0.103305263129155	0.160883900344644	33
-0.028498399814911	0.281825881396972	46
0.011642747251729	0.659637834811711	46
-0.092575454322084	0.402273555476324	10
0.0986884580595629	0.937916894578903	46
-0.091562706516229	0.563470892079953	46
0.082959225668201	0.349211207976213	39
-0.111205744117017	1.21342825043449	7
-0.093942898145132	0.538486112938982	770
-0.0290638964268311	0.289518739243686	7
0.084526783018255	0.323628981923438	7
0.044181417061679	1.13966966870776	6
0.05966000516453	0.85564881637252	6
-0.110847404659366	1.28738354932243	6
0.042391717224312	0.905532223626684	6
-0.087256963299042	0.388823997882356	16
0.103305263129155	0.160883900344644	16
0.118835109153955	0.684622942317059	256
0.110617892400128	0.858630683065079	256
-0.0932150880932	0.487665443954624	126
-0.087919288820821	0.65184097582754	126
-0.028498399814911	0.281825881396972	3
0.107809498428198	0.161710387629989	1710
0.086494498809163	0.334231802803943	373
-0.091445791482874	1.09179185111392	582
0.10196263205565	0.162454516779564	44
0.106164448046751	0.165404098536463	106
0.105307501552363	0.158795616333555	218
0.106164448046751	0.165404098536463	218
-0.022097966094615	0.271730814651636	218
0.100307038068989	0.162601931105921	218
0.100307038068989	0.162601931105921	218
0.10915674864297	0.160134884536478	2016
0.107809498428198	0.161710387629989	61
0.105862327314304	0.15938672368822	261
-0.0814231042786711	0.370870563626919	261
-0.034785185175538	0.283807885980878	57
0.107510621985722	0.163742963398487	471
-0.031849403214983	0.283680842236295	71
0.10915674864297	0.160134884536478	71
-0.093451051244048	0.475871863808113	71
-0.00104187694326896	0.887776619917043	115
-0.094594720620072	0.382127395316292	10
0.103305263129155	0.160883900344644	46
-0.0296249121207171	0.275479486957074	46
-0.117865467800636	0.978416588564899	7
0.115319638119273	0.818973021613643	7
-0.09172017210119	0.570992314398998	6
0.106164448046751	0.165404098536463	16
0.107510621985722	0.163742963398487	16
0.107913952845826	1.00281971221151	256
0.047302114267014	0.990908709449281	256
0.097056091001705	1.13068796772148	256
0.076557460723345	0.339349237701821	256
0.107809498428198	0.161710387629989	256
-0.068543684266008	0.707328601546059	256
-0.085199788151058	0.584840001215135	44
0.106164448046751	0.165404098536463	44
0.01467452378402	0.809572379042064	106
-0.094634076982687	0.581079031918896	309
0.107510621985722	0.163742963398487	65
-0.034785185175538	0.283807885980878	65
0.00798333936800499	0.777968707081201	66
-0.088591119343991	0.458598505256616	66
0.11116065894082	0.158048670727366	471
0.106164448046751	0.165404098536463	71
-0.028498399814911	0.281825881396972	33
-0.027305164050353	0.288218637766352	33
0.080194448273239	0.33450228429808	33
-0.063064977523199	0.954220723631743	46
-0.0900243816845761	0.554584512586949	39
0.100307038068989	0.162601931105921	430
0.0378972323837	0.527515181571191	770
0.020095176877411	0.771358441750776	770
0.052342853774511	0.998105137268534	6
0.045710884221679	1.15554001783887	6
0.106164448046751	0.165404098536463	116
0.107809498428198	0.161710387629989	16
0.107510621985722	0.163742963398487	16
-0.027974704162552	0.266474776205257	16
0.106164448046751	0.165404098536463	16
-0.093199052897607	0.582734686905603	256
-0.112889077966186	0.9725739543988	256
0.097413232773498	0.155611636332248	12
-0.092334741942421	0.4050383296159	3
-0.03361160922026	0.290242048778392	357
0.088312953232373	0.675063817365718	36
-0.028498399814911	0.281825881396972	44
-0.024356419677278	0.271119210821833	106
-0.086759507745454	0.397485880203821	106
0.107809498428198	0.161710387629989	150
0.0399216699732951	0.510032379925295	891
-0.032439635017377	0.279989616539392	309
-0.035375350384672	0.289931372759217	218
-0.031849403214983	0.283680842236295	218
-0.027871506351588	0.279214794580025	65
0.097860829834988	0.731772614335715	65
0.00411112299008798	0.761660175806073	66
0.107510621985722	0.163742963398487	471
-0.102910652677664	0.487794455969195	770
0.026013084961994	0.506464767389032	24
-0.028498399814911	0.281825881396972	7
-0.079365670314378	0.656587463042067	6
0.117393538242307	0.795142221088255	7
0.107510621985722	0.163742963398487	16
0.106164448046751	0.165404098536463	280
0.107510621985722	0.163742963398487	280
0.10951204064891	0.161545516971529	16
-0.0831296902193051	0.394482136333018	12
-0.0831296902193051	0.394482136333018	3
-0.085058548507807	0.382665900386047	36
0.085958198028491	0.343415822144348	329
-0.055821791793871	1.10929145016134	44
0.0853179929060211	0.337929849384862	150
0.089561620558445	0.657710372509194	891
0.05150344108581	0.444343131245818	218
0.117061789143441	0.442795561204239	309
0.058500147669281	0.426515900453706	218
-0.086438487217131	0.383624883046197	65
0.116362499138338	0.526149458501939	261
0.030448821471722	0.501473852168797	261
0.087141273766148	0.331885841106695	261
0.0825532309838341	0.33939367720886	261
0.10951204064891	0.161545516971529	57
0.082556727911601	0.343718998039652	57
-0.093105986305661	0.480894172917393	71
0.037523628393073	0.500089599867937	33
0.074731288170886	0.317433923880519	33
-0.074423761867626	0.634007008376878	33
-0.090900075779743	0.584236400457874	46
-0.077787640677817	0.801442468604063	770
0.097133869628566	0.89444066874951	770
0.01479138576448	0.765029788066257	6
0.093045882297624	0.787047941473122	6
0.020406322886195	0.719607390950356	6
-0.0932150880932	0.487665443954624	16
-0.080971377559507	0.677130294690428	12
0.116755518605283	0.531120285241588	126
0.0242095998727631	0.565300254711267	126
-0.075246774316181	0.726729195682525	567
0.0480396116867861	0.441274347240567	3
-0.063246618345274	0.856022240562921	36
-0.112228916268415	1.2822114297558	44
-0.069635822311368	0.855768848849603	106
0.052265932891703	0.419024116770527	22
0.124574277192	0.447403587417767	218
0.101818483948707	0.541019696188169	218
0.055627613936434	0.419168557091749	65
0.07900608181848	0.334376389131861	579
-0.086380214901521	0.460998043400932	261
0.041570775328865	0.424588181386557	33
-0.0671875827245581	0.70626673139519	33
0.0796026169853991	0.651403324538188	712
0.0825532309838341	0.33939367720886	46
-0.08325140123189	0.569955915688739	46
-0.064267786281196	0.686048500604861	46
-0.094574795977721	0.482999633442089	770
-0.068651906920005	1.228013919952	6
-0.100702654867339	0.998299996486153	6
-0.051334880634056	0.948829675847868	6
0.016176117398106	0.722069244070467	12
0.031726416261506	0.502588651070741	12
0.042814642516517	0.422403465236756	126
0.021213931251548	0.709103542775525	567
0.00611310544047095	0.775277669087282	567
0.017701568977522	0.698973903947781	567
0.094869556759003	0.594761683444625	567
0.036491557761536	0.506192563377593	567
0.032727485544339	0.570688068574738	567
-0.086835969887461	0.55849817870037	373
-0.0974009910449189	0.489309041391724	137
0.081118847489761	0.69038629149911	44
-0.088576272694481	0.595605738367379	106
-0.091441478589564	0.38835008681796	106
0.088322105459695	0.336998690080824	22
0.0193648004782629	0.661921496572866	218
0.033735800137443	0.496972945116157	218
-0.096250830465364	0.558069025135532	218
0.0342152661187281	0.50124519678742	261
0.0825532309838341	0.33939367720886	261
-0.089328626080732	0.573014645332949	57
0.0501037266393209	0.433523724712915	71
0.117910584704394	0.452908847069774	71
0.012290560169549	0.729144378445092	71
0.052412176253763	0.444083300773306	33
0.047603481448982	0.47643329248656	46
0.016855623108745	0.727272055871967	46
0.10112000544531	0.531247807186687	46
-0.087760878911075	0.672467247641449	6
0.00426309314109397	0.717693830175682	6
0.107510621985722	0.163742963398487	16
-0.083434747880605	0.381367902569661	16
-0.034785185175538	0.283807885980878	16
-0.088481800781369	0.388162706286969	103
0.124165805680766	0.472139838263649	256
0.0338782717082859	0.505950891375986	126
0.014553015680134	0.806171415569198	567
-0.077997510415896	0.730120093825681	3
0.078375485348951	0.345359498418921	3
0.0386444939171811	0.518251119290972	373
-0.0892960671926289	0.55592933519867	44
-0.088750586825898	0.593526190533136	267
-0.088838521070866	0.466406281791969	22
-0.075180136581443	0.714485161827611	218
-0.08977639346013	0.664706472502496	218
-0.093795329508769	0.480283135153521	579
0.107809498428198	0.161710387629989	57
0.106164448046751	0.165404098536463	57
-0.034839033024092	0.26814518622486	261
-0.031384221241339	0.281582131382678	33
0.00748294034663699	0.696249334041839	46
-0.095699089139681	0.486685786566883	39
0.080786869653219	0.88751364332181	24
0.112813548161182	0.723616969156765	24
0.122441807206245	0.768821236915481	24
-0.027305164050353	0.288218637766352	16
0.107510621985722	0.163742963398487	256
0.081225321187275	0.327047926792349	12
0.054124561689372	0.424429008575087	12
0.124660960083176	0.469213367089016	12
-0.075714738192707	0.653094111814844	256
0.107510621985722	0.163742963398487	550
-0.0831296902193051	0.394482136333018	550
-0.0906893504355279	0.548332886827878	3
0.100772011949616	0.528552837602081	36
0.10984892239169	0.534448601056587	36
0.083592603264695	0.340997983687386	44
-0.025614146902992	0.279913059585337	44
-0.090106009512164	0.397764443513192	44
-0.097183620667161	0.497816109492811	267
-0.0250448016068791	0.279597056391279	22
0.103305263129155	0.160883900344644	22
-0.0250448016068791	0.279597056391279	218
0.103648287859847	0.158948670390298	218
-0.041155007952577	0.275319188525736	65
0.021358119238214	0.665649439981918	65
-0.034785185175538	0.283807885980878	313
0.107809498428198	0.161710387629989	261
0.059733619676015	0.421525267861444	57
-0.0932150880932	0.487665443954624	33
-0.03361160922026	0.290242048778392	625
0.079562055502944	0.345369017314678	33
-0.097929835079735	0.515625051154007	46
0.014857236800931	0.593282204750968	46
0.033972932838134	0.517827136648241	1703
0.055253773821808	0.871161441639865	1703
-0.030824300968471	0.287187108205516	39
-0.027305164050353	0.288218637766352	770
-0.072025567141369	0.734568582416429	24
0.020371455183261	0.585059698302117	24
0.00406242215030495	1.33314624287398	24
0.031794841232013	0.577408428162082	370
0.0268146737134251	0.994555112656433	662
0.084615305086723	0.632387227306466	16
-0.090182382710463	0.589171257791174	16
0.096075290091851	0.157031807796804	16
-0.041155007952577	0.275319188525736	16
0.106164448046751	0.165404098536463	16
0.106164448046751	0.165404098536463	256
-0.058940932201904	1.22349419733299	12
-0.00237346250404802	0.951050564911729	12
0.107837683041369	0.771929820797964	12
0.0813755258034951	0.343112526455049	12
0.075379849923139	0.338140341774038	12
-0.032439635017377	0.279989616539392	882
-0.035967381550608	0.273964525158361	256
0.037507150147897	0.511230680004595	126
-0.090861895976427	0.487205390002865	126
-0.090106009512164	0.397764443513192	3
-0.0290638964268311	0.289518739243686	36
0.0765287846982869	0.740607499307689	44
-0.027374541519571	0.277808019884369	44
0.010667332976887	0.733847775617122	106
0.0807410588416601	0.345996909135544	267
0.079562055502944	0.345369017314678	106
0.104517232406286	0.160931846851905	22
0.103648287859847	0.158948670390298	218
-0.073663179438666	0.793792877477693	218
-0.0238552816570889	0.278682303607486	218
0.012662162857212	0.606057476786248	218
0.035871250331371	0.532040724192259	218
-0.027305164050353	0.288218637766352	218
-0.03361160922026	0.290242048778392	65
0.050746175267139	0.42830208453976	65
-0.0908657320798399	0.396538986288394	261
-0.094693845361034	0.498821914926817	261
-0.08200008738535	0.567403563926916	261
0.104517232406286	0.160931846851905	71
-0.030257488020119	0.283070259872901	33
-0.086759507745454	0.397485880203821	625
-0.095089058281386	0.400615562120894	625
0.078772699229414	0.332102198192318	33
0.02858420857584	0.50461634666507	33
-0.030257488020119	0.283070259872901	46
0.048954298404308	0.434002331716325	46
0.0507787167255011	0.43065579714651	46
0.022214174949312	0.594562379817644	46
0.072023642296006	0.73305495769168	62
0.083738052688193	0.339546580912924	62
0.110225532488646	0.534786320182712	1703
-0.089731836813055	0.386516733836026	39
-0.051137016287131	0.87321451985111	520
-0.034202740798625	0.279747187181853	770
0.00103474720063301	0.805491928458051	770
-0.079365670314378	0.656587463042067	770
0.115268976715858	0.54294372790453	24
0.082556727911601	0.343718998039652	6
0.077271255186384	0.716453377506523	6
0.108961273731137	0.536188287612729	662
-0.067988307966689	0.767002911760607	662
0.123162818246353	0.710332159841201	110
0.124425683723395	0.705228959993412	6
-0.059961260282471	0.847655692032089	6
0.044861247628202	0.427997702596057	16
-0.03361160922026	0.290242048778392	16
0.105862327314304	0.15938672368822	16
-0.091200311363511	0.402638585776929	16
0.10915674864297	0.160134884536478	820
0.106164448046751	0.165404098536463	256
-0.0290638964268311	0.289518739243686	12
0.078781688802791	0.340415278374037	126
0.111870382240454	0.52115480398112	3
0.053260098483589	0.426430370124488	3
0.123425086057869	1.71896911162321	44
0.0202811260095001	0.673334330271968	44
0.0220183388786031	0.663767509268189	44
-0.0290638964268311	0.289518739243686	1174
-0.0296249121207171	0.275479486957074	218
0.084137336743606	0.348106420424358	218
-0.00227321663837399	1.01354354134347	218
-0.0806569742823699	0.728488000315264	218
-0.098751335181691	0.478691807816088	218
-0.038360514963464	0.268683484451885	218
0.106164448046751	0.165404098536463	121
0.105307501552363	0.158795616333555	65
-0.0290638964268311	0.289518739243686	65
0.077192787303726	0.349643710125301	261
0.10951204064891	0.161545516971529	261
-0.098544553043766	0.466566462522385	261
-0.028498399814911	0.281825881396972	261
0.107510621985722	0.163742963398487	261
0.107510621985722	0.163742963398487	261
0.101648578584425	0.16103383582639	313
0.106164448046751	0.165404098536463	33
0.040310104028107	0.510968705044388	33
0.112234357425434	0.547577829091568	33
-0.042406599242543	0.25909903309683	71
-0.095596100120376	0.488689738634486	33
-0.083051634714151	0.569869543595257	33
0.115469628768551	0.740766909638694	46
0.100883447709096	0.60006269237328	46
0.017797068763163	0.677413396056785	46
0.121899934441278	0.454997633163991	46
0.077595522084314	0.33487467790435	46
0.072960641781616	0.706273991881506	46
-0.078919077786725	0.36948251994284	39
-0.066591151394356	0.772161493425921	520
0.104517232406286	0.160931846851905	770
-0.11678999278374	1.24145963717241	24
0.085419042220068	0.838335105690999	6
-0.02335459840419	1.1606279023431	6
0.00983051514793798	0.813116932480948	662
-0.060373995767522	0.915353266850534	662
0.122298383861778	0.911299673732717	6
0.05100677799391	1.11296711783255	16
0.056740586130732	0.790043856847103	16
0.021307601238519	0.579111016214119	16
0.10915674864297	0.160134884536478	16
-0.036549561776265	0.283542077282334	820
0.107510621985722	0.163742963398487	256
0.103305263129155	0.160883900344644	256
0.107510621985722	0.163742963398487	12
0.10471603241966	0.588427700226071	12
-0.0238552816570889	0.278682303607486	882
0.084921853195488	0.29277098314172	126
0.015187102705035	0.729001767590257	3
0.106164448046751	0.165404098536463	2079
0.106164448046751	0.165404098536463	3
0.107809498428198	0.161710387629989	3
-0.0290638964268311	0.289518739243686	36
0.04816438240382	1.10247110066017	44
-0.049609822998674	0.92840695924187	44
-0.083622237021193	0.54619902666217	267
-0.025548100671114	0.280697934253108	267
0.115293112059625	0.521260301430828	22
0.104485709159604	0.523221629308525	218
0.106164448046751	0.165404098536463	121
-0.034202740798625	0.279747187181853	65
-0.083366414393369	0.385386980527353	27
0.103305263129155	0.160883900344644	261
0.106164448046751	0.165404098536463	261
0.107510621985722	0.163742963398487	429
-0.027305164050353	0.288218637766352	33
-0.030257488020119	0.283070259872901	33
0.107809498428198	0.161710387629989	115
0.105862327314304	0.15938672368822	1069
-0.069816868109983	0.722318983950529	46
-0.092003692136528	0.379345037360062	46
-0.093573360069551	0.499309689871415	46
0.054050850173066	0.431638285431192	39
0.107809498428198	0.161710387629989	39
-0.059155366967901	0.908027537208378	24
-0.0290638964268311	0.289518739243686	6
-0.072288591811952	0.719081750698537	6
0.079557466810896	0.346722182765788	16
0.106164448046751	0.165404098536463	676
0.106164448046751	0.165404098536463	676
0.106164448046751	0.165404098536463	676
-0.124368996460502	0.991352382496381	12
0.118161995598136	0.53796529197612	3
-0.085880901101783	0.393674320425682	3
-0.0290638964268311	0.289518739243686	35
0.105307501552363	0.158795616333555	2079
-0.08619734863027	0.396258215966489	36
0.061634572023475	0.396382798389378	44
-0.03361160922026	0.290242048778392	202
0.082959225668201	0.349211207976213	22
-0.028454037494308	0.274606027434144	22
0.10196263205565	0.162454516779564	218
-0.120279956418004	1.07852108401174	218
-0.035375350384672	0.289931372759217	121
0.107510621985722	0.163742963398487	261
0.103493445678239	0.589138602212669	261
0.106164448046751	0.165404098536463	261
0.10915674864297	0.160134884536478	261
0.100307038068989	0.162601931105921	261
-0.041755120038348	0.277074668728566	33
0.104517232406286	0.160931846851905	57
0.101648578584425	0.16103383582639	33
0.00321639367515902	0.695872570145491	46
0.106164448046751	0.165404098536463	744
0.107809498428198	0.161710387629989	46
0.052576415243053	0.445999250788884	185
0.117434515470772	0.524984544284127	46
0.018923941474624	0.57077431278045	46
-0.085196482362256	0.673462681239054	46
0.036558574359899	1.01604937924397	62
-0.0250448016068791	0.279597056391279	39
-0.033780689769628	0.273884483174952	770
-0.096229525259935	0.390186419112496	770
0.090566589548753	0.612307159546452	24
0.034609900235328	0.535064025903988	24
-0.024356419677278	0.271119210821833	6
0.060402573148175	0.404890734067925	6
0.038779978836474	0.490529911045809	662
0.0851058972873	0.693491329322155	110
0.00664024456305301	0.973836862864917	110
0.061993566711887	0.96776365916499	110
0.106164448046751	0.165404098536463	16
0.106164448046751	0.165404098536463	16
0.11116065894082	0.158048670727366	576
-0.034202740798625	0.279747187181853	422
-0.026740982487389	0.274741205559888	16
0.106164448046751	0.165404098536463	256
0.00688239246567601	0.82644402620797	12
-0.050576829417734	1.03770105988784	12
-0.028559952065488	0.278708005774788	126
-0.089804755206096	0.592832334394387	126
-0.09480633535515	0.501674442008737	35
-0.083919415224183	0.375129362137654	538
0.100307038068989	0.162601931105921	538
0.079562055502944	0.345369017314678	36
0.053811283200796	0.413175753201384	202
-0.028498399814911	0.281825881396972	44
0.109825669373603	0.552059809016428	44
-0.087579130636111	0.397265079151081	106
-0.092092482588292	0.489468029711859	22
-0.027305164050353	0.288218637766352	22
0.10951204064891	0.161545516971529	1037
-0.030257488020119	0.283070259872901	1174
0.107809498428198	0.161710387629989	1174
0.11116065894082	0.158048670727366	218
0.10951204064891	0.161545516971529	1931
-0.03021271116587	0.280673504110943	1931
0.033988422918363	0.525447801350579	65
-0.034839033024092	0.26814518622486	261
0.082959225668201	0.349211207976213	261
0.107861246730386	0.157338749699546	261
-0.030257488020119	0.283070259872901	261
0.104517232406286	0.160931846851905	437
0.083756941520082	0.319737448557658	33
0.096505227926481	0.596707533815919	33
0.051259865067587	0.429741057586675	1099
-0.032018250277475	0.280909151217907	1099
-0.089581643056626	0.391224673584532	33
0.081813097924519	0.638503662678192	33
0.0419280672025339	0.509245809474805	46
-0.030824300968471	0.287187108205516	46
-0.021618113720386	0.264551920423018	46
0.10915674864297	0.160134884536478	744
0.107510621985722	0.163742963398487	744
-0.099429680362001	0.500158864699493	195
0.033857477687552	0.517541849471728	46
-0.10150226291765	1.09340302233381	62
0.011272842348535	0.657305542244293	62
-0.081956978192586	0.679608958015001	39
-0.032439635017377	0.279989616539392	62
-0.025548100671114	0.280697934253108	39
0.107510621985722	0.163742963398487	770
0.091155559267815	0.600065436122215	770
0.084137336743606	0.348106420424358	770
-0.028498399814911	0.281825881396972	6
-0.093348617311751	0.48409726672629	6
-0.069257184218164	0.838903829167922	6
0.0776146209147029	0.320661351952011	6
0.117392167804106	0.716574728754845	6
-0.0716599601226891	0.793743936043274	662
-0.091253059085817	0.387436076003858	662
0.060388870283715	0.806887839910668	6
0.106164448046751	0.165404098536463	16
-0.028498399814911	0.281825881396972	120
-0.041155007952577	0.275319188525736	576
0.10915674864297	0.160134884536478	422
0.100307038068989	0.162601931105921	444
0.107809498428198	0.161710387629989	676
0.103305263129155	0.160883900344644	256
-0.021618113720386	0.264551920423018	12
-0.048570739804457	0.924714961265605	12
-0.099779768122242	0.483047464105632	12
0.107510621985722	0.163742963398487	256
-0.055875766205426	0.859244271666573	126
-0.03361160922026	0.290242048778392	126
-0.088041127460437	0.568515481148328	126
0.030085236988509	0.518569871021604	35
0.107510621985722	0.163742963398487	3
-0.100553525556965	0.496408201415835	3
0.039906557569104	0.519268213618748	36
0.027272127583217	0.510968760736225	36
0.106164448046751	0.165404098536463	1037
0.10915674864297	0.160134884536478	218
0.050612905791386	0.407863502526456	218
0.10915674864297	0.160134884536478	218
-0.087890130645588	0.389979821134658	218
-0.032018250277475	0.280909151217907	218
0.107809498428198	0.161710387629989	121
0.106164448046751	0.165404098536463	27
-0.085047570031115	0.375593609946105	27
0.017228511302959	0.570405246065142	261
0.10915674864297	0.160134884536478	261
0.10196263205565	0.162454516779564	261
0.11116065894082	0.158048670727366	261
0.050946881355207	0.437683669222143	261
0.078383169488197	0.336634802738503	261
-0.03999003478929	0.281119023278196	261
0.10196263205565	0.162454516779564	33
-0.111023733423084	0.995576046482817	33
-0.122190206172161	1.01970371410136	46
0.106164448046751	0.165404098536463	744
0.038146574322638	0.521985049091349	46
0.106164448046751	0.165404098536463	937
0.104517232406286	0.160931846851905	39
0.107227798356136	0.743684591705506	770
-0.07282882541129	0.799478019960018	24
-0.0777730331941851	0.768759126980931	6
-0.0810366222132321	0.730732312761309	6
-0.097949322383011	0.485799405561573	662
0.036671791890364	0.92133314559334	110
0.103305263129155	0.160883900344644	120
0.106164448046751	0.165404098536463	120
0.107809498428198	0.161710387629989	444
-0.0937117483157009	0.404660598712052	214
0.10915674864297	0.160134884536478	12
0.10915674864297	0.160134884536478	3
0.107809498428198	0.161710387629989	3
-0.027305164050353	0.288218637766352	36
0.107510621985722	0.163742963398487	36
-0.09172017210119	0.570992314398998	202
0.087140362661384	0.341470240944622	44
0.043679574718104	0.478093968532324	106
0.105862327314304	0.15938672368822	22
-0.028498399814911	0.281825881396972	22
-0.032439635017377	0.279989616539392	1174
0.104517232406286	0.160931846851905	218
-0.023289722935519	0.272605726623559	121
0.103648287859847	0.158948670390298	27
0.017706977242177	0.564531787613801	65
0.106164448046751	0.165404098536463	261
0.107809498428198	0.161710387629989	261
0.106164448046751	0.165404098536463	33
0.080739030887876	0.345639761631221	33
0.089501327821381	0.33543691183207	33
0.114615468173994	0.529637809019255	33
0.106164448046751	0.165404098536463	1099
0.10915674864297	0.160134884536478	33
-0.080971377559507	0.677130294690428	33
-0.027305164050353	0.288218637766352	46
-0.076397749916043	0.64580806938066	46
-0.025614146902992	0.279913059585337	195
-0.087338436775698	0.398613371787137	195
-0.091253059085817	0.387436076003858	62
0.105307501552363	0.158795616333555	937
0.10951204064891	0.161545516971529	39
0.038909644153628	0.520714442647751	770
0.082556727911601	0.343718998039652	770
-0.031849403214983	0.283680842236295	24
0.101648578584425	0.16103383582639	24
0.101649811325682	0.527847112783305	6
-0.062504687036563	0.773071062933746	6
0.095691957800569	0.63310946404661	662
0.107510621985722	0.163742963398487	120
-0.034785185175538	0.283807885980878	676
0.107809498428198	0.161710387629989	676
0.105862327314304	0.15938672368822	714
0.0795587215999281	0.349959468170089	214
-0.099641128919675	0.48267581712613	214
0.107809498428198	0.161710387629989	126
-0.085791813897537	0.674192368987916	795
-0.080362710623388	0.552766660699688	126
-0.08325140123189	0.569955915688739	592
0.107510621985722	0.163742963398487	3
0.10196263205565	0.162454516779564	44
0.107809498428198	0.161710387629989	1174
0.10951204064891	0.161545516971529	440
0.107809498428198	0.161710387629989	218
0.106164448046751	0.165404098536463	218
0.05133919781045	0.445061025601122	218
0.107809498428198	0.161710387629989	218
0.10196263205565	0.162454516779564	121
0.10196263205565	0.162454516779564	27
-0.0290638964268311	0.289518739243686	27
-0.03302234654777	0.277624063329933	61
-0.025614146902992	0.279913059585337	2337
-0.0290638964268311	0.289518739243686	261
0.10196263205565	0.162454516779564	261
0.107809498428198	0.161710387629989	33
0.101648578584425	0.16103383582639	33
-0.087338436775698	0.398613371787137	1608
0.103305263129155	0.160883900344644	33
0.103305263129155	0.160883900344644	33
-0.025548100671114	0.280697934253108	46
-0.083600649089882	0.642684555738795	46
0.00857400159514399	0.830554467580097	62
-0.048352412855704	1.03507057280808	62
0.098965377957384	0.620916175809193	62
-0.08181289018938	0.695421792387245	62
0.107861246730386	0.157338749699546	24
0.107510621985722	0.163742963398487	24
-0.090970420475411	0.48858105098908	6
-0.094916411264018	0.486726631622604	6
-0.108778016066954	1.45308377105868	6
-0.093105986305661	0.480894172917393	662
-0.040799328920622	1.23122910096423	662
-0.0898254676731241	0.39925555085867	662
0.025040433995785	0.514549126148557	662
0.066531277867497	0.763603243111383	110
0.10915674864297	0.160134884536478	422
-0.035967381550608	0.273964525158361	504
0.106164448046751	0.165404098536463	12
-0.03999003478929	0.281119023278196	126
-0.031849403214983	0.283680842236295	126
-0.087463257981241	0.670804157429287	126
-0.028498399814911	0.281825881396972	35
0.101648578584425	0.16103383582639	592
0.105862327314304	0.15938672368822	592
0.107510621985722	0.163742963398487	753
0.107510621985722	0.163742963398487	753
-0.036549561776265	0.283542077282334	44
-0.085312484726771	1.23795603987176	44
0.017302001240629	0.598535663697345	22
0.084137336743606	0.348106420424358	106
0.103648287859847	0.158948670390298	486
0.106164448046751	0.165404098536463	22
-0.083235081675753	0.674739595578439	218
0.104517232406286	0.160931846851905	218
0.107510621985722	0.163742963398487	121
0.107809498428198	0.161710387629989	27
-0.028454037494308	0.274606027434144	27
0.103305263129155	0.160883900344644	61
-0.082891888150285	0.383034027822914	261
0.121393630685389	0.613942414797936	261
0.07900608181848	0.334376389131861	261
0.10196263205565	0.162454516779564	261
0.104517232406286	0.160931846851905	261
0.106164448046751	0.165404098536463	33
-0.035375350384672	0.289931372759217	1608
-0.030257488020119	0.283070259872901	33
0.104581916308108	0.594148999719702	33
0.011853280042094	0.669972214287115	33
-0.091954590487152	0.586801981696654	46
-0.0869978194394611	0.390491655347723	46
-0.073116425488673	0.333692417492067	195
-0.102135700253881	0.490536939937404	372
0.107510621985722	0.163742963398487	62
0.107510621985722	0.163742963398487	937
0.107809498428198	0.161710387629989	770
0.10915674864297	0.160134884536478	770
0.017320178283922	0.784151956444109	6
0.072826987298021	0.786786803012981	662
0.010667332976887	0.733847775617122	6
0.047560251621811	0.439198057292984	110
0.087301268608986	0.705124702147778	159
0.11301141748635	0.542184665966066	2027
0.082959225668201	0.349211207976213	2027
-0.033734632921874	0.274571136986713	2027
0.106164448046751	0.165404098536463	482
0.103305263129155	0.160883900344644	422
0.0542357617684121	0.421490281451795	12
-0.0509335613333341	0.805465755458518	12
-0.083834334820876	0.535998410923635	795
0.118795441142186	0.440606737891689	126
0.106164448046751	0.165404098536463	592
0.103305263129155	0.160883900344644	36
0.107510621985722	0.163742963398487	44
0.107510621985722	0.163742963398487	44
-0.025548100671114	0.280697934253108	44
-0.093383186285414	0.57792176596027	22
0.107809498428198	0.161710387629989	267
0.0353032415611551	0.557775301062388	267
-0.094634076982687	0.581079031918896	22
0.106164448046751	0.165404098536463	440
0.10196263205565	0.162454516779564	218
0.071197529199563	0.327208487183725	218
-0.085013632211282	0.734714773464982	218
0.121060880179771	0.514547341881421	218
0.107510621985722	0.163742963398487	218
0.105307501552363	0.158795616333555	881
0.107809498428198	0.161710387629989	881
0.107510621985722	0.163742963398487	881
0.107809498428198	0.161710387629989	797
0.100307038068989	0.162601931105921	61
0.082956788129497	0.349761826454807	261
0.078981972530638	0.706249284670093	261
0.10196263205565	0.162454516779564	52
-0.0250448016068791	0.279597056391279	33
-0.064086779184824	1.10363925047241	33
0.019161452582419	0.649800516853731	33
-0.087205436956072	0.663489286548569	33
0.106164448046751	0.165404098536463	33
0.106164448046751	0.165404098536463	263
0.0771945797372911	0.350398092905828	33
0.019965879448031	0.634764378942412	33
0.106164448046751	0.165404098536463	46
0.107510621985722	0.163742963398487	46
-0.071818904683576	0.719607193046627	46
-0.00826014639740203	1.21396073968544	46
-0.0825592464799581	0.372213786571196	62
-0.088792744556762	0.567762898244133	39
0.049192370377955	0.880176428000538	770
0.095330829099574	0.589238182703671	24
0.106164448046751	0.165404098536463	370
0.07837852886124	0.349301728169769	370
0.064093138406412	0.742573546647947	6
0.121823192927041	0.5156505280115	662
0.0881810087621761	0.322381197118742	662
-0.010471999905536	1.10029341640328	110
-0.00899674606255796	1.02071012958587	110
-0.0544128479407	0.892759606548525	110
0.107510621985722	0.163742963398487	444
0.015321760879116	0.66710901451497	12
0.106164448046751	0.165404098536463	126
0.106164448046751	0.165404098536463	126
-0.103822450717529	0.978650674248046	126
0.10915674864297	0.160134884536478	3
-0.052059865783512	0.945946122750675	36
0.048287590823186	0.414456639503678	36
0.026292422943362	0.591372244097818	44
-0.097334373228215	0.392719303296688	44
-0.0250448016068791	0.279597056391279	44
-0.084646561855671	0.535445393639409	22
0.078383169488197	0.336634802738503	267
0.10915674864297	0.160134884536478	22
0.103648287859847	0.158948670390298	218
0.10915674864297	0.160134884536478	1083
-0.0909990711722241	0.471070010113789	1083
-0.03999003478929	0.281119023278196	218
-0.0869978194394611	0.390491655347723	218
0.106164448046751	0.165404098536463	881
0.106164448046751	0.165404098536463	121
-0.091200311363511	0.402638585776929	27
0.107510621985722	0.163742963398487	885
0.100307038068989	0.162601931105921	261
0.106164448046751	0.165404098536463	261
0.106164448046751	0.165404098536463	261
-0.03361160922026	0.290242048778392	52
-0.030824300968471	0.287187108205516	52
0.099413678294488	0.153713929928594	52
0.107809498428198	0.161710387629989	52
0.106164448046751	0.165404098536463	33
0.106164448046751	0.165404098536463	33
-0.0875706831830449	0.704705984934646	33
0.024466285155238	0.598758689496898	46
-0.092121167068151	0.47805542068418	46
-0.03999003478929	0.281119023278196	195
-0.031972908774607	0.280423726905321	46
0.105862327314304	0.15938672368822	24
0.030866312530713	0.493995056581061	24
-0.041755120038348	0.277074668728566	24
-0.057656090067539	0.94202847755177	110
0.11116065894082	0.158048670727366	1008
-0.027305164050353	0.288218637766352	126
-0.087338436775698	0.398613371787137	126
0.100307038068989	0.162601931105921	3
0.107510621985722	0.163742963398487	35
0.100307038068989	0.162601931105921	922
-0.027305164050353	0.288218637766352	922
0.105307501552363	0.158795616333555	922
0.101648578584425	0.16103383582639	753
0.105862327314304	0.15938672368822	44
-0.0447881406203799	0.910346611052121	44
-0.087579130636111	0.397265079151081	44
0.081382380360048	0.33268872834728	486
-0.122798891713827	1.07553811605173	218
-0.0906310659803941	0.392878114721319	218
0.09678406861143	0.605675269901218	218
0.10915674864297	0.160134884536478	218
-0.094594720620072	0.382127395316292	121
0.107510621985722	0.163742963398487	121
0.10915674864297	0.160134884536478	121
0.10915674864297	0.160134884536478	27
-0.034785185175538	0.283807885980878	885
0.100307038068989	0.162601931105921	885
0.107809498428198	0.161710387629989	261
0.026057975368866	0.654500518972142	33
0.0795674593475501	0.327847652501438	873
0.037503316089168	0.541809052956788	33
-0.020025058194009	1.07897388169859	33
0.106164448046751	0.165404098536463	46
0.10915674864297	0.160134884536478	46
0.10196263205565	0.162454516779564	46
-0.027374541519571	0.277808019884369	46
-0.023289722935519	0.272605726623559	46
-0.030678061578298	0.273985197030131	62
0.103305263129155	0.160883900344644	93
0.00386547486966204	0.714655936867639	2131
-0.037140629346175	0.283535339223129	2131
0.00605640172655797	0.858785570212242	110
0.055035281622138	0.822115139256889	110
0.105862327314304	0.15938672368822	16
-0.030678061578298	0.273985197030131	120
0.106164448046751	0.165404098536463	120
0.104517232406286	0.160931846851905	444
-0.090958039933235	0.401616990682173	12
0.10196263205565	0.162454516779564	1008
0.060402573148175	0.404890734067925	126
0.019913073161655	0.668293977034582	126
-0.0842688790310751	0.387082441158237	35
0.106164448046751	0.165404098536463	3
0.10915674864297	0.160134884536478	753
0.0863552692066341	0.328056736961662	36
0.022708030760748	0.662758566515733	44
-0.0869978194394611	0.390491655347723	678
0.106164448046751	0.165404098536463	22
0.10577883402935	0.560287416455935	218
0.106164448046751	0.165404098536463	121
-0.023289722935519	0.272605726623559	27
-0.084864512410849	0.555277389972012	61
-0.0393908143652389	0.270997682167033	885
-0.056043569320105	0.903980066898672	261
0.031582632847746	0.523703934254875	261
-0.0528993501288	0.888152477813	261
-0.083801985368777	0.528537721198103	261
0.106164448046751	0.165404098536463	574
0.106164448046751	0.165404098536463	297
-0.000116349318579956	0.736416118667293	33
0.028874320673133	0.600873774503657	33
0.0732114772086661	0.78550055513402	33
-0.084334663457422	0.705634049130509	46
-0.02680154360055	0.280831111550184	46
0.013296454692366	0.585805874322673	195
-0.087158291833492	0.564769911607958	195
-0.118158885190859	1.0788583548749	372
0.089371715340134	0.641057177521359	372
-0.083929066094047	0.674466939312174	62
0.107510621985722	0.163742963398487	93
-0.098659148277528	0.477748615022638	24
0.022910765062949	0.593332071399518	24
0.094540863221059	0.638619236713284	24
0.013258157933655	0.712140841174851	24
-0.074173389155094	0.74543293398736	24
0.052704765057537	1.01393919826552	662
-0.108854628572852	1.02392647560571	662
0.089244350527057	0.595075347299409	662
0.052184401963203	0.847523269045569	110
0.000457000305528976	0.998305131327428	110
0.066679524187558	0.952996209211473	110
0.10196263205565	0.162454516779564	483
0.100307038068989	0.162601931105921	444
-0.097074875190712	0.494161729985421	12
0.011919088225903	0.731413286214111	12
0.078781688802791	0.340415278374037	126
-0.02680154360055	0.280831111550184	126
0.016621252717664	0.6327331381821	126
-0.107309162026337	0.45985753044244	126
0.0153607143872611	0.655904914274218	126
0.048633655092054	0.439483382083314	3
-0.093129509646734	0.388823474535977	935
-0.027871506351588	0.279214794580025	922
-0.093199052897607	0.582734686905603	922
-0.0290638964268311	0.289518739243686	44
-0.089456026932609	0.554159272119128	22
-0.027305164050353	0.288218637766352	22
0.046578594997158	0.433460962493814	22
0.08414107969897	0.338983767806613	218
-0.026113129457213	0.277995185358117	27
0.10196263205565	0.162454516779564	27
-0.098054181908359	0.405300175884419	27
-0.102077193789582	0.552538644633089	27
-0.083685527098111	0.372676489446979	885
0.107809498428198	0.161710387629989	885
0.104517232406286	0.160931846851905	261
0.041740389186815	0.420719646754623	261
0.042645044640062	0.423253405724933	261
0.101648578584425	0.16103383582639	119
0.106164448046751	0.165404098536463	119
-0.084815887468594	0.391993482604686	119
0.084526783018255	0.323628981923438	33
0.107809498428198	0.161710387629989	33
0.00753726639802799	0.709137166431388	33
0.082562279979871	0.341193389803571	873
0.057339900708277	0.400324609506038	33
0.060494136545722	0.410810647049636	778
-0.062763610879229	0.818310072797176	46
0.0456726923222201	0.423317473746643	46
-0.085191798506537	0.555512184111053	372
0.105717837841975	0.546563425593627	24
-0.08619734863027	0.396258215966489	24
-0.034785185175538	0.283807885980878	24
-0.0290638964268311	0.289518739243686	24
-0.060228948235401	0.894493812920946	493
0.10951204064891	0.161545516971529	16
-0.03361160922026	0.290242048778392	287
0.10951204064891	0.161545516971529	655
0.103305263129155	0.160883900344644	12
0.050746175267139	0.42830208453976	126
0.077192787303726	0.349643710125301	126
-0.087338436775698	0.398613371787137	3
-0.03021271116587	0.280673504110943	935
-0.032439635017377	0.279989616539392	3
0.102646261617836	0.532117800021102	44
0.107809498428198	0.161710387629989	44
-0.05880406912724	0.829950113168695	22
0.047179278675435	0.427416945803817	106
0.11116065894082	0.158048670727366	22
-0.0777291059758341	0.721007826330047	218
-0.085646180752596	0.388058750810058	218
-0.084815887468594	0.391993482604686	121
-0.025548100671114	0.280697934253108	121
0.106164448046751	0.165404098536463	27
0.106164448046751	0.165404098536463	64
0.107809498428198	0.161710387629989	64
-0.025548100671114	0.280697934253108	261
0.10915674864297	0.160134884536478	261
0.100307038068989	0.162601931105921	665
0.103305263129155	0.160883900344644	33
-0.0653520211142	0.774148854366946	33
0.0514215109294181	0.434287533678623	33
0.083742303029985	0.34178724806317	863
0.078772699229414	0.332102198192318	195
-0.097129934956713	0.560174435821476	372
0.096075290091851	0.157031807796804	24
0.074397612684784	0.821603659491508	24
0.016360133629394	1.09188620280157	24
-0.092489062490735	0.588856210461066	24
-0.034785185175538	0.283807885980878	24
0.048168619448227	0.867559245773373	2131
-0.096038033038537	0.489436536477529	2131
-0.089735817635058	0.636127726903971	493
-0.0765944907063461	0.746794259558594	110
-0.07074458802249	1.31110008325133	1713
-0.104838546665444	0.472818962635942	1713
0.11116065894082	0.158048670727366	12
-0.102853311504219	1.09719250940081	12
0.103305263129155	0.160883900344644	126
0.102312916270929	0.558510607666646	126
0.032976476844877	0.531367578336222	126
-0.088722060553371	0.39962615142417	3
0.105862327314304	0.15938672368822	922
0.114306275162986	0.703749574583761	3
0.097006606026611	0.574789265815073	36
0.048954298404308	0.434002331716325	36
0.064397097785808	0.804056939459375	22
0.0237546440930561	0.641823401815569	678
-0.0250448016068791	0.279597056391279	22
-0.0296249121207171	0.275479486957074	22
-0.064959450525012	0.755295204289317	218
-0.032439635017377	0.279989616539392	121
-0.080238619382903	0.641967484571302	27
-0.088927761998975	0.581777783444715	27
-0.034907422387866	0.275435273538861	27
-0.025614146902992	0.279913059585337	64
-0.100660742019508	0.498933795135461	261
0.0813152369017059	0.648148578514965	261
-0.0290638964268311	0.289518739243686	962
0.022688248859656	0.553037640544192	33
0.015937344792079	0.688644914956226	33
-0.094831570757529	0.484825755226676	33
-0.094338237387506	0.483088210140382	33
-0.089288938168792	0.653066440515915	873
0.017701568977522	0.698973903947781	33
0.031341060887459	0.523471060872097	46
0.028175001390369	0.513715853766734	129
-0.060048610310642	0.83903711921587	129
0.032091978897983	0.516108851658506	129
0.010368752290789	0.857685445653821	62
-0.081992811781452	0.384415634167884	93
0.105150591480202	0.56762263067031	24
0.00412251846516098	0.874350663309992	24
0.00285921094174402	0.8857193971083	24
0.091477855305804	0.590745585184064	24
0.020663161223153	0.706169903891422	2131
-0.109152744536	1.23542563166345	662
-0.074133758387416	0.809549760910626	110
0.08159020976189	0.65366446072588	110
-0.017619671128336	1.09322713651264	110
-0.110326908042494	1.19710148744521	493
-0.051915818694351	0.894092136382885	110
0.009504915487486	0.695947561293274	1014
0.109146623067432	0.722470736425734	1713
0.010595447826352	0.870707333518274	1713
0.095115301198843	0.614612803740486	1713
0.021640637996764	0.592043296307993	16
-0.03302234654777	0.277624063329933	12
-0.030257488020119	0.283070259872901	12
-0.0393908143652389	0.270997682167033	12
-0.084505143153349	0.395488792215213	12
-0.088364689047437	0.390187689634705	12
0.0914761548342961	0.580984753621807	12
0.020603888301541	0.668557742882209	12
-0.059928059595279	0.740932870171281	84
0.084927448842824	0.337346793612619	1140
-0.083761041628861	0.575659761570186	36
0.115268976715858	0.54294372790453	36
-0.065725307362075	1.24155983396965	44
-0.0490748148347761	0.891093891686041	22
-0.077110390551998	0.652350890687603	678
0.025514061012442	0.589754584813431	678
0.0771945797372911	0.350398092905828	121
-0.078708734812362	0.667323728981639	218
-0.095081235076661	0.37772299924275	121
-0.093199052897607	0.582734686905603	27
-0.091253059085817	0.387436076003858	27
0.049113615165208	0.440315557397391	1891
-0.090970420475411	0.48858105098908	261
-0.072530939557688	0.706191746019241	261
0.100307038068989	0.162601931105921	119
0.044861247628202	0.427997702596057	33
-0.0776791439237941	0.661191175829406	33
-0.098413012183804	0.496604279873565	873
-0.08063049165544	0.652151763668325	778
0.018732869989708	0.716967243273649	46
-0.098413012183804	0.496604279873565	46
-0.087338436775698	0.398613371787137	46
0.111038368905081	0.540312763106837	129
-0.0937117483157009	0.404660598712052	129
-0.088041127460437	0.568515481148328	129
-0.088364689047437	0.390187689634705	93
-0.09620662825723	0.390519809928938	24
0.081367311942344	0.322377610445157	24
0.032479970443259	0.498273423823912	24
0.031319384712429	0.525094062010316	24
0.123287903164051	0.700254385265702	24
0.091037598626813	0.663778712335745	24
-0.055596164990215	0.949354161324325	662
0.047893230231058	1.03359977750052	493
0.02085668394523	0.620915933969993	493
-0.094693845361034	0.498821914926817	16
-0.087579130636111	0.397265079151081	16
0.084927448842824	0.337346793612619	16
-0.030257488020119	0.283070259872901	16
-0.092334741942421	0.4050383296159	16
-0.044632608657557	0.265884086965617	287
0.084919498214889	0.32848066783792	12
-0.088212321712895	0.568272834428163	12
-0.090067427067441	0.657140752070096	12
0.0258349120539469	0.606585429359521	126
-0.070472651177431	0.720804433686883	1969
-0.089266919505522	0.569033666295362	3
-0.07030751840536	0.782399932889912	36
-0.062111938413423	0.850583500540799	22
-0.0898254676731241	0.39925555085867	22
-0.085495369577976	0.67997636521671	2348
0.047211722362408	0.412354737156303	728
0.051534952324286	0.407835700387199	27
-0.0987713120160451	0.470461503566889	261
0.081920177567696	0.34178249017769	119
0.085315037967576	0.344146117314585	119
0.082959225668201	0.349211207976213	136
0.051664825633296	0.42421411443423	33
-0.098637229246484	0.491548654208996	33
0.106934273994753	0.526309736050672	46
-0.0933731548237709	0.379510415037166	46
-0.087818740967984	0.381995661323755	46
-0.0839578890145189	0.66133051668885	46
0.031102290503039	0.515139882397525	46
-0.088722060553371	0.39962615142417	372
0.052824053283665	0.415347582311405	129
-0.091055087559948	0.658048540986421	129
0.016070510465406	0.726701565467478	24
0.119586278418819	0.711560942548449	24
0.027433639397991	0.51600341716358	24
-0.00780517892637	0.901074054022892	493
0.013727314643453	0.823377160823671	110
0.019439303510436	0.713481501447568	110
-0.032586380851361	0.279686224243847	287
0.091719547986219	0.325311339037738	12
-0.090106009512164	0.397764443513192	12
0.106164448046751	0.165404098536463	327
-0.034785185175538	0.283807885980878	12
-0.070360093501215	0.797227473262513	84
-0.082248590359431	0.670499301806006	84
0.015735064597051	0.654597849026609	126
-0.078403009223445	0.751951843329122	126
-0.100765554790566	0.485308010665804	1969
0.0492752614158381	0.438856864317094	1969
-0.08619734863027	0.396258215966489	124
0.038344466258717	0.406460100766669	3
0.021684033924336	0.588182288984546	36
0.037883517580026	0.518348187820312	44
0.097413232773498	0.155611636332248	44
-0.082792489807875	0.369402787200241	44
0.10196263205565	0.162454516779564	442
0.107861246730386	0.157338749699546	121
0.106164448046751	0.165404098536463	121
0.100307038068989	0.162601931105921	218
0.10951204064891	0.161545516971529	27
0.10196263205565	0.162454516779564	46
0.105862327314304	0.15938672368822	129
0.106164448046751	0.165404098536463	129
0.10915674864297	0.160134884536478	24
0.105862327314304	0.15938672368822	24
0.104517232406286	0.160931846851905	24
-0.0250448016068791	0.279597056391279	6
0.106164448046751	0.165404098536463	110
-0.02680154360055	0.280831111550184	1713
0.107510621985722	0.163742963398487	1713
0.106164448046751	0.165404098536463	84
0.105862327314304	0.15938672368822	84
0.106164448046751	0.165404098536463	84
0.106164448046751	0.165404098536463	126
0.10951204064891	0.161545516971529	126
0.105862327314304	0.15938672368822	3
0.105862327314304	0.15938672368822	3
0.10915674864297	0.160134884536478	3
0.106164448046751	0.165404098536463	36
0.106164448046751	0.165404098536463	36
-0.077110390551998	0.652350890687603	44
-0.038226481876638	0.276557176755397	1208
-0.0898254676731241	0.39925555085867	645
-0.0528365217126821	0.800442475288766	22
-0.031849403214983	0.283680842236295	2348
0.085960073677095	0.334175047751862	121
-0.088722060553371	0.39962615142417	121
-0.027305164050353	0.288218637766352	121
-0.02680154360055	0.280831111550184	121
-0.091200311363511	0.402638585776929	1141
-0.032439635017377	0.279989616539392	121
-0.0290638964268311	0.289518739243686	728
-0.119342766652671	1.0125358534093	27
0.10915674864297	0.160134884536478	261
0.103305263129155	0.160883900344644	261
-0.026740982487389	0.274741205559888	308
-0.099536604698225	0.499414147590173	136
-0.038315478997227	0.277559801246387	33
0.122609026042932	0.66418036318913	33
0.10951204064891	0.161545516971529	1523
0.107809498428198	0.161710387629989	1523
0.078772699229414	0.332102198192318	33
0.109192710877564	0.727227134214424	46
0.076558518360217	0.330518949407079	46
-0.079252368635165	0.656361788423723	46
-0.09289175304701	0.380064546915701	2141
0.0906947984670849	0.676599452022829	129
-0.028498399814911	0.281825881396972	93
0.016884636564007	1.2170250363914	24
-0.00958256687630299	1.07639029084397	24
-0.090879735259966	0.64650122613531	6
0.054556383766024	0.433195558085423	110
-0.09496098274214	0.576321015610964	110
-0.00494957550011899	0.942425729859293	1713
-0.03999003478929	0.281119023278196	287
-0.041155007952577	0.275319188525736	601
0.11116065894082	0.158048670727366	12
0.107809498428198	0.161710387629989	12
0.104517232406286	0.160931846851905	327
0.041403536483996	0.420880653105769	327
-0.122922420008277	1.01839475190082	327
0.021522925999896	0.613415732419128	327
0.101648578584425	0.16103383582639	84
-0.102135700253881	0.490536939937404	126
-0.124923367810824	1.0727943908653	36
0.065068872370967	2.04729937348567	44
0.088710277220997	0.329299572435173	22
0.105307501552363	0.158795616333555	22
0.10915674864297	0.160134884536478	22
0.101648578584425	0.16103383582639	121
-0.034785185175538	0.283807885980878	27
-0.028454037494308	0.274606027434144	118
0.107809498428198	0.161710387629989	234
0.11116065894082	0.158048670727366	234
-0.028498399814911	0.281825881396972	234
-0.096281833625139	0.487899338670401	261
0.11116065894082	0.158048670727366	308
0.107809498428198	0.161710387629989	136
-0.094916411264018	0.486726631622604	136
-0.08812796538128	0.400855897121907	33
0.105307501552363	0.158795616333555	954
0.10915674864297	0.160134884536478	1523
0.017869458747081	0.772049659397956	46
-0.057498116003269	1.07771872672797	46
0.10951204064891	0.161545516971529	46
0.121822868965574	0.436114914265382	943
0.107809498428198	0.161710387629989	129
-0.028498399814911	0.281825881396972	2141
0.0813755258034951	0.343112526455049	129
-0.092565303229816	0.491946373024326	24
-0.087890130645588	0.389979821134658	24
0.03929527744818	0.515310951920997	24
0.015756095850809	1.14187130413834	6
0.02547251986307	1.7833286849608	6
0.001880972400917	1.48278832391717	110
0.106164448046751	0.165404098536463	159
-0.03361160922026	0.290242048778392	327
-0.03361160922026	0.290242048778392	382
0.107809498428198	0.161710387629989	124
0.043679574718104	0.478093968532324	124
0.107510621985722	0.163742963398487	124
-0.092565303229816	0.491946373024326	537
-0.096938535736825	0.578270727275519	442
-0.09480633535515	0.501674442008737	22
-0.0393908143652389	0.270997682167033	22
-0.082942874370576	0.678704317120682	121
0.070023538332581	0.327737315795589	121
-0.037063790110283	0.26762349011827	121
-0.093470730965337	0.380047075522107	728
0.107333340836628	0.532126183565844	118
-0.060305806476583	0.768428829633089	264
0.071715536979657	1.00338748613305	261
0.107510621985722	0.163742963398487	261
0.073016554121768	0.341575887899308	136
0.120992911831046	0.524174538525983	136
0.013546931297975	0.653950717416168	33
0.023247976897136	0.593226116734609	33
0.014819045164941	0.764092553259152	33
0.082556727911601	0.343718998039652	91
0.032385914663003	0.951981572587178	33
0.04244708354876	0.88304153130981	46
0.082556727911601	0.343718998039652	46
0.032598473420134	0.522876013594066	240
-0.00345334650364604	1.00590749767051	129
0.016066999616261	0.664649772805476	129
0.082959225668201	0.349211207976213	93
0.082956788129497	0.349761826454807	24
-0.066532281957575	0.86079184762436	24
0.0983627822273469	0.885642111176381	24
0.001423908980695	0.87450935164109	110
0.0160623317719381	0.678818827882787	76
0.10915674864297	0.160134884536478	530
-0.038360514963464	0.268683484451885	530
-0.023289722935519	0.272605726623559	530
0.105862327314304	0.15938672368822	530
0.107510621985722	0.163742963398487	530
-0.088619973226661	0.482593946487914	530
-0.078934961324153	0.742191976345877	327
-0.064527063618308	0.824099855908518	12
-0.069565024584699	0.717459788722355	382
0.024520839566601	0.585178507257099	382
-0.0290638964268311	0.289518739243686	124
0.051481264209726	1.51849401695764	44
-0.027305164050353	0.288218637766352	22
-0.100900925216034	0.484420502086306	22
0.052576415243053	0.445999250788884	22
0.014451209464673	0.677070729413365	121
0.095798649531064	0.750916116192003	121
-0.0940198517120599	0.640389184540981	121
0.091334197921916	0.642661994659547	1114
-0.102246347382635	0.48800209850676	121
-0.092092482588292	0.489468029711859	355
-0.030824300968471	0.287187108205516	355
-0.030257488020119	0.283070259872901	121
-0.07998607247038	0.671093875902632	121
0.098249245708425	0.609582824684183	261
0.027670983638436	0.64031196985287	261
0.099413678294488	0.153713929928594	136
0.03929527744818	0.515310951920997	33
-0.098306378864037	0.500647979392122	33
0.109457077624954	0.544419561416009	33
0.0151528504321951	0.819732106842975	33
0.019177018023067	0.717002797714854	33
0.024001263602753	0.565717792890532	33
-0.077689622058193	0.777242949318465	33
-0.0618490771297831	0.908221924719308	33
-0.050634240469627	0.981791503948064	46
0.055306374216462	0.41577843436332	129
-0.055627805031669	0.893642163783637	129
0.020593423997681	0.612721706934741	93
-0.095814868427433	0.495060739536507	93
0.114118331423069	0.837919565132967	24
0.063035287816666	0.757301535589772	24
-0.00664889146470205	0.860687986940585	24
0.095647779701801	0.893739961626883	24
-0.043153180904698	0.880579335251841	110
-0.056014543083471	0.886886300168667	110
0.012529950979414	0.784367364852766	76
0.0901302236468799	0.661353103332393	76
-0.085955138901743	0.394298626687848	287
-0.08812796538128	0.400855897121907	530
-0.027305164050353	0.288218637766352	327
-0.01681875351755	0.990006918998809	12
0.048880121953073	0.866078623227267	12
0.059656223973132	0.416543135212764	126
0.124224560898926	0.622914740126792	126
-0.05873467407105	0.900500108364587	126
0.011637106700883	0.707665716204686	126
0.0851058972873	0.693491329322155	126
-0.087919288820821	0.65184097582754	126
-0.062780164691616	0.853384280701335	126
0.117413920790482	0.721675625378758	124
-0.08730526903596	0.586774174843876	124
-0.104643768037143	1.14602981116295	124
-0.094472085042818	0.487812374671431	124
-0.060266151398139	0.821560506818864	3
-0.088354595786697	0.557879622188247	36
0.107510621985722	0.163742963398487	36
0.088043272621465	0.643320195216196	36
0.026269834584752	0.647606082158424	36
0.101648578584425	0.16103383582639	22
0.10915674864297	0.160134884536478	22
0.084137336743606	0.348106420424358	22
0.057697710474607	0.799691926097852	121
0.043721870359593	1.24115223716823	849
-0.097183620667161	0.497816109492811	1114
0.106164448046751	0.165404098536463	121
-0.076397948403212	0.652890055879205	50
-0.090958039933235	0.401616990682173	121
-0.026113129457213	0.277995185358117	121
0.018992695659897	0.636759084678064	118
-0.089260453723205	0.393194546848372	118
0.020397498926785	0.651309820824736	261
0.10196263205565	0.162454516779564	308
0.106164448046751	0.165404098536463	308
0.057428790667622	0.430840288199803	33
0.027709119189431	0.502796294993993	33
0.106164448046751	0.165404098536463	33
-0.025321046842666	1.17366312262789	91
0.025690990198414	0.51342556533467	240
-0.048341229497504	0.929028670764907	46
0.108098188787847	0.76513492831954	372
0.0127960581994681	1.03665489297997	129
0.028731428688373	0.955833850144185	93
0.107510621985722	0.163742963398487	93
-0.113081723606537	1.16296366098807	24
-0.096061405375846	0.491043828697371	6
0.096110965221751	0.9817837002967	6
-0.00454332557605996	1.47570196715647	110
0.0209454390923201	0.608344882002419	110
-0.094594720620072	0.382127395316292	76
0.089940183851143	0.595977168740171	76
0.104517232406286	0.160931846851905	287
0.11116065894082	0.158048670727366	287
0.103305263129155	0.160883900344644	287
0.107809498428198	0.161710387629989	287
-0.02680154360055	0.280831111550184	530
0.10915674864297	0.160134884536478	12
-0.0814231042786711	0.370870563626919	12
0.098127317747824	0.851410382617721	12
0.061391712547605	0.403122398918872	12
0.01429874477426	0.818487556522944	126
0.030524445588018	0.583318964249893	3
0.023130086425347	0.645284112167785	36
-0.089804755206096	0.592832334394387	36
0.117665884861243	0.525678652931726	22
0.081382380360048	0.33268872834728	22
-0.058573707567994	0.835326918594951	849
0.018833273535242	0.594204525928449	849
-0.064228581056461	0.893959752854769	50
-0.092575454322084	0.402273555476324	118
0.023776803145926	0.509954770750156	118
0.085315037967576	0.344146117314585	584
-0.085880901101783	0.393674320425682	118
0.085958385185866	0.341636500574779	118
-0.087579130636111	0.397265079151081	261
0.00739308908068903	0.640274783301802	261
0.10951204064891	0.161545516971529	85
-0.030257488020119	0.283070259872901	308
-0.027305164050353	0.288218637766352	119
0.117951321618991	0.79437461978351	33
-0.056379110993144	1.05102183929558	46
0.118392732346401	0.686216834976906	46
-0.101140062847857	0.372403261520208	46
0.104028398581033	1.12651995198555	46
0.123116325439619	0.466195364260187	129
-0.058105248238133	0.881358042219011	129
-0.091253059085817	0.387436076003858	93
0.00426542065576296	0.878943895757118	24
-0.083235081675753	0.674739595578439	6
0.0771945797372911	0.350398092905828	6
0.011596789771777	1.11029540625879	6
-0.117138908282489	1.06921848464868	6
0.121221068741579	0.683479983373872	110
0.075138804366143	0.703162809537155	110
0.107510621985722	0.163742963398487	287
0.106164448046751	0.165404098536463	287
0.106164448046751	0.165404098536463	159
0.107510621985722	0.163742963398487	12
0.088325495071866	0.320921126469945	12
0.0206560132513191	0.708314837958726	3
0.0771945797372911	0.350398092905828	36
0.025251440114386	0.61020076295961	36
-0.049604831532428	0.775277374904455	44
0.074198145650899	0.342166078225411	22
0.046965021781329	0.439700795353966	442
0.119190908555929	1.1542336263625	22
0.037024541984472	0.514001117784152	22
0.023667700575255	0.594942584903226	50
-0.097631021663422	0.473492879419342	121
0.0223549826238491	0.585170634609757	118
0.00970398183778898	1.2854750400905	261
0.00884437127493498	0.885159314297313	261
0.106164448046751	0.165404098536463	308
-0.08027656393131	0.656590423031591	33
0.111600427843977	0.547940275484698	33
0.042291577946975	0.890039335975085	33
0.0386444939171811	0.518251119290972	33
0.030941941878245	0.499752478565407	33
0.028289950123853	0.518165203356514	46
0.058917717740236	0.82340091415811	46
0.079042298895321	0.867395097935235	46
0.00304603708037898	0.712567718435258	129
0.084997038351209	0.657677955763834	129
0.035892813653452	0.500505713287913	95
-0.029631553521776	0.277137412790688	93
0.116013498506226	0.540462981855919	24
-0.072240543032863	0.717882791370523	24
-0.04881331824554	1.22143532194529	24
0.0606128516748971	0.813892968795067	24
0.042141905835508	0.884288457194404	110
-0.000382872415501945	0.980742510195651	76
0.059121722126636	0.802650143584171	76
-0.0238552816570889	0.278682303607486	76
-0.043478648191707	0.257949415163682	287
0.11116065894082	0.158048670727366	287
-0.030257488020119	0.283070259872901	12
0.024026717273306	0.515686769490188	12
-0.091200311363511	0.402638585776929	12
0.049487321288847	1.04350742684821	12
-0.080848269485754	1.4181086843194	12
0.0787761352582001	0.342052651409614	12
-0.078815963548892	0.622435049708183	124
0.038522351562874	0.513933511425851	124
-0.0882429509349531	0.554842602787381	124
0.082124710124899	0.713900225833332	3
0.00376282447676901	1.91837200297919	44
-0.092127938307076	1.35702018789327	22
-0.019141643347786	1.35184399732538	22
0.101905636078894	0.775007360775532	22
0.01694086843265	0.819936811464805	849
-0.117731688932994	1.07318393358455	118
-0.06717403871471	0.789249620618462	584
0.024320488997276	0.608135130646903	584
0.122257927503144	0.705719821938179	584
-0.064661499341752	0.768817577451167	584
0.080512263985583	0.729234710446411	584
0.083584149466287	0.873413351511092	261
0.0629360894343191	0.774723041771909	261
0.000666249271105035	0.890702786061151	261
-0.082598826603157	0.73229573205125	261
-0.106772392392275	0.929670475774999	33
-0.090829748805394	0.554932356877203	33
0.0151528504321951	0.819732106842975	33
0.066564439928823	0.759521805324263	33
-0.087838821026711	0.468165886462912	46
-0.063171316323867	0.80749062201072	46
0.095839958792756	0.770218687921045	33
-0.067867042695513	1.16349278641836	683
0.066416911678758	0.924316417683315	240
-0.06976862826762	0.703343397316513	46
0.0359922565927751	0.955119970766533	129
0.090697111940425	1.01107174479864	95
-0.059989869268387	1.10969494980958	93
-0.114490060432655	0.943705658462117	93
0.051842236733166	1.01489722667598	24
-0.0707212939341661	0.73137224815075	24
0.056838860025671	0.956742398735137	24
-0.114723620248737	1.05303747627957	24
0.098705452373583	0.909668850225285	6
0.10743749935288	0.688438172903169	6
0.080595845732462	0.343106575046838	6
0.049662344912083	0.827468711215155	110
-0.022622156646974	1.32041028153463	110
-0.026890598738734	0.257938163093101	6
0.088712032485247	0.85703629451659	76
0.00555827494468897	0.852438701757157	76
0.010266461049792	0.649226414169943	287
-0.087343192023321	0.554675229411965	159
-0.092143967845528	0.580211321851044	12
-0.099075263281564	0.481321189862511	12
0.0810696034421859	0.735797130157391	12
0.00855105129730105	0.835397372099763	12
0.101211598690245	0.8846440946563	698
-0.121245312057799	1.07191802106219	36
0.025853436167825	0.580645052165654	332
0.10077363870935	1.42851414733554	44
-0.094464243147784	1.69198196957465	22
0.105748120772996	0.765846801038677	22
0.102208919173961	0.767469097746272	22
0.00362821201446695	0.929713777047901	849
-0.079158368563826	0.738208524606839	121
0.111600427843977	0.547940275484698	138
0.111112427711537	0.5330497626314	138
0.106164448046751	0.165404098536463	33
0.0971586532461311	0.604080558242875	33
0.02381724229469	0.979832022706191	33
0.11797840925907	0.522524107076941	33
0.118789400655214	0.520190097579015	33
0.090538909604218	0.320746241360901	33
-0.093321795888802	0.477961896790263	46
-0.0464510100344741	0.917331517124885	683
0.01110161836265	0.724963333610463	129
-0.079344104937279	0.641365910178334	1987
-0.0584072827436321	0.902714333099214	95
0.102239047984676	1.07928962761389	95
0.0128851242938201	0.663419840275913	24
-0.088196758279972	0.659569691422808	24
-0.10648771306821	1.09289523784288	6
0.106164448046751	0.165404098536463	6
-0.025296181797956	1.14061678197323	110
0.0851794219008291	0.329063767489621	6
0.028929561032529	0.56212229282397	76
0.093445716275409	0.613457146675652	76
0.088157130913934	0.646210925857298	159
0.018847169323685	0.803385224906776	12
0.021684033924336	0.588182288984546	12
0.018169048079397	0.675648812782463	12
0.027004632010081	0.566986801375407	12
-0.046863363447341	0.976284734581575	698
0.059839530665823	0.809347045805031	698
0.050745155133672	0.881807076357978	124
0.021140632451579	0.658963893661263	3
0.00699476555531897	0.829100532852882	3
0.019190955736223	0.747074174991458	22
0.036522599353643	1.07237981995193	22
0.073976531421916	0.760841748985695	22
-0.063321324947792	0.961638367952254	22
-0.101124042963441	0.482598555082662	22
0.018376328571669	0.644966525733475	50
-0.084862422706216	0.636543986278477	50
0.097231759731094	0.604191631956529	584
-0.063961288221503	0.827422202989588	584
0.056913022296066	0.832279435628316	261
-0.074711493461648	0.746088825868962	33
0.071752863164557	0.713126197169483	33
0.0821562226199371	0.873638818891801	33
0.010394400930543	0.909185449626909	33
0.078557254967236	0.720861937966661	33
-0.117610097753711	0.977338103993264	33
0.0106291657106909	0.798974116923232	33
0.078475047873549	0.680639141705281	129
-0.086520097545764	0.380271526006396	129
-0.00300030884445501	0.868654047345602	129
-0.110018120070734	1.02857244377191	24
0.014006380985304	0.780226687493524	24
0.103305263129155	0.160883900344644	110
0.020161264783902	0.700996726449704	287
0.0940936724454851	0.601354890253384	12
-0.075850540458747	0.743365692104538	12
0.051259865067587	0.429741057586675	12
-0.08802490798162	0.565980208154972	12
0.013954732219566	0.673364739449435	12
0.10464977523072	0.530352985620675	12
0.098963196300106	0.765636336821146	12
0.103305263129155	0.160883900344644	12
0.117641664426657	0.533716156795398	12
-0.092092482588292	0.489468029711859	698
0.093452139072701	0.608441247574714	698
-0.112449023527068	1.02052137473432	3
-0.036599013509615	0.27239059075928	332
0.061338823630572	0.827312001965793	22
0.022966577677074	0.633795513819531	22
0.11116065894082	0.158048670727366	121
0.023040487486728	0.608785944515348	50
0.017639043136134	0.668541880935555	118
-0.021618113720386	0.264551920423018	584
-0.086179690372399	0.667102798026189	584
0.09134437103084	0.605376210463574	584
0.092439729802532	0.590646708993954	261
0.10790623777412	0.567184887488366	119
-0.092334741942421	0.4050383296159	33
-0.026113129457213	0.277995185358117	33
0.072682950884739	0.707138294340722	33
-0.050930444021782	1.04019285217391	683
-0.061150661849837	0.764721892088536	129
-0.056869701644542	0.88666946496799	129
0.10951204064891	0.161545516971529	129
0.124571997132056	0.656499535436228	95
-0.049647697064676	0.880821436475418	93
-0.046397479952669	0.26656522104513	24
-0.096074381783689	0.555747182573092	24
-0.060271687882167	0.790743330227513	281
0.090362850864072	0.641621891368969	6
0.086967459642302	0.624708632620173	6
-0.034202740798625	0.279747187181853	1096
0.107856345195114	0.541395182309757	159
0.114028392004046	0.51122962774846	287
0.092619164199045	0.613282741213088	12
-0.083506485138752	0.729737848127093	12
-0.027305164050353	0.288218637766352	12
-0.0932150880932	0.487665443954624	12
0.0478802961868911	0.437591265638596	36
0.0322170916625391	0.530440660688846	36
0.111470399189208	1.33858758778886	44
0.097285452636066	0.590611890894345	22
0.00874553778190201	0.829577906124817	22
-0.090057227749837	0.653147876144326	22
0.085617372944552	0.643424288172744	849
0.11404886561323	0.526519170398981	50
0.035643648725578	0.502709041150145	50
0.022803123315884	0.612776693896104	50
0.111972812520607	0.482518566726492	584
0.012568972521434	0.770068005656577	584
0.00669980888295496	0.714029452904532	584
0.01391506592016	0.74240002890025	584
-0.053302851328935	0.81903044206189	261
-0.0679013854445441	0.799797175346216	261
-0.091200311363511	0.402638585776929	138
0.113501010601743	0.544284726878308	119
0.017673850113531	0.724159286570585	119
0.015218600468118	0.725661696193369	389
0.087982547500158	0.584431320997121	389
0.027619294780006	0.590123996973326	33
0.027048898739311	0.522578192532762	33
-0.084505143153349	0.395488792215213	33
0.069837975960348	0.744947923527463	683
0.07419762185225	0.341654203452474	1076
-0.051681385048249	1.08037360127174	95
0.029938339402817	0.52984740857247	95
0.047126669776299	0.433166690823362	24
-0.084490807990792	0.729131521594469	6
0.0210411169861831	0.597396059548554	6
0.0514215109294181	0.434287533678623	110
0.106164448046751	0.165404098536463	6
0.106164448046751	0.165404098536463	1096
0.051820294284597	0.428565066478455	76
-0.078238195755072	0.725167623659532	159
0.085268353268713	0.624901337668213	159
0.020552872469033	0.571973645730943	12
-0.098413012183804	0.496604279873565	12
0.116513310836595	0.529706731737803	12
-0.047553769445795	0.261646080733688	12
-0.063648584523022	0.82277417874659	12
0.10984892239169	0.534448601056587	12
-0.083912818678465	0.66157272877345	698
0.055357037368547	0.417653337223047	698
0.089809657602819	0.587454734112591	3
0.036250127844027	0.519281579849581	3
0.117641664426657	0.533716156795398	36
0.010459737459488	2.4185781067058	44
0.092794401580507	0.914489575569605	44
0.09161174314123	0.649264628127294	22
0.08464964569705	0.662979493583636	22
-0.083929066094047	0.674466939312174	22
0.11500685099127	0.521669487196038	22
0.016024216927692	0.591413757141561	22
0.091600490936574	0.590193661189966	50
-0.088091093387679	0.634001137813213	50
-0.060916492043792	0.835169737406316	50
0.026822538132158	0.557783621669902	584
0.088508227727099	0.653141152749794	261
0.05051265991179	0.43158605309223	138
0.0480396116867861	0.441274347240567	138
0.07183507729631	0.333249208929427	33
0.012087574198182	0.711636003765917	33
0.012014348056177	0.654526070538713	33
0.039906557569104	0.519268213618748	33
0.078375964418123	0.351061903937463	33
-0.092334741942421	0.4050383296159	33
0.00550378557165698	0.710524608764213	683
-0.030257488020119	0.283070259872901	1076
0.030756888454355	0.586361953419556	281
-0.027305164050353	0.288218637766352	6
-0.066435438552208	0.83625358913789	76
0.090546446516806	0.652351738059021	159
-0.055529566042695	0.801278725006762	159
0.115665999337667	0.539829235303861	345
0.115514816184023	0.529372269635235	12
0.035621063033636	0.490757059414448	12
0.049191488791086	0.439087486554283	12
0.049874652600289	0.440372825127046	12
0.035871250331371	0.532040724192259	12
0.040795853996953	0.505794248009151	12
0.109457077624954	0.544419561416009	367
0.110225532488646	0.534786320182712	3
-0.028498399814911	0.281825881396972	36
-0.03508573060871	1.68438479277935	22
0.114606759787106	0.747547141834496	22
0.0567473331296901	0.856301889489544	22
0.0760220357275711	0.893509410419037	22
0.112842990624198	0.54468101171686	22
0.074804734837707	0.710435780923703	22
0.029687381134004	0.529960236802441	22
-0.097183620667161	0.497816109492811	22
0.082727994014257	0.706779762836695	2072
-0.081338445025812	0.741201260445324	50
-0.087112214144627	0.573099140688275	584
-0.092575454322084	0.402273555476324	261
0.017808233845548	0.707960022234163	138
-0.121446863480892	1.01464540293666	138
0.084467164076203	0.663203980383832	138
-0.113324665549138	1.05844698298455	119
0.10196263205565	0.162454516779564	33
0.013489682242973	0.805140585041797	33
0.041303570959802	0.502208673875437	33
-0.0290638964268311	0.289518739243686	33
-0.03302234654777	0.277624063329933	33
0.074673938795378	0.705399371445018	683
0.085958198028491	0.343415822144348	1076
0.115411517061949	0.51008190293998	129
-0.080355693724639	0.654420329563634	129
0.010564023981353	0.757924548517451	95
0.023126358833742	0.561026941542013	24
-0.088481800781369	0.388162706286969	24
0.018345357471157	0.58707476031057	639
-0.019863659011723	0.258437200920611	6
0.105862327314304	0.15938672368822	6
-0.0296249121207171	0.275479486957074	6
0.029291034120315	0.622691124928701	76
-0.0581381879382979	1.03737314340321	76
0.106970128424222	0.546483048923964	76
0.119021207490966	0.448307465459946	345
0.09890430680558	0.59387473352024	12
0.027048898739311	0.522578192532762	12
0.020585993380131	0.692514076774391	12
0.0356238908941871	0.534214610857863	12
0.081367982479536	0.337241794288085	12
0.107510621985722	0.163742963398487	12
0.022592981463667	0.662415903401089	12
0.016397463582902	0.669155028874524	3
0.054576258498977	0.786093423106459	11
0.10119117547811	0.600194969442666	367
0.092533267268923	0.644353246498477	22
0.084784880114085	1.10123886412052	22
0.01651794498499	0.689355456812836	22
0.113893241843443	0.525513194246422	22
0.00667636490546297	0.907813261129606	22
-0.09123584559749	0.590343597471047	22
-0.105398081099825	1.09358610933507	22
-0.00290554436300405	0.94054788455012	22
0.021222543114242	0.713845118703026	50
0.046281248475512	0.422170055402909	121
0.00194830244918698	0.829810686439773	50
-0.073591043595563	0.832051614058435	50
0.056212229734532	0.410061775698385	50
-0.095927659574537	0.501177120490552	118
-0.102022619941434	0.482319647439664	584
0.03929527744818	0.515310951920997	584
0.105305933457648	0.536833990158798	584
0.045504743530688	0.433204091148513	261
0.0239554270011449	0.698071970320825	138
0.053051610273438	0.426272647678871	33
0.053337684323571	0.4218994214841	33
-0.0813246252920889	0.734204602922626	33
0.106164448046751	0.165404098536463	33
-0.109442253210965	0.45586441978386	33
-0.069254791986574	0.800011830711844	33
-0.09226968254056	0.652518674875477	33
0.00655370626112906	0.734178980861454	33
0.103648287859847	0.158948670390298	33
0.052024603463767	0.801049271273645	683
-0.04527259149304	1.02421905548112	683
0.083304361369672	0.637747921426427	129
0.107809498428198	0.161710387629989	129
0.086098082899582	0.59236461572504	95
0.083738052688193	0.339546580912924	95
0.092804833305802	0.650798340985336	95
-0.056496822501789	0.840297129280655	95
0.088320766250277	0.339870988892736	281
0.0209454390923201	0.608344882002419	6
0.0973679200474839	0.574986855032627	607
0.017648629329217	0.599251248024476	607
0.0937862197687021	0.594739292862601	607
0.103305263129155	0.160883900344644	607
-0.088961232753567	0.395435769899567	6
0.10196263205565	0.162454516779564	6
0.107510621985722	0.163742963398487	6
0.107510621985722	0.163742963398487	6
0.106164448046751	0.165404098536463	6
0.107861246730386	0.157338749699546	76
0.078068858660823	0.663622869373307	76
0.113200234071005	0.54039637417275	76
0.083188901928142	0.690766187438965	76
0.010841499306304	0.694878703992442	76
0.0259391164385701	0.598427055079955	345
-0.081956978192586	0.679608958015001	345
0.04936286926266	0.414654083150579	12
-0.077509296134484	0.734396815343376	12
-0.08965421831957	0.581011872048297	12
-0.087803117365934	0.65930636783129	12
-0.083329132506371	0.640071761474334	12
0.106164448046751	0.165404098536463	12
0.02551530761552	0.586563868815551	11
0.014764107695308	0.775706441289981	11
0.037883517580026	0.518348187820312	367
-0.079365670314378	0.656587463042067	3
-0.03361160922026	0.290242048778392	86
0.079697736737358	1.16041914224804	22
0.028929009472481	0.986500835745042	22
0.095808752381628	0.587075134063452	22
0.079921351618596	0.701833848323754	22
0.07460726980023	0.708343170992482	22
-0.122005681422465	1.28586449092146	22
-0.058453095947969	1.06493279618671	22
-0.083568438128371	0.569338151517453	22
0.013748301567086	0.649965798999955	22
0.073269706156693	0.69738617969858	50
0.031102290503039	0.515139882397525	50
-0.085742278969281	0.634869049614597	50
0.015194628244049	0.675071480861196	118
0.092900291937824	0.318748102453236	584
0.091759347448264	0.668108620043411	584
0.010238320252035	0.780495151723652	138
0.122706126539778	0.513165377616816	138
-0.081662927795771	0.674868914640722	119
0.011229189105686	0.879404793665968	119
0.079327228417878	0.693846287761498	33
-0.031384221241339	0.281582131382678	33
-0.093573360069551	0.499309689871415	33
-0.072547796740049	0.7198961473887	683
-0.091200311363511	0.402638585776929	372
0.098693729569393	0.604419130829445	129
0.079925405761847	0.715400243898778	95
0.116853392446355	0.445219836573773	95
-0.056821349488795	1.09270499061373	95
-0.062582796604126	0.931687312144016	24
0.033613922808492	0.51936175636585	24
0.077198454607515	0.340317171556609	24
0.107333733315253	0.758793504803515	6
0.068324945212794	0.709393301351336	6
-0.038932819787563	0.947678387069552	6
-0.106797124821058	1.05024723322449	607
0.082409173138523	0.336370559598201	607
0.07620545079623	0.720121866583482	607
-0.03999003478929	0.281119023278196	607
0.072478838562858	0.751574392095243	607
0.027433639397991	0.51600341716358	6
-0.042920736725499	0.271530592863308	6
-0.056915065540565	0.840271241693525	76
0.094145487742523	0.599054993917211	76
0.025893961753506	0.642966697970848	76
0.015696436765708	0.69086389039916	76
0.02906778985354	0.51938929675101	76
-0.045880202498409	0.909456441905341	76
-0.068593839920126	0.750702408678884	345
0.022001540694801	0.589420460433322	345
-0.069323993039908	0.835604209848426	345
-0.073748409032828	0.702231747949869	12
0.028673470102265	0.526476519822815	12
0.103884574688127	0.585847084827671	12
0.041094635872582	0.41282434731441	12
-0.067072544166482	0.891793752169491	12
-0.086239798074228	0.465024892718965	11
-0.075617720038651	0.781989953488364	11
0.011634056155103	0.874631850976416	11
-0.0850394991135131	0.652566880131484	11
0.00624168589000496	0.845307558972342	3
0.0160623317719381	0.678818827882787	3
-0.060723258329706	0.837404454538988	86
0.011853280042094	0.669972214287115	86
-0.086409881832364	0.375360998930513	86
-0.029571700036317	2.28186868297871	22
0.099010172144813	1.17020951736745	22
-0.038171533977027	1.19891831269221	22
0.030998050135805	0.573383295922628	22
-0.08620964147874	0.558943464426333	22
0.094665696004527	0.611962300132158	22
-0.111490314405021	1.03408289293713	22
0.021064719822884	0.71231234302716	22
0.114768304395376	0.536736160143291	121
0.112376574162592	0.528187918604639	22
-0.091762671491335	0.582914352186128	50
-0.100553525556965	0.496408201415835	50
0.0492752614158381	0.438856864317094	584
-0.061585298645738	0.869587936675205	261
-0.060201344331957	0.899633817854799	261
0.00772389960044695	0.854737107589591	261
0.031076048276376	0.497545771827093	261
-0.00609837077110298	0.877141661812717	261
-0.072064227824203	0.809184721176218	138
0.078375964418123	0.351061903937463	138
0.013811733209549	0.775882173608029	138
-0.053742749862895	0.72970193832684	33
0.083208825109351	0.584161795527235	33
0.115772496322444	0.535266272773233	33
0.018382575466239	0.603043606505455	33
0.0817774803528381	0.350872754794278	33
0.082589937403295	0.66771910007955	33
0.105684950522816	0.53999548773769	33
-0.066868133244108	0.821444138413945	33
0.0985169799280881	0.57682863632788	33
0.0375180936020481	0.513004578210189	33
-0.024356419677278	0.271119210821833	33
0.07837852886124	0.349301728169769	33
0.01658552621497	0.749140323824067	683
0.050946881355207	0.437683669222143	129
-0.083966431858384	0.638666551118531	129
-0.043152783004906	0.820171864019644	95
0.0291968189256751	0.946045993657659	95
0.085960073677095	0.334175047751862	95
0.02731818438109	0.509567522789123	792
0.106950961047722	0.538595269175937	24
0.018734712528351	0.793079039423195	24
0.021522925999896	0.613415732419128	6
-0.050110120277725	0.8577949920229	6
0.0157312942315661	0.644798114322122	607
0.091163333225494	0.576835087356031	6
0.107809498428198	0.161710387629989	6
0.120738893038754	0.70439478404444	76
-0.00566561083867201	0.883684097988466	76
0.059025951307098	0.744713327869721	76
0.051902878910444	0.424469890005899	76
-0.084572167651023	0.383539804925197	345
0.032745449144562	0.502948333990481	345
-0.101785424546373	0.495221712671451	12
-0.063615067460544	0.866421882341339	12
-0.096823931138629	0.487559297034387	12
-0.094693845361034	0.498821914926817	12
0.098975810445154	0.579270578621641	3
0.033843722494259	0.525518303868242	367
0.01713476108359	0.623319361355429	367
-0.104492577468905	0.487238343456748	3
0.101818483948707	0.541019696188169	3
-0.09514122156988	0.460941538066127	86
0.0899990038979041	0.816814267806499	22
-0.105544186716101	1.17939821847648	22
0.03871215922214	0.404435874955262	442
0.098249245708425	0.609582824684183	50
0.045175918049808	0.430622597060239	50
-0.031849403214983	0.283680842236295	50
0.00845379138053604	0.827795806065722	261
-0.06573093828376	0.863502628152092	261
0.0807410588416601	0.345996909135544	138
0.011608194293905	0.643295812236461	33
0.034872123715719	0.514096954668208	33
0.115415921619312	0.700651873774306	33
-0.119980060914805	1.01592627252184	33
0.0785530223348701	0.696939051987213	33
-0.079252368635165	0.656361788423723	33
-0.058401228749678	0.870997918006394	33
-0.05880406912724	0.829950113168695	33
-0.07998607247038	0.671093875902632	372
0.101459250922447	0.536676422013713	129
-0.085675263545541	0.562817004517766	129
0.109464843462255	0.550098901700258	129
-0.064003150367424	0.927675521330614	129
0.029975799815659	0.581414219813029	129
0.078375964418123	0.351061903937463	792
0.080597760199745	0.349442485636027	792
0.0133769036620141	0.697065948537984	24
0.00947016453252703	0.891806966783041	607
-0.056115293862563	0.832451564309063	607
0.101576508852515	0.603238820825407	6
-0.087479664423662	0.6575926763354	6
0.038258085384465	0.496656150413738	6
-0.030257488020119	0.283070259872901	76
0.120945377984639	0.456106703599156	76
0.045598801064536	0.490471512387519	345
0.06884171512049	0.327256404683096	425
0.0813755258034951	0.343112526455049	12
0.10915674864297	0.160134884536478	12
0.023040487486728	0.608785944515348	12
0.00946611935814801	0.703452736626298	11
0.082911914375657	0.6209991744939	11
-0.082231514401366	0.731616670325912	11
0.012882751693068	0.826411963542203	11
0.075379849923139	0.338140341774038	367
-0.0814231042786711	0.370870563626919	3
0.114710559936331	1.50371640853478	22
0.120352291693283	0.83287116719093	22
0.00767437760792	0.880001424671039	22
-0.00634044910917397	1.26327490940919	22
0.091666976917907	1.06311642257405	22
-0.055750571713169	0.898477832317171	22
0.018174132823813	0.672208963718269	442
-0.095596100120376	0.488689738634486	22
0.124124419714779	0.829427193736552	22
0.020472384586438	0.63202794935613	50
0.0560407202996041	0.425478207530167	118
0.038787668279166	0.495963294239955	118
0.0554794535201431	0.419632357290973	261
0.022333812522343	0.655014598835695	138
-0.011701908451478	0.992128601163158	33
0.037883517580026	0.518348187820312	33
0.102677148655097	0.849445111674369	33
-0.087696982876059	0.590879363120038	257
-0.084233626117809	0.656269337768832	33
0.0261821388283821	0.609491192309603	33
-0.06315172347809	0.872223338626077	33
0.01312699738231	0.848741943235669	33
0.084854015115707	0.721316013279472	33
-0.0905069745520301	0.565298507409707	372
0.031597285024098	0.510020110387535	129
0.097028259713115	0.608187995447358	129
0.016397463582902	0.669155028874524	129
-0.06422417786672	0.843087825916244	95
0.104462453045405	0.594054432608125	95
-0.080971377559507	0.677130294690428	95
0.11116065894082	0.158048670727366	93
-0.093573360069551	0.499309689871415	93
0.091719547986219	0.325311339037738	24
-0.088496724086585	0.664096102467929	24
0.116656519009128	0.52567502433054	24
-0.067363545642498	1.27349082760665	24
-0.081616504283865	0.638703781330481	607
0.018638081175798	0.733434517161648	6
-0.082608395233027	0.642047334061497	12
-0.102069401236947	1.25384269222591	11
-0.0238552816570889	0.278682303607486	367
-0.097183620667161	0.497816109492811	68
0.054124561689372	0.424429008575087	3
-0.073431301317803	0.790720147201398	3
-0.11658353640836	1.34572549592897	86
-0.090353816993421	0.646683698029579	22
0.107809498428198	0.161710387629989	442
0.016701780042269	0.72259138914717	22
-0.023289722935519	0.272605726623559	22
-0.103127256402191	1.07447257768851	22
-0.038826702393558	0.271830233885494	258
-0.027305164050353	0.288218637766352	50
0.107809498428198	0.161710387629989	50
0.105307501552363	0.158795616333555	50
-0.021618113720386	0.264551920423018	118
0.10915674864297	0.160134884536478	118
-0.023289722935519	0.272605726623559	118
0.030967641075148	0.514630560109148	118
-0.092334741942421	0.4050383296159	118
-0.091445594550108	0.477119445872041	118
-0.087338436775698	0.398613371787137	261
-0.094916411264018	0.486726631622604	261
-0.035375350384672	0.289931372759217	354
-0.0290638964268311	0.289518739243686	138
-0.036549561776265	0.283542077282334	119
-0.03021271116587	0.280673504110943	119
-0.027305164050353	0.288218637766352	169
-0.020664620329084	1.24654800527134	169
-0.094916411264018	0.486726631622604	33
0.103305263129155	0.160883900344644	33
-0.058560783374037	1.08286935502097	33
-0.050742080331935	0.970873807589764	33
0.106164448046751	0.165404098536463	33
-0.025304326312941	1.26821092725815	129
-0.088956257353028	0.474294295792738	129
-0.107196545917053	0.47155137540147	129
-0.0585264239269681	0.989197618628575	129
0.107809498428198	0.161710387629989	24
-0.093471480091589	0.394228667375329	24
0.076644098663986	0.960011754189095	24
-0.093471480091589	0.394228667375329	221
-0.093685550035885	0.498806157621643	607
0.102777232081336	0.862043318343328	6
0.0807410588416601	0.345996909135544	76
0.106164448046751	0.165404098536463	76
0.107809498428198	0.161710387629989	425
0.107809498428198	0.161710387629989	433
0.107809498428198	0.161710387629989	12
-0.091669762586536	0.461953673326999	12
-0.059452967195663	1.36797423432317	11
0.0182942265471711	0.661928253501275	11
0.10706538880195	0.69191871849034	11
-0.022097966094615	0.271730814651636	3
0.106164448046751	0.165404098536463	68
0.026053766953853	0.510147473161497	3
-0.088358854192034	0.582882972896632	3
-0.095814868427433	0.495060739536507	86
0.100307038068989	0.162601931105921	22
0.10915674864297	0.160134884536478	22
0.087539962504778	0.659835001842817	50
0.0760102081340131	0.348995028114255	50
-0.030257488020119	0.283070259872901	272
0.10915674864297	0.160134884536478	123
-0.085631228810235	0.387312444851754	123
0.10196263205565	0.162454516779564	261
0.107510621985722	0.163742963398487	138
0.107510621985722	0.163742963398487	138
-0.025614146902992	0.279913059585337	138
0.10951204064891	0.161545516971529	138
-0.102783514135622	0.552300907824749	138
-0.088695216783827	0.385517102399586	119
0.10196263205565	0.162454516779564	683
-0.028498399814911	0.281825881396972	683
0.048299020590398	0.891778721699172	129
0.054211215161711	0.430005510377059	95
-0.041155007952577	0.275319188525736	93
-0.099051155256137	0.364725619073557	93
0.095257416418487	0.825941681591407	24
-0.027305164050353	0.288218637766352	24
-0.087023792562377	0.386360899818957	24
-0.093795329508769	0.480283135153521	221
0.107809498428198	0.161710387629989	345
0.101648578584425	0.16103383582639	425
0.107510621985722	0.163742963398487	425
0.0504342964201791	0.897411095966361	12
0.107510621985722	0.163742963398487	11
0.021222543114242	0.713845118703026	11
-0.03302234654777	0.277624063329933	11
0.104517232406286	0.160931846851905	3
-0.093470730965337	0.380047075522107	68
0.106164448046751	0.165404098536463	3
0.107510621985722	0.163742963398487	3
-0.088619973226661	0.482593946487914	22
-0.089848901357442	0.484821867399944	248
-0.019086584934226	1.16919075404681	22
0.10196263205565	0.162454516779564	118
-0.096863869167038	0.538491805015445	261
-0.092575454322084	0.402273555476324	119
-0.087607490517868	0.463035230157069	33
0.011773341874916	0.730196007400336	33
-0.068908792036426	0.836401849108071	33
0.0712835446522781	1.01911472886212	33
0.107510621985722	0.163742963398487	33
0.10915674864297	0.160134884536478	683
0.053337684323571	0.4218994214841	683
0.076561664968686	0.327436138457951	683
0.021720906924004	0.588885090939176	683
0.050946881355207	0.437683669222143	648
-0.028498399814911	0.281825881396972	93
0.048425859488082	0.422550808443156	93
0.108454257386489	0.982320019916607	24
0.048145469707244	0.405774820059691	24
-0.095799705160617	0.469975039455688	24
-0.0894518118351591	0.564542375477639	607
0.013771076514447	0.748356471674421	6
0.02304814694918	1.00586553076831	6
0.086846013126867	0.688292589685544	76
0.052412176253763	0.444083300773306	76
0.076007676615393	1.05661801990788	76
0.107809498428198	0.161710387629989	76
0.103305263129155	0.160883900344644	12
-0.103671165956371	1.34968058275442	12
-0.037461035525976	1.13649431585399	11
0.11140712441782	0.539477337578421	11
0.11116065894082	0.158048670727366	68
0.115651631768804	0.537174815039351	3
-0.085631228810235	0.387312444851754	272
-0.03361160922026	0.290242048778392	258
0.107809498428198	0.161710387629989	272
0.081370723474774	0.343548368482443	118
-0.092334741942421	0.4050383296159	123
-0.086759507745454	0.397485880203821	123
0.019631024939568	1.19998736730091	118
0.097413232773498	0.155611636332248	138
-0.038826702393558	0.271830233885494	138
0.105307501552363	0.158795616333555	119
0.0183347675656	0.766920466984154	119
-0.0341116147085671	1.16821969539566	169
0.00817420686026904	1.06291797224154	33
-0.110420596136426	1.16873800770127	33
-0.0537579959851871	0.943328328319461	24
-0.064990026921789	1.20263158369026	24
-0.078540900874467	0.721181371507309	607
0.118253271834916	0.883686189704952	607
0.072157421434655	0.764602513635504	6
-0.114583959014174	1.07631297013419	6
0.081204842943241	1.0401597177423	76
-0.032586380851361	0.279686224243847	425
0.106164448046751	0.165404098536463	425
-0.069647468646095	0.798036930879804	12
-0.051452857497128	1.37763179627172	12
0.064387148996909	0.941898374697793	12
-0.094472085042818	0.487812374671431	11
-0.091200311363511	0.402638585776929	11
0.058964900955531	1.09293500086043	11
-0.051641374441497	0.951781359754697	11
-0.095927659574537	0.501177120490552	11
-0.05457833537205	0.887484398198514	3
0.0378972323837	0.527515181571191	3
0.107809498428198	0.161710387629989	68
0.052576415243053	0.445999250788884	68
-0.03302234654777	0.277624063329933	68
-0.0238552816570889	0.278682303607486	86
-0.076346027792915	0.842047418886275	86
0.095586156611968	1.17814554909752	22
-0.100468012865418	1.5335994732425	22
0.06800291445458	0.947805953865057	22
-0.074801511688092	1.25008386334119	22
0.017786925175318	0.797986392678427	22
0.051901209880813	1.01266557031425	22
-0.00670938668038401	0.990131738085242	272
0.01061214787797	0.668328195316033	272
-0.032563908899697	0.892937290514563	272
-0.00557006651650505	0.991470112449529	22
0.07833148555616	0.892990427242359	272
0.052893825613945	0.426706184932648	272
0.066531277867497	0.763603243111383	272
0.069839466539977	0.702717553854379	272
-0.062000883456064	0.999860795908594	272
0.077785484231007	0.702071493662985	272
-0.079269963513814	0.728240220225483	272
0.084155413902638	0.627051888286473	1477
0.103331316523828	0.588965475939814	123
-0.0697111487450091	0.85955891169246	123
-0.052316536929922	0.888718942133392	123
0.075899805776499	0.749835109892246	118
0.124693206239388	0.79450775688536	118
0.00556021826892406	0.811379227882264	261
0.088315330732143	0.654503431753134	261
0.00850066280830097	0.866421333677843	261
-0.00467997495428296	0.944307581943811	261
-0.084233626117809	0.656269337768832	119
0.00259705738106297	0.768702485451836	48
0.00322931880798105	0.708256091581836	48
-0.057211281510382	0.897618168956867	48
0.095326864251622	0.616203700456011	33
0.049519052410498	0.743577919609735	33
0.0760102081340131	0.348995028114255	95
-0.067438408881509	0.787858420406629	95
0.060010822196498	0.790098563088933	95
-0.046080178229183	0.868043883339219	95
-0.0581122785603	0.840846740509403	1120
0.025742464143421	0.627103465813193	24
0.043026431476706	0.432929379033619	6
0.00702470470535599	0.927771969355537	6
0.056186978265931	0.841040001406697	607
0.08045976604869	0.868314284708247	607
0.013221381804157	0.825713532923545	76
-0.086906662889594	0.607804505262467	76
0.025179564495986	0.583962221222466	76
-0.044632608657557	0.265884086965617	425
-0.097183620667161	0.497816109492811	606
0.05133919781045	0.445061025601122	433
-0.091377820945427	0.56261457502189	11
-0.09828289820476	0.485479105771662	11
-0.069135192873508	0.870056637431639	11
0.053111110038501	1.01267303427995	11
-0.060651765063429	0.908979558246461	11
0.02026421866885	0.683065733341121	11
0.109702972815232	0.539983382319633	11
-0.070214202299154	0.765236953835733	11
-0.070748087602253	0.721671377995251	11
0.083012324194349	0.646475686529777	11
0.017800288794228	0.601789761631371	68
0.116755518605283	0.531120285241588	68
0.02580471835839	0.497512370694532	22
0.077198454607515	0.340317171556609	22
0.019412179218406	0.673925297144532	22
0.021874404994111	0.612082341814843	272
0.014991820112493	0.659815393526705	272
-0.094472085042818	0.487812374671431	272
0.063117361962779	0.393739529452807	272
-0.07051305914553	0.730098372712138	272
-0.104952984377468	0.468011366981546	1477
-0.098197339902642	0.493702688751564	123
-0.077357116035279	0.736371279233229	1237
0.036871423303882	0.51397071887465	119
-0.094065320716095	0.582324254842342	1107
-0.083528641407503	0.674268950006361	1107
-0.067064765054126	0.705752647710018	1107
-0.092664577151784	0.458303852393583	1107
0.107809498428198	0.161710387629989	33
-0.03999003478929	0.281119023278196	33
-0.03361160922026	0.290242048778392	33
0.0872393850943371	0.608455283585583	683
0.077193086515279	0.341333782837864	683
0.03321654338211	0.503926928826284	95
0.11134931098156	0.544809060639696	95
-0.103258240792997	0.488357023804313	95
-0.094441553388471	0.565243670175541	24
0.031960972853272	0.504523148456287	24
0.05364880643773	0.445017084113663	24
-0.088961232753567	0.395435769899567	24
0.083748602330157	0.336785336618551	221
-0.0705908069971261	0.743671187968192	607
-0.029731977797862	0.266310409786907	6
0.111400162443467	0.54186656419565	6
-0.091076558084322	0.473553701649961	6
0.078375964418123	0.351061903937463	6
0.051534952324286	0.407835700387199	76
0.053322669467202	0.422389425183668	76
-0.0884714173728131	0.656826227167502	76
-0.106074497116806	0.47182252399343	425
-0.026113129457213	0.277995185358117	11
-0.096281833625139	0.487899338670401	11
-0.030678061578298	0.273985197030131	11
0.0583543403115761	0.414969245647924	11
-0.08902072126101	0.670615210191596	68
0.020983262933809	0.499692400588104	68
0.010480665149059	0.70573725501707	22
0.0256467418672141	0.519471576798168	22
-0.090750975546631	0.470820179032822	272
-0.092088098260529	0.574481536738329	272
-0.027871506351588	0.279214794580025	272
0.077192787303726	0.349643710125301	272
-0.100974069726574	0.374421062777682	272
-0.0869978194394611	0.390491655347723	123
-0.0296249121207171	0.275479486957074	123
-0.089079507740487	0.564131238610539	123
-0.102135700253881	0.490536939937404	123
0.084775611562266	0.343243772355024	118
-0.087696982876059	0.590879363120038	1237
-0.092788552662024	0.637649482619489	1237
0.043940570543864	0.419039788130146	1237
-0.03302234654777	0.277624063329933	1237
-0.027305164050353	0.288218637766352	138
0.106164448046751	0.165404098536463	138
-0.08812796538128	0.400855897121907	138
-0.02680154360055	0.280831111550184	652
-0.027974704162552	0.266474776205257	119
0.076010270323835	0.33230514958134	119
-0.091983669996354	0.485424311054072	48
0.106164448046751	0.165404098536463	2215
-0.038315478997227	0.277559801246387	2215
-0.085880901101783	0.393674320425682	1107
0.10951204064891	0.161545516971529	1107
-0.090958039933235	0.401616990682173	1107
-0.096823931138629	0.487559297034387	1107
0.105862327314304	0.15938672368822	33
-0.098531201618084	0.555721813228995	683
0.115665999337667	0.539829235303861	683
-0.093321795888802	0.477961896790263	24
0.036491557761536	0.506192563377593	221
0.107809498428198	0.161710387629989	6
0.107809498428198	0.161710387629989	6
0.029938339402817	0.52984740857247	76
0.084137336743606	0.348106420424358	76
-0.094850348326904	0.393910118844487	76
0.106164448046751	0.165404098536463	11
-0.029631553521776	0.277137412790688	11
-0.084814174679665	0.576435308148475	11
-0.093950895767233	0.398289602449969	11
-0.03361160922026	0.290242048778392	11
-0.099536604698225	0.499414147590173	11
-0.094693845361034	0.498821914926817	68
0.028692936082209	0.520803289989374	68
0.081370723474774	0.343548368482443	68
-0.092434125651738	0.555182665702929	68
-0.095066606336335	1.45501141320015	22
-0.112620389129666	1.08479220264526	22
0.124179555886383	0.806387803347879	272
0.079708032933381	0.891767909622888	272
0.0415492228244631	0.502728462007303	272
-0.087502403278298	0.595062898012118	272
-0.00433600327887396	0.687420286975253	272
0.0847209369822241	0.666886993915489	272
0.088857634839101	0.696881910245149	123
-0.079081483412042	0.695086367504657	1237
0.080188339783504	0.342946319484157	1237
0.113374206331011	0.532733936155915	138
0.010404685637203	0.661142644362934	138
-0.108816561231288	1.04995253537805	48
-0.033145057126805	0.281327417977169	2215
-0.105161997987592	1.07983039550092	1107
-0.059994037572338	0.799159330232227	1107
-0.047657138580918	0.966588106809839	1107
-0.03021271116587	0.280673504110943	33
-0.062455295624351	0.803547938805469	33
-0.0753315123367741	0.731350458924468	683
0.015772663562402	0.814252526309524	683
0.103800309513425	0.711273486392138	1
-0.0250448016068791	0.279597056391279	95
0.048201258639564	0.437306160972824	95
0.03850797485067	0.488214202214446	95
0.00711725206235203	0.719519535685941	95
0.061982700790238	0.810555035961349	95
0.060096858698344	0.799887075665722	24
-0.088750586825898	0.593526190533136	221
0.068846247164177	0.321160694842034	221
-0.111619617246242	1.0446118148051	221
0.014422926417734	0.725016627091215	221
-0.11294024360417	0.951712761096033	221
0.059376720396725	0.924863588100079	221
0.069039871034974	0.743465217054656	221
0.044822008283546	0.861896041636616	221
0.019348541045385	0.827878716027733	221
-0.091200311363511	0.402638585776929	6
-0.083600649089882	0.642684555738795	216
0.010524943091983	0.728671181980747	216
0.10196263205565	0.162454516779564	6
-0.0250448016068791	0.279597056391279	6
-0.027305164050353	0.288218637766352	6
0.107510621985722	0.163742963398487	6
0.00385343248246095	0.937204438883853	76
-0.050103405075544	0.88540125665289	76
-0.061078356133806	0.772087697484213	76
0.011712136889926	0.780561547883238	425
-0.12011918902935	1.0630811213085	76
0.038398744890247	0.503241968841568	76
0.03321654338211	0.503926928826284	76
-0.052961883969705	0.943919335084134	433
0.035365621091898	0.553621502739148	12
0.105307501552363	0.158795616333555	11
0.082727994014257	0.706779762836695	12
-0.113135675855286	1.08284654690574	11
-0.0806195098817431	0.380413963787504	11
0.00954067787385504	0.648705838612095	492
0.0448342014177831	0.49541059130547	11
0.027605906204948	0.568792940914324	289
-0.0607754748248151	0.73405175140748	549
-0.055700172469382	0.864594448574852	549
-0.084861690341855	0.715991644219999	68
0.091037598626813	0.663778712335745	68
0.045889844891598	0.435509812687141	68
-0.050606470463786	0.986834179986658	68
-0.068546321824959	0.773952182941135	68
-0.064513138098374	0.861716632781764	86
-0.105542528013331	1.22189666787382	86
0.092173506346268	0.613302784729916	22
0.10113043537508	0.5964653425378	22
0.115142166166972	0.538215707090134	22
0.108451117593185	0.53183670113254	272
0.106164448046751	0.165404098536463	272
0.045934463058852	0.426632841012634	272
0.08414107969897	0.338983767806613	22
0.05364880643773	0.445017084113663	272
-0.030257488020119	0.283070259872901	272
-0.087818740967984	0.381995661323755	272
-0.094850348326904	0.393910118844487	272
-0.0806779026300321	0.675755513254437	272
-0.09034365424693	0.390555046186727	272
-0.097631021663422	0.473492879419342	272
0.077198454607515	0.340317171556609	272
0.085315037967576	0.344146117314585	123
0.10951204064891	0.161545516971529	123
-0.0825592464799581	0.372213786571196	1237
-0.100900925216034	0.484420502086306	138
-0.097334373228215	0.392719303296688	138
-0.03361160922026	0.290242048778392	138
0.0264178196659119	0.518388218703008	138
-0.041155007952577	0.275319188525736	119
0.10915674864297	0.160134884536478	48
0.106164448046751	0.165404098536463	48
0.050746175267139	0.42830208453976	1107
-0.086643942836685	0.584594755953116	1
0.10196263205565	0.162454516779564	1
0.107809498428198	0.161710387629989	1107
-0.030257488020119	0.283070259872901	1107
-0.099429680362001	0.500158864699493	683
-0.025548100671114	0.280697934253108	1
0.083347081841181	0.319210712991151	1
0.107510621985722	0.163742963398487	95
0.107510621985722	0.163742963398487	95
-0.08640944894639	0.568235791014322	95
-0.099757767828317	0.48933768714315	95
0.081137672916988	0.330986961075545	1120
-0.026113129457213	0.277995185358117	221
-0.099536604698225	0.499414147590173	216
0.10915674864297	0.160134884536478	76
-0.089459762993873	0.573425291405106	76
0.085960073677095	0.334175047751862	76
0.10915674864297	0.160134884536478	76
-0.0967206629501	0.486910129554311	76
-0.087385139643678	0.363449025232143	76
-0.087156590265736	0.549632851908405	11
0.10951204064891	0.161545516971529	11
0.0492752614158381	0.438856864317094	86
0.052412176253763	0.444083300773306	86
-0.086759507745454	0.397485880203821	68
0.10196263205565	0.162454516779564	307
0.107510621985722	0.163742963398487	86
-0.065961938666335	0.977898835485334	272
0.012380090462738	0.788240201204022	272
0.032580755745762	0.528454248383849	22
0.077192787303726	0.349643710125301	272
0.049392405012828	0.413696934488791	272
0.081370723474774	0.343548368482443	272
-0.073005720675592	0.766019277970866	272
-0.103679057864726	0.367940854730106	272
-0.092575454322084	0.402273555476324	123
-0.091435021191937	0.587689707774649	123
0.052092802634143	0.423768802276044	123
0.05316457142104	0.423988784764143	123
0.110098578930635	0.514405027886252	123
0.084775611562266	0.343243772355024	118
-0.094929601102432	0.560904799419494	118
0.026293344197469	0.518276787329388	1237
0.110736361740825	0.530481306973027	138
0.07900608181848	0.334376389131861	138
0.034234379371395	0.506473736630774	138
0.030566400918612	0.521944079590792	138
-0.096744577103315	0.579869482098321	48
-0.064586148219439	0.792319750902349	48
0.034857679718468	0.530157462454675	1107
0.030566400918612	0.521944079590792	683
-0.087163187036111	0.656807362059946	683
-0.065239717756246	0.775378769869296	683
0.104517232406286	0.160931846851905	827
-0.087579130636111	0.397265079151081	827
-0.085955138901743	0.394298626687848	827
0.106632490543899	0.529701182088527	95
0.032976476844877	0.531367578336222	1120
0.014438835493311	0.593616647100668	24
0.090538909604218	0.320746241360901	221
0.045197162785611	0.491142141720282	221
0.0202811260095001	0.673334330271968	221
-0.044185166797175	0.980288567325181	221
0.096584212958907	0.603607213237518	216
-0.0393908143652389	0.270997682167033	216
-0.099779768122242	0.483047464105632	6
-0.03021271116587	0.280673504110943	6
0.100307038068989	0.162601931105921	6
0.023526179806316	0.577258356843951	76
0.015691202742078	0.677850993299223	76
0.018311806725206	0.632814774243533	76
0.01445322037274	0.669235327469543	76
0.050946881355207	0.437683669222143	76
0.0478802961868911	0.437591265638596	76
0.068839327355924	0.321395836757378	12
0.045175918049808	0.430622597060239	448
0.107510621985722	0.163742963398487	12
0.106164448046751	0.165404098536463	12
-0.118079053671267	1.04059452542044	11
-0.066370407924784	0.757358028740028	11
-0.097994646053383	0.575980707231271	11
0.032842441694002	0.518363036886306	549
0.080188339783504	0.342946319484157	86
-0.088041127460437	0.568515481148328	68
-0.0987046237220009	0.390441887103387	86
-0.092525836974395	0.566898638911214	86
0.121457517106898	1.57936108974055	22
-0.093821085799733	1.8230366505418	22
-0.059717375757025	1.43887478444428	22
0.0780065738425551	0.718233898458141	22
0.084527125324692	0.713581021763971	22
0.019355157176988	0.756107063026132	272
0.062974858624578	0.748243476207261	272
0.081858724603236	0.698769454345654	272
-0.120386927293499	1.01532729911576	272
0.030865270750787	0.934115215710802	272
0.051020454868091	0.420865566860146	272
0.121347827877949	0.463516971203415	272
-0.079647682965781	0.824198389932964	272
0.0164677400796041	0.817782484084167	272
0.00465386349242503	0.726038778176529	272
0.019166451125085	0.591019680117371	272
-0.070000926837661	0.71358087581778	272
-0.074433319766855	0.728583585426202	123
0.00614911543365904	0.727918880937622	123
-0.080802573305201	0.723083141636725	123
0.036508892942844	0.512580458006546	123
-0.064037684044988	0.847414278211133	1237
0.09890430680558	0.59387473352024	138
-0.084213563016486	0.67615620656773	138
0.014122605415448	0.661896783337973	138
0.00344408102747396	0.712752160136987	138
-0.075376278040575	0.821729172115063	48
0.078866823368555	0.703246748359923	48
-0.088212321712895	0.568272834428163	48
0.107327485030043	0.549899406099849	1107
0.10837677326627	0.747383178036017	1107
-0.026113129457213	0.277995185358117	33
0.0759551666800941	0.645723997828315	683
0.10999753248011	0.527209980833888	683
0.0884983053984571	0.693516351847234	683
-0.095964405254967	0.390833786284669	683
0.01978231846548	0.66791874366232	827
-0.06679737506683	0.823486772481543	1
-0.085391334997082	0.38727347745158	95
-0.0290638964268311	0.289518739243686	95
-0.107986402389512	1.04692168123694	95
0.069707221863768	0.772300664051192	95
-0.090708161931158	0.583553802471438	95
0.07258130371821	0.735963814428105	95
-0.094472085042818	0.487812374671431	24
-0.109543259267868	1.1799204313426	221
0.0153607143872611	0.655904914274218	216
-0.091441478589564	0.38835008681796	216
0.073303966992379	0.75411228825069	76
-0.054689357645956	0.897033001800684	76
0.107078019099943	0.528097026077703	76
0.02912269437004	0.599322823485009	76
-0.090900075779743	0.584236400457874	76
0.046281248475512	0.422170055402909	76
-0.103258240792997	0.488357023804313	76
0.087001436857813	0.320530989157258	12
0.121839713014427	0.465410785342908	12
0.10893229041754	0.538733156565398	12
0.069321083105414	0.735107349250654	12
0.00639856009173601	0.809032315726092	11
-0.094338237387506	0.483088210140382	511
0.122298231921393	0.713238736638892	289
0.042865529718338	0.421441783554597	549
0.010011668579521	0.757101509643753	549
0.013603298425756	0.725503441273031	68
0.01978231846548	0.66791874366232	68
0.025405209511307	0.645717168986015	68
0.020156273626225	0.641849226081735	68
-0.095596100120376	0.488689738634486	86
0.032083892204507	1.27048394689569	22
-0.095799705160617	0.469975039455688	272
0.060969176391604	0.37286717984868	272
0.069591850078402	1.23522844181114	272
-0.058224665321434	1.0948764088365	272
0.112096652395364	0.527709125830824	272
0.030305905321497	0.5763198662924	272
-0.026113129457213	0.277995185358117	123
0.075383810488756	0.324798203641372	123
0.0151528504321951	0.819732106842975	123
0.00791075083014003	0.782294858422997	123
0.00332705211442896	0.918957934732505	123
0.071325255988793	0.874481732090883	123
0.116779748342587	0.526268766676788	118
-0.08619734863027	0.396258215966489	138
-0.034785185175538	0.283807885980878	138
0.113200234071005	0.54039637417275	138
0.004749942743557	0.710310410461078	138
0.039656247131076	0.514749571384284	48
-0.073913830560249	0.714771314916465	48
0.084982059018254	0.836405450179856	48
-0.068035334222635	0.801328025323728	1107
-0.092453412168475	0.496464344097513	1107
0.017308084181436	0.726306832404247	1107
0.079315197701431	0.74287486814194	1
0.019284975272999	0.634269126889115	683
-0.00948770133633803	0.995497889633221	683
0.054556383766024	0.433195558085423	1
0.053892563330024	0.827881924579461	95
0.083473559669739	0.872673721944155	95
-0.105781853658701	1.01873511917361	24
0.012844829309438	0.86164082659854	24
-0.068507754961764	0.774112978554632	271
-0.065225980098797	0.826754372680314	221
0.121175415664286	0.708075205349712	221
-0.115636586032038	1.07223156023226	221
-0.061472123753065	0.769166371210401	221
0.081370723474774	0.343548368482443	76
-0.092001966615698	0.389149240961068	76
-0.0290638964268311	0.289518739243686	76
-0.088201405751499	0.654774704745862	76
-0.026740982487389	0.274741205559888	76
-0.027871506351588	0.279214794580025	76
0.107510621985722	0.163742963398487	76
0.100307038068989	0.162601931105921	12
0.015316746378165	0.672988059696349	448
-0.056897481304688	1.0406254880768	448
0.098249245708425	0.609582824684183	12
0.107885337814939	0.762831095053419	511
0.022227873133594	0.601989926276659	511
-0.047723668069199	0.910321225409414	511
0.079733342578372	0.670098577314605	511
0.013519684130464	0.780263098713586	549
0.110182443858456	0.547039489967452	549
0.059733619676015	0.421525267861444	68
-0.00673669136576105	0.939381471363578	68
0.084727878376512	0.908641115980064	68
0.082956788129497	0.349761826454807	68
-0.0290638964268311	0.289518739243686	272
-0.097334373228215	0.392719303296688	272
0.051049994559817	1.10669484137819	272
-0.031849403214983	0.283680842236295	123
0.073098544911984	1.21090308033332	123
0.079414927493771	0.341790826924632	123
0.107809498428198	0.161710387629989	123
0.107809498428198	0.161710387629989	123
-0.087499823707888	0.475386659745451	138
0.104517232406286	0.160931846851905	138
0.106164448046751	0.165404098536463	138
-0.028498399814911	0.281825881396972	138
0.115542970841871	1.01110338730874	48
-0.119652209189425	1.29423016647657	33
0.10915674864297	0.160134884536478	683
-0.099836591922402	0.380787783368779	683
-0.059693561720658	0.851323818466371	1
-0.041538440340356	1.32030001803226	95
0.0356238908941871	0.534214610857863	95
-0.02680154360055	0.280831111550184	24
0.076558506500873	0.338207938185996	24
-0.035537763135032	1.36910418856477	221
-0.05292743991407	1.10532562133114	221
-0.027315947604624	1.2705573831221	216
-0.066651516582808	0.706283752354668	216
-0.095703497201149	1.62816682748813	216
0.09051183623199	0.825254142971814	12
0.106164448046751	0.165404098536463	12
-0.030824300968471	0.287187108205516	12
-0.032439635017377	0.279989616539392	11
-0.044632608657557	0.265884086965617	511
-0.074711493461648	0.746088825868962	549
0.080188339783504	0.342946319484157	549
0.099413678294488	0.153713929928594	549
0.106164448046751	0.165404098536463	86
0.121143940609268	0.792655801976597	68
0.034551722328349	0.477059913763965	68
-0.025531735820041	1.53124027495868	22
-0.098050490770203	0.474266984529455	22
0.054887185660892	0.439557131736456	22
0.048954298404308	0.434002331716325	22
0.087140362661384	0.341470240944622	272
0.058071031802396	1.36551424783353	272
0.054408857687047	0.4221137470566	123
-0.0899153788850921	0.365573236306088	1237
0.052576415243053	0.445999250788884	118
-0.03361160922026	0.290242048778392	138
0.037917337871747	1.13685918377623	48
0.0795587215999281	0.349959468170089	48
0.094530401694505	0.58347005571069	1
-0.112532975641272	1.19210982790614	33
0.00521444911443103	1.20462541172356	33
-0.084680847998988	0.560258598983441	683
0.018504790147176	0.802090676211871	575
0.020650853554954	0.670000986455389	575
-0.05743179782708	0.857857895574028	95
-0.03999003478929	0.281119023278196	95
0.107510621985722	0.163742963398487	24
-0.031384221241339	0.281582131382678	24
0.02912269437004	0.599322823485009	221
-0.074084168554923	0.83156040767961	221
0.042114066565791	0.426094185806981	221
-0.112272664005588	1.28056989514269	221
0.095409585370513	1.16794161370668	216
0.017261236569603	0.668341524058424	216
0.092531889575138	0.815220102378831	216
-0.109248792664116	1.32681460659352	216
0.048954298404308	0.434002331716325	76
0.052930370622434	0.830794328496661	76
0.10915674864297	0.160134884536478	76
0.103648287859847	0.158948670390298	305
-0.035375350384672	0.289931372759217	76
-0.028498399814911	0.281825881396972	12
-0.037849132710461	1.45487345804963	12
-0.093199052897607	0.582734686905603	12
0.080739030887876	0.345639761631221	12
-0.031972908774607	0.280423726905321	12
-0.092786387940903	0.466913644514598	11
-0.077925783203543	0.615091820132426	511
0.00288975157990301	0.975974065591662	511
0.03588897067993	0.48687071109056	549
-0.090958039933235	0.401616990682173	549
0.020175807543265	0.592326527376962	549
-0.091200311363511	0.402638585776929	549
-0.0238552816570889	0.278682303607486	549
-0.0238552816570889	0.278682303607486	86
0.031827015564146	0.516656720843996	86
-0.086751409158081	0.52208199516453	22
-0.099320346802219	0.490082801765411	22
0.101576508852515	0.603238820825407	272
-0.09034365424693	0.390555046186727	272
-0.0250448016068791	0.279597056391279	123
-0.064712623476922	0.913683620929271	123
0.028692936082209	0.520803289989374	123
-0.099406142376769	0.478397735309468	118
-0.00339756324412999	0.991964210993359	118
0.00766636488934303	0.761929861113168	118
0.052893825613945	0.426706184932648	118
0.10915674864297	0.160134884536478	138
-0.028498399814911	0.281825881396972	138
-0.11800659458332	1.0063471180158	1
-0.099757767828317	0.48933768714315	683
-0.032439635017377	0.279989616539392	683
0.027599590649145	0.594853750831338	1626
0.03032441660139	0.524298749155028	575
0.00417261178131401	1.15038483227928	95
-0.017237142903013	1.24846477458708	221
-0.00119009019715699	1.13243198597047	221
0.054799620896374	0.427398492952843	221
0.015820594155566	0.884569855535293	221
-0.078510917853395	1.30435157960738	216
0.072122867906018	0.93665894419532	6
0.08156623577032	0.97424321042846	76
0.078586838923617	1.15148156878901	76
0.069020299588342	0.946080028319548	76
-0.023289722935519	0.272605726623559	76
0.107809498428198	0.161710387629989	76
0.105307501552363	0.158795616333555	76
-0.030257488020119	0.283070259872901	12
0.107510621985722	0.163742963398487	12
-0.093685550035885	0.498806157621643	12
0.022373291595411	0.657540575768587	511
0.050523357976938	0.854563598978688	511
-0.065629284719306	0.777677506120261	511
-0.092489062490735	0.588856210461066	549
0.10951204064891	0.161545516971529	549
-0.097949322383011	0.485799405561573	86
-0.096061405375846	0.491043828697371	86
0.114611651326491	0.980586052177167	86
0.051135095558504	1.10286237267787	272
0.058339768607053	0.418473010672293	272
0.099526161828677	0.598758851170797	123
0.018091560649576	0.757155616760054	123
0.100956105353834	0.846854776495109	123
-0.095799705160617	0.469975039455688	138
0.00994425346988304	0.762870468965433	48
0.059096900407468	0.771358989869043	48
0.118721439812228	0.700148585341858	48
0.094487898254507	0.596794838765283	253
-0.055780502358313	0.783847785567448	33
0.082556727911601	0.343718998039652	33
-0.099429680362001	0.500158864699493	33
0.007517405898403	0.716156860955713	33
-0.0546765686924851	1.09401785799228	683
0.085860519063684	0.68181346913332	683
-0.095927659574537	0.501177120490552	1626
-0.106074497116806	0.47182252399343	1626
0.010699589152693	0.7330461580828	575
-0.079511520747321	0.729310473274548	24
-0.104318442223354	1.15528944065453	953
0.062210383873897	0.738401924630863	24
0.0714016107314111	1.02384336431618	24
-0.0526626981553861	1.02620397620128	221
0.117860035290133	0.813800317589972	216
0.0760102081340131	0.348995028114255	216
0.054941780526916	0.743813257708422	216
-0.016072107287171	1.10343983158732	216
0.09287690960187	1.15852461668283	216
0.046046786794302	0.882325526412691	216
0.087001436857813	0.320530989157258	216
0.124997746141692	1.05732261764343	76
0.020663161223153	0.706169903891422	76
-0.073287228672404	0.810644116995584	76
0.0771945797372911	0.350398092905828	76
0.056776135673027	0.41573771902416	76
-0.089260453723205	0.393194546848372	305
-0.084505143153349	0.395488792215213	305
0.04557354446114	0.426329315567675	12
-0.0290638964268311	0.289518739243686	12
0.083742303029985	0.34178724806317	12
0.034229712809555	0.515511444645957	12
-0.109230759082442	1.02954975717738	12
0.122190198121966	0.697206307588314	12
0.054129276285146	0.795878248428144	511
-0.00290554436300405	0.94054788455012	511
0.039376787282709	0.858425418695815	549
-0.067644551033401	0.79807604562218	86
-0.057937675725492	1.04365021937315	86
0.017673850113531	0.724159286570585	86
0.086668717508782	0.590440505424337	86
0.01322329405231	0.581464131793881	272
0.079796016974538	0.699898725765116	123
-0.085470978383828	0.6561697395435	123
0.067538933103808	0.774068022158831	118
-0.108825457679808	1.14871810301545	118
0.115504657107875	0.525727081262421	118
-0.084505143153349	0.395488792215213	138
0.034872123715719	0.514096954668208	138
-0.093471480091589	0.394228667375329	138
0.061962758670464	0.412917328144299	48
0.030806957800101	0.892184671319339	48
0.054720615219948	0.441230007727894	48
0.087751354836925	0.624263279705447	48
0.077551377063229	0.719972622895736	253
-0.103002494106123	0.998433314559376	33
-0.036001213166729	0.268963760153547	33
0.045339154741509	0.435795208201453	33
-0.088695216783827	0.385517102399586	330
0.076951330170194	0.326037956300331	1626
0.123336500211629	0.713682816601277	575
-0.0652899682711801	0.855335749921437	575
0.012918773231764	0.542585505890134	24
0.082102975195163	0.966158506021556	24
0.084135683507975	0.345768078838367	221
-0.123674399185444	1.09402843824715	221
0.094724406679042	0.906587004708985	6
0.010466265302043	0.785143190787705	216
-0.08619734863027	0.396258215966489	216
0.0799568528713001	0.340493814447832	6
-0.091192728179703	0.476506062304728	6
-0.049124639097498	1.3882270736512	76
0.058181698477936	0.395914362685907	76
-0.029631553521776	0.277137412790688	12
0.052893825613945	0.426706184932648	12
0.015231596465859	0.637614704660531	12
-0.025548100671114	0.280697934253108	12
-0.026662653612668	1.16585822170886	12
-0.0658743346802519	0.89877179235232	511
0.098265106488206	0.813090299080703	511
0.097646515828924	0.572679031819078	511
-0.082231514401366	0.731616670325912	511
0.017797068763163	0.677413396056785	549
0.085659462414434	0.66656803248107	86
0.103380625760067	0.580624640189899	86
0.106512016228875	0.571422249275742	22
0.002139854699165	0.893096578348658	118
0.059043568784498	0.808266799635078	118
-0.085917410844003	0.561752755069983	272
0.09186202181008	0.653254835997545	123
-0.00589734995286695	0.941223053379326	118
-0.115225233212986	1.26344214300646	118
0.075226611842558	0.986383956575503	118
0.0408198368156381	0.937423291631489	118
-0.000816772016087985	0.935280906208664	48
-0.097196189385404	1.25783196306082	48
0.072081155698246	0.708748465706948	48
0.020925635809137	0.700167413767682	48
0.083460811287123	0.644682878733241	33
0.069837036952097	0.821345063126059	330
-0.087338436775698	0.398613371787137	330
0.093452139072701	0.608441247574714	1626
0.073793373533822	1.02406692311703	1
0.02930579078345	0.948176250034628	953
0.120573463333866	0.698471705995263	221
0.00556201301746595	1.21246518778463	216
0.021660840903925	0.731563736714766	216
0.080557463018932	0.648815065332343	216
0.087500926576936	0.64956720820186	6
0.014823079606105	0.677069652775777	6
-0.030824300968471	0.287187108205516	76
-0.115890440041816	1.07378984400254	12
-0.057381366296305	0.990260156927476	12
0.072889356950852	0.749944240649147	12
0.085942401073826	0.937357657742988	241
-0.007400388814365	0.988925568022017	289
0.012642108809916	0.821029539640511	511
0.124570509153587	0.798130117929788	289
-0.092617615168629	0.647407902272985	86
0.0185804539375251	0.599865783767392	2269
0.113119199245251	0.548063309859963	86
-0.092334741942421	0.4050383296159	22
-0.075816487763148	0.72381353501059	118
-0.095596100120376	0.488689738634486	118
0.107710462223351	0.520073519901633	118
0.106164448046751	0.165404098536463	118
0.107861246730386	0.157338749699546	118
0.106164448046751	0.165404098536463	118
0.05133919781045	0.445061025601122	118
0.107861246730386	0.157338749699546	118
-0.036549561776265	0.283542077282334	48
-0.0997932497574629	0.372443817297394	253
-0.097305090316372	0.565928639053604	253
0.051100544778638	0.413824067579399	1
0.042003420657859	1.02146748833131	33
0.106164448046751	0.165404098536463	349
-0.03302234654777	0.277624063329933	349
-0.023289722935519	0.272605726623559	683
-0.095019394759721	0.547248918200559	1
0.010851571389099	0.872875859658074	1
-0.075416473280868	0.65056793934695	1
0.020371455183261	0.585059698302117	1
0.110383095030707	0.707978184111585	24
0.036131918600199	0.503927896440232	24
0.014787823563342	0.660260032688949	221
0.10915674864297	0.160134884536478	6
-0.118891674252382	1.81364320119953	216
0.039266220571482	0.497003072057994	6
-0.108844785590612	2.38749589906118	216
-0.058630314273589	0.989276550917227	89
0.00173774911219304	1.29577948752357	6
0.116589217019804	0.883396963549963	6
0.101411565425964	0.557881979029698	76
0.107861246730386	0.157338749699546	76
0.104517232406286	0.160931846851905	76
-0.0296249121207171	0.275479486957074	305
0.107809498428198	0.161710387629989	305
0.10915674864297	0.160134884536478	88
0.087140362661384	0.341470240944622	12
0.025273641746709	1.30838724100035	12
0.089354856584663	0.804345755481283	12
-0.095799705160617	0.469975039455688	12
0.013899351244444	0.858685497949277	511
0.086965055308505	0.664847747153584	511
0.080739030887876	0.345639761631221	289
0.01271947628069	0.675518614318979	289
0.107510621985722	0.163742963398487	2269
-0.089980645717471	0.582931024526656	86
-0.090074226278844	0.476887443641493	118
0.031950123527527	0.508239833387676	118
-0.082199840863505	0.564125428305593	118
0.082556727911601	0.343718998039652	118
-0.0250448016068791	0.279597056391279	118
-0.054831469584069	0.855829244066395	118
0.062191858609522	0.941325712052715	118
0.11116065894082	0.158048670727366	118
0.107510621985722	0.163742963398487	118
0.107510621985722	0.163742963398487	48
0.106164448046751	0.165404098536463	48
-0.034785185175538	0.283807885980878	48
0.108217613504078	0.533680124213833	48
-0.020105205999096	0.985621072020858	48
0.066122289312329	0.899972367947055	1
0.075378008393562	0.342248055100551	1
-0.093579674724677	0.576234496061707	33
0.087142996551508	0.329946824845447	683
0.054968783933178	0.421577111151453	24
0.096256856771104	0.578279576298162	24
-0.108261562521484	1.1591503429076	24
-0.0635658446219261	1.10442416015477	24
0.0996653469277	0.605699981865237	953
0.090627761905944	0.583352071862785	24
0.091609981232499	0.96156240397866	221
0.116132493951566	1.05765295172956	6
-0.034839033024092	0.26814518622486	76
-0.030257488020119	0.283070259872901	983
0.105862327314304	0.15938672368822	983
0.10915674864297	0.160134884536478	76
-0.0250448016068791	0.279597056391279	88
0.106164448046751	0.165404098536463	12
0.080312470346021	0.742797528974013	12
0.104517232406286	0.160931846851905	241
-0.048002353941745	1.03304267121015	511
-0.08845092402931	0.388992734693108	86
0.049226398102896	1.01130197886318	118
0.093074018916252	0.911526724137885	118
-0.08299143994068	0.738823867699057	25
0.058013718936404	0.424422984157999	272
0.086494498809163	0.334231802803943	118
0.099875086261497	0.518589522251653	118
0.057242459387454	0.789034752748801	123
-0.000831766570675963	0.928571183388894	118
0.099435575425692	0.606626958056831	227
-0.121858333836371	1.01274357267285	118
-0.054240665258794	1.02964379226753	48
0.083919718150781	0.707043106870706	48
0.098774142320017	0.597364773802945	1
0.054124561689372	0.424429008575087	253
0.056196478589074	0.430015864781592	33
0.079465939333539	0.716888019538904	349
0.0898387883159511	0.653835468502639	1
0.084922447600136	0.337659028586341	330
-0.064179915307276	1.46800362581319	24
-0.060651765063429	0.908979558246461	24
0.0920292337236121	0.650225616776114	24
-0.065378134491529	0.702506571895591	24
-0.084213563016486	0.67615620656773	953
0.069009292696088	0.769301226190987	953
-0.051955717081472	0.99539688089082	221
-0.095799705160617	0.469975039455688	216
0.047906025585796	1.14526770203411	216
-0.086780935759702	0.556533600382949	76
0.055704762327899	0.419054071730005	983
0.032745449144562	0.502948333990481	305
0.107510621985722	0.163742963398487	76
-0.031490769502257	0.261250567743436	76
-0.085955138901743	0.394298626687848	76
-0.088750586825898	0.593526190533136	88
0.00718306297573101	0.737698902541642	289
-0.044483947350309	0.976321209814429	289
0.00434844257064004	0.738274685843332	289
0.120557384622387	0.520907154852085	289
-0.045235162765966	0.931558816115156	86
0.069572325146725	0.689504547363866	118
0.03280580444715	0.602954299489654	25
-0.06458037290228	0.770513691825889	272
0.074199204841041	0.330584660003307	272
0.084927448842824	0.337346793612619	118
-0.090074226278844	0.476887443641493	118
0.016488021647041	0.592124853056801	123
-0.092685681686851	0.571545567358137	123
-0.108250346182155	1.01633595229683	118
-0.078559264285675	0.344131983993749	118
-0.044632608657557	0.265884086965617	118
0.105379526567586	0.514049471392185	48
0.04410146748865	0.433179898236408	48
0.098947024655389	0.588711405785046	1
-0.057174683324255	0.828951374405667	24
0.092895153054532	0.308634829102924	221
-0.017017054792042	0.973553709439821	221
-0.078395036494226	1.29283573897316	6
-0.118281737196421	1.03006567548502	6
0.075212636228263	0.918016182593755	6
-0.110679844049368	1.03840176906326	216
0.041922349873658	0.954733026253471	216
0.013152712089517	0.735560559133291	6
-0.077470988262792	0.591318257409625	6
0.11096834483963	0.546437902772267	89
0.110368216603221	0.524495789385351	76
-0.093184127147242	0.569196293425564	76
0.11116065894082	0.158048670727366	76
0.122798271989631	0.463144663573509	88
-0.081992811781452	0.384415634167884	12
0.02727411652016	0.565526098943387	12
-0.113753382025902	1.23746102957799	289
-0.067438408881509	0.787858420406629	86
0.024520839566601	0.585178507257099	86
0.0261821388283821	0.609491192309603	86
0.066995953950228	0.757553022212699	118
-0.02954626687837	1.01918838359008	118
-0.077895258780555	0.77919975994432	118
-0.075850540458747	0.743365692104538	118
-0.094472085042818	0.487812374671431	118
0.052576415243053	0.445999250788884	118
-0.087338436775698	0.398613371787137	5
-0.048146942355022	0.967084019267919	48
-0.00219897275044201	0.866065249544565	48
0.10362975353797	0.598006968602327	1
0.123411928638669	0.73056212860773	48
0.021140632451579	0.658963893661263	1241
0.060322670899291	0.415976589038438	330
0.017339258407525	0.685679321000831	470
0.082920610834935	0.664473806190966	221
0.033228989262598	0.530949301815052	6
0.122706126539778	0.513165377616816	88
-0.059855162194005	0.924586229401066	12
0.0287410348391191	0.590419237729788	12
0.099787751793896	0.671229471163258	511
0.104242401310042	0.770553842102619	511
0.119600480120654	0.701695557098874	289
-0.072775072841208	0.721380750854685	86
0.108720419773013	0.534702714383596	86
0.078320275266718	0.65252420069906	86
0.019859575090394	0.596387104733156	86
-0.086450563062041	0.655402163005211	86
0.119403531104627	0.814519849233285	118
0.112251589698263	1.02620463706421	459
-0.074909666390368	0.795173516555518	118
0.0747732322375519	0.747961255856639	123
0.0335955219081741	0.533152618155558	123
-0.067132993068805	0.798498297323002	123
-0.064097579240698	1.14700996877207	123
0.03113609003004	0.970148259316404	123
0.00906323767519901	0.717274441873187	118
0.024876024537886	0.645316155137182	227
0.08091455828617	0.691760367090712	118
-0.0937117483157009	0.404660598712052	1
0.113348648046333	0.527807247861081	253
-0.086759507745454	0.397485880203821	1241
0.016299804334783	0.771744846488825	349
0.021122469828418	1.00716752413863	683
0.101905636078894	0.775007360775532	112
-0.059301499507378	0.802292451410981	112
0.107861246730386	0.157338749699546	112
-0.04734877096446	0.931887655288856	470
0.027786059756721	0.966935210926414	221
0.0105268692338371	0.7537308064922	221
0.10951204064891	0.161545516971529	221
0.027002338873902	1.16286985186206	221
0.114797506582317	0.490054034924597	6
0.036391143635399	0.962857201088916	6
-0.013143048287682	1.05322728203206	76
0.080524345686972	0.70518402154023	76
0.025011675256238	0.60393841763967	76
-0.09480633535515	0.501674442008737	76
-0.0849477023587441	0.663683284448499	88
0.08256987810109	0.328557351455709	88
-0.027871506351588	0.279214794580025	88
-0.098085886180809	0.472970559705153	12
-0.0905069745520301	0.565298507409707	12
0.036916866017296	0.946034719643928	12
-0.059876196599866	0.796553494116796	511
0.033350144123018	0.531547225688371	289
-0.11668746069179	1.19260534589955	289
-0.084815887468594	0.391993482604686	86
0.11116065894082	0.158048670727366	86
0.067089643794626	0.760544040224259	25
0.0903516451152609	0.921131663193805	25
-0.04383218899345	0.965321463271454	123
0.054213177034534	0.860556867279963	227
0.098228469757418	0.86460469503588	118
-0.080522929212369	0.69036461707177	227
-0.0691995453315401	0.713405559416395	5
-0.076988304647457	0.727533017279651	48
0.110379465127017	0.72387281738508	48
0.042827375014781	0.913889975742949	1
0.023434081949114	0.731980304956667	1
0.072708994094898	0.655546365393976	253
0.017141394521656	0.659808573813707	253
-0.0616684377123961	0.840968244993089	349
-0.080049763727853	0.730020672531135	349
-0.026740982487389	0.274741205559888	595
0.01715400036864	0.711824601627309	112
-0.097949322383011	0.485799405561573	1
-0.019251125917721	1.1240303895316	221
0.066570526517205	0.700986990978244	221
-0.093471480091589	0.394228667375329	221
0.0128851242938201	0.663419840275913	221
-0.0499752914207789	0.861726240527971	221
-0.050843039490918	0.995152639678731	221
0.093315059085638	0.749649395074419	221
-0.050193740810095	0.992152643717268	216
-0.075714738192707	0.653094111814844	6
0.104517232406286	0.160931846851905	76
0.097011178480034	1.00234624438838	76
0.088265970496424	0.660978705862518	76
0.11185394309396	0.546914084979766	76
0.033997843795903	0.507452742662612	88
0.087139785369816	0.34180259658724	88
0.078375964418123	0.351061903937463	88
0.0817774803528381	0.350872754794278	12
0.00363173692843299	0.789192992597264	12
0.122447994071736	0.707577586205553	289
0.097214333094475	0.628908490916131	289
-0.108449346404921	1.10024980986358	86
0.104310024326647	0.5450928697603	86
-0.011486826922336	1.07360666681876	459
-0.00622847813804905	1.12942973081139	118
0.036549402410464	0.935561261402774	25
-0.055460524443531	0.899059653621615	118
0.071953602704399	0.754843835935747	123
-0.121136887403443	1.29409691124012	227
0.024734577183648	0.996476645494291	227
-0.10722838714065	1.04745254694392	118
-0.058838785550156	0.805946198331763	48
0.020809177145703	0.718549825095017	48
-0.087338436775698	0.398613371787137	1
0.096993117448061	0.574430913321551	253
-0.098306378864037	0.500647979392122	1241
-0.0250448016068791	0.279597056391279	470
0.00990036136324701	0.901442794401516	470
0.019435740718145	0.701516119379856	221
0.075100111634006	0.751738400862824	221
0.031330240885614	0.592517012766791	221
0.027812749508507	0.503840368032262	221
-0.077386698539906	0.652408788541351	221
-0.0290638964268311	0.289518739243686	216
0.027265662484219	0.598062284083472	216
-0.035375350384672	0.289931372759217	6
0.10951204064891	0.161545516971529	89
0.0679190147037	0.749228789425509	76
0.080322881623235	0.708187991133986	76
0.080818136071996	0.708843889293925	76
0.034872123715719	0.514096954668208	76
0.025393212245121	0.596462494642611	76
-0.076481000294947	0.703855819040311	76
-0.106850403905618	0.468589246307404	12
0.0291891604042081	0.51694236255936	86
0.051744839544378	0.418718678447959	86
0.019218112770742	0.718578838743816	86
-0.101343620498689	0.473720090001056	86
-0.063311896292533	0.884121973714819	86
0.109260847716075	0.571539257547752	86
-0.056475826379581	0.882176604847365	118
-0.050365758313503	0.961066523862388	118
0.069025830327286	0.670248370562938	25
0.103689262587035	0.580714673783044	118
0.122628356440093	0.467483159771154	123
0.021533627412973	0.820078227596046	123
0.032073479648002	0.989527887068592	227
0.122770517494601	0.697177429700802	227
0.032334958947187	0.529686241036673	227
-0.084505143153349	0.395488792215213	1
0.084135683507975	0.345768078838367	253
0.099081460658152	0.608926578912162	253
-0.069020640824613	0.702401213321132	253
-0.047374386128166	1.01884028048116	253
0.084137336743606	0.348106420424358	253
0.018383689852486	0.659180103393317	1963
0.084086288626353	0.682693592536224	349
0.080021919525642	0.866493487083009	683
0.076462583062531	0.656347445420424	683
0.110713171112088	0.551292846867107	470
0.088320766250277	0.339870988892736	221
-0.087579130636111	0.397265079151081	221
0.019202575573096	0.631135822452222	221
0.065615328064536	0.797330194114193	221
-0.045945539050967	0.931905437790862	6
0.09882998901761	0.607410296382545	216
0.00875331008031399	0.779382592465443	216
0.027986479632961	0.578579841418285	216
0.105307501552363	0.158795616333555	89
-0.028498399814911	0.281825881396972	76
-0.063671089144583	0.848782785208479	76
-0.084861690341855	0.715991644219999	76
0.045934463058852	0.426632841012634	88
-0.083051634714151	0.569869543595257	12
-0.096744577103315	0.579869482098321	12
-0.087058285457259	0.668292113540071	289
-0.047722605946154	0.902562808173385	289
0.000279568946612963	0.832104867268941	86
0.081590484128522	0.657782249963587	86
0.055593277912058	1.18960353471546	118
-0.061231309610011	1.03774501369484	118
0.092916664143993	0.630294483751541	118
-0.051791466010635	0.937120084023774	118
-0.109196794267576	1.22161639562701	118
0.053546286195589	0.892931628352259	25
0.0000296322787529668	0.864638632112001	25
0.01238349719083	0.657768223403862	25
-0.0510703928438701	0.886809001270306	123
0.025040433995785	0.514549126148557	123
0.065833387193561	0.769163786918044	4
-0.069426663334949	0.767531397292621	123
0.00845379138053604	0.827795806065722	48
0.120557384622387	0.520907154852085	253
-0.047371364971013	0.864438051801207	253
0.082317889828577	0.657251494167892	253
0.048954298404308	0.434002331716325	1
0.00943920458738401	0.734290358427819	349
-0.117028794345516	1.04982004336877	349
0.058182853485817	0.425981360706369	595
0.0887168961857791	0.326011693369364	112
-0.0908657320798399	0.396538986288394	112
0.078554452890471	0.741435040870186	221
0.122662381958195	0.715105118632184	221
-0.120386927293499	1.01532729911576	221
0.117582810076262	0.742689281626345	221
-0.07743064777664	0.800943223094779	342
-0.054303287482228	0.880158305667575	342
-0.000108943307628007	0.940051134954189	89
0.054520713157302	0.799453068941915	89
0.056196478589074	0.430015864781592	89
0.054211215161711	0.430005510377059	76
0.052742997164647	0.438930671565278	76
-0.111839192966622	1.03544840650128	76
0.014991820112493	0.659815393526705	1063
0.038040557618317	0.51213807583264	88
-0.0694621906297041	0.737517526525237	12
-0.067372909025628	0.768627953446337	12
0.031319384712429	0.525094062010316	12
0.039906557569104	0.519268213618748	12
0.098508562556166	0.583885462869493	12
-0.111555071600741	1.04710255778643	86
0.00988150701263502	0.726578222094333	289
0.106192079212915	0.533720408437303	86
0.097208371760048	0.602394662497635	86
0.082956788129497	0.349761826454807	552
0.033482223320721	2.01915313576014	118
0.061794955190538	0.958141105408406	118
0.011424786841582	0.820207666307958	459
0.091896681959764	0.568160513919937	459
0.0861933387444091	0.666755293048468	25
0.00715747080857299	0.781445318980241	25
-0.091200311363511	0.402638585776929	25
-0.030824300968471	0.287187108205516	25
0.107835792224875	0.537849990394037	4
0.097901308380713	0.615955355421418	4
0.028830998627932	0.5030448849325	4
-0.082104408111079	0.630405376807464	123
0.00236767879997901	0.883992042867855	227
0.027048898739311	0.522578192532762	48
0.00858841468120197	0.730148020448783	48
-0.073977773180303	0.695276226673051	48
0.011134277128115	0.578464458860704	1
0.104833078638438	0.54300169054989	253
0.011424786841582	0.820207666307958	349
0.090308113390578	0.658626658001612	349
-0.050338542968136	0.94460752042721	683
-0.090900075779743	0.584236400457874	112
-0.090067427067441	0.657140752070096	112
0.038909644153628	0.520714442647751	221
0.105555157543514	0.546225012174196	221
0.114781379746768	0.543111025576099	221
0.097311584133725	0.57395970943331	221
0.043822414543651	0.497189112813821	221
0.035240109550797	0.518829635892671	221
0.030951435246059	0.533414208913487	221
-0.05738703651973	0.746948109361998	6
0.086232247333777	0.640965778363084	76
-0.088792744556762	0.567762898244133	76
0.0840031697899341	0.327915641612738	76
0.078233594346218	0.337877206456188	76
-0.067132993068805	0.798498297323002	12
-0.085497238309853	0.649763637139635	12
0.020151093164561	0.582153012225421	86
0.036884434498102	0.531194580319719	86
0.036121435480956	0.521036647762123	86
-0.0937117483157009	0.404660598712052	86
0.115111135305623	0.526078877904917	86
0.0322170916625391	0.530440660688846	86
0.021874404994111	0.612082341814843	86
0.032829378493711	0.517914393237572	86
0.028120795165843	0.596125650075175	86
-0.077800344750858	0.734952358876218	86
0.080749716830979	1.13769242843484	118
0.106448865762786	0.528273900448834	459
0.0883652223704841	0.686319242090374	459
-0.0736712623776	0.726786605632386	25
-0.089459762993873	0.573425291405106	25
0.0421196001977751	0.92773096248734	25
0.081166712078379	0.61129492973992	4
-0.066550441253985	1.25401071273722	227
-0.011395864988922	0.948748780088017	227
0.089364024299768	0.326983050423132	227
-0.062231643140185	0.972233469462472	1
0.080597760199745	0.349442485636027	253
-0.031384221241339	0.281582131382678	253
-0.088555998764458	0.594356859392031	253
-0.056107486651374	0.992836474444754	1
-0.072025567141369	0.734568582416429	595
0.00689453104966598	0.810380969551309	112
-0.073914834946258	0.754188029585444	112
-0.109832837827127	1.15741124533755	470
-0.095964405254967	0.390833786284669	470
-0.097334373228215	0.392719303296688	1243
0.112616722202909	0.541555896745839	221
-0.055653218320504	1.101724054405	221
0.087444329023246	0.660466313684664	342
0.0933412626607391	0.649634031575459	1525
-0.085880901101783	0.393674320425682	2230
-0.0806195098817431	0.380413963787504	2230
-0.068161179804479	0.774873778937671	88
0.102006331671171	0.530282245807842	12
0.067852272656308	0.767386965990566	12
0.082959225668201	0.349211207976213	12
-0.106074497116806	0.47182252399343	12
0.08177634904414	0.342038832962981	12
0.00490569947897801	0.8883071715762	86
0.00769976069995404	0.816843660958467	86
0.083738052688193	0.339546580912924	289
0.07837852886124	0.349301728169769	289
-0.104838546665444	0.472818962635942	289
0.048596171921781	0.421363030057973	86
-0.099536604698225	0.499414147590173	86
0.0793236716070011	0.71683412755269	118
-0.088404251894632	0.550964820213217	25
0.034495435396821	0.521837268544396	25
0.0160623317719381	0.678818827882787	25
0.104692001883267	0.742372029276553	25
0.108581531582788	0.550857733863033	4
-0.093573360069551	0.499309689871415	48
-0.047719793845698	0.915164789041436	1
-0.094366995619275	0.482536814532345	253
0.018498434872823	0.588996057570216	253
0.069856308484032	0.759662451590796	253
0.075379849923139	0.338140341774038	349
-0.098637229246484	0.491548654208996	349
0.013207878139982	0.714365651709432	595
0.079000721903056	0.340737713866788	112
-0.075375825589631	0.686587150604481	470
0.016260573458457	0.624877603245027	221
0.0356238908941871	0.534214610857863	221
-0.078633909226097	0.744170956807361	1525
0.0813755258034951	0.343112526455049	76
-0.073399573576215	0.629441085758834	76
-0.070156688555889	0.82942119527551	76
0.11552934504967	0.492307046890165	76
-0.085880901101783	0.393674320425682	76
-0.086759507745454	0.397485880203821	76
0.020663161223153	0.706169903891422	12
-0.095310926259059	0.578372074378443	12
0.0294752627413301	0.59665054790368	12
0.020876103063716	0.586406857827435	86
0.016299804334783	0.771744846488825	86
-0.103258240792997	0.488357023804313	86
-0.082467731078848	0.546763975350445	86
0.048801842800606	0.440080660544224	86
0.043888313604472	0.421077928097427	143
-0.082231514401366	0.731616670325912	86
0.02113936476905	0.588308563220675	86
0.044604668442664	0.889940362267926	459
0.071197529199563	0.327208487183725	25
-0.068751588935838	0.801831909526168	25
0.014667872583823	0.718236211243103	4
-0.00203806664211403	0.794598115643428	227
-0.035375350384672	0.289931372759217	227
-0.073762248245955	0.800355784493756	1
0.017632706112729	0.663320493473251	1
0.103577956205948	0.580308011058482	253
0.003646807517384	0.768673325975802	1963
-0.083521085908248	0.539757085519491	1963
-0.0849477023587441	0.663683284448499	1963
0.11715972783372	0.517948535724874	1
-0.090316681233431	0.548203280303114	1
0.094077898779503	0.631715803724178	112
-0.058355464331781	1.07044672104759	470
0.108043526766643	0.822334354915994	1
0.112755975013837	0.521512903304392	221
0.105156995862179	0.587970256894901	221
-0.091435758569825	0.689680286124913	221
0.104242401310042	0.770553842102619	342
-0.093243808416123	0.481672027604284	89
-0.026890598738734	0.257938163093101	76
-0.081515208859603	0.372974023356044	76
0.114385095461103	0.544757211010415	76
-0.095569213247259	0.472041938320332	2230
-0.082876713757003	0.632641965154032	76
-0.102246347382635	0.48800209850676	88
0.098448117928636	0.607190885561179	88
-0.062598074727614	0.903984954659938	86
0.027461253486108	0.603021288529199	289
-0.072161291198109	0.72997719336041	86
-0.00765625590069496	1.01049830878002	86
0.00670276043028495	0.766185172549647	552
0.0241911044876	0.569546077471043	118
-0.108516982126826	1.3018980392101	118
0.109604843626441	0.529014591688428	25
0.030700907517933	0.530459330934242	25
0.089576873395114	1.08942279362005	25
-0.0899434298577651	0.548517796793245	227
-0.0290638964268311	0.289518739243686	4
-0.034785185175538	0.283807885980878	227
-0.036549561776265	0.283542077282334	48
0.0480396116867861	0.441274347240567	48
-0.0595289820566151	1.2563051674468	253
-0.075714738192707	0.653094111814844	253
-0.111976013543233	1.160467434262	1963
-0.090832947317903	0.453322719661081	1963
0.108024915272751	0.537127442939704	1
-0.080967042858085	0.70383789627823	476
0.045175918049808	0.430622597060239	476
-0.052329362823033	1.08413163001786	221
0.096543448682032	0.594321618867962	221
0.08758615449135	0.597013681470164	221
-0.08812796538128	0.400855897121907	221
-0.066414495309748	1.26271030385431	6
0.095340058998728	0.932601931562294	1525
0.051842236733166	1.01489722667598	89
-0.03302234654777	0.277624063329933	1249
-0.027305164050353	0.288218637766352	76
0.0169913738065	0.850911515884276	88
0.023851026908941	0.584353798986446	241
0.048954298404308	0.434002331716325	241
-0.117763212457234	1.06114278256208	86
0.098905002535023	0.594849691884555	86
0.106164448046751	0.165404098536463	86
-0.088212321712895	0.568272834428163	86
-0.0890942243042801	0.566301967670239	86
0.080975073442016	0.889963236274759	118
0.00797256718700801	1.16977098910079	25
0.00374221650213902	0.880573469354142	25
0.100333225637957	0.849118859352235	227
-0.118317439331506	0.977280849585707	48
0.05846133781727	0.816273216045469	48
0.074277552158288	0.753732855722733	1
0.012077108433984	0.80855702612179	1
0.07837852886124	0.349301728169769	253
-0.090513699891543	0.572834683754627	253
0.08410837338678	0.592614785968021	253
-0.03361160922026	0.290242048778392	595
-0.090958039933235	0.401616990682173	112
0.0771945797372911	0.350398092905828	112
-0.104993854130889	1.11484374877917	1
0.097285452636066	0.590611890894345	1
-0.086922137291181	0.56968979559019	221
-0.058932328626503	0.842680518387013	221
-0.113141653053124	1.07347553466727	221
-0.083568438128371	0.569338151517453	89
0.00744089076805199	0.781692535455845	76
0.111069536851972	0.548766173384767	76
0.106809044683298	0.533402133293928	76
-0.091562706516229	0.563470892079953	88
0.100742785696344	0.602702103432564	88
-0.060141319129954	0.897205182569887	88
0.10119117547811	0.600194969442666	88
0.00673275738330603	0.773945438037883	88
-0.0296249121207171	0.275479486957074	88
0.0769648916293471	0.717300295827591	241
0.106448865762786	0.528273900448834	86
0.032334958947187	0.529686241036673	86
0.085659462414434	0.66656803248107	86
-0.060076948500424	0.926620049137763	86
0.082055965959101	1.58736754847185	459
0.108030444041293	1.1391057765844	459
0.0980015730723009	0.604193189219011	25
0.108192908856145	1.2218849147339	25
-0.098522054953194	1.71091502860392	25
0.080727120518989	1.06419064150579	25
0.071029983047885	1.04969419722516	25
0.0163361914082401	0.712318808216615	4
0.0341660206929461	1.12859343335181	227
0.092070472449538	1.18003204902655	227
0.052803794062072	0.96162418131714	4
-0.087158291833492	0.564769911607958	253
-0.084426421170072	0.543995079727076	396
-0.083678925582485	0.378733039703199	1963
0.089365064916802	0.815409165228685	1
0.083592954847973	0.335890917577715	112
0.038008220751517	0.473979263248528	112
0.065476646418505	0.777846174821675	1
-0.098968412934234	0.445805063039515	476
0.055055149478929	1.21187049884972	476
-0.097183620667161	0.497816109492811	221
0.122818030524623	1.01141678518047	221
-0.084815887468594	0.391993482604686	1525
0.0764042153475421	0.87437765797818	76
-0.08802490798162	0.565980208154972	88
-0.090182382710463	0.589171257791174	88
0.000935881812781036	0.937179780266525	86
0.039568022058908	0.901969349235197	289
-0.038730411011228	1.18944015943821	86
-0.027616982520097	1.16379851489685	86
0.11673971936634	0.722180582735437	86
0.062219246149732	1.0363576012164	459
0.043869575327055	1.17333933906742	25
0.013603298425756	0.725503441273031	227
0.070311948842185	0.695227524301689	227
-0.112955623782161	1.37280135399164	227
0.031102290503039	0.515139882397525	227
0.107525205770833	0.734011039203208	227
0.069375209864502	0.759763897024381	253
-0.026113129457213	0.277995185358117	396
0.0553934761930111	0.803887669579165	1
-0.05033045983366	0.887864619650754	396
0.118708817357044	0.69877947158366	396
0.00583379672789897	0.890432266537597	1
-0.056856583739526	1.05599095669372	1
-0.0290638964268311	0.289518739243686	112
-0.079001062923898	0.661106583981128	112
0.00543055726535602	0.798075946479393	476
0.11134931098156	0.544809060639696	476
0.048258382162535	0.892519670414884	476
-0.097623195639576	0.559535528966791	221
0.079557466810896	0.346722182765788	6
0.085247151945769	0.812481723557133	221
-0.078633909226097	0.744170956807361	6
0.107869940805123	0.73531262517471	221
0.0163361914082401	0.712318808216615	342
0.105307501552363	0.158795616333555	342
0.023588285015138	0.58587247120593	342
-0.088722060553371	0.39962615142417	568
0.081370723474774	0.343548368482443	89
-0.025548100671114	0.280697934253108	1525
-0.0898254676731241	0.39925555085867	89
0.104365390557976	0.770599740227656	76
0.094732536460433	0.608401933325333	76
-0.057031374831944	0.906324589095996	88
-0.105434439689757	1.15777061424939	88
-0.069257184218164	0.838903829167922	241
-0.030257488020119	0.283070259872901	86
-0.081452181031216	0.718235915240887	86
0.098106556670119	0.515115084028051	86
-0.112687750763706	0.988072676070214	86
-0.109960462689555	1.21583158773744	86
-0.100434160152686	1.23035390901195	86
-0.018384484752098	1.13669976460377	86
0.123877695555022	2.08707939495366	118
-0.024398125920206	1.97323168928833	118
0.0122656759837561	1.44905738772045	459
0.119471510525065	0.810377880170196	25
-0.064858827901948	1.05303760705133	25
-0.002156751386304	0.888118059927628	743
0.116674378376587	0.734090807575869	25
0.121155589765735	0.694015583092855	25
-0.114404829269272	1.27159153079069	227
0.083165219537217	0.670389200948791	48
0.105862327314304	0.15938672368822	253
0.108049930835314	0.546031438434429	253
-0.070689287247719	0.777977532571513	253
-0.031972908774607	0.280423726905321	396
-0.0915573439949871	1.00232229066202	396
-0.091253059085817	0.387436076003858	112
0.01462198266463	0.727695240338159	112
-0.08984612731091	0.578164396192901	112
0.10915674864297	0.160134884536478	1
-0.030257488020119	0.283070259872901	1
-0.052510143252126	1.03169605283229	476
-0.027305164050353	0.288218637766352	221
-0.030678061578298	0.273985197030131	6
-0.025614146902992	0.279913059585337	568
0.107510621985722	0.163742963398487	160
-0.084213563016486	0.67615620656773	89
-0.059581571640701	0.921091810107426	76
0.00949959335565298	0.820026989477065	76
0.085386586145667	0.658408028205456	76
0.057428790667622	0.430840288199803	88
-0.087818740967984	0.381995661323755	88
0.089861566987569	0.595253407387604	241
0.091719547986219	0.325311339037738	86
0.094660491249508	0.637151417591898	86
-0.064883560962364	0.904038634140793	289
0.051973164033156	0.876942112489065	86
0.109484907921625	0.525230316350339	86
-0.092575454322084	0.402273555476324	86
-0.044437944088372	1.52573903167528	459
0.115540057228431	0.909653780310841	459
-0.064981432180451	1.26001852781113	459
0.10604450988993	0.770794721503698	25
-0.093514604069452	1.16134717399145	25
-0.099429680362001	0.500158864699493	25
0.00659977191074601	0.753210556893521	25
0.106192079212915	0.533720408437303	4
0.017448994171258	0.579359517824917	48
0.018508879626815	0.605752140181303	236
0.042810241918953	0.49683653686803	342
0.087543450671166	0.327012999265853	160
-0.030824300968471	0.287187108205516	89
-0.095121537288421	0.575135788859761	89
0.03270735969838	0.504919612882757	88
-0.092092482588292	0.489468029711859	289
0.084775611562266	0.343243772355024	289
0.057349684488982	0.408089941896554	86
-0.056209351666467	0.818141120730007	86
0.031632356026472	1.44227069364041	459
-0.032007589104414	1.53018582567529	459
0.093564400293636	0.998961867170066	118
-0.0210991274507371	1.01080085434837	25
0.052610670401373	1.03357295992984	25
0.107470605659782	0.571510741448569	227
0.00516359201620298	0.802840306303095	227
-0.088481800781369	0.388162706286969	4
0.022313877481511	0.593924316619991	48
0.07419762185225	0.341654203452474	48
0.018732869989708	0.716967243273649	48
-0.080354721178573	0.638086807225369	253
0.094112102043958	0.64679105574066	253
0.111069536851972	0.548766173384767	396
0.080739030887876	0.345639761631221	112
0.0861027761852809	0.580140724964349	476
-0.074001353012578	0.709951942971044	476
0.100871359224257	0.576532046962332	476
0.024026717273306	0.515686769490188	476
0.107333340836628	0.532126183565844	221
-0.08965421831957	0.581011872048297	6
0.040495922860682	0.422882138958226	6
0.0878219183651	0.600916329669929	568
-0.094472085042818	0.487812374671431	89
-0.022097966094615	0.271730814651636	89
0.089737158752671	0.658666788114544	89
-0.082898545561798	0.563911679040038	76
0.052993827545012	0.413046560199679	88
-0.040282183339435	0.871513628248086	88
0.022886604945362	0.654506717776194	86
-0.071982259491659	0.789233846765137	86
0.077866074445875	0.702264113795161	86
0.116177930187558	0.503459718969779	25
0.0627723471398291	0.815463209751943	25
-0.05751319060262	0.918559246794856	4
0.016978304616004	0.690868433008769	227
-0.053526977622473	1.0900766552261	227
-0.0515758751483481	0.8897795403811	227
-0.042218862127718	0.844556854137841	1982
0.076751227852741	0.664166485542921	253
0.103913153366302	0.534435987812721	396
-0.090513699891543	0.572834683754627	112
0.0321706429570861	0.57051464183909	236
0.01921989730672	0.693035322345515	1
0.025601158312012	0.601726753621936	6
-0.107549468061094	1.11180816985627	6
0.01148314257573	0.726881026683024	6
0.062217009843794	0.380988551962412	160
-0.03361160922026	0.290242048778392	160
0.011139963725977	0.576209512512996	76
0.01793980774287	0.585090762174465	76
-0.076561911621526	0.607803247678159	76
0.083742303029985	0.34178724806317	88
-0.0290638964268311	0.289518739243686	241
-0.0688431118596	0.828951769573569	86
-0.072107749438785	0.710953677468956	86
0.118527566508749	0.534140795049276	86
0.115919067118175	0.497144642683477	289
0.114257720458792	0.536577862289876	289
-0.091441478589564	0.38835008681796	552
0.091625672844902	0.909878880745405	459
0.00546821568878897	1.33784920737823	118
0.049796649741256	0.412379801365968	25
-0.0299972549593031	1.21882931041912	227
0.010705007678018	0.572282983313964	227
-0.09620662825723	0.390519809928938	4
0.024279491605413	0.513165952364609	253
0.035379347972874	0.527054047094502	253
-0.112455368385559	1.23274166292399	253
0.00646028758786899	0.904198996630281	396
0.026662528255011	0.522784547250372	1
0.0287410348391191	0.590419237729788	636
0.051664825633296	0.42421411443423	112
-0.054795981097878	0.964154069004922	236
-0.0425777099867251	0.949720166244869	236
0.113262508273897	0.524298388846975	236
-0.09107454089553	0.624449795172136	476
-0.094445231923732	0.476302994814981	476
-0.113954883801083	1.12128362202377	6
-0.096281833625139	0.487899338670401	6
0.023731594027555	0.610384898258849	342
-0.051581620501137	1.03248243053565	342
-0.087818740967984	0.381995661323755	342
0.049113615165208	0.440315557397391	1249
-0.092092921315721	0.391023035565893	1249
0.107809498428198	0.161710387629989	76
-0.096744577103315	0.579869482098321	76
0.072381140414826	0.325690133468544	76
0.116386267584518	0.440447712297398	76
-0.100993570140373	0.478006542360607	88
0.00493076914562096	0.717385550461253	88
0.116910337326854	0.534237136421973	88
-0.05205644516298	0.94679973574187	88
-0.074173389155094	0.74543293398736	86
-0.0525965344553631	0.803842141478832	289
0.049113615165208	0.440315557397391	86
-0.087359071235387	0.465866654369871	109
0.051888216104428	0.401203280491847	86
-0.00398907211926303	1.38384456942475	118
0.000482805233027017	1.55478147371825	459
0.121626664761476	0.717916792314566	25
0.039964267625783	0.800438887815138	25
0.035251819691372	0.506857643706849	227
-0.109474719457111	1.27160790690478	227
-0.067556887390316	0.709542416800824	4
-0.089740663851303	0.486322239505559	253
0.0257475494895451	0.602645739438612	253
-0.0905069745520301	0.565298507409707	1
0.018382575466239	0.603043606505455	396
0.029953828867207	0.520215232322144	396
0.113875257791674	0.521881925277591	396
-0.087205436956072	0.663489286548569	112
0.116550377910266	0.533888233661696	236
-0.089266919505522	0.569033666295362	476
-0.06913370182009	0.789292493499514	476
-0.079511520747321	0.729310473274548	335
0.044586986615375	0.497170052701207	335
-0.085525288869251	0.549562744834488	6
0.0335955219081741	0.533152618155558	342
0.077198454607515	0.340317171556609	89
0.019592368920286	0.649675775008126	89
0.107327485030043	0.549899406099849	89
-0.093383186285414	0.57792176596027	1249
0.00811287926336601	0.628556614821834	1249
0.11602558593885	0.52522844447969	76
-0.082598826603157	0.73229573205125	76
0.045175918049808	0.430622597060239	76
0.054124561689372	0.424429008575087	34
0.099123104478017	0.550119329955418	88
-0.085937873356433	0.662876390455	88
-0.094338237387506	0.483088210140382	86
0.038258085384465	0.496656150413738	86
-0.085497238309853	0.649763637139635	289
0.084877260575461	0.595701342986013	86
-0.102022619941434	0.482319647439664	86
0.123561384281606	0.950503572056391	459
0.00358187369830898	0.883549404915378	118
-0.085775469631642	0.664631551279908	118
0.088960701789977	0.688555124516742	118
-0.068803296915851	0.791836115048341	4
-0.058932328626503	0.842680518387013	1982
-0.062116200041768	0.768260867447923	5
-0.060533926076052	0.843461298981167	253
0.058316165992778	0.832076663103958	253
0.0128851242938201	0.663419840275913	253
0.0787761352582001	0.342052651409614	253
-0.070472651177431	0.720804433686883	253
0.103237026442682	0.581024866031814	253
0.088320766250277	0.339870988892736	253
-0.088722060553371	0.39962615142417	396
-0.0917678810356371	0.386960631460696	1
-0.0932150880932	0.487665443954624	1
0.013207878139982	0.714365651709432	112
-0.0290638964268311	0.289518739243686	236
0.097994424453285	0.606860687119947	236
0.030566400918612	0.521944079590792	236
0.052576415243053	0.445999250788884	236
0.024279491605413	0.513165952364609	476
0.049874652600289	0.440372825127046	476
0.084138208623901	0.666450048324897	76
0.036637494051593	0.530499277953857	76
-0.091435021191937	0.587689707774649	76
0.020978953006183	0.670100676971683	88
0.117801176117777	0.523125105092855	88
-0.087385139643678	0.363449025232143	241
-0.092575454322084	0.402273555476324	289
-0.074524806697445	0.604690036738551	86
0.078781688802791	0.340415278374037	86
-0.094065320716095	0.582324254842342	86
0.116396579512928	0.539310683818448	86
0.101407039679192	0.577743026993567	86
0.08256987810109	0.328557351455709	86
-0.098060247984479	0.626952399263475	552
-0.086017489951477	0.5309407712683	552
0.013512871446473	0.593039423908307	25
-0.049986618131644	0.775868844394838	25
0.074997784659961	0.706444492806885	25
-0.080557951373493	0.554432458646955	1982
0.015877068251793	0.651070736278388	253
-0.07998607247038	0.671093875902632	253
-0.080379702440744	0.37966345832095	253
-0.081662927795771	0.674868914640722	253
0.080595845732462	0.343106575046838	1
0.124346666603005	0.469876896691236	405
0.053484571388611	0.440325829127564	112
0.106164448046751	0.165404098536463	236
0.07837852886124	0.349301728169769	236
0.021919338011379	0.49472369126032	236
-0.101328795677443	0.45926269134528	236
-0.080049763727853	0.730020672531135	6
-0.085591466188322	0.573828006419012	6
-0.097092611051121	0.381095801494915	147
-0.0291364681291491	0.270934108433263	1338
-0.085880901101783	0.393674320425682	1338
0.0294752627413301	0.59665054790368	1338
0.013215864752278	0.647059894162456	89
0.084137336743606	0.348106420424358	89
0.081546817718416	0.657967651302036	76
0.097302863328342	0.584546106859689	76
0.12154836674035	0.438905358541468	88
-0.095081235076661	0.37772299924275	88
0.080597760199745	0.349442485636027	241
0.08177634904414	0.342038832962981	86
0.041914250186659	0.497451707426706	86
-0.096061405375846	0.491043828697371	552
0.079562055502944	0.345369017314678	552
0.014133773814263	1.36717049755379	118
0.020025677797725	1.21214216373683	459
0.063646112263373	0.777727645106983	459
0.086225884278291	0.585986375670968	25
-0.074416967124522	0.737928252622685	227
0.115772496322444	0.535266272773233	4
-0.076724397381593	0.725948014447263	2252
-0.095964405254967	0.390833786284669	2252
0.102163408581706	0.585896042513454	253
-0.043775729033344	0.919804229786256	253
0.114003836377042	0.546235222175011	253
0.030941941878245	0.499752478565407	253
0.051177291601629	0.432581580666808	1
-0.079008735129096	0.724859736197351	405
0.031722208850941	0.487742544738115	112
0.123116325439619	0.466195364260187	476
0.024821163156751	0.601999374884713	6
-0.097074875190712	0.494161729985421	6
-0.078188131356916	0.716130912079838	6
0.0322170916625391	0.530440660688846	6
-0.083243739786379	0.64689519149926	89
0.05281911400758	0.420959817502358	89
-0.094254705526612	0.582106642897533	147
-0.090182382710463	0.589171257791174	147
0.073017872524059	0.33916540068488	147
-0.0393908143652389	0.270997682167033	89
0.013152712089517	0.735560559133291	89
-0.07022330663443	0.767287873487417	88
-0.066081490746563	0.861103117933088	241
0.0813755258034951	0.343112526455049	241
-0.09480633535515	0.501674442008737	241
0.076558518360217	0.330518949407079	86
-0.057390488859813	0.628804050068778	86
0.085960644256557	0.329856199296784	86
0.021976061126401	0.596696767012716	552
-0.0300112570911391	1.3837921147647	459
-0.087992303356001	0.700202538594574	118
-0.1205260668575	1.1132121774157	25
0.091735429977624	0.603527828458898	4
-0.074203685057142	0.739391798653755	4
0.017426776222276	0.670422146372432	253
0.032598473420134	0.522876013594066	253
-0.08619734863027	0.396258215966489	253
0.020486136864328	0.584087371633148	1
-0.086784202768105	0.566007844077117	405
-0.028498399814911	0.281825881396972	1
-0.090958039933235	0.401616990682173	112
0.033972932838134	0.517827136648241	112
-0.034785185175538	0.283807885980878	236
-0.088750586825898	0.593526190533136	476
-0.030320030158737	0.271787055718822	476
0.013748301567086	0.649965798999955	476
-0.0831296902193051	0.394482136333018	476
-0.092817747523735	0.579139319447082	335
0.091723924461499	0.320453019366068	6
-0.086520097545764	0.380271526006396	554
0.053337684323571	0.4218994214841	89
0.083742303029985	0.34178724806317	147
-0.093543666973095	0.586402839957807	89
0.015663570392368	0.6954253198451	76
-0.060735886019048	0.839221321775923	34
-0.055349800663928	0.826537407512295	88
-0.098413012183804	0.496604279873565	241
-0.089804755206096	0.592832334394387	86
-0.030257488020119	0.283070259872901	86
0.0193131105245971	0.606654840228072	86
0.049752560342672	0.403555766327926	86
0.113119199245251	0.548063309859963	552
-0.091103322266606	0.462555491697517	86
0.03728551404626	0.500938197690939	1850
-0.081662927795771	0.674868914640722	118
0.112739335576663	0.545098391905684	25
0.092734918926677	0.57706468835788	4
0.020444961996313	0.587622106676278	227
-0.0712155238710051	0.808592653485702	4
0.03790044313043	0.487468336198179	4
-0.068631037586832	0.842999191499501	253
0.119797847833318	0.510191043864681	253
-0.095841741506659	0.644078539137492	253
0.111765748113326	0.542851501602953	1
-0.025548100671114	0.280697934253108	1
0.10951204064891	0.161545516971529	236
0.105862327314304	0.15938672368822	236
-0.071873068949629	0.484215726497642	476
0.032726806985388	0.522122384516707	476
-0.091435021191937	0.587689707774649	476
-0.108979305245753	0.431722765177674	476
-0.0890740161464541	0.646078303469755	9
-0.028498399814911	0.281825881396972	6
0.050429883415516	0.439963353204064	6
-0.104492577468905	0.487238343456748	6
0.106164448046751	0.165404098536463	89
0.00199809141774698	0.857106437272859	89
-0.041524067751793	0.943282155078755	89
-0.102354570512049	0.469761652538618	76
0.023626057949286	0.604083819617656	798
-0.032439635017377	0.279989616539392	241
-0.0238552816570889	0.278682303607486	241
0.020114084809239	0.669344927049982	241
0.07419762185225	0.341654203452474	86
-0.086970875858512	0.565222260962877	1850
0.104325321499449	0.589617663763816	118
0.004223564107384	0.890190005104473	118
0.064803669149187	0.816195290284712	25
0.094614943027417	0.621776818117126	4
-0.047746192898118	0.941370788054053	4
0.00792562321082801	0.822314972327761	4
-0.08812796538128	0.400855897121907	253
-0.079506278867239	0.551055487428156	396
0.049062748632302	0.411669961786865	405
-0.089867264808577	0.389134108537863	1
-0.027305164050353	0.288218637766352	1
0.090538909604218	0.320746241360901	153
0.019584001302554	0.646904513143863	476
0.023655632576469	0.625878771737294	476
0.107510621985722	0.163742963398487	554
0.05018703277343	0.436663977757325	147
0.106164448046751	0.165404098536463	89
-0.105616503912734	0.481200024176288	1338
-0.063949216854532	0.780281299125192	241
0.023040487486728	0.608785944515348	798
-0.077552125165791	0.365819215686322	682
-0.033734632921874	0.274571136986713	682
-0.086487784187957	0.649482984142637	86
-0.086988590600088	0.567392198869701	86
0.087140362661384	0.341470240944622	86
0.018833273535242	0.594204525928449	86
0.107809498428198	0.161710387629989	495
0.071200428829058	0.329323100266378	118
-0.057028736447463	1.05265676904623	118
-0.0655720423259421	0.917568301518233	4
-0.0744716293440491	0.714710795552351	4
0.019119027914747	0.499368743842449	253
-0.0849477023587441	0.663683284448499	253
-0.091872457914397	0.466663188836144	253
0.023247976897136	0.593226116734609	1
0.015984609805786	0.815050155796938	1
-0.097183620667161	0.497816109492811	153
0.105920222496757	0.530902926260837	476
-0.026740982487389	0.274741205559888	476
-0.091099261911339	0.377010877146361	6
0.106164448046751	0.165404098536463	6
0.022326447919233	0.706557403660149	6
0.0778126721460291	0.336181554556844	554
-0.09516320900917	0.48242749034405	147
0.106164448046751	0.165404098536463	89
-0.087579130636111	0.397265079151081	1338
0.028939629847866	0.522653718359155	1338
0.048918302431882	0.70823106922797	296
-0.118958374486143	1.06575590486664	296
0.082835239786628	0.690199660576615	88
-0.0976090101250911	0.380564282916024	798
0.106164448046751	0.165404098536463	682
-0.088695216783827	0.385517102399586	86
0.00838624128047904	0.719013340057116	109
0.088672831324328	0.610321050505226	109
-0.051352300550508	0.862590449661296	86
0.018508879626815	0.605752140181303	86
0.102859028982997	0.770900072660955	1850
-0.076976861642342	0.800774650707264	25
0.046990479354688	0.950561333700158	25
-0.078101922646926	0.691618273453276	4
0.100647923662539	0.565255721764452	227
0.092752998613213	0.597387765350066	4
-0.073805632055026	0.747104123721335	253
-0.090057227749837	0.653147876144326	253
-0.033145057126805	0.281327417977169	253
0.075378008393562	0.342248055100551	253
0.113624522225264	0.540916149525369	253
-0.064255349424552	0.883019686170634	1
-0.092575454322084	0.402273555476324	1559
-0.0852798477318491	0.374898022956542	236
0.109083110292862	0.540318690993179	476
0.106164448046751	0.165404098536463	476
0.103305263129155	0.160883900344644	6
0.110516786702952	0.5414121643438	335
0.080739030887876	0.345639761631221	335
-0.03021271116587	0.280673504110943	6
-0.090182382710463	0.589171257791174	147
-0.029631553521776	0.277137412790688	147
0.106164448046751	0.165404098536463	89
0.026662528255011	0.522784547250372	1338
-0.052097452653912	0.862849831819565	89
0.085241078990294	0.696146077884748	296
0.019412179218406	0.673925297144532	88
0.0853179929060211	0.337929849384862	241
0.107510621985722	0.163742963398487	682
0.05051265991179	0.43158605309223	86
-0.092453412168475	0.496464344097513	86
0.0813755258034951	0.343112526455049	86
-0.030824300968471	0.287187108205516	86
-0.0809405658620021	1.65307622900698	1850
0.09378721526755	0.812342515378817	25
-0.093739208222138	0.546308091637116	4
-0.101013698868347	0.489135599485427	227
-0.064611753208514	1.0296965626741	253
-0.030257488020119	0.283070259872901	253
0.082556727911601	0.343718998039652	253
-0.0658754962527171	0.876875853892376	253
-0.098857341503758	0.563679113164118	253
0.104517232406286	0.160931846851905	122
0.103648287859847	0.158948670390298	1
0.107809498428198	0.161710387629989	1
0.043574785537814	0.501291707058935	1
0.106164448046751	0.165404098536463	153
0.024820091290771	0.655138324458047	476
0.101824262661845	0.531723218421844	476
-0.09228987084191	0.587861570092712	476
-0.087353033636791	0.543449958041682	6
-0.027305164050353	0.288218637766352	6
0.107510621985722	0.163742963398487	6
0.116401702677324	0.528782072098005	554
0.082551798303072	0.32643470981513	554
0.107510621985722	0.163742963398487	147
0.107809498428198	0.161710387629989	147
0.0126971442219	0.7177627224394	1338
0.032509719276993	0.578059543284546	89
0.122117857417747	0.692085320423002	296
-0.070513634738296	0.784663841070969	296
0.104561271262216	0.774302670996991	34
0.02294534458455	0.623859348353681	88
0.103305263129155	0.160883900344644	682
-0.092322293321078	0.656742986995434	88
-0.030824300968471	0.287187108205516	86
0.049113615165208	0.440315557397391	86
-0.09229154792474	0.635913019453361	86
-0.0883972178356121	0.561098790838246	2211
0.046965021781329	0.439700795353966	2211
-0.022549414199922	1.4813425030789	1850
-0.117683426698149	1.29088945460578	1850
0.11665947389904	0.848232396159928	118
0.093234437637953	0.920490053534546	4
0.00196273147485904	0.975720062819662	4
0.07054836252482	0.984755125658913	25
0.122685368400468	0.7020635974853	25
0.078150841129998	0.888693953466664	4
0.08364405033331	0.627941950731712	253
0.10951204064891	0.161545516971529	253
0.10915674864297	0.160134884536478	253
-0.057775031326502	0.739375235158299	45
0.071790975275063	0.700487852166256	1
0.00840909957389302	0.816183236783454	1
0.043787451671255	0.426227758346205	1559
0.042168865907251	0.412946741865667	1559
-0.027305164050353	0.288218637766352	1
-0.0806195098817431	0.380413963787504	476
0.0501037266393209	0.433523724712915	476
-0.0577458871275181	0.809162022597149	476
-0.083633860634918	0.663138507141384	476
0.013614186434678	0.774156358462621	6
-0.095490729080467	0.480825144137817	6
0.107510621985722	0.163742963398487	147
-0.03999003478929	0.281119023278196	147
-0.030257488020119	0.283070259872901	147
-0.065739673109475	0.883959702670616	296
0.028622670483444	0.928356251946559	296
-0.042481963801836	0.831933667830667	798
0.079963719842031	0.330943154954249	86
-0.03361160922026	0.290242048778392	86
0.00807276741509499	0.832851336278082	86
0.091512292646779	0.629837449688853	86
-0.091089449844499	0.574253603203016	2211
0.119680166818044	1.10739058131887	1850
0.097941311019908	0.598016088582015	1850
0.107423895367126	0.521306067395073	1850
-0.069341925256408	1.09952598302665	118
0.011808768494315	1.08588796951717	4
0.02044334538667	0.592289904786743	25
0.095875548000862	0.645404405185355	4
0.072353394759149	0.856666648452855	4
-0.090861895976427	0.487205390002865	253
0.103648287859847	0.158948670390298	253
0.084137336743606	0.348106420424358	253
-0.088961232753567	0.395435769899567	45
-0.09620662825723	0.390519809928938	45
0.100307038068989	0.162601931105921	122
0.107510621985722	0.163742963398487	122
-0.027305164050353	0.288218637766352	122
-0.034785185175538	0.283807885980878	1
-0.084505143153349	0.395488792215213	1
-0.095461930868834	0.475212870419221	1559
0.10196263205565	0.162454516779564	153
0.045598801064536	0.490471512387519	476
0.05372709374616	0.423459924743784	476
0.0380169884093891	0.487481017892183	476
0.014157268174437	0.694397835383366	476
-0.090322085739965	0.567158258054232	6
0.104407908678496	0.575090071154011	6
-0.087502403278298	0.595062898012118	147
0.105862327314304	0.15938672368822	762
0.082956788129497	0.349761826454807	89
-0.087023792562377	0.386360899818957	1338
0.050463966885167	0.412396471932055	88
-0.0937117483157009	0.404660598712052	86
0.02767792627112	0.523240813246149	86
0.036153176484492	0.552994451785593	86
0.103713540805562	2.22622342920473	235
0.045489001838572	1.66159504189043	1850
0.017255463258565	0.721017847916134	1850
-0.124513838117884	1.01710869535201	1850
0.055838304886579	1.18661218846687	118
0.037949573376149	0.949826199017868	118
-0.06661919154396	1.20595654129209	4
0.112064407294901	0.853355586045559	25
0.099181551481531	0.811509342066747	25
0.011229189105686	0.879404793665968	25
0.087500926576936	0.64956720820186	4
0.070132917717956	0.762777835631589	227
-0.053435466195332	1.00939853694074	182
0.093860875391051	0.914536611500832	4
0.118551813196717	0.523121245906607	4
-0.103319502818648	0.99571194331458	4
0.101648578584425	0.16103383582639	253
0.052742997164647	0.438930671565278	253
-0.071216054027015	0.860793974642673	253
0.02413914886737	0.783526933904012	253
-0.031384221241339	0.281582131382678	122
0.106632490543899	0.529701182088527	1
-0.021618113720386	0.264551920423018	476
0.106164448046751	0.165404098536463	476
-0.093950895767233	0.398289602449969	1487
0.044264710634024	0.435530432168694	476
0.12237766914648	0.453250296112545	476
0.10196263205565	0.162454516779564	153
-0.0250448016068791	0.279597056391279	153
-0.067556887390316	0.709542416800824	476
0.036884434498102	0.531194580319719	6
0.103305263129155	0.160883900344644	147
0.063059062643852	0.818801860210874	296
0.100307038068989	0.162601931105921	88
-0.092334741942421	0.4050383296159	88
-0.0238552816570889	0.278682303607486	86
0.030192149756386	0.520209399541752	86
0.045339154741509	0.435795208201453	86
-0.084221848090974	0.673866461266968	86
0.092638832188745	0.647188049429501	86
0.107861246730386	0.157338749699546	86
0.116204472335956	2.02888478955446	235
-0.0702836197335091	1.77719008523414	235
0.073492607658649	0.691977189194152	1850
-0.053773735535828	1.09262311256639	1850
0.00606751493813695	1.06634075091303	118
-0.090900075779743	0.584236400457874	1542
-0.055494614236408	0.933337198762871	4
0.017329426117334	0.842131146027294	4
0.021173430716132	0.60497590983443	4
-0.057792597826559	1.14022597474304	253
-0.041761566961964	0.840152496646677	253
0.10951204064891	0.161545516971529	253
0.031582632847746	0.523703934254875	45
-0.0503923201920921	0.878408402239858	1
-0.0250448016068791	0.279597056391279	1487
0.107809498428198	0.161710387629989	153
-0.083761041628861	0.575659761570186	476
-0.065007948639094	0.693855735573212	476
0.1030655249632	0.538781959858822	476
-0.025614146902992	0.279913059585337	476
0.107510621985722	0.163742963398487	6
0.083748602330157	0.336785336618551	6
0.040071410448659	0.5009193785672	6
0.052412176253763	0.444083300773306	6
0.076669558677928	0.715894433230652	6
0.100307038068989	0.162601931105921	6
0.11116065894082	0.158048670727366	6
0.010675452257206	0.859981153707677	89
0.018592377532937	0.74561077941513	88
-0.075617579326301	0.741841941368713	88
0.075378008393562	0.342248055100551	88
0.027029479235211	0.59926119699544	86
0.018627894785173	0.76917363955801	109
-0.074065858797571	0.688214740327207	86
0.094115742441207	2.14723159778113	235
0.027103105463705	2.22174632557856	235
0.124934605872776	1.52876379416837	1850
0.097978815154204	0.773487064466522	4
-0.069189649658572	1.228491273999	4
-0.096049200448253	1.10329159843756	182
0.075964001852601	0.920571280551463	182
0.108049930835314	0.546031438434429	182
0.04970647661095	0.436813609197442	182
-0.097049523081347	0.497374847031036	253
-0.035375350384672	0.289931372759217	253
0.107861246730386	0.157338749699546	45
-0.0420961815219339	0.783859483276698	1
0.063900985660496	0.75868329074603	1
-0.111090940662376	0.943065842271	1
-0.0250448016068791	0.279597056391279	476
0.015900313116999	0.808702431630518	9
0.014701615755993	0.739499961269835	426
-0.02680154360055	0.280831111550184	6
0.096407053918803	0.640908879994474	6
0.034991331394614	0.510905257968108	6
0.105862327314304	0.15938672368822	89
0.0111677687606671	0.82370041884452	34
-0.0885096327849641	0.471581007999798	527
-0.115770618004155	1.06743283095099	86
-0.085461613778698	0.438850372992605	109
0.076558506500873	0.338207938185996	86
0.075200851365979	1.36323448335148	1850
0.094925596897967	0.609177225096751	182
0.043275158155393	1.06475672355485	182
0.111490432903621	0.529900969651964	253
-0.113242261732768	1.17565304943134	253
0.017426776222276	0.670422146372432	45
-0.0571152397735	0.88881793725211	45
0.087922168181051	0.301589713622119	45
-0.057692936143884	0.918133129753476	1
-0.076348318646694	0.814504060275195	1
-0.025614146902992	0.279913059585337	153
0.110755384337716	0.839809203644427	426
0.018347729001211	0.652777195316221	6
0.124010591810747	0.710313132461516	6
-0.025614146902992	0.279913059585337	484
-0.027374541519571	0.277808019884369	89
0.10915674864297	0.160134884536478	89
-0.082193028725982	0.659286535304663	1338
0.017347583192449	0.626654315998971	296
0.010269930507087	0.740698189531811	296
0.124977679850894	0.462649788847204	88
-0.0996139086103121	0.565569798656638	86
0.012515353518463	0.707890061760184	109
0.058270307856891	2.32738346475402	235
-0.07254851560169	1.51848521416369	4
0.065540766503103	1.32151700970711	1850
-0.0270843037805381	1.27242171315665	2109
-0.027280142121444	1.18788425068205	800
0.027112585116281	0.605932448428565	253
0.097503001335679	0.581477553838355	4
0.024590999671559	0.593973963352894	253
-0.0567021507186199	0.811459905249489	45
0.112651505241824	0.544541409237296	1
0.091916871209524	0.595763404955569	1
-0.062201072676542	0.853817065363311	476
0.120982204944251	0.514429705486634	476
-0.0717896762952021	0.734140152361998	476
0.014916525248043	0.818912123224864	476
0.016899154458174	0.748953319902032	6
0.110140885834989	0.750018373826601	6
0.090262528286796	0.574079824598048	6
0.090955243914417	0.600076622677377	6
0.013139457485164	0.724664691125108	89
0.121300938762516	0.505799089539886	628
0.020249220689087	0.694186043355142	1338
0.076557460723345	0.339349237701821	296
-0.088591119343991	0.458598505256616	296
-0.096823931138629	0.487559297034387	88
-0.098413012183804	0.496604279873565	88
0.032842441694002	0.518363036886306	88
0.020428612212867	0.725061630872698	88
0.00917104830848004	0.876853073829633	86
0.082835239786628	0.690199660576615	86
-0.094472085042818	0.487812374671431	109
-0.047985147167771	1.01966754676523	109
0.076797806594841	1.59603986107504	1850
0.057646665731323	1.39710080004318	2109
-0.070461043099919	1.23566433788738	800
-0.108182978051784	1.11277420103216	182
0.07837852886124	0.349301728169769	4
0.047560251621811	0.439198057292984	4
-0.056345260941906	0.992494999024414	45
0.07910137476422	0.654173398458171	1
-0.092143967845528	0.580211321851044	476
0.108599133942091	0.523757537109478	426
0.0494972974968601	0.417743704243758	476
0.015009514817953	0.807354306731152	6
-0.113410358479263	1.12686332898162	6
0.024181837357798	0.589893750009312	628
-0.0758373038871401	0.344447138305877	89
0.03501568412848	0.505647068579564	88
0.124799430648022	0.471305240595533	88
-0.08802490798162	0.565980208154972	86
-0.0908594885371929	0.58884778317699	109
0.081382380360048	0.33268872834728	109
-0.068968332782004	0.75876659327773	30
0.077259890840976	0.707775442663695	86
0.034101823387223	1.26763208145527	2109
0.080739030887876	0.345639761631221	800
-0.096163467855528	0.474582236086876	4
0.113365174965414	0.532419617668447	4
-0.013327793169179	0.987939038675989	4
0.028320433120955	0.588229221355997	253
-0.028498399814911	0.281825881396972	253
0.024279491605413	0.513165952364609	164
0.0356238908941871	0.534214610857863	45
-0.031972908774607	0.280423726905321	45
-0.08872485481201	0.365092649933439	45
0.088322105459695	0.336998690080824	45
0.072214719202222	0.72159217038362	1
0.094534579216224	0.608356167349732	180
0.060420860796262	0.815018226650943	1
-0.094721004902944	0.474054399919694	1
-0.062494503602664	0.853234551155285	476
-0.081714408506379	0.746591983333995	426
0.10148173570436	0.534617766600086	476
-0.0967206629501	0.486910129554311	335
0.0795587215999281	0.349959468170089	89
0.11760516147128	0.514549466098144	296
-0.091548273050338	0.457035786220121	88
0.057268415619908	0.42572417685274	88
0.021519162642463	0.669409207801123	88
-0.119338229508132	1.03720703778325	88
0.114385095461103	0.544757211010415	88
-0.095814868427433	0.495060739536507	88
-0.0250448016068791	0.279597056391279	88
-0.079678255533253	0.743974052876209	88
-0.089266919505522	0.569033666295362	86
-0.0571756126776251	0.901568056752694	109
-0.070441737754836	0.804157408594245	86
0.048119766109169	2.15104138269209	235
-0.00407854267013097	1.17520788894575	4
-0.081699802166229	0.716259921035679	4
0.097180121946082	0.637262905666853	253
0.117848317387108	0.719673450319574	45
-0.069579777866973	0.802440887095565	45
0.055123956958658	0.431920433907619	1
0.016532425673539	0.765559693631369	180
0.045730530902654	0.437007592237118	476
-0.0604937754936981	0.898678478920975	476
0.01238349719083	0.657768223403862	9
-0.121185795178856	1.01258491781521	426
-0.0528963168382201	0.797069089330978	426
-0.089129481666035	0.584118164935398	6
0.018169048079397	0.675648812782463	89
0.101648578584425	0.16103383582639	628
0.106192079212915	0.533720408437303	2293
0.069980419612694	0.702496855131487	296
-0.083777455992707	0.642678057115874	88
0.056356849951902	0.43275722927982	88
-0.039523985102545	0.269499987792555	88
0.01610547539788	0.811972597973785	109
0.00185075694021897	0.800521670445633	109
0.099799450825405	0.565437140975799	109
-0.081956978192586	0.679608958015001	86
0.101648578584425	0.16103383582639	86
0.02932034369267	0.593103339324172	4
0.112091146110391	0.781174382439143	4
0.072152089193972	1.40700339137971	1850
0.105512824068454	0.775602310563112	800
0.0542357617684121	0.421490281451795	45
0.10915674864297	0.160134884536478	45
-0.0842688790310751	0.387082441158237	476
-0.041155007952577	0.275319188525736	476
0.091400388696475	0.610243425266868	9
0.08177634904414	0.342038832962981	476
-0.028498399814911	0.281825881396972	328
0.107510621985722	0.163742963398487	89
0.007979590711642	0.883781757883775	2293
0.011515115415175	0.641691834158103	89
0.110713171112088	0.551292846867107	296
-0.032439635017377	0.279989616539392	88
0.101648578584425	0.16103383582639	316
-0.096744577103315	0.579869482098321	316
-0.0290638964268311	0.289518739243686	88
0.014857236800931	0.593282204750968	109
0.10125400885741	0.775472524435583	30
0.019177018023067	0.717002797714854	86
0.101362600517868	0.801969578369458	800
0.015194628244049	0.675071480861196	800
0.034145216741639	0.487944808843399	4
0.07547747161508	0.722112642513521	4
0.0646768838166381	0.807908412966572	182
0.112309078714956	0.505634696981708	182
-0.07729335059224	0.634464715154387	45
-0.087579130636111	0.397265079151081	45
0.054556383766024	0.433195558085423	476
-0.0584915238935611	0.865338219984766	476
0.013829241754137	0.818631127347092	1277
0.113890434666454	0.732485119025468	1277
0.079557466810896	0.346722182765788	366
-0.069594097504877	0.806906547852012	1118
0.079417627692986	0.345247746279659	335
0.107333340836628	0.532126183565844	1849
-0.091983669996354	0.485424311054072	1849
0.107510621985722	0.163742963398487	328
0.10951204064891	0.161545516971529	328
0.107510621985722	0.163742963398487	18
0.096195222150701	0.606431672311955	2293
0.122735206951836	0.71373458171377	89
0.120480373880236	0.695171632459668	296
0.028939629847866	0.522653718359155	88
0.072548995642713	0.692172218720794	88
0.09370104006638	0.593420162208625	109
-0.075446125297187	0.737577123026726	109
-0.117263591322538	0.994521054610846	109
0.028995474164909	0.582813891232918	109
0.121150963614811	0.704892390282002	109
0.121964820741208	0.500547402579937	30
-0.097127439490204	1.01652094806518	30
-0.102156781666925	1.02259080379525	30
-0.055654650021489	0.810091852719675	30
-0.031972908774607	0.280423726905321	30
0.0163128842499251	2.48368274318653	235
0.00293299292042504	1.09804008808123	182
0.03550613650266	0.51937518398906	182
0.091426632162985	0.948225875359662	182
0.0948736151745569	0.802846320933097	182
0.00655370626112906	0.734178980861454	4
0.071835073438685	0.338601898966087	45
0.105307501552363	0.158795616333555	1
0.10915674864297	0.160134884536478	476
0.10951204064891	0.161545516971529	476
0.014857236800931	0.593282204750968	476
-0.040591144160726	0.268165741386478	1118
-0.047965291719128	0.884388032802154	6
-0.088481800781369	0.388162706286969	193
0.104517232406286	0.160931846851905	384
0.108937922617992	0.550305226639813	34
0.000900077451374992	0.82370706873673	88
0.107861246730386	0.157338749699546	88
-0.030824300968471	0.287187108205516	316
-0.035375350384672	0.289931372759217	316
0.106164448046751	0.165404098536463	316
-0.083869386202967	0.635908905666888	573
0.011359009059951	0.879463027127143	109
0.00666624529568904	0.844740422383527	30
0.067334755199442	0.696423894068043	30
-0.06509949205526	0.684111410526908	86
-0.104841989169941	1.26232722604265	182
-0.01546678371967	1.41148479247261	4
-0.040502306466742	1.20985347742704	4
-0.058266700562274	0.783836872602852	4
-0.085818068485586	0.687487011165201	45
-0.097074875190712	0.494161729985421	45
-0.036549561776265	0.283542077282334	45
0.10196263205565	0.162454516779564	45
-0.0682307449733111	0.850406320603364	1974
-0.0250448016068791	0.279597056391279	476
-0.026113129457213	0.277995185358117	635
0.10915674864297	0.160134884536478	476
0.03321654338211	0.503926928826284	476
-0.116269573138867	1.00140097764547	1277
0.084800107416105	0.580553776181705	335
0.031341060887459	0.523471060872097	6
0.107510621985722	0.163742963398487	89
-0.063246618345274	0.856022240562921	2293
0.00715747080857299	0.781445318980241	296
0.037457327729206	0.939604531458366	89
-0.0632976085299301	1.11070632436012	296
-0.041755120038348	0.277074668728566	88
-0.071625943244515	0.73690796712424	109
-0.099552929636309	0.541206446853153	109
-0.065290633239625	0.748816795441444	30
-0.053063566601108	0.952608444056493	30
-0.027305164050353	0.288218637766352	86
0.00640412128387002	0.777624280840496	1850
0.045100833048269	0.880435256109372	800
-0.0814231042786711	0.370870563626919	4
0.018382575466239	0.603043606505455	4
0.034872123715719	0.514096954668208	4
0.104517232406286	0.160931846851905	460
-0.0753585920456	0.625346524694996	4
0.04684408276834	0.479707139721713	45
0.084135683507975	0.345768078838367	4
0.014857236800931	0.593282204750968	1974
0.107510621985722	0.163742963398487	1
-0.038226481876638	0.276557176755397	476
-0.098669861158767	0.544700743117201	476
0.082562279979871	0.341193389803571	476
-0.02680154360055	0.280831111550184	1118
-0.100553525556965	0.496408201415835	1118
-0.037140629346175	0.283535339223129	1849
-0.038226481876638	0.276557176755397	6
-0.086438487217131	0.383624883046197	89
-0.027305164050353	0.288218637766352	89
0.110225532488646	0.534786320182712	2293
-0.095324185950399	1.20489453553106	89
-0.06573093828376	0.863502628152092	296
-0.082163462835766	0.531954759324533	88
-0.063879370979517	0.791962626062855	88
-0.08619734863027	0.396258215966489	88
0.110464059977948	0.539741851707303	88
-0.093950895767233	0.398289602449969	573
0.022006160687717	0.650735412582054	30
-0.0609477534495601	0.856236265949898	30
-0.027374541519571	0.277808019884369	30
0.104517232406286	0.160931846851905	30
0.024971579445635	0.943722247130232	4
0.116549445556657	0.709117281820583	4
0.048201258639564	0.437306160972824	779
-0.04383218899345	0.965321463271454	1
-0.030824300968471	0.287187108205516	476
-0.026113129457213	0.277995185358117	476
0.104517232406286	0.160931846851905	1150
0.121190574711303	0.713761875915766	1849
0.07837852886124	0.349301728169769	193
-0.093471480091589	0.394228667375329	18
-0.023289722935519	0.272605726623559	18
-0.099641128919675	0.48267581712613	34
0.107809498428198	0.161710387629989	88
-0.070441737754836	0.804157408594245	88
-0.069074439620896	0.775362553270654	1148
0.0994218925042249	0.571258716574359	109
0.112407533313954	0.697109388715153	30
-0.054483099483803	0.803621774767783	30
-0.097574993399617	0.388277673602485	30
0.072354117453349	0.695370206475742	182
-0.120671056624179	0.994057151380285	4
-0.059807539898045	0.932012770958182	779
-0.03302234654777	0.277624063329933	45
-0.035375350384672	0.289931372759217	45
-0.026113129457213	0.277995185358117	90
0.019738595502626	0.670719260150781	180
0.00826319770274897	0.718469942713553	180
0.020467527767424	0.821195650150652	1
-0.095089058281386	0.400615562120894	476
-0.032439635017377	0.279989616539392	476
-0.030257488020119	0.283070259872901	476
-0.035375350384672	0.289931372759217	476
-0.050077897515152	0.790886371079905	302
-0.00571346621921198	0.891925806369114	296
0.099522700713033	0.601358838097703	296
-0.077077844383338	0.626002506086505	34
-0.065940011549366	0.772843867722788	573
0.07837852886124	0.349301728169769	642
-0.0470454267260601	0.938258970463669	192
-0.090900075779743	0.584236400457874	4
-0.085586246071474	0.636055312879848	992
-0.094850348326904	0.393910118844487	45
0.073174151542396	0.75742206294125	180
-0.108837065814492	1.11096954140028	1
0.031582632847746	0.523703934254875	476
-0.0518323917715891	0.849044254413188	1277
-0.0857322460604431	0.564889911062083	1277
0.080595845732462	0.343106575046838	476
0.054887185660892	0.439557131736456	132
0.116752227509297	0.505293883697759	6
0.10915674864297	0.160134884536478	18
-0.104381320871454	0.482261653280832	89
0.025840344960499	1.03003413210558	2293
0.043189681426489	0.432441398358919	302
0.016290481752323	0.731322387154781	302
0.00949757637051196	0.658899646098987	302
0.113878383267517	0.497732181568216	296
0.084776726443706	0.336027592702482	296
-0.041755120038348	0.277074668728566	88
0.092562948330295	0.604498751573689	1148
-0.066081473136394	0.837131755721594	573
-0.08232073443949	0.549884540415808	573
0.040072499046072	0.93157202698672	4
0.036708598738593	0.940534180676067	192
0.043888313604472	0.421077928097427	192
0.01302520126429	0.783119913725745	192
-0.062630037201355	0.875399863208125	192
0.107818905666516	0.523313972680493	992
0.0799568528713001	0.340493814447832	992
-0.088722060553371	0.39962615142417	992
0.10915674864297	0.160134884536478	45
-0.043189885729413	0.98923537448998	180
0.0807410588416601	0.345996909135544	476
0.058984886591584	0.767098467561801	476
0.106164448046751	0.165404098536463	908
0.10915674864297	0.160134884536478	476
0.096322675407765	0.599075705760454	1277
0.0876292953789281	0.596269414418066	1277
0.106164448046751	0.165404098536463	335
0.0799568528713001	0.340493814447832	585
0.107809498428198	0.161710387629989	18
-0.089581643056626	0.391224673584532	18
-0.08812796538128	0.400855897121907	18
-0.075322746887332	0.781237779393179	302
-0.088619973226661	0.482593946487914	296
0.05066997792298	0.414334851108972	296
-0.08812796538128	0.400855897121907	296
0.119224004313914	0.525519043477996	199
-0.111827148137613	0.974106848595192	109
0.020209103936476	0.587745625423383	1148
0.119815885835133	0.51614506723717	573
-0.0855448658568781	0.724824487900883	30
0.00115604525523205	0.883470245862357	30
0.031726416261506	0.502588651070741	30
-0.056113682718026	1.0032283735909	192
0.00843671186536099	0.857104305898131	192
-0.104952984377468	0.468011366981546	192
0.017291023002769	0.990192927463301	4
0.037905866023874	0.476298806841793	779
-0.083815939652597	0.644477857190365	992
0.049191488791086	0.439087486554283	45
0.08558626264402	0.303900453660162	45
0.081514538146109	0.70870662390212	1
0.040102990928621	0.926179416416743	45
-0.03999003478929	0.281119023278196	476
-0.087338436775698	0.398613371787137	476
0.0909526106262	0.614793289611187	476
-0.08246034135825	0.713317539768417	132
0.082959225668201	0.349211207976213	18
0.104147835992428	0.535833914009063	18
-0.092815049958558	0.384755750385634	18
-0.097949322383011	0.485799405561573	302
-0.0987046237220009	0.390441887103387	302
0.082562279979871	0.341193389803571	89
0.078916158155474	0.324833739127034	296
-0.088212321712895	0.568272834428163	296
0.108217613504078	0.533680124213833	296
0.078781688802791	0.340415278374037	296
0.049439244996645	0.430116870986931	199
-0.098186054801881	0.561253837173	199
0.015822352286014	0.746301810453432	1148
0.024113397264996	0.579523290373978	573
-0.082231514401366	0.731616670325912	109
-0.00373318885165996	0.856282213453872	30
0.0254922614786109	0.594217142466355	4
-0.067140577136628	0.781622651439624	642
-0.099791554109136	1.17818530118512	642
0.06676300461602	0.769314008405822	192
0.111903293990838	0.914482789736775	192
0.00405399297780495	1.56390363545874	192
0.083742303029985	0.34178724806317	4
0.09780930524686	0.604116558511511	4
-0.075232844475002	0.786276355943941	992
0.00340819536217796	0.818024155950084	992
0.056802525840493	1.00213335328766	132
0.110604084557726	0.529507557538473	1849
0.00827440613434005	0.745509035430303	18
-0.080652545572929	0.716970749514066	18
-0.045087300863272	0.898759672242583	18
-0.092121167068151	0.47805542068418	89
0.10915674864297	0.160134884536478	296
0.0480396116867861	0.441274347240567	199
0.052412176253763	0.444083300773306	199
0.104801202116951	0.556455752596152	109
0.11944407988094	0.794976687843659	109
-0.017685340508259	1.24642807036276	109
0.029970944140546	1.00786709012131	1148
0.0127915342886	0.770472733359507	1148
-0.0544779340405101	0.974636563741016	573
0.0654302391364831	0.792519271165518	573
0.016263221377561	0.573204527958314	573
0.019320613698002	0.758566034055695	573
-0.087112214144627	0.573099140688275	573
-0.075117691682537	0.639362043479598	30
0.00683107655481197	0.919116106236436	642
0.079119110252416	0.876080550207572	642
0.076487429800143	0.711446889323379	192
0.086618733610504	0.837279466861351	192
0.029938339402817	0.52984740857247	192
0.00546123908584995	0.759279441158313	4
0.090546446516806	0.652351738059021	274
0.024320488997276	0.608135130646903	992
0.061831946791076	0.808857801911001	992
-0.089482928986026	0.661579444852796	45
0.021723072237428	0.579803405417443	1
0.09806813739487	0.6002172860422	45
0.028575128909209	0.520935701542031	476
-0.081414939489878	0.551029007433788	476
0.043718731342139	0.418498150558663	476
-0.117276102609115	0.965773905344287	476
0.122054806784533	0.908798650271557	426
-0.0765944907063461	0.746794259558594	426
0.092804833305802	0.650798340985336	132
-0.084372583696989	0.638916378018679	1849
0.0954999706408221	0.613765447095653	1849
0.047410029017214	0.898025904847001	18
0.052742997164647	0.438930671565278	18
0.02966992943727	0.587077648335318	18
-0.100356034290381	1.13575508849682	18
0.082562279979871	0.341193389803571	302
0.088185644778283	0.325036997802351	302
0.02731818438109	0.509567522789123	302
0.083592603264695	0.340997983687386	302
0.090538909604218	0.320746241360901	302
-0.036001213166729	0.268963760153547	296
-0.079397853930976	0.663642868177651	199
0.028491328170451	0.564854615354212	1148
0.017710708534057	0.781843349201364	573
-0.090900075779743	0.584236400457874	573
-0.114554298913416	1.58061622442406	30
0.080262265122019	0.635286812350655	30
0.012335191720832	0.73756312585459	30
0.104457093973261	0.577723468437359	30
0.098097045458986	0.763669331595811	4
0.110428123737261	0.863078654185008	642
-0.103949717176779	1.04502201199496	642
-0.106246492226061	1.21920028296262	642
-0.075208086206651	0.699973475380266	642
0.059660929303287	0.94571016198499	642
-0.025418378373998	1.15948490233596	642
-0.052168997958745	1.07457484605253	192
-0.070748087602253	0.721671377995251	192
0.07837852886124	0.349301728169769	4
0.069282994280815	0.775251614679455	4
0.111787363767131	0.523396892836085	992
0.063032526488412	0.408958693413308	45
-0.0508263523263181	0.946299924495144	45
-0.095689044268645	0.582218421172514	4
0.0486094876051441	0.854242476778817	476
0.0802949891959201	0.633860595490629	132
-0.0997932497574629	0.372443817297394	132
0.091698506207574	0.667410883525918	18
-0.098659148277528	0.477748615022638	18
-0.088961232753567	0.395435769899567	18
0.014981404722622	0.580686560432621	89
0.111985431619502	0.511925308650674	302
0.109717529186013	0.527032918562608	302
0.034609900235328	0.535064025903988	302
0.049540656313205	0.420116879647971	302
0.08177634904414	0.342038832962981	296
0.0197693031084361	0.596079613311664	296
0.0258349120539469	0.606585429359521	296
-0.080624976105136	0.632484371213838	296
-0.092786387940903	0.466913644514598	697
-0.090861895976427	0.487205390002865	109
-0.030257488020119	0.283070259872901	199
0.0807410588416601	0.345996909135544	88
0.0967759662198599	0.608350606863449	88
0.049113615165208	0.440315557397391	30
-0.046586965833515	0.936871023832172	642
0.059986204602285	0.773410762672567	192
-0.096434916083401	1.20788729843677	192
-0.035579949048087	1.16752819324268	192
0.117413920790482	0.721675625378758	192
-0.097517225367428	0.490130210196235	192
-0.099429680362001	0.500158864699493	192
0.051820294284597	0.428565066478455	192
-0.058094352607291	1.04087973973001	274
-0.061040360312956	1.07705849797471	274
0.014924742671404	0.713636963264924	274
-0.085058548507807	0.382665900386047	45
0.083594326934749	0.33483511002152	45
-0.080750655217108	0.539281744394509	45
-0.097748015369798	0.454706578178298	45
-0.089804755206096	0.592832334394387	45
-0.0906310659803941	0.392878114721319	476
0.00773980086887105	0.793889631124104	476
0.053966769815829	0.42252974805911	476
-0.076086890321113	1.3043311799153	476
-0.087338436775698	0.398613371787137	476
-0.048848404415779	0.98894677374503	1849
-0.055750571713169	0.898477832317171	1849
-0.0618334786786881	0.878662327348926	1849
-0.10742365644564	1.08411976238264	18
-0.057875769291929	0.952295514840855	18
-0.078173303642086	0.772907019312723	89
0.0335955219081741	0.533152618155558	697
0.118352783809989	0.686112575848377	167
-0.0849477023587441	0.663683284448499	1148
0.091916871209524	0.595763404955569	1148
0.118877381005963	0.712902812197451	555
-0.05122138729293	1.00246712997517	30
-0.07447232483592	0.786885113842068	517
-0.057725456311169	0.950894421896972	517
-0.059025514704413	0.88095544264369	517
-0.012793471707217	1.45814286710075	23
-0.03494503371595	2.30223979588783	23
0.074990877472022	0.716744767342911	642
-0.062966536001436	1.21793282885603	642
0.082974063086536	0.876824649882364	642
-0.052164868575485	0.910898489440162	23
-0.0323031486832051	1.09766918295818	192
0.011419878135342	1.11519405149716	192
-0.055607680353703	0.877816484560544	192
0.018396714249843	0.764399032187088	192
0.0973679200474839	0.574986855032627	192
0.082183855005961	0.326250328309663	4
0.083402600569311	0.717570657607767	4
-0.093579674724677	0.576234496061707	1493
0.087139785369816	0.34180259658724	45
0.0123456188729431	0.676154986825517	45
0.092384003375019	0.64406866009926	45
0.074035737151936	0.775063443109206	45
-0.079135156754007	0.700759389798221	45
0.084654825379869	0.705555321017504	476
-0.071159223890875	0.781456845353909	476
0.00426309314109397	0.717693830175682	476
0.023397215099115	0.733827536031532	476
0.060892410563457	0.414698738266263	132
0.018749173878983	0.813351644285197	132
0.086918635999297	0.580902524639351	18
-0.032018250277475	0.280909151217907	18
0.0817774803528381	0.350872754794278	18
-0.00842940528426095	0.904954505586935	18
0.028692936082209	0.520803289989374	302
-0.069982741015572	0.732881325587703	296
-0.095089058281386	0.400615562120894	296
0.0795587215999281	0.349959468170089	697
-0.0905069745520301	0.565298507409707	199
-0.088496724086585	0.664096102467929	1148
0.09882998901761	0.607410296382545	1148
0.015396088407665	0.687907214504838	1148
-0.049544104638747	0.834329776797849	573
-0.0857322460604431	0.564889911062083	573
-0.100043161556814	0.988963582313144	555
0.00614405880330304	0.748073180580667	555
-0.0692937081749641	0.753793576044347	30
-0.071625943244515	0.73690796712424	642
-0.0696460156070861	0.820728292165687	192
-0.01289462822884	1.23800796634574	192
-0.094634076982687	0.581079031918896	4
0.103000022651108	0.583419235921396	4
0.104968071043047	0.565125242281951	771
-0.0813246252920889	0.734204602922626	274
0.0262489110934	0.629119887359724	1493
-0.103258240792997	0.488357023804313	45
0.019408911219445	0.666183571940602	45
0.016352348356826	0.770401268644809	45
0.045455646832654	0.480626177128593	4
0.028061873936657	0.57998996868224	4
-0.09123584559749	0.590343597471047	476
0.015943994072806	0.600543348659098	132
-0.034785185175538	0.283807885980878	89
0.105862327314304	0.15938672368822	697
0.013401812478029	0.725821947090598	1148
0.034364940408699	0.530704138936033	573
0.054887185660892	0.439557131736456	555
0.084526783018255	0.323628981923438	642
0.080888320142801	1.15936340434611	642
-0.013046770942663	1.24865980795476	642
0.090946113047661	0.30940203482523	192
0.106103977503319	1.37699899051363	192
0.00962114098484701	1.25882632950139	192
0.107861246730386	0.157338749699546	1700
0.107809498428198	0.161710387629989	192
-0.025614146902992	0.279913059585337	192
0.020114084809239	0.669344927049982	192
0.0817774803528381	0.350872754794278	4
-0.074190787567178	1.68918609328194	1493
0.058673393347569	0.775026951419172	1493
0.045335224080047	1.02795744155771	1493
-0.097708042588435	0.364742630291789	45
-0.067588682899369	0.850929555093355	45
-0.059568882641479	0.819725994863199	45
0.116941735895608	0.705728194387441	476
0.104517232406286	0.160931846851905	476
-0.097092611051121	0.381095801494915	476
-0.067356227043432	1.71394963883478	476
0.113856334421888	0.868032973673394	476
-0.035375350384672	0.289931372759217	18
-0.121919763104062	0.996980984230781	18
-0.117150250057976	1.43753995079768	18
0.038687053005106	0.88810682116241	18
0.104517232406286	0.160931846851905	590
-0.031849403214983	0.283680842236295	89
-0.090182382710463	0.589171257791174	2297
0.091008374211013	0.601796471432505	167
-0.030824300968471	0.287187108205516	573
0.019512025964693	0.597593991014969	517
0.015787354389995	0.589174715842858	642
0.076474528114384	0.887484887858805	23
0.122544882046524	0.824728311754617	192
0.065350847337322	0.701767657025338	4
0.047179278675435	0.427416945803817	274
-0.075963258049272	0.61893696491205	45
0.109660430224951	0.751891969194949	45
-0.072913135958732	0.806429779014301	45
0.083742303029985	0.34178724806317	45
0.041324539122066	0.503891981635696	476
-0.100553525556965	0.496408201415835	476
0.018928532075113	0.595786891596993	231
-0.090750975546631	0.470820179032822	989
-0.057685473992149	0.871229634773652	132
0.046965021781329	0.439700795353966	132
0.078383169488197	0.336634802738503	89
-0.027305164050353	0.288218637766352	89
-0.082116356428676	0.349239099206474	296
0.008476162470336	0.8438240203611	199
-0.070839688099533	0.609737193048288	109
-0.0744716293440491	0.714710795552351	109
-0.084505143153349	0.395488792215213	109
-0.074951444542272	0.70764966711018	2297
0.045843009036403	0.403410455261419	167
-0.093349156213141	0.377276252615615	30
-0.088789607548025	0.663788452981692	30
-0.029496821258637	1.3034420145174	23
-0.080081686934115	0.63499357061885	23
-0.094472085042818	0.487812374671431	23
0.055123956958658	0.431920433907619	192
0.041146399478441	0.918450918510595	192
0.033881952157804	0.981862963637042	192
0.0197693031084361	0.596079613311664	192
-0.071538460069166	0.781705322500298	192
-0.102246347382635	0.48800209850676	192
0.022452179200502	0.611025907668535	192
0.033223563418915	0.882814442120182	771
0.11441110645101	0.529205321881463	771
0.085498652162526	0.661466403768328	45
0.076013314703309	0.341364704442576	45
0.0259391164385701	0.598427055079955	45
0.033007398287532	0.950325823967478	476
-0.035375350384672	0.289931372759217	476
0.100096441199213	0.80214009666237	476
0.073326893188346	0.701861837584087	476
-0.108278559699954	1.04288481564239	132
0.015435330399966	0.720794526017856	132
0.020876103063716	0.586406857827435	18
0.10196263205565	0.162454516779564	89
0.103648287859847	0.158948670390298	89
0.10915674864297	0.160134884536478	296
-0.027374541519571	0.277808019884369	199
0.116767140812733	0.697734759116867	199
0.019606295751902	0.695120725716089	573
0.016457673263377	0.725789605529583	223
0.107809498428198	0.161710387629989	109
0.107809498428198	0.161710387629989	109
0.084927448842824	0.337346793612619	517
0.111035180704127	0.526036613563561	23
0.082556727911601	0.343718998039652	4
-0.089129481666035	0.584118164935398	642
0.0853179929060211	0.337929849384862	23
-0.0290638964268311	0.289518739243686	192
0.084641050166934	0.308689237785653	192
0.088322105459695	0.336998690080824	274
-0.058417471760308	0.894444665237091	45
-0.083366414393369	0.385386980527353	45
0.105862327314304	0.15938672368822	45
0.022768786337979	0.65067812405405	45
0.0205613422775081	0.628217021852307	45
0.05018703277343	0.436663977757325	45
0.055791842139111	0.434040831287209	1117
-0.077088839180132	0.727968414280201	476
0.064269545182031	0.951770093951053	476
-0.094472085042818	0.487812374671431	476
0.058777600890055	0.765541119473828	18
-0.030257488020119	0.283070259872901	18
0.076558506500873	0.338207938185996	18
-0.089867264808577	0.389134108537863	18
-0.084303522359074	0.572439264426702	18
0.10915674864297	0.160134884536478	89
0.107809498428198	0.161710387629989	89
0.101648578584425	0.16103383582639	339
0.107809498428198	0.161710387629989	296
0.107861246730386	0.157338749699546	1436
-0.090106009512164	0.397764443513192	199
-0.102481498626627	0.46352088029071	199
-0.034241644420463	1.21011028572708	199
-0.063866273802872	1.07334542038754	109
-0.032439635017377	0.279989616539392	2297
0.059656223973132	0.416543135212764	573
-0.090958039933235	0.401616990682173	573
-0.122527003671366	1.06365213139457	223
0.0375180936020481	0.513004578210189	223
-0.027305164050353	0.288218637766352	517
0.045730530902654	0.437007592237118	517
0.0878219183651	0.600916329669929	286
0.0867272115205861	0.647315016743556	286
0.018169662630567	0.788346375507029	4
-0.062780164691616	0.853384280701335	23
0.016298379762867	0.600776359362343	23
0.067669236545864	0.802225278594273	23
0.024170255996871	0.64882980435525	192
0.0457437814910761	0.883515072532397	4
0.087140362661384	0.341470240944622	192
0.104850353222193	0.589780111087269	192
0.093378476370218	0.831245857998046	192
0.020980592746109	0.658525165120221	771
0.032509719276993	0.578059543284546	274
-0.122997017986114	1.04495852335815	4
0.12256784105391	0.508494304699361	45
0.0235109754020471	0.589607488787635	45
0.058339768607053	0.418473010672293	45
-0.080212411431544	0.742778934310338	1117
0.015494008061354	0.648356727984297	1117
0.033997843795903	0.507452742662612	476
0.02571343514467	0.564450042736429	231
-0.043821242638615	0.922051806844792	476
0.041797683378256	0.494378663158221	476
0.067820554046502	0.763981969486374	231
0.0154620373277899	0.722414453029838	1846
0.079819009856296	0.669147563261372	18
0.028320433120955	0.588229221355997	18
-0.089980645717471	0.582931024526656	18
-0.08802490798162	0.565980208154972	18
-0.095596100120376	0.488689738634486	18
-0.098413012183804	0.496604279873565	89
0.0378972323837	0.527515181571191	339
-0.089260453723205	0.393194546848372	296
0.088320766250277	0.339870988892736	296
-0.087579130636111	0.397265079151081	720
-0.082968433196333	0.655652676163434	109
0.085600024878314	0.61378104713807	1167
0.119043409819327	0.533843452434021	573
0.102619360429832	0.58735910007235	573
-0.081346075655862	0.649442714658967	286
-0.087353584077866	0.56518790448583	286
-0.0671875827245581	0.70626673139519	517
-0.089867264808577	0.389134108537863	517
0.0104213892616279	0.717455817648669	23
-0.070106643009979	0.713929179942548	23
-0.060232396884248	1.01785937338343	23
0.011642747251729	0.659637834811711	192
-0.026113129457213	0.277995185358117	4
-0.094831570757529	0.484825755226676	4
-0.053830305875831	0.859201719098207	192
0.081514538146109	0.70870662390212	4
-0.104658141247263	1.07004117120666	1493
0.083582647542792	0.699846223119816	1117
0.091085115494445	0.657049324130828	476
0.124336728715372	0.669768910780105	476
0.07412537105554	0.875558625033317	476
-0.089980645717471	0.582931024526656	476
0.090765110533076	0.642463745982264	476
0.0356238908941871	0.534214610857863	476
0.0182343530801	0.596280091699105	231
0.033974136085333	0.505913997220507	132
0.085659462414434	0.66656803248107	18
0.022108505468216	0.603952786907842	18
0.0813755258034951	0.343112526455049	18
0.084135683507975	0.345768078838367	18
0.083742303029985	0.34178724806317	339
-0.035375350384672	0.289931372759217	339
-0.0250448016068791	0.279597056391279	720
-0.084505143153349	0.395488792215213	199
0.049984745673006	0.879514374492749	109
0.0477284514113761	0.436849065236328	2297
-0.074378940686642	0.628791174646656	2297
0.08624140887572	0.662394217401382	167
0.100947062539452	0.5873365354184	573
-0.092815049958558	0.384755750385634	573
-0.067201339815438	0.849828804754238	573
-0.088340123957585	0.663690715571897	573
-0.084414369295534	0.723888571559542	573
-0.099940877454592	0.555761028649296	573
-0.09360045812465	0.46801478678478	286
0.00607661196388198	0.841048587729892	23
0.01003251974681	0.646082613036268	23
-0.1061976810596	1.10551783509327	23
-0.109944086632909	1.06270345828735	23
0.019277328842871	0.833239569957206	23
-0.088838521070866	0.466406281791969	4
0.055284324968159	0.43246850511969	4
0.02730995871214	0.636693133831831	192
-0.066651516582808	0.706283752354668	4
0.021531921390573	0.649164868501904	771
-0.074203685057142	0.739391798653755	1265
0.022757826883226	0.660066165158083	1265
0.04410146748865	0.433179898236408	45
0.014851640258737	0.579847204815911	476
-0.075090135716856	0.846545410797103	476
-0.081610186376826	0.55519245798569	231
-0.075711140354671	0.732557460265469	231
0.0356238908941871	0.534214610857863	1846
-0.091200311363511	0.402638585776929	339
-0.092786387940903	0.466913644514598	339
0.023626057949286	0.604083819617656	339
-0.02680154360055	0.280831111550184	339
-0.035967381550608	0.273964525158361	720
0.078375964418123	0.351061903937463	199
-0.0708294729351801	0.811549494089818	2297
0.036507379921765	0.501866918968111	2297
0.026531331507847	0.60372835458886	573
0.021420679106644	0.585864194683014	573
0.0840031697899341	0.327915641612738	286
-0.093573360069551	0.499309689871415	286
0.0851794219008291	0.329063767489621	286
0.028830998627932	0.5030448849325	286
-0.0887458485736899	0.666173828269242	286
0.113124284558285	1.57402806162262	23
0.056961705650628	0.955739044135345	1250
-0.060049701115503	1.06067215393502	4
-0.053661783925979	0.879946051168842	23
-0.114356610727138	0.974805803456169	23
-0.05105049567594	1.03822166623792	23
0.032088632464554	0.964275759276033	192
0.04503346673336	0.427000598495149	4
-0.095699089139681	0.486685786566883	192
-0.0996139086103121	0.565569798656638	192
-0.084885194789645	0.553758745469805	192
-0.072159671696566	0.722497604500461	301
0.028175001390369	0.513715853766734	301
0.026794105372692	0.502322719954262	4
0.058182853485817	0.425981360706369	4
0.059733619676015	0.421525267861444	45
0.0760102081340131	0.348995028114255	45
-0.102783514135622	0.552300907824749	45
-0.08283103807311	0.727489127419887	45
-0.103582498609656	0.469050895949863	45
-0.0917678810356371	0.386960631460696	1117
-0.081754543062021	0.390235468168313	476
0.124853800418076	0.498893895763368	476
0.034622131435522	0.506397999130958	1846
0.055196926861372	0.420292817081993	1846
-0.038226481876638	0.276557176755397	18
-0.066801017673743	0.846660454068947	18
0.0881810087621761	0.322381197118742	18
0.028175001390369	0.513715853766734	18
-0.0842688790310751	0.387082441158237	339
0.055519466754752	0.405032629331813	199
0.088322105459695	0.336998690080824	199
0.079557466810896	0.346722182765788	1103
-0.088750586825898	0.593526190533136	167
-0.08605794831785	0.575055973120371	573
0.115130925103261	0.540008840643421	286
-0.062354033661753	0.821175692923828	286
0.00496604873907802	0.645486164050101	286
0.10331880523902	1.55508350432581	23
-0.029348764463021	1.61366974376643	23
0.055791842139111	0.434040831287209	1290
0.023654356399101	0.822934840720193	1250
0.106164448046751	0.165404098536463	192
-0.091435021191937	0.587689707774649	192
-0.079678255533253	0.743974052876209	301
-0.060883181376467	0.757935139990371	1265
-0.075208086206651	0.699973475380266	1265
-0.088750586825898	0.593526190533136	4
-0.096038033038537	0.489436536477529	45
0.0501037266393209	0.433523724712915	1117
0.05133919781045	0.445061025601122	1117
0.09826289799383	0.633613184330178	476
0.045730530902654	0.437007592237118	476
-0.099536604698225	0.499414147590173	476
0.077500962528227	0.663247721677433	476
0.00793044263294496	0.648720738414285	231
0.0386444939171811	0.518251119290972	231
0.051670029271141	0.434690237144354	132
0.02666988005225	0.572779544504599	18
0.08309940973528	0.330585524626989	18
0.00677841392045397	0.700704581041671	18
0.0913155188707701	0.818999261913367	18
-0.072945201746076	0.841612841217834	18
0.10915674864297	0.160134884536478	18
0.104517232406286	0.160931846851905	18
-0.091762671491335	0.582914352186128	18
-0.028498399814911	0.281825881396972	498
0.106441441965735	0.549415337539356	199
0.018347729001211	0.652777195316221	109
0.10915674864297	0.160134884536478	286
0.046578594997158	0.433460962493814	286
0.017956539826162	0.721120688963733	286
-0.100553525556965	0.496408201415835	30
-0.095699089139681	0.486685786566883	30
0.04623976874031	0.882185609078451	286
-0.095490729080467	0.480825144137817	30
-0.059686324311296	0.976132796691994	1250
0.102410027950255	0.601537247175591	1250
0.074220511245287	1.25545921599094	23
-0.081691393739995	0.731558860366191	23
-0.069984532303596	0.791275942465774	23
-0.121919763104062	0.996980984230781	23
0.012823540822533	0.827074588634279	23
0.00955570354379298	0.697714156316753	23
-0.032018250277475	0.280909151217907	192
0.019708327448915	0.711765881638269	192
0.046578594997158	0.433460962493814	192
-0.098197339902642	0.493702688751564	274
0.121897664304045	0.795033106211325	1424
-0.114126350432726	1.01004764597858	4
-0.095596100120376	0.488689738634486	4
0.119440542310507	0.711495870686929	4
-0.060476376589463	0.83543274182662	1117
0.035240109550797	0.518829635892671	1117
0.105532960076043	0.532115856223809	1117
-0.069079604797511	0.727390921065144	476
0.05018703277343	0.436663977757325	132
0.084775611562266	0.343243772355024	132
-0.057861302914539	1.16731146164065	1846
0.0263375004372251	0.572006584554937	1846
0.0212882152831601	0.602683226895154	18
-0.109778271766763	1.16729209319361	18
-0.08283103807311	0.727489127419887	18
-0.026740982487389	0.274741205559888	18
-0.0932150880932	0.487665443954624	18
-0.027374541519571	0.277808019884369	109
-0.034785185175538	0.283807885980878	339
-0.030257488020119	0.283070259872901	339
0.107809498428198	0.161710387629989	498
0.078781688802791	0.340415278374037	720
-0.028498399814911	0.281825881396972	720
-0.081754543062021	0.390235468168313	720
0.087141273766148	0.331885841106695	199
0.042185965163378	0.455618497660646	1167
-0.061203994891309	0.750197726959945	562
-0.081956978192586	0.679608958015001	562
0.096335267395814	0.588227080243613	286
0.101965286702429	0.596579512053719	30
0.058510536179758	2.33173199792608	1290
-0.00489373921831304	0.942907472704396	1290
0.072373362011093	0.93164154703112	1250
0.051133869538769	0.965406511315163	23
-0.028856096777538	1.1131363317856	23
0.0702786113766311	0.937039051705318	23
0.069337924213837	0.926071533439135	23
0.03871215922214	0.404435874955262	192
-0.089266919505522	0.569033666295362	192
0.085199815121514	0.651774701815389	192
0.10529494925539	0.587751961978238	192
-0.084798227185845	0.725730121018055	192
0.049601210977745	1.01954913603884	301
-0.081089519121071	0.723458572429965	301
-0.070491837427505	0.800554935056064	1424
-0.055548463788531	0.867153900340582	45
0.019035662403726	0.67346671529189	45
-0.096061405375846	0.491043828697371	4
0.038040557618317	0.51213807583264	1117
0.0610223389901	0.800219047898691	1117
0.121208348523782	0.502499343061572	1117
-0.088619973226661	0.482593946487914	993
0.0910282235972	0.644568058548621	476
0.0892921681857331	0.610569505638851	476
0.033350144123018	0.531547225688371	476
-0.124250630370859	1.03081940686942	476
0.0130286909110759	0.867399835155562	476
0.0484678250742701	0.425886066983388	476
-0.097949322383011	0.485799405561573	476
-0.082459555639815	0.726089279982409	231
0.045889844891598	0.435509812687141	231
0.104752223980241	0.776070183637603	231
0.016488021647041	0.592124853056801	132
0.101268293126802	0.591894464973434	18
0.073751133011271	0.73656625180175	18
0.08610641572792	0.333335493076477	18
-0.0393908143652389	0.270997682167033	18
-0.110263669744844	1.3066919162762	18
-0.093773600934039	0.563227605745426	18
0.031102290503039	0.515139882397525	18
0.035232052758062	0.508923273280581	720
0.097612145796301	0.608903785858406	199
0.023130086425347	0.645284112167785	199
0.047179278675435	0.427416945803817	415
-0.049637036062484	0.947087470896649	1167
0.036637494051593	0.530499277953857	286
-0.028968020028049	2.13713034564466	1953
0.04498822255472	1.19100741752669	1290
0.101853946524503	0.555314660794543	23
0.104855590690258	0.506654805491706	23
-0.061068544746254	1.19929687688858	23
-0.113646688291102	1.33398392007945	23
0.019845184001948	0.743384637838599	192
-0.120528609413098	1.02249974488949	301
0.016120505637106	0.816421841863478	301
-0.098197339902642	0.493702688751564	301
-0.0314565564003531	1.12904539991558	274
-0.026113129457213	0.277995185358117	4
-0.097334373228215	0.392719303296688	45
-0.080179626163897	0.727344367018657	45
-0.097289964077916	0.489889601716388	1117
-0.032439635017377	0.279989616539392	1117
-0.045738303052251	1.03067242812047	476
-0.062800889175015	1.06006519164759	476
0.027147504566792	0.770612856453569	476
-0.107408432323297	1.09011170141296	132
0.107510621985722	0.163742963398487	1846
-0.075986415783152	0.746680875127677	18
-0.042963192946022	0.848666463667428	18
0.083742303029985	0.34178724806317	18
-0.031849403214983	0.283680842236295	18
0.03059587004408	0.521834802830792	109
0.045245835311145	0.425222971351741	339
-0.088196758279972	0.659569691422808	109
-0.06846248379112	0.710070362230785	199
-0.073373513328709	1.07713897079368	30
0.094665696004527	0.611962300132158	286
0.00124978725888802	1.19675071261038	23
-0.101021468428733	1.10338433686811	23
0.0235109754020471	0.589607488787635	192
-0.102487284895441	0.366045217336159	301
-0.093573360069551	0.499309689871415	1424
0.065712043022536	0.701077701582533	45
0.107809498428198	0.161710387629989	1619
0.124133836314345	0.445415787504518	1117
-0.087471014082447	0.457774662485805	476
0.040667616695411	0.508305122630284	132
-0.054030757152056	0.856020852646264	1846
-0.072025567141369	0.734568582416429	18
-0.065574875736775	0.792961309522999	18
0.105532960076043	0.532115856223809	18
0.111600427843977	0.547940275484698	18
-0.090970420475411	0.48858105098908	339
0.079557466810896	0.346722182765788	109
0.040019814419297	0.409144337550569	720
-0.0905069745520301	0.565298507409707	109
0.0935889198384831	0.596740121322337	1167
-0.087502403278298	0.595062898012118	286
0.0259549832267	0.510335464318019	286
-0.055750571713169	0.898477832317171	286
-0.050389355032592	0.905424892410272	30
0.017819747941179	0.763510305540149	286
0.085958385185866	0.341636500574779	30
0.10951204064891	0.161545516971529	30
0.093106917502255	0.916763271052013	23
0.115509782725833	0.536639375974169	23
-0.0988699470581	1.38549783107861	23
-0.028908278560917	1.17273036088939	23
0.010366763495563	0.715291176117595	23
-0.059031217454275	0.899548333647659	23
-0.053163929045923	0.995706925789515	23
0.118496382596718	0.79068925047235	23
-0.084814174679665	0.576435308148475	4
0.120298639494674	0.528322329657838	192
-0.0692711889673791	0.792939119991776	192
-0.105165599603414	1.14118657229442	4
-0.041142034498319	0.980739436962534	2197
0.027778281635518	0.66566953274198	4
0.103426479069674	0.534246325465472	1424
0.082959225668201	0.349211207976213	1424
0.106514317801504	0.579813104746238	45
0.061496831251061	0.775737953931209	4
-0.08619734863027	0.396258215966489	4
0.07837852886124	0.349301728169769	993
-0.092334741942421	0.4050383296159	1556
0.107510621985722	0.163742963398487	476
0.0480396116867861	0.441274347240567	476
0.027265662484219	0.598062284083472	787
0.108536610897026	0.759619654661956	132
0.105305933457648	0.536833990158798	132
0.084927448842824	0.337346793612619	18
-0.0608829055143521	0.88882280802571	18
0.023659508798767	0.700076785575897	18
-0.094254705526612	0.582106642897533	18
-0.070463177884453	0.613610598363535	18
0.093006259526367	0.613877732142317	109
0.083582647542792	0.699846223119816	109
0.054799620896374	0.427398492952843	109
-0.086816922913656	0.650895895774578	109
0.0771945797372911	0.350398092905828	201
-0.053377888805094	0.889969479096145	109
0.039408758880396	0.495823181969684	167
0.079000721903056	0.340737713866788	167
0.0256467418672141	0.519471576798168	286
0.017926031355664	0.642081354681349	286
-0.049355212089227	1.50383367060541	4
-0.019270756907946	1.05426836654606	23
-0.011432983169127	1.020999976772	23
0.07057283501356	0.905026708723845	23
0.050221972404813	1.12839953418201	23
0.060892410563457	0.414698738266263	192
0.094355750729129	0.645521518458365	4
-0.0906310659803941	0.392878114721319	45
-0.0527663131371891	0.899383524294996	45
0.051978072054555	0.426017525451593	1117
-0.084814174679665	0.576435308148475	476
0.077539076580199	0.648696329814384	476
-0.101677914844961	0.488909750651847	476
0.113200234071005	0.54039637417275	476
0.076023587012908	0.751733472264792	1846
0.075357736079812	0.67933600058327	18
0.049964560293324	0.418258905798588	18
-0.092121167068151	0.47805542068418	18
-0.093579674724677	0.576234496061707	18
0.045845602706828	0.491387295286267	18
0.023494459360162	0.588519928856004	109
-0.0815831200484231	0.778531502386053	109
0.083149117481082	0.650322355141412	109
0.111078771877523	0.747525364975582	109
0.105654097473522	0.756705667012488	167
0.113001042349858	0.529289601947261	167
-0.069925136240274	0.755782885863252	167
0.111740898168549	0.720309999381073	580
0.0701476185743321	0.711144365234359	580
0.019348541045385	0.827878716027733	286
-0.07447232483592	0.786885113842068	286
0.024110678077233	0.692728814644562	30
-0.07143732929853	2.41782823913457	23
-0.084321326823583	0.635436573657109	23
-0.09864100067198	1.1890006093852	23
0.027071880651439	0.999121175379675	23
0.101439037919487	0.581301746402513	4
0.0168904749058491	0.653525346816264	4
0.034609900235328	0.535064025903988	23
-0.092092482588292	0.489468029711859	4
-0.092334741942421	0.4050383296159	4
-0.030824300968471	0.287187108205516	45
0.023409712916316	0.689158250856233	45
0.015588914605527	0.727075377337473	4
0.107510621985722	0.163742963398487	1549
-0.083678925582485	0.378733039703199	4
-0.076397749916043	0.64580806938066	1117
0.100048704467401	0.601750313262414	4
-0.040591144160726	0.268165741386478	476
0.080188339783504	0.342946319484157	476
-0.085646180752596	0.388058750810058	787
-0.034839033024092	0.26814518622486	196
0.10196263205565	0.162454516779564	18
-0.092130315450471	0.568089424952877	18
0.10951204064891	0.161545516971529	18
0.026818072886138	0.498518463498836	18
0.091538940466684	0.65068344373959	18
-0.066688961176238	0.709333015881846	109
0.0209454390923201	0.608344882002419	109
0.022693658913389	0.604788449476979	109
0.076557460723345	0.339349237701821	201
0.014387615011845	0.731415509997064	109
-0.089482928986026	0.661579444852796	167
0.018220581887752	0.631502678759641	167
0.023389285500347	0.603298987474815	286
-0.087579130636111	0.397265079151081	286
0.0437894669233661	1.35131745268719	23
0.120940309496254	0.764014300420932	23
0.095330829099574	0.589238182703671	23
-0.098483203544024	1.58311148627825	23
-0.0533376389507439	0.944974452741874	4
0.083748602330157	0.336785336618551	301
-0.088722060553371	0.39962615142417	2197
0.112739335576663	0.545098391905684	2197
0.104517232406286	0.160931846851905	45
-0.0852798477318491	0.374898022956542	4
0.075379849923139	0.338140341774038	1117
-0.080746795480854	0.550684871515956	1117
0.105307501552363	0.158795616333555	476
0.077729059465762	0.706374237503914	476
0.063750105586304	0.820779753181242	476
-0.063936758195427	0.678496826944151	132
0.105862327314304	0.15938672368822	18
-0.087359071235387	0.465866654369871	18
0.104517232406286	0.160931846851905	18
-0.086759507745454	0.397485880203821	109
0.0807410588416601	0.345996909135544	109
-0.071508836603928	0.707467931860301	109
-0.090469428230277	0.655592815342806	109
0.100307038068989	0.162601931105921	201
0.022227873133594	0.601989926276659	167
-0.027305164050353	0.288218637766352	167
0.09898884789069	0.530841836705928	286
0.0480396116867861	0.441274347240567	286
-0.095842091578384	0.476608178253558	286
0.013560611042381	0.647054618983499	23
-0.115498535843587	1.27075155030791	23
0.118521938790311	0.71916725955352	192
0.022757826883226	0.660066165158083	4
-0.048649836241929	1.0574549942495	301
0.013969489131141	0.740113545506132	472
-0.124381188559879	1.0289690847726	45
0.059674957841227	0.811526468935288	45
0.105298359703011	0.713518709934126	45
0.027925043852309	0.52219707332725	1117
0.059594407725532	0.860471980361361	476
0.090575495630861	0.831567317312061	132
-0.118411273741936	1.06411403075201	925
-0.0290638964268311	0.289518739243686	18
-0.085955138901743	0.394298626687848	18
-0.031972908774607	0.280423726905321	18
-0.021822620442037	1.10487494392949	18
0.014254723893251	0.728585834393833	109
0.108627999228045	0.565264951043007	109
-0.063157572924912	0.825672848054726	109
0.023086764544994	0.664492680649003	109
0.105307501552363	0.158795616333555	201
-0.081845068498164	0.407073752786593	109
-0.102135700253881	0.490536939937404	167
-0.066209713102292	1.04036919367098	167
0.00944453753464103	0.795345785284085	167
0.019663673222494	0.608986772053405	286
0.091830811302367	0.8939015245077	286
0.089022113230807	0.809074155121826	1147
-0.0508699210284051	0.846894828022254	1147
0.029445372127659	0.660251924593724	286
-0.088364689047437	0.390187689634705	286
0.018111615938165	0.748423846965946	472
0.10196263205565	0.162454516779564	1549
-0.08063049165544	0.652151763668325	1117
0.057512616775125	0.414126220373915	1117
0.022073908537138	0.627632780226927	476
-0.07998607247038	0.671093875902632	4
0.094534579216224	0.608356167349732	132
0.116177930187558	0.503459718969779	925
-0.035375350384672	0.289931372759217	925
-0.03021271116587	0.280673504110943	43
0.107510621985722	0.163742963398487	43
-0.087803117365934	0.65930636783129	109
0.030202933507878	0.51737612852903	109
-0.07089838261087	0.788007594098421	109
-0.026113129457213	0.277995185358117	201
0.104517232406286	0.160931846851905	201
-0.032018250277475	0.280909151217907	201
-0.087579130636111	0.397265079151081	201
0.050903946472881	0.423692318110681	167
0.082562279979871	0.341193389803571	167
0.086019310184929	0.600047562464257	167
-0.075860910413158	0.689965116532174	286
0.118683455093032	0.71459254812755	580
0.10951204064891	0.161545516971529	286
-0.089867264808577	0.389134108537863	286
0.068878639237102	1.57202690086204	23
-0.120746372121975	1.03220122298137	23
0.00942209178415498	0.913204206877099	23
-0.03021271116587	0.280673504110943	4
0.010404685637203	0.661142644362934	472
-0.0523143140325441	0.891424744449786	805
0.0787761352582001	0.342052651409614	4
0.00867513460109704	0.843575489908382	45
-0.107014727878495	1.06295219673459	45
-0.036599013509615	0.27239059075928	1549
0.10951204064891	0.161545516971529	4
0.012701090743073	0.725262751253864	1117
0.000283542524973979	0.884783167931685	476
0.101576899589827	0.591635593387965	476
-0.067899424432618	0.802305558657281	231
0.00754581538593102	0.869964363113474	231
-0.028498399814911	0.281825881396972	18
-0.124078558105418	1.07145448715869	18
0.018325701865478	0.725128010133134	18
0.023840851577525	0.622775420740372	109
0.030566400918612	0.521944079590792	866
-0.044629685023987	0.959509171033345	201
0.085958198028491	0.343415822144348	201
0.109986969556412	0.635904711020048	167
-0.087023792562377	0.386360899818957	167
-0.103309532617639	1.14195034458742	286
0.069219814977276	0.71789003661136	286
0.010025965727249	0.712507639809635	286
0.080184289707328	0.341318855843155	286
0.091266171208231	1.46450387515693	23
0.068840066948528	1.03239432503645	23
0.081839770152443	0.6617621258231	23
0.123884925813078	0.697242558215774	4
-0.118430136666854	1.06710478408973	301
-0.0908657320798399	0.396538986288394	4
-0.063988703003267	0.693792296099855	4
0.101648578584425	0.16103383582639	556
-0.0296249121207171	0.275479486957074	4
-0.067651040533565	0.840909525152154	45
-0.0290638964268311	0.289518739243686	1549
0.050348678660722	0.43790354965552	4
0.03207421823385	0.502406334445563	476
-0.08619734863027	0.396258215966489	476
-0.107925726478686	1.10131545861645	786
0.092804833305802	0.650798340985336	925
0.104517232406286	0.160931846851905	43
-0.086759272800319	0.629506775526315	83
0.054306147185872	0.393284151882585	109
-0.024356419677278	0.271119210821833	109
-0.0894518118351591	0.564542375477639	1504
-0.060155891209788	0.829054803742173	286
0.021624977275676	0.71548399219006	286
0.021890155926813	0.660658781268157	286
0.107809498428198	0.161710387629989	286
-0.000954961139809973	1.17243659881746	23
-0.0795875807251329	1.19927267684792	23
-0.081662927795771	0.674868914640722	4
0.027433639397991	0.51600341716358	23
-0.065175715299775	0.990417920854785	4
0.00327309684160404	0.993994857094019	301
0.019913073161655	0.668293977034582	4
-0.062818432629375	0.729597000919704	4
-0.084759723914119	0.640388125255767	805
-0.0805851612478971	0.711925954880847	45
0.052742997164647	0.438930671565278	4
0.027261705333096	0.729386071426025	476
-0.074435286701138	0.644993870544346	786
-0.0471211974901981	0.868170338878533	786
-0.107032063316941	1.15277405433582	231
0.024790953172816	0.505656681372112	43
0.017302001240629	0.598535663697345	18
0.121018631912616	0.699379161755843	18
-0.089867264808577	0.389134108537863	83
0.028049948921773	0.517693953693609	83
-0.08984612731091	0.578164396192901	109
0.077595522084314	0.33487467790435	109
0.03321654338211	0.503926928826284	109
0.008420182010899	0.689364067982123	487
-0.00108482864512005	0.867352664796471	487
-0.069769212399596	0.837383357827503	109
0.092128425491509	0.594665798632179	109
0.079856157144745	0.660806964912336	109
0.071270617257289	0.714006785217229	109
0.094665696004527	0.611962300132158	1504
0.108586058162624	0.532083396948347	1504
0.0109762948983581	0.769238669998857	109
-0.070572105295293	0.828951022835192	286
-0.080960476577987	0.725021550107915	286
0.123772187975765	0.714582118158127	286
0.091799323280099	0.648494211880261	23
-0.040604895582538	0.807220682806102	23
-0.00176433491445505	0.929567290191648	23
0.050499705014183	1.43953311019273	23
0.054585359741919	0.807255793296378	23
0.048492029941151	1.0933380467432	23
0.04812888336851	1.94578567588065	23
-0.06292096679961	0.838707289235385	23
0.011302515605682	0.702853301931265	23
0.105781538497049	1.25311548613532	23
-0.068270179383274	1.94733461154337	23
0.099474454972559	0.795336464909379	23
0.107510621985722	0.163742963398487	4
-0.090958039933235	0.401616990682173	4
0.00561417071483805	0.930342228435476	23
-0.072701877731523	1.10703252739618	23
0.115608222105564	0.773708155778716	23
0.0248639269993129	0.641605936798431	301
-0.105649223188073	1.0057883720662	301
-0.060351313319791	0.907270152594958	301
-0.093773600934039	0.563227605745426	4
0.104561731202185	0.760125021206528	4
0.054050850173066	0.431638285431192	45
-0.0831296902193051	0.394482136333018	45
0.097095885633375	0.565789766661452	4
0.034730280830143	0.502992581101145	1117
-0.086449371406221	0.592395805430661	476
0.081382380360048	0.33268872834728	4
0.068792489297913	0.935969527185437	4
0.0144116245925811	0.820964542481842	4
0.080282946206346	0.730786975608976	43
0.075346220339218	1.3192271532658	18
0.107809498428198	0.161710387629989	83
-0.089496707096501	0.400497691011698	487
0.014655623443841	0.805122310801433	1504
0.05133919781045	0.445061025601122	1504
0.035893131103149	1.16707502085528	109
-0.088579604673831	0.539135251583596	286
0.07837852886124	0.349301728169769	286
0.0614723243798751	0.404008524265369	286
-0.075320126268866	0.746210735470037	286
0.113032808096639	1.89624711982689	23
0.105725017264674	1.08748642028653	23
-0.0321482521372221	1.21678818325889	23
0.029943212490542	1.34591085419868	23
-0.065051887024105	1.41108849240889	23
0.013000579913432	0.794060131671058	23
0.0876848107856461	0.819016616192178	301
-0.074161171241092	0.835261857027761	4
-0.087579130636111	0.397265079151081	556
0.082959225668201	0.349211207976213	4
-0.078259938988689	0.548656482992436	45
0.00779878783874299	0.863154364252106	45
0.098583250324505	0.571779140660431	45
-0.095179521125544	0.364226423284052	45
-0.0917678810356371	0.386960631460696	1117
0.117588172264914	0.919320943153816	476
0.017843726070504	0.650594928487461	4
0.108570108660468	0.520876060402201	83
0.103795322491067	0.528703097821638	83
-0.08984612731091	0.578164396192901	83
-0.078807462802898	0.538032537253582	83
-0.096823931138629	0.487559297034387	435
0.057591484349838	0.427618128955817	435
0.120620416367055	0.457570817609057	487
0.101963744687629	0.599172689571217	109
-0.0787731154910311	0.743228574806573	286
0.012335191720832	0.73756312585459	286
-0.122913892893416	1.02842514424168	286
0.0378972323837	0.527515181571191	286
0.015832761557411	1.89578931002663	23
0.086832431977984	1.276620111125	23
0.10575309427959	1.3696951203827	23
0.095859316983598	1.2277017126165	23
-0.071944452502795	1.25580015060348	23
0.061794955190538	0.958141105408406	23
0.039537162179439	0.514362444985556	23
0.076601400373115	1.0906977431708	23
0.016179997961962	0.703947653482541	4
0.121148361682462	0.459622957351206	805
-0.0831296902193051	0.394482136333018	4
-0.03021271116587	0.280673504110943	45
-0.0662256722951871	0.736212083107778	45
-0.05377473572289	0.948564952716243	45
-0.085727470052022	0.555785745152787	45
-0.091034090966685	0.580538064563575	4
-0.023289722935519	0.272605726623559	1117
0.107809498428198	0.161710387629989	476
0.09678406861143	0.605675269901218	476
0.0524871556680651	0.414933466729498	786
0.107835792224875	0.537849990394037	4
0.018996031194126	0.70716790531164	4
-0.072530939557688	0.706191746019241	18
-0.0290638964268311	0.289518739243686	18
-0.08619734863027	0.396258215966489	18
0.061369521164153	0.755352837589722	109
0.062475254111934	0.770252916093551	83
0.121517857283209	0.511179592137911	83
-0.086525197332079	0.658692310906139	435
0.105745347509292	0.531806073034834	109
-0.089735817635058	0.636127726903971	109
-0.096229525259935	0.390186419112496	109
0.078375964418123	0.351061903937463	82
0.102370681163612	0.537558487022461	82
0.00670276043028495	0.766185172549647	286
0.00447230156688105	0.880838494643501	286
0.0102741959325801	0.653064431625986	286
0.100307038068989	0.162601931105921	286
0.086153642971686	1.78769885556631	23
0.0550579465755781	1.97765042522369	23
-0.027657283177726	1.74725446378351	23
0.0869203044244981	0.863432802570909	23
-0.00670026749462305	1.70075657944477	23
-0.032811623762795	1.57743347187328	23
0.070978776399289	0.766962160209477	301
0.10196263205565	0.162454516779564	4
-0.085646180752596	0.388058750810058	4
-0.124596061798236	1.0117977564563	45
0.089311498969316	0.834386360756557	45
0.10915674864297	0.160134884536478	1117
-0.026113129457213	0.277995185358117	1117
-0.041755120038348	0.277074668728566	476
0.00859236175245104	0.709553744547127	4
-0.054169076343115	1.02611773755937	4
-0.07924650946334	0.370480552034037	786
-0.0290638964268311	0.289518739243686	4
-0.026740982487389	0.274741205559888	18
0.11116065894082	0.158048670727366	18
0.01837326574743	0.803573754182512	83
0.079180391198815	0.697048452472185	83
0.027167308005948	0.557759153414827	109
0.11185394309396	0.546914084979766	487
-0.085156411247403	0.56571184224384	487
0.08610641572792	0.333335493076477	1134
-0.064513138098374	0.861716632781764	286
-0.082203130235226	2.39787281172859	23
-0.064002882635928	2.17437071694377	23
0.032311299124433	1.97949613359372	23
0.067254170243983	0.928227787563041	23
0.067097617699431	0.942616359682692	23
-0.039494607672762	1.26397160441127	23
-0.078257635331148	0.739177656841677	805
-0.0250448016068791	0.279597056391279	696
0.100500498171725	0.601677481058503	45
-0.02680154360055	0.280831111550184	338
-0.0290638964268311	0.289518739243686	338
0.063032526488412	0.408958693413308	1825
0.10196263205565	0.162454516779564	1117
0.042689036339117	0.950185769500102	4
0.089501327821381	0.33543691183207	4
-0.082891888150285	0.383034027822914	18
-0.031849403214983	0.283680842236295	18
-0.117994305305883	1.0214368139084	83
0.029454577596024	0.486022472518332	487
-0.053958811399428	1.04171732729017	286
-0.093243808416123	0.481672027604284	286
0.123879716333797	2.16380872727566	23
0.0632905399582701	1.61451178712393	23
0.025103840740733	1.3121720880651	23
-0.092453412168475	0.496464344097513	23
0.07419762185225	0.341654203452474	23
-0.0605632474690721	0.778151710968067	23
0.024821163156751	0.601999374884713	23
-0.053218175632617	1.00807408498865	23
0.118551813196717	0.523121245906607	805
0.0241911044876	0.569546077471043	805
-0.035375350384672	0.289931372759217	45
0.02966992943727	0.587077648335318	45
0.0697612537792	0.798901342965488	45
-0.088722060553371	0.39962615142417	1825
-0.027871506351588	0.279214794580025	1117
-0.0618752210696381	0.76377389813181	4
0.080184289707328	0.341318855843155	4
-0.033145057126805	0.281327417977169	4
-0.030257488020119	0.283070259872901	18
-0.061265986582165	0.762425748755783	18
0.073549079700221	0.763577643543399	109
0.119413224861397	0.532366762136598	487
0.0817774803528381	0.350872754794278	286
0.018964532106077	0.58829327639448	286
0.122565410652688	0.902370968123207	286
-0.015120609640168	1.78928498162418	23
-0.0643990140898541	1.23136036225509	23
-0.059338166578208	1.14192833727657	23
0.032409689611296	1.05758264959484	23
-0.085955138901743	0.394298626687848	805
0.042074516720179	0.484535941969984	805
0.107809498428198	0.161710387629989	4
0.107809498428198	0.161710387629989	4
0.052738348140987	0.420107634209304	1117
0.051664825633296	0.42421411443423	152
-0.030257488020119	0.283070259872901	4
-0.028559952065488	0.278708005774788	18
0.107510621985722	0.163742963398487	43
0.091178378172548	0.804658357192584	109
-0.02680154360055	0.280831111550184	82
-0.0877361321358801	0.666942868351226	82
-0.094255269113771	0.381855095886807	82
0.02906778985354	0.51938929675101	286
0.055284324968159	0.43246850511969	286
-0.050354918683174	0.880875605629296	286
0.0492752614158381	0.438856864317094	172
0.00873401443663302	1.06170489994903	23
-0.00149309598672198	0.805649657346746	301
-0.097274297963773	0.570463939478514	4
0.029585688319557	0.523007521559043	805
-0.095164845407138	0.575521706944138	622
0.103305263129155	0.160883900344644	45
-0.03361160922026	0.290242048778392	45
-0.092801374280761	0.5474202380113	45
0.094630367115879	0.780716384368784	45
0.107809498428198	0.161710387629989	4
0.107510621985722	0.163742963398487	4
0.021522925999896	0.613415732419128	1117
-0.050691899175528	0.8778765104484	4
-0.089848901357442	0.484821867399944	831
-0.0296249121207171	0.275479486957074	4
-0.090714672757867	0.381333381187718	18
0.059656223973132	0.416543135212764	18
-0.023289722935519	0.272605726623559	18
-0.027516410668556	1.12534164799185	83
0.00231999515885895	0.915837405447308	109
0.00461094044191901	1.11645137560527	109
0.124554406427718	0.488440278387883	487
-0.032439635017377	0.279989616539392	488
0.07812268775526	0.319214319207838	82
-0.07797614748563	0.657290971242159	286
0.031605674231872	0.517224018484657	286
0.087414992308196	1.44074453825644	23
-0.090189843672322	0.466670928351019	23
0.104850353222193	0.589780111087269	23
0.1241025051552	0.951335726805432	23
0.025024108322421	0.515155349349036	301
-0.086922137291181	0.56968979559019	4
0.019603077075661	0.634618327735018	1060
0.0881810087621761	0.322381197118742	622
0.106164448046751	0.165404098536463	45
0.023681056986352	0.500362770871271	45
0.018160377011436	0.679774691116675	45
-0.034785185175538	0.283807885980878	4
0.026914008419902	0.596177148858251	1117
-0.031384221241339	0.281582131382678	1117
-0.076257713940235	0.62824097938181	476
0.056356849951902	0.43275722927982	4
-0.085711001692539	0.64879919531212	831
-0.09234909627156	0.368042772125813	4
0.054720615219948	0.441230007727894	4
0.083748602330157	0.336785336618551	4
-0.031849403214983	0.283680842236295	4
0.106164448046751	0.165404098536463	18
0.0601429135217551	0.742311712296718	109
-0.053596024027803	1.00369586639003	109
0.107510621985722	0.163742963398487	487
-0.087096667716789	0.384123772515774	1454
-0.086759507745454	0.397485880203821	109
-0.091954590487152	0.586801981696654	286
0.107455929071892	0.536095534366923	286
0.11425052438937	0.528379857264919	172
0.107809498428198	0.161710387629989	172
0.106164448046751	0.165404098536463	4
-0.037063790110283	0.26762349011827	4
0.014080042876838	0.658704435236286	1060
-0.090708161931158	0.583553802471438	805
0.100307038068989	0.162601931105921	4
0.101648578584425	0.16103383582639	45
-0.038226481876638	0.276557176755397	1117
-0.028498399814911	0.281825881396972	1117
-0.093685550035885	0.498806157621643	476
0.085315037967576	0.344146117314585	1127
-0.08619734863027	0.396258215966489	4
-0.105993692434681	0.530180520530914	18
-0.026740982487389	0.274741205559888	572
0.10915674864297	0.160134884536478	18
0.107809498428198	0.161710387629989	18
0.049439244996645	0.430116870986931	18
0.123399335868141	0.906363181790934	109
0.083915463683911	0.818488959664602	109
0.117998011624401	0.797652960596182	109
-0.113814129491632	1.05653074242394	109
-0.0636448688629691	1.11767694908121	109
0.07578967624948	0.317698291012307	487
0.105862327314304	0.15938672368822	404
0.078375964418123	0.351061903937463	404
0.077198454607515	0.340317171556609	82
-0.094338237387506	0.483088210140382	286
0.000963816088804026	0.711734344768108	172
-0.096466671063932	0.390242311224153	323
-0.074203685057142	0.739391798653755	74
0.103380625760067	0.580624640189899	74
0.107809498428198	0.161710387629989	4
0.114001329478446	0.719901970272526	805
-0.083363388774384	0.725202602896426	805
-0.084572167651023	0.383539804925197	622
0.103305263129155	0.160883900344644	45
0.10915674864297	0.160134884536478	45
0.023156053572136	0.605624118191685	45
-0.083919415224183	0.375129362137654	4
-0.028454037494308	0.274606027434144	4
0.017255463258565	0.721017847916134	1117
0.0182343530801	0.596280091699105	476
-0.095689044268645	0.582218421172514	476
0.019852288219012	0.622692255032838	4
0.041060718643245	0.488393857902863	831
-0.028498399814911	0.281825881396972	40
-0.022097966094615	0.271730814651636	1127
0.104517232406286	0.160931846851905	973
-0.030678061578298	0.273985197030131	4
0.079562055502944	0.345369017314678	18
-0.03021271116587	0.280673504110943	18
0.107809498428198	0.161710387629989	18
-0.031849403214983	0.283680842236295	18
0.096075290091851	0.157031807796804	18
-0.073383151304767	1.59544671682006	109
0.106164448046751	0.165404098536463	553
-0.100104929952262	0.471667203112941	82
0.048724547552276	0.424964743460707	82
0.106164448046751	0.165404098536463	1454
-0.058845396000708	0.92605397255962	172
0.10915674864297	0.160134884536478	172
0.098872636399404	1.06741004698279	23
-0.023289722935519	0.272605726623559	74
-0.081662927795771	0.674868914640722	23
0.10196263205565	0.162454516779564	622
-0.029631553521776	0.277137412790688	45
0.10951204064891	0.161545516971529	45
0.02961910480629	0.625967088664048	45
-0.082942874370576	0.678704317120682	1117
-0.095334328281996	0.362414998593542	1117
0.107809498428198	0.161710387629989	476
-0.089463530424056	0.653035015956619	476
-0.027974704162552	0.266474776205257	4
-0.036549561776265	0.283542077282334	40
-0.0885740026627761	0.363928806829812	1127
0.077192787303726	0.349643710125301	4
0.106164448046751	0.165404098536463	18
-0.034785185175538	0.283807885980878	854
0.107809498428198	0.161710387629989	18
-0.090106009512164	0.397764443513192	18
-0.086525197332079	0.658692310906139	109
0.107510621985722	0.163742963398487	82
0.107809498428198	0.161710387629989	82
-0.094254705526612	0.582106642897533	82
0.088071848214858	0.607607548980994	82
0.105862327314304	0.15938672368822	82
0.107809498428198	0.161710387629989	286
0.088265970496424	0.660978705862518	286
0.045991290282254	0.923950103977895	286
0.115631428227946	0.721267661140559	23
0.113137322179749	0.508775544997568	4
-0.092092921315721	0.391023035565893	4
0.106164448046751	0.165404098536463	74
0.10196263205565	0.162454516779564	74
0.099283882605831	0.603159463760781	805
-0.084303522359074	0.572439264426702	805
0.10035704051995	0.60188539631779	805
0.0633472603283139	0.808496399780077	45
-0.08619734863027	0.396258215966489	4
0.023812390440193	0.667251519731439	4
0.025032502307356	0.649490823837912	4
0.107510621985722	0.163742963398487	40
0.107510621985722	0.163742963398487	40
-0.082792489807875	0.369402787200241	4
-0.087579130636111	0.397265079151081	4
0.100307038068989	0.162601931105921	973
0.048145469707244	0.405774820059691	4
-0.027305164050353	0.288218637766352	18
0.103305263129155	0.160883900344644	854
0.107861246730386	0.157338749699546	695
-0.054918497333321	1.14700083931102	854
-0.055944863584434	1.1441621897447	854
0.071308564941722	0.938727726169058	854
0.039172375843702	0.931994127191824	109
0.089230536840672	0.689992065829198	109
0.068453056043177	0.754221327304929	109
-0.07101396868841	0.711751907642571	109
-0.096823931138629	0.487559297034387	404
-0.090970420475411	0.48858105098908	82
-0.068593839920126	0.750702408678884	286
-0.033145057126805	0.281327417977169	172
0.075379849923139	0.338140341774038	172
-0.044632608657557	0.265884086965617	74
0.104517232406286	0.160931846851905	23
0.02645059085832	0.589466272425766	805
-0.030678061578298	0.273985197030131	536
0.107809498428198	0.161710387629989	4
0.085706578147397	0.317283177533522	454
-0.025548100671114	0.280697934253108	45
0.10951204064891	0.161545516971529	45
0.101648578584425	0.16103383582639	45
-0.03361160922026	0.290242048778392	45
0.103305263129155	0.160883900344644	4
-0.094472085042818	0.487812374671431	4
0.087140362661384	0.341470240944622	4
0.100307038068989	0.162601931105921	4
-0.031849403214983	0.283680842236295	476
-0.087579130636111	0.397265079151081	40
0.106164448046751	0.165404098536463	807
-0.099872184547506	0.480048867710338	1127
0.051978072054555	0.426017525451593	40
0.082956788129497	0.349761826454807	40
0.11116065894082	0.158048670727366	854
-0.027305164050353	0.288218637766352	854
0.105862327314304	0.15938672368822	18
0.11116065894082	0.158048670727366	18
-0.049463007248764	0.92931299095753	854
0.014819818597269	0.729393118796643	109
0.107510621985722	0.163742963398487	203
-0.076696796100227	0.658817177529046	82
-0.027871506351588	0.279214794580025	82
0.097413232773498	0.155611636332248	109
0.083592603264695	0.340997983687386	1129
0.107161694015209	0.539159092343268	1129
-0.00313613410052704	0.932116247847625	286
0.049217631873575	0.404520714042002	286
-0.031849403214983	0.283680842236295	172
-0.037598179584324	1.25818789913912	23
-0.100206544418842	1.03597732859082	4
-0.070452618847575	0.796692842662627	4
0.079963719842031	0.330943154954249	74
-0.042406599242543	0.25909903309683	4
-0.036001213166729	0.268963760153547	454
0.106164448046751	0.165404098536463	45
0.024590999671559	0.593973963352894	45
0.089861566987569	0.595253407387604	45
0.108688517705298	0.509430120116808	45
-0.089867264808577	0.389134108537863	4
0.115663182680798	0.509732255012701	4
0.0461066625089071	0.428789340589449	4
0.107861246730386	0.157338749699546	4
-0.028454037494308	0.274606027434144	807
-0.093129509646734	0.388823474535977	1127
-0.034785185175538	0.283807885980878	356
0.052018529610722	0.431476370132966	4
0.107809498428198	0.161710387629989	4
0.013814675403797	0.710582043597179	854
0.045546550458486	1.01931216727494	854
0.040476843633417	0.880787501756797	109
0.051820294284597	0.428565066478455	1129
0.025710742200571	0.992041762331509	286
0.10560761771154	0.870513029632093	275
0.109270534733483	0.542072800831345	23
-0.0343499852179699	0.94224074659769	23
0.101648578584425	0.16103383582639	4
0.098693729569393	0.604419130829445	805
0.056356849951902	0.43275722927982	805
0.086361385520495	0.333922189205383	4
-0.092334741942421	0.4050383296159	454
-0.0831296902193051	0.394482136333018	454
0.107510621985722	0.163742963398487	454
-0.029731977797862	0.266310409786907	624
-0.086114518661682	0.379208893948475	45
-0.062451371343303	0.830688307200038	45
0.10915674864297	0.160134884536478	4
0.107510621985722	0.163742963398487	4
0.107510621985722	0.163742963398487	759
0.107809498428198	0.161710387629989	759
0.037650709874849	0.523627275212395	4
0.10915674864297	0.160134884536478	356
-0.03361160922026	0.290242048778392	4
-0.0806195098817431	0.380413963787504	854
0.068123358377867	0.804310741398629	109
0.020942136289931	0.78103247903331	73
-0.0932150880932	0.487665443954624	212
-0.099611237505704	0.367766375959325	212
-0.02680154360055	0.280831111550184	212
-0.09034365424693	0.390555046186727	82
-0.096823931138629	0.487559297034387	82
0.051259865067587	0.429741057586675	1129
0.032842441694002	0.518363036886306	109
0.014015662555556	0.772730681716698	286
-0.088201405751499	0.654774704745862	172
-0.027367316751068	1.39236711331156	23
-0.0892416118510651	1.66809508728541	23
-0.095164845407138	0.575521706944138	4
0.032509719276993	0.578059543284546	805
-0.03361160922026	0.290242048778392	454
-0.0933731548237709	0.379510415037166	454
0.018368604702222	0.631681335085972	45
0.024170255996871	0.64882980435525	4
0.061453057224123	0.756372987301067	4
0.072927440474103	0.779123449639272	4
-0.087158291833492	0.564769911607958	4
0.112622707926549	0.517289461978846	854
0.072498536313232	0.760710129271314	854
0.082147201653726	0.661381419053165	109
0.078330969367441	0.66744251926889	212
0.080188339783504	0.342946319484157	212
0.107510621985722	0.163742963398487	203
0.038261077171702	0.494596781860194	82
-0.091200311363511	0.402638585776929	82
0.107809498428198	0.161710387629989	82
0.053815382444946	0.44052470539972	82
-0.058515122644235	0.846900577138227	286
0.018627894785173	0.76917363955801	286
-0.028412952930356	1.47234435353778	23
0.109779224826732	0.703481037354886	4
0.0710611051285	0.749596016605199	4
-0.078403009223445	0.751951843329122	805
0.0514215109294181	0.434287533678623	45
-0.082543943660948	0.536252101915253	4
-0.0233740868504591	0.265676378258077	759
0.10196263205565	0.162454516779564	759
0.024520839566601	0.585178507257099	4
-0.088481800781369	0.388162706286969	40
0.082556727911601	0.343718998039652	40
0.018359407104509	0.737339407701816	40
0.081920177567696	0.34178249017769	356
0.077453731244748	0.579010369538748	356
-0.030824300968471	0.287187108205516	854
-0.025548100671114	0.280697934253108	854
0.03340725764349	0.548033576834036	854
0.104517232406286	0.160931846851905	553
-0.093471480091589	0.394228667375329	82
-0.025614146902992	0.279913059585337	1169
0.10942906845629	1.36717926562908	434
-0.018589597572523	2.4608535596868	434
-0.050467660030689	0.952505784342239	275
0.066093186401917	1.06741641240729	23
-0.035517452170413	1.12199515026528	23
-0.056869701644542	0.88666946496799	23
-0.074846280111233	0.781628976980564	4
0.034234379371395	0.506473736630774	4
0.120992911831046	0.524174538525983	4
0.079000721903056	0.340737713866788	1090
-0.076696796100227	0.658817177529046	4
-0.09620662825723	0.390519809928938	454
-0.081662927795771	0.674868914640722	45
0.0415492228244631	0.502728462007303	45
0.081370723474774	0.343548368482443	4
-0.08812796538128	0.400855897121907	759
-0.090708161931158	0.583553802471438	40
-0.034785185175538	0.283807885980878	40
0.091785988044027	0.615371833532108	40
-0.088496724086585	0.664096102467929	40
-0.076610112530387	0.735347299411664	40
-0.03999003478929	0.281119023278196	854
0.021876752524824	0.754960602678546	854
-0.061124043927363	0.87960618728097	854
-0.092198904742297	0.47710256114243	73
-0.095842091578384	0.476608178253558	73
-0.027374541519571	0.277808019884369	553
-0.066606415361517	0.7442179133955	82
0.112376574162592	0.528187918604639	1129
-0.093009671957575	0.586149027557102	1129
-0.094441553388471	0.565243670175541	1129
-0.087502403278298	0.595062898012118	286
-0.085534998609489	0.536456669088465	286
0.021761153714266	0.602799998668182	172
-0.098544553043766	0.466566462522385	172
0.047124616717467	1.19050752808143	23
0.102650423088582	0.894437293742729	23
-0.065905468074273	0.905543699399635	1090
-0.100201754243296	0.4736078141222	1090
0.0953403135936171	0.630618259166448	4
0.019663673222494	0.608986772053405	4
-0.072526225019198	0.802617510004663	45
-0.090057227749837	0.653147876144326	4
-0.085880901101783	0.393674320425682	759
-0.078455168339722	0.544776465296124	759
-0.071046093933123	0.769170868474072	4
0.00411784685304495	0.773913761403146	4
-0.0806779026300321	0.675755513254437	4
-0.0842688790310751	0.387082441158237	854
0.080595845732462	0.343106575046838	854
-0.087256963299042	0.388823997882356	854
0.039656247131076	0.514749571384284	854
-0.0840608552380741	0.649562437860923	73
0.031335224542244	0.511026185411853	73
0.042923719545377	0.496641826288674	212
-0.090465963782239	0.546396379063044	82
0.088904112402586	0.603930559290451	286
-0.092838991309902	0.653549893769273	286
-0.05914058699325	0.725317553402113	172
0.11534726337061	1.14640271997407	23
-0.020956616014886	1.28541940708741	23
0.06376897044326	0.833482803892704	23
0.066441120093834	0.806515287888731	23
0.106164448046751	0.165404098536463	1090
-0.034839033024092	0.26814518622486	454
0.023308075147228	0.597270456628391	45
-0.035375350384672	0.289931372759217	4
0.089364024299768	0.326983050423132	4
0.088898385091602	0.608597461634745	266
0.118490625345797	0.526074062970746	4
-0.097334373228215	0.392719303296688	4
-0.094594720620072	0.382127395316292	759
-0.031384221241339	0.281582131382678	759
0.02151168153785	0.707056031377628	4
0.086994277402405	0.586712653622622	4
0.087139785369816	0.34180259658724	4
0.026647396654814	0.642193516112636	4
0.038909644153628	0.520714442647751	40
0.054720615219948	0.441230007727894	4
-0.030257488020119	0.283070259872901	854
0.105862327314304	0.15938672368822	854
-0.038826702393558	0.271830233885494	854
-0.083754654190832	0.654045841642747	854
-0.079088505704751	0.650858532403623	854
-0.071520290745544	0.587469331945983	212
0.104517232406286	0.160931846851905	553
-0.0906310659803941	0.392878114721319	553
-0.06634328207951	0.796766653369419	82
0.109270534733483	0.542072800831345	286
-0.048952815965492	2.34443342698146	434
-0.042372961098173	0.91421198300964	23
0.011672034264984	0.8314634296312	23
-0.076696796100227	0.658817177529046	1090
0.027387261420794	0.588350910448505	23
0.112234357425434	0.547577829091568	805
0.0936799300598991	0.611311054631231	454
0.076558506500873	0.338207938185996	454
-0.086409881832364	0.375360998930513	454
0.106164448046751	0.165404098536463	454
-0.03361160922026	0.290242048778392	45
-0.0937117483157009	0.404660598712052	45
0.089531015647728	0.658025152001388	45
0.023194397868343	0.576595501243945	45
-0.047604495879741	0.932266121271128	45
-0.035375350384672	0.289931372759217	4
0.107861246730386	0.157338749699546	4
-0.0842688790310751	0.387082441158237	266
0.074592047021394	0.321150470642063	4
-0.087890130645588	0.389979821134658	40
0.054887185660892	0.439557131736456	40
-0.0250448016068791	0.279597056391279	40
0.10196263205565	0.162454516779564	40
-0.098014250911922	0.356460843968384	186
0.11116065894082	0.158048670727366	306
-0.027305164050353	0.288218637766352	854
-0.091000472149102	0.533004527993009	212
0.055958407360948	0.435866032008804	212
0.031726416261506	0.502588651070741	212
0.010114794841551	0.719277712300444	212
-0.090106009512164	0.397764443513192	212
-0.026113129457213	0.277995185358117	553
0.116910337326854	0.534237136421973	82
0.055196926861372	0.420292817081993	82
-0.087579130636111	0.397265079151081	172
0.109952307044248	0.704471085940604	23
0.101409438711474	1.04668605256591	23
0.012164484667745	0.8596378656601	23
0.0531377541688171	0.799370124972701	23
0.077454933485794	0.871122344206615	23
-0.0974569837319	1.12090487543231	4
0.112955640421669	0.699915229172743	4
-0.090106009512164	0.397764443513192	1090
-0.092092921315721	0.391023035565893	1090
-0.101785424546373	0.495221712671451	1090
-0.069706439383459	0.838552663067935	454
0.107809498428198	0.161710387629989	454
-0.028454037494308	0.274606027434144	454
-0.094366995619275	0.482536814532345	454
0.022001540694801	0.589420460433322	45
0.0817774803528381	0.350872754794278	45
-0.0233740868504591	0.265676378258077	4
0.056428822786072	0.413659935347724	759
-0.0802395970575031	0.398339491949585	40
-0.075780002112264	0.707754222350547	40
0.0349837678937071	0.518270751384142	40
-0.081326795317487	0.517853755179635	40
-0.12418637935026	0.98866868864998	40
0.013585452760239	0.677886740572236	40
0.035096435437994	0.540874879920655	186
-0.04738170934318	0.91171940887372	306
0.013024762206026	0.636461381159742	109
0.00521854141568601	0.823798441377275	73
0.082147020269625	0.636008644055465	73
0.086743095558291	0.661626454951619	212
0.11116065894082	0.158048670727366	212
-0.053674398912498	0.945799568530941	82
0.095712815580991	0.593427035557213	109
0.015577048892128	0.780580171459484	4
0.079557466810896	0.346722182765788	1090
-0.0900243816845761	0.554584512586949	1090
0.081449193774765	0.692987263727468	23
-0.098520681642391	0.487122892762253	454
-0.088481800781369	0.388162706286969	454
-0.090958039933235	0.401616990682173	45
-0.026113129457213	0.277995185358117	4
0.013095039401979	0.666169258147278	266
-0.099757767828317	0.48933768714315	266
-0.078469986587781	0.685268600427782	4
0.00571824013007605	0.883275191449502	4
0.095751395196048	0.596965968234506	4
-0.097631021663422	0.473492879419342	40
0.045339154741509	0.435795208201453	40
-0.093349156213141	0.377276252615615	186
-0.091490282926355	0.392811463619608	4
-0.094939732594658	0.476398858019747	306
-0.02680154360055	0.280831111550184	306
-0.067788789605001	0.883517096890683	73
-0.069835942098786	0.777200078566035	73
0.092804833305802	0.650798340985336	212
0.090541992042649	0.327086567524961	82
0.120418346715712	0.50462620522395	82
-0.075637152909286	0.830668537876823	286
0.044961402996883	0.416367121387594	172
0.058320816333121	0.816350345433943	23
-0.051731430889752	1.06105175673122	4
0.087140362661384	0.341470240944622	454
0.030524445588018	0.583318964249893	45
0.073017348838458	0.333294637383357	4
0.027954836573412	0.596947955310653	266
-0.097574993399617	0.388277673602485	266
-0.0765944907063461	0.746794259558594	266
-0.093306966808717	0.655989719644501	745
0.017538401519997	0.810346435786137	4
-0.078106545550926	0.726430877888859	186
-0.099429680362001	0.500158864699493	306
-0.023289722935519	0.272605726623559	306
-0.0572590175896	0.815053730676196	306
0.075866741961786	0.695951503699904	306
0.02833923068842	0.64538074359685	854
0.111069536851972	0.548766173384767	212
-0.103258240792997	0.488357023804313	212
0.023086764544994	0.664492680649003	212
-0.090832947317903	0.453322719661081	82
0.012075277898483	0.694297448294737	286
0.028289950123853	0.518165203356514	249
0.013401812478029	0.725821947090598	23
0.016105239520017	0.764826564122502	23
0.04267005511349	0.483689182241173	4
-0.079693171635269	0.673298017364247	4
-0.100660742019508	0.498933795135461	454
0.0275725123855231	0.508933244929178	4
0.039906557569104	0.519268213618748	45
0.021976061126401	0.596696767012716	45
-0.092334741942421	0.4050383296159	4
-0.037761837218768	0.273231840365419	4
0.059733619676015	0.421525267861444	266
-0.02680154360055	0.280831111550184	266
-0.0250448016068791	0.279597056391279	4
0.117280381190607	0.539762528379842	4
-0.094472085042818	0.487812374671431	745
0.032598473420134	0.522876013594066	40
-0.097074875190712	0.494161729985421	186
0.084922447600136	0.337659028586341	186
-0.087338436775698	0.398613371787137	306
-0.0842688790310751	0.387082441158237	306
-0.090958039933235	0.401616990682173	306
0.027511045691049	0.681860031087065	306
0.000915457523056995	0.863404245073976	306
0.050348678660722	0.43790354965552	2331
0.110987386623893	0.515917833407322	212
0.079417627692986	0.345247746279659	707
0.034609900235328	0.535064025903988	212
-0.100660742019508	0.498933795135461	212
0.021890155926813	0.660658781268157	286
0.051117407566908	0.43510357147486	286
-0.076610112530387	0.735347299411664	286
0.049113615165208	0.440315557397391	286
-0.0605632474690721	0.778151710968067	172
0.031960972853272	0.504523148456287	172
-0.107081474286922	0.468212808497954	172
-0.089848901357442	0.484821867399944	172
0.056699677894366	1.2533558600535	23
-0.07051305914553	0.730098372712138	23
0.010734971112613	0.768820585955235	23
0.095629082384838	0.581657622518019	23
0.00349231261726501	0.822096547619594	23
0.0131102291779009	0.825518679136429	23
0.000452190556164966	0.965028134343297	4
0.028066424965558	0.674195964679451	23
0.079178265261725	0.314905111578134	454
-0.087205436956072	0.663489286548569	4
-0.102581023775098	0.463364868661386	4
-0.085013632211282	0.734714773464982	4
0.054799620896374	0.427398492952843	4
-0.083329132506371	0.640071761474334	40
0.023307793990892	0.645481686958816	40
0.0104213892616279	0.717455817648669	40
-0.118915800389181	1.00584653082472	40
0.018881248107413	0.661652435855307	266
0.0794216319317	0.645281871758351	4
-0.120476570806818	1.03345478512439	4
0.106576610266187	0.574981614841887	4
0.014122605415448	0.661896783337973	40
0.011602361506085	0.891070728034688	40
-0.122324344688737	1.02847313033165	40
0.115662075271947	0.488214632777609	40
0.031714049414813	0.527933369203869	186
0.019512025964693	0.597593991014969	306
-0.093348617311751	0.48409726672629	306
-0.111410179166436	1.04849605710132	306
0.026802109480161	0.678240800492139	854
-0.092143967845528	0.580211321851044	2331
-0.08224861217931	0.672301726457127	2331
-0.093199052897607	0.582734686905603	2331
0.0383017684439531	0.494247196199585	73
0.10519696799626	0.548248855123835	1572
0.081382380360048	0.33268872834728	707
-0.086231043961508	0.656306528474265	988
-0.073456447387018	0.684181193694472	82
-0.044881514362628	0.863213599763021	581
0.05051265991179	0.43158605309223	23
0.052412176253763	0.444083300773306	23
0.022669891080903	0.503406587021684	23
0.0491792923622521	0.872481813273456	4
0.124434147468358	0.650802985311187	4
-0.050297097169334	0.801437304855316	4
-0.026113129457213	0.277995185358117	4
-0.085631228810235	0.387312444851754	745
0.088322105459695	0.336998690080824	4
0.02966992943727	0.587077648335318	40
-0.068449719214996	0.591509215637461	40
0.11034795412667	0.546778900825529	40
0.083738052688193	0.339546580912924	40
0.117280381190607	0.539762528379842	186
0.076546065071902	0.695427030721519	306
0.075378276606125	0.338775479965843	2331
0.0813755258034951	0.343112526455049	2331
-0.090074226278844	0.476887443641493	73
-0.087919288820821	0.65184097582754	82
0.107600571385299	0.58125365271817	220
-0.090958039933235	0.401616990682173	220
0.032842441694002	0.518363036886306	581
0.024279491605413	0.513165952364609	581
-0.090861895976427	0.487205390002865	581
0.032480415191646	0.504864974003486	581
-0.030678061578298	0.273985197030131	286
-0.096466671063932	0.390242311224153	286
0.077198454607515	0.340317171556609	172
0.082878937046689	2.43302620804402	275
-0.117448716982619	1.04813888165485	23
0.00253302381973597	0.845482231743588	23
0.061563168137952	0.404689914193138	1267
-0.0603107515456121	0.870133204680118	23
0.023489280458956	0.993188007494909	23
0.113183341797398	1.01002695828109	23
-0.092453412168475	0.496464344097513	23
-0.030257488020119	0.283070259872901	23
-0.092329360620087	0.573126075049532	4
0.019592368920286	0.649675775008126	4
0.00879760139751795	0.938136382132831	40
0.100307038068989	0.162601931105921	4
0.049874652600289	0.440372825127046	40
0.014459572417345	0.811711305194214	40
0.077676765237238	0.709263114500898	40
0.084491855299036	0.597385822548094	40
0.033997843795903	0.507452742662612	570
0.024361293361861	0.702901947083175	4
0.081919454780196	0.334152048295241	40
0.049671468000223	0.425946457335691	40
0.081919380584669	0.665545182335533	40
0.056776135673027	0.41573771902416	40
0.030300342097527	0.55390794215902	186
0.027029479235211	0.59926119699544	101
0.05662173654633	0.965645023128443	306
-0.089731836813055	0.386516733836026	2331
0.107510621985722	0.163742963398487	2331
0.106164448046751	0.165404098536463	73
-0.024356419677278	0.271119210821833	927
-0.027305164050353	0.288218637766352	188
-0.00842155859207605	0.98659494781524	212
0.122208770833683	0.695989043725194	220
0.0351180767974481	0.507231529182179	82
0.087536032515982	0.332888103815544	581
0.089795041167788	0.623292944916615	581
0.084943206582533	0.668421564341716	286
0.114169800099119	1.35444158098446	23
0.041342919050422	1.09956452250664	23
0.014147932730416	0.827442095601245	23
-0.09034365424693	0.390555046186727	23
0.077198454607515	0.340317171556609	249
-0.094838540503249	0.388651413633221	23
0.049874652600289	0.440372825127046	23
0.079819009856296	0.669147563261372	23
-0.093243808416123	0.481672027604284	23
0.09794820802787	0.572037521669681	4
0.102355586974147	0.593924437172191	266
-0.087338436775698	0.398613371787137	40
0.00725767506407704	0.817356997523578	40
0.062196032650749	0.777632478281395	40
0.097289018126829	0.821030054323919	40
-0.093471480091589	0.394228667375329	40
-0.091490282926355	0.392811463619608	1301
0.017706977242177	0.564531787613801	40
0.015681852892899	0.570674813093025	101
0.00613530565893206	0.768444834777291	854
-0.00608259407372302	0.934432221171429	854
0.107510621985722	0.163742963398487	927
-0.095952952273241	0.491403505252285	927
0.10915674864297	0.160134884536478	188
0.089940183851143	0.595977168740171	212
0.087289957081343	0.324097852101192	212
0.056356849951902	0.43275722927982	581
0.076561664968686	0.327436138457951	172
-0.0537270147943451	0.911061343964949	172
-0.00151398205535103	1.91498641061063	23
0.122963826049847	0.737467243462485	23
0.07837852886124	0.349301728169769	23
0.031865859817149	0.513161039139722	1267
0.077595522084314	0.33487467790435	1267
-0.098375461132126	1.18083612837919	23
0.011481918734745	0.756564226627281	23
0.076370973143208	0.758819281700715	1347
-0.10051847885623	1.02964517092833	4
-0.0898254676731241	0.39925555085867	40
-0.09480633535515	0.501674442008737	4
0.104151713195728	0.576357799388416	266
0.014326646756868	1.02307276081481	40
-0.045751042912153	0.913440696756364	40
-0.089456026932609	0.554159272119128	40
0.054822145356235	0.761341732768905	40
0.034240504836807	0.528404538657323	40
-0.081345829818411	0.641431896884437	40
-0.03361160922026	0.290242048778392	854
0.107809498428198	0.161710387629989	2331
-0.034785185175538	0.283807885980878	927
-0.085391334997082	0.38727347745158	927
0.107809498428198	0.161710387629989	927
-0.0899153788850921	0.365573236306088	188
0.109270534733483	0.542072800831345	188
0.067485356617547	0.801685766846637	188
0.082419531637168	0.66573662252766	220
-0.083235081675753	0.674739595578439	581
-0.027374541519571	0.277808019884369	265
0.084927448842824	0.337346793612619	109
0.053221821680434	0.830792384181983	286
0.0329617181003909	0.514541513612012	172
0.0263375004372251	0.572006584554937	172
0.036637494051593	0.530499277953857	172
0.107666061006804	2.0012021792619	23
0.093378754405796	0.914096160795102	23
0.03014453877193	0.97395876811604	23
0.00578329502322705	0.909937235206614	23
-0.093321795888802	0.477961896790263	23
0.051670029271141	0.434690237144354	23
-0.099536604698225	0.499414147590173	23
-0.082662984395416	0.553435626244133	1347
0.091155559267815	0.600065436122215	4
0.087141273766148	0.331885841106695	40
-0.076397948403212	0.652890055879205	40
-0.087548026850655	0.564713690446268	40
0.03058825495253	0.504872042418481	40
-0.09098429501007	0.656842448852405	40
0.118501843315065	0.7199753413969	40
0.077736502612444	0.331031448058024	1109
0.020243395616974	0.607312465102304	101
0.107837683041369	0.771929820797964	765
0.056942932946316	0.42791405833971	854
0.104517232406286	0.160931846851905	73
-0.084572167651023	0.383539804925197	927
-0.0290638964268311	0.289518739243686	927
-0.037140629346175	0.283535339223129	927
0.077198454607515	0.340317171556609	927
0.0758003861298721	0.968377132365849	212
0.020864171933809	0.772328935272014	581
-0.010126154736838	2.22328853010738	23
0.088110182574444	1.83532372044084	23
0.042175966884615	1.07843186817223	23
0.086257534744534	0.643086622880742	23
0.079790756561968	0.662831728794502	23
-0.082898545561798	0.563911679040038	23
0.0278297096329	0.500294930093263	1347
0.012753640562998	0.645823399619646	1347
-0.092092921315721	0.391023035565893	4
0.030338117317225	0.520033377240858	4
0.0793236716070011	0.71683412755269	4
0.10799385407718	0.571175844678751	40
-0.087883421676747	0.61770810066713	40
0.032979606765003	0.507069058988609	40
-0.080533561593189	0.654858033247151	40
-0.077498639475448	0.751201676951726	40
0.041570775328865	0.424588181386557	40
0.00963243010269199	0.700132236122159	40
0.103081647572585	0.562525019662853	186
0.086743095558291	0.661626454951619	854
-0.054712368617745	0.901623520464061	854
0.0746074435224831	0.32608625714738	2331
0.075378008393562	0.342248055100551	276
-0.088722060553371	0.39962615142417	73
-0.087338436775698	0.398613371787137	188
-0.099429680362001	0.500158864699493	188
-0.085246302518275	0.651913281501745	212
0.079557466810896	0.346722182765788	212
-0.087343192023321	0.554675229411965	131
0.039148798515028	0.512066727845411	581
-0.075248396340854	0.862043684937302	270
-0.095842091578384	0.476608178253558	2343
0.018168616381846	0.55545076105159	172
-0.0717896762952021	0.734140152361998	172
0.095687119272988	1.50534498995463	23
-0.110258348627436	1.21744855203781	23
0.00565002604600196	0.77017586923028	23
0.099471106342792	0.605995612498231	23
0.079198417406857	0.712047227465106	23
0.012586180583631	0.799178466411639	23
0.026441737526603	0.640686053220072	23
0.086439932156167	0.68872761180082	23
-0.057385858447968	0.823502038049388	23
0.084934492873426	0.327360432255572	4
0.075779582069843	0.32766782825417	4
0.0273051059431469	0.523768004103487	1347
0.013347209998037	0.588171502290541	4
-0.030257488020119	0.283070259872901	4
-0.092639182897385	0.382860748062086	40
-0.104267623819056	0.463337784604679	40
-0.087338436775698	0.398613371787137	40
-0.030257488020119	0.283070259872901	570
-0.035375350384672	0.289931372759217	40
-0.045009093647583	0.927282386860028	40
0.123522683414009	0.457724256134689	40
0.055123956958658	0.431920433907619	40
-0.099429680362001	0.500158864699493	186
-0.082608395233027	0.642047334061497	40
0.059733619676015	0.421525267861444	186
0.082562279979871	0.341193389803571	1109
-0.031972908774607	0.280423726905321	1109
-0.028498399814911	0.281825881396972	101
0.081370723474774	0.343548368482443	101
0.107809498428198	0.161710387629989	276
0.027464075436531	0.625718726018332	2331
0.052742997164647	0.438930671565278	73
-0.092575454322084	0.402273555476324	73
-0.08395111455065	0.57066935314483	927
0.100214352650236	0.534106839657523	212
0.091080537640214	0.591878555832899	131
0.122854236335011	0.451040109903755	265
-0.076088785926548	0.786817897384786	109
-0.075410522091393	0.637353449010374	270
0.052576415243053	0.445999250788884	109
-0.030824300968471	0.287187108205516	4
0.0771945797372911	0.350398092905828	23
-0.054843924388545	0.895597574325024	1347
-0.093773600934039	0.563227605745426	4
-0.034202740798625	0.279747187181853	4
-0.089610158383812	0.590328635323348	409
-0.074133758387416	0.809549760910626	40
0.087001436857813	0.320530989157258	40
0.078383169488197	0.336634802738503	40
0.01954669094644	0.653960824755949	40
-0.069124799455159	0.786188995106704	40
0.115130925103261	0.540008840643421	40
0.0799568528713001	0.340493814447832	40
0.0795587215999281	0.349959468170089	40
0.10196263205565	0.162454516779564	186
-0.109724685394983	1.15714180735625	40
-0.078106545550926	0.726430877888859	186
-0.09516320900917	0.48242749034405	186
0.081922976136191	0.336514004624471	101
-0.0842688790310751	0.387082441158237	101
0.011922434080847	0.82794288960188	276
0.074825414055323	0.34487133351022	188
-0.089288938168792	0.653066440515915	188
-0.0937117483157009	0.404660598712052	188
0.100813537243144	0.781235569900071	265
0.029128318157153	0.619464979817717	109
0.061037293188335	0.752261708608882	109
-0.07635799876496	0.715142923096351	2343
0.063703593458982	1.76802151721303	23
0.012994744203608	0.732101966733471	23
-0.085391334997082	0.38727347745158	23
0.0399216699732951	0.510032379925295	1347
-0.098197339902642	0.493702688751564	409
-0.081754543062021	0.390235468168313	409
-0.030257488020119	0.283070259872901	4
-0.070472651177431	0.720804433686883	40
0.107510621985722	0.163742963398487	4
0.099799450825405	0.565437140975799	40
0.124034792181128	0.463866936055483	40
-0.070886098199718	0.735095225317145	186
0.023086764544994	0.664492680649003	170
0.10196263205565	0.162454516779564	276
0.104989952384576	0.691864381564986	854
0.107315165124028	0.544293533527998	940
0.068355859050438	0.641371597390442	73
0.041425771316552	0.496539156704356	188
0.124977679850894	0.462649788847204	212
-0.085495369577976	0.67997636521671	212
-0.025548100671114	0.280697934253108	82
0.0190437168905589	0.671618509505703	220
0.012510258744567	0.655808577614407	265
-0.074173389155094	0.74543293398736	270
0.031330240885614	0.592517012766791	270
-0.030257488020119	0.283070259872901	172
0.0663202237907879	1.70142441209263	23
0.111698517756555	0.930541632298299	23
0.021519162642463	0.669409207801123	1347
0.100307038068989	0.162601931105921	409
0.113537020397169	0.54377759609133	40
0.107809498428198	0.161710387629989	40
0.028175001390369	0.513715853766734	186
-0.046033301078481	1.00857508826923	170
-0.091200311363511	0.402638585776929	101
-0.031972908774607	0.280423726905321	276
-0.122558910351889	0.965102437341162	940
0.104502047403716	0.536618353681225	73
0.030338117317225	0.520033377240858	188
0.013916180455502	0.642254824184515	265
0.015311119700065	0.739929056551251	265
0.050348678660722	0.43790354965552	265
0.0198326220721941	0.795105259766158	2343
-0.055921761230839	0.89762111502577	2343
0.089978117879702	1.48439506744172	23
0.115164913647346	0.910561571387001	23
0.098757104144873	0.783817932318331	23
0.023427548743401	1.03378713198909	23
0.048707369920191	0.809221298569098	23
-0.089260453723205	0.393194546848372	23
0.110516786702952	0.5414121643438	23
-0.082776898605612	0.651019142118143	40
-0.092092921315721	0.391023035565893	40
0.025514061012442	0.589754584813431	40
-0.090074226278844	0.476887443641493	40
0.055871567114631	0.428855346797126	40
0.017890224066594	0.584115668173775	170
-0.025548100671114	0.280697934253108	424
0.087736685021916	0.660341665544252	940
0.07783463092039	0.710139638517765	73
0.096148995786391	0.605625057490341	188
-0.034785185175538	0.283807885980878	212
-0.035375350384672	0.289931372759217	131
-0.090469428230277	0.655592815342806	82
0.068820196427655	0.763405899415703	265
0.102796850746913	0.599696000823447	2343
-0.085058548507807	0.382665900386047	172
0.049335067589655	1.23160837211088	23
-0.0746286940084841	0.773605659053938	23
0.074293465737411	1.708034170895	23
-0.045642004590193	1.02013792748054	1347
-0.026740982487389	0.274741205559888	409
-0.0290638964268311	0.289518739243686	409
-0.032439635017377	0.279989616539392	40
-0.085880901101783	0.393674320425682	40
-0.02145504054478	1.12509233310239	40
0.017226102887873	0.606383907607435	40
-0.051573466000961	0.947273707178697	40
-0.0831296902193051	0.394482136333018	186
0.112885593409746	0.522772499458481	186
-0.081616504283865	0.638703781330481	186
0.10915674864297	0.160134884536478	186
0.072028100664705	0.71213261050398	170
-0.092575454322084	0.402273555476324	424
-0.116879505078385	0.998275971836366	73
-0.073632478685962	0.723081864416463	73
-0.080354721178573	0.638086807225369	212
0.031964147673753	0.533934971596294	212
0.107809498428198	0.161710387629989	131
-0.069982741015572	0.732881325587703	188
-0.096823931138629	0.487559297034387	82
0.089682155203796	0.609949142885366	265
0.046640322620069	0.905069862261634	270
-0.0675778687388	0.788476024291264	270
0.10029692282447	0.59157870280014	2343
0.051880162223043	0.829457975075946	4
-0.0756289434319351	0.717042113879263	2075
-0.088838521070866	0.466406281791969	4
-0.082515872461432	0.568570031113895	40
0.104517232406286	0.160931846851905	40
0.019035662403726	0.67346671529189	40
-0.089322084776378	0.666802394396888	40
0.108937922617992	0.550305226639813	40
0.085960073677095	0.334175047751862	40
0.10915674864297	0.160134884536478	186
-0.030257488020119	0.283070259872901	186
-0.074835860180875	0.712576576033234	170
0.107510621985722	0.163742963398487	521
0.107455929071892	0.536095534366923	212
0.066433513024999	0.806139183214193	212
0.101648578584425	0.16103383582639	131
0.10984892239169	0.534448601056587	270
-0.061625280723553	0.839054313774904	270
-0.0238552816570889	0.278682303607486	172
-0.0162820033772429	0.992910743530198	23
0.0795587215999281	0.349959468170089	23
-0.055932908250271	0.902228681949862	4
0.035886379949828	0.507755791124762	4
-0.030824300968471	0.287187108205516	409
-0.0869978194394611	0.390491655347723	409
0.09690532915677	0.567465202829202	40
0.12118597130026	0.821018051131351	40
-0.092570383638399	0.64194758824267	40
-0.025548100671114	0.280697934253108	40
0.067646983805416	0.886590664714534	40
0.0293274923522	0.524688817916301	40
-0.028498399814911	0.281825881396972	186
-0.064274660372885	0.835153388607251	40
-0.031849403214983	0.283680842236295	170
-0.0290638964268311	0.289518739243686	424
-0.087890130645588	0.389979821134658	276
0.012529950979414	0.784367364852766	521
-0.045196630310514	0.846046375100919	276
-0.0996139086103121	0.565569798656638	188
-0.091954590487152	0.586801981696654	212
-0.027305164050353	0.288218637766352	188
0.072376918603788	0.327694396039017	131
0.0164342813234299	0.66537262024765	188
0.093278757054146	0.589039189307371	220
-0.0879771117121581	0.639005394720075	265
0.10278728759184	0.569368257161323	172
0.043822414543651	0.497189112813821	2075
0.015649245181773	0.817921511238786	40
0.114215696990116	0.751937831064108	40
-0.103983295909858	0.525260967933873	170
-0.027871506351588	0.279214794580025	170
-0.0290638964268311	0.289518739243686	170
-0.00201323050947899	0.942443455720216	276
-0.0290638964268311	0.289518739243686	131
0.00279058877799598	0.967054562590106	188
-0.062116200041768	0.768260867447923	188
0.019663673222494	0.608986772053405	1766
0.021022259862673	0.658663948100432	220
-0.0671360076236141	0.771817082308836	109
0.12043603376149	0.680020448695773	270
0.054124561689372	0.424429008575087	172
0.0504375582454371	0.412922625395775	172
0.07837852886124	0.349301728169769	23
0.047179278675435	0.427416945803817	23
-0.091051542590727	0.576272299357657	4
-0.091200311363511	0.402638585776929	4
-0.064199642400708	0.775652462044659	40
0.107510621985722	0.163742963398487	40
0.047651862820845	0.430885895481064	40
0.05280087314434	0.868306864865683	186
0.0704489355071311	0.707310469229953	186
-0.069728188422985	0.792658736173157	170
0.042923719545377	0.496641826288674	170
-0.087579130636111	0.397265079151081	1017
-0.063568740088024	0.852286872292814	276
0.02930737973841	0.522539780225166	73
0.087148068069583	0.754863322890896	188
-0.082648247131238	0.670687751127637	1766
-0.074173389155094	0.74543293398736	189
-0.082662984395416	0.553435626244133	220
-0.116386086055514	1.04076046148273	109
-0.095121537288421	0.575135788859761	4
0.00604977258175798	0.836140730930164	1926
-0.0290638964268311	0.289518739243686	4
-0.059903527789531	0.910097054681335	40
-0.000270554559321012	0.879671115483028	40
0.010406023796989	0.646220830970117	40
-0.094831570757529	0.484825755226676	4
-0.072116273475322	0.611263877411736	40
-0.027305164050353	0.288218637766352	170
0.00211573387136899	0.772785266579523	170
-0.094366995619275	0.482536814532345	170
-0.09989223625105	0.48368785639273	170
-0.092575454322084	0.402273555476324	1017
-0.073883370827125	0.707940090034061	73
-0.098306378864037	0.500647979392122	188
0.113119199245251	0.548063309859963	131
0.00757186716492497	0.816529756503328	265
0.120657644007004	0.521561233394118	109
0.0760102081340131	0.348995028114255	172
-0.102246347382635	0.48800209850676	183
0.00380289786829202	0.926301457853064	23
0.110234331300201	0.748442233350214	4
-0.072854464455542	0.631007069153621	40
0.0261821388283821	0.609491192309603	4
-0.060090919379121	0.847270086292093	40
0.099355420456567	0.574449832834186	40
0.084922447600136	0.337659028586341	40
0.09806813739487	0.6002172860422	40
0.108720419773013	0.534702714383596	478
0.014857236800931	0.593282204750968	186
0.082556727911601	0.343718998039652	188
0.0190808174364771	0.607698988755454	131
-0.053456666479341	0.980588880779338	189
-0.098413012183804	0.496604279873565	265
-0.091040728186529	0.656144018717731	265
-0.096281833625139	0.487899338670401	109
0.0335955219081741	0.533152618155558	109
0.015593674318511	0.765942078799581	172
0.025919953010847	0.570642388303124	172
0.0451565584071431	0.800360211776846	172
0.071904186929783	2.08785831979236	23
0.015943994072806	0.600543348659098	273
0.088824255893946	0.981785158680737	23
0.0836346631028791	0.668751269860456	23
-0.08605794831785	0.575055973120371	4
-0.073287228672404	0.810644116995584	1926
0.023494459360162	0.588519928856004	1926
0.057328194817963	0.930042917350482	40
0.0817774803528381	0.350872754794278	40
-0.028498399814911	0.281825881396972	40
0.044060274790784	0.415899739445319	40
0.056519541892463	0.427350719895703	40
0.051117407566908	0.43510357147486	40
0.11096834483963	0.546437902772267	40
0.094303332033116	0.921115000933012	186
0.053260098483589	0.426430370124488	186
-0.097574993399617	0.388277673602485	186
0.074258009583157	0.886769639336501	186
0.046493570698516	0.873923419821024	170
-0.081515208859603	0.372974023356044	170
-0.110104890871565	1.27617989557091	131
0.032598473420134	0.522876013594066	189
0.091723924461499	0.320453019366068	109
0.0759366906661511	0.711863804648382	265
-0.098606041230395	0.361173368454968	109
-0.031849403214983	0.283680842236295	109
-0.094693845361034	0.498821914926817	270
-0.093385898742245	0.56287908306093	172
-0.0456674612060341	1.03247430644333	4
-0.08459326599066	0.640688152241525	1926
-0.100994362998542	1.09136057136947	40
-0.088722060553371	0.39962615142417	40
-0.081214061109398	1.32520584639953	186
-0.120242633123664	0.887215717827157	170
-0.045806314241054	0.963346529172452	170
-0.087818740967984	0.381995661323755	73
-0.071380506934528	0.721325477750326	188
0.0190437168905589	0.671618509505703	189
-0.074732970207681	0.643645940260725	109
0.089364024299768	0.326983050423132	270
0.102111403204543	0.771836775236202	4
-0.061426432350712	1.01680555126808	40
0.056776135673027	0.41573771902416	40
0.081920177567696	0.34178249017769	40
0.086293776824227	0.650500608227073	40
0.109702972815232	0.539983382319633	40
0.124077157721026	0.702367579232582	40
0.0809334236077151	0.713611027778999	40
0.013152712089517	0.735560559133291	40
-0.05950740875053	1.06066770503792	186
-0.011878125445923	0.909319157000816	186
-0.080232304277517	0.660888566968492	170
0.122101654619889	0.768299813302079	170
0.040163785607973	0.41009514961359	170
0.018913557381242	0.663181899198942	170
0.09383881224058	0.611792168575865	383
0.083738052688193	0.339546580912924	188
0.044814080459303	0.42820914626922	131
0.022333812522343	0.655014598835695	131
0.10113043537508	0.5964653425378	188
0.022219765165543	0.665086977663775	189
0.018637888116664	0.759463370977647	265
0.00369078290789904	0.860207896428341	109
0.019166451125085	0.591019680117371	40
-0.103258240792997	0.488357023804313	40
0.020048137725451	0.839160058741782	40
-0.109726933884265	1.04483097631077	40
0.016136690677794	0.594563244562242	40
0.078375485348951	0.345359498418921	40
0.082956788129497	0.349761826454807	40
0.111877791028406	0.513499539249475	170
0.100307038068989	0.162601931105921	170
0.00668436156003005	0.773718052446022	170
-0.053656799084822	0.912332225504916	170
0.014991820112493	0.659815393526705	188
-0.076396100582808	0.637996560791772	188
0.026662528255011	0.522784547250372	188
0.0909526106262	0.614793289611187	188
0.02676587967513	0.600017476426804	59
0.08624140887572	0.662394217401382	189
0.018171690180117	0.818149611257185	109
-0.122815623614755	0.94435343813586	109
0.0176202282967129	0.636793407402457	270
0.067637560143463	0.70464680357695	270
0.0480396116867861	0.441274347240567	270
-0.022097966094615	0.271730814651636	4
0.058261339442415	0.400329546064711	40
-0.016984520994806	0.968455084972094	40
0.023554508975269	0.992876272761048	40
0.110520712260292	0.537849727808831	40
0.025689161737961	1.12832261566821	40
0.101036565421267	0.747401943773811	170
-0.085191798506537	0.555512184111053	170
-0.115908845122306	0.922809127528561	170
0.0337640841199	0.501177027562348	170
0.106164448046751	0.165404098536463	170
0.11116065894082	0.158048670727366	170
0.016029339698408	0.659646374653122	188
0.114917622711489	0.504778969030027	188
-0.087058285457259	0.668292113540071	188
0.010777547762975	0.659412844940407	188
-0.085495369577976	0.67997636521671	1766
-0.119203626691729	1.00829381034292	109
0.093278757054146	0.589039189307371	270
0.05029786134798	0.791900396500003	14
0.121060880179771	0.514547341881421	4
0.0216376712972099	0.798650274669278	4
0.0196455567502321	0.766271012752906	40
0.078012395788578	0.824931076827507	40
0.082483725531636	0.87214438249779	40
0.083308120124691	0.83255939724214	40
-0.071319333847622	1.32187362064975	40
0.108339799668607	0.923016342180046	40
0.031821600373513	0.574137208739998	170
0.11034795412667	0.546778900825529	170
-0.103584968980768	1.29199894658074	170
0.107456377571423	0.93593658170052	170
0.085659462414434	0.66656803248107	383
-0.081956978192586	0.679608958015001	383
0.055039127451172	0.415476120713615	383
0.0356238908941871	0.534214610857863	188
-0.000547225853988032	0.94474032467692	59
0.053620183500625	0.877433400627941	1766
0.00401341701075497	0.928355275044726	189
-0.067651040533565	0.840909525152154	270
0.111359416695885	0.518642588219054	270
0.089996786443232	0.820649681837813	14
-0.112922902643375	1.05415448300386	4
0.078471224881758	0.633833010337963	14
-0.05874893867394	0.812148222600004	40
-0.000910179910748043	0.824276554385963	40
0.075378276606125	0.338775479965843	40
0.013121213588899	0.787728874886896	40
0.080739084971705	0.335177912305526	40
0.087140362661384	0.341470240944622	40
0.070192706060651	0.767072200755962	40
-0.076542182632285	0.776480416739214	40
0.03310757994549	0.515289711369385	478
0.069839466539977	0.702717553854379	40
-0.12412458063837	1.05380226218297	40
0.020098238937395	0.748969406676657	186
-0.07089838261087	0.788007594098421	170
-0.044483947350309	0.976321209814429	170
-0.071927850890812	0.687452946644759	170
-0.096397755814452	0.484611870911036	63
0.105717149451262	0.539013291815131	383
0.027699317248627	0.499262619288028	1113
-0.075355381019385	0.799425828636257	59
0.012212353201162	0.699173915584849	1766
0.062102099189692	0.726769392326826	189
0.074549258281663	0.758845629179181	270
-0.08531388330214	0.628064503567728	4
0.036008133302129	0.513580360511427	4
0.0210411169861831	0.597396059548554	40
-0.03999003478929	0.281119023278196	40
-0.093573360069551	0.499309689871415	40
-0.060473138963801	0.937450265973278	926
-0.063588764526322	0.986446998561896	55
0.0813755258034951	0.343112526455049	40
-0.099630817034053	0.989473907864233	40
0.121614448407639	0.675669963594508	40
0.05711207663591	0.426918537035847	40
0.0898387883159511	0.653835468502639	186
0.038568087216135	0.913807358250758	170
0.064421048336637	0.820375773670206	170
0.11116065894082	0.158048670727366	170
-0.07051305914553	0.730098372712138	1113
-0.072945201746076	0.841612841217834	1113
-0.079898672040616	0.55173501100563	1113
-0.050354918683174	0.880875605629296	59
0.014749482804891	0.566366187159368	1766
0.016457673263377	0.725789605529583	189
-0.081366453481981	0.658842068937335	189
-0.08984612731091	0.578164396192901	270
0.00123438682644705	0.813466494543656	270
-0.104312494487257	0.999843224699352	270
-0.042965722800346	1.31170463788107	14
0.071002377484256	1.03473823767699	40
-0.036549561776265	0.283542077282334	40
-0.088961232753567	0.395435769899567	40
-0.121122595682161	1.01552276098664	40
-0.082942874370576	0.678704317120682	40
0.00988150701263502	0.726578222094333	40
-0.027305164050353	0.288218637766352	40
0.00960203973184004	0.719360891677643	40
-0.104629433682449	1.15810906804677	40
0.052742997164647	0.438930671565278	40
0.038522351562874	0.513933511425851	40
-0.03021271116587	0.280673504110943	40
-0.084506564883879	0.64063748784269	170
0.118762246197327	0.714464074891668	170
0.122208770833683	0.695989043725194	170
0.012718588074801	0.80006632056275	170
-0.0238552816570889	0.278682303607486	170
-0.06717403871471	0.789249620618462	1113
0.031582632847746	0.523703934254875	59
0.031216320864411	0.514981579102309	815
0.06895424086429	0.767994146129227	189
0.011512331926113	0.897604432836477	189
-0.051032538421167	0.841706091702776	270
0.024325924630801	0.663863363594974	270
0.106228594075756	0.778392772108988	270
0.108504469602487	1.27601365134256	4
-0.085675263545541	0.562817004517766	14
0.085264593951798	0.588007647958677	14
0.057912337094289	0.7478995953947	14
-0.050124230352497	0.945987983503012	14
-0.0221787269771651	0.905450006202515	14
-0.063550221409395	1.20896200779988	926
0.059733619676015	0.421525267861444	40
0.050348678660722	0.43790354965552	40
0.107861246730386	0.157338749699546	40
0.100742785696344	0.602702103432564	40
-0.041259617315544	0.919689642356997	40
-0.0607754748248151	0.73405175140748	40
0.08928525207732	0.605721172077594	40
-0.095089058281386	0.400615562120894	170
-0.067546462371592	1.21684915271769	170
0.049113615165208	0.440315557397391	170
-0.0774089232628991	0.774059953839132	383
0.088696178261737	0.649513389132871	276
0.078375964418123	0.351061903937463	59
-0.051301994431788	0.868708801918349	189
-0.083138627998895	0.725706114338175	189
-0.060484359164896	0.851784742804092	270
0.0798874377387771	0.745670635668046	270
0.051218377449442	0.86204316722336	270
-0.11392720830517	1.74241736266879	14
0.064888586677997	1.17620261320695	14
-0.076893267499432	0.742438091206864	14
0.00898828472444602	0.897339758724628	14
-0.01622058852983	0.988451275882367	14
0.120272062212071	1.0883750842927	14
0.052412176253763	0.444083300773306	14
0.096829923447054	0.80375477898964	926
0.111834897979465	0.84515375797814	926
-0.089266919505522	0.569033666295362	40
-0.087579130636111	0.397265079151081	40
-0.027871506351588	0.279214794580025	40
-0.095927659574537	0.501177120490552	40
0.0822937265446601	0.699439195318764	40
-0.080417960723548	0.733465701204594	40
-0.03999003478929	0.281119023278196	40
-0.057015646278316	0.953518088156829	40
-0.116051428010467	1.0996413939372	40
-0.059275257073114	0.929551797221133	40
-0.094828013699099	0.572387068075873	170
-0.08261247095441	0.64517398404114	170
0.0479548418890841	0.4280361587975	170
-0.079365670314378	0.656587463042067	276
-0.031849403214983	0.283680842236295	170
-0.027871506351588	0.279214794580025	170
0.042114066565791	0.426094185806981	170
0.01223833036754	1.08391385371057	170
0.102494989947217	0.783006833209828	383
-0.097009085171159	1.11055534009026	383
0.01847458968914	0.70913474982174	276
-0.069982741015572	0.732881325587703	1113
0.0501037266393209	0.433523724712915	1766
-0.053530203404166	1.09350196209688	189
0.11807989882248	0.77877190977992	189
-0.049358829964063	0.844814999673939	189
-0.0704785456792451	0.883923025447306	189
0.018637888116664	0.759463370977647	189
0.064946232331513	0.886389423854531	270
-0.103517641148849	1.04938879007866	270
-0.00983323435662997	0.991503214101921	270
0.052021023520761	0.881004033428493	270
0.056196478589074	0.430015864781592	87
0.088360307590732	1.04808429664111	4
-0.021017188272917	1.42280269199847	14
-0.011307730326154	1.40089677426484	14
0.012962417727803	0.714085822183584	14
0.028706633979341	0.626734966703241	926
0.062593045326046	0.947583012802431	40
-0.00147397192357501	0.884659196291601	40
0.078016031647317	0.680223418570099	40
-0.120866986202531	1.01723982210402	40
0.122014218497096	0.711893605707691	40
0.036884434498102	0.531194580319719	40
-0.067350598948963	0.826445262238121	40
-0.050368140832514	0.876124797962523	40
-0.00977855549323203	0.983236550553109	40
-0.0452219993212311	0.972976393021534	40
-0.072123572678548	1.1971047974616	170
-0.121580358389919	1.01436043133545	170
-0.087803117365934	0.65930636783129	276
-0.079693171635269	0.673298017364247	59
0.107510621985722	0.163742963398487	59
0.083742303029985	0.34178724806317	59
0.09383881224058	0.611792168575865	59
-0.106075356911277	1.02725515307585	815
0.016621252717664	0.6327331381821	188
0.015893483821493	0.805965468218297	189
-0.091337910046533	0.653748868403656	270
0.025742464143421	0.627103465813193	270
-0.067791926375231	0.852377374530498	270
0.081453802486436	0.654378683078324	270
0.017448994171258	0.579359517824917	270
0.011775995847968	0.784920312081397	270
-0.104663527529413	0.999720147903349	273
-0.020740808122057	1.80001033220976	14
0.011496125344152	0.842655939773401	14
0.093429173688667	0.583606859117425	14
0.101000627889578	0.833832200320929	14
-0.099643970395829	1.04672402700201	14
-0.047280235359833	1.03561256909691	14
0.010718695780524	0.754689017495382	926
-0.06822356994648	0.773444826717437	40
0.00633579530001804	0.749807321429719	40
0.00742897421889899	0.656542883743677	40
0.101439037919487	0.581301746402513	40
0.014755035293894	0.784136802050596	40
-0.040936989471746	0.904944199728391	170
0.122886347297445	0.468041901292402	276
0.00914808235435904	1.14167042496557	276
0.080597760199745	0.349442485636027	383
0.02767792627112	0.523240813246149	188
0.037459436738783	0.526675638422707	189
0.07857085389305	0.668971126481457	189
0.014991820112493	0.659815393526705	270
0.053137519977189	0.425231411340563	270
0.025030194941953	0.687980854061224	270
-0.111262609833815	1.04144602624769	270
0.112476844143623	0.81796461552881	270
0.111585747336854	0.532051963067867	4
0.077350989005601	1.13900541414854	14
-0.050966417450494	1.03541354112307	14
-0.045965271364191	1.588860622012	14
-0.086479168754771	0.677244187162077	14
-0.087889016236422	0.568524436501972	14
0.121378154523351	0.772644207744163	14
0.071611889550562	0.716140737561694	14
-0.023289722935519	0.272605726623559	14
0.071150505129973	0.7617923422695	14
-0.088212321712895	0.568272834428163	40
0.061646352884559	0.396922797076592	40
-0.047746192898118	0.941370788054053	40
0.022766869308235	0.667437554586933	55
-0.087359256480923	1.49128938179536	40
0.06733618827725	1.06823181152775	40
0.0159236363120771	1.04280945063143	40
-0.035375350384672	0.289931372759217	40
-0.025548100671114	0.280697934253108	40
0.026796858572006	0.579859084175082	1313
-0.078469986587781	0.685268600427782	226
0.06031253201636	0.741869149648868	170
-0.059168526896468	1.08771811325542	2250
-0.028559952065488	0.278708005774788	98
-0.036549561776265	0.283542077282334	59
-0.038226481876638	0.276557176755397	59
0.076159102420639	1.05915562004931	139
-0.094065320716095	0.582324254842342	189
0.042645044640062	0.423253405724933	189
-0.082203816171547	1.53056128905417	14
0.050279733243029	1.51912486044544	14
-0.0199648133171	1.10695783656982	14
-0.022728589222238	1.08863424069938	14
0.124158215035665	0.799926160918992	14
-0.084709446826748	1.20111782581922	14
-0.066798859908976	0.800778870394102	926
0.022445116309187	0.639426553825116	55
0.0783409943812941	0.736488579368274	40
0.083622729915088	0.645400428297006	40
0.020936794856692	1.20522251849012	40
-0.039287434393034	0.994327812001589	40
0.034258454361179	0.877720376450975	40
0.0519432053818461	0.883622092589841	40
0.019605870469274	0.763482079032176	40
0.102880740983418	0.779921056350441	170
-0.081926868552509	0.720988051373378	170
0.054715074850197	0.859503537941276	276
0.089501327821381	0.33543691183207	98
0.084775611562266	0.343243772355024	98
0.047486289867707	0.427216196939547	59
0.050746175267139	0.42830208453976	59
0.093709815435804	0.563200298251404	59
-0.072051278337393	0.806041963590935	188
-0.092363856089225	0.673934386987538	188
-0.00140854580371097	0.755719394993448	189
0.018169048079397	0.675648812782463	270
0.104840486630966	0.542251756153431	270
0.0478802961868911	0.437591265638596	270
0.087497251382788	0.685487908064147	270
0.027925043852309	0.52219707332725	87
-0.113672234243633	1.12011593688542	270
0.027188129384383	1.65741292995476	14
-0.0828266245046621	1.77206246983011	14
0.116476713144106	1.28540467226636	14
0.026126695063651	1.45590706125476	14
0.066136303582145	1.52103017160657	14
-0.058116929507552	1.18693524358358	14
-0.049443496487849	1.68002613104107	14
0.089369961739616	0.318548649662522	55
-0.050507582438047	1.13043799841852	926
-0.062462845917218	0.896287368324815	926
-0.05223566079846	1.10773013558284	40
0.041380715702145	0.401960132594172	55
0.087141273766148	0.331885841106695	55
-0.030257488020119	0.283070259872901	55
0.000317381334491995	0.927595303761918	40
-0.115931360641829	1.08840073604872	40
0.0293274923522	0.524688817916301	170
0.019869785553037	0.764897394267551	170
0.012748274656631	0.818448111479939	170
-0.121484238975892	0.957045784902815	170
0.004223564107384	0.890190005104473	170
-0.104392690162917	0.546795216801449	170
0.111921928557734	0.535300197497517	98
-0.103477715763204	0.474806350023578	59
0.080601774069574	0.343647701177897	59
-0.073805632055026	0.747104123721335	59
0.095318545517758	0.602504491223196	59
0.077668872330539	0.718995773369294	59
0.082211089150628	0.665240193806428	59
-0.087502403278298	0.595062898012118	59
0.069780646756186	0.761394588604901	188
0.019842963382613	0.71298538266098	188
-0.049330158350774	0.894798839836647	189
-0.071454435804342	0.768904148181154	975
0.039607174473843	0.864243671058186	270
0.057581310219859	0.831760702279389	270
0.087182342093761	0.681651018916262	270
0.08337474160715	0.675455166294997	270
0.070023538332581	0.327737315795589	270
0.036812972542598	1.76242863751444	14
0.0942661829331159	0.593257602345641	14
0.096914383697723	0.812913891739149	14
0.027662210401517	0.999120302767304	926
0.108425223248589	0.932862598883992	926
0.026699335744874	0.682369392153906	40
-0.097049523081347	0.497374847031036	40
0.051712067818568	0.410639498760831	70
0.00833481691850402	0.715491602721858	40
0.0349837678937071	0.518270751384142	1313
0.020767987388657	0.701553771891786	170
0.055284324968159	0.43246850511969	276
-0.065495970940606	0.874774491872324	98
0.095906291496305	0.631329208922443	59
0.077998185994674	0.711091271345041	59
0.0838740296655111	0.593898609986564	59
0.0182343530801	0.596280091699105	59
-0.079858099468757	0.540262855265213	59
0.097108277737679	0.596353317036942	139
0.105549201853402	0.875500608093154	139
0.00819734590865295	0.786839380234056	188
0.014451209464673	0.677070729413365	188
0.00255528982625797	0.704691478642127	975
0.079925405761847	0.715400243898778	270
-0.113025271659436	1.05473432906483	270
0.03122569834458	0.978844574162241	270
0.123146242561242	1.30779128435948	14
0.056609621263905	1.37610347026957	14
0.038154766467058	1.29486293889972	14
-0.0590504639473	0.95192446564055	14
-0.05875350625415	1.11311316871149	14
0.038040557618317	0.51213807583264	14
0.078375964418123	0.351061903937463	55
-0.096061405375846	0.491043828697371	650
-0.072775072841208	0.721380750854685	926
0.104517232406286	0.160931846851905	55
-0.030257488020119	0.283070259872901	55
-0.0842618145053829	0.691757348603349	226
-0.097183620667161	0.497816109492811	1775
0.112830145815826	0.520162940172491	170
0.099271984416053	0.586440647284217	170
-0.099214101191101	0.56147195819573	276
0.107809498428198	0.161710387629989	2250
0.10196263205565	0.162454516779564	206
0.0477284514113761	0.436849065236328	276
0.118161995598136	0.53796529197612	98
0.030324295667486	0.623478210096461	59
0.10004734736259	0.52837926094327	59
-0.100270031589257	0.552859744656136	139
-0.10014692959758	0.544420390373005	139
-0.093383186285414	0.57792176596027	188
0.033614223122466	0.510821000155826	189
-0.088961232753567	0.395435769899567	189
0.079766633127571	0.585564616781055	189
0.040777129776978	0.837825417627154	270
-0.071539975090864	0.784056592684097	270
-0.06573093828376	0.863502628152092	270
0.123743488846727	1.89820418790191	14
0.098447519127811	1.38389991449558	14
0.035526954837683	1.65562600220648	14
0.066833600095464	1.31913840344419	14
0.0976867266649471	0.976033920295584	14
-0.087502403278298	0.595062898012118	55
-0.07367670591112	0.729258717667364	650
-0.093911058524061	1.03629484441991	926
-0.055816963104051	1.03954266835057	926
0.0815264268077121	0.30761097909568	55
0.114747254249315	0.535487856154153	40
0.024309939081978	0.596185130152071	70
0.122653445370384	0.658564323349431	40
0.098307908361618	0.591682161671721	1775
0.028440217547447	0.573097600202713	1313
0.11764972489983	0.500231069155651	170
0.089423716597721	0.597118268559143	170
0.037272760977518	0.494231738376095	206
-0.00843080641396299	0.941590571685206	276
-0.056171969307854	0.940855842041493	276
-0.061824736788749	0.936275914184426	98
-0.057927578291592	1.19208474582849	98
-0.056247866274123	0.916896920140637	98
-0.055872065432371	0.92278955220091	59
0.110980634004648	0.723023616850461	59
0.111400162443467	0.54186656419565	188
0.075605255770736	2.45980159839392	14
0.120971621871808	2.17787859913031	14
0.11580699275079	1.49961282673872	14
0.109001316206044	0.766692860116865	14
-0.03999003478929	0.281119023278196	14
-0.089266919505522	0.569033666295362	14
-0.025614146902992	0.279913059585337	650
0.107861246730386	0.157338749699546	226
-0.072181165996815	0.794945182816462	170
0.024132340665977	0.57488127026852	170
0.106164448046751	0.165404098536463	206
-0.024356419677278	0.271119210821833	276
0.085173695947727	1.12865779237287	98
0.106164448046751	0.165404098536463	139
0.104517232406286	0.160931846851905	139
-0.094850348326904	0.393910118844487	189
0.111046340125035	0.74608793854032	270
0.094918376532705	0.587778582486593	270
0.037632356892253	0.519084748291661	802
0.0881810087621761	0.322381197118742	87
0.055284324968159	0.43246850511969	87
0.075378008393562	0.342248055100551	87
0.057894345186004	1.94088841342551	14
-0.067526186921805	0.66433641588852	77
-0.088481800781369	0.388162706286969	650
0.011070514668245	0.735971283213744	926
0.016855623108745	0.727272055871967	926
-0.112495041148839	1.06552928220625	55
-0.115080259933047	0.981611398121204	55
-0.088722060553371	0.39962615142417	55
0.104517232406286	0.160931846851905	55
0.112510612272272	0.515144469953824	40
0.103305263129155	0.160883900344644	40
0.00920597162715697	0.841795300405688	226
0.032580755745762	0.528454248383849	1775
-0.031849403214983	0.283680842236295	170
-0.026740982487389	0.274741205559888	170
-0.095596100120376	0.488689738634486	170
-0.076993219025733	0.651614597558043	170
-0.030257488020119	0.283070259872901	170
0.040784738756224	0.489753654272467	170
-0.037063790110283	0.26762349011827	79
-0.074133758387416	0.809549760910626	98
0.103340864910713	1.12139826127944	98
0.090475457549539	0.92511623703268	59
-0.096229525259935	0.390186419112496	139
0.10196263205565	0.162454516779564	1492
0.10196263205565	0.162454516779564	189
0.107510621985722	0.163742963398487	189
0.082959225668201	0.349211207976213	189
0.10196263205565	0.162454516779564	189
0.085406713586217	0.965439425770238	270
-0.0780398934187569	1.15272615014072	270
0.10404321407844	1.93534153318462	14
0.0300359084483171	1.57347769786878	14
0.091712185896448	0.921196399219712	14
-0.111247176427846	1.39603473140267	14
-0.029631553521776	0.277137412790688	1688
0.109101683697285	0.532938405570994	55
0.107809498428198	0.161710387629989	55
0.107809498428198	0.161710387629989	326
-0.0238552816570889	0.278682303607486	1302
0.055791842139111	0.434040831287209	70
0.118551813196717	0.523121245906607	1775
-0.092024517446338	0.655390386717397	170
0.10196263205565	0.162454516779564	170
0.107510621985722	0.163742963398487	79
0.106164448046751	0.165404098536463	276
0.107510621985722	0.163742963398487	276
-0.104825347131119	1.29541340802979	59
-0.068135483182009	0.845971095551241	59
0.015161104321548	0.863595376601553	558
-0.087471014082447	0.457774662485805	139
-0.090861895976427	0.487205390002865	139
-0.095596100120376	0.488689738634486	139
0.0813755258034951	0.343112526455049	130
-0.02680154360055	0.280831111550184	189
0.107333340836628	0.532126183565844	802
0.105847560683215	1.99288118810664	14
0.012105709416277	0.673042805987559	117
0.029999687779397	1.15863790049039	14
0.0835981350014709	0.317056242167434	14
0.107809498428198	0.161710387629989	70
0.050903946472881	0.423692318110681	40
0.107510621985722	0.163742963398487	170
-0.085631228810235	0.387312444851754	276
0.106164448046751	0.165404098536463	276
-0.035326781629183	1.48419166556514	98
0.012736371622135	0.735067695830767	139
0.050903946472881	0.423692318110681	139
0.10196263205565	0.162454516779564	130
0.032598473420134	0.522876013594066	189
-0.08325140123189	0.569955915688739	270
0.0816604984160641	2.43226297082505	14
0.079859159199026	1.11838534274939	14
-0.066897119123142	1.63935411598308	14
-0.03361160922026	0.290242048778392	14
-0.095596100120376	0.488689738634486	14
0.083313617904044	0.706598444347602	77
-0.063548994230368	0.816977584705524	14
-0.0944375761558049	0.579054018978805	14
0.107856345195114	0.541395182309757	55
-0.0233740868504591	0.265676378258077	55
-0.085880901101783	0.393674320425682	55
0.039675980187597	0.493717580461411	1775
0.107510621985722	0.163742963398487	170
-0.084740316945253	0.383720295485116	170
0.106164448046751	0.165404098536463	276
-0.087023792562377	0.386360899818957	98
0.011202702002265	0.832220762997771	139
0.0825532309838341	0.33939367720886	189
-0.08605794831785	0.575055973120371	189
0.0478802961868911	0.437591265638596	189
0.031330240885614	0.592517012766791	81
-0.032586380851361	0.279686224243847	87
0.087140362661384	0.341470240944622	87
-0.035967381550608	0.273964525158361	14
-0.026113129457213	0.277995185358117	55
0.107707986425037	0.488319011540502	322
0.10196263205565	0.162454516779564	55
0.024659817098819	0.604753624876159	55
0.10915674864297	0.160134884536478	641
0.049113615165208	0.440315557397391	70
0.00949757637051196	0.658899646098987	1775
0.0258349120539469	0.606585429359521	226
-0.0250448016068791	0.279597056391279	170
0.050590715115169	0.426046513180395	170
0.107510621985722	0.163742963398487	170
-0.095164845407138	0.575521706944138	170
0.107510621985722	0.163742963398487	406
0.106164448046751	0.165404098536463	79
0.107809498428198	0.161710387629989	276
-0.072477761636547	0.698346004518511	98
0.033373172427523	0.513482319129007	139
-0.093470730965337	0.380047075522107	270
0.0547921218522061	1.13591940107719	117
-0.0869978194394611	0.390491655347723	77
0.10915674864297	0.160134884536478	463
0.105862327314304	0.15938672368822	463
0.08959866242216	0.601231433284375	55
-0.122430566405678	1.04732332184628	55
-0.090553665213573	0.449959348861342	322
-0.037063790110283	0.26762349011827	55
0.014819818597269	0.729393118796643	344
0.124861966458212	0.465691724445521	170
-0.031849403214983	0.283680842236295	79
0.02163450230404	1.1977192690634	59
0.055284324968159	0.43246850511969	139
0.099283882605831	0.603159463760781	139
-0.028498399814911	0.281825881396972	559
-0.092130315450471	0.568089424952877	270
0.0150570813447261	0.81345410422556	270
0.089783350977918	0.639739845544893	270
-0.0652514998292389	0.817761265027623	270
0.089501282489318	0.330188180756335	87
-0.0869978194394611	0.390491655347723	87
0.108636766469489	1.85637881356503	14
-0.118624124675573	1.50827353229853	14
0.011285937154493	1.09751291298876	117
0.105307501552363	0.158795616333555	14
-0.032018250277475	0.280909151217907	14
-0.083600649089882	0.642684555738795	14
-0.091034090966685	0.580538064563575	77
-0.085880901101783	0.393674320425682	55
0.014083774582938	0.876489538898898	55
-0.025548100671114	0.280697934253108	856
-0.0238552816570889	0.278682303607486	783
0.030325743318672	0.509099782134533	1775
-0.092329360620087	0.573126075049532	170
-0.028498399814911	0.281825881396972	170
-0.083434747880605	0.381367902569661	276
0.107809498428198	0.161710387629989	2080
0.107809498428198	0.161710387629989	79
0.11116065894082	0.158048670727366	79
0.107809498428198	0.161710387629989	276
-0.104601402818448	0.47613028586914	276
0.082317305972921	0.693253912772766	276
-0.00394832018425995	0.995582917056645	98
0.083742303029985	0.34178724806317	139
0.107510621985722	0.163742963398487	139
0.105862327314304	0.15938672368822	139
0.101648578584425	0.16103383582639	81
0.015424025027312	0.78182695367278	270
-0.030257488020119	0.283070259872901	87
0.056998379544845	1.19473948161566	117
-0.0987713120160451	0.470461503566889	14
0.016240791602579	0.657447700251611	322
0.013703863426454	0.652205395486383	55
0.084137336743606	0.348106420424358	70
-0.095799705160617	0.469975039455688	344
0.071205469306391	0.324156982198685	344
-0.041755120038348	0.277074668728566	2239
0.10951204064891	0.161545516971529	79
0.107809498428198	0.161710387629989	79
0.107809498428198	0.161710387629989	79
0.103533182990399	0.787207448412008	276
-0.050219378027468	0.938790401724117	558
-0.060533926076052	0.843461298981167	139
-0.09034365424693	0.390555046186727	139
-0.093243808416123	0.481672027604284	130
-0.093470730965337	0.380047075522107	139
0.108758617767852	0.880829272705616	270
-0.086776200683433	0.675129433373754	270
0.107510621985722	0.163742963398487	87
0.0770567301102379	0.71076491838638	651
0.105307501552363	0.158795616333555	463
0.078409731050648	0.699820947805989	55
0.045781048783365	0.801922875838885	55
0.053484571388611	0.440325829127564	70
-0.088722060553371	0.39962615142417	344
-0.034785185175538	0.283807885980878	344
-0.080081686934115	0.63499357061885	226
-0.038315478997227	0.277559801246387	170
-0.087890130645588	0.389979821134658	711
-0.03361160922026	0.290242048778392	13
0.021874404994111	0.612082341814843	13
0.11960436440436	0.460166492599074	170
-0.097503662045877	0.554586300409392	276
-0.03361160922026	0.290242048778392	276
0.107809498428198	0.161710387629989	32
-0.05572090386413	0.896809438108332	276
-0.098751335181691	0.478691807816088	189
0.041468222381055	0.411315961081743	270
0.0757123210521961	0.648711060984878	270
0.037632356892253	0.519084748291661	270
0.074940585556762	0.753169118229672	14
0.10915674864297	0.160134884536478	14
-0.027374541519571	0.277808019884369	651
-0.031849403214983	0.283680842236295	322
-0.090106009512164	0.397764443513192	41
0.01098686406074	0.661151747556747	226
-0.077430425567629	0.655518769133481	226
-0.036549561776265	0.283542077282334	13
-0.090970420475411	0.48858105098908	13
0.103305263129155	0.160883900344644	32
0.05957092151116	0.419208052131074	276
0.025733609758317	0.574491410223755	276
0.0590471899305171	0.797033647777714	59
0.056886627091033	0.858326941020006	558
-0.00147468732676903	0.985401449243943	558
0.08539935291671	0.620337794127308	139
0.00441522625127	0.756527046816752	139
0.107861246730386	0.157338749699546	139
-0.091435021191937	0.587689707774649	270
-0.099320346802219	0.490082801765411	897
0.049671468000223	0.425946457335691	897
0.121378231784057	0.996981629564823	117
0.015638841084232	0.72890798521597	14
-0.097574993399617	0.388277673602485	55
0.101707990304861	0.579775587370262	55
0.106164448046751	0.165404098536463	322
0.107809498428198	0.161710387629989	859
0.084137336743606	0.348106420424358	344
-0.086525197332079	0.658692310906139	13
-0.0250448016068791	0.279597056391279	13
-0.094828013699099	0.572387068075873	13
-0.031384221241339	0.281582131382678	79
0.107809498428198	0.161710387629989	976
-0.0250448016068791	0.279597056391279	32
0.106164448046751	0.165404098536463	32
-0.081956978192586	0.679608958015001	32
-0.034107701644755	1.16757153455366	98
0.10196263205565	0.162454516779564	139
0.105862327314304	0.15938672368822	139
0.106164448046751	0.165404098536463	51
0.092900303450911	0.630749088207242	87
-0.026113129457213	0.277995185358117	897
-0.030824300968471	0.287187108205516	14
0.093703073722875	0.607804503962238	77
0.0817774803528381	0.350872754794278	651
-0.030257488020119	0.283070259872901	651
-0.030257488020119	0.283070259872901	1105
0.11116065894082	0.158048670727366	1105
0.021624977275676	0.71548399219006	55
0.0864067230640641	0.606542695017005	55
-0.06780528606562	0.723401053595587	13
-0.0250448016068791	0.279597056391279	79
0.103305263129155	0.160883900344644	79
-0.084595889477699	0.626592541788961	32
0.023465466542989	0.776964148058993	59
0.017477070664218	0.655927983614626	139
0.107510621985722	0.163742963398487	139
-0.087502403278298	0.595062898012118	139
-0.099415300241183	0.568724003245335	51
0.107809498428198	0.161710387629989	51
-0.080212411431544	0.742778934310338	51
-0.0763829094012231	0.731593001850931	270
0.000244858574677043	1.2710027295044	117
0.052250272360035	0.429056276969503	1105
0.023136305591433	0.646366744739179	55
0.03929527744818	0.515310951920997	322
0.101648578584425	0.16103383582639	322
0.080595845732462	0.343106575046838	49
-0.092334741942421	0.4050383296159	41
0.107510621985722	0.163742963398487	70
0.032334958947187	0.529686241036673	344
0.107809498428198	0.161710387629989	344
-0.082662984395416	0.553435626244133	226
0.107510621985722	0.163742963398487	32
0.04593579131955	0.464002967409477	32
-0.101772980734877	1.01355373281317	558
0.10915674864297	0.160134884536478	139
0.00411490845131302	0.719696912940568	87
-0.0945789321552381	0.479838789660015	14
-0.073622108886532	0.789422928555755	77
-0.084572167651023	0.383539804925197	461
0.106164448046751	0.165404098536463	1105
0.10915674864297	0.160134884536478	49
-0.079553032363656	0.646441613987231	70
0.074731288170886	0.317433923880519	344
-0.079511520747321	0.729310473274548	344
0.016037206551596	0.727758139506344	344
0.121150963614811	0.704892390282002	344
0.027619294780006	0.590123996973326	226
-0.08812796538128	0.400855897121907	13
0.113896519131597	0.543875466493418	13
0.10196263205565	0.162454516779564	13
0.029254992044444	0.583977746067972	13
-0.0898254676731241	0.39925555085867	13
0.103305263129155	0.160883900344644	13
0.106164448046751	0.165404098536463	79
0.107809498428198	0.161710387629989	32
0.107510621985722	0.163742963398487	32
-0.097708042588435	0.364742630291789	32
-0.03302234654777	0.277624063329933	32
0.106164448046751	0.165404098536463	32
-0.057256757804378	1.10510246600418	59
0.0624082122037291	0.918078843251878	59
0.089077316437032	0.804619113814909	558
-0.068126056217564	0.865212480346692	139
-0.121122595682161	1.01552276098664	139
0.028656762359507	0.58937644018735	139
-0.095952952273241	0.491403505252285	51
0.00918834712054395	0.765950863672831	51
0.047217282158353	0.889724452730879	270
0.091582540287866	0.648115846968341	51
-0.097620281054982	2.16735108873099	117
0.035103717634705	1.41443047364194	14
-0.070751094966088	0.856093609665462	14
0.00940548531609098	0.713293477945102	77
0.015860808522754	0.654865704870612	77
0.122854236335011	0.451040109903755	77
0.014300430868472	0.74857161125124	651
0.054124561689372	0.424429008575087	77
0.016929811948655	0.679613497896674	55
-0.062843664873911	0.846793736230684	55
-0.09006820060082	0.388641726933892	322
-0.087502403278298	0.595062898012118	49
-0.077819734381793	0.639764559582272	1526
0.054124561689372	0.424429008575087	41
0.052742997164647	0.438930671565278	41
-0.086816922913656	0.650895895774578	41
-0.094831570757529	0.484825755226676	70
0.032726806985388	0.522122384516707	344
-0.081691393739995	0.731558860366191	344
-0.00504862849393795	0.794032841487447	344
0.100592519263911	0.520552132059557	13
-0.082623882276756	0.431100122469925	13
0.087140362661384	0.341470240944622	79
-0.05239930982523	0.887492628839304	32
-0.011795072948907	1.00137418507241	98
0.069174724293288	0.751595332419619	59
-0.097183620667161	0.497816109492811	139
0.099733924056308	0.583173168837176	51
0.092610617283742	0.609199184521487	270
-0.119792145641366	1.00529414846656	51
0.110987386623893	0.515917833407322	55
0.04013120241066	0.407882724732151	1526
0.00852526696186595	0.858526683230865	344
0.00985133908195301	0.737611590549925	31
-0.065295113622199	0.804999947423724	31
0.024811292811444	0.647715689010868	13
0.083187352005796	0.644794889170424	13
0.085620972463513	0.675072732791064	13
-0.086883378953274	0.695744162405099	32
0.021710243915359	0.629317083773054	32
-0.068408554763956	0.824292133870363	98
0.076060913360368	0.701636400568281	558
-0.068035334222635	0.801328025323728	139
-0.086479168754771	0.677244187162077	139
0.100238390253444	0.532285059273296	51
0.079344123640995	0.665519661644386	51
-0.0597330413995451	0.844505854709349	51
-0.08063049165544	0.652151763668325	883
0.074054186968044	0.691105928577325	51
0.055925919826767	0.820772281592796	51
0.053307522795941	1.83969021018901	117
0.094145487742523	0.599054993917211	77
-0.084511860459457	0.679031262257718	461
0.016606182528619	0.656517770680967	461
-0.067556887390316	0.709542416800824	55
0.077817280974258	0.332349329569592	322
-0.072897169240401	0.804968297114577	41
0.022757826883226	0.660066165158083	344
-0.105253363907772	1.26296929509353	344
0.107866718812415	0.565987425834753	31
0.030050837324009	0.595865280951028	31
0.037264449126946	0.516761016179698	13
-0.081655199883381	0.433325044993341	79
-0.02680154360055	0.280831111550184	79
-0.038826702393558	0.271830233885494	276
-0.089848901357442	0.484821867399944	32
0.019930085220887	1.00998212820617	558
0.117315010502941	0.718063585487666	558
-0.034674249290354	0.949372165367477	59
-0.119330599533142	1.01306259468242	59
0.00738082920678396	0.762064396757759	139
0.0690106131069021	0.754160225899324	51
0.017110943218559	0.772446914844055	51
0.112469754066778	0.524068841881327	51
-0.083434747880605	0.381367902569661	41
-0.074522559517017	0.80829817371016	70
0.031964147673753	0.533934971596294	344
0.034364940408699	0.530704138936033	13
-0.025614146902992	0.279913059585337	13
-0.124872014174169	0.8742382276211	13
-0.08027656393131	0.656590423031591	13
-0.061653116471902	0.85175740081524	13
-0.027305164050353	0.288218637766352	13
0.084776726443706	0.336027592702482	79
-0.093685550035885	0.498806157621643	32
-0.057693969868108	0.898609028423215	32
0.016632608544785	0.757967375305593	32
0.124060529195541	0.71095039078723	276
0.0139627603674209	0.796730726712084	276
0.098895753183638	0.811792347988194	98
0.026011062215938	1.00095770257204	558
0.073870822033561	0.878681390764754	59
-0.0559006225245921	0.822306321807959	59
0.018575091328319	0.570522606151498	139
0.085958385185866	0.341636500574779	139
0.048801842800606	0.440080660544224	51
0.000921346353870978	0.879685896369619	51
0.094056509843219	0.592452887792178	51
-0.091801082280792	0.565240083564511	883
0.037632356892253	0.519084748291661	883
0.08690786803677	0.658490628414689	51
0.124732753622087	0.662028738267923	51
-0.025614146902992	0.279913059585337	51
0.033484353496065	0.521372047356659	14
0.112576306430238	0.721369156690343	77
0.103648287859847	0.158948670390298	461
0.101648578584425	0.16103383582639	461
-0.074896381897756	0.798229091692543	322
0.034103846248223	0.508038539687623	41
0.068199702986704	0.313827572079273	41
0.10951204064891	0.161545516971529	41
0.107809498428198	0.161710387629989	70
0.0817774803528381	0.350872754794278	70
0.103305263129155	0.160883900344644	79
0.103305263129155	0.160883900344644	79
0.068382026214709	0.762415036784722	32
-0.060966601810502	0.879007907279329	276
0.050600896719939	0.768478564987179	558
0.01074719400738	0.809951369666362	558
-0.0723923072520259	0.783108961605636	558
-0.034202740798625	0.279747187181853	485
-0.090215127001124	0.474972252631163	51
-0.0494074889709401	1.11890667526878	51
0.084922447600136	0.337659028586341	51
-0.104601402818448	0.47613028586914	14
0.097415890304186	0.774528208836419	77
0.015374875182864	0.773974383054785	77
0.107510621985722	0.163742963398487	461
0.109384181843309	0.713120610105392	923
0.02370308135597	0.952382163792679	55
0.0825532309838341	0.33939367720886	322
0.08531416646701	0.336214172152613	49
-0.08351265421274	0.645979612851967	49
-0.037761837218768	0.273231840365419	49
0.08256987810109	0.328557351455709	41
-0.082942874370576	0.678704317120682	344
-0.081212524313149	0.66181969468879	13
-0.09289175304701	0.380064546915701	13
-0.092121167068151	0.47805542068418	13
-0.027305164050353	0.288218637766352	79
-0.027871506351588	0.279214794580025	276
-0.109474650903064	1.42350921393433	558
-0.030824300968471	0.287187108205516	485
-0.027871506351588	0.279214794580025	485
0.100307038068989	0.162601931105921	485
-0.092685681686851	0.571545567358137	51
0.053966769815829	0.42252974805911	51
0.0813755258034951	0.343112526455049	51
-0.079511520747321	0.729310473274548	14
0.075378008393562	0.342248055100551	461
-0.075260780255634	0.508615078344636	322
-0.028559952065488	0.278708005774788	49
-0.081515208859603	0.372974023356044	226
0.085958198028491	0.343415822144348	226
-0.067189207877751	0.800730447820537	13
0.023529739922493	0.491321385088137	13
0.012973745227885	1.11762465578241	98
0.028924859985207	0.523056123600951	139
0.10196263205565	0.162454516779564	139
-0.028559952065488	0.278708005774788	139
0.10915674864297	0.160134884536478	485
-0.085955138901743	0.394298626687848	139
0.082959225668201	0.349211207976213	139
-0.093321795888802	0.477961896790263	51
0.106441441965735	0.549415337539356	51
0.0921175770894001	0.82624336115704	51
0.051978072054555	0.426017525451593	51
-0.078272717401604	0.647874666842652	14
0.082959225668201	0.349211207976213	461
-0.089459762993873	0.573425291405106	55
0.076937193494495	0.720778580631074	41
-0.068333741498718	0.718210323246268	41
-0.09006820060082	0.388641726933892	41
0.026053766953853	0.510147473161497	70
0.105291687697376	0.579089078669167	70
-0.084807718559834	0.669519070501413	13
-0.0584915238935611	0.865338219984766	13
0.110469330704786	0.51740223677719	226
0.044948400429396	0.914560729910621	13
-0.097160195222082	0.489002650649994	13
-0.021618113720386	0.264551920423018	13
0.072376918603788	0.327694396039017	13
-0.022097966094615	0.271730814651636	79
0.105862327314304	0.15938672368822	98
-0.033444804263957	1.17620114826229	558
-0.051253826123094	0.914751519504577	558
0.106164448046751	0.165404098536463	139
0.00814787852103904	0.918441489601135	139
-0.0752375139214711	0.78622545102864	51
-0.103258240792997	0.488357023804313	51
-0.037033511117188	1.24700079010316	461
0.116136394336826	0.716262134676061	923
0.031601209228751	0.871939635990387	923
0.023710605117708	0.69279380999086	41
-0.055325845649583	0.943939592455447	31
0.122513485564165	0.697996277567513	31
0.010025965727249	0.712507639809635	226
0.11301141748635	0.542184665966066	13
-0.079058205138601	0.791303320307119	13
0.040328669692296	0.42219932620605	79
0.05957092151116	0.419208052131074	98
0.00476261187568705	0.850670636670865	98
0.093884166733634	0.597684968395761	558
0.11058932697767	0.54042424166537	1116
0.087036225943824	0.645657198164768	51
0.054611860823473	0.876819282694273	51
0.115582823878403	0.74927607426756	51
0.00499050685726299	0.915708515315268	51
0.040054824786725	0.864166605316824	51
-0.121917585687383	1.13293155353034	51
0.0492752614158381	0.438856864317094	51
0.00303386496952995	1.59769846992745	14
0.016144822187022	1.66409875943502	14
0.104446346149326	1.54945565065302	14
-0.053947078186429	0.94688224797463	461
0.095610744464262	0.882030271150377	923
0.123586695167103	0.650791458870142	55
0.087237494083464	0.666624099881081	344
-0.045131481522061	0.961923297053973	31
0.016833677224071	0.56364493632352	226
-0.057693969868108	0.898609028423215	13
0.044586986615375	0.497170052701207	79
-0.089581643056626	0.391224673584532	98
0.031964147673753	0.533934971596294	1116
-0.090861895976427	0.487205390002865	139
-0.105090302131962	1.00594412467274	139
0.027387261420794	0.588350910448505	51
-0.0708294729351801	0.811549494089818	883
0.027954836573412	0.596947955310653	51
-0.048661780943012	2.49357381507228	14
0.061140540866598	1.18766417957959	77
-0.019290071686205	1.34045563384334	461
0.016205668594925	0.800321102614047	461
-0.111572465218369	1.22681353100868	923
0.01111778329085	0.733563943161235	923
-0.00565272981440901	0.918801404472097	923
0.081367982479536	0.337241794288085	713
0.020016225641327	0.601496914789746	70
-0.109626042555117	1.1048880838159	31
0.027222297123951	0.717325598214558	13
0.01010978393546	0.820051300160946	13
-0.08977639346013	0.664706472502496	13
-0.051352300550508	0.862590449661296	13
0.03065202337188	0.623420797620396	13
-0.090970420475411	0.48858105098908	79
-0.093573360069551	0.499309689871415	98
-0.062268227854943	0.963748148083905	98
0.030951435246059	0.533414208913487	558
-0.119993952979185	1.00431526267091	139
-0.081566023693869	0.699404855196802	139
0.015646104706464	0.63783634888181	139
-0.070422343145166	0.813844790073781	51
-0.10405807072498	1.1550997654916	51
0.05854399747365	0.791188465383365	461
-0.00554659235057298	1.01796332240252	55
-0.024356419677278	0.271119210821833	713
-0.076831286213792	0.641789850027141	41
-0.05630921443941	0.877216471680707	70
-0.0582549268668791	0.892993340629026	344
0.064187278164796	0.393866485997958	31
0.00977501290862803	0.82471909355983	13
0.019512025964693	0.597593991014969	13
0.041303570959802	0.502208673875437	13
0.07183507729631	0.333249208929427	13
0.105307501552363	0.158795616333555	98
-0.034785185175538	0.283807885980878	98
-0.0538142691927081	0.983582556025942	558
0.00833481691850402	0.715491602721858	1116
-0.077088839180132	0.727968414280201	139
-0.085917410844003	0.561752755069983	485
0.062541499248582	0.400912383454145	139
-0.07324484982868	0.779307682513269	51
0.106164448046751	0.165404098536463	51
-0.00589127795385203	1.03110250941608	461
-0.057705036791411	0.874696562699308	461
0.0879875530212581	0.649087172440628	461
-0.050788035024161	0.986311884897899	923
0.075511439378299	0.983213725880134	55
0.00279747844896605	0.88643091957394	41
-0.074297745313162	0.702009585595411	41
0.033719010644862	0.505297540603266	41
0.025075743456813	0.642148609962361	226
0.102917393451231	0.568892643676506	226
-0.100553525556965	0.496408201415835	98
0.050463966885167	0.412396471932055	98
-0.118928553599574	1.119811846451	98
0.023307793990892	0.645481686958816	558
0.0190808174364771	0.607698988755454	558
-0.091528505042123	0.371900285069292	558
-0.065843678719531	0.883636840967565	139
0.082959225668201	0.349211207976213	485
0.107327485030043	0.549899406099849	51
0.107185348709785	0.533225578160109	51
0.032598473420134	0.522876013594066	51
-0.095882991792811	0.577143708747465	51
-0.00555430890320996	2.44416737200439	14
-0.086997627374384	0.647375367270025	923
0.084044564470609	0.706103230843738	55
-0.048180603291808	0.895735090064642	41
0.012908411539574	0.711143828546204	41
-0.068830371749907	0.704899867406584	226
-0.116708996802408	1.07599106305492	31
-0.075706606203839	0.788537314772148	13
0.085860519063684	0.68181346913332	98
0.087536032515982	0.332888103815544	2231
0.076013314703309	0.341364704442576	2231
0.084922447600136	0.337659028586341	558
0.079414927493771	0.341790826924632	558
-0.028498399814911	0.281825881396972	1116
-0.0898254676731241	0.39925555085867	139
0.034234379371395	0.506473736630774	51
0.0314678403693081	0.507169758879792	51
-0.0932150880932	0.487665443954624	51
-0.05201899177181	0.896012939518089	461
-0.064035859831275	0.858288099601741	70
-0.0121258816466771	1.01416268586078	70
0.115893403699561	0.524929550150788	70
-0.048714200397024	1.07351393523257	226
0.020746017422378	1.23054532846865	31
0.049113615165208	0.440315557397391	226
0.045931472328835	1.00684199246429	13
-0.084815887468594	0.391993482604686	2231
-0.094491400336098	0.38659654007395	1116
-0.030257488020119	0.283070259872901	1116
0.041565611709723	0.508186881620927	139
-0.089260453723205	0.393194546848372	51
0.084776726443706	0.336027592702482	51
-0.097994646053383	0.575980707231271	51
-0.088600840133552	0.575003572247472	51
-0.087256963299042	0.388823997882356	51
0.0843821000678761	0.658134773972605	51
0.085157735637456	0.877363157431157	51
0.028498919258285	0.918743043610934	51
0.022755626996954	1.79607941617987	14
0.010343854232855	0.904908710908218	461
-0.084233626117809	0.656269337768832	461
0.056509763165487	0.991107842285928	55
-0.050368140832514	0.876124797962523	41
0.051820294284597	0.428565066478455	41
0.087212176738637	0.66308021997759	41
-0.111227609013288	0.967425135432234	70
0.084775611562266	0.343243772355024	31
-0.05461352927184	0.944977814157583	226
-0.087836718630836	0.563817667222383	13
0.012816554004892	0.852160932953892	13
-0.025548100671114	0.280697934253108	98
0.114763431245566	0.519387069556428	98
0.085659462414434	0.66656803248107	2231
0.106800924694184	0.543039394126273	558
0.012897324540346	0.645634023876404	139
-0.079696381824106	0.545283004958666	139
-0.027305164050353	0.288218637766352	139
-0.094472085042818	0.487812374671431	139
0.042316958975149	0.500405349960136	51
0.014602605021239	0.782197931684758	51
0.055301186833489	0.797526252898956	51
0.037632356892253	0.519084748291661	51
0.021697030680507	0.648261702126652	51
0.00894525060686602	1.08771509634213	14
0.122186201972034	1.39924131206392	14
-0.06079021599854	0.92712576592343	461
0.092285519175924	0.832783729499752	923
0.08601854035469	0.879996474465646	923
0.106164448046751	0.165404098536463	41
0.030189309431409	0.577117594288548	41
0.10915674864297	0.160134884536478	41
0.106164448046751	0.165404098536463	41
0.017771889650203	0.714471734704365	70
0.105660711367872	0.757823124232519	344
-0.0765944907063461	0.746794259558594	226
-0.094472085042818	0.487812374671431	889
0.045730530902654	0.437007592237118	889
-0.06378581585731	0.851625937694658	226
0.080846682532652	0.649359484862809	2283
-0.0806779026300321	0.675755513254437	13
0.021388616714455	0.754038129513817	222
-0.034839033024092	0.26814518622486	98
-0.063424220974363	0.842612744574758	558
0.035096435437994	0.540874879920655	139
-0.064640385109127	0.684190999889889	139
0.035490737171865	0.501503403727723	51
0.030700907517933	0.530459330934242	51
-0.026218946022235	0.26113123082412	51
-0.053168095135976	1.40668047736556	923
0.038567589075044	1.31375593029948	75
-0.061981609693029	0.838080662551723	41
0.0813755258034951	0.343112526455049	41
-0.034202740798625	0.279747187181853	41
0.0259549832267	0.510335464318019	31
-0.076397948403212	0.652890055879205	2283
-0.058338429229692	0.986065265924491	2283
0.071200428829058	0.329323100266378	222
-0.025614146902992	0.279913059585337	151
-0.0290638964268311	0.289518739243686	98
-0.0250448016068791	0.279597056391279	98
-0.070701714308984	1.23351922665027	98
0.022327874835616	0.693054182205111	98
0.071762045713641	0.693278307305756	139
0.109771881986684	0.70194334419939	139
0.042827700839686	0.867365832025372	139
-0.039585377974289	1.21631137174705	139
0.083748602330157	0.336785336618551	51
-0.058696086881848	0.997605737845835	51
-0.028498399814911	0.281825881396972	1136
-0.086530677302135	1.5225276143937	14
0.012088844506626	1.06294092962533	461
0.0523005861032	0.398941251367992	461
0.079000721903056	0.340737713866788	461
0.092896692110506	0.321290882839593	55
0.0122450566101781	0.756157676781288	41
-0.084954046461321	0.542977824800323	41
-0.085791813897537	0.674192368987916	31
0.027112585116281	0.605932448428565	2283
0.068650767923389	0.703289329546524	2283
-0.089867264808577	0.389134108537863	151
0.021877156842576	0.707637670263108	558
-0.086214474573633	0.664295535211977	139
0.071426942874038	0.648630765890126	139
0.0817774803528381	0.350872754794278	139
0.013748301567086	0.649965798999955	139
0.081131616708473	0.337595024001449	51
-0.00499485571892899	0.940359406644655	51
-0.065378134491529	0.702506571895591	51
0.018723199110104	0.850462565749596	51
-0.0667898437776811	1.12917193860977	51
0.00266122328900797	0.832131976626623	51
-0.091954590487152	0.586801981696654	923
-0.00111008873356999	0.923593768912039	923
0.113650909094515	0.912572950902496	923
-0.064675387852151	0.89947035780707	41
0.090541992042649	0.327086567524961	41
0.00826319770274897	0.718469942713553	41
0.011302618320252	0.767890665067913	31
0.079192171364653	0.711360875877002	1128
-0.027305164050353	0.288218637766352	222
0.107510621985722	0.163742963398487	151
0.0182343530801	0.596280091699105	462
0.00804901598427799	0.734484633164233	558
0.022708030760748	0.662758566515733	469
-0.031972908774607	0.280423726905321	139
-0.030824300968471	0.287187108205516	139
0.109825669373603	0.552059809016428	139
0.044637022843432	0.877667804993545	51
-0.095882991792811	0.577143708747465	1136
0.0951762644433209	1.50060781946972	461
0.034046941803075	0.392724560031085	55
0.062505016989716	1.02699134619718	41
-0.0839578890145189	0.66133051668885	70
0.043932810014977	0.493419560139252	41
-0.103802050428758	1.10164526317417	41
-0.00488498558585004	0.967121134025555	31
0.07421274267175	0.753576627605684	31
-0.041755120038348	0.277074668728566	1128
0.022063157832327	1.04580296980653	1128
0.107809498428198	0.161710387629989	151
-0.090958039933235	0.401616990682173	98
-0.095799705160617	0.469975039455688	358
0.035905702878627	1.11950927288287	98
0.11708947169432	0.525431881572438	98
0.02556571138558	0.656961959766834	462
0.028175001390369	0.513715853766734	469
0.013585452760239	0.677886740572236	139
-0.00367789085336701	0.92864630889176	51
-0.093617035089866	1.01055736649799	51
-0.056014543083471	0.886886300168667	51
0.084086288626353	0.682693592536224	51
-0.072477761636547	0.698346004518511	55
-0.03999003478929	0.281119023278196	70
-0.005244918855137	1.01773515609196	41
0.023887726205705	0.99769966010726	41
0.079178265261725	0.314905111578134	41
0.057068030629041	0.792006028616103	31
-0.045788249278484	0.26098072599173	1128
0.0753312233721281	0.704741074975268	222
-0.087479664423662	0.6575926763354	222
-0.038226481876638	0.276557176755397	222
-0.094472085042818	0.487812374671431	151
-0.093417802483416	1.14946187451338	98
-0.0806779026300321	0.675755513254437	98
-0.081345829818411	0.641431896884437	462
-0.053664245853805	0.886439265461181	462
0.052250272360035	0.429056276969503	558
0.084927448842824	0.337346793612619	558
0.038280059206102	0.517200775647098	731
0.10915674864297	0.160134884536478	139
0.019620151924571	0.689582389538712	139
-0.09604969163581	0.562969099508811	51
0.068840605062323	0.801453003413265	51
-0.046709579415041	0.901969171169108	51
-0.015888485898117	0.835102644147587	51
0.074598454057528	1.20051892785094	461
0.021132256145544	0.78866676442122	923
0.075598848122687	0.705810283357137	923
0.081373704308401	0.655821028453751	41
-0.095596100120376	0.488689738634486	70
0.079666152830927	0.66647944016989	41
0.054050850173066	0.431638285431192	70
-0.0579885378391301	0.904731426625838	31
0.10743263307523	0.565151945801648	222
-0.085128805747436	0.616698183196682	222
0.056942932946316	0.42791405833971	151
0.081920177567696	0.34178249017769	151
-0.080971377559507	0.677130294690428	98
-0.077509296134484	0.734396815343376	98
-0.090958039933235	0.401616990682173	462
-0.102581023775098	0.463364868661386	469
-0.063972717220989	0.828883309171204	731
-0.073015493076574	0.69826059003094	51
0.021426808056506	0.6875768389096	51
-0.069981401863752	0.810957130138398	51
0.114003836377042	0.546235222175011	51
0.024659817098819	0.604753624876159	51
0.0111064112425669	0.667671583869165	51
0.028420762549084	1.30079508851003	55
-0.063348597183684	0.772533055512219	55
0.084437563645365	0.657448475735547	41
0.122616816858549	0.687295622699561	70
0.0126893104975681	0.730891208856064	344
-0.068111866193177	0.954512316212933	344
0.055871567114631	0.428855346797126	31
-0.097074875190712	0.494161729985421	31
0.023304147987122	0.794486325255724	222
-0.124250630370859	1.03081940686942	222
-0.0944375761558049	0.579054018978805	151
0.089934031577589	0.619159367230268	886
0.0799568528713001	0.340493814447832	98
0.04889246713242	0.423967642383143	98
0.089889941961224	0.322588501598943	98
-0.031384221241339	0.281582131382678	469
-0.082313783520484	0.731304734887485	51
0.013956128940264	0.728231141625277	51
0.013580819829708	0.713806423296395	51
0.093204982434029	0.661989018166683	51
0.103011728255643	0.575550072221993	51
0.022494292173975	0.691196034726597	51
0.103222740069057	0.731608651096925	51
0.048425859488082	0.422550808443156	94
0.00610578525896799	1.21772148049612	77
-0.122343195659582	1.95826336011099	55
0.107666535513168	0.831799403503553	41
0.106126075095548	0.57856728705724	70
0.087888720020954	0.817073148829561	41
0.082062367809605	0.829772786683621	41
0.09898884789069	0.530841836705928	70
0.031852563513152	0.989486360609216	344
-0.093685550035885	0.498806157621643	226
0.090553250262486	0.856046864498158	31
0.047811979903745	0.858006119710517	31
-0.066886110765461	0.737131687733917	226
-0.03685165932227	1.17166497329133	222
0.076910434522772	0.812245845802002	222
0.084411913197572	0.67058278145909	222
-0.06488857277903	0.702124543948263	151
0.103698418208715	0.925965351524327	98
0.044823583944411	0.847814629733537	151
0.068839327355924	0.321395836757378	98
-0.101343620498689	0.473720090001056	462
0.07837852886124	0.349301728169769	469
-0.074173389155094	0.74543293398736	731
0.107163835812495	0.570770063645131	51
-0.074045104195239	0.738295070720026	51
0.030050837324009	0.595865280951028	51
-0.094828013699099	0.572387068075873	51
0.055958407360948	0.435866032008804	51
-0.091253059085817	0.387436076003858	94
-0.110005834596997	1.05093414081547	117
0.116721522717215	1.26989596602043	55
0.048633655092054	0.439483382083314	923
-0.065434890540876	0.797509571854854	41
-0.0668988261596341	0.829572538896531	344
-0.103126822983941	0.349400310628192	31
0.106164448046751	0.165404098536463	31
0.025173723388189	0.991984148465929	31
0.09223398576652	0.605472281642523	1128
0.059493292385349	0.406551835497368	222
-0.0831296902193051	0.394482136333018	222
0.105539277750467	0.527680085954548	222
0.117665884861243	0.525678652931726	151
0.042702466022191	0.857601383873648	151
0.0133320594395701	0.859694533551303	151
0.0813755258034951	0.343112526455049	151
-0.0290638964268311	0.289518739243686	558
-0.025548100671114	0.280697934253108	675
0.106164448046751	0.165404098536463	675
-0.089848901357442	0.484821867399944	139
-0.098606041230395	0.361173368454968	731
0.022175763368199	0.647185918929418	139
0.048440727797868	0.423495006532911	51
0.00820088100949801	0.852563326411529	51
-0.0908594885371929	0.58884778317699	51
0.032509719276993	0.578059543284546	51
0.088320766250277	0.339870988892736	51
0.017916269841465	0.820884927484894	865
-0.088727924837012	0.477551308584294	94
0.0951910818260751	0.58000535267287	117
0.055284324968159	0.43246850511969	923
-0.0290638964268311	0.289518739243686	75
0.10915674864297	0.160134884536478	75
-0.061415466198701	1.1138517765343	1648
-0.033780689769628	0.273884483174952	226
-0.029631553521776	0.277137412790688	31
-0.075816487763148	0.72381353501059	151
-0.028498399814911	0.281825881396972	886
-0.028559952065488	0.278708005774788	558
0.10196263205565	0.162454516779564	731
0.082956788129497	0.349761826454807	731
-0.07038347921612	1.66203683695677	731
-0.026812877056583	1.2226297760914	731
0.047651862820845	0.430885895481064	51
0.019738595502626	0.670719260150781	139
0.02556571138558	0.656961959766834	51
-0.093573360069551	0.499309689871415	51
-0.097092611051121	0.381095801494915	51
-0.0393908143652389	0.270997682167033	251
-0.0724013112951371	0.734350463158403	75
-0.0250448016068791	0.279597056391279	75
0.079562055502944	0.345369017314678	41
-0.066513657021111	1.56258203171355	41
0.121229113478553	0.648787950495515	1648
-0.093384902769408	0.539367110705871	344
0.103305263129155	0.160883900344644	226
0.074601472610595	0.705376241502973	1128
-0.01614753114102	0.905808614825369	1128
0.10196263205565	0.162454516779564	1128
-0.027974704162552	0.266474776205257	226
-0.0290638964268311	0.289518739243686	337
0.10196263205565	0.162454516779564	337
0.103305263129155	0.160883900344644	558
0.106164448046751	0.165404098536463	675
0.081256228155028	0.703492841640223	731
-0.115785188512827	1.28636858423596	139
-0.083685527098111	0.372676489446979	51
-0.036549561776265	0.283542077282334	51
0.022103215794623	0.599495141384827	51
0.107809498428198	0.161710387629989	319
-0.027305164050353	0.288218637766352	51
0.0478802961868911	0.437591265638596	75
0.106164448046751	0.165404098536463	75
0.066922783898492	0.96051549257005	344
0.10805177748505	0.510396613160334	344
-0.094472085042818	0.487812374671431	1128
-0.065243128682754	0.821114952682044	1128
0.05713177643804	0.822451535223494	222
0.074212611218257	1.25568423417587	151
0.050590715115169	0.426046513180395	151
0.107809498428198	0.161710387629989	709
0.10915674864297	0.160134884536478	558
-0.08619734863027	0.396258215966489	139
0.023184085112624	0.93667363909832	731
-0.086114518661682	0.379208893948475	51
-0.101383036943286	1.20504154672345	51
0.086492329314229	0.334676622553837	319
-0.093471480091589	0.394228667375329	319
-0.041755120038348	0.277074668728566	319
0.10951204064891	0.161545516971529	51
0.106164448046751	0.165404098536463	51
0.090432937991549	1.41897803312665	294
0.073213523350852	0.71435643179542	1648
-0.072978371853194	1.85866251926737	344
-0.054980191877415	0.738449459828687	344
-0.097631021663422	0.473492879419342	344
0.106164448046751	0.165404098536463	1128
-0.0810366222132321	0.730732312761309	1128
0.0434289407713	0.869341346705975	1128
0.089364024299768	0.326983050423132	1128
-0.067924242565807	0.701694579986606	1128
0.122324549709005	0.513836369019501	222
0.010910881915032	0.860717531198537	151
-0.034574149936502	1.35962635528454	151
0.106164448046751	0.165404098536463	1044
-0.025548100671114	0.280697934253108	224
0.103305263129155	0.160883900344644	337
0.107809498428198	0.161710387629989	337
-0.092334741942421	0.4050383296159	337
0.079562055502944	0.345369017314678	51
-0.099611237505704	0.367766375959325	51
0.078096846574261	0.997977155764199	51
0.103648287859847	0.158948670390298	51
-0.08845092402931	0.388992734693108	251
0.066458774721574	0.86747559187718	55
0.0523876070550831	1.49243469597332	294
0.114747254249315	0.535487856154153	75
-0.081662927795771	0.674868914640722	294
0.0817774803528381	0.350872754794278	294
0.00537226212289699	0.912442385036805	294
-0.101457688980418	0.952994682586432	344
-0.034839033024092	0.26814518622486	344
-0.028498399814911	0.281825881396972	814
0.116951899874579	0.962534568918159	1128
0.0351376123876001	0.505616202866483	1128
0.035240109550797	0.518829635892671	1128
0.088486897398277	0.664956029090666	1128
-0.084505143153349	0.395488792215213	1128
-0.0932150880932	0.487665443954624	128
-0.033734632921874	0.274571136986713	1044
0.106164448046751	0.165404098536463	224
0.02477945212224	0.577796952609067	731
-0.068996757947017	1.0813881688425	731
-0.03361160922026	0.290242048778392	51
0.084903875710639	0.759774401875126	51
0.10196263205565	0.162454516779564	51
0.106164448046751	0.165404098536463	51
0.082959225668201	0.349211207976213	51
0.089364024299768	0.326983050423132	251
-0.059899983766876	1.10154502632339	251
0.054124561689372	0.424429008575087	251
-0.058184669744355	0.817109515075913	294
0.094912578736984	1.0088540560069	344
0.120917816612304	0.492506610090153	344
0.085157735637456	0.877363157431157	1128
0.056519541892463	0.427350719895703	128
-0.075928629133061	0.78235638918744	151
0.080587048633651	0.742259470438595	151
-0.093199052897607	0.582734686905603	151
0.10951204064891	0.161545516971529	337
-0.02680154360055	0.280831111550184	337
0.105307501552363	0.158795616333555	558
-0.032018250277475	0.280909151217907	333
0.06529850477197	0.770739600537875	731
0.07837852886124	0.349301728169769	731
0.11399696496803	0.68100539155873	177
0.076905047813066	0.689990399899569	731
0.088215286939065	0.658585329933342	51
0.102472164073445	0.574151816130461	139
0.04970647661095	0.436813609197442	51
-0.085955138901743	0.394298626687848	551
0.075404054362642	0.696917722203181	51
-0.101140062847857	0.372403261520208	251
0.00820488476164505	0.826503045727651	251
-0.060228948235401	0.894493812920946	251
-0.069079604797511	0.727390921065144	251
0.114031711726716	1.68809502349023	906
0.016701780042269	0.72259138914717	1648
-0.044468082093999	0.912944946381033	344
-0.06923578451091	0.717338116879979	1128
-0.086479168754771	0.677244187162077	128
0.09032828658631	0.587142249934691	211
-0.00137684258657	0.935949851797168	151
-0.107866912614336	1.1620810246182	151
0.084934492873426	0.327360432255572	151
0.107510621985722	0.163742963398487	224
-0.092003692136528	0.379345037360062	337
-0.031849403214983	0.283680842236295	337
0.107809498428198	0.161710387629989	558
0.11116065894082	0.158048670727366	1149
0.035632985095589	1.00043143552912	731
-0.00575559829626005	0.968758120825177	51
-0.0906310659803941	0.392878114721319	51
0.116103854525345	1.69500554866773	906
0.013823503163868	1.18288049732356	906
-0.060076948500424	0.926620049137763	294
0.073354470116794	1.39992841097474	294
-0.078561421445159	1.43543362298548	294
0.054499881474824	1.08289255415164	344
-0.061409436349985	0.783183317862741	1128
0.047819791782741	0.426459566867019	1128
-0.100037998765499	1.15458031391263	1128
0.090258337340911	0.59760793243293	1128
-0.074097602799703	0.772659874625109	1128
0.082562279979871	0.341193389803571	151
0.0205613422775081	0.628217021852307	151
0.031466787637684	0.507419461051714	151
-0.076338527637824	0.619029778680226	224
0.016606182528619	0.656517770680967	224
-0.082855697115067	0.543236121138172	341
0.052657736390115	0.427163087285869	333
0.076009190265358	0.345482591951722	333
0.124716262157165	0.505081557794812	731
-0.092121167068151	0.47805542068418	51
0.121823192927041	0.5156505280115	51
-0.109477298166516	1.03408623788956	251
-0.06573093828376	0.863502628152092	251
0.052876048560491	1.68555856597667	906
0.116821556208312	0.836616128720162	294
-0.0937986294359749	1.82390902312456	294
0.00433805589288905	1.16161140245239	294
0.063552458503182	1.0736988559382	294
0.023247976897136	0.593226116734609	294
-0.065953368440849	0.800180507141784	294
-0.094838540503249	0.388651413633221	294
0.088710277220997	0.329299572435173	294
0.0190437168905589	0.671618509505703	1648
-0.00954342391255902	1.0002524751333	344
0.0196689600701701	0.752141855196532	1128
-0.067307593797214	0.822295528872	128
-0.116712217730568	0.977229737498963	128
0.00361055020799095	0.823376129283237	128
-0.048332062859473	1.11427877269186	151
-0.090074226278844	0.476887443641493	341
-0.092575454322084	0.402273555476324	341
-0.0786617816565089	0.660381621795649	731
-0.073826825344635	0.732662811350962	731
0.050746175267139	0.42830208453976	731
-0.086449371406221	0.592395805430661	51
0.119797847833318	0.510191043864681	51
0.0807410588416601	0.345996909135544	51
0.100109628718139	0.587854679660699	251
-0.013176044851404	2.35145891069663	906
0.037023444568415	1.75336827597421	906
0.0648007714876691	0.820504229387402	294
-0.122005681422465	1.28586449092146	344
-0.056175691468655	0.90075188426895	70
0.00579556918084201	0.824344306739377	1128
0.00437089432275795	0.779990670903528	1128
-0.058419654846678	0.837403647618027	211
-0.069378124828363	0.860315417425618	151
-0.094693845361034	0.498821914926817	341
0.0351376123876001	0.505616202866483	333
-0.059963443985767	1.15635099349799	731
-0.0742083730870851	1.22619706716425	731
-0.052048837805849	0.883336982716057	731
0.011919088225903	0.731413286214111	51
0.114605246376055	1.88933042561596	906
-0.093391943062527	1.52558706450119	906
0.015295284613395	1.19055103732659	906
0.092781539736304	0.633590253311846	294
-0.0932150880932	0.487665443954624	75
0.036507379921765	0.501866918968111	75
0.102758195635976	0.776471300613644	1648
-0.092594982752826	0.636701314375502	344
0.015088405833363	0.845592235975857	70
0.081780704767711	0.347798913281741	1128
-0.081884405229438	0.626576875663052	1128
0.124514459628963	0.701467689304891	128
0.084927448842824	0.337346793612619	128
0.106164448046751	0.165404098536463	222
0.124425195431585	0.880229304767721	151
0.040543433793259	0.495905540488857	151
-0.09133400127368	0.489665459738091	731
-0.050981491220854	1.00063859983095	51
0.038261077171702	0.494596781860194	51
-0.062530974854895	0.854011369264593	51
0.057168098994029	1.07719684159212	906
0.0813755258034951	0.343112526455049	75
0.11116065894082	0.158048670727366	344
0.040904401785532	0.49593694719954	1128
-0.084665507502987	0.655986447794955	222
0.084775611562266	0.343243772355024	151
0.083738052688193	0.339546580912924	151
0.022926403986667	0.588466396669551	151
0.036900246561092	0.497799428946313	341
0.0813755258034951	0.343112526455049	341
0.018498863965146	0.664037261616993	177
-0.097949322383011	0.485799405561573	177
0.089234545424092	0.649809255335389	51
0.00570143763912101	0.643025267135407	51
0.097167909190021	0.609949556546676	412
0.09733742091706	0.76027413743586	412
0.096334041707782	0.613110690114895	251
-0.05890286813581	0.847704101906424	94
0.032509719276993	0.578059543284546	94
0.106192131477805	1.52757323121557	906
0.084716530359799	1.51626838781523	294
0.008407662304038	1.80229449499941	294
-0.103258240792997	0.488357023804313	1128
-0.048158670301035	0.877162265519473	1128
0.12211077460735	0.463309097697101	1128
0.020978953006183	0.670100676971683	226
-0.081802894513416	0.542491124066654	128
-0.060876238010011	0.823196796805824	128
0.013008484843801	0.639612573450503	222
0.055196926861372	0.420292817081993	151
-0.092334741942421	0.4050383296159	151
-0.028498399814911	0.281825881396972	151
-0.076353288838852	0.739789683023496	224
-0.0578073316954491	0.818961231183921	341
-0.073094127972113	0.697608892318091	177
0.014006380985304	0.780226687493524	51
-0.095952952273241	0.491403505252285	94
-0.087579130636111	0.397265079151081	222
-0.0844585362703359	0.651797545947117	151
-0.051716949871232	0.796635720122149	151
-0.00331279962326203	0.860469225089695	151
-0.062867977836935	0.846957715309491	224
-0.069858874951337	0.682394514733631	224
-0.087358449048503	0.656318052709983	341
0.05364880643773	0.445017084113663	341
-0.094574795977721	0.482999633442089	51
0.087140362661384	0.341470240944622	51
0.00302526342221499	0.694481685402199	51
0.0652589559919921	0.947692138973578	177
0.075099242598316	0.755924439926521	51
0.01863863565417	0.785981759584552	51
0.044586986615375	0.497170052701207	835
0.051978072054555	0.426017525451593	94
0.124086677300932	0.789263043911524	55
0.055030738328645	0.821743979487738	344
0.077982960262838	0.682186867478319	1128
0.032229322636799	0.509512585622587	1128
0.057428790667622	0.430840288199803	151
-0.062255827561046	0.785172286071028	341
0.00969798857416404	0.709466559998818	341
-0.080967564360276	0.658658525999609	224
-0.069982741015572	0.732881325587703	224
0.10915674864297	0.160134884536478	177
-0.035967381550608	0.273964525158361	51
-0.093907122234778	0.576891725038874	51
0.0956887796645201	0.570612777982625	251
-0.094634076982687	0.581079031918896	94
-0.011160133890661	1.03493903597742	55
0.090635999147452	1.36167073266358	294
-0.024491374915288	2.39992321169382	294
0.076557460723345	0.339349237701821	294
-0.074522559517017	0.80829817371016	1648
0.0883944913235481	0.82821911927567	1648
-0.035375350384672	0.289931372759217	344
0.105862327314304	0.15938672368822	344
-0.015608556022417	1.24047939306559	344
0.121503661483003	0.883618317868309	344
-0.100660742019508	0.498933795135461	1128
-0.093685550035885	0.498806157621643	222
0.021761153714266	0.602799998668182	341
-0.035375350384672	0.289931372759217	177
0.0879875530212581	0.649087172440628	177
-0.101785424546373	0.495221712671451	51
-0.088961232753567	0.395435769899567	51
-0.086988590600088	0.567392198869701	51
0.077768609130621	0.649302074966467	251
0.102017348977936	0.535574034450851	94
0.078383169488197	0.336634802738503	94
0.09006298697102	0.953235440506627	55
0.050694702154761	1.93623998726659	294
-0.071584367848322	1.84515776681377	294
0.05364880643773	0.445017084113663	344
0.0238945330352071	0.598414584229364	1128
0.00916950729034205	0.832683523125404	1128
-0.085880901101783	0.393674320425682	1128
0.085268353268713	0.624901337668213	1139
0.103305263129155	0.160883900344644	151
-0.085955138901743	0.394298626687848	151
-0.092334741942421	0.4050383296159	151
0.030568715439986	0.572801453409641	151
0.124714601677761	0.449681574903849	341
0.118709283695898	0.457080209454854	251
0.0861933387444091	0.666755293048468	251
0.030951435246059	0.533414208913487	835
0.092611251232806	1.94429940460401	55
0.111051015914086	1.47127805010444	294
-0.066530311508659	0.710840444377205	70
-0.058408396550625	1.09735828893592	344
-0.0834768639656021	0.657770445309517	70
0.00873506716549499	0.781811791374239	1128
0.111069536851972	0.548766173384767	1139
0.040289794766778	0.50183865105388	226
0.094974488609456	0.599168245322066	226
0.100192544866024	0.569121242160084	128
-0.063551564258223	0.77105480981557	128
0.0799568528713001	0.340493814447832	128
0.087139785369816	0.34180259658724	222
0.085958198028491	0.343415822144348	341
-0.087338436775698	0.398613371787137	341
-0.095689044268645	0.582218421172514	341
-0.089848901357442	0.484821867399944	251
0.052605712639118	0.823466090620786	70
0.077323552827436	0.664229691450847	70
0.0181392258643101	0.767232295753108	70
-0.00458311665441002	0.931919333763359	1128
0.103185578667199	0.590946150206839	1139
0.00991632648129903	0.63806247879783	1139
-0.065749202293501	0.847746327984806	226
0.058013718936404	0.424422984157999	341
-0.099779768122242	0.483047464105632	341
0.076557460723345	0.339349237701821	341
-0.031849403214983	0.283680842236295	341
0.077595522084314	0.33487467790435	177
0.079952106339221	0.339131442108587	177
-0.11426785717608	0.96429130537002	70
0.084249000820901	0.898010751523532	1648
0.00272752786330299	0.992221729750555	344
0.0524871556680651	0.414933466729498	1139
0.116013498506226	0.540462981855919	1139
-0.076088766057433	0.720941746398825	128
0.112234357425434	0.547577829091568	128
-0.047926113538496	1.04909386548915	151
0.080346477073757	0.313390895762665	341
0.080739030887876	0.345639761631221	177
0.088119744116002	0.638154727940868	51
0.01854300553102	0.671810723844394	70
0.054653119425819	0.812381876867592	70
-0.054024790455076	0.981452437042281	1648
-0.090861895976427	0.487205390002865	344
0.118161995598136	0.53796529197612	1128
0.0484678250742701	0.425886066983388	151
-0.077869115539042	0.719272532123702	341
0.123843018222841	0.470988372309729	341
0.055791842139111	0.434040831287209	341
-0.088056057387842	0.654506236018105	341
-0.087502403278298	0.595062898012118	341
-0.121403644203191	1.07473260956518	177
-0.050848637759727	0.885799109845366	177
-0.087158291833492	0.564769911607958	51
0.110701501154247	0.536986982332211	51
-0.099429680362001	0.500158864699493	94
0.114627720487636	0.528010708090135	70
0.0584203465482081	0.854493785869329	70
0.017304320966346	0.670120554320443	70
0.098508562556166	0.583885462869493	1139
0.016717222987903	0.581591742206281	226
0.028692813998075	0.580390682128779	128
-0.086835969887461	0.55849817870037	222
-0.088961232753567	0.395435769899567	151
0.034628981185975	0.512883515734286	151
0.113863922494237	0.535061272544256	177
0.080739030887876	0.345639761631221	51
0.05364880643773	0.445017084113663	51
0.097994424453285	0.606860687119947	51
-0.08605794831785	0.575055973120371	51
-0.08200008738535	0.567403563926916	344
0.077599761377568	0.341969321134561	1128
0.0372495754922459	0.493732060359735	128
-0.079365670314378	0.656587463042067	128
-0.087579130636111	0.397265079151081	165
0.080380392355128	0.644587812285413	151
0.031179683673073	0.491943309489008	341
-0.090067427067441	0.657140752070096	341
-0.082776898605612	0.651019142118143	177
-0.076102700986487	0.637354830517863	177
-0.097334373228215	0.392719303296688	51
-0.067567529716719	0.791282119675793	51
-0.00483754991299701	1.34833270038302	75
-0.067018384588643	1.16623846857629	70
-0.049275781491978	0.921225274006015	1128
0.086900843090896	0.676764799556354	1139
0.047353843327411	0.423898516622896	128
-0.02680154360055	0.280831111550184	165
-0.051348296017567	0.93794554864311	341
-0.089848901357442	0.484821867399944	341
0.0356238908941871	0.534214610857863	341
-0.080784186599553	0.727438620603607	341
-0.086525197332079	0.658692310906139	298
0.073563234304767	0.701057824447074	51
0.008106831058596	0.823401908297089	51
-0.084815887468594	0.391993482604686	70
0.0378972323837	0.527515181571191	70
0.044761784706232	0.877134341569444	344
0.094025527110463	0.651146829891809	1139
0.015735064597051	0.654597849026609	128
0.05018703277343	0.436663977757325	165
0.116396579512928	0.539310683818448	341
-0.091788803836482	0.443394875765976	341
0.01643515205107	0.671175111050678	341
0.034782321371893	0.497160203060621	341
-0.095699089139681	0.486685786566883	51
0.111069536851972	0.548766173384767	51
-0.0844585362703359	0.651797545947117	1045
0.014825912982571	0.673978136619279	51
0.018169048079397	0.675648812782463	51
0.104833078638438	0.54300169054989	51
-0.115710407570972	1.07509998578482	344
0.092684771257776	0.589248215160216	204
-0.0583585892066431	0.881980658094366	1128
0.120480259912149	0.7096230255073	1128
-0.050562665642731	0.874955918084903	1128
-0.067317006914858	0.77914823369389	1437
-0.028498399814911	0.281825881396972	128
0.01921989730672	0.693035322345515	151
0.086102711771022	0.326715949680799	341
-0.073805632055026	0.747104123721335	298
-0.025614146902992	0.279913059585337	298
0.078455870166293	0.69466278676351	177
-0.080902501848683	0.63242583541987	51
0.040421498221035	0.499167448511666	51
0.0261821388283821	0.609491192309603	51
0.047560251621811	0.439198057292984	51
-0.048479462596534	0.933719803209397	344
-0.045226903283293	0.92771662416312	344
0.090123113507823	0.918783020340813	70
0.094031543309547	0.594283209083534	1437
-0.046817245579632	0.787124762691236	165
0.10271691809161	0.565739848386113	151
-0.089288938168792	0.653066440515915	151
-0.034202740798625	0.279747187181853	341
-0.068252605965558	0.892350188638717	177
-0.098306378864037	0.500647979392122	1045
0.094410765220909	0.588354429381975	51
0.110368216603221	0.524495789385351	51
-0.094254705526612	0.582106642897533	51
-0.036549561776265	0.283542077282334	51
0.0554794535201431	0.419632357290973	51
0.020790366715187	0.594134669032014	51
0.0961538964204039	0.620762968866909	51
-0.059228532582177	0.839809460196861	344
0.018733673703729	0.602143284721178	204
0.083742303029985	0.34178724806317	204
-0.075079789651873	0.747695324724345	204
-0.074862565919141	0.513756589240779	204
0.103948770177054	0.543999557043411	204
0.0102043128457709	0.755320101616486	204
-0.101013698868347	0.489135599485427	1437
0.043189681426489	0.432441398358919	1437
0.019512025964693	0.597593991014969	1437
0.0807410588416601	0.345996909135544	165
0.085958198028491	0.343415822144348	165
0.084882964682897	0.664765635428755	151
-0.094380137377183	0.438746480886882	341
-0.095081235076661	0.37772299924275	298
0.079000721903056	0.340737713866788	1045
0.036250127844027	0.519281579849581	177
-0.081647019305355	0.638418573785715	51
-0.052176702302417	0.884972267085687	51
-0.084103742497121	0.569291597431263	51
-0.089804755206096	0.592832334394387	51
-0.085955138901743	0.394298626687848	51
-0.097543569977661	1.21310310234565	344
-0.071125260654198	0.730318691754855	204
0.0813755258034951	0.343112526455049	204
0.112852901717673	0.519430715454004	204
0.040917503600497	0.515740813238999	204
0.116513310836595	0.529706731737803	70
-0.0647857354490981	0.771774500500918	1128
0.0262489110934	0.629119887359724	70
-0.068803296915851	0.791836115048341	1437
0.082409173138523	0.336370559598201	439
0.0158817667644821	0.722723074669125	151
-0.093573360069551	0.499309689871415	341
0.010775013033286	0.660436152174415	177
0.10113043537508	0.5964653425378	177
0.112234357425434	0.547577829091568	1045
0.00699037969441396	0.81462377567086	177
0.040784738756224	0.489753654272467	51
0.03120481187948	0.526919885861696	51
0.0356238908941871	0.534214610857863	51
0.085687618421378	0.660659074648358	70
-0.076929616996094	0.787724507822491	70
-0.082776898605612	0.651019142118143	70
0.02571343514467	0.564450042736429	359
-0.074768572617524	0.847788524093966	399
0.093884166733634	0.597684968395761	399
-0.0762299151974331	0.73041764904101	165
-0.04763254550258	0.813016987432672	165
-0.07051305914553	0.730098372712138	151
-0.083366414393369	0.385386980527353	341
-0.030257488020119	0.283070259872901	341
0.020663161223153	0.706169903891422	298
0.081370723474774	0.343548368482443	298
-0.070687853366046	0.782110826689311	51
-0.00157915846604495	0.61339202482723	51
0.047486289867707	0.427216196939547	51
-0.086759507745454	0.397485880203821	51
-0.089867264808577	0.389134108537863	51
0.090904852340715	0.604375132623046	51
0.027925043852309	0.52219707332725	51
0.020387880507436	0.503632935688604	51
0.0617755395791471	0.773281486102644	51
0.114622741250214	0.531729085857444	1419
0.084135683507975	0.345768078838367	344
0.07901500989095	0.643943258691958	344
-0.027305164050353	0.288218637766352	204
-0.0906463852289921	0.377571627613586	399
0.030050837324009	0.595865280951028	399
-0.105218493483687	1.16920638126091	165
-0.044632608657557	0.265884086965617	158
0.10951204064891	0.161545516971529	341
0.106164448046751	0.165404098536463	341
-0.0987713120160451	0.470461503566889	1045
0.118527566508749	0.534140795049276	51
0.106164448046751	0.165404098536463	51
-0.030257488020119	0.283070259872901	51
-0.0290638964268311	0.289518739243686	51
0.096075290091851	0.157031807796804	51
0.00666779038840004	0.878468452860344	51
-0.040839324481784	1.2869022020674	344
-0.001836697389901	1.35783852662671	344
-0.075394411161526	1.3173510638839	70
0.059958295342688	1.04960891602343	70
0.082417590631683	0.836889753759158	439
0.076487031184544	0.961359288267322	439
-0.111301349663571	1.33634128760634	439
0.0824334556512371	1.06810612362925	165
-0.088722060553371	0.39962615142417	158
-0.025614146902992	0.279913059585337	158
0.10915674864297	0.160134884536478	341
-0.031849403214983	0.283680842236295	341
0.0813755258034951	0.343112526455049	981
-0.00689193492167695	1.20500684545816	298
-0.054471619928673	1.07828395107115	298
-0.03361160922026	0.290242048778392	1045
-0.09480633535515	0.501674442008737	51
-0.082623882276756	0.431100122469925	177
0.021027341589256	0.647092077421245	51
-0.078188131356916	0.716130912079838	51
0.085960073677095	0.334175047751862	51
0.022926403986667	0.588466396669551	51
0.077192787303726	0.349643710125301	51
0.11116065894082	0.158048670727366	51
0.10951204064891	0.161545516971529	51
0.076023587012908	0.751733472264792	51
0.00912692720043795	0.90285445857367	51
0.0671042130905261	0.796979764049595	70
0.090759945280781	0.803187604752077	1128
0.061167054747505	0.749660083469025	70
-0.09516320900917	0.48242749034405	359
0.045095866874903	1.01936951241994	439
0.016236015276104	0.734517640647066	439
-0.066848229386711	0.837433676924368	439
-0.106720868221517	1.34469012402514	439
0.048954298404308	0.434002331716325	158
-0.083083425307167	1.29174818907698	158
-0.0967206629501	0.486910129554311	158
0.107809498428198	0.161710387629989	158
0.10196263205565	0.162454516779564	341
0.10196263205565	0.162454516779564	215
0.100307038068989	0.162601931105921	374
0.0807410588416601	0.345996909135544	981
0.107809498428198	0.161710387629989	215
0.027251545355924	0.675687474348751	51
0.10196263205565	0.162454516779564	51
0.107861246730386	0.157338749699546	51
-0.036421767567708	1.16802755206327	51
0.10951204064891	0.161545516971529	51
0.08934367502582	0.948983742568286	51
0.100470797848385	0.991212136994712	344
-0.053354758664115	0.888371328086284	204
-0.022097966094615	0.271730814651636	70
0.11116065894082	0.158048670727366	204
0.050265635506938	0.443424217213647	359
0.00542822423606004	0.83657719937457	399
0.023731594027555	0.610384898258849	439
-0.031384221241339	0.281582131382678	341
0.103305263129155	0.160883900344644	374
0.019617423114565	0.65108751295488	298
0.106164448046751	0.165404098536463	298
0.069237714028175	0.769767249958364	298
-0.030678061578298	0.273985197030131	51
-0.092329360620087	0.573126075049532	51
0.076557460723345	0.339349237701821	51
0.107809498428198	0.161710387629989	51
0.107510621985722	0.163742963398487	51
0.10196263205565	0.162454516779564	51
0.124714601677761	0.449681574903849	51
0.047854032004354	0.478028858412555	51
-0.04334752581122	1.23669957689219	70
-0.115093299926584	1.55771405816785	344
-0.065539345537419	0.667065694214425	344
0.11338732278959	0.510766228206223	344
0.017273960927598	0.746851411409817	733
0.043373100260814	0.914831513387307	733
0.031494499189121	0.577033966252067	70
0.077884633974095	0.858800720659164	70
0.040535860854178	0.50018714908384	70
0.102917393451231	0.568892643676506	359
-0.089266919505522	0.569033666295362	399
0.109325350864884	0.523341895386997	532
0.117478524314944	0.710874456401807	439
0.113638014689478	0.627899324960511	439
-0.040318353963012	0.88689076400858	439
-0.114077117055874	1.12238944815613	439
-0.091055087559948	0.658048540986421	165
0.10196263205565	0.162454516779564	341
-0.034839033024092	0.26814518622486	374
0.107510621985722	0.163742963398487	578
-0.051954087327971	0.994920560247771	298
0.113583925317683	0.717456154005758	177
0.085517564244864	0.653319179803708	177
0.106164448046751	0.165404098536463	51
-0.088961232753567	0.395435769899567	51
-0.031384221241339	0.281582131382678	51
-0.092334741942421	0.4050383296159	51
-0.08395111455065	0.57066935314483	51
-0.065154397292272	1.99392345314722	69
0.110950987959949	0.74702308205217	70
0.09994070773593	0.82438034856447	204
-0.054479023770916	0.824021528491933	70
0.071197529199563	0.327208487183725	70
-0.092575454322084	0.402273555476324	439
-0.099641128919675	0.48267581712613	439
-0.031384221241339	0.281582131382678	374
-0.0238552816570889	0.278682303607486	374
-0.03021271116587	0.280673504110943	341
0.103305263129155	0.160883900344644	20
-0.0733583332822531	0.836229461911256	177
-0.08005400864414	0.369949621084225	298
-0.03361160922026	0.290242048778392	298
-0.041326572866524	1.23066875215117	298
0.121552884597967	0.711730914962846	51
0.11844428140453	0.714421975362855	51
0.05364880643773	0.445017084113663	51
0.0462497837134021	0.424746782061967	51
0.0140354410425	0.663852679355285	51
0.10196263205565	0.162454516779564	51
-0.097334373228215	0.392719303296688	51
-0.121962449962332	1.08098822306336	51
0.11668876264911	0.980977353326782	69
0.0000628146673059549	1.70842427755058	69
-0.027305164050353	0.288218637766352	204
-0.030824300968471	0.287187108205516	204
0.030648115790646	0.57929916621686	733
-0.02680154360055	0.280831111550184	439
-0.106515629245186	1.22519762515903	359
0.077198454607515	0.340317171556609	359
-0.040591144160726	0.268165741386478	532
0.020064267027308	0.662046165387129	532
0.08886249928056	0.842719856144451	439
-0.088496724086585	0.664096102467929	439
-0.03361160922026	0.290242048778392	439
0.10915674864297	0.160134884536478	341
-0.031972908774607	0.280423726905321	215
-0.025548100671114	0.280697934253108	20
-0.027871506351588	0.279214794580025	578
0.022548931316796	0.6489540350913	177
0.090575495630861	0.831567317312061	177
0.115111135305623	0.526078877904917	51
-0.079311043961906	0.552008906476709	51
-0.0898254676731241	0.39925555085867	51
0.103305263129155	0.160883900344644	51
-0.118466759030328	1.06002828657178	51
-0.02680154360055	0.280831111550184	51
-0.094574795977721	0.482999633442089	51
-0.077068151399842	0.835385027116179	70
-0.0869978194394611	0.390491655347723	204
-0.007400388814365	0.988925568022017	733
-0.063322742353945	0.848224269648887	70
-0.075850540458747	0.743365692104538	70
0.028379362663246	0.622295584238908	70
0.124165805680766	0.472139838263649	439
-0.097334373228215	0.392719303296688	439
0.100298291402648	0.580991215353195	359
0.085960073677095	0.334175047751862	532
-0.022097966094615	0.271730814651636	439
0.10951204064891	0.161545516971529	324
-0.0898254676731241	0.39925555085867	20
0.061251563131691	0.942335849565435	298
0.0473944115266211	0.42840362938698	51
0.085186336275038	0.332705834013306	51
0.052092802634143	0.423768802276044	51
-0.078919077786725	0.36948251994284	184
-0.087158291833492	0.564769911607958	51
-0.0989871402114581	0.467809585312956	51
0.013377547499574	0.648773042412062	51
-0.096615009202861	0.476452699821427	51
0.107839223850882	0.869977708873186	70
0.089501282489318	0.330188180756335	70
-0.045735543000103	0.970507831353597	70
-0.00664889146470205	0.860687986940585	399
0.025983847341006	0.988541252270465	532
0.023953539923246	0.661209442145305	439
-0.05452622182765	1.14806390291231	439
0.107809498428198	0.161710387629989	439
-0.028498399814911	0.281825881396972	215
0.076557460723345	0.339349237701821	324
-0.03361160922026	0.290242048778392	215
0.100199048418868	0.806270578574011	298
0.049874652600289	0.440372825127046	51
0.05158549019176	0.430652279674674	51
-0.02680154360055	0.280831111550184	51
0.039554943216955	0.489502134934652	51
0.038605390384	0.938942479747744	70
-0.05682890237267	0.920698963323074	204
0.078687277582406	0.81998834964068	439
0.07900608181848	0.334376389131861	399
-0.053529822471122	1.14017953030975	359
0.019706517956869	0.694648547804911	439
0.061075783652321	0.773851545861886	439
0.118300398497435	0.52485982808136	439
0.10915674864297	0.160134884536478	215
0.103305263129155	0.160883900344644	215
0.101648578584425	0.16103383582639	20
0.104517232406286	0.160931846851905	20
-0.0290638964268311	0.289518739243686	177
-0.06585324188847	1.03769618818913	298
0.101407039679192	0.577743026993567	298
-0.030257488020119	0.283070259872901	1133
-0.085955138901743	0.394298626687848	51
0.085958198028491	0.343415822144348	51
0.102300346051624	1.53330486576605	69
0.073213523350852	0.71435643179542	204
-0.057008256935758	0.819891265600008	733
0.027998424156421	0.643872850850475	439
0.024520839566601	0.585178507257099	439
0.00965536479335405	0.864091020354929	359
0.0862314513178361	0.815321269303972	399
-0.084815887468594	0.391993482604686	532
0.108175818217374	0.764713981008148	532
0.066769667774373	0.75802418182172	439
-0.101677914844961	0.488909750651847	439
0.106164448046751	0.165404098536463	324
0.105862327314304	0.15938672368822	603
-0.0290638964268311	0.289518739243686	20
0.05018703277343	0.436663977757325	177
0.10035704051995	0.60188539631779	298
-0.024356419677278	0.271119210821833	51
0.123436824287568	0.463218440683873	51
0.12066312380366	0.712811307759692	204
0.117971917993325	0.526967402102599	204
0.093415546482014	0.638759445251796	733
0.0272964852608	0.647788274967978	439
0.015721183672917	0.599246937815764	439
0.014791871900964	0.825006513953656	399
0.055871567114631	0.428855346797126	439
0.058013718936404	0.424422984157999	439
-0.092786387940903	0.466913644514598	439
0.087140362661384	0.341470240944622	215
0.038779978836474	0.490529911045809	324
-0.085631228810235	0.387312444851754	603
-0.09480633535515	0.501674442008737	311
-0.093321795888802	0.477961896790263	298
0.0799494709699941	0.324182254932914	166
0.00791075083014003	0.782294858422997	51
0.038526917197099	0.510607039979047	51
0.049796649741256	0.412379801365968	51
0.0514215109294181	0.434287533678623	51
0.018874531430129	0.744810011964214	51
0.028656762359507	0.58937644018735	51
0.112742329495196	1.68536039410483	69
0.108237974319354	0.865130851225042	69
0.053394547689415	0.852193760645729	70
-0.036657230819263	1.25724318176792	204
0.048116026780694	0.469702022403032	204
0.117324076285314	0.626022714249509	733
0.055871567114631	0.428855346797126	733
-0.074539188563726	0.732077145135037	70
-0.071124420034546	0.70151279575373	439
0.067462790032281	0.70026187656359	399
-0.032439635017377	0.279989616539392	1592
-0.084572167651023	0.383539804925197	1592
0.019038253982539	0.696957835476955	532
0.048287590823186	0.414456639503678	20
-0.0890942243042801	0.566301967670239	177
0.031964147673753	0.533934971596294	177
-0.0884714173728131	0.656826227167502	177
0.00470426647107203	0.746391658320667	51
0.037134197513674	0.522818710993492	51
-0.049622180182526	0.872911371003008	51
0.030305905321497	0.5763198662924	51
-0.074695399676901	2.00785416358011	69
0.085140104515066	0.962996283649862	204
0.068336049580411	0.743919165996356	204
-0.089848901357442	0.484821867399944	204
0.094473100302028	0.570596014663097	733
0.0335955219081741	0.533152618155558	439
-0.064853270193064	1.10886612729349	439
0.032953065169162	0.978235827832487	399
0.008782500403826	0.718609011968046	532
0.077198454607515	0.340317171556609	165
0.0761704964972541	0.749136323799228	439
-0.123628602075178	0.917841817221557	518
0.089360166349676	0.32246423727416	324
0.049113615165208	0.440315557397391	177
0.00254981483747097	0.763156494877278	298
0.07183507729631	0.333249208929427	166
0.017255463258565	0.721017847916134	51
0.064369681620378	0.770419504802697	51
0.015353712249666	0.768148840100819	51
-0.106861749459104	1.02685999627677	51
0.00515453167440905	0.782116421871774	51
-0.064128765025668	0.859350113020133	51
0.00947903041814202	0.875594436278383	51
0.102725715936738	0.533275723333739	51
0.021718289421119	0.982172695066989	204
0.033484353496065	0.521372047356659	204
0.073016554121768	0.341575887899308	204
0.0127612174436	0.784828159928412	397
0.0853179929060211	0.337929849384862	70
0.023247976897136	0.593226116734609	70
-0.059918702618697	0.804354740309406	532
0.11116065894082	0.158048670727366	165
-0.025614146902992	0.279913059585337	439
-0.083434747880605	0.381367902569661	439
-0.03021271116587	0.280673504110943	47
0.022926954674112	0.616097570050155	324
0.0386444939171811	0.518251119290972	324
0.117288379909895	0.526201623378464	324
-0.066283838832655	0.799544142120642	20
0.0478802961868911	0.437591265638596	20
0.079952106339221	0.339131442108587	177
0.00411018576215305	0.905938611807797	51
-0.057435140752879	0.926519870763395	51
0.055123956958658	0.431920433907619	51
0.080367818217275	0.703385255346919	51
-0.065689567493161	0.834919591250277	51
0.104979768232867	0.577868656841819	51
-0.02680154360055	0.280831111550184	51
0.107809498428198	0.161710387629989	70
0.07535626609176	0.88484356160435	204
0.035490737171865	0.501503403727723	204
-0.083448608651611	0.551652963568783	70
0.074195842583922	0.653506526438297	70
0.10951204064891	0.161545516971529	1592
-0.08619734863027	0.396258215966489	399
0.107809498428198	0.161710387629989	439
0.104517232406286	0.160931846851905	439
0.103380625760067	0.580624640189899	439
-0.069602000078149	0.800782238338065	518
0.083742303029985	0.34178724806317	177
-0.0944375761558049	0.579054018978805	298
-0.025614146902992	0.279913059585337	177
0.050027714415858	0.427204430770156	177
0.0821831182292559	0.646599512807466	51
-0.028498399814911	0.281825881396972	51
0.107455929071892	0.536095534366923	51
0.029254992044444	0.583977746067972	51
0.029285130771444	0.571851666781033	51
0.083197941591357	0.700617120783632	51
-0.03999003478929	0.281119023278196	51
0.047007098505881	0.421742973333028	51
-0.080354721178573	0.638086807225369	51
0.07792194566914	0.646174539818877	204
-0.030257488020119	0.283070259872901	204
0.057756504453126	0.413522777871634	70
0.0176736049535779	0.667010791858892	439
0.054887185660892	0.439557131736456	439
0.1218460869034	0.440792531101747	399
-0.03361160922026	0.290242048778392	399
0.106164448046751	0.165404098536463	532
-0.041755120038348	0.277074668728566	47
0.12249615306466	0.445676939736351	518
0.021379539163475	0.592056434268976	518
0.012467549640871	0.774186278841247	518
-0.085199788151058	0.584840001215135	324
0.033590357025262	0.558650559021289	20
0.073224684270433	0.766942665322665	177
0.100307038068989	0.162601931105921	177
0.031964147673753	0.533934971596294	177
-0.069610248315113	0.731035300320546	51
-0.120256449503426	1.12088499585691	51
0.053733844325155	0.803877692217135	51
-0.0497172456310691	0.921606147460598	51
0.083575493945152	0.608146065047003	51
0.0499696744453	1.12222230699499	204
-0.029767968850978	1.21421604684792	204
0.050429883415516	0.439963353204064	397
0.10951204064891	0.161545516971529	399
0.0745536121854981	0.703838589008308	532
-0.030824300968471	0.287187108205516	439
0.076013314703309	0.341364704442576	439
-0.0906893504355279	0.548332886827878	439
0.121877003137653	0.520251308338993	518
0.122257927503144	0.705719821938179	324
-0.013604066444891	0.989655649956729	324
-0.115445340671835	1.12424152021904	1215
0.024110678077233	0.692728814644562	1215
0.076250520204625	0.663102256818677	20
0.00953390699864898	0.860610168320528	177
-0.053074240534859	1.07246282024627	177
0.02937318017507	0.575817057969847	177
0.010267871267467	0.7775185258835	177
0.0996653469277	0.605699981865237	42
0.019272900181346	0.99949061399715	439
0.077452232914388	0.728900176952754	399
0.019792324339485	0.599504902784349	399
-0.026113129457213	0.277995185358117	439
-0.026113129457213	0.277995185358117	518
0.099283882605831	0.603159463760781	518
-0.046389145702702	0.942373620088413	518
0.089756944735113	0.647092534680556	324
0.012896193634393	0.796849438594761	1215
-0.086052561781007	0.565962846518529	455
0.0356238908941871	0.534214610857863	177
0.0996653469277	0.605699981865237	51
-0.0679013854445441	0.799797175346216	51
-0.040576322514764	1.20194379105559	51
-0.120168324628822	1.77755967366471	204
-0.08802490798162	0.565980208154972	70
-0.108216674844448	1.10908597292305	439
0.025159306926547	0.503012674918536	399
0.038582549741231	0.970301743034177	518
0.085461226909217	0.661786798747384	1215
0.082963759219008	0.337708002598185	177
0.084137336743606	0.348106420424358	455
0.0888901765058801	0.643050375303648	177
0.035994223420191	0.515835653845232	51
-0.059187390419148	0.899574236725804	51
0.096816736565467	0.790377701265619	51
-0.024899290634635	1.11542178070418	51
-0.00969712659009103	0.997560556479864	51
0.013584454707197	0.668502742402022	42
0.105307501552363	0.158795616333555	42
-0.0518713172043061	0.928451655671681	204
0.082311228329666	0.328264953570622	439
-0.05794319345262	1.10515747578339	399
-0.098306378864037	0.500647979392122	399
-0.086239798074228	0.465024892718965	399
-0.057182587998319	1.0655757464687	518
-0.0000696756679610111	0.865703163245011	518
0.011082299920616	0.712860173718505	1215
-0.064019986329116	0.8010642015125	20
0.033228989262598	0.530949301815052	177
0.119873836648234	0.446264181377472	455
-0.077656851356475	0.734433992847889	20
0.0275572668970781	0.619545844516176	177
-0.082495477408146	0.660276079275711	51
0.099395330148393	0.766613934154044	51
-0.049471456541383	0.918652371214466	42
-0.06158429802667	0.951481690143149	439
-0.071020445231428	1.28355923542152	439
-0.04552422295804	0.983487230750215	399
0.080738959227843	0.733480037228567	399
0.043574785537814	0.501291707058935	399
-0.047355375550401	1.03530061103745	439
-0.027305164050353	0.288218637766352	47
-0.117833849009201	1.07478473089604	518
-0.06822356994648	0.773444826717437	215
-0.032439635017377	0.279989616539392	455
-0.0997932497574629	0.372443817297394	455
-0.066649204919231	0.846333539949619	20
-0.053807876667669	0.888052880696891	51
-0.00641651034711899	0.992680923197945	51
-0.090958039933235	0.401616990682173	42
0.105862327314304	0.15938672368822	42
0.104979579168011	0.561205101968219	70
0.088043272621465	0.643320195216196	1273
0.017642839975076	0.766161319031931	204
0.097266420375581	0.84021373728178	70
0.070551252864703	0.305530702989799	399
0.077271255186384	0.716453377506523	439
0.035251819691372	0.506857643706849	439
0.107510621985722	0.163742963398487	991
0.0208591459510959	0.650447019657197	215
-0.077753253636291	0.702211096818347	20
0.083742303029985	0.34178724806317	455
-0.042920736725499	0.271530592863308	455
0.041060718643245	0.488393857902863	455
0.0970083891788029	0.741473251667011	455
0.10113043537508	0.5964653425378	20
0.079919481247794	0.691451388740483	51
0.050903946472881	0.423692318110681	204
0.033613922808492	0.51936175636585	439
-0.062255827561046	0.785172286071028	439
0.0537014220041701	0.961893857028673	439
-0.118089673048746	1.33624573193177	439
0.090541992042649	0.327086567524961	47
0.080745159659981	0.33595919201148	47
0.115268976715858	0.54294372790453	518
0.01148314257573	0.726881026683024	215
-0.073675592097292	0.80575693043237	215
0.070023538332581	0.327737315795589	455
-0.027305164050353	0.288218637766352	455
0.1058550986093	0.769053772453922	177
0.101835300868361	0.986325108451374	70
0.01978050135544	1.18467694067895	204
0.0154365362685031	0.59450449658939	204
0.025231119933107	1.01971075968625	70
-0.086252247194862	0.587442595921994	439
0.083904136258979	0.700427748443127	215
0.0322170916625391	0.530440660688846	28
0.018371523640434	0.720846220512392	28
0.018728068433936	0.597517475812231	666
0.011969211951976	0.873562961849457	20
0.084535092941778	0.645797776270756	1333
-0.00966271239584804	0.978612896184461	42
0.012002672204386	0.786645757751668	439
0.016929811948655	0.679613497896674	439
0.02203873195549	0.635850698060444	439
0.0760102081340131	0.348995028114255	47
0.00822122870424302	0.814090416579597	518
-0.0906310659803941	0.392878114721319	215
0.052782453141664	0.406111481237165	28
-0.02680154360055	0.280831111550184	28
-0.095596100120376	0.488689738634486	20
-0.092001966615698	0.389149240961068	20
-0.085586246071474	0.636055312879848	666
-0.08605794831785	0.575055973120371	20
-0.084221848090974	0.673866461266968	1333
0.081920177567696	0.34178249017769	51
0.080057604776406	0.693435045431197	51
-0.050835277731451	0.888114228969112	51
0.034240504836807	0.528404538657323	51
0.085316563376523	0.642206983476617	42
-0.095901952043139	1.66181924531857	70
-0.022266398670943	0.96800657759031	204
0.076130748151314	0.676211297851411	204
0.080907238243783	0.730243954936017	439
0.0201907183880869	0.796648211191781	439
0.043354165031403	0.888505585611397	439
0.085445448721921	0.572677922175188	439
-0.054712368617745	0.901623520464061	439
0.045175918049808	0.430622597060239	439
-0.072899995157184	0.744839204064614	439
-0.06467541918005	0.818089676504838	518
-0.058287414763002	0.892138143842181	518
0.056549472361406	0.41396417109598	20
-0.069426650293036	0.857061587135054	666
0.0163693956293109	0.597931425411596	20
0.07952426735229	0.66397132073076	177
0.079870212034723	0.649889794016436	42
-0.104952984377468	0.468011366981546	42
0.0897465986007711	2.32407852115768	70
0.070077110081974	0.763627213519435	70
-0.089496707096501	0.400497691011698	204
0.071378196571854	0.762948677867865	204
0.091004757871124	1.03238806005904	70
0.047486289867707	0.427216196939547	439
0.084768320418915	0.651047516054102	439
0.00380065532165896	0.85050179626777	439
0.071925916367155	0.736156952856849	439
-0.051250730016135	1.2330048677357	439
-0.025548100671114	0.280697934253108	1289
-0.037761837218768	0.273231840365419	1289
-0.025548100671114	0.280697934253108	1289
0.107809498428198	0.161710387629989	1289
0.107510621985722	0.163742963398487	28
-0.028498399814911	0.281825881396972	28
0.107510621985722	0.163742963398487	28
0.107861246730386	0.157338749699546	28
-0.083366414393369	0.385386980527353	20
-0.0688903106530691	0.814716488281835	20
0.080477174534604	0.703330437434714	666
-0.024992809207453	1.68455067461663	666
-0.057718286753837	0.961530539144342	834
0.00217068267641196	1.03346852449861	834
0.044014518285481	1.28008387740647	20
-0.116604639707373	1.09987675089202	51
-0.087338436775698	0.398613371787137	51
0.075379849923139	0.338140341774038	42
0.094645022031694	2.02980005006772	70
-0.114171856468012	1.42195800873688	204
-0.081754543062021	0.390235468168313	204
-0.093383186285414	0.57792176596027	204
-0.054342492706886	1.18180676799533	204
-0.057201982856367	1.050593375032	439
-0.108317385206197	1.17206232869387	439
-0.093009671957575	0.586149027557102	439
-0.077357116035279	0.736371279233229	439
0.0244635320370989	0.577756887317727	47
0.0238945330352071	0.598414584229364	518
0.080739084971705	0.335177912305526	1289
0.106164448046751	0.165404098536463	28
-0.094693845361034	0.498821914926817	20
-0.116194618322993	1.17496551595991	666
0.058013718936404	0.424422984157999	20
0.086102711771022	0.326715949680799	20
-0.096963718540901	0.476230782274241	20
-0.085058548507807	0.382665900386047	20
-0.089740663851303	0.486322239505559	20
0.016983587942292	0.632957752267757	42
0.070627877070843	0.645660227289934	70
0.043189681426489	0.432441398358919	204
0.079562055502944	0.345369017314678	439
-0.090101421555586	0.47471658427268	439
0.024419819169159	0.510391783312833	439
0.037632356892253	0.519084748291661	47
0.103305263129155	0.160883900344644	28
0.022762268117444	0.511075801815211	20
0.030202933507878	0.51737612852903	716
0.085186336275038	0.332705834013306	716
0.022569287974286	0.596466194807159	20
-0.103537082598478	0.53301072916963	20
-0.084423396263167	0.641012261079074	20
-0.09989223625105	0.48368785639273	20
-0.087338436775698	0.398613371787137	20
0.078375964418123	0.351061903937463	51
-0.088722060553371	0.39962615142417	51
0.073016554121768	0.341575887899308	51
0.081370723474774	0.343548368482443	51
-0.093009671957575	0.586149027557102	51
-0.080286316025431	0.370403781792496	204
0.056549472361406	0.41396417109598	204
-0.0250448016068791	0.279597056391279	439
-0.079678255533253	0.743974052876209	439
0.106164448046751	0.165404098536463	518
0.106164448046751	0.165404098536463	518
0.107510621985722	0.163742963398487	47
0.107510621985722	0.163742963398487	28
-0.088481800781369	0.388162706286969	20
0.03532794200224	0.945137110496047	834
0.107510621985722	0.163742963398487	20
-0.036549561776265	0.283542077282334	288
0.106164448046751	0.165404098536463	51
0.120657644007004	0.521561233394118	51
-0.085880901101783	0.393674320425682	51
0.026354000812148	1.63286912579354	70
0.099271984416053	0.586440647284217	204
0.0771945797372911	0.350398092905828	439
0.00985133908195301	0.737611590549925	439
0.0152767150505539	0.676978529838031	439
0.116152654301229	0.53876993732709	439
0.025401610500271	0.517959138854415	439
-0.05488549866739	0.86388402704339	439
0.031703475041694	0.662722250009942	439
0.020317900761563	0.585537882580352	439
-0.104601402818448	0.47613028586914	518
-0.092092482588292	0.489468029711859	518
0.081370723474774	0.343548368482443	518
0.10196263205565	0.162454516779564	28
-0.03302234654777	0.277624063329933	20
-0.030257488020119	0.283070259872901	1776
0.104517232406286	0.160931846851905	51
0.012088011635543	1.47040921570166	70
-0.02680154360055	0.280831111550184	204
-0.028498399814911	0.281825881396972	107
-0.112525090603877	1.16578011947871	204
-0.099536604698225	0.499414147590173	439
-0.087502403278298	0.595062898012118	439
-0.104601402818448	0.47613028586914	439
0.016855623108745	0.727272055871967	439
0.101648578584425	0.16103383582639	47
-0.030824300968471	0.287187108205516	793
0.10196263205565	0.162454516779564	20
-0.097092611051121	0.381095801494915	20
0.018169048079397	0.675648812782463	38
-0.085880901101783	0.393674320425682	20
-0.0290638964268311	0.289518739243686	20
0.107861246730386	0.157338749699546	20
-0.0250448016068791	0.279597056391279	177
0.106164448046751	0.165404098536463	177
0.107510621985722	0.163742963398487	51
-0.084505143153349	0.395488792215213	51
0.107510621985722	0.163742963398487	51
0.073689609252992	0.628137357129184	42
-0.02680154360055	0.280831111550184	107
0.056356849951902	0.43275722927982	439
0.088486897398277	0.664956029090666	439
-0.031202166674272	1.15409845375202	439
-0.085391334997082	0.38727347745158	518
0.10915674864297	0.160134884536478	47
-0.027305164050353	0.288218637766352	28
0.107510621985722	0.163742963398487	38
0.104072233077821	0.582412655122171	716
-0.03361160922026	0.290242048778392	177
-0.0238552816570889	0.278682303607486	51
-0.082942874370576	0.678704317120682	51
0.07837852886124	0.349301728169769	51
0.10196263205565	0.162454516779564	51
-0.033145057126805	0.281327417977169	107
0.014316908810055	0.830674643574515	204
0.084927448842824	0.337346793612619	70
-0.062387572513522	0.92349738198317	439
0.083592603264695	0.340997983687386	439
-0.040043020245914	1.01681928386761	439
0.019714621929939	0.840074426835798	439
-0.08802490798162	0.565980208154972	439
-0.084814174679665	0.576435308148475	518
-0.026113129457213	0.277995185358117	47
-0.030257488020119	0.283070259872901	28
0.081127674578598	0.330751341395668	243
0.017673850113531	0.724159286570585	38
0.0560407202996041	0.425478207530167	716
-0.088722060553371	0.39962615142417	288
0.0212882152831601	0.602683226895154	51
-0.027374541519571	0.277808019884369	51
0.097547662517075	0.556742327036464	42
0.020593423997681	0.612721706934741	204
0.10915674864297	0.160134884536478	439
0.104517232406286	0.160931846851905	439
-0.08619734863027	0.396258215966489	439
0.032229322636799	0.509512585622587	439
0.0821831182292559	0.646599512807466	439
0.025400638928287	0.576032091103031	439
0.017751397769192	0.64353264734861	439
-0.034202740798625	0.279747187181853	518
0.107809498428198	0.161710387629989	28
-0.031849403214983	0.283680842236295	20
0.080739030887876	0.345639761631221	38
-0.030678061578298	0.273985197030131	20
0.020876103063716	0.586406857827435	20
0.117036128152797	0.532090273186225	20
0.124861966458212	0.465691724445521	439
0.0378972323837	0.527515181571191	439
0.054720615219948	0.441230007727894	439
-0.028498399814911	0.281825881396972	2155
0.056196478589074	0.430015864781592	28
0.075379849923139	0.338140341774038	20
-0.086239798074228	0.465024892718965	20
0.031950123527527	0.508239833387676	834
0.03211895057389	0.508827240867358	38
-0.075018397335598	0.700587711244085	20
0.0176238242571189	0.710343193624072	20
-0.087502403278298	0.595062898012118	20
-0.098306378864037	0.500647979392122	284
-0.0290638964268311	0.289518739243686	51
0.084010884821174	0.32903293622762	51
-0.087890130645588	0.389979821134658	51
-0.039890121678674	1.26941385366107	107
0.10915674864297	0.160134884536478	107
0.029336575358624	0.568509172014831	107
0.00946826260158795	0.762212652118508	204
0.014819818597269	0.729393118796643	204
0.040310104028107	0.510968705044388	439
0.033341274143094	0.479785323371366	439
0.048954298404308	0.434002331716325	439
-0.092143967845528	0.580211321851044	439
-0.0937117483157009	0.404660598712052	2155
-0.092003692136528	0.379345037360062	20
-0.042920736725499	0.271530592863308	834
-0.090741088276181	0.648778901912955	834
0.04267005511349	0.483689182241173	38
0.030085236988509	0.518569871021604	20
-0.094445231923732	0.476302994814981	20
-0.100765554790566	0.485308010665804	284
-0.093685550035885	0.498806157621643	284
-0.090074226278844	0.476887443641493	42
-0.0290638964268311	0.289518739243686	107
0.072640743933706	0.71392328997739	204
0.0787761352582001	0.342052651409614	439
-0.092198904742297	0.47710256114243	439
0.098247928164155	0.595196227058454	439
0.024385011732614	0.514751257071402	439
0.081920177567696	0.34178249017769	47
0.087139785369816	0.34180259658724	1035
0.106164448046751	0.165404098536463	28
-0.031384221241339	0.281582131382678	28
-0.036549561776265	0.283542077282334	20
-0.0831296902193051	0.394482136333018	20
0.01148314257573	0.726881026683024	20
-0.080362710623388	0.552766660699688	20
0.082562279979871	0.341193389803571	20
-0.036549561776265	0.283542077282334	51
-0.120386927293499	1.01532729911576	204
0.124534112189758	0.462118188406424	135
-0.074846280111233	0.781628976980564	47
0.083738052688193	0.339546580912924	1035
-0.0296249121207171	0.275479486957074	20
-0.028454037494308	0.274606027434144	20
-0.092453412168475	0.496464344097513	20
-0.077110390551998	0.652350890687603	20
0.022256208488515	0.576105688544692	20
-0.069133534145033	0.806911503844012	20
-0.0290638964268311	0.289518739243686	51
0.106127242153228	0.578942563843098	51
0.018045574878306	0.632924033831381	42
0.09624201342894	1.70225935006552	312
0.076532126055948	1.21010153447638	312
0.118759886780328	1.29730471916103	312
0.107755273797167	1.31449816564231	312
0.111277040887716	0.793999376190698	107
-0.010312514346563	0.98920233662135	204
-0.052692394708203	1.05535247733073	204
0.091717238510432	0.316874168070707	204
-0.039234242239679	0.812959739399704	777
0.00239587365346405	0.765038034653896	439
-0.093321795888802	0.477961896790263	439
0.088185644778283	0.325036997802351	246
-0.0290638964268311	0.289518739243686	1799
-0.118131852446951	0.996085604273823	20
0.024320488997276	0.608135130646903	20
0.038146574322638	0.521985049091349	20
0.032857958888507	0.576643656027291	51
-0.124374274639893	0.949188114800221	51
0.054632808243165	0.419967583002308	42
-0.10626131898371	2.3487937194306	312
0.0883354398273361	1.11176913030799	312
0.020792960589062	1.1375258499366	312
0.01467452378402	0.809572379042064	204
-0.022772505996761	1.15820314591104	204
0.00565002604600196	0.77017586923028	777
0.017806935190418	0.663150747264735	439
-0.0900023659012989	0.665819414284092	439
-0.086970875858512	0.565222260962877	439
0.052189042822206	0.432477164359776	28
-0.080967564360276	0.658658525999609	20
0.035741170409081	0.497769776398808	20
0.029439265688857	0.515197975777974	20
0.034122791051723	0.511882102171689	20
0.053097346941942	0.86731152696123	20
0.086102711771022	0.326715949680799	284
0.084137336743606	0.348106420424358	51
-0.10023426555673	1.11431487830191	312
-0.076466437364291	0.787918731036603	204
0.060892410563457	0.414698738266263	204
0.0995065720221699	0.812587989896717	204
-0.120398734904608	1.0151663878734	70
-0.123747763811379	1.06741495871721	439
-0.0900023659012989	0.665819414284092	439
0.093445716275409	0.613457146675652	439
0.060511412683246	0.821368995321911	439
0.0919767452397	0.591625156071952	70
0.021375692668267	0.796041872220236	439
-0.084572167651023	0.383539804925197	1035
-0.090900075779743	0.584236400457874	28
-0.067372909025628	0.768627953446337	20
-0.062724355219015	0.759039461225009	20
0.0487477297954521	0.819482455783968	51
0.036250127844027	0.519281579849581	51
0.11846060794673	2.3504392571578	312
0.013812935077732	0.572262102110807	312
0.0817774803528381	0.350872754794278	312
-0.0691421408477521	1.23032419664982	204
0.021064719822884	0.71231234302716	439
-0.065434890540876	0.797509571854854	439
0.0996653469277	0.605699981865237	439
-0.0842688790310751	0.387082441158237	72
-0.097334373228215	0.392719303296688	47
-0.097334373228215	0.392719303296688	1035
-0.085591466188322	0.573828006419012	38
0.0532117098966281	0.419215604835402	20
0.113415768261416	0.70790981466258	20
-0.031849403214983	0.283680842236295	20
0.038040557618317	0.51213807583264	284
-0.091631626224059	0.56686101078954	51
-0.086520097545764	0.380271526006396	51
-0.113617943037417	0.945759433266242	439
0.104419581897489	0.53757582869239	439
0.020274882624671	0.664052410754338	439
-0.089260453723205	0.393194546848372	72
0.080595845732462	0.343106575046838	1035
0.094076250124723	0.314911166178558	1035
0.080745159659981	0.33595919201148	20
-0.090861895976427	0.487205390002865	38
0.110489063719793	0.520488250100929	20
0.116550377910266	0.533888233661696	20
-0.078238195755072	0.725167623659532	20
-0.090664882656101	0.582784007701139	20
0.084411913197572	0.67058278145909	20
0.089775754260641	0.308472300943456	51
-0.086643942836685	0.584594755953116	51
0.015469269748343	2.3025009531708	312
-0.07032136262735	2.3571654467091	312
0.108700377862817	1.53206436312679	312
0.0383783273534301	0.94696212219597	107
-0.119492929317022	1.54981872583789	204
0.010455678244903	0.828593292249466	70
0.011174083133217	0.686227933985362	439
0.018811856673649	1.06066073833323	439
0.055686004519637	0.867926040788124	439
-0.123342078456874	0.921358310935524	72
-0.081610186376826	0.55519245798569	28
0.04970647661095	0.436813609197442	20
-0.089848901357442	0.484821867399944	20
-0.067132993068805	0.798498297323002	20
-0.083754654190832	0.654045841642747	20
0.029400037121292	0.626170154547351	20
0.114958685456703	0.524521820325794	20
0.062297407390382	0.808849929042883	38
0.00519192618960795	0.752799981895478	20
0.00985991873171299	0.841068407560691	20
-0.086511989451554	0.713228099464065	284
0.0177013158082801	0.753232006986593	198
-0.051102103360852	0.854369381789874	42
0.095600144916842	1.52631232846699	312
-0.0000764415005819474	2.04153727603978	312
0.016003639930222	0.721065886299856	107
-0.003191497080831	0.942889627083535	204
0.020782201631664	0.662134961401816	204
0.079450473908282	0.834404140166712	204
0.046943022523925	0.461206369229041	439
0.119797681267348	0.713506913506951	439
0.038398744890247	0.503241968841568	70
-0.093903541642455	0.468228068191994	1035
-0.090970420475411	0.48858105098908	20
-0.080704320404927	0.5258007484691	20
0.092312891148334	0.639557787679561	38
-0.067571311399379	1.05447720719066	20
0.100889829605102	0.779565325730918	20
-0.057543682682028	0.881141107242765	198
-0.080812118388246	0.747599474741006	51
0.101789860476507	0.583501590379044	51
0.111921928557734	0.535300197497517	51
-0.085010639330306	0.728327301310884	51
0.107694035839349	0.54912356476705	42
0.07837852886124	0.349301728169769	42
0.055135659922306	0.396138684853187	1618
-0.0831296902193051	0.394482136333018	70
-0.07635799876496	0.715142923096351	70
0.107510621985722	0.163742963398487	1035
0.103305263129155	0.160883900344644	60
-0.026740982487389	0.274741205559888	20
0.026254959864338	0.575690939393304	20
-0.051381599599982	0.966491593640176	20
0.10196263205565	0.162454516779564	38
0.057283574586921	0.413661766647004	38
-0.100974069726574	0.374421062777682	20
0.0806632756033821	0.650845268730438	20
-0.094916411264018	0.486726631622604	20
-0.096823931138629	0.487559297034387	20
-0.023289722935519	0.272605726623559	340
0.079562055502944	0.345369017314678	285
-0.027374541519571	0.277808019884369	198
0.106164448046751	0.165404098536463	51
0.103305263129155	0.160883900344644	1618
-0.092334741942421	0.4050383296159	70
-0.087338436775698	0.398613371787137	70
0.102025944236822	0.972564328301666	70
-0.034785185175538	0.283807885980878	70
0.075843422713327	0.898621565398989	70
0.104517232406286	0.160931846851905	72
0.103305263129155	0.160883900344644	60
0.100307038068989	0.162601931105921	20
0.11116065894082	0.158048670727366	20
-0.0659275655184261	1.18695967491111	20
-0.089740663851303	0.486322239505559	20
0.10915674864297	0.160134884536478	38
-0.073132418390725	0.736243419717931	20
-0.034785185175538	0.283807885980878	20
0.107861246730386	0.157338749699546	340
0.104517232406286	0.160931846851905	285
0.10915674864297	0.160134884536478	285
0.085199233545421	0.651755248494576	51
-0.088722060553371	0.39962615142417	51
0.040310104028107	0.510968705044388	70
0.081224138559602	0.329474048663644	70
-0.012625403801222	0.989645048652759	70
0.121794213320203	0.699347719851403	70
-0.081992811781452	0.384415634167884	72
0.10196263205565	0.162454516779564	60
0.10196263205565	0.162454516779564	20
0.084491855299036	0.597385822548094	20
0.014245250778514	0.834160753652377	20
0.0221995618191561	0.748183731720956	20
-0.026113129457213	0.277995185358117	340
0.106164448046751	0.165404098536463	285
0.0480396116867861	0.441274347240567	51
-0.081212524313149	0.66181969468879	70
0.028902482844249	0.580148075148221	70
0.00729452773770001	0.881750063497346	777
0.082956788129497	0.349761826454807	70
0.0760102081340131	0.348995028114255	70
-0.100303479331617	0.468546876087995	70
0.106164448046751	0.165404098536463	72
-0.026218946022235	0.26113123082412	72
0.107510621985722	0.163742963398487	72
0.105862327314304	0.15938672368822	20
0.105862327314304	0.15938672368822	20
0.107809498428198	0.161710387629989	20
-0.0233740868504591	0.265676378258077	38
0.107809498428198	0.161710387629989	38
0.022909907239395	0.629540287446168	20
-0.02680154360055	0.280831111550184	340
-0.0932150880932	0.487665443954624	285
-0.03999003478929	0.281119023278196	70
0.12422102330305	0.786020776643723	70
-0.112581030264101	1.14761691232608	70
0.100307038068989	0.162601931105921	72
-0.03361160922026	0.290242048778392	20
-0.0842688790310751	0.387082441158237	20
-0.029631553521776	0.277137412790688	20
0.105862327314304	0.15938672368822	20
-0.026218946022235	0.26113123082412	20
0.082956788129497	0.349761826454807	20
0.063610098291822	0.395113837816227	20
0.019341558693441	0.702556601377131	20
0.00174703025755496	0.696645319554194	20
0.107809498428198	0.161710387629989	340
0.052576415243053	0.445999250788884	285
-0.031384221241339	0.281582131382678	51
0.088185644778283	0.325036997802351	51
0.080263659605544	0.811834685336839	51
0.107510621985722	0.163742963398487	312
0.103724425327594	1.03472213442891	70
-0.068707657269813	0.728838357246722	1427
-0.027305164050353	0.288218637766352	1427
-0.03361160922026	0.290242048778392	70
0.12486528381081	0.704783830898055	439
-0.098751335181691	0.478691807816088	439
0.03068060031725	1.61102828711587	439
-0.045087300863272	0.898759672242583	72
-0.081266537067731	0.661631873286911	205
0.0863552692066341	0.328056736961662	205
0.10915674864297	0.160134884536478	72
0.103648287859847	0.158948670390298	72
0.100307038068989	0.162601931105921	60
0.10196263205565	0.162454516779564	20
0.10951204064891	0.161545516971529	60
0.105307501552363	0.158795616333555	20
0.090538909604218	0.320746241360901	20
-0.030678061578298	0.273985197030131	20
0.106164448046751	0.165404098536463	20
0.107809498428198	0.161710387629989	20
0.0179283303584989	0.595688542527059	20
-0.031849403214983	0.283680842236295	285
0.107861246730386	0.157338749699546	285
0.0840031697899341	0.327915641612738	51
0.106164448046751	0.165404098536463	70
0.12136962595411	0.962387330171318	890
-0.086759507745454	0.397485880203821	1427
0.116589408402883	1.13782491830044	439
-0.120906819461607	1.78801594691668	439
0.01953091226279	0.663548682556927	439
-0.014381517150955	1.37410287269502	70
0.081628484203968	0.69037189732834	70
-0.027974704162552	0.266474776205257	205
0.013700256265462	0.583925922847863	205
0.105862327314304	0.15938672368822	72
0.107809498428198	0.161710387629989	20
0.106164448046751	0.165404098536463	20
-0.031384221241339	0.281582131382678	20
-0.035375350384672	0.289931372759217	20
0.103305263129155	0.160883900344644	20
-0.03361160922026	0.290242048778392	20
0.107809498428198	0.161710387629989	20
0.012776826138437	1.08473190456212	20
-0.098464457660657	0.382881209550336	20
-0.02680154360055	0.280831111550184	38
0.111038368905081	0.540312763106837	20
-0.096163467855528	0.474582236086876	20
0.046205838252493	0.410055187674273	20
-0.032439635017377	0.279989616539392	285
0.11116065894082	0.158048670727366	285
0.111005913626675	0.496308376836205	51
0.105307501552363	0.158795616333555	51
-0.035187175504985	2.37639176527712	312
0.035871250331371	0.532040724192259	70
0.089275297696633	0.776369806906349	205
-0.073663179438666	0.793792877477693	205
0.00569910287837305	0.71317778879614	205
0.107809498428198	0.161710387629989	205
0.106164448046751	0.165404098536463	72
0.10915674864297	0.160134884536478	72
0.103305263129155	0.160883900344644	563
0.054720615219948	0.441230007727894	20
-0.0250448016068791	0.279597056391279	20
-0.091548273050338	0.457035786220121	38
0.012419775952037	0.582737966314185	20
-0.027374541519571	0.277808019884369	51
0.05723390467191	0.789380444641774	70
-0.094996897819077	1.04209002776047	70
0.018491887539577	0.718354222919348	70
0.11301141748635	0.542184665966066	70
0.08973258834114	0.611747319661689	70
-0.065495970940606	0.874774491872324	205
0.0484678250742701	0.425886066983388	205
-0.033145057126805	0.281327417977169	72
-0.0831296902193051	0.394482136333018	72
-0.027305164050353	0.288218637766352	20
0.08256987810109	0.328557351455709	20
0.0536785995647709	0.748685799360181	42
0.0216998939637461	0.999204065448228	42
-0.081802894513416	0.542491124066654	20
-0.054208378019498	0.920270412871113	20
-0.066331144771476	0.783169501886599	20
-0.084815887468594	0.391993482604686	285
0.094646377965876	0.590224069596508	51
0.068105543207727	0.920727637295107	1427
0.060971084993289	0.815220775990795	70
-0.116611257473362	1.39638588579494	70
0.038809243671469	1.07012080566706	439
0.04832026617149	0.412099162619567	439
-0.092565303229816	0.491946373024326	439
0.114422293586217	0.540497958982284	72
0.016136690677794	0.594563244562242	72
0.113875257791674	0.521881925277591	72
0.0771945797372911	0.350398092905828	20
0.0478802961868911	0.437591265638596	20
-0.100553525556965	0.496408201415835	42
-0.077010664601622	0.785883481082359	20
0.076937193494495	0.720778580631074	51
-0.00545482282403498	0.986448897639465	51
-0.086449371406221	0.592395805430661	42
0.00384310169810398	0.876020119504381	439
0.083748602330157	0.336785336618551	100
0.043189681426489	0.432441398358919	100
-0.101013698868347	0.489135599485427	100
0.073095468541545	0.722359123956781	205
0.054720615219948	0.441230007727894	20
-0.093199052897607	0.582734686905603	20
0.088423668809039	0.64747499245357	42
0.096407474401661	0.877409365814511	20
0.094638769142373	0.633974075580685	20
0.042676406986875	1.49003296439844	890
-0.038586715724106	1.25562438036523	890
-0.034785185175538	0.283807885980878	439
-0.0640477240967891	0.818442956736659	70
0.0853179929060211	0.337929849384862	70
0.082562279979871	0.341193389803571	100
-0.030320030158737	0.271787055718822	100
-0.027305164050353	0.288218637766352	100
-0.090829748805394	0.554932356877203	100
0.010201089954586	0.784541131417527	72
-0.088364689047437	0.390187689634705	563
-0.097049523081347	0.497374847031036	563
-0.070613184670893	0.701211553987844	42
0.036507379921765	0.501866918968111	42
0.015593674318511	0.765942078799581	20
0.107835792224875	0.537849990394037	51
0.017576203063847	0.804741000633185	51
0.035874266199598	1.31212077853082	890
0.101955084282145	1.31356088801267	890
-0.031631500773236	1.53263604753638	890
0.105205453698461	0.790221128292029	439
0.031601209228751	0.871939635990387	439
-0.078168296154948	0.734723527095322	70
0.028316488611137	0.525868491028572	100
-0.079380473386196	0.719179566272402	72
0.082556727911601	0.343718998039652	72
0.024821163156751	0.601999374884713	20
-0.09370068121338	0.569384898556748	20
0.010736728841687	0.667036112869816	20
0.065648569140318	0.697453539041109	42
-0.079008186848201	0.73783285907867	42
0.00592518286427501	0.885204637307207	20
-0.086511481026959	0.627067266472373	20
0.047854032004354	0.478028858412555	51
0.010123167027036	0.894035141574976	284
-0.00709659598171797	0.987362697759063	284
-0.089838757186315	1.24125016297933	439
-0.075816487763148	0.72381353501059	100
-0.0806195098817431	0.380413963787504	72
-0.073926258558378	0.714738611313049	20
-0.088722060553371	0.39962615142417	20
0.084135683507975	0.345768078838367	20
0.076422984740199	0.338944116895334	20
0.05150344108581	0.444343131245818	20
-0.085004248627926	0.574282553416482	20
-0.079696381824106	0.545283004958666	20
0.00990659652872095	0.656031896945885	42
0.086910186692447	0.681104916335449	20
0.035994223420191	0.515835653845232	51
0.123774371726585	1.10706254967892	890
0.110516786702952	0.5414121643438	439
-0.116388926470624	1.28368332826958	439
0.025377477667754	0.986777329297103	72
0.071881454886823	0.642055016317396	72
-0.095814868427433	0.495060739536507	72
0.123436824287568	0.463218440683873	72
0.050946881355207	0.437683669222143	20
0.0813755258034951	0.343112526455049	20
0.0181392258643101	0.767232295753108	20
0.069885952389694	0.687122012748614	20
-0.063712567523738	0.861253377136352	20
0.050946881355207	0.437683669222143	51
0.109085658787443	0.561763830885768	51
0.084603626099272	0.745033634093884	51
0.054887185660892	0.439557131736456	51
-0.021175894047804	1.14106623649534	439
0.028194302747517	0.600031490469636	70
0.103227690915134	1.01371776720314	100
-0.034202740798625	0.279747187181853	20
0.121133659763426	0.798263777655841	42
0.023972215938374	0.610850365688754	20
0.055284324968159	0.43246850511969	20
0.0132838344520509	0.780921432862643	20
0.100500498171725	0.601677481058503	20
-0.095619052394999	0.379759636884012	51
0.050849679942016	0.415247847551296	51
0.027986479632961	0.578579841418285	51
-0.015236658067852	2.04639608106716	804
0.078772699229414	0.332102198192318	314
-0.097261301601195	0.355071023358083	72
-0.101223248190088	0.471391101318891	72
-0.084680847998988	0.560258598983441	72
-0.09297065213693	0.569698173340789	20
0.11929221457417	0.521615275155801	20
0.077198454607515	0.340317171556609	20
0.05817402026943	0.800393404626609	20
-0.057715008481608	0.845062474156242	51
-0.046831429427754	0.928722157158352	51
-0.054483099483803	0.803621774767783	51
0.0466544778846521	0.430233001833659	51
-0.086922137291181	0.56968979559019	42
0.11116065894082	0.158048670727366	42
-0.084572167651023	0.383539804925197	70
-0.105090729274112	1.62348153388504	439
-0.096139435548385	0.460871000575492	439
0.0875568113288771	1.32762502513827	439
-0.094491400336098	0.38659654007395	314
0.107809498428198	0.161710387629989	70
-0.034785185175538	0.283807885980878	72
-0.0765944907063461	0.746794259558594	72
-0.090331525019652	0.620206419796712	20
0.021976061126401	0.596696767012716	20
-0.092619008258404	0.559026859443342	29
0.015337661537641	0.707951206351279	42
-0.067335505369249	0.843681291062665	20
0.08154287828179	0.868693191472489	51
-0.096443425047107	1.51236951245266	804
0.074655499320887	0.966098261712028	890
0.085711177222545	0.597489337941763	439
0.082956788129497	0.349761826454807	439
0.020836339091816	0.646164928832056	314
0.072209480119206	0.683483086344449	72
0.0799568528713001	0.340493814447832	29
0.00929285629278098	0.726250000983	42
-0.095452704762986	1.3711063093235	20
0.014450086393647	0.818607484271655	20
0.020705091278848	0.595381982252796	51
0.069113425585385	2.26398053186996	804
0.105089921118949	1.93110956533056	804
0.112043306978499	1.09264608457496	439
0.049912900094708	1.10142267602415	439
0.030566400918612	0.521944079590792	72
0.05281911400758	0.420959817502358	72
0.081131616708473	0.337595024001449	72
0.082174603234428	0.321768223961371	491
0.062130343011211	0.403488296239953	20
-0.090714672757867	0.381333381187718	20
-0.098401683157031	0.466963883348236	20
-0.099536604698225	0.499414147590173	20
0.048849422695196	0.884219813825004	20
0.09882998901761	0.607410296382545	20
0.086764501529918	0.662747315060016	51
-0.054000764306077	0.957988709948146	51
-0.057245893193276	1.08451607368317	804
-0.083226765674973	1.75662029379871	804
0.093354456699911	2.02920116926829	804
-0.053514887111101	1.08305870900617	439
0.0836346631028791	0.668751269860456	439
0.099168154842216	1.23784266579233	439
-0.09480633535515	0.501674442008737	439
0.065211736699841	0.7337371012771	72
0.113517583119345	1.13157090388325	72
-0.029631553521776	0.277137412790688	20
0.038396584218636	0.501866920040096	20
-0.05271170741718	1.26055628375372	29
0.072431642369874	0.949852796790505	42
-0.083912818678465	0.66157272877345	20
-0.085047570031115	0.375593609946105	51
0.081780704767711	0.347798913281741	51
0.084922447600136	0.337659028586341	51
0.018635974790706	1.14041800450885	70
0.093659556525908	0.602409474436767	72
0.0206103240347491	0.637646198725336	72
0.058662843426902	0.425741934214588	72
0.035251819691372	0.506857643706849	72
-0.08619734863027	0.396258215966489	20
-0.079678255533253	0.743974052876209	20
-0.063633650661735	0.906971762629932	29
0.083604846510287	0.674082987910222	20
0.108937922617992	0.550305226639813	20
0.085958385185866	0.341636500574779	42
-0.094255269113771	0.381855095886807	70
0.05873684661681	0.848051403902571	72
-0.064133246610802	0.676772164899248	72
0.09724333077166	0.591011947119171	20
0.00407319095493697	0.725573332286717	20
0.014948694925059	0.779230685487063	20
0.119410495237654	0.715030650605146	20
0.00731264477948901	0.781105448822805	51
0.078375964418123	0.351061903937463	42
0.119608440052185	1.15742071093865	804
-0.028559952065488	0.278708005774788	439
0.101648578584425	0.16103383582639	72
0.00366350699286999	0.810710707380086	72
-0.0707212939341661	0.73137224815075	145
-0.081992811781452	0.384415634167884	29
0.088321486514125	0.332009277347527	29
-0.025614146902992	0.279913059585337	42
0.032842441694002	0.518363036886306	20
0.116026371788081	0.53745564439693	70
0.008411023824068	0.758623576221392	145
-0.043029914497405	0.93417744680607	20
0.050903946472881	0.423692318110681	42
0.032334958947187	0.529686241036673	42
-0.03302234654777	0.277624063329933	20
0.0933412626607391	0.649634031575459	20
-0.08200008738535	0.567403563926916	20
0.042420696494223	0.788114797091637	51
0.052224458293811	2.25617348840872	804
-0.083912818678465	0.66157272877345	439
0.036637494051593	0.530499277953857	70
-0.091954590487152	0.586801981696654	70
-0.086759507745454	0.397485880203821	70
0.10196263205565	0.162454516779564	617
0.10951204064891	0.161545516971529	617
0.106164448046751	0.165404098536463	72
-0.099536604698225	0.499414147590173	72
-0.084135352616948	0.613646882405234	72
0.088322105459695	0.336998690080824	29
0.036268864522745	0.505051467036565	42
-0.02680154360055	0.280831111550184	42
-0.090861895976427	0.487205390002865	20
0.033350144123018	0.531547225688371	20
0.104517232406286	0.160931846851905	42
0.10915674864297	0.160134884536478	42
0.034761220934137	1.36577758087576	142
0.020274882624671	0.664052410754338	70
0.107809498428198	0.161710387629989	617
-0.0898254676731241	0.39925555085867	617
0.00875274021726802	0.709440335975912	72
0.108961273731137	0.536188287612729	20
0.021720906924004	0.588885090939176	42
0.097994424453285	0.606860687119947	42
0.051664825633296	0.42421411443423	20
0.073016554121768	0.341575887899308	20
-0.053883703764969	0.888096263207324	20
0.017806935190418	0.663150747264735	503
0.00960203973184004	0.719360891677643	42
-0.08965421831957	0.581011872048297	42
0.10915674864297	0.160134884536478	42
-0.00996338117731099	1.45393063749478	142
0.104517232406286	0.160931846851905	70
0.10951204064891	0.161545516971529	70
0.109315250870564	0.728505123709185	72
-0.053372097347232	0.953006212421847	72
0.091600100582581	0.580244486210243	1272
-0.034785185175538	0.283807885980878	29
-0.081268736901758	0.549138098662112	42
0.119011632365898	0.509243000322252	20
0.05150344108581	0.444343131245818	20
0.105359861252298	0.573856960891027	20
-0.067237823291154	0.836729142817966	20
-0.04772458712998	1.08228078885004	51
0.02151168153785	0.707056031377628	503
0.10229551270048	1.20026978517408	142
-0.092311802971604	0.505274151076258	142
0.093445716275409	0.613457146675652	70
0.10915674864297	0.160134884536478	70
0.11116065894082	0.158048670727366	70
-0.052487508524799	0.861402971354986	72
-0.084491675427434	0.653137656888314	72
0.016929811948655	0.679613497896674	72
0.052018529610722	0.431476370132966	1272
-0.097160195222082	0.489002650649994	1272
0.031348363656998	0.511183766966025	145
0.019902054252477	0.668228294332143	145
-0.086214474573633	0.664295535211977	145
0.088320766250277	0.339870988892736	145
-0.027871506351588	0.279214794580025	320
0.107510621985722	0.163742963398487	320
0.10951204064891	0.161545516971529	320
-0.095490729080467	0.480825144137817	42
-0.083235081675753	0.674739595578439	42
0.0514215109294181	0.434287533678623	20
-0.079910044481361	0.744743816396707	51
0.047202435392502	0.469937268131864	70
-0.029631553521776	0.277137412790688	70
-0.0906463852289921	0.377571627613586	70
0.021940328880903	0.740871730689572	72
-0.061887051014511	0.880491396091951	29
-0.0290638964268311	0.289518739243686	320
-0.03361160922026	0.290242048778392	320
-0.08325140123189	0.569955915688739	20
0.00937164283241199	0.660158810881689	20
0.113624522225264	0.540916149525369	20
0.113884774566851	0.534113508903954	51
-0.034785185175538	0.283807885980878	402
0.083742303029985	0.34178724806317	402
0.096075290091851	0.157031807796804	70
-0.096229525259935	0.390186419112496	860
0.12211077460735	0.463309097697101	102
-0.110049452211191	1.11941294184552	72
0.013993049093843	0.683881895368805	1272
0.107510621985722	0.163742963398487	29
-0.090106009512164	0.397764443513192	20
0.051744839544378	0.418718678447959	20
0.107809498428198	0.161710387629989	102
0.0771945797372911	0.350398092905828	102
-0.063258320041108	0.852520779521112	72
0.115302537629985	0.505163170533542	145
0.101134093442693	0.60223014004776	145
-0.030824300968471	0.287187108205516	29
-0.029631553521776	0.277137412790688	29
0.097413232773498	0.155611636332248	42
-0.099415300241183	0.568724003245335	42
-0.0618490771297831	0.908221924719308	42
0.077198454607515	0.340317171556609	20
-0.123391060691051	0.894810462955844	20
0.061962758670464	0.412917328144299	96
-0.078016348918369	0.646169127753163	70
-0.025548100671114	0.280697934253108	102
0.020209103936476	0.587745625423383	1042
0.122158377624208	0.465905747683954	29
-0.00694693362207099	1.02890213003132	42
0.0610223389901	0.800219047898691	96
-0.067189207877751	0.800730447820537	96
0.057428790667622	0.430840288199803	70
0.096075290091851	0.157031807796804	142
-0.031384221241339	0.281582131382678	102
0.014278072106844	0.772883349009885	72
0.022744163767154	0.592774854816455	29
0.053815382444946	0.44052470539972	351
0.104216630118919	0.578185202574342	20
0.08491254364765	0.654169489314181	42
0.108041263980285	0.568993619444623	20
0.061815697845273	0.772478682936771	42
-0.056540436455971	0.744013622668879	96
0.084495338174749	1.03525662117934	2061
-0.00598192346306803	1.03289881404558	70
0.018418566038477	0.731249015225527	70
0.046413014302206	0.433196872877968	142
0.025075743456813	0.642148609962361	102
0.084135683507975	0.345768078838367	613
0.033094777961573	0.48559302461604	613
-0.082372834421	0.535848993898143	1042
-0.06182880751453	1.16280719058222	351
0.083045610900887	0.591879358356223	351
0.107455929071892	0.536095534366923	42
0.078752262066021	0.659384002252316	20
-0.086301341016927	0.555298591447286	20
-0.0800593156680059	0.733517142111608	42
0.115253259292491	0.749805872684695	2061
-0.099429680362001	0.500158864699493	72
-0.027305164050353	0.288218637766352	72
0.10915674864297	0.160134884536478	613
-0.025614146902992	0.279913059585337	1042
0.078375964418123	0.351061903937463	29
0.0399575270188211	0.406509325917539	29
-0.043139299750241	0.976463804025995	29
0.071531958706466	0.938893598081178	42
0.115993577572854	0.72973908062098	351
0.032833773902065	0.56616494189973	351
-0.077509296134484	0.734396815343376	42
0.0198953485130799	0.586104063485257	42
-0.046837867836214	1.05335113208397	96
0.089155715551933	0.583183413683102	402
0.0121801691018461	1.42435951476944	2061
0.03172275653922	0.877309585347932	142
-0.09289175304701	0.380064546915701	72
-0.021618113720386	0.264551920423018	72
-0.0898254676731241	0.39925555085867	72
0.10196263205565	0.162454516779564	1042
0.106164448046751	0.165404098536463	1042
-0.0831296902193051	0.394482136333018	1042
0.017354790521646	0.766687086713754	351
-0.060629175348799	0.75856892166422	20
0.101648578584425	0.16103383582639	20
-0.029578377582554	1.64790251766378	2061
0.037176982675275	1.06777012359229	2061
0.107686549413127	0.546185817220915	2061
0.016229288243624	0.653852869734582	2061
-0.093795329508769	0.480283135153521	72
0.107809498428198	0.161710387629989	72
-0.030257488020119	0.283070259872901	72
0.10951204064891	0.161545516971529	145
-0.124526231880422	1.45362476172257	29
0.050590715115169	0.426046513180395	29
-0.08416216443658	0.365351597403174	351
0.055990353242716	0.826586316340119	96
-0.080354721178573	0.638086807225369	96
0.113920859987776	0.724534920512899	2061
-0.05401821291661	1.01741796671814	102
0.069600413347706	0.771851548036679	102
-0.093685550035885	0.498806157621643	72
-0.10595974302571	0.472541897706299	72
-0.097129934956713	0.560174435821476	72
-0.02680154360055	0.280831111550184	72
-0.0987046237220009	0.390441887103387	1042
0.104517232406286	0.160931846851905	1042
-0.034785185175538	0.283807885980878	145
0.085315037967576	0.344146117314585	611
0.038396584218636	0.501866920040096	611
0.07447170952336	0.706910224984805	29
-0.088201405751499	0.654774704745862	29
0.092752998613213	0.597387765350066	42
0.022227873133594	0.601989926276659	42
0.020362012815917	0.607067869551757	20
-0.087353584077866	0.56518790448583	20
0.010113105002497	0.784254126495584	96
0.021522107175769	0.7984454862593	96
-0.093348617311751	0.48409726672629	96
-0.104841760859592	1.02215733824846	850
-0.0587464619639721	0.742626692783322	70
0.052742997164647	0.438930671565278	2061
0.024394207447571	0.974084019632814	102
-0.000719563687655023	1.21708954089457	102
0.105862327314304	0.15938672368822	1042
0.047164945805068	1.07436119668657	29
0.0171782547975881	0.818152249578302	29
0.107164711548377	0.521895152694843	29
-0.097334373228215	0.392719303296688	746
0.066241092770267	0.293863276483436	746
0.107809498428198	0.161710387629989	96
0.08256987810109	0.328557351455709	850
-0.086330396901916	1.40409754880191	142
0.092051939738629	0.800608750652667	142
0.12247949107776	0.460424873139812	102
-0.09661114457363	0.452581847148749	72
-0.082891888150285	0.383034027822914	72
-0.100878841490003	0.483160374907972	72
-0.092092921315721	0.391023035565893	72
-0.078919077786725	0.36948251994284	1042
-0.035967381550608	0.273964525158361	145
-0.087359071235387	0.465866654369871	145
0.0690106131069021	0.754160225899324	29
-0.0967206629501	0.486910129554311	746
0.071319531243156	0.673011149862677	351
0.084705908568646	0.671162054359482	42
0.018670268186962	0.585684282677522	96
-0.111023298101702	1.12345047770228	850
-0.081649129013615	1.85893481827788	142
0.04889246713242	0.423967642383143	72
0.032598473420134	0.522876013594066	72
-0.085004248627926	0.574282553416482	72
0.037259767840516	0.516829906860814	72
0.112842990624198	0.54468101171686	611
-0.088354595786697	0.557879622188247	29
0.00835356780261698	0.697378121854791	29
0.107144174768481	0.534403859493031	746
0.013161955680713	0.902140080632287	746
0.07857085389305	0.668971126481457	42
-0.118600401614124	1.0143582620785	42
0.086512010211932	0.63399667982819	42
-0.0894518118351591	0.564542375477639	141
0.0207141598120421	0.630059814075796	42
-0.069915246721969	2.27424987758323	142
0.097311553982824	0.948233366847878	142
0.021434013425224	0.558494869201317	142
-0.093348617311751	0.48409726672629	72
0.082956788129497	0.349761826454807	1042
0.0474569974558941	0.393226682092748	29
-0.068292675698399	0.710123805538245	29
0.01801856028448	0.659428292820114	29
0.113943751270025	0.697870498309381	746
0.08290844108833	0.694954501889861	42
-0.089740663851303	0.486322239505559	42
-0.079693171635269	0.673298017364247	141
0.076691717557777	0.745065311806076	42
-0.115994850807432	1.12798712164641	850
-0.00620923804292695	1.3629573159547	142
0.021454875497203	1.46177182957659	142
-0.0701935148542751	1.32261080446416	142
-0.098520681642391	0.487122892762253	102
0.043816032472531	0.461177636465321	102
0.058500147669281	0.426515900453706	72
0.080380392355128	0.644587812285413	72
-0.091076558084322	0.473553701649961	1042
0.019093347305668	0.634205544888929	42
0.02645059085832	0.589466272425766	141
-0.06089507662398	0.842754230634487	141
-0.086776200683433	0.675129433373754	141
0.01781387362178	0.783927985817201	850
0.109504406188905	1.10356147523411	142
0.068423054676806	1.21889263809218	142
-0.0669228598548241	1.16272823460298	102
0.038036868129175	1.04701456206334	102
0.083904136258979	0.700427748443127	102
0.089501327821381	0.33543691183207	72
-0.027305164050353	0.288218637766352	72
-0.026113129457213	0.277995185358117	72
-0.0290638964268311	0.289518739243686	72
0.019779132961592	0.551660158860808	29
-0.097517225367428	0.490130210196235	29
0.11715076532187	0.857579745578832	29
-0.068000219684893	0.826855284421701	29
0.077879451685321	0.94092009566587	29
-0.065862889334446	0.849148513362556	29
-0.067664847022162	0.862241891689699	141
0.101465864385847	0.77461350058509	141
0.012515353518463	0.707890061760184	141
-0.091055087559948	0.658048540986421	42
0.108406046251776	0.517337167850153	42
-0.085004248627926	0.574282553416482	850
0.00927916680777996	0.878071881975295	142
0.104784079551867	0.861701839146424	102
-0.081992811781452	0.384415634167884	72
0.087543450671166	0.327012999265853	72
0.083592954847973	0.335890917577715	72
0.050903946472881	0.423692318110681	72
-0.074874991516506	0.718010787049544	29
0.086523326181592	0.646749918204905	746
0.07264391158729	0.642357576539873	746
-0.00861066200153104	0.931481308735026	42
0.081124889234042	0.701446691748777	42
-0.072025567141369	0.734568582416429	141
-0.058310287174726	0.87412978324431	141
-0.087502403278298	0.595062898012118	42
0.107327485030043	0.549899406099849	850
-0.072064227824203	0.809184721176218	850
0.040495922860682	0.422882138958226	850
0.122653445370384	0.658564323349431	142
0.0168904749058491	0.653525346816264	142
-0.101661348384278	1.2707856727537	142
0.103305263129155	0.160883900344644	72
-0.032439635017377	0.279989616539392	72
0.084137336743606	0.348106420424358	29
-0.073535337556944	0.721932012377321	29
-0.034785185175538	0.283807885980878	746
0.036637494051593	0.530499277953857	141
0.048724547552276	0.424964743460707	141
-0.078030922903397	0.748560378781684	884
0.118789400655214	0.520190097579015	850
0.049653193716818	0.912146779576824	142
-0.116444003333474	1.06014025169076	102
-0.075848416645926	0.604599823523229	596
0.105862327314304	0.15938672368822	72
0.088321486514125	0.332009277347527	72
-0.031384221241339	0.281582131382678	72
0.0514215109294181	0.434287533678623	72
-0.027305164050353	0.288218637766352	72
-0.026113129457213	0.277995185358117	29
0.097303241393765	0.558628790358951	29
0.00829822476565101	0.658663461733396	42
0.081127674578598	0.330751341395668	141
-0.090106009512164	0.397764443513192	42
0.070019823813599	0.328827883447135	42
0.11732579539395	0.711554671062664	884
-0.070402806673895	0.598126605904344	884
0.0179972376945851	0.592371039057669	42
-0.085495369577976	0.67997636521671	850
0.111019557452335	1.01806975274787	142
0.013786359786927	0.861994760933795	142
0.0861933387444091	0.666755293048468	102
0.0717445090139121	1.26847857493996	102
0.050946881355207	0.437683669222143	72
0.02906778985354	0.51938929675101	29
0.016520755563626	0.586492682144735	29
0.114984329317324	0.704059089441768	746
0.0575302382235901	0.839226295768509	746
0.024320488997276	0.608135130646903	746
0.119978490819812	0.696278243730052	746
0.089229076436681	0.634421228787927	42
0.0390561803803789	0.507870294593845	850
-0.062867977836935	0.846957715309491	850
-0.090106009512164	0.397764443513192	72
0.106164448046751	0.165404098536463	72
0.105862327314304	0.15938672368822	29
0.106164448046751	0.165404098536463	29
-0.0238552816570889	0.278682303607486	29
-0.089260453723205	0.393194546848372	29
0.017416812843382	0.591174620605143	746
0.061667764421796	0.776312215171091	432
0.047819791782741	0.426459566867019	432
0.119830472799424	0.704012387260818	42
0.015784222465155	0.589406293868431	42
-0.093907122234778	0.576891725038874	70
0.072912811359072	1.44818717275517	142
-0.097568675100069	2.13202020957656	142
0.017146112630095	0.746044941893472	596
-0.02680154360055	0.280831111550184	72
0.106164448046751	0.165404098536463	1007
-0.088722060553371	0.39962615142417	746
-0.033145057126805	0.281327417977169	746
0.11116065894082	0.158048670727366	884
0.067799535024469	0.975199725438637	142
-0.101443638685907	1.88248912243023	102
0.075378008393562	0.342248055100551	42
0.0813755258034951	0.343112526455049	42
-0.0290638964268311	0.289518739243686	42
-0.027745890227472	1.17227223291695	142
0.086785231557136	0.997977157402094	142
0.072102748791112	1.22480973529178	102
-0.027871506351588	0.279214794580025	72
0.108233849943652	0.511200778761362	29
0.092371804271377	0.600191015732039	29
-0.094838540503249	0.388651413633221	884
-0.08812796538128	0.400855897121907	884
0.123744722054083	0.666280285030062	42
-0.098464457660657	0.382881209550336	72
-0.090106009512164	0.397764443513192	72
0.11116065894082	0.158048670727366	72
-0.025548100671114	0.280697934253108	29
0.044961402996883	0.416367121387594	29
-0.07301688829719	0.714216614022436	29
0.08477656570506	0.339415933613588	29
0.030249511873219	0.5833882570674	37
0.094617921982345	0.597720961958637	29
0.071214107355623	0.683042454630003	29
0.0576867220294081	0.809414128840949	29
0.032598473420134	0.522876013594066	884
-0.071647835220134	0.722417025466349	884
-0.107270494222453	1.11749919963337	1607
0.0211498458982931	0.669982005196807	142
-0.08802490798162	0.565980208154972	29
0.046281248475512	0.422170055402909	99
-0.098413012183804	0.496604279873565	29
0.016775704100211	0.666250421903173	37
0.00677593027008006	0.935482400203142	29
0.0968567569186	0.524189287308265	29
0.090779695712434	0.656374754348789	884
0.00517775108738106	0.826981048357355	1607
0.103554236843765	0.598714131812713	1607
-0.064199642400708	0.775652462044659	42
0.027385632709694	0.59003166567522	29
-0.094110961422457	0.572093697069134	29
0.029707557854902	0.51522087940403	29
0.034609900235328	0.535064025903988	884
0.026909413481818	0.471578212686535	42
0.057718185068881	0.95863012236396	884
0.053432964534322	0.418378958562776	42
-0.094693845361034	0.498821914926817	42
0.057428790667622	0.430840288199803	42
-0.082056193375978	0.7183307614918	596
-0.076397749916043	0.64580806938066	596
-0.084505143153349	0.395488792215213	197
0.011715894342619	0.585302674991973	29
-0.085391541409523	0.730203737226345	29
0.11088072006283	0.532858473145562	29
0.020906031581452	0.566673296079455	29
-0.075662144902966	0.631685527158391	884
0.016240791602579	0.657447700251611	884
0.018174132823813	0.672208963718269	42
-0.090074226278844	0.476887443641493	596
0.107809498428198	0.161710387629989	72
0.077192787303726	0.349643710125301	72
-0.0296249121207171	0.275479486957074	29
-0.086759507745454	0.397485880203821	29
0.0271280348584	0.574860415926483	37
0.030192149756386	0.520209399541752	37
0.030050837324009	0.595865280951028	29
0.027029479235211	0.59926119699544	884
-0.102077193789582	0.552538644633089	142
0.011845426972881	0.586172430902144	142
-0.098558503294913	0.562303537240486	29
-0.090970420475411	0.48858105098908	29
-0.094472085042818	0.487812374671431	29
0.01756156071369	0.587203381290108	42
0.089423716597721	0.597118268559143	42
0.106156055666371	0.872911785937639	142
-0.027305164050353	0.288218637766352	242
-0.034785185175538	0.283807885980878	242
-0.08619734863027	0.396258215966489	197
0.01997543545068	0.641168270166941	29
0.111400162443467	0.54186656419565	29
0.020227764591135	0.656361096347534	29
-0.063157572924912	0.825672848054726	242
-0.099429680362001	0.500158864699493	29
-0.093907122234778	0.576891725038874	29
0.027925043852309	0.52219707332725	29
-0.065670619066496	0.752170837480119	29
-0.091200311363511	0.402638585776929	37
-0.115441516237711	1.06221289783593	37
0.114958685456703	0.524521820325794	37
0.020790366715187	0.594134669032014	37
0.076644307655318	0.854671607124787	29
0.044938932967008	0.91262890417974	884
0.112616722202909	0.541555896745839	884
0.123522683414009	0.457724256134689	884
-0.107125559051014	1.10684745286198	884
-0.015336284690457	1.29539231141227	142
0.028320433120955	0.588229221355997	242
-0.08977639346013	0.664706472502496	72
0.041570775328865	0.424588181386557	29
0.11116065894082	0.158048670727366	29
-0.080908217151189	0.651128902330813	29
0.123336500211629	0.713682816601277	29
-0.088961232753567	0.395435769899567	29
0.02912269437004	0.599322823485009	884
-0.090970420475411	0.48858105098908	884
0.074858374353978	0.691685422528421	42
0.00654662964369801	0.926020503530289	42
0.095579236751315	0.577677741622829	42
0.077599761377568	0.341969321134561	142
0.105684950522816	0.53999548773769	242
-0.085497238309853	0.649763637139635	72
0.082956437411697	0.338265940606124	29
0.0849582924896261	0.646266244647923	1411
-0.090900075779743	0.584236400457874	29
0.036121435480956	0.521036647762123	884
0.0514215109294181	0.434287533678623	884
-0.0693620891435151	0.75411249329505	884
0.0105268692338371	0.7537308064922	42
0.046578594997158	0.433460962493814	1411
-0.079365670314378	0.656587463042067	475
0.035994223420191	0.515835653845232	29
0.049516016024353	0.425797421299535	29
0.081367982479536	0.337241794288085	37
0.109464843462255	0.550098901700258	29
0.10362975353797	0.598006968602327	2202
0.0813755258034951	0.343112526455049	142
-0.077379712059471	0.652121693921795	242
0.023572240288519	0.654381338507194	72
0.110182443858456	0.547039489967452	37
0.069098319068427	0.719940668737499	29
-0.064969916686612	0.788289033222929	304
-0.068035334222635	0.801328025323728	42
-0.0632944720230571	0.853702558726034	42
-0.065170575208942	0.684113215295367	42
0.099251824980692	0.975925911834046	142
0.046486265653794	0.435998795361643	242
-0.098520681642391	0.487122892762253	242
0.0492752614158381	0.438856864317094	242
0.089102121149906	0.301051361294284	242
0.027461253486108	0.603021288529199	29
-0.099429680362001	0.500158864699493	29
0.007517405898403	0.716156860955713	29
0.04080026610001	0.480820605517241	228
-0.05724247527069	0.905835959701885	401
-0.0250448016068791	0.279597056391279	242
0.00945443373571597	0.753115044209485	29
-0.052310055374567	1.07344169859575	29
-0.041755120038348	0.277074668728566	228
0.034609900235328	0.535064025903988	401
-0.083869386202967	0.635908905666888	42
-0.058630788997161	0.938426184284542	142
0.000255056973738954	0.977041763787663	142
-0.098413012183804	0.496604279873565	242
0.11211106694139	0.518967139389843	67
0.031319384712429	0.525094062010316	29
0.096722592358213	0.593776658487524	29
0.02556571138558	0.656961959766834	37
0.124121293108255	0.698472946541371	29
0.080322881623235	0.708187991133986	42
-0.025614146902992	0.279913059585337	242
0.107510621985722	0.163742963398487	67
-0.027305164050353	0.288218637766352	72
-0.036549561776265	0.283542077282334	475
0.09005263146551	0.621588344637071	29
0.010851571389099	0.872875859658074	29
-0.0597971439375991	1.09616529332117	29
0.083031411205798	0.691431574923525	29
-0.05428702998443	0.867749294286665	29
-0.095699089139681	0.486685786566883	884
-0.101225293015658	0.54153413183884	1178
-0.097334373228215	0.392719303296688	29
0.121686003867957	0.507291033222851	29
0.103429147346587	0.701320830514073	29
-0.110293723200716	1.0452307136443	304
0.00458696298137196	0.791194239281463	884
0.116534756620855	0.535401647971911	884
0.05364880643773	0.445017084113663	304
0.077198454607515	0.340317171556609	401
-0.107309162026337	0.45985753044244	42
-0.030824300968471	0.287187108205516	42
-0.076975664294106	0.700267586986052	303
-0.091076558084322	0.473553701649961	242
0.0212882152831601	0.602683226895154	29
0.01358033880454	0.822684625585589	401
-0.0849477023587441	0.663683284448499	42
0.035886379949828	0.507755791124762	1178
0.0273051059431469	0.523768004103487	242
0.034872123715719	0.514096954668208	67
-0.097183620667161	0.497816109492811	67
0.055791842139111	0.434040831287209	29
0.058013718936404	0.424422984157999	29
0.051978072054555	0.426017525451593	29
-0.00219863333707404	0.931670397753755	37
0.026795560730859	0.506923988210233	228
0.09642409708498	0.623762094441235	303
0.011609453828462	0.906166649215597	303
0.073971721948932	1.30135691708474	142
-0.048584216475571	1.64373074386124	142
0.00712808844777302	0.809208455245672	142
0.096903479213425	0.625422543241456	149
-0.031849403214983	0.283680842236295	149
0.100307038068989	0.162601931105921	2024
0.107809498428198	0.161710387629989	99
0.075378008393562	0.342248055100551	29
0.01462198266463	0.727695240338159	29
0.052250272360035	0.429056276969503	29
-0.026740982487389	0.274741205559888	228
0.10915674864297	0.160134884536478	1433
0.055627613936434	0.419168557091749	149
0.10196263205565	0.162454516779564	29
-0.090488642299611	1.46720472787613	29
-0.096061405375846	0.491043828697371	228
-0.03302234654777	0.277624063329933	228
0.11116065894082	0.158048670727366	303
-0.027305164050353	0.288218637766352	303
-0.028498399814911	0.281825881396972	303
0.020790366715187	0.594134669032014	142
0.10951204064891	0.161545516971529	149
-0.0780974158912749	0.339551208510127	149
0.103305263129155	0.160883900344644	149
-0.035375350384672	0.289931372759217	149
0.10951204064891	0.161545516971529	149
0.107809498428198	0.161710387629989	67
0.106164448046751	0.165404098536463	29
-0.015778247743561	0.990822556261819	29
-0.027305164050353	0.288218637766352	29
0.08531416646701	0.336214172152613	228
-0.038826702393558	0.271830233885494	228
0.055123956958658	0.431920433907619	149
-0.08325140123189	0.569955915688739	149
-0.087838821026711	0.468165886462912	149
-0.036549561776265	0.283542077282334	29
-0.025548100671114	0.280697934253108	29
-0.029631553521776	0.277137412790688	29
-0.026740982487389	0.274741205559888	29
0.076477397839929	0.713674361054375	29
0.074730491623984	0.6634244157099	29
-0.084511860459457	0.679031262257718	228
0.08240875888724	0.333804774052949	42
-0.065108076662145	0.796211743444669	303
-0.03361160922026	0.290242048778392	67
0.082305980267712	0.329285601906759	29
-0.096924822802086	0.473424498995918	29
0.074277552158288	0.753732855722733	29
0.04027398119868	0.494742659985079	29
-0.086883378953274	0.695744162405099	42
-0.082792489807875	0.369402787200241	42
-0.0909990711722241	0.471070010113789	303
-0.099757767828317	0.48933768714315	303
-0.0673337969379591	0.85494476650674	303
0.018776355314701	1.19971613901166	142
-0.085356204759054	0.571851638950783	149
-0.0238552816570889	0.278682303607486	29
0.028316488611137	0.525868491028572	29
0.028836653844685	0.507147925642604	29
-0.050036995025408	1.04267220301563	29
0.012059518819511	0.705377604243255	29
0.023200952570524	0.784637632054555	29
-0.084807718559834	0.669519070501413	303
-0.0614071072956221	0.850192858701735	149
-0.0727264210670781	0.849675047930584	149
0.0795587215999281	0.349959468170089	1143
-0.09172017210119	0.570992314398998	29
-0.109874876077527	1.2691952633895	29
0.08462138478781	0.812600734579098	29
0.00592698184135398	0.758902889755882	29
0.0771636335465949	0.747609442466836	29
-0.092001966615698	0.389149240961068	42
-0.088300318711133	0.717962024383894	42
-0.06159497277391	2.3506012968685	142
-0.09480633535515	0.501674442008737	29
-0.070214202299154	0.765236953835733	29
0.047059153062898	0.986233922162188	29
-0.00789580718535898	0.964684847258692	29
-0.071205586412818	0.803501268644717	29
0.00977286838290903	0.778489534201187	42
0.013308181780197	0.778007503039817	303
-0.08395111455065	0.57066935314483	149
-0.0987046237220009	0.390441887103387	29
0.081370723474774	0.343548368482443	29
-0.017715941764071	1.01177121240797	29
0.024820091290771	0.655138324458047	303
0.0271280348584	0.574860415926483	303
-0.090958039933235	0.401616990682173	149
-0.027305164050353	0.288218637766352	149
0.10196263205565	0.162454516779564	149
0.106164448046751	0.165404098536463	149
0.11116065894082	0.158048670727366	376
0.106164448046751	0.165404098536463	376
0.071259380244329	0.756623526282917	376
0.10951204064891	0.161545516971529	29
0.100298505849165	0.974968520089748	29
-0.091983669996354	0.485424311054072	29
0.111922727379808	0.702581625281664	29
0.080595845732462	0.343106575046838	29
0.077736502612444	0.331031448058024	29
0.07406497718773	0.724081115662203	42
-0.084103742497121	0.569291597431263	303
0.034872123715719	0.514096954668208	303
-0.093129509646734	0.388823474535977	149
0.106164448046751	0.165404098536463	67
0.10915674864297	0.160134884536478	376
0.103305263129155	0.160883900344644	376
0.107809498428198	0.161710387629989	376
-0.084505143153349	0.395488792215213	42
0.124885870829872	0.48622368080309	29
0.023083940636516	0.660985446676875	29
0.03059587004408	0.521834802830792	42
-0.034785185175538	0.283807885980878	379
-0.031384221241339	0.281582131382678	376
0.0478802961868911	0.437591265638596	29
-0.08522387100386	0.661944029704953	42
0.107809498428198	0.161710387629989	42
0.044430307871534	0.430153415571756	149
0.082562279979871	0.341193389803571	42
-0.075951060618811	0.62948988202167	29
0.087141273766148	0.331885841106695	29
0.013700174402262	0.697683139703943	42
-0.097378817315066	0.453937895644882	42
0.02580605578178	0.493762908678586	19
-0.085916024198376	0.727436432012226	303
-0.09480633535515	0.501674442008737	178
-0.098197339902642	0.493702688751564	149
-0.081992811781452	0.384415634167884	149
0.106164448046751	0.165404098536463	379
-0.086520097545764	0.380271526006396	67
0.084135683507975	0.345768078838367	108
0.107510621985722	0.163742963398487	42
0.084135683507975	0.345768078838367	42
0.027722560425427	0.588810852407757	29
-0.095699089139681	0.486685786566883	19
-0.088212321712895	0.568272834428163	303
0.079962345928084	0.66990819877576	303
-0.0883972178356121	0.561098790838246	178
-0.027305164050353	0.288218637766352	178
-0.03361160922026	0.290242048778392	67
0.106164448046751	0.165404098536463	108
0.106164448046751	0.165404098536463	376
0.10915674864297	0.160134884536478	376
-0.092565303229816	0.491946373024326	42
0.024309939081978	0.596185130152071	990
0.011533595284913	0.867289176700854	29
-0.0917678810356371	0.386960631460696	19
0.10196263205565	0.162454516779564	395
-0.041755120038348	0.277074668728566	19
-0.084815887468594	0.391993482604686	303
-0.081515208859603	0.372974023356044	149
0.10951204064891	0.161545516971529	108
-0.104601402818448	0.47613028586914	42
-0.035375350384672	0.289931372759217	990
0.00866770134375405	0.659776996764442	29
-0.094110961422457	0.572093697069134	29
-0.089260453723205	0.393194546848372	42
-0.032018250277475	0.280909151217907	42
0.10196263205565	0.162454516779564	303
0.055284324968159	0.43246850511969	303
0.10196263205565	0.162454516779564	1166
0.10196263205565	0.162454516779564	80
-0.030824300968471	0.287187108205516	379
-0.03302234654777	0.277624063329933	42
0.11116065894082	0.158048670727366	29
-0.027871506351588	0.279214794580025	29
-0.068912665823572	0.709322802789746	19
-0.102095571685502	0.365851293596647	19
0.077192787303726	0.349643710125301	303
0.10951204064891	0.161545516971529	80
0.107809498428198	0.161710387629989	108
0.10196263205565	0.162454516779564	108
0.106164448046751	0.165404098536463	42
-0.0585759337876171	0.901660012538538	990
-0.030320030158737	0.271787055718822	29
-0.03302234654777	0.277624063329933	29
0.0787761352582001	0.342052651409614	42
0.106164448046751	0.165404098536463	42
-0.092334741942421	0.4050383296159	19
-0.031384221241339	0.281582131382678	144
0.105862327314304	0.15938672368822	108
-0.0898254676731241	0.39925555085867	108
0.093657054020135	0.588398153861236	42
0.104799154237808	0.538391368783377	42
0.0433552874665299	0.423878546212705	42
0.034234379371395	0.506473736630774	42
-0.03999003478929	0.281119023278196	19
-0.078685203696272	0.366283996342318	42
0.066459349584589	0.77612086904308	42
-0.097574993399617	0.388277673602485	19
-0.0296249121207171	0.275479486957074	42
-0.050293533271217	1.00571365274635	303
-0.02680154360055	0.280831111550184	178
-0.092334741942421	0.4050383296159	42
-0.088942626789325	0.574384952906108	42
-0.052800989462603	1.03578083003228	42
-0.082964167123589	0.722327237062945	42
-0.09006820060082	0.388641726933892	42
0.107510621985722	0.163742963398487	148
0.103533024596096	0.536004632730264	303
0.04410146748865	0.433179898236408	438
-0.085058548507807	0.382665900386047	108
0.10196263205565	0.162454516779564	108
0.099413678294488	0.153713929928594	108
0.103648287859847	0.158948670390298	108
0.097413232773498	0.155611636332248	108
0.05398430725904	0.42427330601886	42
0.096979249037116	0.606173498898528	42
0.019743720905144	0.660842603335112	42
0.079000721903056	0.340737713866788	19
-0.08005400864414	0.369949621084225	178
-0.0238552816570889	0.278682303607486	385
-0.031849403214983	0.283680842236295	178
-0.083366414393369	0.385386980527353	385
0.10196263205565	0.162454516779564	108
0.082562279979871	0.341193389803571	2351
0.036191812947094	0.974617600367506	42
0.017105072474743	0.766131230132007	19
0.047723304311215	0.4220641488723	19
0.105862327314304	0.15938672368822	19
0.096075290091851	0.157031807796804	19
-0.0290638964268311	0.289518739243686	19
-0.028498399814911	0.281825881396972	19
-0.031849403214983	0.283680842236295	385
0.107809498428198	0.161710387629989	385
0.11116065894082	0.158048670727366	108
0.11116065894082	0.158048670727366	2277
-0.067052391670288	0.79476087828391	42
0.082556727911601	0.343718998039652	42
0.0787761352582001	0.342052651409614	19
0.10196263205565	0.162454516779564	19
0.106164448046751	0.165404098536463	19
0.106164448046751	0.165404098536463	620
-0.09480633535515	0.501674442008737	438
0.036268864522745	0.505051467036565	303
0.116550377910266	0.533888233661696	303
0.05150344108581	0.444343131245818	438
0.107510621985722	0.163742963398487	108
0.10915674864297	0.160134884536478	108
0.038539482764726	0.496056692986402	108
0.075378008393562	0.342248055100551	181
0.096075290091851	0.157031807796804	42
0.058182853485817	0.425981360706369	19
-0.121119269396806	1.01017067528447	19
0.082183334831074	0.865181180782296	19
0.10915674864297	0.160134884536478	19
0.106164448046751	0.165404098536463	385
0.10915674864297	0.160134884536478	108
0.106164448046751	0.165404098536463	108
0.021173430716132	0.60497590983443	108
-0.00856066837307601	1.13753516632281	181
-0.098300512681231	1.28780722036444	181
0.10915674864297	0.160134884536478	42
0.0342152661187281	0.50124519678742	19
0.082419531637168	0.66573662252766	19
0.120557384622387	0.520907154852085	19
-0.0967206629501	0.486910129554311	19
0.107809498428198	0.161710387629989	19
-0.095089058281386	0.400615562120894	438
-0.089867264808577	0.389134108537863	385
0.106164448046751	0.165404098536463	385
-0.02680154360055	0.280831111550184	108
-0.02680154360055	0.280831111550184	108
0.106164448046751	0.165404098536463	108
0.10951204064891	0.161545516971529	108
0.106164448046751	0.165404098536463	108
0.097417642148896	0.60287246870538	108
0.107861246730386	0.157338749699546	181
-0.0296249121207171	0.275479486957074	42
-0.036001213166729	0.268963760153547	181
-0.092817747523735	0.579139319447082	19
-0.100755582139838	0.289107518966121	19
0.023185686185014	0.581686875212983	19
-0.035375350384672	0.289931372759217	438
-0.030257488020119	0.283070259872901	385
0.106164448046751	0.165404098536463	108
0.107861246730386	0.157338749699546	108
0.013546931297975	0.653950717416168	181
-0.09989223625105	0.48368785639273	181
0.020573368455056	1.06272161246717	181
-0.045783104457559	1.06058616793877	219
-0.09289175304701	0.380064546915701	19
-0.031849403214983	0.283680842236295	19
-0.062024094337512	0.875386735446663	19
-0.086759507745454	0.397485880203821	385
-0.092575454322084	0.402273555476324	385
-0.025548100671114	0.280697934253108	385
-0.025548100671114	0.280697934253108	108
0.10915674864297	0.160134884536478	108
-0.030257488020119	0.283070259872901	181
-0.085936613213034	0.562725107329144	181
0.023308075147228	0.597270456628391	219
-0.094104573867099	0.41771488248948	19
-0.03361160922026	0.290242048778392	19
0.022723061640195	0.728061039068046	19
0.074198145650899	0.342166078225411	19
-0.090074226278844	0.476887443641493	19
0.027004632010081	0.566986801375407	438
-0.026113129457213	0.277995185358117	385
0.103305263129155	0.160883900344644	108
-0.027305164050353	0.288218637766352	181
0.022677163384577	1.15130431189819	19
-0.092801374280761	0.5474202380113	19
-0.033145057126805	0.281327417977169	108
-0.0290638964268311	0.289518739243686	108
-0.027305164050353	0.288218637766352	108
0.08490468400413	1.05653698672468	181
0.020228256904552	1.31028821341252	181
0.100949859091983	1.18839000143277	181
0.0700182471633281	0.319854980719915	181
0.017938061456668	1.05452701282258	219
-0.100937196439281	1.19451850322478	19
-0.113016696975514	1.51121220400366	19
-0.088750586825898	0.593526190533136	19
-0.02680154360055	0.280831111550184	19
0.083742303029985	0.34178724806317	19
-0.026740982487389	0.274741205559888	19
0.060643893430781	0.753507549082876	19
0.087757934085953	0.814092606417826	108
-0.018680127745824	1.0499151967095	385
-0.047309569262218	0.980246708783895	385
0.066717151434645	1.16307248223178	181
-0.019685577504859	1.28394714762358	219
-0.025135941992937	1.50753675537311	19
-0.088401649305919	1.81202721219666	19
-0.106893415221791	1.57904161325622	19
0.051117407566908	0.43510357147486	19
0.0478931416196911	0.852661657935299	19
0.107314539531246	1.05317490090731	19
-0.047706755221291	0.937829536337581	385
0.059999573878321	0.828231690418143	385
0.0883652223704841	0.686319242090374	385
0.109183514145271	1.14431674314798	181
-0.061575882721032	1.63880482258389	181
0.00593851850924798	1.48887249342945	181
0.062840693942091	1.21002656059476	219
0.026034567178285	1.68398187343777	19
0.116502524229415	1.00444161771403	19
-0.065563584308724	0.863735557217308	19
0.010104056589231	1.21521541716434	19
-0.0453502918259731	1.58468345376765	19
-0.094583039500502	1.54271602927431	19
-0.100573660121044	1.53620656991126	19
-0.052973118341498	0.821155349530601	19
-0.066668448382549	0.802087834898578	19
0.084026475609375	1.58248490175327	108
0.110350024480923	1.37460817225828	108
-0.121886556532848	1.70669396130765	108
-0.085439672675942	1.95615136233108	108
0.031190452141652	1.1973508072899	108
-0.0423538943534419	1.45723318292274	108
0.067804570938122	1.01564222486648	108
0.00724218881002603	0.941253092286102	385
-0.117207936642962	1.09036987717298	181
0.091066799939869	0.600820338758091	181
-0.074768572617524	0.847788524093966	1061
0.078241351118191	1.30223346201917	181
0.085917284006743	1.01028116061631	19
0.112398345872692	1.1453119394159	19
0.067889984544904	0.758429166684994	19
0.028320016012667	1.0829460895043	19
-0.042745319285579	1.30884652212547	19
0.021352541794227	0.663046357022481	19
-0.0315741503411821	1.20792210285201	108
-0.0570788285835761	1.06491513501989	108
-0.065966561576276	1.11397630581901	385
-0.072799146294057	0.834671652469124	385
0.116066272021752	0.743484364810072	385
-0.098119552527279	1.05765806749196	385
-0.061827137942553	1.12506841692171	219
0.098295120739204	1.03691523427674	19
0.06490532506656	0.957165202104104	19
0.114494584020927	0.749257281505119	19
0.0861603382841371	0.593048261346395	19
0.054312462590994	0.860083252940805	19
0.062957325351053	0.964517903903469	19
0.085287640213953	1.14688208101941	19
-0.087684624054286	1.3322395265818	19
0.120066432405489	0.704905984368321	19
-0.116910633879556	1.39552633412472	19
0.025739690522614	1.14714873270239	19
0.069299609533044	0.749203608591308	385
-0.10946736422194	1.40964426541284	385
0.077147318463451	1.13802127533775	181
-0.114938298986264	1.0653756411278	19
0.037082347927794	0.926766375658778	19
0.029938339402817	0.52984740857247	19
0.104509326990506	1.29021650490961	108
0.0809334236077151	0.713611027778999	385
0.105408587148171	0.521595519995351	385
0.121668339431961	1.38238536867158	181
0.083858959411773	1.17991553231394	181
-0.0800182991090041	1.30941394601893	219
-0.035328266497704	1.36060985050685	219
0.066040640202497	0.901978979773444	19
0.020483677180846	1.30706677723865	19
0.036055250601402	1.10394704274039	19
-0.049474050252783	0.937564643669628	181
0.090798768340391	0.835083271016988	219
-0.110360705317276	1.03509057728682	19
0.080032561269037	1.93478626843079	108
0.116563680580338	1.50499789808208	108
-0.087577890227112	1.79372357905804	108
-0.019860098712649	2.08830910189436	108
0.085746555602877	1.15680057214039	181
0.114081940856364	1.26223073246441	181
0.09889151271333	1.11068977147218	181
-0.045618306241504	1.3630776308053	219
0.062124823121097	0.761045170458331	219
-0.076081760379545	1.11964434425894	219
0.035193741868216	0.939706550017399	19
-0.0901629461522711	1.12099880891433	19
-0.119494539633819	1.26763243608138	19
0.10248362410007	1.87665727728516	108
0.016787662440387	2.07275347244544	108
-0.094905441872682	1.76588437818692	181
0.115689831939572	0.506358463247336	56
-0.103537082598478	0.53301072916963	219
0.117373635105775	2.29537692342011	108
0.058114510204559	2.08300137648722	108
0.015432400876825	1.63490034865489	181
0.112597254990206	0.821909114589031	181
-0.091040728186529	0.656144018717731	219
0.0747442421692071	0.721453694329248	219
0.103631657227949	0.768258982205727	19
-0.024328987947247	1.13341206417399	181
0.123472908496336	0.699885976287226	181
-0.100816062417233	0.549761965486453	181
0.075378008393562	0.342248055100551	181
-0.086449371406221	0.592395805430661	219
-0.094838540503249	0.388651413633221	219
0.075344981419318	1.10993729683006	19
0.090066956254529	0.652666040888848	19
-0.117972318344167	1.1637785256189	181
-0.0577302597364811	0.91818369612423	181
-0.085631228810235	0.387312444851754	181
-0.030257488020119	0.283070259872901	219
0.052576415243053	0.445999250788884	219
-0.087803117365934	0.65930636783129	219
-0.041204701682742	0.925980758476399	19
0.078824746807872	0.655675843654742	19
0.084293871785532	0.96256455643049	385
0.066621576359476	1.22690423469762	181
-0.096615009202861	0.476452699821427	181
0.11116065894082	0.158048670727366	181
-0.094472085042818	0.487812374671431	181
0.00567456403773103	0.881141597144476	1491
-0.059001871179118	0.888921505195973	19
-0.061265986582165	0.762425748755783	19
-0.112399578742698	1.16581680072384	19
-0.104825825749552	0.35983240017187	181
-0.0908657320798399	0.396538986288394	181
0.081546817718416	0.657967651302036	1491
0.022708030760748	0.662758566515733	1491
-0.105985988553292	1.6576863427453	19
0.121773009662333	0.707102297423768	801
-0.03361160922026	0.290242048778392	19
-0.089079507740487	0.564131238610539	219
-0.09516320900917	0.48242749034405	219
0.096196994275208	0.601544481279524	1491
0.094570181611879	1.14806397743229	181
0.080804776472313	0.87872626546165	181
0.101657618589924	0.768791287793675	219
0.092128425491509	0.594665798632179	1491
0.052018529610722	0.431476370132966	19
-0.0643990140898541	1.23136036225509	385
0.048602793614083	0.410661654926805	219
0.024449796525126	0.640006746865625	19
-0.0813993251179	0.709435719419094	19
0.022910765062949	0.593332071399518	19
0.001791972259512	1.8426931401966	385
-0.024497610013257	1.76038635501235	181
0.075378008393562	0.342248055100551	181
-0.063949216854532	0.780281299125192	2
-0.064828443787041	0.853078139068378	19
0.114542890658656	0.883141084675908	385
-0.08812796538128	0.400855897121907	181
0.055612036358574	0.407147129134566	56
-0.079008735129096	0.724859736197351	219
-0.083138627998895	0.725706114338175	2
-0.083678101700857	0.6567613408876	2
0.033373172427523	0.513482319129007	19
-0.076446981443393	1.38382381439219	181
0.034857679718468	0.530157462454675	181
0.014422926417734	0.725016627091215	2
-0.101013698868347	0.489135599485427	1491
0.0261821388283821	0.609491192309603	19
0.00294233839904501	0.813711566380151	181
0.078375485348951	0.345359498418921	56
-0.093199052897607	0.582734686905603	181
0.119702413466946	0.625760520842504	801
-0.034552443308877	1.16187954163048	181
-0.094255269113771	0.381855095886807	56
0.010705007678018	0.572282983313964	219
0.113362678163437	0.527034630299121	219
-0.102473555286724	1.87590745426473	181
-0.036549561776265	0.283542077282334	181
0.0963229828800401	0.799804879357245	56
0.033997843795903	0.507452742662612	219
0.035251638542285	0.522544723111528	219
-0.08448210006378	0.535731238855346	219
0.015934123154706	0.64916428290138	219
0.00941710169701304	0.774891813144216	2
0.021414037546311	1.48865815117995	181
0.10915674864297	0.160134884536478	219
-0.0771271042153721	0.751374205890592	2
0.0521586394322871	1.21932458345681	385
0.124799515728557	1.20601989135284	181
-0.0367978457936971	2.0103870934183	181
0.082183855005961	0.326250328309663	56
-0.084505143153349	0.395488792215213	219
-0.109674836976422	1.0619955649201	2
0.060845734634566	1.06174794803615	2
-0.114864337749772	1.29202398084418	19
0.040665553068546	0.415728729043827	2
0.078375964418123	0.351061903937463	56
0.016929811948655	0.679613497896674	2
0.066223376710337	0.755020475282701	19
-0.072477761636547	0.698346004518511	19
-0.086988590600088	0.567392198869701	2
0.00944964000711401	0.729929890862465	2
-0.123535892393452	2.03837885538833	385
0.094702763416805	1.74102033960963	181
-0.115823523999788	1.91353112807474	181
0.049874652600289	0.440372825127046	56
0.082956788129497	0.349761826454807	1491
-0.01265906252811	0.930476117481118	219
0.071415884539258	0.757601144097694	2
0.056735883379199	1.10066717760199	2
-0.073065636005099	0.729053881266083	2
-0.060616019148116	0.875928733397462	2
0.0778126721460291	0.336181554556844	2
0.122262383075484	1.30216871305244	181
0.076854277184043	1.09717967792112	181
0.034374839677324	1.10917622697151	181
0.068047261825535	0.78539447299043	56
0.082556727911601	0.343718998039652	385
0.099345371331545	0.998849890382746	2
-0.054479023770916	0.824021528491933	2
0.110178665055725	0.526569187050757	2
-0.062451371343303	0.830688307200038	2
-0.0197226312354	1.42263893193822	181
0.051117407566908	0.43510357147486	181
0.118863635123429	0.522895214929524	2
0.00362821201446695	0.929713777047901	2
-0.112725336537693	1.23309986863777	2
-0.098544553043766	0.466566462522385	2
-0.018839732741489	1.31329279728304	181
0.117685314073345	1.39637625607763	181
-0.0250448016068791	0.279597056391279	385
-0.00748311603714302	0.971200699703282	2
-0.085880901101783	0.393674320425682	2
0.027662886533368	2.4919167285267	181
0.082210316499442	1.13871014292717	181
0.0515007874166989	1.24401023060822	181
0.01936182223375	1.93464346082393	181
-0.052776102161616	0.975664344149272	385
-0.024372155018898	1.33647033718995	2
0.066459349584589	0.77612086904308	2
0.116655526281201	1.62722982051865	181
0.0378126381202411	2.22723211960127	181
-0.0510064744015289	1.04802086494553	1491
0.102940625258625	0.863999455144333	2
0.114364824693193	0.742863670863667	2
0.121670213603671	2.27434928861036	181
0.108694189014201	1.81179547830491	181
0.067835177721749	2.12255765028528	181
-0.04445317107314	2.32513402787063	181
0.101323730482315	1.27484117198495	181
-0.051572625129497	1.70508946684607	181
0.106632490543899	0.529701182088527	1491
0.078102381291369	0.723557611373988	1491
0.0939005736035759	0.586972858686612	1491
0.095316737432941	0.59790118642889	2
0.037881668270326	0.916172033447511	1491
-0.041755120038348	0.277074668728566	2
0.00647986116333199	2.23779655465977	181
0.100166277246326	0.908975271524917	181
-0.071500448818251	0.726318874518791	385
-0.071745098810422	0.721418803547866	56
0.050265635506938	0.443424217213647	1698
-0.04891786305035	0.933329599663542	1491
0.109971254284115	2.03209499123416	181
-0.089363713202238	2.16674915214009	181
0.054676770238494	1.09402372039259	181
-0.075511163604326	1.90523975390493	181
0.104242401310042	0.770553842102619	2
0.010362666159484	0.652894446411284	2
0.107510621985722	0.163742963398487	2
0.095592708585442	1.67360667378269	181
0.045400506644338	1.6247326106536	181
-0.018879338294026	1.89783566913495	181
-0.097092611051121	0.381095801494915	385
0.023015071725774	0.684866586201332	385
-0.041155007952577	0.275319188525736	125
0.11504970993349	0.691275182963491	2
0.11134931098156	0.544809060639696	1491
-0.0967206629501	0.486910129554311	2
-0.083173817499586	0.653255433703659	2
-0.0504161288381491	1.98673739954317	181
-0.059163628943982	1.63068726049539	181
0.00408067632785403	2.23669113602233	181
0.0816349383827431	1.93103489009434	181
0.106386477081083	1.72381167586524	181
-0.095398391204338	2.08467219754712	385
-0.078633909226097	0.744170956807361	385
0.060564222961307	0.402759416916559	2
0.056779247196823	1.74899258121889	385
-0.0678795997720451	2.13873797900462	181
0.081848022716372	1.64021058215802	181
-0.035011102702212	2.04817688934884	181
0.11116065894082	0.158048670727366	385
0.019738595502626	0.670719260150781	2
-0.041755120038348	0.277074668728566	2
-0.001712027380253	1.79147725411196	385
-0.095964405254967	0.390833786284669	125
-0.080212411431544	0.742778934310338	1698
-0.046073169257895	0.885473427163014	2
-0.117491419897134	1.11039812663792	2
-0.0593997964895871	0.902702306608106	2
0.101374743563467	1.75119840419622	181
0.087139785369816	0.34180259658724	385
-0.071678704075832	0.855327700574514	125
-0.066606700787803	0.749670218866552	1698
-0.0866649189004381	0.714333875792117	1698
0.020782201631664	0.662134961401816	1491
0.123922114299038	0.951640719312022	125
0.077980171536904	0.652121628927375	887
-0.028498399814911	0.281825881396972	125
-0.113880108233889	0.990375767522751	1491
0.0409125756697	0.865023774318342	1491
0.098424452679385	1.07339312647855	2
0.026078276022424	2.25819338481452	385
0.110520712260292	0.537849727808831	2
-0.099429680362001	0.500158864699493	2
0.080639879419089	0.740033150490523	1491
0.086736229190712	0.785594017465304	1491
0.094169857232929	0.942796800613379	2
0.097612145796301	0.608903785858406	2
0.027972201001103	0.507547519828574	887
0.002808769370514	0.937392477865945	2
0.047560251621811	0.439198057292984	125
-0.0584300190336941	0.870499504738625	887
0.021394167619623	0.752977049808485	1491
0.101237143667607	0.600111779370171	1491
-0.098596514736157	1.07711042238029	2
0.110225532488646	0.534786320182712	1491
0.011952594345737	0.753650502916602	1491
0.0179204453176059	0.724452919938835	1491
-0.061991688945152	0.851135848723904	2
-0.051169486340111	0.85595026957669	2
-0.121122595682161	1.01552276098664	2
-0.035375350384672	0.289931372759217	2
0.106693384237377	0.762302345526265	125
-0.12157520214741	1.13429167153638	887
0.116725131361326	0.52995544142943	2
0.04870158287316	0.85600749369609	1491
-0.061173801395526	0.922769215037128	1491
0.11096834483963	0.546437902772267	758
-0.053428658304281	0.941264416753167	2
0.021872940170672	0.797462929121601	758
0.00132366768278402	0.73980200787777	1491
0.075489463377832	0.899044095727908	2
-0.080373232256889	1.39093018822823	887
0.013511476549306	0.717093322600453	1491
0.08124764096226	0.706417947210288	2
-0.028325794096476	1.05257193714308	2
-0.081758524863803	1.42785715415413	2
-0.049330603412603	1.08167802676033	887
0.069098319068427	0.719940668737499	887
-0.071380506934528	0.721325477750326	2
-0.064364623480375	0.840996413018868	407
-0.013362546547307	1.08130064177729	758
-0.00270392463146496	0.96834734919907	758
-0.053764242188839	1.0460797654101	2
0.00804620509065801	0.878241966531025	758
0.0000407311684059719	0.75873000923761	758
0.00570534029068504	0.718398337744265	2
0.042168865907251	0.412946741865667	2
0.101398737661615	0.952897765604052	2
0.00637354727870498	1.23071631862511	758
-0.06099266571945	0.927414363608382	2
0.00120193138309099	0.843035937152655	2
0.0615585067571141	1.5062178231575	887
0.11972156089584	1.65251850511558	887
0.058013718936404	0.424422984157999	2
0.002852435087903	0.72186385622975	2
-0.088212321712895	0.568272834428163	2
0.035379347972874	0.527054047094502	2
0.115712816386657	1.4476194944418	2
0.112213948971429	0.762267320150644	887
0.00821879853511598	0.73592224930649	1100
0.070161052726604	0.734482129334706	887
0.052412176253763	0.444083300773306	2
0.0275725123855231	0.508933244929178	2
0.108562720813808	0.711724793579442	2
0.086702978860863	0.699101536543577	2
-0.108870859254895	1.51313207290778	2271
-0.051877573372168	1.7168957096763	1100
0.100009127089995	1.19262765560474	1100
-0.120034001126433	1.95124691830858	1100
0.038822686613544	1.32094845194334	1100
0.027115114789199	1.41149213408874	1100
0.11779024058233	1.26320338204912	1100
0.102288936359735	0.777992656333799	758
0.024954929885282	0.598875440231877	2
0.083007818357932	1.20534651078478	2271
0.095557802521976	1.71018540251245	1100
0.092129804725384	1.10055726213837	1100
0.072597549270948	1.21712322208845	1100
-0.052742221546093	1.45442008292509	2
0.020535082812522	0.590643038779374	2
0.104777294709227	1.8318520019215	1100
0.0999991369372441	2.01933986583006	1100
-0.03274156145712	2.08178215174699	1100
0.027122319162003	1.73496784820412	1100
0.11130777263637	1.84325446713198	1100
-0.014508006307531	1.17906381519931	283
0.106228594075756	0.778392772108988	283
0.0774320258133669	0.633881976865012	283
0.119245501522933	1.37825792807571	1100
-0.00368332701188401	1.83034914429756	605
0.03625692268979	1.54095213276701	605
-0.012849134977895	1.96931210661594	1100
-0.055342356138043	1.88706809032912	1100
-0.081414939489878	0.551029007433788	283
0.104517232406286	0.160931846851905	283
0.059656223973132	0.416543135212764	2
0.094720948200251	1.99085091137106	605
0.00451522730694798	1.12861020710231	283
-0.029731977797862	0.266310409786907	283
-0.015444684007508	1.29571940766822	2
0.060047494122971	0.699451263534003	283
0.079704616062192	1.95244749139455	283
-0.068856824785108	1.68544570819358	53
0.07060362220578	1.20305373605174	53
-0.094255269113771	0.381855095886807	2
0.124471737027153	1.79215636195066	283
0.00944545609549696	0.782262124154014	2
0.104595202763823	2.32642015326008	283
0.102310271823506	1.10414040560206	283
0.090698519712634	0.599189191135069	2
0.117361452311437	1.09770179591274	2
-0.039925216119287	0.977639567910949	53
0.077466656702586	0.647861551672566	53
0.043725383032908	1.01110954730979	53
0.093317095531165	0.900509789822187	53
-0.092500664157403	1.40667466208689	53
0.074688360533683	0.767845591765143	53
0.00219580036467304	0.927867777124956	2
-0.103361094943879	1.07735953867716	2
-0.00965720802453096	1.61916118685352	53
0.033882074269926	0.982194431410717	53
0.117381586490193	1.64841694696049	53
0.075766311031561	0.888939835924305	53
-0.029039303411031	1.17634331979653	718
0.050575126617338	1.57655565557932	718
0.086629029451639	2.36816957808244	283
0.043460399189604	1.16037275415052	718
0.00538784696192796	0.949743052011025	718
0.08721623107018	2.48662560093772	283
0.100199142132081	2.4832896398483	283
0.115576455819754	1.45895846547615	53
0.120554047755286	2.34275750242882	283
0.05313037080507	1.40118316154896	53
0.049649201530475	1.20829489550792	718
0.017781095103002	0.752944214297543	53
-0.0198822743373001	0.993560447354077	53
0.090889422513563	2.46717011557705	369
0.074019866875915	1.11649190911797	53
0.050087926089271	0.975457267827756	53
