x	y	clickSelects
-0.122395781391221	0.206681567866676	279
-0.123646307210599	0.202693100319571	279
-0.124536666565925	0.205616970479736	218
-0.121145653824998	0.202606753467576	218
-0.122395781391221	0.206681567866676	633
-0.00681895571684399	0.312095506310858	66
-0.123978979030623	0.202441140232469	7
-0.122053292256754	0.190537165312293	116
-0.123507587630809	0.190987459493543	16
-0.016514891652788	2.21548949238217	44
0.112688063252974	1.64481622291623	140
0.006390835261608	0.584140883829406	140
-0.021469557027531	0.700266130373049	44
0.00290202724062405	0.321256926493172	44
-0.037839777453166	0.78325132320229	279
-0.103609614532077	0.546170438619815	279
0.0617720254969339	0.703521584621174	218
0.054094956621391	0.961930123640297	218
-0.066960165170106	0.696394104994426	65
0.057450953964504	0.835532593758131	65
-0.106078962014509	0.730329202746787	633
-0.123978979030623	0.202441140232469	293
-0.002736714623501	0.306535499683203	46
-0.120588450743308	0.202901816700143	10
0.000251847046398024	0.326209238316887	847
0.000962279875037053	0.326134141383306	7
-0.052901007266011	0.574187871992825	7
0.00493182889980304	0.58037817303682	116
0.113213813654916	0.81628385475343	116
-0.120528041928641	0.566231363856397	116
0.068560782881857	0.609867513765337	809
0.065038258590735	0.612035291834746	1428
0.08668117460659	0.456235801927897	16
-0.084664009400497	0.430395533800606	256
0.0836199179685701	0.453161809750139	126
-0.004113386945095	0.844063436263667	357
0.063321378163275	2.34558207189198	140
-0.039000173415933	1.69024762178481	140
-0.119705257970442	1.42070291607091	140
0.111294780977785	0.847367021997319	44
-0.091707203879833	0.754331783346988	279
0.069075170047717	0.744516790183778	106
0.088174914303176	0.464340321863489	218
-0.120238977315936	0.29994852930166	65
-0.117841835087697	0.301329793861255	65
0.00359617938303403	0.554686930659732	65
-0.080415355093611	0.437109035764081	57
0.000962279875037053	0.326134141383306	57
0.047960913677689	0.669322095298727	71
-0.071960348882176	0.78696854187733	46
0.079916259502956	0.586563777560037	7
0.099148980058001	0.454033298028048	116
-0.0153219533432301	0.397680788716575	116
0.00249065073031596	0.328528115687303	116
-0.010877264111034	0.453549116534724	116
0.087818723724715	0.459397660093533	116
0.072112889948216	0.581943551992197	809
-0.032177672691713	0.681779453596663	256
0.0634718470867241	0.741867465172251	256
-0.123037124310935	0.291538953028874	373
-0.0749017278597111	2.34529582082376	140
-0.057282801371927	2.35322072690831	140
-0.043954037154455	0.934968549046046	44
0.062267354044351	0.857596949918918	44
-0.066158487044213	0.670725034192296	279
-0.07918376431659	0.439949895478888	106
-0.088009602050933	0.567822251505323	150
0.066253667885567	0.818493968016462	218
0.071671401840632	0.586151027448512	309
0.069874077295062	0.586933388772192	57
-0.100198236725168	0.765155380711575	71
-0.093457952986611	0.760480864763554	293
0.00491453440158796	0.700921998941597	46
-0.00581777044184195	0.448640515047614	39
0.00418853087410698	0.706249195602655	7
-0.0885489285471131	0.550417215362152	7
-0.074279812934675	0.430327626243542	116
0.092373534988159	0.470771760675862	116
0.057181267247516	0.707345441022908	809
-0.0936618771829369	0.558379263825117	256
0.035018831151353	0.920035036730487	256
0.016165081318902	0.714487037293306	256
-0.040359777767333	0.573263535221903	3
0.121863918043137	0.761568343814639	373
0.071034782003643	0.59814140533967	373
-0.082143044795956	2.34948687217506	140
-0.0257121587883991	2.22767816927015	140
-0.059054263561431	0.799555581328031	44
-0.00364227764240099	0.819614629876391	279
0.035110260791518	0.815242517079587	106
0.09359352083688	1.16204402450754	218
0.099681802931325	0.946687448023252	218
-0.00173850535166897	0.585991269644528	218
0.075081614071835	0.949887107965849	218
-0.0896274517239301	0.583601541352037	218
-0.095900170695584	0.827922907859336	218
-0.00215268548871606	0.600064936645885	65
0.07254887522898	0.794173382424586	65
0.107146937185689	0.982595864806147	65
0.068744766213371	0.610158627158865	57
-0.082526065840554	0.442412018656841	57
-0.105906086227261	0.633769313547269	71
0.067532859084822	0.597020205678978	46
-0.05256754282244	0.556348292259813	46
0.121048707635907	0.87862289001422	46
-0.095249997367818	0.561599796407322	10
0.107110124124407	0.774320341973268	39
0.11233273674694	1.37557593755596	116
-0.092332830903375	0.663206735258895	116
-0.083254094952257	0.426545220746689	116
-0.12183926934969	0.199117754874169	441
-0.100829939289202	0.760355628123119	16
-0.088760037533272	0.676787532698192	256
-0.0137017152564221	0.787521857716174	256
-0.014139545181918	0.435547626032676	3
0.063805856019383	0.605241674890832	3
-0.012041649445203	2.49937379174823	140
-0.038297356922827	0.563616537450231	217
-0.099074153064463	0.669998844073235	217
0.00237560898882105	0.320468397683853	106
0.100332067937139	0.45319432419977	150
0.076754517370099	0.727654886058941	218
0.00290202724062405	0.321256926493172	309
-0.116850016586578	0.293408294113004	65
-0.00418028214440802	0.322704336250723	65
-0.103284184252881	0.761253163572029	65
0.068512648486123	0.586430243147309	65
-0.094077179373302	0.405026458133725	65
-0.108338336121457	0.771700557262591	65
0.00137255800035596	0.328960641569524	57
0.096947736890026	0.465286922397116	71
0.018930911196771	0.81669440257034	71
-0.00432021173888997	1.09218797186694	293
-0.016565403118758	0.44088029242711	46
-0.120238977315936	0.29994852930166	46
0.0907643409603029	0.426245416325357	46
-0.122827594293196	0.631304720282796	46
-0.066998430895548	0.916588898035972	46
-0.080330616333844	0.566074330593059	1426
0.103038741715178	0.970793955262915	46
0.089230283631892	1.29130233709987	39
-0.000290078696998042	0.327976123435365	39
0.00485956488016603	0.329679738407149	39
-0.0558164790170021	0.554733630774832	1098
0.0659102458142909	0.726712236615319	6
-0.0228266702326519	0.895608341787257	6
-0.122395781391221	0.206681567866676	116
-0.122729362829362	0.20187306156162	116
-0.12183926934969	0.199117754874169	441
0.00526664916119402	0.334388877016082	256
-0.031460113456295	0.705954291965214	256
-0.122246121245989	0.571991515496551	3
0.00415061114213	0.33272994375613	3
-0.12183926934969	0.199117754874169	373
-0.027330667391542	0.790450277105198	44
0.00440222947801205	0.774883399011726	217
0.00439288648110103	0.593402948010719	106
0.06742822795798	0.753107486368737	150
0.120109815071645	0.867152544394352	150
0.00612828961369305	0.706173051314765	218
-0.06270585659412	0.790008461122154	891
-0.085957800669322	0.674373394635758	891
0.119278740873959	1.1579611314889	1782
-0.106440098707622	0.74553137669115	218
0.111345562904934	0.959285762094944	309
0.059666617284688	0.586829003590366	309
-0.0459532136968161	0.579515359826168	65
0.0252641316065501	1.09776541395907	57
-0.057724468261816	0.666270336156836	57
-0.014805462932913	0.791122916863525	57
0.040762483021401	0.803614532145676	57
0.012988646048735	0.897971987999242	46
0.03555231137513	0.832430784848749	1426
-0.046559774245888	0.760192218452294	46
0.072599355509847	1.03429753589087	1441
-0.122539671947132	0.65548304507849	7
-0.094006958612326	0.562412848765165	6
-0.089341775652663	0.56360408112529	6
-0.087914498754739	0.427428472936405	116
-0.120937446033862	0.299186491295093	116
-0.010847607207757	0.300505785190422	441
0.089013460641224	0.458516039791108	441
-0.086292977717645	0.44530536406962	809
0.09006446502752	0.464926123560993	16
0.062223502322021	0.744567409331112	16
0.00789989567931404	0.324271281853468	441
-0.00640952380921001	0.441045287380719	441
0.053133925771802	1.00829576967384	256
0.099885239019687	0.811524522744502	3
0.00485956488016603	0.329679738407149	3
-0.081132901509806	0.438035017070365	3
-0.030131647633348	0.686977947268485	373
0.098749755967518	1.30175952879203	44
0.00262668239341102	0.33028241849571	44
0.018332292315865	0.730260712245515	106
-0.088724799003572	0.844724238838074	106
-0.032260951411344	0.773162942171804	279
-0.0868201010755531	0.580523613940957	150
-0.060218550998013	0.539231812551829	150
-0.122210214768702	0.306541152822373	150
-0.004762723112678	0.453138522725804	150
0.010558534901845	0.589629874625594	150
-0.014929035122132	0.432333946306661	150
-0.088663245387803	0.830098960406117	150
0.0622039086503	0.850503565801123	891
-0.122328615915031	0.869798092101776	218
0.114528451333697	0.874835826495634	218
-0.078116595860125	0.443961534684252	309
-0.00529264667523799	0.320041618550794	309
-0.124536666565925	0.205616970479736	65
-0.030969112716262	0.951391551721234	65
0.00178303378347799	0.318668004794255	65
-0.101548103558331	0.881627151127234	65
-0.0648058155825531	0.693031306253939	65
0.069031882843451	0.853310323871781	65
0.102344256158182	1.30080202265453	65
0.029947926916993	0.84964641585237	57
-0.124166949486259	0.292596003438799	57
-0.014247384983325	0.438578051273302	57
0.010335486270874	0.580851510691914	57
-0.004762723112678	0.453138522725804	57
-0.093660033346064	0.265526295086464	71
-0.00728408034913997	0.440636174853455	638
0.024824418940618	0.840152031259113	638
0.066454181567826	0.611449003068936	638
0.022027422817153	0.838390399212329	115
0.085839296065074	0.464928465157793	46
0.068507320227901	0.96381381818769	200
0.079447856685904	1.22121110799725	46
-0.094232262346975	0.576665783443352	46
0.052744708652085	1.18649149383055	7
-0.093194581766048	0.823836504421229	6
-0.123978979030623	0.202441140232469	116
0.00137255800035596	0.328960641569524	16
0.00789989567931404	0.324271281853468	441
-0.00376694789610699	0.314896087565849	441
0.063805856019383	0.605241674890832	256
0.093675040347689	1.01146954609889	256
0.014327127503962	0.731276726893556	3
-0.102330028213386	0.550090818526715	3
-0.01187168098919	0.446219529144931	373
-0.10199925964778	0.562516967846371	217
0.030762464401709	1.13746723381043	106
-0.10319335040805	0.748171597586816	106
-0.098900981663359	0.571260080873404	106
-0.054255606241391	0.545478521315258	279
-0.085058620690294	0.446452827005955	106
-0.00587558693725399	0.887430521236116	150
0.00678824229757002	0.326388491662093	150
-0.121079829457092	0.306461337324852	150
-0.124536666565925	0.205616970479736	218
0.124120496267497	0.746931967827691	891
-0.0747717696767241	0.774060215151244	891
0.120398973494979	1.32412023110414	218
0.087847271339345	0.458840464412753	218
0.00415061114213	0.33272994375613	618
0.00108660926184101	0.598313488820881	65
-0.055367662566841	0.588096627978134	65
-0.064116750600926	0.694847756780268	65
-0.012762162886071	0.442752061224656	57
-0.077050029569356	0.444249005891726	57
-0.044405513681037	0.58579419704432	71
-0.099623411114251	0.803456290983652	71
-0.00418028214440802	0.322704336250723	638
-0.123483302471992	0.306850987863111	115
-0.070344295302089	0.43419131543619	115
0.0851634731226289	0.44216964590324	46
0.00485956488016603	0.329679738407149	46
-0.122395781391221	0.206681567866676	46
0.070202294491704	0.932366287088877	46
0.030490211929776	0.803367375102666	46
-0.062544367490538	0.557854100740888	46
0.011765132668774	0.708973102458862	39
-0.066608954758102	0.668192279893407	39
-0.067738861561966	0.787541768686582	770
0.088417802900994	0.409421801388379	1532
-0.00418028214440802	0.322704336250723	116
-0.060965641090893	0.671616377029062	256
0.00501996185282605	0.311619147319297	256
0.115282325982366	0.855578057908355	256
0.06681996033564	0.59143229929293	373
-0.120238977315936	0.29994852930166	373
0.087785197968069	1.11437835543667	373
0.01339613376163	0.570235758555435	217
-0.119599732217342	0.880213058072022	44
-0.119108042435158	0.301608734287381	106
0.116827706033655	0.708911391337233	106
-0.123299847817815	0.294675392011566	106
0.071110521317036	0.72858600929796	106
0.019505739513372	0.716564559458312	150
0.000251847046398024	0.326209238316887	150
-0.122395781391221	0.206681567866676	150
-0.109359155996202	0.702052475679543	891
-0.00303374971389803	0.299327767255718	309
-0.00994025762898398	0.445050819714474	309
-0.122395781391221	0.206681567866676	218
-0.036231260510705	0.792964437659011	65
0.114590512575205	0.868489518058496	61
0.00662000414366104	0.307624098202617	61
-0.122395781391221	0.206681567866676	61
0.09576115512732	0.466219271426102	61
0.109103657179996	0.853102344053501	57
0.070805464256499	0.601968525199771	57
0.099165315463291	0.450837397724034	57
-0.087335806271382	0.430918385290223	57
0.082479150739316	0.452966463665055	71
-0.049020910381831	0.875822034635641	71
0.0335998197340051	0.945649213798886	115
0.00782929160396495	0.712941084189413	200
0.08668117460659	0.456235801927897	46
-0.053166424525645	0.585509791330502	46
-0.077906258435575	0.748320509702585	1426
-0.00566906691952496	0.589363266502007	39
-0.101382568518356	0.654810272709176	370
0.089013460641224	0.458516039791108	1532
-0.123494210651896	0.817942102219169	6
-0.077613451543493	0.774689276484191	6
0.10062427099051	0.807226959527434	6
0.01194039128993	0.697017827617669	6
-0.053930057033005	0.821183790090859	6
0.00249065073031596	0.328528115687303	116
-0.122729362829362	0.20187306156162	441
-0.120588450743308	0.202901816700143	441
-0.123483302471992	0.306850987863111	441
-0.071311043798914	0.685018154191419	256
-0.013087686007981	0.449392604639908	256
-0.040988908982	0.664180364850875	3
0.065217845654746	0.612078976303918	3
0.00485155882339905	0.574563488253529	3
-0.00833897560084795	0.437046214122495	373
-0.083990599583502	0.448611196453509	373
0.066541920239706	1.1351878309748	44
-0.00459339438480999	0.314260466417527	217
-0.00128666971492097	0.442330569326664	106
-0.100422280644129	1.21966121693439	106
-0.025770961907658	0.708229712842121	106
0.081158783591003	1.32848062096426	106
-0.122395781391221	0.206681567866676	106
0.00916381775683095	0.324219882716138	218
0.042210296269296	0.923888238167411	891
-0.108701975618705	1.03536066374974	309
0.00122591233540703	0.322510250149983	309
-0.122395781391221	0.206681567866676	218
-0.117184833867362	0.194064298367982	618
-0.061507121538974	0.708904064603683	61
0.00526664916119402	0.334388877016082	65
-0.116818469488419	0.555147452362205	57
0.017568523617351	0.8128648446282	57
-0.124536666565925	0.205616970479736	57
0.050094753109685	1.04292269224958	71
-0.080120125633703	0.424202465273603	638
-0.075854324274319	0.852493051709791	115
-0.105097734682755	0.664865723286195	115
0.00360611075897799	0.325057825982307	115
-0.00751269840304703	0.452114790483384	200
0.089383430021308	0.457945430128997	46
0.08668117460659	0.456235801927897	46
0.0586829279504	0.728976467919899	39
0.11624935723428	0.801586259761195	39
-0.040086249522704	0.53029842055115	370
0.082479150739316	0.452966463665055	7
-0.051188090728202	0.594193698825752	116
-0.122395781391221	0.206681567866676	256
-0.12044810479249	0.556622124868178	256
0.012131722533116	0.70024323871695	256
0.053281813096599	0.711119123358202	256
-0.123978979030623	0.202441140232469	256
0.092373534988159	0.470771760675862	3
0.088870790294504	0.465858626375638	3
-0.124313491469895	0.298390010441057	373
-0.057157305428128	0.921388253306619	373
-0.123646307210599	0.202693100319571	44
-0.036615270883167	0.843385964470689	106
-0.019193979435685	0.417049977194242	106
0.104801120041844	1.08001625929095	891
-0.08022919131267	0.443819061369121	891
0.00423093629682203	0.313513312816459	309
0.00682356454680599	0.551141909704241	579
-0.015884418576836	0.77291557839885	61
-0.039077429685495	1.05644722244505	65
0.114006565897477	0.890627696247759	65
0.00567393012471096	0.324821725710155	65
0.00290202724062405	0.321256926493172	57
-0.122729362829362	0.20187306156162	57
-0.122729362829362	0.20187306156162	429
-0.00321209056121596	1.05895539042377	115
-0.118634221906385	0.650173240130313	39
0.000962279875037053	0.326134141383306	39
-0.049037165576775	0.579693099439997	770
-0.00115315384148795	0.600073167699422	370
-0.103200822609416	0.952587374335131	6
-0.119950709301973	0.303608405310135	116
-0.122729362829362	0.20187306156162	116
-0.000157537104510053	0.326550597011606	441
-0.123978979030623	0.202441140232469	441
-0.123978979030623	0.202441140232469	441
0.091230758263221	0.470449181088585	256
0.00245128825319296	0.310785877105553	3
-0.016668584843339	0.438922686179781	3
-0.117360026830135	0.669536697211513	546
-0.0372790993618251	2.02607250597397	44
-0.014657935413101	1.33956219125892	44
-0.011553408025195	0.445489827982212	44
0.094950103184552	0.448315312561756	217
0.087847271339345	0.458840464412753	106
-0.00541688642771099	0.307710917164352	106
0.00401840114822105	0.320871978078715	106
-0.000871467696015982	0.317566461719138	106
-0.124774720508558	0.555838236964465	106
-0.123037124310935	0.291538953028874	106
0.09239713705338	0.471915434291117	150
-0.0717151364577861	0.670809990931518	891
-0.0213860056303919	1.1114962119281	309
-0.012090328558461	0.453763982039764	618
0.00678824229757002	0.326388491662093	579
-0.098002622025178	0.567749679264358	579
-0.00269441451159902	0.929439664817212	61
0.075096805956729	0.599654352399304	61
-0.013013036890643	0.808045873673284	65
0.107920610554375	0.989194682076956	57
-0.089679623156254	0.819097721877741	71
-0.012558421590232	1.17031735451436	71
0.00805253884513702	0.324366577950008	638
0.088218091580528	0.456541286539101	115
-0.00497380720829199	0.985373010021646	115
0.00956794515775094	0.317070575992758	115
-0.123287732674727	0.199948384911517	115
0.00845571673240697	0.310906047149709	200
-0.048934868022161	0.659172247272248	46
0.039415064289153	1.20387228423582	39
-0.124536666565925	0.205616970479736	430
-0.122395781391221	0.206681567866676	1441
0.0836199179685701	0.453161809750139	770
-0.030015965281171	1.04982454985418	6
-0.122681239787899	0.660289160216942	116
-0.106809386570017	0.86913083030302	116
-0.121480136145638	0.19652190193655	441
-0.121480136145638	0.19652190193655	441
-0.122395781391221	0.206681567866676	441
0.107996296656396	1.34510352235281	256
0.097931881600835	1.0457052171778	256
-0.079115587017657	0.845935675598063	256
-0.102113778918269	0.7473800851474	3
0.07362280207656	0.612166628673154	3
-0.00459339438480999	0.314260466417527	373
-0.00780201616482501	2.40335991486031	44
-0.065875382365145	1.98447953595283	44
-0.034900210888013	0.668022770949471	44
-0.00529264667523799	0.320041618550794	217
0.060643061561072	1.08092401529408	217
0.000823328758739028	0.604475208651052	137
-0.0277554062115259	1.03792520026007	44
-0.098489990720289	0.666437459485252	106
0.00374445169395499	0.331923496071961	150
-0.00376694789610699	0.314896087565849	150
-0.121145653824998	0.202606753467576	150
0.122600015152471	0.732888921743291	891
0.108475098289633	0.880803968127277	218
-0.00697723972807895	0.303204318255778	579
-0.033128650602665	1.00393269284899	61
-0.00127997098065602	0.323834639770185	61
-0.121145653824998	0.202606753467576	261
-0.124365688685899	0.430716272519482	65
0.099134709703002	0.446249252198348	65
-0.014193848099908	1.11514595035144	65
-0.114837461018779	0.272907632841208	57
-0.00341051176825502	0.599082268769605	57
-0.00920686112732005	0.556240715887044	57
-0.01044723221636	0.452644667395625	57
0.076148464519323	0.599803464653458	638
-0.00954362623955796	0.431095266198246	638
-0.121188524467395	0.29263671213389	115
-0.08418702053786	0.437172372046496	115
-0.032779781893198	0.699184717640419	115
0.063332821072329	1.25512222695138	115
0.09239713705338	0.471915434291117	200
-0.064870714512728	0.683876912142587	46
-0.011045290204271	0.445997752369245	1426
0.00249065073031596	0.328528115687303	39
0.078256160096557	0.423577984128374	39
-0.124205234291112	0.19946967508199	39
0.00401840114822105	0.320871978078715	370
-0.016872247779671	0.967184863950276	370
-0.015028347608643	0.438002249963236	6
-0.031251428774753	0.691996713369449	116
0.00567393012471096	0.324821725710155	116
-0.0404423004076711	0.797352741346117	256
0.040080788611463	0.82884085048355	256
-0.077929304682974	0.761289951515319	3
-0.098459057040696	0.540450950406169	3
-0.124205234291112	0.19946967508199	373
-0.122395781391221	0.206681567866676	373
0.045369887065413	2.08875415734336	44
0.112326907481995	2.10505575803848	44
0.114517471879865	0.892433210389511	44
0.060026736392184	0.702389640096932	217
0.102497592202831	1.11956992600306	137
-0.055902890003763	0.746778878585496	44
0.068586101961795	0.591105619600551	106
0.124952711178955	0.855985886791743	150
-0.00541688642771099	0.307710917164352	150
0.05478578866822	0.706532683045831	891
0.010558534901845	0.589629874625594	309
-0.00913074260003399	0.442223271422967	309
-0.017452992052962	0.427689464593711	309
0.068673176759977	0.910689159665084	309
0.062223502322021	0.744567409331112	309
-0.00544717348903201	0.5684220479852	579
-0.00529264667523799	0.320041618550794	261
-0.124536666565925	0.205616970479736	57
0.079157613615593	0.599629366485423	57
0.119424292770012	0.871358338260409	57
-0.00850339974664305	0.44618694582227	71
-0.00291781247385503	0.563520254015731	429
-0.068153340473449	0.845709696580569	71
-0.094195937651678	0.569577370710966	429
0.068706424918457	0.839235038790342	638
0.00141907797519703	0.589215543063511	115
-0.00932752629688805	0.30110439799515	115
-0.046206814838764	0.572958551527021	46
0.063204964423085	0.594370081359454	46
-0.036736193872145	0.690896853067364	1426
0.087028914880774	0.467124033318988	39
0.088870790294504	0.465858626375638	39
-0.117523154310194	0.772114137308156	770
-0.040288675369606	0.784495866337805	370
0.00942157047052095	0.551966624930065	370
-0.018984367003259	0.436175982275437	370
-0.088595205991691	0.434498008824737	370
0.119635368200303	0.743894361607262	370
-0.028497261499733	0.93153107218947	6
0.102953849429994	1.1021503332375	6
-0.123183299533333	0.294949932561024	441
-0.107524739908013	0.504271999532106	256
-0.063308358520536	0.68720531101336	256
-0.109247533009005	0.751145214047513	256
-0.0476199323617	0.57923032429032	567
0.121892588646355	0.731400134131503	567
0.000672746348899023	0.577427768331696	3
-0.124536666565925	0.205616970479736	3
0.070619067349223	0.591883079845338	3
0.00137255800035596	0.328960641569524	3
-0.00913074260003399	0.442223271422967	546
-0.080065384251793	0.442029047666798	373
0.123143400512456	0.724286741224838	373
0.022321956796679	0.842185594163954	36
0.071110521317036	0.72858600929796	373
0.107333163847212	1.06293183732251	217
0.114013618056579	1.48919948329235	106
0.055600381837733	1.33123707395672	106
-0.118639258949479	0.566497105274261	106
-0.00355014326440295	0.451242549021645	150
-0.018675765406127	0.399481143464767	106
0.076417219907203	0.400266494686245	150
-0.00575733113186705	0.442122109009274	150
0.085484039274961	0.457101542756882	150
0.063751925237263	0.73791748218735	150
0.005136440911225	0.581377612378632	150
0.067688915888897	0.719717217285452	891
0.073456373481844	0.600607986063855	891
0.039727188890339	0.946284645797565	891
-0.123341858102446	0.303766749764013	218
0.08250803591699	0.437425849152832	65
0.01466208604999	0.719531713090199	579
-0.009460157653018	0.793176063743016	579
-0.079162306545938	0.439786358886914	579
-0.00219222107162897	0.574804140085145	61
-0.025707383278496	0.694572904843206	65
0.00501996185282605	0.311619147319297	57
-0.121324502965304	0.296809851206214	57
-0.120937446033862	0.299186491295093	429
0.002802708277443	0.595422834734779	115
0.063827711952379	0.852315112742006	200
-0.020570028665085	0.774340181882139	1426
-0.122351290626792	0.306770937597158	39
-0.083594734567466	0.438383822512916	770
0.065674873360944	0.585709148151299	770
-0.049997035496665	0.782572815884453	770
0.063424495822052	0.829652959320231	770
-0.056473112030735	0.696523542494734	370
-0.09148637822103	0.969633192775819	6
0.00137255800035596	0.328960641569524	441
-0.0765312858738461	0.430738867072763	256
0.0645291040053509	0.751593937387513	256
0.114860333722053	0.886500991200576	3
-0.00785278756031704	0.286679212265008	3
-0.0835065350894	0.429251830273163	373
-0.091210163307053	0.578408991066989	36
-0.027658770511175	0.704675348004864	373
0.084519502878624	1.24661274239841	202
-0.0975257705358949	0.678817081745558	137
0.00281717310915697	0.598086666635625	106
0.101702601158423	1.07666491782817	106
0.117376733810828	0.720208285675938	106
0.069131882056574	0.731018767576809	150
-0.062772246287388	0.692106747495832	891
-0.053574974585558	0.693420344978391	309
0.00122591233540703	0.322510250149983	65
0.049364606221156	0.65553095924858	579
0.0974144383690641	1.07677645672997	579
-0.059462073319133	0.563466406870473	61
0.057755228106501	0.563261236184487	57
-0.077213929062453	0.437418155801835	57
0.105197149109923	0.86203602036655	57
0.00906810609011	0.715031817391987	57
0.00154189454649201	0.589919310885571	429
-0.047505747565515	0.781744583875177	429
-0.092379050392009	0.566718013497566	71
-0.00245753542896798	0.57574546579889	429
0.065217845654746	0.612078976303918	429
-0.012579813544645	0.429738744009415	638
0.018615473765254	0.702139282294174	115
-0.048093145318882	0.576315351689843	115
0.018873619477674	0.730607255352658	200
-0.077911300218438	0.752749617258017	1426
-0.0588033661509661	0.864931549633933	1426
0.028668261265491	0.924200913226717	1426
-0.026344890720986	0.716160210272119	1426
-0.03435456006779	0.695492273773875	39
0.074035842766746	0.847306271050357	39
0.087604817982632	1.13740388386029	39
0.00262668239341102	0.33028241849571	39
-0.073709124439123	0.439481315510132	39
-0.10631174533764	0.63461476435636	370
-0.065337416768169	0.675120282596921	370
-0.095860691618105	0.682587866629706	6
-0.000612821842697953	0.317652846297628	441
-0.01372017745933	0.431023632980174	256
-0.090421234326138	0.404521814897618	256
0.086987293212721	0.45070334660382	256
-0.097000654271457	0.573920319615427	3
0.075560636771157	0.60627960992666	3
-0.083594734567466	0.438383822512916	3
-0.103574088716493	0.548256250501454	373
0.020972234762625	1.73932756479347	44
0.100535622733039	1.35717691911023	202
0.056668535009373	1.10589540143916	106
0.069722817971248	0.731506085119071	106
-0.099615362078753	0.535142075025557	106
-0.120243813588236	0.196859875929223	218
-0.0399523368189551	0.795013502967262	891
-0.091067794810799	0.69078996273545	891
-0.090976306412845	0.672201289847061	891
-0.10591599970137	0.895938795465687	218
0.00012005491360001	0.320963863006981	579
0.091931374599128	0.428377127643493	61
-0.121494511185289	0.540730591202301	65
0.067412194981729	0.890381060688272	65
0.060186979718038	0.720462103134074	65
0.00805253884513702	0.324366577950008	57
-0.120528041928641	0.566231363856397	57
-0.026557074869617	0.697478682254593	638
-0.01613617660043	0.431329937729739	638
0.067512060104298	0.729014620438611	638
-0.098975573938133	0.543454399867815	115
-0.06692412517627	0.683500579110679	46
0.061769070024121	0.737954933310924	46
0.054749472681475	0.811099536159447	46
0.034615508507846	0.94178846955895	46
-0.0756866556622811	0.653657751777377	39
-0.000157537104510053	0.326550597011606	39
-0.073832208433816	0.919574008672812	370
-0.011982150404555	0.45456965883338	370
0.00523576513548496	1.09615304281153	6
-0.094610929860481	0.724736873322829	6
0.02307768887052	1.1296523188628	116
-0.076478339853567	0.769925600088044	116
0.067764571424317	0.927191442520376	116
-0.123978979030623	0.202441140232469	16
-0.102895444198871	0.762204890617946	256
0.066710989207198	0.945818680663166	256
-0.07603995145566	0.815436799367862	256
-0.097680152874265	0.574717149877585	256
-0.061009140664615	0.657128469962466	256
-0.060788443084794	0.782913121519168	126
-0.092108828690713	0.577800046639223	3
-0.123784900227518	0.727783261551708	3
-0.086104256453636	0.430780466437204	3
-0.123287732674727	0.199948384911517	3
0.103122832832648	0.837591156074714	3
-0.00302823946713005	0.555401557522531	373
-0.074918700973013	0.427917198357943	373
-0.042428855396958	2.21655284598371	44
-0.11920409952588	0.288213518374382	44
0.041252426136975	1.36996105881367	44
0.07395552689345	1.1585184508976	44
0.00697260805807298	0.709963661501521	106
0.09576115512732	0.466219271426102	985
-0.015712350085614	0.416742006614566	106
-0.07477479079325	0.435611422952436	106
0.070489217560737	0.846010403121487	891
-0.042496357284452	0.951298267281555	891
-0.122395781391221	0.206681567866676	261
0.0345614380629919	0.940050697830496	65
-0.118992484997713	0.197314502650746	57
0.087168547194203	0.442409714783492	57
-0.00746405217778301	0.426430157626121	57
-0.123483302471992	0.306850987863111	429
-0.052459322055969	0.974664693018118	429
0.00567393012471096	0.324821725710155	638
-0.0665062200666801	0.75212139655478	46
-0.123287732674727	0.199948384911517	39
-0.089231960500044	0.41885299582364	770
-0.081206596040688	0.901558214382938	1059
-0.124458371273836	0.295185724389987	370
0.00178303378347799	0.318668004794255	370
0.0657805557283641	0.746711200516268	6
-0.058287913928965	0.567378476002354	6
-0.030650457205218	0.956247433459502	6
0.088870790294504	0.465858626375638	3
-0.0876861851505461	0.435883095945118	3
-0.000157537104510053	0.326550597011606	3
0.00485956488016603	0.329679738407149	373
0.0113700223127809	1.99617624129025	44
0.059934990568437	0.731746544463725	137
0.105199900613428	1.20909825545326	44
-0.041665928354548	0.799224832685884	106
-0.122395781391221	0.206681567866676	106
0.00290202724062405	0.321256926493172	22
-0.122395781391221	0.206681567866676	218
0.0666630038752	0.597826974391819	891
0.030425884995303	0.816596580867924	218
0.00415061114213	0.33272994375613	218
-0.12183926934969	0.199117754874169	218
-0.085552753847552	0.425060808901698	65
-0.123978979030623	0.202441140232469	261
0.00401840114822105	0.320871978078715	394
-0.0319641877542159	0.709941200029535	57
0.0912058680022479	0.472902810675194	57
-0.123978979030623	0.202441140232469	429
0.11976422335532	0.714297713560205	429
-0.083415322605262	0.429136691710362	429
-0.0139692037727041	0.436543376212677	429
0.006380029726619	0.332098700403031	33
-0.122729362829362	0.20187306156162	625
-0.00265632193985799	0.317445775435134	625
0.00274159978687605	0.318509220243848	33
-0.124593833848561	0.555354894100107	115
0.06591844404576	0.73865957416539	185
-0.085058620690294	0.446452827005955	46
-0.040076100441293	0.788810959423446	39
0.01975228284861	0.718901198251873	39
-0.032430700101705	0.706187814201442	46
0.065051376186904	0.728808904404498	39
0.066272209165932	0.614951935408503	370
0.107276962948313	0.925501275870299	6
0.038864144510511	0.94059406142901	6
-0.039427188024649	0.785717137919733	6
-0.059657321941216	1.05443313146627	6
-0.124536666565925	0.205616970479736	16
-0.123978979030623	0.202441140232469	12
-0.069697787344844	0.429018303270711	256
0.063366799495318	0.832614492428836	256
-0.000157537104510053	0.326550597011606	3
-0.00256061149625997	0.566386244026067	373
-0.121507123378815	0.296339608473899	44
0.00700474507746796	0.305648437024156	106
-0.123646307210599	0.202693100319571	512
-0.025480389266501	0.701761765897714	65
0.00944186940216796	0.718244017803701	65
-0.118992484997713	0.197314502650746	261
-0.027971037398867	0.953080277036774	65
-0.123574787744366	0.296735620411499	429
-0.123037124310935	0.291538953028874	638
-0.092420909045042	0.662820487062049	115
0.010609406907497	0.308806788046046	115
-0.011982150404555	0.45456965883338	185
0.088195467367445	0.468592780918975	46
-0.124536666565925	0.205616970479736	39
-0.015975744242098	0.695058599017545	6
0.060842412182049	0.903146737060389	12
0.080612991756868	0.432059525591896	1226
0.00678824229757002	0.326388491662093	44
-0.00307057479638495	0.322304509729284	137
-0.122461243725639	0.271663530459358	106
-0.019475863637194	0.422175916304424	106
0.00653654434209305	0.322084276760236	486
0.00956794515775094	0.317070575992758	1589
-0.119950709301973	0.303608405310135	133
-0.00492121382305899	0.586953734478016	218
-0.084746360552676	0.426495945134197	535
0.085839296065074	0.464928465157793	579
-0.122729362829362	0.20187306156162	261
0.076517970832963	0.597490570840755	429
-0.124536666565925	0.205616970479736	638
-0.123978979030623	0.202441140232469	115
-0.00393918357063505	0.305183486147699	115
-0.123978979030623	0.202441140232469	46
0.088218091580528	0.456541286539101	46
-0.061220307834055	0.551642143471141	770
0.061699122272289	0.746048253692615	1059
-0.122448995944979	0.298373400149671	16
-0.124536666565925	0.205616970479736	16
-0.123646307210599	0.202693100319571	3
-0.122395781391221	0.206681567866676	3
-0.104740893978471	1.15116015682165	202
-0.025598281908277	1.02889306931037	44
0.00415061114213	0.33272994375613	106
0.00290202724062405	0.321256926493172	106
-0.119338029272473	0.199061320289736	106
0.068092124384636	0.588695220802034	218
-0.00486975860599304	0.448783862339865	535
-0.059875249256365	0.541847305357727	535
-0.044223479393581	0.570967164324983	121
-0.124536666565925	0.205616970479736	970
0.00137255800035596	0.328960641569524	261
0.00374445169395499	0.331923496071961	263
0.082850703661318	0.431346490773244	638
0.00137255800035596	0.328960641569524	33
-0.01379715537631	0.424786712651973	33
-0.110227178976413	0.27967725044711	185
0.090014149805397	0.466906847694853	46
0.09574325063169	0.456093346524225	39
-0.121145653824998	0.202606753467576	770
0.028807102103344	1.1481291530375	6
-0.123287732674727	0.199948384911517	444
-0.12183926934969	0.199117754874169	256
-0.122448995944979	0.298373400149671	256
0.110547330966018	0.881700826678884	3
-0.012465122452671	0.429491144626716	114
-0.097208461063971	0.650754871852667	202
-0.014247384983325	0.438578051273302	202
0.0632052735483301	0.574925664271214	44
-0.077230199756149	0.765307086455016	44
-0.122210214768702	0.306541152822373	106
0.085454938348926	0.4540652312513	106
-0.123218115439097	0.55573133015253	106
-0.123978979030623	0.202441140232469	106
-0.123978979030623	0.202441140232469	106
0.067532859084822	0.597020205678978	486
0.00526664916119402	0.334388877016082	486
-0.092379050392009	0.566718013497566	440
-0.117703605154103	0.292845188228368	440
-0.122729362829362	0.20187306156162	218
-0.044236177683484	0.565902064973031	535
-0.081458002583654	0.442704712668486	61
-0.121480136145638	0.19652190193655	61
-0.092532329711443	0.532013201966612	388
-0.12461657087116	0.304058194527798	970
0.085181675653529	0.437325302719919	57
0.092746105451827	0.462157696187919	57
-0.124536666565925	0.205616970479736	263
-0.020191272329759	0.429336800326827	33
-0.095875632051037	0.562522807678237	33
-0.086292977717645	0.44530536406962	39
0.007649562968705	0.321948343526545	39
-0.124205234291112	0.19946967508199	39
-0.123978979030623	0.202441140232469	370
0.026126117174409	1.00088478617555	6
-0.057205524905435	0.689019336419306	159
-0.00813243631517002	0.45469246983488	159
-0.119338029272473	0.199061320289736	256
0.00415061114213	0.33272994375613	35
-0.119338029272473	0.199061320289736	3
-0.121465026003689	1.15407402772821	202
0.120248450465779	0.869183988019261	202
-0.122395781391221	0.206681567866676	202
-0.086639872858254	1.68604815252559	44
-0.076234914963176	0.767063046067297	44
-0.056588163153196	0.924475912501576	44
0.108419331951233	0.867489793496488	486
-0.097848219500299	0.67597291888291	1295
-0.121480136145638	0.19652190193655	218
-0.088752178455095	0.627257881737778	61
-0.120588450743308	0.202901816700143	61
0.088058692486493	0.4442839692091	57
-0.084822788890317	0.434556962244349	429
0.00415061114213	0.33272994375613	33
0.00303295626472599	0.307398359457546	317
-0.12461657087116	0.304058194527798	39
0.09239713705338	0.471915434291117	39
-0.011655387290886	0.449818065625604	528
-0.016096464134353	0.802811097229741	1059
0.010677489799618	0.316951001954343	24
0.077822024846026	0.724390828758609	6
0.08896098994363	0.444322395325077	6
0.084671608758481	0.459488298005592	6
-0.120750300654028	0.851032852140131	159
0.124784396945961	0.759689626156265	159
-0.028388736384418	0.713388930268097	12
0.067534901344153	1.26461583801665	84
0.0680951941186641	0.610573741697626	256
0.00862315993799401	0.591355128795413	256
-0.123287732674727	0.199948384911517	3
-0.123978979030623	0.202441140232469	3
-0.121145653824998	0.202606753467576	3
0.011784335915793	0.310954130022943	577
-0.102361063281006	0.540734211408535	44
0.00393920997395403	0.318437082164588	44
0.090207740712295	0.446679843772141	106
0.070922104480257	0.585441083362103	486
-0.112213623215885	0.284899719054078	218
0.088845361518576	0.465458258471449	346
-0.00465341353417703	0.449035794298267	346
-0.12183926934969	0.199117754874169	346
-0.081882774365175	0.446962801020678	61
-0.002736714623501	0.306535499683203	61
0.00567393012471096	0.324821725710155	970
-0.08141021351393	0.424753131383115	261
0.084316839605412	0.45096052929217	261
0.00415061114213	0.33272994375613	33
-0.000869800053220016	0.30035536939583	33
0.00526664916119402	0.334388877016082	33
0.00916381775683095	0.324219882716138	317
-0.0630741575281431	0.781190755119439	46
-0.123483302471992	0.306850987863111	528
0.00290202724062405	0.321256926493172	370
0.117694970371192	0.869771495118303	6
0.098114431308362	0.460772859436923	6
-0.124205234291112	0.19946967508199	256
-0.027541550664556	0.711883904557248	3
0.0945741346597599	0.46049355905406	35
0.00455697374988495	0.31715385878454	35
0.00249065073031596	0.328528115687303	3
-0.120588450743308	0.202901816700143	3
-0.027588202013516	1.35207608190648	44
-0.123287732674727	0.199948384911517	577
-0.123037124310935	0.291538953028874	44
-0.120588450743308	0.202901816700143	44
-0.047746357032334	0.941221049002307	44
-0.121480136145638	0.19652190193655	486
-0.00529264667523799	0.320041618550794	486
-0.00127997098065602	0.323834639770185	1295
-0.00697723972807895	0.303204318255778	346
-0.121480136145638	0.19652190193655	388
-0.122312669508172	0.291071608882035	437
-0.070502990649338	0.68785248868171	429
0.100278358646514	1.24442640466353	429
-0.123978979030623	0.202441140232469	263
-0.060083848192853	0.568952717293475	33
0.00249065073031596	0.328528115687303	317
-0.122448995944979	0.298373400149671	1126
0.062749826564809	0.602445418988075	528
-0.105708121428046	0.725012523471315	370
-0.123978979030623	0.202441140232469	370
-0.122312669508172	0.291071608882035	370
-0.080040932655854	0.854081235482114	159
0.085818223607363	0.452564738014614	159
-0.123978979030623	0.202441140232469	16
-0.124536666565925	0.205616970479736	120
-0.121146566914128	0.64357847064388	12
0.00805253884513702	0.324366577950008	256
0.00401840114822105	0.320871978078715	256
-0.00459339438480999	0.314260466417527	36
0.108319493086362	2.21075994174739	202
-0.031693602775128	1.82234810734571	44
-0.12183926934969	0.199117754874169	202
-0.124536666565925	0.205616970479736	44
-0.087052401038288	0.42117143809008	44
0.00360611075897799	0.325057825982307	44
-0.085813915419198	0.427325300301842	440
-0.059085395350689	0.571409436568876	440
-0.00597358253821601	0.45157502399264	346
-0.120588450743308	0.202901816700143	121
-0.117184833867362	0.194064298367982	121
-0.120243813588236	0.196859875929223	27
-0.090303310688935	0.411608202878787	61
-0.123978979030623	0.202441140232469	61
-0.123978979030623	0.202441140232469	61
0.013705489236017	0.697694123313724	33
-0.00512059133646703	0.306832471172123	1753
-0.000988485987893029	0.313432633015754	33
-0.123646307210599	0.202693100319571	46
-0.0868201010755531	0.580523613940957	185
0.071250263642535	0.605741157941376	46
0.063983061643955	0.609182114929381	528
-0.00529264667523799	0.320041618550794	370
-0.00403807895521602	0.444483719028995	370
-0.00139768319441103	0.326365269074333	6
-0.124205234291112	0.19946967508199	126
0.00237560898882105	0.320468397683853	126
0.00374445169395499	0.331923496071961	256
-0.035266440025578	1.4538140236475	202
-0.022212807504542	1.55780474871927	202
0.091921793665223	1.56750689506148	202
0.00845571673240697	0.310906047149709	202
-0.123978979030623	0.202441140232469	218
-0.124205234291112	0.19946967508199	346
0.00274159978687605	0.318509220243848	346
-0.124205234291112	0.19946967508199	27
0.08401615236963	0.4360209524432	27
-0.123483302471992	0.306850987863111	61
0.00137255800035596	0.328960641569524	261
0.113391588588029	0.967374515620659	46
-0.029070653321795	0.713698138243421	185
-0.122210214768702	0.306541152822373	372
0.024563908455986	1.06529216585945	1126
-0.057261634190752	0.699547931858727	39
-0.12183926934969	0.199117754874169	770
-0.00115315384148795	0.600073167699422	1059
-0.0366332421966	0.685097246110724	24
-0.123978979030623	0.202441140232469	370
0.00150627156347105	0.322216713583856	370
0.086651334625274	0.459725622021526	6
-0.000621126523234983	0.972023828088562	159
-0.123158741634899	0.180497700017041	126
0.00764614084474502	0.583633812151094	740
0.00393920997395403	0.318437082164588	202
-0.05078387425333	0.583674695425526	22
-0.117184833867362	0.194064298367982	106
-0.078885052634973	0.437289958749365	574
-0.122395781391221	0.206681567866676	574
-0.0776392103618681	0.97251070259303	429
0.099038802814056	1.20166408715757	429
0.091230758263221	0.470449181088585	33
0.00290202724062405	0.321256926493172	46
0.085484039274961	0.457101542756882	1059
-0.124205234291112	0.19946967508199	370
-0.0142719204705229	0.797287872447548	6
-0.00418028214440802	0.322704336250723	159
-0.120588450743308	0.202901816700143	126
0.070986065465658	0.601734489498786	3
-0.016998691042267	2.39201867605921	202
-0.017965674338448	1.9181053705467	202
0.00137255800035596	0.328960641569524	202
-0.05005151069401	0.975001791834	202
-0.00861651880708802	0.453115786131447	44
-0.122729362829362	0.20187306156162	44
-0.00718272497962003	0.446111169152072	106
0.000251847046398024	0.326209238316887	218
-0.050125508705267	0.775492270739453	346
-0.121344216695333	0.181278717475901	121
-0.122729362829362	0.20187306156162	121
-0.119338029272473	0.199061320289736	27
0.018472782994876	0.566880191612899	574
0.00845571673240697	0.310906047149709	300
-0.123574787744366	0.296735620411499	33
0.069197711688887	0.731429666019073	372
0.066312044147962	0.722129380925743	372
0.00789989567931404	0.324271281853468	1036
0.035232439352184	0.923222075435159	528
-0.103465879813252	0.753620353573591	24
0.016238686810124	0.879614809894254	370
-0.071018108019058	0.76892488946303	370
0.00567393012471096	0.324821725710155	24
-0.027299113856598	0.894569802937883	159
0.015495546399478	1.31838592541162	159
-0.027887544312093	0.868578103316546	159
0.013111958307241	0.734003871211005	727
-0.00265632193985799	0.317445775435134	3
-0.081318335083358	1.25553504260571	202
0.06591844404576	0.73865957416539	202
-0.0877160881319981	0.836616283256512	44
0.09006446502752	0.464926123560993	44
0.00916381775683095	0.324219882716138	440
-0.120019394172905	0.672732186760044	346
0.098133880001341	0.453170997980406	121
0.00249065073031596	0.328528115687303	121
-0.123507587630809	0.190987459493543	121
0.006380029726619	0.332098700403031	121
-0.025373819645929	0.685529619427619	61
0.009799903249886	0.723221842542275	61
-0.120588450743308	0.202901816700143	261
0.091562444043084	0.460046507201486	574
-0.0239473874802441	0.403646021962022	574
-0.123978979030623	0.202441140232469	119
0.000251847046398024	0.326209238316887	1753
-0.089332347260613	0.569090451073175	429
0.079470887749809	0.423832875017133	1153
0.063565935086952	0.580312777474543	46
0.00690885592040202	0.698026818830891	46
-0.022444210437526	0.685586334247513	1036
-0.121145653824998	0.202606753467576	93
-0.011553408025195	0.445489827982212	6
-0.0753805644740621	0.769466269284849	6
0.034215492849405	1.07895775437243	6
0.059093004221347	1.10170179926977	159
-0.00128666971492097	0.442330569326664	159
0.000251847046398024	0.326209238316887	483
0.097965461298422	0.448711595367051	120
-0.090421234326138	0.404521814897618	12
0.00526664916119402	0.334388877016082	126
-0.044140253275144	0.568925890977958	1486
-0.015712350085614	0.416742006614566	3
-0.049752960809467	0.571115476259509	3
0.00401840114822105	0.320871978078715	3
-0.121507123378815	0.296339608473899	3
-0.013821804776688	0.439024887911275	121
0.010285222725774	0.594601069480185	121
0.0308028230206711	0.94627006728105	346
0.00122591233540703	0.322510250149983	121
-0.000566711291225985	0.315176423071765	121
0.0580313878020891	0.8418098362848	61
-0.124427075612283	0.550644522672966	61
-0.120588450743308	0.202901816700143	261
-0.121480136145638	0.19652190193655	574
0.00178303378347799	0.318668004794255	119
-0.012196223478163	0.439751461737421	119
-0.04350440557444	0.658264605498227	119
-0.080415355093611	0.437109035764081	429
0.114076829080415	0.841320545314901	194
-0.102026202910434	0.546197765500616	46
-0.038991545194666	0.784397978052596	372
-0.00529264667523799	0.320041618550794	159
0.116661996519688	0.869034086141744	1486
-0.00250796980360601	0.318473822439613	3
0.00805253884513702	0.324366577950008	3
0.000962279875037053	0.326134141383306	3
-0.090760384226456	0.546679217946008	202
0.086651334625274	0.459725622021526	44
-0.123341858102446	0.303766749764013	22
-0.123438107620891	0.284583192073394	261
-0.124536666565925	0.205616970479736	282
0.00249065073031596	0.328528115687303	429
0.072575110662188	0.834674120552722	194
0.0559295673485321	0.70110161276024	46
0.122987237083419	0.741648207942065	46
-0.072644056934603	0.439770531123313	372
-0.00597358253821601	0.45157502399264	372
-0.032973928340847	0.547579329858594	372
-0.119108042435158	0.301608734287381	372
0.067681209967017	1.09368857079989	372
-0.124458371273836	0.295185724389987	1021
-0.082186257106039	0.426857359027489	6
0.0787332865206331	1.20365817289109	110
0.06012235962687	0.727253472619121	159
-0.124563978138377	0.300568473705484	159
0.015000655159796	0.995561830829342	126
-0.122395781391221	0.206681567866676	3
-0.09267716797299	0.56145926753499	3
-0.046595721486185	0.980561897266229	202
-0.077979603909958	1.12806815950541	44
0.091230758263221	0.470449181088585	486
0.087168547194203	0.442409714783492	486
-0.00139768319441103	0.326365269074333	22
0.087847271339345	0.458840464412753	121
-0.120238977315936	0.29994852930166	121
-0.07918376431659	0.439949895478888	121
0.0915793365894	0.462371486009598	218
-0.00307057479638495	0.322304509729284	121
0.119765872070837	0.733111608273163	1351
-0.121079829457092	0.306461337324852	64
0.023905019717715	0.839003603727663	264
-0.124581273834635	0.623004423932118	261
-0.016668584843339	0.438922686179781	574
-0.00607830206861004	0.443415163109142	33
-0.101958771821361	0.543489768730599	33
-0.120065679746672	0.291177601615412	33
0.092351982240825	0.45900524014011	33
-0.0482654016502601	0.593693314437135	282
-0.0680220015929111	0.670155619912215	33
0.093587957032806	0.459209702949486	1365
0.074326366963115	0.6087685487381	372
-0.122395781391221	0.206681567866676	93
0.00567393012471096	0.324821725710155	93
-0.074853994118498	0.665894368200847	24
-0.122395781391221	0.206681567866676	483
0.00916381775683095	0.324219882716138	483
-0.124536666565925	0.205616970479736	120
0.00678824229757002	0.326388491662093	444
0.087847271339345	0.458840464412753	3
-0.121344216695333	0.181278717475901	3
-0.049037165576775	0.579693099439997	3
0.071034782003643	0.59814140533967	3
0.111271512865779	1.38140926851273	202
-0.033669782557783	1.51620599404653	202
-0.034111856883299	0.949354890469155	44
-0.028147328467433	0.706491737379825	44
-0.029898794349204	1.15651874793288	44
0.066454181567826	0.611449003068936	486
-0.0482654016502601	0.593693314437135	486
0.087380460890366	0.438713492598134	22
-0.0654655680259	0.544367234007736	121
-0.121324502965304	0.296809851206214	121
0.064258453685221	0.590300224293512	121
-0.121371183904407	0.292980801492944	1351
-0.096743382113933	0.569585713032696	64
-0.071617233123116	0.628960831923687	261
0.00245128825319296	0.310785877105553	574
0.114594857707971	0.703482571179889	119
0.0935635994220561	0.469802882673205	33
0.0681519802494031	0.584743204339961	33
-0.068414227918276	0.427635155790387	91
0.00249065073031596	0.328528115687303	1135
-0.088565443064433	0.42884658321204	1135
0.021447921511133	0.800728172635444	372
-0.00307057479638495	0.322304509729284	372
0.095781116851253	0.465518158937373	372
0.081447009881794	0.587370337489234	24
0.102699065942169	0.823398732753527	6
-0.00929757376178497	0.42582162363117	110
-0.088565443064433	0.42884658321204	159
0.088870790294504	0.465858626375638	287
0.00374445169395499	0.331923496071961	12
-0.124536666565925	0.205616970479736	12
-0.09171766348621	0.560364396162417	84
-0.011609307698909	0.438539721278174	3
0.079446391456463	0.432270318956757	3
0.00557896900466803	1.54117061354069	202
-0.107791949397502	1.04451522082166	44
0.00406443787495403	0.596807489788176	44
-0.077135190842781	0.767604486213639	22
0.070382629314204	0.611689459090023	486
-0.078116595860125	0.443961534684252	486
-0.016725341361391	0.440364369276597	22
-0.064982494052885	0.682763615787996	121
0.06728405756361	0.826929512882842	121
-0.095249997367818	0.561599796407322	121
0.113566578771585	0.849490947431382	121
0.090038285779373	0.471425583731613	121
0.092763787993416	0.45217622525761	121
-0.121145653824998	0.202606753467576	121
0.110563269100994	0.867105324830506	261
-0.088108816186512	0.396558835595946	490
-0.0585159745039911	0.575828987952541	33
-0.104218699043398	0.542271048398063	46
-0.015408755024419	0.435239122728717	372
-0.116575930687052	0.294408723239976	372
-0.00501169970375004	0.551019055810634	129
-0.093691989175975	0.559386553041238	372
0.060914061911202	0.706639918830462	372
-0.053645335797238	0.57969365237057	93
0.021170303124025	0.809239273174167	93
-0.000552331293944053	0.567310129702513	93
-0.122729362829362	0.20187306156162	93
-0.00813243631517002	0.45469246983488	24
-0.115991501841609	0.288013542108877	120
-0.123978979030623	0.202441140232469	12
0.060277268562051	0.569665764008039	3
-0.0845735023241771	0.430100399934991	44
-0.121480136145638	0.19652190193655	121
-0.124205234291112	0.19946967508199	6
-0.047005248577015	0.593112883610978	202
-0.0250600394477301	2.35788216291253	44
-0.00702816247301197	0.451827957603196	2139
0.00678824229757002	0.326388491662093	442
-0.015028347608643	0.438002249963236	876
0.080117400475393	0.444881165910546	22
0.00479229068202003	0.600869314930181	121
-0.120528041928641	0.566231363856397	121
-0.063338901824346	0.700238472288552	525
-0.122210214768702	0.306541152822373	264
-0.029130625438037	0.901275686119872	261
-0.117948950728654	0.283071331990565	954
-0.118992484997713	0.197314502650746	954
0.00237560898882105	0.320468397683853	954
-0.011507569429138	0.439776950093596	954
-0.015132396524573	0.436529821864851	282
0.088944168907145	1.15268567967721	33
0.082967015508563	0.423317880847207	91
-0.016036012100304	0.814718851733415	46
-0.119181965929779	0.673850471993773	46
-0.0879577547528631	0.971984972847962	2207
0.06982279261585	0.597452084014632	2207
-0.121220542468127	0.303899766161232	6
-0.00592453825847294	0.439515933981031	159
-0.012577251991901	0.788526585604981	84
0.05447487957414	1.11084801254098	12
0.00319400520171798	0.314234541102156	84
-0.124139041039513	0.571856741939809	126
-0.123978979030623	0.202441140232469	124
-0.118992484997713	0.197314502650746	3
-0.0911374229462441	0.569018879157051	3
-0.00133930595972498	0.574981728084373	36
0.069490451101855	0.961967047811285	202
0.0645291040053509	0.751593937387513	202
-0.08684659558199	0.417742034496019	2139
0.07368468927173	0.571883084458153	44
-0.124205234291112	0.19946967508199	442
-0.094877909296572	0.580010618830528	876
-0.00823683596581204	0.452044880027493	121
-0.120937446033862	0.299186491295093	121
-0.055484347080467	0.735392431312785	121
-0.123198742991444	0.289102889522481	121
-0.122395781391221	0.206681567866676	121
-0.087469592989674	0.559458965610613	121
0.00262668239341102	0.33028241849571	525
-0.059600679864676	0.978643858062495	954
0.107938608836471	1.17614435146146	91
-0.122210214768702	0.306541152822373	33
-0.122448995944979	0.298373400149671	33
-0.123287732674727	0.199948384911517	1365
0.00321797824269998	0.571711710371153	1365
-0.010936841747838	0.446460866278505	129
0.01649455174972	0.716602261544245	93
0.000319050561824019	0.300339525830753	93
-0.123646307210599	0.202693100319571	93
-0.124205234291112	0.19946967508199	93
0.0146262651725509	0.696929625690019	159
-0.12475238428933	0.190552142774941	120
-0.106675793855237	0.700283155566963	84
-0.123646307210599	0.202693100319571	84
-0.071728344667616	0.681370290023474	126
0.05999843971974	0.716116246945894	126
-0.025993337060056	0.718484276940061	3
0.00423093629682203	0.313513312816459	3
0.112784773515286	2.24693673660523	202
-0.098198756254889	1.46994713435002	202
0.088847109788193	1.25360912225223	44
0.083610693113924	1.20700516227936	44
0.00605222595408395	0.602261412931897	442
0.086003290460427	0.445346671416681	442
-0.118971137747639	0.299680273582759	22
-0.077050029569356	0.444249005891726	121
0.000881656308405976	0.325827943106655	121
-0.015826704670082	0.430477576915743	118
0.000661435214378003	0.310562041300929	85
0.0935635994220561	0.469802882673205	85
-0.00514086833588501	0.439678798167805	954
-0.084847202278881	0.844119879489642	91
-0.00843266082052796	0.552558653579668	1365
0.01035366008215	0.721349139927968	46
-0.00525445853249595	0.729826109453276	129
-0.100876931422546	0.766166679360229	129
0.078273198972544	1.32403616044566	93
0.00137255800035596	0.328960641569524	93
-0.064532244244657	0.68653712075417	6
-0.039279181364586	0.665691184931441	6
-0.056045911462217	0.862455511257875	159
-0.119338029272473	0.199061320289736	159
-0.123978979030623	0.202441140232469	2120
-0.122210214768702	0.306541152822373	427
-0.00154835452424695	0.317077958755711	3
-0.01198486840877	1.73450650186167	202
-0.119568398043876	1.41571538430239	202
-0.043343130887438	2.34093904260665	44
-0.039289851799836	0.985974016169924	44
-0.096589298140993	0.681377259703708	44
-0.123646307210599	0.202693100319571	121
-0.0768836697020699	0.443790678044961	121
0.00891623106057005	0.712304658939709	118
0.087818723724715	0.459397660093533	118
0.087818723724715	0.459397660093533	64
0.033951060020975	1.01806100800488	261
-0.124205234291112	0.19946967508199	85
0.025016507430614	1.07689498384701	91
-0.105913813797266	0.737599765961818	91
0.074752735240506	0.848727046087509	91
0.097981015649615	0.451659405631215	91
-0.00465341353417703	0.449035794298267	91
0.000562427989623027	0.60147119467121	46
0.00401840114822105	0.320871978078715	569
-0.010151841799459	0.563874269235098	372
-0.115103268868206	0.652666581623691	129
-0.0406921517348801	0.848386246024859	129
-0.00130477451158195	0.56349696763739	93
-0.10539574826003	0.897760069515759	93
-0.119338029272473	0.199061320289736	93
0.00789989567931404	0.324271281853468	93
-0.120588450743308	0.202901816700143	287
-0.090544426707329	0.425009622215495	84
-0.12461657087116	0.304058194527798	3
0.120518645003692	2.20959396167396	202
0.057785790278823	1.65723221017113	202
0.075292262476181	2.13057331734697	202
-0.023767549389513	1.3982244675872	202
0.025096085130381	1.16386724199988	44
-0.00357234948876595	0.549850283212543	442
0.026994800589859	0.818896904750738	442
0.00567393012471096	0.324821725710155	442
-0.000157537104510053	0.326550597011606	442
0.00749073820928303	0.323924732406148	442
-0.096083349173313	0.734328390505596	121
0.104255380300919	1.04984233643146	121
-0.124536666565925	0.205616970479736	121
-0.120243813588236	0.196859875929223	121
-0.093977522586239	0.576381262702524	121
0.117283830403817	0.896989695584574	118
-0.011806995256338	0.941165837870986	118
-0.123978979030623	0.202441140232469	64
0.00122591233540703	0.322510250149983	261
-0.010402245411136	0.437172408484212	33
0.058453269206134	0.921313572320841	33
-0.073049884318683	0.782600662061302	91
-0.123623066276026	0.302932180494399	91
-0.123483302471992	0.306850987863111	91
0.0700707350851481	0.733261652909008	91
0.025263156483578	0.839362581981604	372
0.06755432751128	0.737147253955387	129
-0.00139768319441103	0.326365269074333	93
0.006380029726619	0.332098700403031	93
-0.00644436508949497	0.548930985227886	24
0.072220445224472	0.603031759126118	6
-0.0350322707762299	0.701080257052177	6
-0.029061991258548	0.96530778239599	6
0.00401840114822105	0.320871978078715	159
0.094938953426596	0.433760631107945	427
-0.043696449752613	0.548779000814312	3
-0.035268439743294	0.79891983386368	3
-0.012042564332063	0.43247652155233	124
-0.124205234291112	0.19946967508199	3
-0.080576716902222	0.434576024462416	537
0.027080506797511	0.805313211839541	44
-0.052062068092357	0.57264055831902	22
-0.121507123378815	0.296339608473899	442
-0.124536666565925	0.205616970479736	22
-0.090705074087866	0.42939138578383	22
-0.00307057479638495	0.322304509729284	121
0.00303193025648096	0.324541554898075	121
-0.059085395350689	0.571409436568876	261
-0.123646307210599	0.202693100319571	85
0.00501996185282605	0.311619147319297	119
-0.00425907908315704	0.576590553381207	91
-0.087525418434806	0.441298706829467	91
0.0739063786833411	0.592914452111195	46
-0.123239255822249	0.756546566626212	46
-0.06346181652179	0.669320926347011	46
0.101319106171653	1.04802503472577	372
0.114467107211042	1.26551636104845	129
0.012254165946806	0.714910707598016	93
0.00338279417024701	0.289417898088916	93
0.05663444425307	0.731150400607765	93
0.068053563040438	0.773889643297432	24
-0.1023103668079	0.6624480437923	24
0.108079394914365	0.844628519897679	6
-0.0671386446500391	0.839832730165188	6
0.114517471879865	0.892433210389511	159
0.101498887446653	0.450664930091071	658
-0.00488021784376302	0.306933777449825	427
-0.00861651880708802	0.453115786131447	84
-0.084398135091376	0.425481095604362	3
0.08700706524656	0.466389712073119	124
0.061776464608308	0.585497895944454	3
0.00623781657594802	2.49996051130882	202
-0.0102042826008319	1.07491295970461	44
-0.00608106280936605	1.13264847483217	44
-0.063001742551929	0.964956994254621	44
-0.085711466229085	0.428966127651296	442
0.067468675951566	0.920769732337792	22
-0.119338029272473	0.199061320289736	121
0.089362098530127	0.466516127626198	584
0.084696053929289	0.448414818911191	64
0.006380029726619	0.332098700403031	85
-0.026253950754262	0.701582736823657	119
0.00290202724062405	0.321256926493172	119
-0.010402245411136	0.437172408484212	33
0.011540117899513	0.719820600043308	91
-0.080984024926877	0.443320967651993	91
-0.059136730312746	0.571519558389382	46
0.071678351480271	1.03196523682872	46
-0.002093884425168	0.581498820608316	24
-0.0952154532587129	0.39265190014713	24
-0.118992484997713	0.197314502650746	159
-0.014833313804118	0.423936824183639	159
-0.00411366216114595	0.511342923083253	159
-0.082347516937737	0.425456641156762	12
-0.123978979030623	0.202441140232469	3
-0.108532898704483	1.42170718558203	1704
-0.10439672567489	1.03986522157967	44
-0.123808371197501	0.664325475140212	442
0.0361459987678731	0.944191403119763	442
-0.0936559088422479	0.582397501517114	442
0.060530610177574	1.03883386480312	22
0.00772144911879902	0.914759062906688	121
-0.092140825605353	0.571896106220988	121
0.074326366963115	0.6087685487381	121
0.070972976175575	1.2330204785687	118
0.083645445408981	0.45556148875631	85
-0.122351290626792	0.306770937597158	85
-0.035767535010212	0.662109699121582	119
-0.028348067260368	0.841113177895313	119
-0.116204949915588	0.851372742676314	33
-0.031320706783157	0.650623709589362	46
-0.060083848192853	0.568952717293475	259
-0.077950261044634	0.43979560101347	372
-0.00752437199068201	0.897887671390958	372
0.032155243555665	1.02780192081352	129
0.00519027207637801	1.00661136325428	93
-0.069031160672497	0.762783604211975	93
-0.0988041344884379	0.561003838472128	93
0.032471208380621	1.09407480471902	24
-0.103158314285217	0.840456919689019	6
0.00730495138082499	0.714843993074442	6
-0.123646307210599	0.202693100319571	159
0.068586101961795	0.591105619600551	159
0.094593326819251	0.466453397242953	159
0.00394081193155105	0.677979237269634	159
-0.122210214768702	0.306541152822373	159
-0.000290078696998042	0.327976123435365	427
-0.096527375892548	0.746864246447332	84
-0.00607830206861004	0.443415163109142	84
-0.120685790178244	0.667115455349153	84
0.024773702004788	0.831578089008209	347
0.109500803264324	1.0006155762178	3
-0.098244971065411	0.52630155018811	3
0.02512756745524	0.84739797421827	3
0.102313695834831	1.46839688521022	1704
-0.00421637233786698	0.893124881969034	44
-0.042819211273219	0.586710891502092	44
0.101435662556843	1.05464146873789	44
0.054666243337023	0.889347527279469	442
0.064253856456736	1.02025503415304	22
-0.02677432477584	0.888423457382727	442
0.065734741772682	1.27292361002783	22
-0.034316592264632	1.01771749830749	849
-0.099433020170115	0.66527779392769	121
-0.042874451491362	0.549894716065268	121
0.071250263642535	0.605741157941376	121
0.03439308541638	1.01101456091904	261
-0.061747928520573	0.560835810762738	261
-0.088333704507796	0.569260611220736	85
-0.0297893445167921	0.917701578356886	119
-0.099286416777943	0.554551914155598	119
0.00678824229757002	0.326388491662093	649
-0.010529958935646	0.796909173681245	33
-0.0429981540722441	0.778340093589836	683
-0.118681187055305	0.296497090102636	372
-0.027191404136595	0.977304334650655	281
-0.00139768319441103	0.326365269074333	1146
-0.124536666565925	0.205616970479736	159
0.065311358387853	0.573911493815426	159
0.00374445169395499	0.331923496071961	84
-0.098376023137108	0.732120446467661	3
-0.118349130364334	0.534295663428796	3
0.061187649572622	0.730852031877491	3
-0.122351290626792	0.306770937597158	332
0.01147754777294	1.17285378742857	1704
0.02512756745524	0.84739797421827	44
0.027345030179822	0.914094929946243	442
-0.027303348337046	0.706963565920517	442
-0.121359575253749	0.29269560097876	22
-0.091775800973709	0.422976527364119	121
-0.068494355817117	0.686008299398822	121
0.019881236732996	0.834581791305563	121
-0.064151327722641	0.676260636575507	121
-0.016237894832724	0.434412575594578	261
0.085162793439624	1.14317360176367	33
0.073814000640772	0.60881044125616	33
-0.123623066276026	0.302932180494399	259
0.00762700829231	0.588664969138024	372
-0.081882774365175	0.446962801020678	1146
-0.122395781391221	0.206681567866676	6
-0.120588450743308	0.202901816700143	159
-0.067243536322251	0.690532997472404	159
-0.018593819886902	0.763473792228416	159
-0.042209735732585	0.579716026566536	427
0.00110300984389	0.591686202366221	427
-0.025675637245302	0.900019615644589	1682
0.064862664382001	0.737436389844252	347
0.090207740712295	0.446679843772141	347
-0.081517284806747	0.442680293657591	3
0.09574325063169	0.456093346524225	3
-0.090524757071748	0.582997042820501	3
-0.027060851619244	0.691040649997152	3
0.101667442284425	0.930449311942042	3
-0.028718249724088	0.855073663393711	3
-0.036156009903602	0.79524884383155	3
0.067510723352754	0.847992428038591	3
-0.00355014326440295	0.451242549021645	3
0.106143804654464	1.70528386117488	1704
0.013048497057231	0.714343175426861	44
0.107541780864795	0.861897041500186	44
-0.072974074032732	0.813903468975962	442
-0.012613546537508	0.437643126903488	22
0.07280284869003	0.704512906606301	121
-0.0139692037727041	0.436543376212677	121
0.000916079695025052	0.575233472143508	121
-0.030472566306374	0.687368501231528	121
0.00285359820643605	0.565344844999516	118
-0.019475863637194	0.422175916304424	261
-0.049993061057956	0.568717355594407	85
0.077199668644059	0.593924245389618	119
-0.103221522227544	0.559157092682072	119
-0.103723911025798	0.835049564299737	389
0.121995349298569	1.04532095784545	389
-0.096679507524051	0.574824021610884	389
0.067991209007919	0.970566981108229	33
-0.062396477966835	0.688027491246453	257
-0.123978979030623	0.202441140232469	259
-0.122210214768702	0.306541152822373	259
-0.12461657087116	0.304058194527798	372
-0.063421382116491	0.547176075850535	129
0.00693857749740601	0.317806962929199	281
0.079446391456463	0.432270318956757	639
-0.102286214453913	0.554881048168269	639
0.087818723724715	0.459397660093533	174
-0.123978979030623	0.202441140232469	174
-0.124536666565925	0.205616970479736	610
-0.0949478411356161	0.570086244504412	159
0.112086458554244	0.6837580733861	159
-0.095778570919224	0.579395036670169	159
0.019278830674775	0.718625726791673	427
0.072011042496263	0.845561373182144	12
-0.121145653824998	0.202606753467576	12
-0.0868201010755531	0.580523613940957	1682
-0.0822010231643811	0.430115288965667	347
0.094593326819251	0.466453397242953	347
-0.084664009400497	0.430395533800606	347
0.0912058680022479	0.472902810675194	3
-0.095307443599347	0.551351953060877	3
0.00613472565249995	0.311523387843028	3
-0.00723284896260601	0.576622261905606	3
-0.00586659488007602	0.450906004211865	3
-0.00723284896260601	0.576622261905606	3
0.00526664916119402	0.334388877016082	537
-0.000706870140372962	1.38966732309322	1704
0.044206240485438	1.74966493276634	44
-0.0570047862044279	1.25741663254019	44
0.021159009644518	1.14407897280219	44
0.00363455004999902	0.96404328971021	442
0.059324286839572	1.01622731669457	22
0.051331938847309	0.792973692193653	121
-0.030880838626385	0.700979560715533	121
-0.098992090015706	0.762295320531286	261
0.00578660083068205	0.594637073267619	85
-0.028038225248692	0.714668301163928	119
-0.044543430529328	0.579124573818489	119
-0.026253950754262	0.701582736823657	119
-0.07372587202765	0.673562654288157	257
-0.0841822686438371	0.544537063129247	33
0.119357671106008	0.752013759759118	33
-0.118888985833527	0.559015836501722	46
-0.040592040874191	0.788926105421492	372
-0.124563978138377	0.300568473705484	372
0.0322599993166101	0.827857633573935	372
-0.096494604698789	0.671831838342793	372
-0.0707606476103651	0.431450919034824	129
0.11572408994525	0.886960226584867	1777
-0.00479218143171301	0.281579346722469	1146
0.094614573213053	0.461373576900583	1146
-0.013195820186944	0.454790224010527	174
-0.069174481365788	0.647259635762889	159
0.061630537990702	0.741547129455211	159
0.015967729450368	0.706490037243511	159
-0.096170991904901	0.570561769194976	159
0.122428718482783	0.873229803469338	427
0.017022058036455	0.695469109773615	427
0.0847654456265951	0.43148631497384	12
0.029854809336535	0.698457474974398	1682
0.0444409699638471	1.15733886124824	1682
-0.00418028214440802	0.322704336250723	3
0.065849945902838	0.915883652385387	3
0.062996570528822	1.42646937638013	1704
-0.015639125020663	1.33686052331307	44
-0.085913166319645	1.24385740866173	44
-0.09148961994195	0.402938768559387	44
-0.0942524473626321	1.07277163788411	44
-0.110145768347626	0.503290771935145	44
-0.058133143161844	0.554784352693178	442
-0.008361376725045	0.80750004154733	121
-0.063409622528261	0.678062529517027	50
-0.071818005321683	0.620414862497082	121
-0.00241008924630703	0.599093491535226	118
-0.123978979030623	0.202441140232469	261
-0.060946253609391	0.686624498080234	138
-0.103671532379928	0.754597346974898	389
0.0697525303898811	0.596481715317897	389
-0.00459339438480999	0.314260466417527	33
-0.00529264667523799	0.320041618550794	259
0.084286441754421	0.451503547203368	146
-0.095456176179064	0.577186462742752	372
0.122870547381844	0.740440556037974	129
-0.12183926934969	0.199117754874169	129
0.011613158708517	0.704894419507948	1777
-0.04372476382535	0.787324331024376	6
0.062010717600857	1.01535478647846	639
0.00533410557312497	0.593464388638571	639
-0.000290078696998042	0.327976123435365	174
0.123578227136659	0.730363164298541	12
-0.08684659558199	0.417742034496019	427
-0.047376427331011	0.570862909567837	12
0.000661435214378003	0.310562041300929	1907
-0.124536666565925	0.205616970479736	1907
0.064409108920182	0.807933440306957	1682
-0.082950458506271	0.440054628197836	3
-0.050869677254079	0.589311497562506	3
0.092502048695478	2.07417572835279	1704
-0.102453418131079	1.06565814277989	1704
-0.091764676871444	1.27861088922541	44
-0.08722734365628	0.960522640390347	44
-0.0518894691048391	0.77131381414729	442
0.060385081282875	0.855222158698195	442
-0.030901688037936	0.893483561721951	22
-0.0896274517239301	0.583601541352037	258
-0.095456176179064	0.577186462742752	261
0.073040592040887	0.944612793556848	389
0.106934224350934	1.07364064635363	33
-0.120956114373672	0.546282397821438	387
0.061552978538907	1.03551301446522	372
-0.080415355093611	0.437109035764081	129
-0.119338029272473	0.199061320289736	129
0.079470887749809	0.423832875017133	24
-0.081458002583654	0.442704712668486	174
-0.116942142349504	0.677001355743544	12
0.021900475330079	0.692417503450796	12
-0.123978979030623	0.202441140232469	667
0.00485956488016603	0.329679738407149	667
0.090014149805397	0.466906847694853	3
-0.016565403118758	0.44088029242711	3
-0.00391934610863398	0.580986970652244	3
0.00415061114213	0.33272994375613	537
-0.035988611787286	0.938343429600498	22
-0.039797989178863	0.670966575087644	22
-0.026050926710309	0.685241544198543	50
0.069260111847354	0.753364466167475	118
-0.09462107462449	0.568815029559237	584
-0.027011732524955	0.678010861658507	261
0.01723741720141	0.700974691579814	261
0.018361818638249	0.89402764320824	119
-0.00967010984223604	0.302860171108759	169
0.087792214387467	0.450654606188371	33
-0.00802576869430105	0.449203309765561	146
-0.122053292256754	0.190537165312293	146
-0.0847025959703101	0.426264822315527	372
-0.058987807009103	0.684543034671077	129
-0.01054926469199	0.452073129786603	95
0.0912058680022479	0.472902810675194	24
-0.035205379817481	0.688357329821673	6
-0.090219876628769	0.424560919088436	12
0.061962456122295	0.593438501531103	12
-0.093276833784835	0.564247121402436	1682
-0.00864699237724398	0.571881075492978	347
-0.124143570244149	0.553312377453112	3
-0.000871467696015982	0.317566461719138	3
-0.080415355093611	0.437109035764081	3
-0.123287732674727	0.199948384911517	3
-0.115555968765641	0.661130018817357	44
0.054609994886679	1.53056803828596	44
0.023398409147655	1.15545024159479	22
-0.122151477593511	0.673787691420327	22
-0.085798032277714	0.568465280655989	258
0.104918107246251	0.811839101135372	121
-0.058769922594603	0.573740004328748	261
0.027017118608157	0.815129350174981	119
-0.099552986242291	0.561652797766933	169
0.064925257742701	0.746529648333722	257
-0.122210214768702	0.306541152822373	95
-0.024950703847769	0.706732760138108	281
0.000881656308405976	0.325827943106655	1146
0.026903712074572	1.00453617510677	639
0.00303193025648096	0.324541554898075	6
0.00479331863710797	0.695477524349799	76
0.00116641036505405	0.586428875192458	12
-0.121145653824998	0.202606753467576	667
0.00653654434209305	0.322084276760236	667
0.06982279261585	0.597452084014632	12
-0.013821804776688	0.439024887911275	347
-0.123483302471992	0.306850987863111	3
0.061630537990702	0.741547129455211	3
-0.0557345804080191	1.70046754843365	1704
-0.00544717348903201	0.5684220479852	121
-0.08025153556814	0.431988188603628	50
-0.094593236492043	0.557436274538425	118
-0.085608969450658	0.418816838853813	138
-0.000157537104510053	0.326550597011606	33
-0.008727340489602	0.450534400814373	33
0.000661435214378003	0.310562041300929	607
0.067507710715136	0.614307330347771	6
-0.078280468472168	0.441364399068809	347
0.084316839605412	0.45096052929217	3
-0.0278994585527	0.640538230807421	11
0.000303899340924008	0.58841618657986	3
0.029335069024256	0.827970185375025	3
0.085484039274961	0.457101542756882	3
-0.034410543263372	0.931108606234458	22
-0.055009271631567	0.981924628182854	44
0.083645445408981	0.45556148875631	22
0.00542662323568499	0.31345790777126	50
0.00262668239341102	0.33028241849571	50
-0.085863817619147	0.671279561331576	118
-0.11241550687494	0.817476008249211	261
0.092763787993416	0.45217622525761	138
-0.123341858102446	0.303766749764013	138
0.108492631119409	0.856946972398367	33
-0.035372660868576	0.693240706610206	372
0.018064417287957	0.715916234311607	372
0.010285222725774	0.594601069480185	129
-0.08711936537172	0.419874229804604	93
0.017515514230364	0.708393584090032	6
0.023472425349885	0.890950453299551	12
0.071857815260913	0.602117071765673	442
-0.120760135602239	0.413834339182125	442
0.00150627156347105	0.322216713583856	22
-0.0869241123385091	0.646035729942253	121
0.102536923146944	0.437083968377648	50
0.015166046746975	0.29280525858727	50
-0.013821804776688	0.439024887911275	118
0.06266279677449	0.820404069647644	354
-0.121271506403894	0.271870558651605	138
-0.116713812805184	0.299734645919669	119
0.11062512821839	0.855095275862741	119
0.084671608758481	0.459488298005592	169
-0.107424333846069	0.727192162754403	169
0.014544080797616	0.717010462683157	33
-0.121481766360781	0.672645385449009	33
0.09043290076897	0.436969494728994	387
0.029854809336535	0.698457474974398	372
0.06982279261585	0.597452084014632	129
0.00655155972767096	0.685943360085472	477
-0.034988892608203	0.679149828954019	24
0.00272274961072705	0.798901048173189	6
0.085484039274961	0.457101542756882	425
0.006380029726619	0.332098700403031	425
-0.124205234291112	0.19946967508199	12
-0.033503977186519	0.698408186429034	12
0.092763787993416	0.45217622525761	3
0.060743522109267	1.09780862959942	86
-0.037716674898553	0.68402515494923	86
-0.059230134956902	1.114887085047	22
-0.082183581184026	0.566219734053634	22
-0.057265460611918	1.13532448033104	22
0.00455697374988495	0.31715385878454	248
-0.00304010545020395	0.56567809474153	450
0.013297514307166	0.306881152286976	450
0.00393920997395403	0.318437082164588	450
-0.123646307210599	0.202693100319571	450
0.00125174905759795	0.31083041269266	450
0.00154169818781802	0.312118671389049	118
0.00249065073031596	0.328528115687303	118
-0.106191203243044	0.712539095551623	118
0.086651334625274	0.459725622021526	257
0.090207740712295	0.446679843772141	257
0.00526664916119402	0.334388877016082	33
0.022608672298974	0.702586609717505	33
-0.12183926934969	0.199117754874169	372
-0.051724666468524	0.581063476565473	477
-0.123978979030623	0.202441140232469	129
0.00886565288741203	0.69212051945156	129
-0.025284669575948	0.699693794281455	648
-0.039935388351958	1.00215209908613	648
-0.074752290321243	0.440088185391823	648
-0.010766752483089	0.451292266283264	24
-0.081231524049497	1.09607771575365	24
-0.122729362829362	0.20187306156162	6
-0.074408499240869	0.666244601954437	6
0.027884891661322	0.91062260999027	6
-0.124536666565925	0.205616970479736	76
-0.122955400819693	0.195779320396137	3
-0.124536666565925	0.205616970479736	3
0.00567393012471096	0.324821725710155	248
0.066733016798085	1.24153808260451	22
-0.00139768319441103	0.326365269074333	258
0.00274159978687605	0.318509220243848	258
-0.120588450743308	0.202901816700143	408
0.075920761358296	0.416209170845259	118
-0.00802576869430105	0.449203309765561	169
-0.064592413798092	0.862262801780144	33
0.064768584741374	0.864956216966847	387
-0.00180665278778103	0.319627117607723	372
-0.079749208781111	0.446266539286799	477
0.08275878497531	1.22338231145763	129
-0.00287974875987596	0.982343494846043	648
0.00605222595408395	0.602261412931897	93
-0.0705419240649789	0.430932425752399	24
0.082479150739316	0.452966463665055	924
-0.12183926934969	0.199117754874169	924
0.124373764314164	0.755716220677105	924
-0.014929035122132	0.432333946306661	6
0.003652462703429	0.582954356219923	76
-0.120243813588236	0.196859875929223	12
0.06196567223657	1.26126015196666	12
-0.088403230774829	0.581458759092321	587
-0.117386161036983	0.647623811667286	3
-0.123646307210599	0.202693100319571	3
0.086651334625274	0.459725622021526	3
-0.117184833867362	0.194064298367982	3
-0.036855487280692	0.690467735022682	442
0.00415061114213	0.33272994375613	450
0.05525376998433	1.11968253439456	258
-0.075944547236599	0.417865595425876	258
-0.118436457482939	0.19362100531677	258
0.00122591233540703	0.322510250149983	258
0.00567393012471096	0.324821725710155	408
0.00137255800035596	0.328960641569524	118
-0.045986446507794	0.562854069305292	118
-0.049298353879165	1.07366964052183	118
-0.00512059133646703	0.306832471172123	261
-0.00376694789610699	0.314896087565849	33
-0.000871467696015982	0.317566461719138	257
0.00249065073031596	0.328528115687303	33
0.00636800778004898	0.587322853227764	129
-0.030547426559169	0.708214400847743	129
0.082408509213746	0.57999508923797	129
-0.011045290204271	0.445997752369245	648
0.11920296189211	1.39485702813414	648
0.00423093629682203	0.313513312816459	93
0.051688259646748	0.660569725336469	24
0.046708121446614	0.924044121788019	6
-0.122395781391221	0.206681567866676	12
-0.100541657122172	0.64740070030272	587
0.089383430021308	0.457945430128997	3
-0.123978979030623	0.202441140232469	3
0.077820148684159	1.05738558891179	3
-0.011243695562234	0.427901656872806	86
0.055595437739788	0.686003524348963	442
-0.011852579663449	0.429345940259764	442
0.094593326819251	0.466453397242953	450
-0.00934170843618198	0.45492322671815	450
-0.00283034056890297	1.32390344404958	258
-0.084352814806863	0.437309733903862	258
-0.121220542468127	0.303899766161232	118
0.110478885234273	0.395031460285013	123
-0.097942581699755	0.560249486870945	261
0.088870790294504	0.465858626375638	257
-0.097942581699755	0.560249486870945	257
0.010524658594505	0.688246737550167	372
0.00632023920088898	0.599699214813535	477
-0.094281496379693	0.683767681275985	648
-0.124837196096331	0.295247834837686	648
-0.0688493671984159	0.425600899061945	6
0.0680951941186641	0.610573741697626	6
-0.00245753542896798	0.57574546579889	607
-0.106495481126403	0.656010571818547	76
-0.124536666565925	0.205616970479736	425
-0.123646307210599	0.202693100319571	433
-0.124205234291112	0.19946967508199	433
-0.073878009877708	0.438190937403521	1025
-0.008727340489602	0.450534400814373	1025
-0.037077367037628	0.691720457218881	668
0.000251847046398024	0.326209238316887	3
0.0222591136225651	0.796300099240334	3
-0.122395781391221	0.206681567866676	68
-0.124970796550443	0.288860240082943	118
-0.055246003124231	0.681721195613653	118
-0.00702816247301197	0.451827957603196	354
-0.078441887021963	0.431086994898584	33
0.060901015871934	0.953200230845811	95
0.014396982749259	0.712844869999666	6
-0.058987807009103	0.684543034671077	76
0.087818723724715	0.459397660093533	425
-0.079888622034389	0.418822271012608	425
-0.00966247230778905	0.450304049119144	433
-0.123483302471992	0.306850987863111	433
0.019369381527634	0.713775070758109	307
-0.092108828690713	0.577800046639223	307
0.050645190022799	1.0602021680979	378
0.024824418940618	0.840152031259113	378
-0.038912185417158	0.671586749519599	442
0.094593326819251	0.466453397242953	118
-0.070055073535217	0.679221554092005	118
-0.123218115439097	0.55573133015253	118
-0.057794688712303	0.558963829052265	118
-0.103609614532077	0.546170438619815	118
0.073814000640772	0.60881044125616	261
0.00249065073031596	0.328528115687303	261
-0.00154835452424695	0.317077958755711	257
-0.013087686007981	0.449392604639908	1
0.08700706524656	0.466389712073119	1603
0.103525700671566	0.915370252955328	95
0.00455697374988495	0.31715385878454	95
-0.056085311308915	0.563948695712974	6
-0.000157537104510053	0.326550597011606	6
0.00249065073031596	0.328528115687303	6
0.00374445169395499	0.331923496071961	6
-0.124837196096331	0.295247834837686	76
-0.00127997098065602	0.323834639770185	425
0.00137255800035596	0.328960641569524	492
0.09576115512732	0.466219271426102	3
0.079446391456463	0.432270318956757	86
-0.084890385505635	0.438041176355955	68
-0.00813243631517002	0.45469246983488	272
-0.118822861457701	0.295951929434269	258
-0.093717436805122	0.393431838090195	118
-0.018559855375112	0.42136151180941	118
-0.097680152874265	0.574717149877585	119
-0.122210214768702	0.306541152822373	169
-0.120588450743308	0.202901816700143	1
0.090038285779373	0.471425583731613	33
0.089013460641224	0.458516039791108	33
0.0108947528326609	0.306405207203712	1
0.00789989567931404	0.324271281853468	95
-0.122395781391221	0.206681567866676	24
0.006380029726619	0.332098700403031	6
0.063983061643955	0.609182114929381	6
-0.121145653824998	0.202606753467576	6
-0.018984367003259	0.436175982275437	6
-0.124536666565925	0.205616970479736	6
0.078256160096557	0.423577984128374	1165
0.083645445408981	0.45556148875631	76
-0.053389024896363	0.590447258848544	76
0.000962279875037053	0.326134141383306	425
-0.117841835087697	0.301329793861255	425
0.000962279875037053	0.326134141383306	105
-0.074603450548996	0.426288137406983	68
-0.116231583766708	0.815240372451781	348
0.026688606103035	0.990749670789247	450
0.025555864211101	0.837515957019351	22
-0.086957403270748	0.678116270830406	258
-0.073709124439123	0.439481315510132	118
-0.084746360552676	0.426495945134197	1603
-0.119338029272473	0.199061320289736	1603
-0.00139768319441103	0.326365269074333	477
0.00805253884513702	0.324366577950008	477
0.087818723724715	0.459397660093533	477
-0.028372554532879	0.707338570217988	1
-0.077739518492411	0.736396132383014	6
0.073280038235252	0.93952020141068	6
-0.012660236582702	0.430169848523498	6
-0.066460827979078	0.694310875106622	12
0.062358773139345	0.743127691549162	492
-0.0690988576179991	1.17245452168647	1307
-0.051644387529128	0.573713829178265	22
0.00182041354937401	0.604468113113384	22
-0.00171627663937801	0.439399967670986	118
0.063387685195881	0.589728207072776	118
0.076673060756478	0.600608035423785	118
-0.079578372899741	0.448921020919638	119
-0.122053292256754	0.190537165312293	95
0.014884952809189	0.291509846654051	6
0.093425576099902	0.462276792316144	6
-0.120588450743308	0.202901816700143	6
0.086651334625274	0.459725622021526	76
-0.094465184480919	0.409293551170211	425
-0.121220542468127	0.303899766161232	492
0.000881656308405976	0.325827943106655	289
0.08668117460659	0.456235801927897	68
-0.12475670868669	0.302995586223995	86
0.006380029726619	0.332098700403031	307
0.094938953426596	0.433760631107945	307
-0.031427708998728	1.85223508275789	348
-0.0833128684236391	0.751573802392261	22
-0.053323656250351	0.577743252224266	22
-0.0443232345532491	0.570405048935522	272
0.00836176231979002	0.588184020046116	118
0.067507710715136	0.614307330347771	119
0.07312338499075	0.572692222468654	119
0.065217845654746	0.612078976303918	48
-0.097000654271457	0.573920319615427	1
0.086198563936714	0.429854587507087	1
-0.122729362829362	0.20187306156162	33
0.076331839154323	0.603455377969365	1
-0.104255292061578	0.542352322859879	1013
0.083645445408981	0.45556148875631	24
-0.0914223321763959	0.578434012116065	271
-0.012069046829725	0.520300408089789	6
-0.00570484713924602	0.314612102986565	97
-0.00570484713924602	0.314612102986565	6
0.015839079572038	0.719480959357229	76
-0.010936841747838	0.446460866278505	433
0.0225893171096631	0.711992858815618	12
-0.040894860159948	0.560274682044429	12
0.0671710230350731	0.735711774883533	492
0.062947997170809	0.753078078605387	289
-0.014193871634765	0.435098225020215	307
-0.120588450743308	0.202901816700143	307
-0.00244039020600495	1.3052372475179	378
0.094912428442964	1.29263023938677	378
-0.096941597893323	0.876708582799623	22
-0.00241008924630703	0.599093491535226	123
0.0645295472973501	0.915382105055814	118
-0.108176034529266	0.528741555958308	1237
0.078618419384101	0.603051845431971	5
-0.077076743888754	0.426418063722851	5
0.00805253884513702	0.324366577950008	48
0.091230758263221	0.470449181088585	1711
0.084286441754421	0.451503547203368	1
0.012097280545432	0.310844949504825	477
0.000962279875037053	0.326134141383306	477
0.00526664916119402	0.334388877016082	1
-0.120802258882088	0.190973477651155	1
0.065384607775988	0.733761983013123	24
0.010609406907497	0.308806788046046	6
-0.119108042435158	0.301608734287381	6
-0.12461657087116	0.304058194527798	6
-0.012042564332063	0.43247652155233	362
-0.122210214768702	0.306541152822373	12
-0.011465031452133	0.555155090021763	492
-0.030484095904601	0.99096827200598	492
-0.076283045420846	0.772402270929523	86
0.06415589013624	0.930009059114985	22
-0.124536666565925	0.205616970479736	971
-0.084398135091376	0.425481095604362	118
0.00137255800035596	0.328960641569524	5
-0.122395781391221	0.206681567866676	5
-0.124536666565925	0.205616970479736	5
0.060721834362041	0.589493891421817	169
-0.015006380287008	0.39253530414677	683
-0.094930501995957	0.672871806916547	1
-0.00972098572753499	0.448023492856066	477
0.103464565492553	1.051005721896	95
-0.121220542468127	0.303899766161232	24
-0.028775980963632	1.02145254535828	6
0.107906953663539	0.831672016321288	6
-0.001613839328649	0.569866564491743	6
-0.117184833867362	0.194064298367982	76
0.08668117460659	0.456235801927897	305
-0.00127997098065602	0.323834639770185	305
-0.123483302471992	0.306850987863111	12
-0.123761139667551	0.290641322571932	377
-0.046365526647249	1.49871987550878	22
-0.084756976029678	0.836093307476055	22
-0.00291600984276097	0.318096889975724	348
0.075560636771157	0.60627960992666	118
0.00262668239341102	0.33028241849571	118
-0.118992484997713	0.197314502650746	914
0.085839296065074	0.464928465157793	22
-0.121145653824998	0.202606753467576	272
0.012384019402757	0.300231368261669	118
-0.0460557781483461	1.26314077097505	118
-0.00497605061106499	0.576653221716492	5
-0.118832554279903	0.286341597671654	5
-0.117184833867362	0.194064298367982	5
-0.12183926934969	0.199117754874169	1
-0.078197926325027	0.729900773144739	683
0.072384322622267	0.608206404799992	1
-0.121079829457092	0.306461337324852	1
-0.009146321136694	0.563972780959701	271
-0.041007499940698	1.30427937138097	221
0.00749073820928303	0.323924732406148	6
-0.00570484713924602	0.314612102986565	216
0.124243498682593	1.48331895153326	6
-0.120588450743308	0.202901816700143	12
0.084649235077039	0.451176836691332	774
-0.120588450743308	0.202901816700143	86
-0.121145653824998	0.202606753467576	86
0.00374445169395499	0.331923496071961	86
-0.108183667179958	0.65597707195993	22
-0.0845735023241771	0.430100399934991	118
0.083449707450412	0.699436825185566	22
0.064369615107518	0.580402234343115	118
-0.00663915978131802	0.577065879046379	4
-0.00281242019776296	0.313012964154144	118
-0.083118330082285	0.569962080254237	5
-0.080644873216469	0.446785973147695	1
0.000962279875037053	0.326134141383306	48
-0.064532244244657	0.68653712075417	48
0.094593326819251	0.466453397242953	1
0.094963349466798	0.447941111131826	1
0.059655701525954	0.716330624892944	683
-0.076409146406239	0.444506411267396	1
0.031246595802722	1.10239643391173	1
0.073093643809335	0.607462354419672	1
-0.00350343087573601	1.0565802724798	221
0.104058364378859	1.1281300032662	6
0.029771945877054	0.938131661244019	76
-0.120588450743308	0.202901816700143	187
-0.123287732674727	0.199948384911517	433
-0.011655387290886	0.449818065625604	289
0.089013460641224	0.458516039791108	86
-0.0464441825327751	1.18502126364796	348
0.045889155415655	1.68810840577526	118
-0.011982150404555	0.45456965883338	118
-0.0751683052353021	0.442630044420679	118
0.06703260317425	0.737915127901244	118
-0.000290078696998042	0.327976123435365	118
0.000962279875037053	0.326134141383306	118
0.118925484558985	0.735084845095183	5
-0.037299571022836	0.567577485515485	48
-0.077286414759665	0.878376086441379	1
0.0000499201325040444	0.304803639250056	1
-0.023060001579804	0.756843844184953	1
0.119669288895022	0.715721971848964	1
0.087818723724715	0.459397660093533	1
-0.0614619226038861	0.789172685158976	1
-0.00483620590065903	1.12359910354804	1
0.00122591233540703	0.322510250149983	1
-0.000290078696998042	0.327976123435365	221
0.068626451119443	1.1019626788184	216
0.00303193025648096	0.324541554898075	76
-0.122395781391221	0.206681567866676	76
-0.123978979030623	0.202441140232469	433
-0.051008004267146	0.571572859376898	549
-0.039302842724078	0.772238351731944	86
0.079035482402721	1.4832471778825	348
0.075855858158573	1.04898816116456	118
0.028459590097891	1.18593355487249	118
0.124938995335546	1.31242343081723	118
-0.013178799198922	0.801490613514897	118
0.113311403692143	0.893915157470435	118
0.067326114342068	0.610485858115258	5
-0.00564578331138399	0.422418248771372	138
-0.085436145918469	0.427226016116579	5
0.00805872082664305	0.759893016673055	1
-0.058877508402286	0.682520949848844	1
-0.09210028809044	0.68230454855994	48
0.0246456694967651	0.805364769800748	1
-0.037319088401741	0.676406893503001	1
0.013404995720817	0.725014617951916	1
-0.00813243631517002	0.45469246983488	1
-0.122490686081453	0.300161340762551	1
0.115623633521721	0.86701401980066	1
0.022557708917372	0.998610524605647	1
0.074820261261272	1.21494243905958	1
0.060907810014426	0.590743909307139	1
-0.093418351527548	0.678746930762154	953
0.011613158708517	0.704894419507948	221
0.087810349381215	1.12263388561845	216
-0.122312669508172	0.291071608882035	6
0.094950103184552	0.448315312561756	305
-0.066150720189884	0.697325456539028	86
-0.066197374109535	1.47299025773373	348
0.01976714579382	1.01904385588827	118
-0.081403487072553	0.832644822484786	118
-0.090409781560045	0.669831789565501	4
0.087847271339345	0.458840464412753	123
0.068507320227901	0.96381381818769	1
-0.034332368667365	0.803539684353322	1
0.10010342451316	1.06611794894957	1
0.08700706524656	0.466389712073119	1
-0.120238977315936	0.29994852930166	1
-0.012715229210581	0.441179022344809	1
0.006380029726619	0.332098700403031	1
0.083118042020488	0.445528196632185	1
0.082479150739316	0.452966463665055	24
0.121598393750971	0.710821217920481	6
-0.00343850754397201	0.443425317854151	6
-0.015132396524573	0.436529821864851	362
-0.00702816247301197	0.451827957603196	362
-0.00813243631517002	0.45469246983488	12
0.026350851417861	0.847959680556231	511
-0.00845110977513997	0.814309963987905	348
-0.122826032562774	0.750288700343098	118
-0.01044723221636	0.452644667395625	118
0.105487623224813	0.992447504718777	118
-0.109725506733176	0.64649839528461	1
-0.00333886006606499	0.973137239963265	1
-0.0334387439364801	0.688272992458289	1
0.069859122556898	0.731434562246314	1
-0.095905786396505	0.390720274733723	33
-0.100871368197372	0.549858639119961	1
-0.076747601858416	0.650203551418287	1
0.106046255626874	0.84207836966296	1
-0.00375833257305203	1.05528000652513	1
0.0335437658676	0.841117652978001	1
0.0662974779115439	0.585932018828671	888
-0.019532902174631	1.0849072212453	6
-0.107514900894162	0.930434231136726	6
0.058154725676895	1.10199446655273	216
-0.119543309086196	0.814413761059961	216
-0.065700433956792	0.680339482606909	6
0.10067435978362	0.424344859714922	817
0.006380029726619	0.332098700403031	433
0.090038285779373	0.471425583731613	433
0.00249065073031596	0.328528115687303	433
-0.084664009400497	0.430395533800606	12
-0.089231960500044	0.41885299582364	289
-0.041723154544909	0.568229699691952	86
-0.105151169240924	1.93518025797739	348
0.088482513232757	1.27661377713351	348
-0.046522923641853	0.578692800214995	118
-0.122210214768702	0.306541152822373	118
-0.123978979030623	0.202441140232469	123
0.086347271486417	0.435659801376112	118
-0.123574787744366	0.296735620411499	118
-0.119338029272473	0.199061320289736	5
0.00936302907281295	0.913354449471643	33
-0.122395781391221	0.206681567866676	33
0.00237560898882105	0.320468397683853	1
-0.00597358253821601	0.45157502399264	1
-0.097393299778138	0.555867867843797	888
0.112364448180553	0.845682300898955	216
0.088195467367445	0.468592780918975	216
0.099165315463291	0.450837397724034	216
-0.063338772956551	0.850570211404444	89
-0.122448995944979	0.298373400149671	76
-0.123646307210599	0.202693100319571	817
0.00207946548274596	0.322728191473227	12
-0.024648152541792	0.86079403604281	88
-0.12183926934969	0.199117754874169	241
-0.12475238428933	0.190552142774941	86
-0.124536666565925	0.205616970479736	86
0.110291524581669	0.875432719443593	348
-0.114758042141899	0.535818935016583	118
-0.00101953587732095	0.575134414170672	118
-0.002093884425168	0.581498820608316	118
-0.120238977315936	0.29994852930166	118
0.00875988577056797	0.315638605131044	118
-0.102960229542795	0.540927035890231	4
-0.0377562256206681	0.808968443224043	118
0.00916381775683095	0.324219882716138	118
0.11940447432618	0.702535122855508	1
0.044337546382589	0.976649958425543	33
-0.12491093957247	0.738559825669603	33
0.00388295690053797	0.575055178345871	1
-0.00525661025443802	0.44455813752179	1
-0.069186470685202	0.806360280514498	1
-0.118436457482939	0.19362100531677	953
-0.0482654016502601	0.593693314437135	6
-0.09475458411478	0.908098834782635	89
0.000962279875037053	0.326134141383306	305
-0.119338029272473	0.199061320289736	88
0.095727412776093	0.430460714047516	12
-0.073387082038527	0.788728478925782	241
-0.101399103947354	0.868489695472844	348
-0.109703965586951	0.782085196552586	348
0.0277555446016901	0.954010573420625	348
0.035292601448921	1.01840456819987	118
-0.037966388282887	0.776972236228877	118
0.110959156941779	0.855538341026371	4
-0.10515774197365	0.541728865960469	118
0.10877059760818	0.958777901869176	118
-0.00154835452424695	0.317077958755711	118
0.123456731366178	0.875825470446888	1
-0.124363235465887	0.667047731082751	1
-0.023317708663478	0.690199070186588	1
-0.00834248291940798	0.805187215798436	1
-0.114731922412722	0.291315572525307	1
0.00433913197708902	0.599664769179458	1
0.00693857749740601	0.317806962929199	1
0.118559751755792	0.873291520994869	24
-0.067051204549395	0.859509959865416	1
0.022780575588164	0.886213731801484	953
-0.013299753595859	0.815038517141138	888
-0.020090940073333	1.02892513022998	6
-0.0110776658296869	0.870779298092336	6
-0.00240841874833297	0.955826258799775	6
0.076430460174016	0.584346399225738	89
-0.000694642989574001	0.594543130929431	89
-0.00949582547744199	0.431132299621019	89
0.085427878997598	0.438763953586946	1574
0.096929059004087	0.461668398442193	76
0.089013460641224	0.458516039791108	76
0.00262668239341102	0.33028241849571	305
-0.057564686422193	0.546270635595269	88
-0.085798032277714	0.568465280655989	88
-0.081517284806747	0.442680293657591	12
0.026274542925105	0.830345938005683	241
-0.100828295293744	0.527026709123186	289
-0.044087219701778	1.1886732506559	348
-0.104012280162221	0.648743623588687	348
0.0668493078786629	0.724540934545411	118
-0.092606801126993	0.681807723316528	118
0.083480694834523	0.576098256990904	118
0.00730495138082499	0.714843993074442	118
0.097952337942518	0.96337888776562	1
0.066831932830425	0.730496970475353	1
-0.057636140276046	0.699368288346983	1
-0.102026202910434	0.546197765500616	1
-0.051644387529128	0.573713829178265	1
0.109342802518724	0.881281166678362	1
-0.054825510005588	0.7651339904843	1
0.039754736005132	0.784194054161629	1
-0.089941537368006	0.683462288726128	1
-0.024045700177325	0.867708713053021	1
0.066365707812729	0.751868562907311	1
0.014727239969739	0.706357231243842	1
-0.098295005726051	0.664089057930013	89
-0.057257410776491	0.578124692233159	89
0.00426377120518395	0.695230166515023	89
-0.081689290444445	0.665064023755856	89
0.00055220533779099	0.312090653411358	76
0.00154169818781802	0.312118671389049	76
0.0912058680022479	0.472902810675194	76
-0.083594734567466	0.438383822512916	12
0.122277870017531	0.748090063299746	12
-0.014062977275799	0.809614552676574	12
-0.11115954357792	0.746490173154793	289
0.028574355421761	0.898281689963964	289
0.06310358717135	0.841061239692776	289
-0.097361232562983	0.574889902059865	86
-0.0435348142193051	0.756490230488226	552
0.015564209498606	0.733763328480145	86
-0.0256766135593099	0.934348836843958	348
-0.04393127951029	1.09297512908086	118
0.06363648198634	0.952351180753385	118
0.121231426183085	1.30920527147899	118
-0.022372548841169	1.10402585893564	118
-0.122766627668024	0.720018893977436	118
-0.0593306534565991	0.869698304702365	118
0.00195978055667501	0.431037101760888	4
0.109819113115429	0.960472117097772	123
-0.058530794145976	0.773366576779357	118
0.070848787347724	0.588485917484485	118
0.087651985402295	0.449542038772598	5
-0.02778017905542	0.876461089018911	1
0.00281408750063095	0.676313016946703	349
0.06222522468499	0.910340265778433	1
-0.031642732573525	0.792115510190552	1
0.117050458864948	0.968966832014081	1
0.072165639215715	0.585019053392657	1
0.00567393012471096	0.324821725710155	1
0.108405318995798	0.96104382372446	953
0.00858577347026401	0.715218320537946	953
0.031259177888541	0.895556218603831	888
0.062409215185155	0.849530661463117	6
0.00254045090425503	1.23558172760288	6
-0.074716946576833	0.78241712505473	6
0.095918719475878	1.05294557284861	89
0.00406443787495403	0.596807489788176	89
-0.013045386558584	0.536093486929588	864
0.034717714632675	0.917802619589321	1731
-0.09193395778204	0.424869706177067	76
-0.086048940362172	0.427426663323895	88
-0.00923736050072499	0.452422772153253	88
0.01741268407193	0.722265952972468	12
0.014115624344414	0.579456615866927	86
-0.124205234291112	0.19946967508199	86
-0.0352819899148	1.37950646512676	348
-0.098339345269414	1.21455511633023	348
0.124245739696558	0.732774265050992	118
0.120630143947205	0.872067756279058	4
-0.068147019557557	0.684169946678243	4
-0.123483302471992	0.306850987863111	4
-0.00238220392805399	1.03656017616815	118
0.119048530243936	0.873727346390358	5
-0.122775575453982	0.287155688077363	1
-0.020622245890385	0.407935564707415	1
-0.0159387443618459	0.432344762628334	1
-0.016110510359333	0.397165758151306	1
0.08668117460659	0.456235801927897	1
-0.04130879746694	0.783634441053119	953
-0.000157537104510053	0.326550597011606	888
0.026485169986427	1.0135964251035	6
-0.074752290321243	0.440088185391823	88
0.020368721197912	0.829677621212488	289
-0.081002990680389	0.655115913337801	86
-0.01054926469199	0.452073129786603	552
-0.00399369644798397	1.2336832898105	348
-0.098387122648382	0.904857188853343	118
-0.124365688685899	0.430716272519482	118
-0.059136730312746	0.571519558389382	4
0.0876766611541781	0.460044867522333	1
-0.063262563097246	0.550031363827887	6
0.09242277904924	0.45781879381133	6
0.014753792399622	0.695871883725141	1731
0.090038285779373	0.471425583731613	88
0.011852590103118	0.712686844314624	88
-0.081296680063244	0.443527968748281	88
0.102766315767244	0.829070288881612	12
-0.048020014761207	0.867680768874922	12
0.076517970832963	0.597490570840755	289
-0.119601655710463	0.676180333035526	289
0.06222522468499	0.910340265778433	118
-0.0911374229462441	0.569018879157051	118
-0.1069462582434	0.974111347829981	118
-0.051280488291624	0.771510865810155	118
-0.030547426559169	0.708214400847743	4
-0.0928274130361	0.559617585218703	4
-0.0636990405860141	0.695827321445993	118
-0.058769922594603	0.573740004328748	5
0.117283830403817	0.896989695584574	48
-0.035394297333577	0.949028601579732	1
-0.120238977315936	0.29994852930166	1
0.031096771168144	0.928373063860392	1
0.084286441754421	0.451503547203368	1
-0.00702816247301197	0.451827957603196	1
0.00136027378427706	0.792690527967654	221
0.087707143858794	1.18420322998248	89
0.00290202724062405	0.321256926493172	864
0.107554695322575	0.87123919316206	305
-0.075344181415221	0.441790189964274	305
0.033204398104757	0.845134071890366	88
0.052302111495234	0.673978711384093	88
-0.00858378386349801	0.947547523972595	12
-0.079017454325253	0.431867122355214	552
-0.078116595860125	0.443961534684252	552
-0.084500594979101	0.957724767633229	348
-0.062578585390486	1.31490898561131	348
0.097899022640173	1.52970585383658	118
-0.086328158367358	0.419793673572077	118
-0.09536278107317	0.767450365897277	123
-0.08545612868439	0.689124486019645	123
-0.00598783620334198	0.551944495744723	4
0.026547170112715	0.817695249644224	4
0.0566961628089721	0.893280696560511	4
-0.064819926504004	0.81742821231149	4
-0.080065384251793	0.442029047666798	118
0.052768316064944	1.14663012203968	227
0.093912943661674	0.457697434312836	1
-0.07749806211462	0.919329985604003	1
-0.065550798247071	0.772429976930904	1
-0.044752178250439	0.795625480021876	1
-0.097292267531824	0.91759078096387	1
0.010272399492407	0.317804401251004	1
0.066702209809676	0.706264888881291	1
0.104272285394193	0.988489653604515	1
-0.011954256956929	0.293332714213239	1
-0.024166144215692	0.693029419281774	1
0.024600833585024	0.900903910706668	1
-0.059654861277862	0.697943250903061	1
-0.062358152856587	0.546968831776253	6
-0.010649041122735	0.442860779181762	89
0.00249065073031596	0.328528115687303	89
-0.064013762232771	0.686042437405126	76
-0.061104816201394	0.55572134818901	89
-0.097000654271457	0.573920319615427	1063
-0.00823683596581204	0.452044880027493	88
-0.097607189126932	0.558402816717538	289
0.109500803264324	1.0006155762178	552
-0.089238346469207	0.899438112289225	118
-0.01612699703716	0.679158836966131	4
-0.092960675302467	0.775644024947433	4
-0.116420598820745	0.658227793306951	5
-0.062795941455131	0.797019917267845	1
0.108860435760136	0.983392166886106	1
0.071533577665738	0.867739732556613	253
-0.00183442768827602	0.43317391513342	1541
0.06742822795798	0.753107486368737	1
0.027049111127461	0.993213742650922	1
-0.087851261774476	0.417715516725769	89
0.091257685437399	0.452662488247491	89
-0.075759798707286	0.667783321605373	89
0.016366658808163	0.688054582191728	76
-0.011067305345301	0.825229477226734	12
0.122180896830287	0.863195247028983	12
-0.066944442072794	0.835027497178938	118
0.070146840940884	0.830485717071222	118
-0.0263203779750411	0.847072851525013	4
-0.033056003994046	0.690438518400144	4
-0.085058620690294	0.446452827005955	4
-0.117923338685336	0.675038877150509	118
0.00916381775683095	0.324219882716138	227
0.069989662426022	0.747711624368521	1480
-0.00611797485683097	0.785850392906749	1480
0.0136620956053251	0.728786078065964	1
-0.056885224865342	0.567816668436513	1
0.0695274634155591	0.735982682641189	1
-0.056458887142374	0.691901076039629	1
-0.122583608184246	0.295333323502431	1
0.089383430021308	0.457945430128997	1
-0.120016431894531	0.542090008918041	221
0.022354024441139	0.723118068786891	6
-0.116753292227656	0.673023474928052	6
0.00511691184992102	0.6981762117786	6
-0.098674016330303	0.76711617249719	89
0.000823328758739028	0.604475208651052	76
0.069595878311262	0.753205876001477	76
-0.123037124310935	0.291538953028874	1063
-0.00631597195393896	0.299995914149594	305
-0.015132396524573	0.436529821864851	88
-0.000290078696998042	0.327976123435365	88
-0.00215268548871606	0.600064936645885	88
-0.099706288747123	0.547997077220565	12
-0.091055514225447	0.413248208731915	289
0.0757212261402001	1.06028506747431	289
0.075096805956729	0.599654352399304	289
-0.00681895571684399	0.312095506310858	86
0.117550903719186	0.996816797035689	496
0.052921293474049	1.08415501817809	118
0.058837137060107	0.841339169716462	118
-0.052925841280099	0.871264676312105	118
-0.0408061980087649	0.801196595030477	118
0.070129081415356	0.84824541764201	118
-0.015617989166841	0.445336180644803	118
0.018186951467996	0.67531416284421	25
-0.008006099942241	0.423926592676632	743
-0.12447475234384	0.295788538109107	743
-0.012715229210581	0.441179022344809	743
-0.00597358253821601	0.45157502399264	4
-0.050869677254079	0.589311497562506	227
0.092730505054474	0.455634969143008	5
-0.000157537104510053	0.326550597011606	5
-0.072296069164239	0.790381022420324	1480
0.124238241802156	0.758212874403073	253
-0.101703966123939	0.652850764207259	253
-0.057402051988009	0.679948197871362	982
0.070382164131797	0.722792338727109	1
-0.113199734675291	0.547372736233365	1
-0.093077410718222	0.567594345786999	112
0.121909235990505	0.885292676113188	1
0.00875453443395102	0.691944105032572	1
-0.052262434163262	0.569362540682241	1
0.062336470094978	0.584488359804498	6
-0.0482654016502601	0.593693314437135	6
0.00728392829835201	0.913388822424865	89
0.067738059176251	0.962264930435711	76
0.00136998194524096	0.909972764355178	76
0.029161960594193	0.848743289048677	89
-0.00365949893365802	0.450326345135724	89
-0.123483302471992	0.306850987863111	88
0.067532859084822	0.597020205678978	88
0.000562427989623027	0.60147119467121	88
0.0680951941186641	0.610573741697626	241
-0.092763330020136	0.560803373457178	241
-0.084389950562731	0.754062343216837	289
-0.012715229210581	0.441179022344809	143
-0.033961132733219	0.69409883926533	143
0.03999288553975	1.40193097301635	496
0.064795226614938	0.840165232406416	496
-0.011914017763092	0.820449561142702	496
0.00817843438168497	0.983409518653385	118
0.11159570081453	1.24770417980937	118
-0.024847130103565	0.671466244341643	118
-0.053323656250351	0.577743252224266	118
-0.121079829457092	0.306461337324852	118
-0.00139768319441103	0.326365269074333	743
-0.01044723221636	0.452644667395625	4
0.00141907797519703	0.589215543063511	4
0.0666630038752	0.597826974391819	4
-0.122210214768702	0.306541152822373	5
-0.011783813648186	0.542621483916506	48
0.00208312383876497	0.603852969015685	253
0.06755432751128	0.737147253955387	253
-0.09234629820123	0.565673851029329	982
0.105649747034486	0.980286396083092	982
0.067716851851708	0.603384811109859	1
0.0836199179685701	0.453161809750139	112
-0.117290379352045	0.667859496925154	1
-0.00529264667523799	0.320041618550794	1
-0.04548407952665	0.57471348562193	1
0.103830048861236	0.840458196427752	221
0.006390835261608	0.584140883829406	221
0.00249065073031596	0.328528115687303	89
-0.058293743302096	0.556412139980233	76
-0.045342050683119	0.587787726263602	76
-0.00393918357063505	0.305183486147699	89
-0.00934170843618198	0.45492322671815	89
-0.123646307210599	0.202693100319571	89
-0.106977482319646	0.265090581427149	305
0.00485956488016603	0.329679738407149	88
-0.095157827668467	0.570354048210356	88
0.062559661439899	0.847990625285446	88
0.012188799396042	0.722212588209861	88
-0.039060127917947	0.85580563656365	241
-0.01392117436145	0.440151987513129	143
-0.057295707116742	1.30137860408379	496
0.01860706339677	1.12814905577115	118
-0.074522753088604	0.818326830798096	118
0.061273150843279	0.56614938199484	4
-0.03562074660574	0.870712219516999	4
-0.0503802396577691	0.773440962743821	4
-0.036736193872145	0.690896853067364	1
-0.025745730065011	0.902080134854376	1
-0.012245117916765	0.802621193155583	982
0.081447009881794	0.587370337489234	1
0.053361678913633	0.798959352123812	112
0.070848054796265	0.745716265681133	112
-0.02719144224979	0.717693892493438	112
-0.089672040047745	0.7761580150632	1
-0.029422059285148	0.968547622394977	1
0.071441603357931	0.601640710485758	1
-0.00934170843618198	0.45492322671815	1
-0.032827716595171	0.994273419908242	6
-0.031664484045658	0.684095998982964	89
-0.104123750988922	0.552410695182458	89
-0.060435721700558	0.552470429978047	89
0.066638922575542	0.597697460954332	88
-0.096718486355618	0.556143747790323	88
-0.098582830439732	0.574095327879981	88
-0.00713525248024405	0.563061279804003	241
0.00551882841404305	0.670378766940769	289
-0.00663915978131802	0.577065879046379	1030
0.107632990080132	0.956372277828678	143
-0.040683684022645	0.782505783302423	552
0.058014381181028	0.688405775493355	552
0.04738873401685	2.4177624881517	496
0.089894180647742	0.990454292956428	118
-0.095397750850693	0.898910087515726	118
0.110295204551821	1.25038251702286	118
0.030139905585496	1.01906305000657	118
-0.016036920972928	0.418015997417733	118
-0.011755108524711	0.445576756495428	4
0.000962279875037053	0.326134141383306	4
0.075467068197431	0.586471958286952	4
-0.118904092253751	0.759253445211702	227
-0.113307441798604	0.931543952588507	227
0.09239713705338	0.471915434291117	4
-0.025166854972602	0.689049346307631	4
-0.054105781254267	1.00024209693424	4
-0.052353846144676	1.17405147436326	4
-0.092400222003388	0.883839023294227	1
-0.030094285398206	0.685114802958452	1
0.093672338234453	0.910219489962433	1
-0.0181515516452579	0.419387065577858	112
0.061282865269518	0.585994640475348	112
0.075560636771157	0.60627960992666	1
-0.12475670868669	0.302995586223995	1
0.077472552639462	1.02304442154808	221
-0.084483734695746	0.428826877849778	6
-0.093557224669566	0.408641518886116	89
-0.0359985699633441	0.803084149335717	89
0.050109643239954	1.09872677165577	89
0.011174401439333	0.989052339552129	241
0.061906008484898	1.1296234655218	241
0.067326114342068	0.610485858115258	289
-0.025027920028973	0.695838435747207	289
0.100349546493341	1.0422469215005	289
-0.124427075612283	0.550644522672966	86
0.069595878311262	0.753205876001477	552
-0.09015789188012	0.675117467170276	25
-0.09523152838013	0.671963571415761	743
-0.041038445714803	0.806197847137819	743
0.072362163130594	0.859498633315363	25
-0.010936841747838	0.446460866278505	4
0.0699500190049171	1.30278488825573	4
-0.122096682203016	0.711789631646616	227
-0.086730024566983	0.686738173661074	4
-0.01392117436145	0.440151987513129	5
0.00987185502634702	0.682910434208579	5
0.030960189746947	1.06254208163216	1
0.09765968578956	0.921654846071809	1
-0.122210214768702	0.306541152822373	1
0.0800900286069039	0.438023813462103	1
0.018930911196771	0.81669440257034	1
-0.010936841747838	0.446460866278505	1
0.087028914880774	0.467124033318988	1
0.109877277330592	1.22935564893053	1
-0.068357829156651	0.790176486161655	476
0.06486142443111	0.600955434269567	1
-0.072398918118658	0.649590534863704	1
-0.124895155938021	0.293152201168165	221
-0.00967983737504996	0.828375757099633	89
-0.123646307210599	0.202693100319571	89
-0.069490703242731	0.788668221750346	89
-0.117714307374792	0.671705848909585	76
0.075967837466895	0.585248347350728	76
0.078997459649319	0.583242736251162	88
0.0365432007600029	0.892154655367355	241
-0.100430888671545	0.66036518220596	241
-0.077950261044634	0.43979560101347	241
0.082452322497264	0.453457986536853	289
-0.102791473602114	0.748561501994258	289
-0.052761732127956	0.586727358947471	289
0.101155398783244	0.96782874323956	86
0.063674663843424	0.73619329514605	552
-0.00707805502750003	0.449352356388047	552
0.020737489838219	1.05267051402856	118
-0.0381283509665979	0.933864017279131	25
-0.053166424525645	0.585509791330502	4
0.031195075842935	1.13307562000638	4
0.084797792117533	1.18614998127463	4
-0.0965309066512841	0.753054879795594	5
-0.07714056252357	1.03403418549009	1
-0.122645396231916	0.66971867545059	1
-0.025306507252015	0.711303024890463	253
-0.088348932643309	0.93055177187497	253
0.092257904979303	0.450112501680263	1
-0.00291600984276097	0.318096889975724	548
-0.118944142615272	0.285082276182665	1
-0.10163629354691	0.95714343416746	1
-0.122312669508172	0.291071608882035	342
-0.120238977315936	0.29994852930166	89
-0.0181515516452579	0.419387065577858	89
-0.00681895571684399	0.312095506310858	88
-0.061193068640673	0.908027042037763	86
0.044156998751539	1.18084752386168	86
-0.08382234336808	0.444910203790422	552
0.074869078094262	0.981255656310124	743
0.00170670614078206	1.07153195849702	227
-0.025087216393746	0.774470873896063	5
-0.124737836916576	0.901751194085592	48
0.122879333679988	0.866948308157372	1
-0.056934952615722	0.57836556885948	1
-0.00858374947477603	1.12732174096664	1
0.00916381775683095	0.324219882716138	253
-0.121145653824998	0.202606753467576	1
-0.122729362829362	0.20187306156162	1
-0.011081057303833	0.799008598341876	112
0.00262668239341102	0.33028241849571	1
0.0000499201325040444	0.304803639250056	1
-0.010517487746719	0.789524383800571	1
-0.101043189988276	0.564336568929163	221
-0.095890077846619	0.622037798831057	6
-0.087172611034588	0.433365227583367	342
0.091598308266899	0.448274670912283	89
0.00303193025648096	0.324541554898075	89
-0.123239255822249	0.756546566626212	76
0.010430531941739	0.710393195494426	76
-0.0942975036313049	0.562405677488503	34
0.122428027591819	0.886665034302476	34
0.00249065073031596	0.328528115687303	88
0.075839794962854	0.732220736218129	86
-0.119243258526321	0.296419808464062	289
-0.040359777767333	0.573263535221903	86
-0.00734390117678396	0.829262314523164	86
-0.00918726048211605	0.825321795164082	86
0.085484039274961	0.457101542756882	552
-0.077672598131422	0.419582165723311	552
0.013354611137996	0.670257900905749	4
-0.0983247428537249	0.672708115235568	1
0.006380029726619	0.332098700403031	1
-0.121145653824998	0.202606753467576	253
0.060380617984213	0.744253474076791	253
-0.12032875013	0.282784909448575	1
-0.00570484713924602	0.314612102986565	1
0.074044692655008	0.594272120926393	335
-0.109077910683971	0.524365617363801	335
-0.122395781391221	0.206681567866676	89
0.007649562968705	0.321948343526545	89
0.065038258590735	0.612035291834746	34
0.035511704399093	0.821625820586698	86
-0.121145653824998	0.202606753467576	552
-0.118435268014669	0.678072056066776	118
-0.123998925024248	0.700692914514895	118
0.031051079878698	1.02364648911422	118
0.0541008677503541	0.897028743137734	743
0.070961696769701	0.844401662331403	4
0.12466336931312	0.72508884343938	4
-0.098075389359484	0.556620865479674	4
-0.092039079001995	0.566531850202161	4
-0.058363874270994	0.566779673385809	5
-0.014568963443767	0.808982914694871	1
-0.083650244585042	0.668318237032614	1
0.066819157145351	0.910995214102678	253
0.00285359820643605	0.565344844999516	1119
-0.124310925988074	0.568442910443954	1
-0.013087686007981	0.449392604639908	1
-0.018559855375112	0.42136151180941	112
-0.00734390117678396	0.829262314523164	1
0.124800515410251	0.767285160824656	9
0.108551587295157	0.84419539652648	6
-0.00143385485953995	0.595944999122123	6
-0.124701871117199	0.289893301771933	1155
-0.062696896953502	0.554161825334505	1155
0.1189021177186	0.870486426777864	76
0.063204964423085	0.594370081359454	76
0.056986987660014	0.565337181521491	76
0.061776464608308	0.585497895944454	76
0.121568154697296	0.744662982670157	76
0.00237560898882105	0.320468397683853	34
0.115845742665811	0.710501367119215	34
0.085181675653529	0.437325302719919	88
-0.022546446267079	0.70146951344277	34
-0.0988041344884379	0.561003838472128	34
-0.082264778922201	0.42916867293415	241
0.069722817971248	0.731506085119071	241
0.063144555341955	0.734207895273536	86
-0.00244751961357703	0.448475747471259	289
-0.085224375668126	0.447459133561954	109
-0.056534950246058	0.566403666276718	86
-0.0250148154440431	0.69205439898821	552
0.049810856503768	0.791109594548463	552
0.00401840114822105	0.320871978078715	552
-0.00691789483643501	1.03590497568214	118
-0.00117619030409499	0.9995728065875	25
-0.032177672691713	0.681779453596663	4
0.0713384710288	0.943657939792517	4
-0.000476840453838001	0.585494573701412	4
-0.103315274775793	0.535690247114342	5
-0.122699832488502	0.559240359892256	5
-0.015353337640996	0.439478621951263	5
-0.096743382113933	0.569585713032696	5
0.00445557865154	0.689722555166681	5
0.00277175230424098	0.800305258674465	1
-0.0708662948004281	0.623521314818065	1
-0.036352215954978	0.695657794205316	1119
-0.026839484560131	0.715461958124579	253
0.070489217560737	0.846010403121487	253
0.00790531739391198	0.587096083260208	1
0.116124579898716	0.865533668033869	1
0.00317545933482599	0.433391098278495	1
-0.00391934610863398	0.580986970652244	112
-0.0780740936172441	0.414431553323096	1
0.00481368965555895	0.694343862729857	9
0.0254848385987571	0.840021374126396	6
-0.049524943565408	0.590649973105085	335
-0.100196965352156	0.563049461964976	335
-0.096234491498716	0.544701647159879	6
0.069131882056574	0.731018767576809	89
-0.058363874270994	0.566779673385809	89
-0.016565403118758	0.44088029242711	89
0.088218091580528	0.456541286539101	89
0.072220445224472	0.603031759126118	89
0.097309936518751	0.440899330834392	89
0.06941513980738	0.839483160374052	89
0.08588765512971	0.438905934164713	34
-0.002093884425168	0.581498820608316	34
0.012229862015264	0.72825527763567	241
0.069442961600101	0.836992449194659	86
0.00242063643343604	0.587379005608502	109
0.013859811632132	0.683411077958796	109
0.00442274760734096	0.561912729445313	552
0.073381017104289	2.43704486204335	1670
-0.00322170032092906	0.914348959755552	743
-0.048800865856569	0.569154987397806	25
0.0394455042667859	1.06938613522942	4
0.020007021645181	0.836504575863803	227
0.03964365601003	1.03120202732702	227
0.064777933318951	1.01427549488816	227
0.114928709315946	0.867429468477504	5
-0.023832142554178	0.699897599850269	5
0.0696567861323451	0.840400313764192	48
-0.049667663288968	0.575526320025377	1
-0.08865617731081	0.564299841832609	253
0.00858577347026401	0.715218320537946	1119
-0.084483734695746	0.428826877849778	253
0.00526664916119402	0.334388877016082	1
0.103637150008397	0.841292924284037	396
-0.059229131510235	0.690148731815816	1
-0.095088074983713	0.68534247586681	1
-0.087851261774476	0.417715516725769	1
-0.00850339974664305	0.44618694582227	112
0.0638734351326	0.82723724926157	335
0.019612934687057	0.714765876191811	335
-0.120101713591044	0.2927549520431	89
0.018785552552638	0.834398234831489	89
0.091183024040587	0.464858042702837	89
-0.097543921607254	0.640925119218387	89
-0.0535162504610111	0.564343069798102	89
-0.00240500731990201	0.315320096100917	34
0.063110683503792	0.938908694074192	34
-0.00471437532303998	0.58165930783933	34
-0.00751269840304703	0.452114790483384	34
0.00374445169395499	0.331923496071961	241
-0.083677546803909	0.574185792303543	241
0.112698650521858	0.882823681163263	109
0.115964686331984	0.846539766589931	109
-0.103010232894521	0.949396549864375	118
0.006380029726619	0.332098700403031	743
0.04221610309377	1.03091575061444	4
0.00183636448619795	0.668773617226283	4
0.057622689798996	0.729001107595203	227
0.082479150739316	0.452966463665055	4
-0.00171627663937801	0.439399967670986	4
-0.084890385505635	0.438041176355955	5
-0.00813243631517002	0.45469246983488	5
-0.117611475763334	0.808739529732548	1
0.023098336941302	1.08730628485234	1
0.022357603896315	1.0284914509366	1
-0.00201348918687205	0.822139675110852	253
-0.036632278187376	0.566118378001037	1119
0.033976342149706	1.00170940771074	1
-0.094555905519338	0.581783868209374	1
-0.00861651880708802	0.453115786131447	6
0.0295571782653991	1.10439485105585	89
0.049210934740498	0.673982769971555	89
-0.011080652564164	0.886088135095333	89
0.102037424784342	0.96058691328935	89
-0.123978979030623	0.202441140232469	89
-0.060596465288586	0.873565657250892	241
-0.091993893262637	0.932829267759411	241
-0.093661751070256	0.660848861582458	241
-0.00570484713924602	0.314612102986565	109
-0.081483703566177	0.429248160696871	109
0.117442807220415	0.841176560762343	552
-0.078732396150712	0.833976999944665	552
-0.101933549814897	0.908028099754576	118
0.05900473188365	1.23328836423587	118
-0.122591076137125	0.569937387802606	4
0.00927816359024702	0.971237040391518	25
0.097245608158	0.739640048833902	743
-0.064428202690632	0.695080762905221	25
-0.092433326835862	0.581848368274913	4
0.021921882991608	0.699025863961486	227
-0.00273347677098401	0.583434158768276	5
-0.101870293235446	0.661812523297137	5
-0.027789624344235	0.695411083730324	5
-0.076522800204056	0.77742518496467	5
0.050374814484267	0.641828180027085	5
0.119952457892751	0.817203664915937	1
0.00578660083068205	0.594637073267619	1
0.063622964446408	0.689230338474355	715
0.087168547194203	0.442409714783492	1
-0.077050029569356	0.444249005891726	1
0.073352773782236	0.581476654977362	1
-0.088404739906689	0.433515964315343	1
-0.00985173225372904	0.784667311349013	9
-0.095518307738059	0.56634041716886	476
-0.077818922682185	0.434691083937322	6
0.038651441191219	0.808440919626835	89
-0.014511289215471	0.444384904058185	89
0.073273634812875	0.608631022962633	89
0.0584335629827391	0.710006380537956	89
0.116596989562019	0.869865937005552	34
0.092763787993416	0.45217622525761	34
-0.016668584843339	0.438922686179781	34
-0.00289220697496295	0.581162083961159	241
-0.00535815110204496	0.55564199393261	241
0.073410740976389	0.580584396477047	289
0.00878455258830202	0.723134478282648	86
0.123545951985662	0.761851891378224	109
0.112698650521858	0.882823681163263	109
-0.021729972908075	0.415577609117073	109
-0.033341982379313	1.4200640959324	118
-0.091565956695196	0.748836933755773	118
-0.049442085221766	0.571259866820899	118
-0.040602631983802	0.929646513651957	4
0.047156530500293	0.925069025168177	743
0.124661972659192	0.866898828557037	4
-0.00415385521541001	0.443635518178237	227
-0.020192540679854	0.881142151377357	4
-0.121029636961426	0.65641022836856	4
0.067987656983164	0.869676343555304	253
-0.062468104986859	0.790300596704802	1
0.069181190755122	0.875020073876007	1
-0.00753829808668105	0.552368142762155	253
-0.037616559922107	0.651039185029371	253
0.00182041354937401	0.604468113113384	715
-0.04494737026238	0.564646615060837	715
-0.121480136145638	0.19652190193655	1
-0.123978979030623	0.202441140232469	1
0.088845361518576	0.465458258471449	396
-0.064151327722641	0.676260636575507	1
-0.123507587630809	0.190987459493543	1
-0.12183926934969	0.199117754874169	236
-0.103230635288148	0.542240772893666	236
-0.121894004189714	0.751312127620381	9
-0.056568858273386	0.573231611624011	89
0.053740268816679	0.71053076425267	34
0.066760307538185	0.746814521558707	241
0.098114431308362	0.460772859436923	241
0.006380029726619	0.332098700403031	241
0.061776464608308	0.585497895944454	241
-0.08022919131267	0.443819061369121	241
-0.087214067630197	0.554124814252163	241
-0.000157537104510053	0.326550597011606	289
-0.097942581699755	0.560249486870945	109
-0.091749064824052	0.58194633594637	86
0.119354262999477	0.728899752579067	109
0.00878455258830202	0.723134478282648	109
0.0912058680022479	0.472902810675194	552
0.066315821111165	0.853010731282324	1214
0.061014478830455	0.851767293312375	1214
-0.067299410512243	0.668055764493085	4
0.059920100949409	0.94026980002528	4
0.068735521868673	0.69853521382652	4
-0.105133958678255	0.511321014845847	227
-0.004762723112678	0.453138522725804	4
-0.061264329426809	0.692296907200704	4
0.0207824678908251	0.733579430483915	5
-0.0286018835402611	0.694331936142079	5
-0.05344101556743	0.56296272756505	253
0.00663053169634698	0.581604392333661	1
0.064662871811609	0.729215067175004	253
0.026113436516347	0.915669502304526	253
0.00374445169395499	0.331923496071961	253
0.085955368007275	0.44370516009767	1
0.087028914880774	0.467124033318988	1
0.099183706526391	0.430171576770564	236
0.08882198238938	0.450906512952308	236
0.00526664916119402	0.334388877016082	9
-0.00883587282087905	0.434382773871185	335
-0.118436457482939	0.19362100531677	6
-0.000157537104510053	0.326550597011606	6
0.086713040436637	0.438798812953726	89
0.00485956488016603	0.329679738407149	89
0.120058464435335	0.747269876595918	34
-0.047780350822478	0.580700518629892	34
-0.060028686229327	0.571449659589586	88
0.00653654434209305	0.322084276760236	241
-0.00488021784376302	0.306933777449825	241
0.000251847046398024	0.326209238316887	241
0.124091301330528	0.767592154727986	241
-0.122395781391221	0.206681567866676	241
-0.00739954106644702	0.451213153000245	241
0.067041917148676	0.607758366503809	289
-0.053323656250351	0.577743252224266	109
-0.029919103245414	0.715221010389912	109
0.110291524581669	0.875432719443593	552
-0.078512472201329	0.446095529496139	552
-0.123483302471992	0.306850987863111	552
-0.035660145351471	0.784750887488351	118
-0.057482178782401	0.87682743535887	118
0.09728330421354	1.11574129098457	4
-0.014039721171023	0.77566677739972	743
0.062888709459654	0.865779978974975	1214
-0.004762723112678	0.453138522725804	25
0.00366251499442005	0.678023923530431	4
0.020219927137198	0.798272823739667	1
-0.057031320927083	0.565745625834548	253
0.062146359470126	0.673579825188861	253
-0.085387658649368	0.440646289588949	715
-0.048585227643612	0.588604130348703	715
0.019849913137342	0.712424729838868	1
0.00606422875975499	0.701325960139138	9
0.120278248313582	0.854032749698034	9
0.059342810311028	0.850311695270041	9
-0.041003367130408	0.571618739230714	9
-0.00371443775982505	0.438375089454556	6
0.0912058680022479	0.472902810675194	335
-0.01392117436145	0.440151987513129	89
-0.120243813588236	0.196859875929223	89
0.090378353654585	0.446827336974578	89
-0.091478585946468	0.681505641653982	89
-0.00441126560664595	0.593562656906523	89
-0.022886182063246	0.691621363307552	89
-0.035052697597473	0.652437419022395	89
-0.052129657843823	0.591480139852359	241
0.090014149805397	0.466906847694853	289
0.117291148796677	0.862838950711546	109
0.122837711252128	0.768685563684145	109
0.031172971938224	0.848425066829687	109
-0.093803079774189	0.392201242182059	109
-0.050969042813835	1.48704277878831	1670
-0.047837080758789	1.73312055966643	1670
0.107077654864523	0.840465630378328	4
-0.063650340807982	0.664337826569707	4
-0.1228103399424	0.726764295843505	4
-0.033730594619981	0.90868103067944	743
-0.006127740447188	0.909097252217284	743
0.067905903146875	0.73451219079244	4
-0.1026493212645	0.52893638310916	4
-0.00486975860599304	0.448783862339865	4
-0.093724109743981	0.566849053444168	4
0.067745176053823	0.707517781139211	4
0.089708662072575	1.10019817030279	5
-0.084191660199035	0.84550305573799	5
-0.095249997367818	0.561599796407322	5
-0.093107878218453	0.561583583979088	1
0.081284816014184	0.450881279460392	173
0.00877147497625397	0.672784813326099	310
-0.00195080028039596	0.582794113722166	715
0.0636104205675641	0.742146043457437	1
0.066306613687254	0.734417180771571	1
-0.122955400819693	0.195779320396137	380
0.092746105451827	0.462157696187919	9
-0.039074898408816	0.671374451364808	9
0.060053655187792	0.746788173561756	9
-0.0157644942813731	0.40776044656741	89
-0.100120463419632	0.663420581264962	89
-0.014062977275799	0.809614552676574	89
-0.10228612365806	0.743425596805285	89
0.00242063643343604	0.587379005608502	89
-0.118254567222146	0.656223209701217	34
0.00156007933392999	0.595159310299708	88
0.077113441861656	0.424561333781512	241
-0.019043061525103	0.414130140745541	241
0.084286441754421	0.451503547203368	241
0.00262668239341102	0.33028241849571	241
-0.124536666565925	0.205616970479736	241
0.12045401886789	0.715417473611303	241
-0.068665995562971	0.421431665195275	241
-0.00681895571684399	0.312095506310858	86
0.080203231919235	0.595590824445345	86
-0.045580483261783	0.575355339900242	109
-0.094350149323155	0.560772899156695	109
-0.00859529840529405	0.802101260445166	109
-0.0350322707762299	0.701080257052177	109
0.076867654171896	0.599931199041367	552
-0.018901226773437	2.08930063759095	1670
0.024029616477328	1.14771954002379	1670
0.00149241962728397	0.995538844050311	4
0.00632023920088898	0.599699214813535	1214
-0.05599823113167	0.57762357658753	4
-0.075739716147151	0.550363301381175	4
-0.100737275253192	0.556269236314662	4
0.009799903249886	0.723221842542275	4
0.036306949035064	1.00835146799886	5
0.124120496267497	0.746931967827691	5
-0.12475670868669	0.302995586223995	253
-0.015617989166841	0.445336180644803	173
-0.123978979030623	0.202441140232469	253
0.067458562916219	0.575710204138696	310
0.09242277904924	0.45781879381133	1
-0.09092214659202	0.415448702236333	1
-0.047645787794267	0.58095716458649	1
0.00415061114213	0.33272994375613	380
0.081284816014184	0.450881279460392	1
0.089362098530127	0.466516127626198	1
0.093425576099902	0.462276792316144	1
0.063805856019383	0.605241674890832	1
-0.122395781391221	0.206681567866676	1
-0.072812964206324	0.43437560256387	9
-0.123623066276026	0.302932180494399	9
0.105656076470652	0.860259053767631	476
-0.121319459423344	0.623193308516294	9
0.06012235962687	0.727253472619121	335
-0.010649041122735	0.442860779181762	335
0.062749826564809	0.602445418988075	1225
0.01331693609485	0.779049607242271	89
0.024658688497008	0.912645320775114	89
-0.011420613913341	0.817754886945224	88
0.00262668239341102	0.33028241849571	241
-0.12032875013	0.282784909448575	241
0.088195467367445	0.468592780918975	86
0.085454938348926	0.4540652312513	86
0.084649235077039	0.451176836691332	552
0.107607150200998	0.873990582436124	495
-0.00578564118199398	0.822007902324754	4
-0.069107423953088	0.777814990676486	4
0.087703383513735	0.4524226560576	4
-0.0371889352381199	0.897133208879766	4
0.097981015649615	0.451659405631215	4
0.100584478978848	0.926164058298778	4
-0.097902256353533	0.569430692806279	4
-0.045125344889498	0.786758776907243	4
-0.002736714623501	0.306535499683203	4
0.065307531931961	0.930099996354475	4
-0.121006272376714	0.760551974131007	5
-0.061890567454152	0.653160002766428	5
-0.122729362829362	0.20187306156162	173
-0.074583414803606	0.440896367623919	173
-0.01044723221636	0.452644667395625	310
-0.036507447762858	0.850709751389064	310
-0.01044723221636	0.452644667395625	164
-0.123341858102446	0.303766749764013	1
0.021659364785065	0.728656764693904	1
-0.122395781391221	0.206681567866676	380
0.00249065073031596	0.328528115687303	1
-0.00365949893365802	0.450326345135724	1
-0.120588450743308	0.202901816700143	9
0.061096124947432	0.582501591620247	9
-0.058902767188753	0.554647870164669	9
-0.122395781391221	0.206681567866676	335
-0.015028347608643	0.438002249963236	335
0.00281717310915697	0.598086666635625	335
-0.0521317689245691	0.553163007865746	6
-0.119338029272473	0.199061320289736	1338
-0.041338557367663	0.994229456994118	89
0.108419331951233	0.867489793496488	89
-0.056104987532854	0.905561326038248	89
0.0662685699732251	0.961723135488172	34
-0.0827499573298029	0.560971188256816	34
0.013512542798269	0.705593991618034	34
0.018716152816651	0.799683327438565	88
-0.116753292227656	0.673023474928052	241
0.070009248148976	0.606338923468945	241
-0.0902022222555861	0.541074492746888	241
0.00526664916119402	0.334388877016082	957
-0.123287732674727	0.199948384911517	957
-0.00105090364249205	0.551727092886574	241
0.055935025648039	0.817179163275408	241
0.12466336931312	0.72508884343938	241
-0.080065384251793	0.442029047666798	241
-0.121507123378815	0.296339608473899	86
-0.053645335797238	0.57969365237057	109
-0.098440518685759	0.670511886204697	109
0.071900925006339	0.866350916298164	109
-0.087006943736173	0.428993817855349	109
0.062177091064382	0.82521966011212	495
0.011162590494026	0.709306170050651	495
-0.0477559712578191	1.44023249731754	1670
0.00281510690456099	2.11921294640509	1670
-0.062750318060239	0.921544715099274	4
-0.074255770085125	1.03350184843079	4
-0.038289452363787	0.938957699531992	4
-0.08711749044297	0.938859787989687	25
-0.107917740283277	0.823406434576122	25
-0.116990291419261	0.285667715216723	4
0.022326231692991	0.823036794744484	4
-0.089593120284822	0.562951712384019	4
0.061960803702103	0.726394494419166	5
-0.102631946527501	0.836278173879741	5
-0.118606393819007	0.918329300653591	5
-0.120847810671239	0.651605670060803	5
-0.064051960118876	0.616949598219997	253
-0.042261327101256	0.566442990305305	253
0.082479150739316	0.452966463665055	253
-0.000566711291225985	0.315176423071765	173
-0.028867978464896	0.681652894987366	310
0.000516909637215957	0.581433940477606	1
0.113561933919818	0.878966451157788	1
-0.122729362829362	0.20187306156162	1
0.00207946548274596	0.322728191473227	1
0.114590512575205	0.868489518058496	476
-0.114599527302382	0.290969209462654	476
0.00249065073031596	0.328528115687303	335
0.087847271339345	0.458840464412753	89
-0.062051201962494	0.918984825847721	89
0.124337836427363	1.40400548794628	89
0.0562656491424121	0.70452348496211	241
-0.09756598600711	0.65253397510023	241
-0.121079829457092	0.306461337324852	86
-0.08022919131267	0.443819061369121	86
0.008305595800713	0.593539239589752	109
-0.081882611156948	0.681756086665681	109
-0.080390544161869	0.438687520611173	109
-0.122395781391221	0.206681567866676	495
-0.00818317678673097	0.442385699996545	118
-0.014400286358994	0.683358974464169	118
-0.0703604593788409	0.646730656664293	4
0.106660366107979	0.934851629932945	4
-0.016237894832724	0.434412575594578	4
-0.01673565148571	0.801148556324757	4
-0.049451016634628	0.883002226474368	4
0.091562444043084	0.460046507201486	253
-0.11586045977696	0.291188184906433	173
-0.122729362829362	0.20187306156162	173
0.021649886576137	0.900032866625002	310
0.000417184152613048	0.586487641153797	164
-0.067627836271111	0.687117976558794	164
-0.122210214768702	0.306541152822373	164
-0.100236811531582	0.538470772083046	1
-0.077782948783374	0.364675248825119	9
-0.00818317678673097	0.442385699996545	335
-0.124563978138377	0.300568473705484	335
0.00374445169395499	0.331923496071961	901
-0.12183926934969	0.199117754874169	89
0.00415061114213	0.33272994375613	89
-0.087335806271382	0.430918385290223	89
-0.067153174475827	0.854179340227491	89
0.09959667562611	1.33418836662264	89
0.074332761080495	0.948673732262119	296
-0.047780350822478	0.580700518629892	34
-0.124663163114843	0.647654200961586	34
-0.00570484713924602	0.314612102986565	241
0.046749249436344	0.900879248017602	241
-0.000157537104510053	0.326550597011606	241
-0.087362184224756	0.438375442974108	86
-0.046682072221757	0.586342477829578	86
0.111082022729751	0.996403757064418	109
0.016771810849491	0.967968137367577	109
-0.062962991808545	0.679566433255105	109
-0.122210214768702	0.306541152822373	495
-0.108764196815037	1.68825254557984	1670
0.121755761589584	1.44868006368195	4
-0.111415217741435	0.830325437495739	4
-0.098613191552107	0.79725255492495	4
0.010247627034244	1.1168357873889	4
-0.024060009017593	0.88375593754918	25
-0.00692144487990098	0.45143267779234	4
-0.064850916654623	0.770895651519744	4
0.021338647779556	0.764642970072903	4
0.024672747262934	0.910756096727974	4
0.0623386240649541	1.01604799368796	4
-0.038085536169991	0.561989996641373	4
-0.045200623952761	0.550320172987109	5
-0.056706804990864	0.553415445042064	253
-0.090705074087866	0.42939138578383	253
-0.000157537104510053	0.326550597011606	1
-0.060596465288586	0.873565657250892	1
0.01894634506891	0.714562312739288	1
0.00330414099721998	0.703283323048285	1
-0.000838807047821022	0.585532625058724	335
-0.001613839328649	0.569866564491743	335
-0.071311043798914	0.685018154191419	335
-0.044405513681037	0.58579419704432	6
-0.121079829457092	0.306461337324852	901
-0.121145653824998	0.202606753467576	89
-0.025639931570807	0.712869402464718	34
0.093090868596772	0.957004615029677	34
-0.076866452534228	0.42610232832685	86
0.088195467367445	0.468592780918975	86
0.09576115512732	0.466219271426102	1047
-0.00243248650912398	0.58453293789101	86
0.031827716014559	0.881894386132194	109
-0.123623066276026	0.302932180494399	495
0.00303193025648096	0.324541554898075	86
-0.077050029569356	0.444249005891726	118
-0.093179361739886	0.887170337725467	25
0.069874077295062	0.586933388772192	4
0.087792214387467	0.450654606188371	4
0.033653115183669	0.949161933163939	5
0.108551587295157	0.84419539652648	4
-0.123646307210599	0.202693100319571	253
0.00125174905759795	0.31083041269266	253
0.063751925237263	0.73791748218735	164
-0.083509869108788	0.67041652574548	164
-0.049665521826186	0.56913181617476	1
0.069931587807877	0.590377366385749	92
-0.088983004049789	0.428273004575901	1
0.089013460641224	0.458516039791108	9
0.008815240012645	0.996713977564082	426
0.0851634731226289	0.44216964590324	6
-0.047943638396131	0.590443905797568	335
-0.124313491469895	0.298390010441057	6
-0.00529264667523799	0.320041618550794	147
-0.124536666565925	0.205616970479736	89
-0.103723911025798	0.835049564299737	89
-0.002139389672842	0.915766468595319	34
-0.019082308948178	0.403520433778482	241
-0.124205234291112	0.19946967508199	88
-0.124536666565925	0.205616970479736	88
0.018538071226559	0.71979866314737	241
-0.051158099524225	0.780888086026747	241
0.0701981343618821	0.605596060665115	1047
-0.00162402437848397	0.891284018508301	109
0.083673032859368	0.443144518696	109
-0.036520355146736	0.69271779967199	4
-0.044006263049778	1.05616578670826	4
0.062150890000601	0.591673923385375	4
-0.09951519745477	0.564908423146324	4
0.044684776227145	1.01095725031193	4
-0.019215694348552	0.770963098601586	4
-0.085552753847552	0.425060808901698	253
0.088195467367445	0.468592780918975	479
-0.09758071918083	0.566233483470387	1
0.081258749552748	0.440448146468383	92
-0.121079829457092	0.306461337324852	92
0.080117400475393	0.444881165910546	1
-0.123646307210599	0.202693100319571	1
-0.07477479079325	0.435611422952436	476
-0.09131583059515	0.648154684329843	426
0.0612448027267321	0.723735037656868	476
0.00137255800035596	0.328960641569524	6
-0.059462073319133	0.563466406870473	335
0.00749073820928303	0.323924732406148	6
-0.122729362829362	0.20187306156162	89
0.030549365310289	1.07299162195239	89
-0.0636516678411631	0.665599078793428	89
-0.096170991904901	0.570561769194976	34
-0.002976056073145	0.905966835628185	34
0.027234834762849	0.710996191330257	34
-0.085260815028795	0.424206066054527	34
-0.070344295302089	0.43419131543619	34
-0.122395781391221	0.206681567866676	88
0.111309224636853	0.850018370906025	88
0.110706869085079	1.07091467882057	109
0.062860214149298	0.832865870019968	109
-0.098582830439732	0.574095327879981	109
0.000671639550897996	0.913380598039504	4
0.00122591233540703	0.322510250149983	4
-0.093769622216602	0.834118269584557	4
0.010270802204089	1.08920497148448	4
-0.103865266007193	0.647387080909752	900
-0.038173206042183	0.866867398752592	164
0.092257904979303	0.450112501680263	164
0.085484039274961	0.457101542756882	479
-0.122729362829362	0.20187306156162	1
-0.12461657087116	0.304058194527798	426
-0.000871467696015982	0.317566461719138	426
-0.00537004881238701	0.439547034303908	426
0.00303295626472599	0.307398359457546	335
-0.123287732674727	0.199948384911517	335
-0.072296069164239	0.790381022420324	6
-0.00597358253821601	0.45157502399264	6
-0.082526065840554	0.442412018656841	147
0.03963807445621	0.976463278363321	89
0.074479564158461	1.05060024217111	89
-0.038645519231656	0.870844357148262	89
0.122252309957368	0.879724792766778	34
-0.100707464653487	0.566167102172644	34
-0.123978979030623	0.202441140232469	88
0.109092457786388	0.876813691112985	241
-0.121079829457092	0.306461337324852	241
0.00485956488016603	0.329679738407149	86
-0.000512320463253002	0.996606771278449	109
-0.105152751204541	0.532091780130959	109
0.066365707812729	0.751868562907311	109
0.120889824532158	0.746571244626941	495
-0.01776056711504	0.69957695400436	1850
0.120432247919144	1.40427628518943	4
-0.083183125193715	0.734157824382904	4
0.025425569408554	0.812136037424124	4
-0.122169818937213	0.885215769218193	4
-0.090524757071748	0.582997042820501	4
-0.077067792844712	0.749370650394797	4
-0.067446018535851	0.765728953885873	4
-0.09581724926592	0.564341068013295	253
-0.0487238651709579	0.580006797335599	299
0.088218091580528	0.456541286539101	4
0.0393581620672671	0.940999326454756	4
-0.0776101721450621	0.408494952265629	164
-0.00570484713924602	0.314612102986565	479
0.027628687105629	0.701006923949812	1
-0.0607492398146851	0.553967880848107	426
-0.067153174475827	0.854179340227491	426
-0.054110077189375	0.587539235390358	426
0.00222165006124497	0.320541350721888	335
0.079307482341064	0.417694241511362	6
-0.096442976730121	0.814283724980662	335
0.099148980058001	0.454033298028048	6
0.086651334625274	0.459725622021526	89
-0.123646307210599	0.202693100319571	89
-0.107546756204171	0.815826348336189	89
-0.11998303308643	0.665015536339713	89
-0.090749416922742	0.684782331173479	89
-0.122395781391221	0.206681567866676	241
-0.017775745085108	0.439833012481217	495
-0.117978386454228	0.300003929732599	86
0.121309137332383	1.47825471352687	4
-0.09507580310011	0.537912081417684	4
-0.102600887610897	0.647933141462256	4
-0.0819185572205809	0.976894219757219	4
-0.124536666565925	0.205616970479736	4
-0.0741073200821431	0.817834116080573	4
0.102192268835726	1.07209473651811	4
-0.054482955150458	0.851908002366737	4
-0.066150720189884	0.697325456539028	253
-0.117841835087697	0.301329793861255	253
0.0642904911998921	1.12201611937247	900
-0.00307057479638495	0.322304509729284	253
-0.0642424707650831	0.978906920729824	4
-0.002093884425168	0.581498820608316	164
-0.013034197491986	0.434682748615692	164
-0.123978979030623	0.202441140232469	1
0.028896407051495	0.986079170444463	1
-0.00899035244727597	0.896703659014644	1
-0.079578372899741	0.448921020919638	1
-0.011403569432078	0.433777217993693	1
-0.0735186016085731	0.437005388988595	9
0.094593326819251	0.466453397242953	426
-0.032586453758408	0.959096430118511	426
-0.00139768319441103	0.326365269074333	335
-0.080815691331776	0.449106227787501	335
0.064620698052957	0.585530002428302	6
-0.0947608729755069	0.678218828419111	89
0.111935356959009	0.873888929125906	88
-0.029279841469992	0.687962188970508	88
-0.079347610272611	0.441073030727643	241
0.120399054053951	1.15173751399504	241
0.092373534988159	0.470771760675862	88
-0.118330068477589	0.669730501214045	88
0.060872832759117	0.80244302736385	86
0.0658588766313331	0.586437374657803	109
0.00526664916119402	0.334388877016082	109
-0.0883578983061391	0.84897720961322	109
-0.0709178593259851	0.788090121938566	109
0.059976758043679	0.801597597771989	109
-0.0862733673814851	0.690553637291728	109
0.00281717310915697	0.598086666635625	109
0.112250140925507	1.2418025240464	4
-0.094025744593266	0.732104285656238	4
0.038044451805371	0.991055282324558	4
-0.00643234076747901	0.558786973545939	4
-0.00400182414276096	0.859563432340321	4
-0.049132701030648	0.996746418194141	4
0.0136620956053251	0.728786078065964	4
0.124430021841712	1.30942575823541	4
0.0125222741782151	0.983594783401737	4
0.0662815184579601	1.24475820409615	253
-0.115544049701542	0.867655746169036	253
0.034170202319794	1.0224132015106	4
0.06776115969297	0.968921508720718	4
0.085253606448049	1.18577370601015	4
0.062150890000601	0.591673923385375	164
-0.017672613031556	0.436015515064012	92
-0.124536666565925	0.205616970479736	17
-0.015231506496575	0.812132556754788	9
0.119163465745332	0.893929862195528	9
-0.080815691331776	0.449106227787501	426
-0.043433973796964	0.803849054537524	6
0.064258453685221	0.590300224293512	335
-0.117841835087697	0.301329793861255	89
-0.013195820186944	0.454790224010527	89
-0.120243813588236	0.196859875929223	89
-0.120588450743308	0.202901816700143	89
0.00485956488016603	0.329679738407149	292
0.017205106953177	0.822517595172554	89
-0.00459778709398995	0.886857903626686	89
-0.044324660927725	0.774204293075043	89
0.0620546477556591	0.862234304191918	89
0.114590512575205	0.868489518058496	89
-0.097235083985097	0.62864280328664	296
-0.062132564969868	0.691878248477198	34
-0.08612724539114	0.439502279185514	88
-0.113716876453924	0.658351432858773	88
-0.00587336847678699	0.831309075512685	88
-0.063058474660689	0.675029092329191	88
0.112020916396068	0.875198988811549	241
0.00439288648110103	0.593402948010719	241
-0.057553836614286	0.692106702859534	241
0.080612991756868	0.432059525591896	88
-0.111400229949701	0.614351552345029	88
-0.0430614743354431	0.79540930804927	88
-0.00934170843618198	0.45492322671815	241
-0.011178579001211	0.802495138449741	109
0.122870547381844	0.740440556037974	86
-0.122448995944979	0.298373400149671	86
-0.086220754114782	0.686429918290225	109
0.012093411462933	0.719566170200245	109
0.0839966486245181	0.443924848693236	86
-0.074626001016193	1.58013360565595	4
0.118650016550059	0.740974789329107	4
0.109732384226539	1.24923419153275	4
-0.103087761432888	0.656560163741732	4
0.088865747428332	1.39617938157759	182
-0.012196223478163	0.439751461737421	4
0.0935635994220561	0.469802882673205	4
-0.074583414803606	0.440896367623919	4
0.028037284724315	0.995258792732189	4
0.027286097683194	0.708809414450802	253
0.029452581910437	1.09086016442748	4
-0.0153590964681199	0.783032206076701	253
-0.123730568843288	0.660119429315169	4
0.039204665885303	1.05453021921623	1
-0.102598276219532	0.546526550812467	1
-0.00158760993447105	0.567271635142224	1
-0.059472627005323	0.529034169544676	92
-0.02241798843026	0.715580285200961	92
-0.027874709276511	0.712806904122032	9
0.06835562574877	1.18217295883598	426
-0.05694273249035	0.565251497269094	426
-0.00153190533682801	1.11206026066597	335
-0.015714705292073	0.807028053346523	335
-0.018650879800286	0.791293587373824	6
0.015499184120387	0.72120551628185	89
0.091230758263221	0.470449181088585	89
0.0903944535828139	0.460251587558155	88
-0.122729362829362	0.20187306156162	88
0.00864373708140298	0.565355839774225	88
0.012229862015264	0.72825527763567	241
0.00234821781693495	0.594227591603174	241
-0.09463991225422	0.681934992111048	88
0.06128838250185	0.823313438323259	88
0.104027810605252	0.956220812603369	109
-0.101093657635495	0.667788595979247	86
0.119354262999477	0.728899752579067	4
0.106046255626874	0.84207836966296	4
-0.010926597416978	0.79849997830898	4
0.0612448027267321	0.723735037656868	4
-0.077852235163408	0.763025275634942	4
0.068472418473863	1.03903152985531	4
0.00968784855103499	1.10869768052843	4
0.062845413710686	1.15550853770303	4
-0.0818398639501901	0.852358108387126	253
-0.029963557373182	0.785982658420773	164
-0.093595993846976	0.40140033832787	164
0.066657785347505	0.893140389783522	164
-0.110511762500312	0.677822090771384	164
0.059798132463446	1.10214646545673	1
0.03344234610238	1.22511337421589	9
0.022578634818062	0.980503876237698	9
-0.00861651880708802	0.453115786131447	426
-0.026895605906471	0.905541123866631	335
0.074820261261272	1.21494243905958	335
-0.019584538171877	0.782643510046484	335
0.01523070055485	0.721995875405755	6
0.106066397065637	0.86867675391412	89
-0.055570901854669	0.867316041795274	89
0.077437978725579	1.05429183410708	89
0.060380617984213	0.744253474076791	89
0.085959557620245	0.580997427986194	89
-0.00934170843618198	0.45492322671815	89
-0.084642480645325	0.429276009170472	34
-0.017775745085108	0.439833012481217	34
-0.119338029272473	0.199061320289736	34
0.088986204632535	0.45617804769818	88
0.061962456122295	0.593438501531103	88
0.00137255800035596	0.328960641569524	88
-0.023104086197837	0.707915495511432	88
0.00304294844188902	0.87547258064674	88
-0.041411540684287	0.99156293438544	88
-0.031233225093754	0.705339612059333	109
0.000962279875037053	0.326134141383306	109
-0.01613617660043	0.431329937729739	109
-0.060423614582077	0.759427099241704	109
0.103311555583729	1.12608080360092	30
-0.069637893276018	0.677503416710651	4
0.110594231526904	0.968928087406342	4
-0.06382244336925	0.835120979232032	4
-0.030282129089232	1.02234726294276	4
-0.11095166899286	0.819517227911595	4
-0.12373185356605	0.559167083550991	4
-0.038613986700957	0.874114898952465	253
0.103581320925219	1.20696927950406	4
-0.00176049246843502	0.911141603461428	4
-0.03641007852596	0.879761008247729	4
-0.105629854908891	0.719794589825425	4
-0.028110009059753	0.746415679003601	164
-0.08487078961967	0.428463793797113	164
-0.017452992052962	0.427689464593711	1
-0.048524167989963	0.573025075294307	1
-0.050262639587342	0.776484238212782	1
-0.119950709301973	0.303608405310135	476
-0.020460970765373	0.779502503397707	426
0.068780610918918	0.945153353753843	426
-0.030418860472934	0.703882921168963	426
-0.078497100287131	0.829487332102532	426
-0.029942104265246	0.952962394868309	89
0.110477584369665	0.855289632225444	89
-0.074918700973013	0.427917198357943	89
-0.011372279927947	0.793502860726228	89
-0.04306082607819	0.798075932137862	89
0.01666172650413	0.81922612302785	89
0.028015583000478	0.935583217499425	88
-0.08141021351393	0.424753131383115	241
-0.09463991225422	0.681934992111048	109
0.114517471879865	0.892433210389511	54
0.108990694906422	1.236801543044	4
0.107027837306973	0.863460386744858	4
0.060832253038163	0.943106218385778	4
0.065739818024066	0.724599901839021	182
0.00625532205621204	0.985393025962752	4
-0.112928369190889	0.660965687590569	4
0.028945682823592	0.995873953572704	4
-0.038501651617299	0.861812782511271	4
0.031006986467733	0.912342224046551	4
-0.00658607768210895	0.97329539753115	4
-0.032380201717905	0.891314404837043	4
0.00249065073031596	0.328528115687303	4
-0.123694418612648	0.659997063471011	4
-0.081296680063244	0.443527968748281	164
0.00632023920088898	0.599699214813535	164
0.011014599448027	0.727497697183085	164
-0.00923736050072499	0.452422772153253	164
-0.123646307210599	0.202693100319571	45
0.093405095446473	0.460704525650008	1
-0.088595205991691	0.434498008824737	1
0.112105885453567	0.891331874512076	9
0.061579298848346	0.838851295434292	426
-0.083990599583502	0.448611196453509	335
-0.066930585363766	0.661633430049711	335
-0.052129657843823	0.591480139852359	89
-0.078280468472168	0.441364399068809	89
0.000881656308405976	0.325827943106655	89
-0.124837196096331	0.295247834837686	89
-0.0355027276322299	0.691018288900163	34
0.103022982091539	1.22465702832729	88
0.08150971990289	1.18158836114344	88
-0.121220542468127	0.303899766161232	241
0.026604892482553	0.893108722323931	109
0.0106009086675251	0.582008963953368	109
-0.123450879767147	0.570918060450511	109
-0.003692239245917	0.577997362672826	30
0.081698696560812	1.22512687301847	4
0.0654135084895831	1.0554375337264	4
-0.123167978177068	0.649458685004922	800
0.00249065073031596	0.328528115687303	4
0.00772144911879902	0.914759062906688	4
0.00315566184000204	1.07114172971873	4
0.096796282315729	0.446390271834407	4
-0.026026074737302	0.898649821219768	4
0.085839296065074	0.464928465157793	4
-0.079899114824835	0.433936884569711	164
-0.070662611566231	0.661101658429086	164
0.028410132436	0.925022290459698	164
0.00249065073031596	0.328528115687303	164
-0.123574787744366	0.296735620411499	1324
-0.000443060240173043	0.313922512845844	1324
0.059599544248198	0.703585329773827	1324
0.09576115512732	0.466219271426102	426
0.06232133220534	0.550585851504216	335
-0.070166142233047	0.864843261065046	89
-0.011611909424046	0.819797410090374	89
-0.061926311673641	0.874778873156245	89
-0.040737689048605	0.809462443558556	34
0.079470855282528	0.833309913775446	34
0.082580600477058	0.926020178473747	34
0.00757276732798196	0.717646837740496	34
0.038923767545189	0.926932414047217	34
-0.12447475234384	0.295788538109107	88
-0.013332581413206	0.51700041664453	88
0.0876766611541781	0.460044867522333	1213
0.090378353654585	0.446827336974578	109
0.0714785826230731	0.971217804576998	109
-0.056130838760512	0.674751676288318	109
0.113551374601912	1.03863083146218	109
0.01730628973514	1.14980688061083	4
-0.080148323959419	1.16009047122927	4
-0.049079748922222	1.23176801189443	4
-0.067616353980042	0.750595739752404	4
-0.124732517375182	1.04422510616378	4
0.10044362219493	1.30960607804428	4
-0.104747740877392	0.746052808238383	4
-0.053800653994193	0.648197612664468	4
0.11320006302398	0.988918521922778	4
-0.098231852359559	0.750392554056506	4
-0.054257358699161	0.943353708635074	4
0.09516565538732	1.13449117588423	4
-0.027540283473509	0.789490835463801	4
0.11607312658374	1.27654469736747	4
0.050764763900758	0.806753304210877	4
0.00785472069596904	0.707209564409616	164
-0.0936559088422479	0.582397501517114	164
0.093425576099902	0.462276792316144	171
-0.000612821842697953	0.317652846297628	1
0.00374445169395499	0.331923496071961	476
0.089992066510993	0.449074869759288	1324
0.107435384302316	0.851125498815549	9
-0.034125284793718	0.700286575204582	9
-0.065611804861171	0.636661524714088	9
0.00374445169395499	0.331923496071961	426
-0.122395781391221	0.206681567866676	335
-0.069303897970627	0.430888169143273	335
-0.056953806411943	0.679733047326782	6
-0.084035810604424	0.567689922988107	585
0.081284816014184	0.450881279460392	585
-0.123978979030623	0.202441140232469	328
0.089383430021308	0.457945430128997	836
-0.094793938571015	0.658194873076643	34
-0.069067707974603	0.656907209332156	34
0.0346806751983551	0.940336911594347	34
-0.01338305227838	0.802310292729143	88
-0.00939352009175198	0.43715683128251	88
0.00401840114822105	0.320871978078715	88
-0.080815691331776	0.449106227787501	109
-0.053916416906447	0.552429623525252	109
0.00661513847655304	0.713800613958909	54
-0.000443060240173043	0.313922512845844	30
-0.106565401747599	1.0899605457839	4
-0.066774674053493	1.16944677906872	4
0.028841431922805	1.24231249243132	4
-0.078224757059237	0.768521259350907	4
-0.051188090728202	0.594193698825752	4
-0.00511201965778196	0.830152227619917	4
-0.103637690762143	0.637480592621132	4
0.062217585530866	0.693946924389639	4
-0.013821804776688	0.439024887911275	171
0.00916381775683095	0.324219882716138	171
0.056778165009142	1.12553944496178	180
-0.104340493991536	0.755609753411851	1
-0.054110077189375	0.587539235390358	17
-0.117184833867362	0.194064298367982	17
0.0150192677307029	0.730324667446572	9
0.097981015649615	0.451659405631215	426
0.123955012119015	0.735942702561404	426
-0.054961956926922	0.580689074615055	335
-0.031320706783157	0.650623709589362	335
0.071687950355374	0.567153916767486	335
-0.00259891943975499	0.795180265892817	585
-0.00372876784727305	0.574467632358425	89
-0.120802258882088	0.190973477651155	89
-0.121480136145638	0.19652190193655	89
-0.068377210156786	0.845621094871154	89
-0.011728968735539	0.790370722492366	34
-0.121145653824998	0.202606753467576	88
-0.034180667402969	0.699648401763537	88
0.012854666465731	0.584128482143366	109
-0.031664484045658	0.684095998982964	30
-0.00418028214440802	0.322704336250723	30
0.00655421123143496	1.20211610322565	4
-0.014170321756109	1.15697140010952	4
-0.12160219872991	0.84120548176746	800
-0.103183966511984	0.645970982876214	4
-0.078512472201329	0.446095529496139	4
-0.019520802335798	0.758117035090458	4
-0.08497912316609	0.431247155779958	4
0.000287834119368946	0.915754641980262	4
0.08668117460659	0.456235801927897	4
0.078752050428896	0.55440246465393	4
0.095634091803618	0.94245751108756	4
-0.026344890720986	0.716160210272119	180
-0.068325899821755	0.869821939980229	1
-0.063260652136742	0.868260309276241	1
-0.124536666565925	0.205616970479736	1
0.059405454345976	0.721553351907354	426
-0.00423363736002202	1.2791035220097	426
-0.112020408375206	0.871379329834233	426
-0.121220542468127	0.303899766161232	335
-0.036092115825895	0.657185974438702	335
0.00393920997395403	0.318437082164588	335
0.08668117460659	0.456235801927897	335
-0.0680220015929111	0.670155619912215	89
-0.068377210156786	0.845621094871154	89
0.033718226019585	0.832984362192102	296
-0.07216916211178	0.679938064511113	34
-0.116545812556436	0.675157316096291	34
0.075171241705298	0.714217600614722	34
0.067098936501676	0.584561038670884	88
-0.005813695919752	0.806852297360698	88
0.062804555338417	0.553616258107617	109
-0.0857703938872511	0.424314483660013	109
-0.00333886006606499	0.973137239963265	109
-0.00289301287697097	0.904334385262598	4
-0.117008181809244	0.631624212204135	4
-0.028665791714641	0.900462276708288	4
-0.054904891896864	0.578653879956128	4
-0.089413648226646	0.566218320154577	4
0.105607980215885	0.982953644673641	4
0.069931587807877	0.590377366385749	4
0.0880399980209871	0.443154131199432	90
0.00012005491360001	0.320963863006981	494
0.071061360666046	0.60019520214873	476
0.106061370194168	0.426389993972272	335
0.0753786419814631	0.60261588521603	6
0.083645445408981	0.45556148875631	585
-0.119338029272473	0.199061320289736	89
-0.074814676093074	0.771633197159999	89
0.105523996109952	0.98282802329659	34
-0.01050403951795	0.427057217502672	34
-0.00817221615666097	0.303450724878709	34
-0.086676286894753	0.428538670909072	34
0.028662303971277	0.823832702718377	163
0.00628502253660002	0.708823980290001	109
0.064258453685221	0.590300224293512	109
0.120178953428595	0.732630037909933	30
-0.067000909803713	1.10450656633295	4
-0.016227908277051	0.968610089134031	4
0.070389459082207	0.59616552370432	4
-0.020626704930335	1.03861224374257	4
-0.078678487105413	0.913120843904961	4
-0.00145987998709096	1.30223111060691	4
-0.07734743834637	0.812719929473565	4
0.083596460030928	0.437352170237061	4
0.12384819756799	0.743740293645779	4
-0.081458002583654	0.442704712668486	4
-0.039812405210067	0.767853107231098	90
-0.0930917874480079	0.548456257856385	1
-0.123978979030623	0.202441140232469	494
0.00415061114213	0.33272994375613	494
-0.088595205991691	0.434498008824737	494
-0.035157079177814	0.696250134485525	476
-0.000157537104510053	0.326550597011606	426
0.063389619782842	0.57012639799263	89
-0.095198686081615	0.75909753943325	89
-0.0625848616047801	0.656833318078465	34
-0.094734990272919	0.53961192192604	34
0.070338860443659	0.867006057976693	34
0.070572155398036	0.57806827777827	88
0.099299367592936	0.449001512504256	109
-0.124563978138377	0.300568473705484	54
0.088898259313332	0.451593673639896	54
-0.045855277932998	1.69052338248177	4
-0.081978706850227	1.13864976760965	4
-0.107616248119639	0.992261846460517	4
-0.0849659463543	1.00775134158766	4
-0.099547500475688	0.918820451850669	4
0.109770893749832	0.863419082830886	4
-0.031296831169487	1.03021518241625	4
0.054918553515412	1.01463196019181	4
0.110998001833607	1.23506361457632	4
-0.045493833294705	0.763446258408097	4
0.00492334795932603	0.910308220257496	4
-0.110996341383883	0.712584468869647	4
0.00515089696344095	0.695808945042399	4
-0.097000654271457	0.573920319615427	4
0.093425576099902	0.462276792316144	4
-0.012090328558461	0.453763982039764	494
0.120030031360311	0.737246894925604	476
-0.121480136145638	0.19652190193655	17
-0.00127997098065602	0.323834639770185	476
0.00315566184000204	1.07114172971873	426
-0.047876319407669	0.796700978185749	426
0.00633931482913896	0.888086459296629	426
-0.069826726017339	0.792497368893327	426
-0.0952729556919359	0.5631440289613	335
0.108282976096951	0.998283116701819	132
0.064230800100028	0.555411964950979	89
-0.00350322985649199	0.430508088074267	89
-0.121145653824998	0.202606753467576	89
-0.00127997098065602	0.323834639770185	419
0.00540155155022504	0.71160663739583	89
0.104719006389722	0.973578727345556	89
0.00524234660391698	0.689424651353437	296
-0.06166201884502	0.779526728937799	296
0.060651225292568	0.729318133008032	34
0.114928709315946	0.867429468477504	34
0.0108811485186729	0.720468752610603	34
0.121154293143575	0.739157958541196	163
-0.118228184634072	0.754028186353875	163
0.00816227010261406	0.706126084557259	109
0.00116641036505405	0.586428875192458	109
-0.113306177523111	0.733125916245332	109
0.059729346616297	0.775755004743012	109
0.070585963584678	0.938553514583996	109
0.028171556200108	1.09173131040667	30
-0.008512199043054	0.830443077376179	30
-0.059866957629004	1.47483155477852	4
-0.121798668636082	1.18683369535831	4
0.013490104737238	1.31189444258186	4
0.084187935514232	1.00862711258033	4
0.00586154629772295	1.00137027945756	4
-0.061093728693624	0.913301267409725	642
-0.073387082038527	0.788728478925782	4
-0.10142965742805	0.554292488750166	4
0.055176236581885	1.10643768912475	4
0.103827328285856	1.11283333236759	4
0.023382108206853	0.880257190010993	4
0.095218368083984	1.30589498379606	4
0.009820893745906	0.744368013154765	4
0.00303193025648096	0.324541554898075	4
0.0549423063353141	0.821673305153327	4
0.074697607608079	1.05627665196801	4
0.063394133828954	0.84602953594513	4
0.063983061643955	0.609182114929381	4
-0.124205234291112	0.19946967508199	476
0.082452322497264	0.453457986536853	476
-0.065887343703195	0.66638375415459	426
-0.073169455210884	0.964603612509735	426
-0.117688660115766	0.679158271072159	426
-0.052973236984679	0.757188807534508	335
-0.00376694789610699	0.314896087565849	335
-0.073199231978892	0.765433256894803	132
0.10639499296513	1.03588903910454	585
-0.123646307210599	0.202693100319571	585
0.087512937832289	0.430749742148918	89
-0.069662988435262	0.68209028879248	89
0.0814826263514959	0.586844812842017	34
-0.050016253466405	0.77367654188526	34
-0.0964948567530119	0.560874422173229	34
0.00122591233540703	0.322510250149983	109
0.070009248148976	0.606338923468945	109
0.03986596389931	1.00186627171493	109
-0.04748140962446	0.836490272542937	109
-0.042344049646336	0.575974678211995	109
-0.00128666971492097	0.442330569326664	1522
-0.068538906933545	1.0672225461475	4
-0.026134205772409	1.30963762443621	4
0.061662612192059	1.51109140233649	4
-0.102649255423319	1.35051699400762	4
-0.05965673357266	1.55460905896381	4
-0.072772915717728	1.39304858610924	4
0.0244004991342091	0.833950122057905	4
-0.110990696832662	0.832528503370312	4
-0.078096025130691	0.427392358179933	642
-0.067203543517704	0.675405242058078	4
-0.105075426990944	0.947212112315969	4
-0.092609538292083	0.683289645630655	4
-0.102842629024276	0.551781889696372	4
-0.116840096369442	0.551933446987522	4
0.105200210937274	0.988186105493089	4
0.06455616975635	0.855396856918755	4
0.00262668239341102	0.33028241849571	4
-0.03588185466234	0.793757999423025	4
-0.024928490458218	0.703471107847135	4
0.067098936501676	0.584561038670884	4
-0.123037124310935	0.291538953028874	90
0.010616446491288	0.72288711836873	1
-0.123287732674727	0.199948384911517	494
0.0308663961908761	0.941227488708529	426
0.064987475312319	0.726054296924728	426
-0.054141208207771	0.680736290316733	335
0.113311403692143	0.893915157470435	335
-0.121145653824998	0.202606753467576	335
0.00364620061513599	0.91055192742803	585
-0.085711466229085	0.428966127651296	89
-0.089129454858735	0.665487862357538	18
0.073273634812875	0.608631022962633	89
-0.040988908982	0.664180364850875	89
0.00836176231979002	0.588184020046116	89
0.122559393756673	0.76560921974285	34
0.062588790401562	0.711050044405618	34
-0.00702816247301197	0.451827957603196	34
-0.00418028214440802	0.322704336250723	163
0.096130230384213	0.450293727331278	163
-0.052590532490029	0.569305259469138	163
0.012423308214256	0.720381450493271	109
-0.044091550090117	0.799264998380852	30
-0.00559741097772804	0.429110562015981	1522
-0.030784486107456	1.93102458463061	4
-0.092822065662191	1.59843085415504	4
-0.0696145615059101	0.988174598142495	4
0.063204964423085	0.594370081359454	4
-0.123483302471992	0.306850987863111	4
0.028952913222242	0.788689095181581	4
0.00195978055667501	0.431037101760888	1
0.00678824229757002	0.326388491662093	1
0.088845361518576	0.465458258471449	476
0.026662605546524	0.687829539244081	476
0.065418107046981	0.81322329364603	426
-0.0661231083192561	0.681538565058689	426
-0.00404769589740095	0.56730585645102	426
0.0733804680942181	0.795121029744481	426
0.054306809291477	0.80749288008651	335
-0.011982150404555	0.45456965883338	335
-0.093868057149193	0.684673637089793	335
0.015208309203843	0.731826983505612	585
-0.123646307210599	0.202693100319571	21
0.026679145568447	0.990678562523743	89
0.107962231144805	0.866108441719467	302
-0.012613546537508	0.437643126903488	302
0.085147376517829	0.428235543904561	34
0.0274225634383261	0.911636730227062	163
0.00721538736426597	0.699319279782186	109
0.052320835581211	1.19046942599854	109
-0.094877909296572	0.580010618830528	30
0.0877683614646561	1.323755769314	4
-0.051238463381988	0.574857345137464	4
0.090038285779373	0.471425583731613	4
-0.011609307698909	0.438539721278174	4
-0.0154588462773611	0.439964597926673	4
0.031297501486633	0.926627740522083	4
0.122099043026187	1.15789830510878	4
-0.0796283964575411	0.666793997640147	4
-0.046472344203167	0.790441880505341	4
-0.011151453262939	0.432099018892523	4
-0.113300827666605	0.760284208744085	992
0.075464381901308	0.825053169598595	90
-0.096139051559828	0.573093521663299	1
0.011613158708517	0.704894419507948	476
-0.10142965742805	0.554292488750166	4
-0.00239586607660203	1.05638868061621	476
0.076973629949305	0.883825994505419	335
-0.010402245411136	0.437172408484212	89
-0.00343850754397201	0.443425317854151	109
0.03716803901513	0.937165242525221	109
-0.024707445710848	1.4442616531071	4
0.003905507388826	0.694896469071498	4
-0.120528041928641	0.566231363856397	4
0.09006446502752	0.464926123560993	4
0.087847271339345	0.458840464412753	4
-0.105619988336661	0.733074200758227	4
-0.041673219642778	0.785453793345399	4
0.015713786527441	0.71037972156617	4
0.018013409002606	0.712372962102637	4
0.00353326967866496	0.595280900518355	1
0.00845832121727696	0.712882161168059	4
-0.081882774365175	0.446962801020678	4
-0.031746256998251	0.703982917528621	17
0.106121255834464	0.816590479357885	426
-0.032238632124905	0.692333616366178	426
-0.09441805218865	0.742385028622346	335
0.020602214665264	0.71716390657851	335
-0.066099616389851	0.672085433370593	132
-0.043589833074975	0.793238472048448	132
0.060080595479812	0.80267884820346	89
-0.119808683231605	0.299135332137487	89
-0.055054012711325	0.584862808973463	109
0.067158216352437	0.720976846343953	109
-0.081708691946177	1.28308903771615	4
0.069139702131427	1.05403888272667	4
0.102280984691913	0.974119327017522	4
0.061363995439447	1.21554300263532	642
0.066171953804921	0.581731091484831	23
-0.070492635122468	0.79038698976505	4
0.075280556893747	0.59800902673693	4
-0.068552397398432	0.520049448956209	4
-0.01440776529003	0.451901892455741	747
-0.0503802396577691	0.773440962743821	335
0.035591537390288	0.792826590996544	335
0.078274019582541	0.827504849241907	585
-0.059085395350689	0.571409436568876	89
-0.00697723972807895	0.303204318255778	1734
0.013385230504503	0.706542794189351	89
-0.00889783248514797	0.57200362141345	34
0.068083713706263	0.727661057821824	109
-0.122395781391221	0.206681567866676	109
-0.059231807161482	0.554091077464328	109
0.00393920997395403	0.318437082164588	30
-0.091296342720293	0.81899888158975	4
-0.053948840482675	0.782151363221653	4
0.023466573180761	0.899970373868456	4
0.0912058680022479	0.472902810675194	642
-0.124781641152774	0.669148243687425	192
0.062436954890936	0.921680548828399	4
0.089013460641224	0.458516039791108	4
-0.00291600984276097	0.318096889975724	4
-0.120588450743308	0.202901816700143	4
-0.004026907379997	0.808728701063206	4
-0.124536666565925	0.205616970479736	17
0.102522190527867	0.997829071538634	2203
0.035117245155365	0.937136663593114	2203
-0.12424082060264	0.744367798650645	476
0.123855504445414	1.17891695087235	426
-0.049981470817305	0.578997230196827	476
-0.122640964747428	0.289558683722581	476
0.065447533083359	0.75489721267908	89
0.00374445169395499	0.331923496071961	1448
-0.123574787744366	0.296735620411499	1734
-0.122395781391221	0.206681567866676	18
-0.054213414764669	0.5441355289244	18
-0.070381749939361	0.673406055326352	89
-0.019689121706985	0.767706525657573	89
0.09239713705338	0.471915434291117	89
-0.084156377444449	0.444616332175985	109
-0.074918700973013	0.427917198357943	109
-0.024857929012049	0.687342315251577	109
0.0597409585400071	0.944464862498051	573
-0.0506033598904581	0.564768442163319	573
0.122164537027509	0.726745778114104	573
-0.052129657843823	0.591480139852359	573
-0.092739639151271	0.685755078710213	134
0.017995389249871	0.831093790487785	134
-0.099637199826435	0.631994700622556	4
-0.091658990314678	0.758265996659427	972
0.051618852331085	0.776945145286933	23
-0.078254518390841	0.414771734881228	4
-0.090785902826125	0.561405689456724	4
0.023692274735475	0.827535422029742	4
-0.00195080028039596	0.582794113722166	4
0.063013892549724	0.830708809054321	274
-0.124031138402649	0.646404456774454	274
0.006380029726619	0.332098700403031	747
0.0697525303898811	0.596481715317897	45
-0.122955400819693	0.195779320396137	17
-0.062772246287388	0.692106747495832	476
-0.04763214726443	0.666215612144158	335
-0.080815691331776	0.449106227787501	132
0.00956794515775094	0.317070575992758	1448
-0.087525418434806	0.441298706829467	1734
-0.011404936274437	0.551792318289181	89
0.073456373481844	0.600607986063855	302
-0.028199093147926	0.362375524918193	89
-0.017876604143816	0.435292759072605	89
-0.117978386454228	0.300003929732599	109
-0.011609307698909	0.438539721278174	109
-0.037212501187172	0.67708082953154	109
-0.064377279184529	0.682304234930828	167
0.00526664916119402	0.334388877016082	167
0.00485956488016603	0.329679738407149	30
-0.110211079195487	0.867401276662586	4
0.019210798204205	0.73080170736766	134
0.111581043696151	0.886487617897365	642
0.0306701548484239	0.92498661658056	4
-0.117323967412041	0.813179551144804	642
0.060912556745661	1.15163759048889	642
0.032868494173796	0.826153737458341	4
0.12132531912838	0.868579980725721	4
-0.089845260969789	0.688697541382134	4
0.00178303378347799	0.318668004794255	4
0.00415061114213	0.33272994375613	4
0.083118042020488	0.445528196632185	4
-0.084822788890317	0.434556962244349	4
-0.080984024926877	0.443320967651993	4
-0.026211314730343	0.695716349714466	4
0.027883658991808	0.935963483715746	4
-0.101068465263812	0.653502497982549	4
-0.013707541683324	0.695960844649073	4
0.099641735003085	0.9605766336815	4
0.065493289120915	0.576376632616933	4
0.054281320539991	0.701437619141482	4
0.000917121010037047	0.441828419721809	4
0.0709039070188801	0.744793277037827	4
-0.059085395350689	0.571409436568876	17
0.020945483233214	0.710219393578682	2203
-0.0881672391556601	0.756089661291857	476
0.116116960472686	0.682366951558902	476
-0.086267478297834	0.419852248188224	335
-0.076234914963176	0.767063046067297	132
-0.122210214768702	0.306541152822373	132
0.000480659763260949	0.674856244605907	132
-0.082754903960489	0.44704670521486	89
0.00242063643343604	0.587379005608502	1734
0.068079943758074	0.71653615359712	1734
0.054816616376169	1.08312282571095	18
-0.047137474791767	0.568284976719444	89
0.00653654434209305	0.322084276760236	89
0.0912058680022479	0.472902810675194	89
-0.00597358253821601	0.45157502399264	34
-0.092140825605353	0.571896106220988	109
0.109436344102933	0.864512326059144	109
-0.083990599583502	0.448611196453509	109
-0.00817221615666097	0.303450724878709	109
-0.056042096215948	0.698468404987267	167
0.070377751746359	0.855172228050605	4
-0.122351290626792	0.306770937597158	972
0.089013460641224	0.458516039791108	4
0.086651334625274	0.459725622021526	4
-0.091111971681065	0.66033012180187	4
-0.121079829457092	0.306461337324852	403
0.067882195252862	0.735560626590733	403
-0.083990599583502	0.448611196453509	4
0.00333850131846303	0.318524311832428	4
0.099232233251446	1.67197113823595	4
-0.015809022472752	0.80366197075063	4
-0.00139768319441103	0.326365269074333	1
-0.06128683454463	0.56626248646696	4
-0.083118753569856	0.443991137044635	2203
-0.12475670868669	0.302995586223995	78
-0.060360298757674	0.874275757220358	476
-0.003666108939123	0.594832407539753	196
0.089383430021308	0.457945430128997	132
0.00678824229757002	0.326388491662093	34
-0.121145653824998	0.202606753467576	109
-0.123978979030623	0.202441140232469	109
-0.098900981663359	0.571260080873404	109
-0.124807540434648	1.49891440240787	4
0.034510826583075	1.52403830266808	4
0.00241449315714104	1.16830005297619	4
-0.061130050993636	0.546612800020762	4
-0.082526065840554	0.442412018656841	134
0.100317012694777	0.451483947545414	134
-0.00629774814639805	0.560030655883456	4
-0.079578372899741	0.448921020919638	23
-0.025498570624925	0.709639502363143	4
0.00916381775683095	0.324219882716138	4
-0.12183926934969	0.199117754874169	4
-0.0768836697020699	0.443790678044961	403
-0.11485635208392	0.818476281613001	4
0.0693306421311281	0.616153372367706	4
0.00202531869130895	0.688318759037854	4
-0.07833912929541	0.445603727005801	4
0.060450842852264	0.734416371179404	4
0.11740564895057	0.708737089734667	4
-0.122351290626792	0.306770937597158	4
-0.051548957606531	0.567962639821234	4
-0.038396902482147	0.691758737352382	132
0.053281813096599	0.711119123358202	18
-0.028768423890252	0.677550480166074	18
-0.00676007351173003	0.800147506242028	89
-0.00855883975300897	0.439299373207682	89
0.000251847046398024	0.326209238316887	89
-0.122210214768702	0.306541152822373	89
0.00150627156347105	0.322216713583856	109
-0.00766870707799305	0.822032623469694	109
0.0935635994220561	0.469802882673205	109
-0.121473040865068	0.752834660825042	167
-0.05630213243954	0.552394229079319	167
0.084671608758481	0.459488298005592	223
0.00526664916119402	0.334388877016082	109
-0.0592409678528461	0.686075932427862	109
-0.124536666565925	0.205616970479736	30
0.012804907398082	0.694099267687715	867
-0.010877264111034	0.453549116534724	867
-0.087203846801822	1.55305189354781	4
0.068608832763666	2.37759773004096	4
0.08100796774091	1.51776436759504	4
0.068250987143018	0.543016757808338	134
-0.122395781391221	0.206681567866676	134
0.0848118278723931	0.455255762151463	4
0.00178303378347799	0.318668004794255	4
-0.122729362829362	0.20187306156162	4
-0.028920715750306	0.953263164264133	4
0.016226030160794	0.795783825741744	4
-0.00281242019776296	0.313012964154144	78
-0.00250796980360601	0.318473822439613	476
0.061897592314109	0.733466871051123	196
-0.00512059133646703	0.306832471172123	335
0.0601433553191451	0.902823713595724	132
-0.05078387425333	0.583674695425526	132
-0.081458002583654	0.442704712668486	18
0.081312945820431	0.446915244431318	89
-0.00376694789610699	0.314896087565849	89
-0.124536666565925	0.205616970479736	109
0.00012005491360001	0.320963863006981	109
-0.00586659488007602	0.450906004211865	109
-0.026443371489406	2.26553042415575	4
-0.015196158256978	2.40036181047006	4
-0.077668636805184	2.12264640025667	4
-0.078998470757478	0.442321922322484	134
0.00567393012471096	0.324821725710155	134
-0.121079829457092	0.306461337324852	23
0.118369726267091	0.730793368168789	4
-0.122729362829362	0.20187306156162	4
-0.00944379436853604	0.449241170978007	192
-0.059850863689204	0.561553036040588	403
-0.000157537104510053	0.326550597011606	4
-0.01440776529003	0.451901892455741	4
-0.011553408025195	0.445489827982212	4
-0.122351290626792	0.306770937597158	4
-0.00786563928827899	0.916397612846972	747
-0.015471011451764	0.785311385424342	747
-0.024849130463566	0.667885122723992	45
0.021101204767883	0.840073464501161	4
0.102438807449278	0.963926054498544	476
0.012882121334481	1.12726336115018	476
0.068956551797535	0.606195159742321	132
-0.077932160395193	0.438344271527436	18
0.061135484935865	0.934930223141302	18
0.06575139566386	1.03773767950906	18
-0.084308539695614	0.844162844590293	89
-0.032592385867472	0.698618417652032	89
-0.123978979030623	0.202441140232469	296
0.0725660060472	0.567019250542989	223
0.038308858274819	2.48943782495498	4
-0.064185095865782	0.772911491401878	134
0.104678540100779	1.0340989196215	134
0.106915544559697	0.848362212562936	23
-0.00241008924630703	0.599093491535226	23
0.00300974692622802	0.967007223310817	23
0.023905019717715	0.839003603727663	4
0.09239713705338	0.471915434291117	4
0.107100962382493	0.413906578912262	4
0.087512937832289	0.430749742148918	4
0.054987445038673	0.715713811932568	4
-0.0850456976326171	0.659604759658552	4
-0.012680044177558	0.813055129445343	4
0.070567642373603	0.617511491768854	274
-0.0970406784919851	0.56862812970452	4
-0.055905918160052	0.578071512919232	4
0.122987422770403	0.724654213934712	4
-0.124536666565925	0.205616970479736	78
0.0912058680022479	0.472902810675194	78
-0.105204473192998	0.651684943325474	196
0.121585020250487	0.765879035457433	196
0.024092814629063	0.718638087261337	132
-0.046534175153459	0.575421683894088	132
-0.047803927528739	0.791149282505237	132
0.0643388439739651	0.584983655034854	18
-0.089149820892523	0.779722478681873	18
0.096968465601027	0.453356239702491	89
0.073434387715778	0.603934930001811	34
0.00423093629682203	0.313513312816459	34
-0.0878336500465851	0.571152623888979	109
-0.118625495714947	1.2439708922591	4
-0.106639413030278	1.04035850300023	4
-0.101870293235446	0.661812523297137	23
-0.12183926934969	0.199117754874169	4
-0.122729362829362	0.20187306156162	4
-0.040770027725395	0.851510584918627	4
-0.067265643242576	0.691460579761052	4
-0.099675723921956	0.712156631911311	4
-0.122351290626792	0.306770937597158	45
0.071378651870898	0.831626545076306	196
0.00878455258830202	0.723134478282648	231
0.070567642373603	0.617511491768854	132
0.031193185355176	0.838668872446885	132
0.026705791145676	0.844156288430247	132
-0.087052401038288	0.42117143809008	176
-0.034475178907887	0.703469088602615	89
-0.0833257750936039	0.743725549839804	89
-0.026971491437548	0.705447395714326	18
0.00805253884513702	0.324366577950008	89
0.026217946250478	0.819294507260664	109
-0.091175784914487	0.574623323620284	109
-0.08022919131267	0.443819061369121	109
-0.050482996990953	0.988494675965423	30
-0.013363377697593	0.428335931522217	30
-0.123565641739672	0.55425713704803	30
-0.031078164735439	0.945140284661748	23
-0.097215810952216	0.671247948789038	4
-0.080451029093878	0.439963108266549	4
0.00736504821859996	0.590009472028882	45
0.00693857749740601	0.317806962929199	4
-0.080815691331776	0.449106227787501	4
-0.011609307698909	0.438539721278174	132
-0.122210214768702	0.306541152822373	132
-0.082186257106039	0.426857359027489	132
0.00526664916119402	0.334388877016082	18
-0.00404769589740095	0.56730585645102	89
0.118876669685806	0.860102785888768	18
-0.123341858102446	0.303766749764013	89
0.00700474507746796	0.305648437024156	89
0.081643211044385	0.433429097008249	34
0.000251847046398024	0.326209238316887	109
-0.086622380700239	0.417621616842262	109
0.00547169367343803	0.57787655497922	109
-0.019303341280991	0.419874220399506	109
0.00542964403660395	0.678348788811524	30
0.022223054434712	1.0828339852682	4
-0.094877909296572	0.580010618830528	4
0.00125158599602904	0.909691923200852	4
0.120597715049183	0.741542553361147	23
0.064182741447542	0.829243905249641	23
-0.00640765384177899	0.311707801027981	4
-0.081296680063244	0.443527968748281	4
0.015281162236602	0.715846748736399	4
-0.099166093005159	0.561905165362379	4
0.00580904544914096	0.301344022673483	4
0.111008038592829	0.964052084470041	274
-0.00280492239577401	0.569387005527415	274
0.00208312383876497	0.603852969015685	45
0.072909584000093	0.596116661788518	4
0.068211966505533	0.725486153923091	231
-0.075344181415221	0.441790189964274	1558
0.11866008956123	0.714701111099681	176
-0.12384299487153	0.287450959946503	176
-0.122409179358077	0.547691840365631	89
-0.0154588462773611	0.439964597926673	34
0.065400195134757	0.601611035221877	109
-0.01440776529003	0.451901892455741	167
0.115211998656073	0.678513384453592	30
0.011872037123031	0.707290289918083	4
-0.096530696666054	0.558043636261396	4
-0.017661957715318	0.689580583123356	23
-0.113939274131095	0.648930007959904	4
-0.08292318144066	0.445756249302221	4
-0.00707805502750003	0.449352356388047	403
0.117804436786912	0.7363587750649	403
-0.015132396524573	0.436529821864851	4
-0.066593851381025	0.844042927414206	4
-0.020801186752895	0.874432849172388	4
0.088218091580528	0.456541286539101	274
0.07505643620488	0.603813138213299	274
-0.00934170843618198	0.45492322671815	45
0.116488373102247	0.86488690563537	4
0.00249065073031596	0.328528115687303	4
0.058731760708407	0.911761244580775	196
0.107906953663539	0.831672016321288	231
-0.121145653824998	0.202606753467576	18
-0.123287732674727	0.199948384911517	109
-0.094555905519338	0.581783868209374	109
-0.015353337640996	0.439478621951263	167
-0.054423214664362	0.586053860281307	30
-0.087851261774476	0.417715516725769	403
-0.085224375668126	0.447459133561954	274
-0.068915880894022	0.679963592213133	4
-0.069925279215883	0.778142519016344	2082
-0.00529264667523799	0.320041618550794	45
-0.059136730312746	0.571519558389382	4
-0.00261101601723601	0.440464677658173	4
0.067171544815665	0.943103225468928	993
0.044552408456511	1.07718137195913	993
-0.102369057302773	0.897897650845767	476
0.089342841225836	0.458472844799707	476
0.0959185581983199	0.451735958393053	476
-0.011947942559036	1.14822509100011	196
-0.045683049368121	0.798447435114522	196
0.0720634004435819	0.934321605761051	132
-0.124205234291112	0.19946967508199	109
-0.036296769135164	0.799939893179677	109
-0.0130357092947559	1.20583521285967	109
-0.053323656250351	0.577743252224266	109
-0.051644387529128	0.573713829178265	167
-0.124458371273836	0.295185724389987	30
-0.054121918891132	0.953528989716011	30
0.109680276373159	0.881226086123675	30
-0.036893976604218	0.790233874995935	4
0.032439921772506	1.15968603030551	23
0.00119113894218303	0.999681747835569	23
-0.0525751618856291	0.758017502632769	4
-0.081882774365175	0.446962801020678	4
0.00274159978687605	0.318509220243848	4
0.00374445169395499	0.331923496071961	4
0.0959613048181081	1.06849884992144	4
0.085484039274961	0.457101542756882	4
-0.122351290626792	0.306770937597158	4
-0.122067468325911	0.296576891369718	1117
0.00526664916119402	0.334388877016082	993
-0.12183926934969	0.199117754874169	993
-0.120172615081892	0.657446937608872	476
0.089362098530127	0.466516127626198	476
0.062559661439899	0.847990625285446	196
0.088845361518576	0.465458258471449	196
-0.050396078334486	0.578992179373496	132
-0.00718272497962003	0.446111169152072	132
0.00333850131846303	0.318524311832428	132
-0.110092797123461	0.67030478831493	132
0.086987293212721	0.45070334660382	109
0.000962279875037053	0.326134141383306	109
-0.00265632193985799	0.317445775435134	109
0.066073443271354	0.851581289338932	109
-0.089150785495985	0.423743403119435	167
-0.086892942366698	0.560128084884235	167
0.100110110010884	0.806375684467859	30
0.063565935086952	0.580312777474543	30
-0.04096587799101	0.851415676728409	4
0.122258776996906	0.987518915889633	4
0.087028914880774	0.467124033318988	2082
-0.124536666565925	0.205616970479736	4
-0.00631597195393896	0.299995914149594	993
0.00262668239341102	0.33028241849571	993
-0.124536666565925	0.205616970479736	993
0.097517027289419	0.952156487555084	476
-0.0780356783454	0.952503307134963	476
-0.096743382113933	0.569585713032696	476
-0.054157012232426	0.571947878212171	196
-0.059127552107037	0.867993987020013	196
0.060904488713682	0.709633300320165	196
0.066432708932873	0.866379811004115	1558
-0.069941680313625	0.674261301513018	18
-0.087650356687793	0.555840692826327	109
-0.055367662566841	0.588096627978134	34
-0.00307057479638495	0.322304509729284	109
-0.080815691331776	0.449106227787501	109
0.10680948669632	0.822075575867353	167
0.00141907797519703	0.589215543063511	167
-0.077213929062453	0.437418155801835	580
-0.054961956926922	0.580689074615055	30
-0.122351290626792	0.306770937597158	30
0.0390349369305349	1.44366242816857	23
-0.062197717014475	1.04630297676433	23
0.017654531171715	1.25208044054206	23
-0.075984064816084	0.440239815519613	4
-0.072399436019335	0.675515528726197	4
-0.078683326089121	0.434342927994566	4
0.105849635838572	0.981053878024633	4
-0.00315254698642997	0.594542492031584	476
0.119566663685573	0.839954341449557	476
-0.00139859492743599	0.444532493217459	476
-0.066626610354758	0.647975605150985	196
-0.001613839328649	0.569866564491743	132
0.010677489799618	0.316951001954343	4
0.112271318332904	1.05894945946968	1558
0.073273634812875	0.608631022962633	18
-0.122395781391221	0.206681567866676	18
-0.122729362829362	0.20187306156162	955
0.06020811736563	0.698027278115525	18
0.096968465601027	0.453356239702491	109
0.059728602403584	0.739548755471875	109
0.123545951985662	0.761851891378224	109
-0.123287732674727	0.199948384911517	109
0.085484039274961	0.457101542756882	109
-0.122729362829362	0.20187306156162	109
0.0241795438155	1.08633744631709	109
0.067914949963131	0.595743286674721	109
0.066489176011894	1.05692428218586	109
-0.038991545194666	0.784397978052596	167
-0.072664818613806	0.76023130787115	167
0.078326686606338	1.3397776762129	23
-0.094598992907359	0.685752045690063	4
-0.00934170843618198	0.45492322671815	4
-0.091175784914487	0.574623323620284	45
-0.103883697637133	0.645020014719752	4
-0.044885676394668	0.659816446490219	132
0.085484039274961	0.457101542756882	4
0.00178303378347799	0.318668004794255	685
0.00167409007959896	0.584481198225991	18
0.010400715457961	0.702777619355532	18
-0.016346668415814	0.429745148233475	109
0.067914949963131	0.595743286674721	109
-0.011360737956198	0.431214174183438	109
0.00137255800035596	0.328960641569524	109
0.00704564114066097	0.596007547815627	109
-0.097779923885232	0.540342571320453	109
-0.069697787344844	0.429018303270711	109
0.00919230011639205	0.693327476069429	167
-0.119817576164067	0.675008239774524	167
-0.0735186016085731	0.437005388988595	580
-0.000157537104510053	0.326550597011606	580
-0.050698530318271	0.574412526064022	580
0.065059494791613	0.727825944431002	580
0.059841551585989	0.925202438004863	30
-0.01034293574662	0.445297675371147	30
-0.113172258481495	0.971541372144735	4
-0.029886223070954	0.886714788343416	23
0.107344099480945	1.3611468997003	23
-0.108218288122701	0.523916027254261	4
-0.087051572258979	0.562825233240996	4
0.027490262230825	1.01472436602298	4
-0.0585159745039911	0.575828987952541	4
-0.098329457260395	0.742904459422098	4
-0.117883557554899	0.650004980575895	132
0.089383430021308	0.457945430128997	4
-0.03636301086334	0.672782451635019	18
-0.089510343628968	0.405090188962438	18
-0.00169351348104196	0.59452386108161	109
0.063390308473683	0.810440689133546	109
0.08700706524656	0.466389712073119	109
-0.033642484696414	0.663608163699276	109
-0.042289457284916	0.808790743124765	109
0.021290402263261	0.693112660057657	109
0.00327125973916398	0.578832439311994	580
0.112020916396068	0.875198988811549	580
-0.052446659133371	0.593160939079606	30
0.01096969479148	2.01241873587357	1315
-0.117506392051298	0.994691548217168	4
0.016244207591176	1.19301640831711	4
-0.02733539442199	1.09311485754207	4
-0.0365071838982261	0.678299975652123	23
0.123413504722014	0.727443697924284	4
0.036754717008334	0.948263630720771	4
-0.083407643712045	0.566664710400612	4
0.057554882814714	0.694045904659247	4
-0.121556135520797	0.646499686927939	4
-0.123978979030623	0.202441140232469	2071
-0.084322539008335	0.42283756441162	4
-0.122395781391221	0.206681567866676	4
0.010677489799618	0.316951001954343	4
0.115370955528961	0.847230630273961	1117
0.111256696581336	1.0649089232661	773
-0.107015461855244	0.524441326831043	1878
0.00307006486032002	0.585516191087828	787
-0.10583413422543	0.62388735508171	231
-0.014902765678977	0.423104447519901	4
-0.123712913179483	0.741222402167237	4
0.0660561609724381	0.679817525792115	18
0.062697628985769	0.699339773182771	109
-0.027586869660379	0.679948827809606	109
-0.086937293530042	0.426932591107343	109
-0.00492851451332299	0.856813285170901	109
0.071573998674999	0.841944443616966	167
-0.026901007467559	0.692433125649885	109
-0.123978979030623	0.202441140232469	30
-0.120588450743308	0.202901816700143	30
-0.123631870437065	2.37576317827118	1315
-0.058121187453503	1.86675015609346	1315
-0.066542845859242	1.45309265896347	4
0.097210015712459	1.3713140833115	4
-0.028703415577754	0.945823956688812	23
-0.031922249657954	1.17473189087007	23
0.061567910191752	0.555148446668312	23
-0.096613353027231	0.763404873307137	4
0.02237875855508	0.835451986045982	4
-0.091440887162984	0.895293364714129	4
-0.092747115467992	0.634102340980207	4
0.069450941645125	0.917997039967202	4
-0.124536666565925	0.205616970479736	4
-0.00919346581084302	0.433341630760723	1043
-0.079347610272611	0.441073030727643	1043
-0.092159303901537	0.415509911231886	4
0.00526664916119402	0.334388877016082	4
0.107956648197577	0.981283156970968	4
-0.121480136145638	0.19652190193655	685
-0.085387658649368	0.440646289588949	109
-0.015714705292073	0.807028053346523	109
-0.054157012232426	0.571947878212171	109
0.000251847046398024	0.326209238316887	109
0.120333227479345	0.758964685001669	109
-0.06899594805021	0.688061653741156	109
-0.0208866928902131	0.668925262808774	109
-0.123978979030623	0.202441140232469	30
-0.06183880721172	2.25261438843985	1315
-0.107389048297055	1.31005878023064	4
0.111271560391835	1.59347892456821	23
-0.045188307225529	0.971109040413207	23
-0.011472999394736	0.819077458106141	23
0.098618365953418	1.28593399355373	4
-0.04148383767268	0.858984881998654	4
0.064858166175001	0.885341348793442	4
0.065776046590925	0.963102395398563	4
-0.050831906705036	1.01283835497346	4
-0.03358283559005	0.837532947206439	4
-0.029919103245414	0.715221010389912	4
-0.00154835452424695	0.317077958755711	4
-0.122067468325911	0.296576891369718	4
-0.090165518084936	0.570082362295392	773
-0.003692239245917	0.577997362672826	773
0.032076253957544	1.09211327843124	132
0.066465495368479	1.11721554793653	132
-0.124702422317883	0.291575649171499	43
0.000251847046398024	0.326209238316887	43
-0.094202805515171	0.757603806746327	109
-0.118082967841803	0.74093207939226	109
0.0245824127332041	0.808049546743561	109
-0.096777753436142	0.571159848886006	109
0.00976988322945505	0.778292664471303	109
-0.045093356848054	0.559697998619907	109
0.089042748585666	0.446952221106767	109
-0.10236572572554	0.837822932405141	109
0.065861980957762	0.576911841429959	109
-0.003565261491001	0.559770073028656	286
-0.023729490325107	0.943240452812826	580
-0.00362702861431696	1.02692414949079	1147
0.112799960433152	0.880624518676684	30
-0.0568375961365321	1.60477345510298	4
-0.0798546074329311	1.15313676461794	4
-0.107973873948376	0.838123375897415	23
0.0377118477506	1.30356263330119	23
-0.075596357443952	0.909595875444993	23
0.067041917148676	0.607758366503809	4
0.036750396390122	0.962923413711795	4
-0.122729362829362	0.20187306156162	4
-0.02719144224979	0.717693892493438	4
-0.068856371827361	0.689200792805941	4
0.102588632982427	1.07370485923144	4
0.025889960652126	0.918120936181173	4
-0.123287732674727	0.199948384911517	993
-0.118436457482939	0.19362100531677	993
-0.024416718264202	0.685695928260799	773
0.060651225292568	0.729318133008032	773
0.00122591233540703	0.322510250149983	773
-0.086358084063977	0.840884272632224	4
0.072493164858204	0.601793243700598	4
0.00542084462865999	0.315616960060378	196
-0.00850339974664305	0.44618694582227	132
-0.086676286894753	0.428538670909072	43
-0.122395781391221	0.206681567866676	43
-0.085711466229085	0.428966127651296	109
-0.120238977315936	0.29994852930166	109
-0.122395781391221	0.206681567866676	109
0.00545910429578	0.66827941950798	109
0.0693306421311281	0.616153372367706	286
0.061724966926405	0.844586377773574	580
0.052302111495234	0.673978711384093	286
-0.077648060881141	0.442870823735797	286
-0.085171744235658	1.50543098694243	4
0.013445690900315	0.725594514887562	23
0.0250049752364629	0.818418194817706	23
-0.000679386223277012	0.85390525099369	4
-0.116638329241807	0.806861266251084	4
0.119163465745332	0.893929862195528	4
-0.119364982672714	0.738488477891428	4
-0.019410402584192	0.411090689799187	4
0.000319050561824019	0.300339525830753	4
-0.121406286719764	0.672976784183481	4
-0.089383251304482	0.415183155800819	4
0.062927404698172	0.599376727741633	476
-0.0983247428537249	0.672708115235568	4
-0.090278722794169	0.661801157565649	4
0.092373534988159	0.470771760675862	4
0.062521146285583	0.588718206595559	43
0.0906127642775551	0.987785247775793	109
0.117341580147475	0.86114601433482	109
0.020849066000297	0.709817195826172	109
-0.050396078334486	0.578992179373496	806
-0.055679390708978	0.583722507524191	109
0.09239713705338	0.471915434291117	109
0.072028094156497	0.734129662837347	109
-0.00273347677098401	0.583434158768276	109
0.00012005491360001	0.320963863006981	109
-0.104207593099285	1.39593130504507	4
0.035857128263012	0.894793858403121	23
0.00906810609011	0.715031817391987	4
-0.083936696259891	0.680859097973969	4
-0.073247402171311	0.435700860486888	4
0.001135680264996	0.580674049034495	4
-0.078998470757478	0.442321922322484	4
-0.122395781391221	0.206681567866676	993
0.098759572797979	1.02464166784317	476
-0.0217883734752951	0.697772086360893	476
-0.050186973466583	0.56685318972005	4
-0.079578372899741	0.448921020919638	4
-0.123646307210599	0.202693100319571	43
-0.096679507524051	0.574824021610884	1529
-0.098894343296739	0.633361730562387	109
0.00848137780470304	0.692048536726539	109
-0.085436145918469	0.427226016116579	806
0.066108491365343	0.715641414323601	109
0.00239361428192197	0.583461186094461	109
0.061014478830455	0.851767293312375	109
-0.008006099942241	0.423926592676632	109
-0.11926996947689	0.649825065877053	580
0.00803208346279904	0.595132292972564	1147
-0.116448995574235	2.4707640042869	1315
-0.020518642890937	1.7613708175129	1315
-0.074570626388904	1.05900597373715	4
-0.046522923641853	0.578692800214995	4
-0.05816757298552	0.73868255671636	4
-0.065790930631063	0.685745036257483	4
-0.074947879628814	0.666430476629716	4
-0.060378551899242	0.695310534461457	4
-0.047326485262804	0.591618810873437	4
0.062685733711197	0.729739650088654	4
-0.00519375960648105	0.439321381866771	4
-0.0480014933395681	0.775707070711244	476
0.087818723724715	0.459397660093533	4
-0.060360298757674	0.874275757220358	4
0.020308717705556	0.834342936407922	4
0.064692563971196	0.542447538498152	43
0.086651334625274	0.459725622021526	43
-0.024572943265482	1.01090078766476	109
0.074326366963115	0.6087685487381	109
-0.00684527066061802	0.82302017301074	109
0.101957546333855	0.982199499822232	109
0.05668950153006	0.826018110972928	109
-0.0779341310356511	0.967487609512735	4
-0.104589327293431	0.643837338942438	4
-0.029795954655142	0.689133404741181	4
0.049615357233495	1.08839749574555	4
0.0194559566939581	0.826496444600903	1573
-0.099074153064463	0.669998844073235	4
0.039474608885436	0.792309880303558	4
0.00290202724062405	0.321256926493172	4
-0.110448873360116	1.26542688788262	4
-0.120904024527447	0.725006672717841	43
-0.025746232076862	0.977089224176723	109
0.112171903943779	1.06644172080741	109
-0.049667663288968	0.575526320025377	109
-0.03527449352708	0.66938428059444	286
-0.123978979030623	0.202441140232469	580
-0.123978979030623	0.202441140232469	580
0.066272209165932	0.614951935408503	286
-0.118971137747639	0.299680273582759	286
0.089042748585666	0.446952221106767	286
0.1027529513054	1.3198167148033	23
-0.037881289953823	0.670743880975697	4
0.054455101810525	0.780834827109166	4
0.016537049500707	0.719276505093871	4
-0.120353971693317	0.565028656963929	4
0.068560782881857	0.609867513765337	4
0.049725309285093	0.797037540263382	1573
-0.000290078696998042	0.327976123435365	4
-0.072004990926223	0.435647676851974	476
0.064197467468409	0.755959106530699	152
0.122164537027509	0.726745778114104	476
-0.034588344676229	0.687176063053249	4
-0.0154588462773611	0.439964597926673	4
-0.00307057479638495	0.322304509729284	231
-0.046682072221757	0.586342477829578	43
-0.116865939646564	0.671678175021192	109
0.029813686043244	0.819125424911644	109
0.00237560898882105	0.320468397683853	109
0.007649562968705	0.321948343526545	109
0.065752123789975	0.812191460337861	109
0.060721834362041	0.589493891421817	109
-0.030157583826427	1.19290569135806	23
-0.02975036727437	0.695225646579035	4
0.032923123867424	0.943410101851631	4
-0.095502448274402	0.677266970069931	4
0.034297264436959	0.916811136908042	301
0.014816300658691	1.1858941582098	301
-0.092580360607452	0.549742347409171	4
0.0724035573955411	0.589366471055906	4
-0.052595191385812	0.574387200223803	1573
0.006380029726619	0.332098700403031	4
-0.09193395778204	0.424869706177067	4
0.023905069411537	0.843213668999128	4
0.00653654434209305	0.322084276760236	4
-0.005288956914271	0.562559527599097	4
-0.078441887021963	0.431086994898584	18
-0.049496469747776	0.545096130154707	83
-0.124070140586588	0.427018344040595	109
-0.077474708525021	0.442433508631347	109
0.00342185961473696	0.580081768274072	404
0.010614488662481	0.582272049593575	109
0.105028495941445	0.83769537254639	109
-0.10016136449984	0.673642957251686	109
0.118414983418173	0.823269310775323	580
-0.07123430817078	0.432181369320846	172
0.119714371455228	1.55367818125819	23
-0.100653125984514	0.936699047211482	4
-0.097412893821074	0.769430400197564	4
-0.027060851619244	0.691040649997152	4
0.033204398104757	0.845134071890366	4
-0.122395781391221	0.206681567866676	4
0.00137255800035596	0.328960641569524	4
-0.124205234291112	0.19946967508199	4
-0.00934170843618198	0.45492322671815	4
0.088174914303176	0.464340321863489	4
-0.017672613031556	0.436015515064012	43
-0.123287732674727	0.199948384911517	43
0.00320718623840999	0.897211990290979	404
0.060492238059936	0.945263905501509	404
-0.051593062517521	0.577772388555099	109
-0.089634954997613	0.431414184288124	109
-0.07833912929541	0.445603727005801	109
0.0124993263631999	0.707852342990187	580
-0.088720708357287	0.834028003634167	23
0.124091301330528	0.767592154727986	275
0.017372069723821	1.16789610280005	23
0.02524439749872	0.964393158501862	4
-0.00640765384177899	0.311707801027981	4
-0.056376262872207	0.856366987197258	4
0.111212681829566	0.995414394416438	4
0.06486142443111	0.600955434269567	4
0.116827706033655	0.708911391337233	4
-0.119108042435158	0.301608734287381	4
-0.105377089633145	0.528386426228248	109
-0.039221067342557	0.80367575373369	83
-0.00867195262971099	0.889171264358021	109
-0.00644610113702504	0.903953435866163	109
0.0108947528326609	0.306405207203712	109
-0.028944769781946	0.690117727124893	404
0.10869539651529	0.911212681589619	404
-0.098635926369943	0.549967562871073	109
0.101963926163643	1.08341298767313	109
-0.121724865585598	0.562294364371694	23
-0.049957645261077	0.948140884534425	23
0.109541174682121	0.977336227863215	4
-0.082684908540304	0.438813764153869	4
-0.123646307210599	0.202693100319571	4
-0.094006958612326	0.562412848765165	805
0.00237560898882105	0.320468397683853	4
-0.122729362829362	0.20187306156162	696
-0.119338029272473	0.199061320289736	45
-0.032177672691713	0.681779453596663	45
-0.123623066276026	0.302932180494399	1117
-0.120588450743308	0.202901816700143	1117
-0.099579124195059	0.553427396185098	152
-0.00471437532303998	0.58165930783933	152
0.00262668239341102	0.33028241849571	4
-0.084304345868957	0.567504316460446	4
-0.093864062065225	0.827038402178228	109
-0.122420379517121	0.641498752808482	109
0.077382668024268	0.603596931181702	109
-0.118436457482939	0.19362100531677	109
-0.00529264667523799	0.320041618550794	109
-0.096205777581951	0.553145996974664	404
0.098114431308362	0.460772859436923	404
0.0108947528326609	0.306405207203712	82
0.080331188876312	1.08716076628419	275
0.062749826564809	0.602445418988075	4
0.072040084029773	0.607321763401269	4
-0.106094009686623	0.528034013487421	1573
0.009121019029111	0.299518498125976	4
-0.122395781391221	0.206681567866676	1117
-0.122782681261147	0.74939388650947	4
-0.10853817590944	0.526531262648364	4
-0.121324502965304	0.296809851206214	4
0.00415061114213	0.33272994375613	4
-0.00376658251911299	0.436756970645214	4
0.00274159978687605	0.318509220243848	4
-0.04945998887871	0.578925351470243	4
-0.082054012522246	0.918671862475007	109
0.072856513876691	0.610483909046848	109
-0.00861651880708802	0.453115786131447	109
-0.122351290626792	0.306770937597158	109
-0.057840828312778	0.939260254683642	580
-0.093639621213953	0.653721458351519	580
-0.084155144612581	0.773678985428255	275
0.02532069362779	0.818725732548923	4
0.108162287335774	0.95284790000193	301
0.000881656308405976	0.325827943106655	4
-0.016725341361391	0.440364369276597	4
-0.104205457031371	0.529215831731977	805
0.00988218418088504	0.588954743190783	1060
0.073434387715778	0.603934930001811	45
0.023271648141418	0.814567235687972	1573
0.085839296065074	0.464928465157793	4
-0.0688493671984159	0.425600899061945	4
-0.049609083187665	0.583918479487847	4
-0.0937913159935601	0.544335995213497	1117
-0.123978979030623	0.202441140232469	152
0.073059552942403	1.09904572654136	4
-0.000552331293944053	0.567310129702513	4
0.000562427989623027	0.60147119467121	4
-0.121145653824998	0.202606753467576	43
0.035514605192037	1.03401798094019	109
0.00310043791624404	0.96846400130439	109
-0.086489432482056	0.57939541531333	109
-0.122729362829362	0.20187306156162	109
0.030861635876832	0.921378675667461	404
-0.052816096874278	0.553415731798877	109
0.063575701596023	0.858303435533792	286
-0.010877264111034	0.453549116534724	172
-0.123978979030623	0.202441140232469	172
-0.119808683231605	0.299135332137487	172
0.082452322497264	0.453457986536853	172
-0.106974093348649	0.638464834229707	275
-0.00861967952587905	1.34992803582683	275
-0.046838754322551	0.674189866763006	4
0.013445690900315	0.725594514887562	4
0.014283089448174	0.722116358755967	4
0.06481290889783	0.586716900745754	1060
0.00249065073031596	0.328528115687303	4
-0.00196353921984105	0.318980374769638	4
-0.034744103210791	0.679435431104803	4
0.066630243983024	0.943102286700267	4
0.00934088305354497	0.578273441489596	4
0.05887222619971	0.729774159846779	4
0.04922134447191	1.06361966799333	109
-0.058857162263032	0.776628980404236	109
0.00406443787495403	0.596807489788176	109
-0.019410402584192	0.411090689799187	109
0.118590992050744	0.971118448659423	580
-0.002330799922868	0.932476993212429	580
-0.032602849909379	0.894428253195142	580
0.058208675423558	0.734176263084993	172
-0.085058620690294	0.446452827005955	172
0.00116136491267405	1.32475508303777	23
0.043098437547644	1.71463552908499	275
0.039973934007173	1.2730625236094	275
-0.081458002583654	0.442704712668486	275
-0.1009320637977	0.665119929146889	4
-0.00541688642771099	0.307710917164352	4
-0.12183926934969	0.199117754874169	4
-0.00702816247301197	0.451827957603196	1060
-0.124536666565925	0.205616970479736	4
0.00542084462865999	0.315616960060378	45
-0.05078387425333	0.583674695425526	45
0.007649562968705	0.321948343526545	4
0.087168547194203	0.442409714783492	4
-0.08436941496492	0.417620141232436	4
-0.121145653824998	0.202606753467576	4
-0.082264778922201	0.42916867293415	4
-0.123978979030623	0.202441140232469	191
-0.123646307210599	0.202693100319571	18
0.079667965893657	0.597114957571398	18
-0.118939745151691	0.973340701308745	109
-0.110061338891484	1.04887901214051	109
-0.0382842637256809	0.931466382265796	109
-0.092078629182105	0.542617931316001	109
-0.020524214857196	0.793492267270826	109
-0.123287732674727	0.199948384911517	404
-0.124536666565925	0.205616970479736	404
0.013468661733252	0.726311946397851	109
0.00012005491360001	0.320963863006981	109
0.087847271339345	0.458840464412753	109
0.00956794515775094	0.317070575992758	109
-0.00828779741572405	0.443938296855031	109
0.105533030529039	0.8567608361451	109
-0.12369907573629	0.751446538086786	580
-0.122097357540473	0.427978886074723	921
0.053610352318228	0.705190971394859	921
0.00280536715834001	1.15238271467883	275
-0.063848461892458	0.7752991230791	4
0.00360611075897799	0.325057825982307	4
-0.12183926934969	0.199117754874169	4
-0.056174562794312	0.683992473479849	4
-0.116970396764875	0.801977241619563	4
-0.00418028214440802	0.322704336250723	4
-0.123646307210599	0.202693100319571	4
0.00401840114822105	0.320871978078715	45
0.0124993263631999	0.707852342990187	45
0.09006446502752	0.464926123560993	4
0.121706889166722	0.730685463369548	476
-0.103231182931507	0.747209274837534	4
0.080612991756868	0.432059525591896	4
0.00249065073031596	0.328528115687303	4
-0.077648060881141	0.442870823735797	4
-0.124205234291112	0.19946967508199	18
-0.118575425341114	0.73346310604181	109
0.025000497311282	1.09446418607643	109
-0.027173720357961	0.700281048327412	109
0.017994704434718	0.735600119566262	109
0.070567642373603	0.617511491768854	109
0.088174914303176	0.464340321863489	404
-0.0224388053300399	0.760350552117732	404
0.014683722321435	0.733216896344726	404
-0.123623066276026	0.302932180494399	82
0.015681054709452	0.815583477719197	109
-0.00415273841144204	0.58314406161603	921
0.07284199796596	0.846558760809318	921
0.071250263642535	0.605741157941376	172
0.053651027515033	0.78774202249232	275
0.028015583000478	0.935583217499425	275
0.048498662234286	1.17364964058378	275
-0.053916416906447	0.552429623525252	275
0.084879756289553	1.29806159941304	275
-0.00712136196897495	1.33084171308917	4
0.120367361802395	0.867142615087155	4
-0.123978979030623	0.202441140232469	4
-0.115020457287623	0.184088450114989	4
0.070805464256499	0.601968525199771	4
-0.00977302641523203	0.442292411032212	45
-0.124536666565925	0.205616970479736	4
0.084838118359846	0.445609342645369	4
0.092257904979303	0.450112501680263	4
0.09242277904924	0.45781879381133	4
0.12384819756799	0.743740293645779	4
-0.00307057479638495	0.322304509729284	4
-0.000157537104510053	0.326550597011606	4
-0.12475238428933	0.190552142774941	4
0.123533465647278	0.756955732937941	4
-0.120588450743308	0.202901816700143	191
-0.114731922412722	0.291315572525307	18
0.00439288648110103	0.593402948010719	109
0.052946043037545	1.18588382112843	109
0.028363522820416	1.02362243205654	109
-0.108099814466427	0.831655949113205	109
-0.118220141127799	0.654551842382957	109
0.054016872539	0.963588183721615	109
-0.123483302471992	0.306850987863111	400
0.000962279875037053	0.326134141383306	404
-0.118436457482939	0.19362100531677	404
0.0753786419814631	0.60261588521603	404
-0.020259133416663	0.693978454982267	404
0.00374445169395499	0.331923496071961	404
-0.118775452511396	0.672696658979475	109
-0.101778403094357	0.543737142067016	921
-0.124328307896176	1.47144302876518	275
-0.000878313796413011	1.4431598176297	275
-0.00215046351989301	1.12658618423892	4
-0.0820868777421801	0.427100228286159	4
0.068439724176561	0.573357742657843	4
-0.081915537883837	0.556169382624798	45
-0.123574787744366	0.296735620411499	4
0.069859122556898	0.731434562246314	4
-0.120588450743308	0.202901816700143	2196
0.084671608758481	0.459488298005592	4
0.00567393012471096	0.324821725710155	4
0.110823144895057	0.876574452256977	4
-0.052510797128472	0.551418270079675	4
-0.123037124310935	0.291538953028874	4
0.090014149805397	0.466906847694853	4
-0.12475238428933	0.190552142774941	4
-0.100701553377348	0.835240695574254	109
-0.071571482203115	0.755476200012845	109
-0.062950136023434	0.6840677247005	109
0.085484039274961	0.457101542756882	109
-0.124563978138377	0.300568473705484	920
-0.119950709301973	0.303608405310135	109
-0.083990599583502	0.448611196453509	109
-0.053750609074338	0.555390461447139	109
-0.07833912929541	0.445603727005801	109
-0.121079829457092	0.306461337324852	172
0.063533818989553	1.3911669443099	275
-0.117576155991254	1.08918267986422	275
0.075942320589568	0.939847633802432	275
-0.1026493212645	0.52893638310916	275
-0.076518296298793	0.984778805547207	4
-0.09186501781917	0.55998748245003	4
-0.036521112448786	0.805134253880411	4
-0.0571047400877121	0.574497356914239	4
-0.121079829457092	0.306461337324852	969
-0.117184833867362	0.194064298367982	4
-0.122729362829362	0.20187306156162	4
-0.000296419849376006	0.441903051639426	2196
-0.00623393007833795	0.572679029986545	4
-0.070662611566231	0.661101658429086	4
-0.078512472201329	0.446095529496139	4
0.00455697374988495	0.31715385878454	457
-0.082950458506271	0.440054628197836	457
0.00485469444387798	0.927902053317604	109
-0.021585156899899	1.01478564078398	109
0.00275786144809898	0.905936238294712	109
0.0582850996551501	1.12011750101611	109
-0.105187952894885	0.724647732661365	109
-0.052446659133371	0.593160939079606	109
0.018688117907068	0.731957309707086	109
-0.083574102333799	0.425578762314321	109
-0.12032875013	0.282784909448575	109
0.082452322497264	0.453457986536853	109
-0.085867735203391	0.427245014657787	109
-0.014511289215471	0.444384904058185	921
0.078961016412043	0.598490836779285	921
-0.0104456012219259	0.409759812447171	172
-0.123978979030623	0.202441140232469	775
0.105526105374373	1.05940893709897	275
0.109047023253124	1.70776712980768	275
0.061782821843099	1.25412804900144	275
-0.0489884191211471	0.589933954880709	275
0.073693067836747	1.38429530568664	4
-0.093007766058137	0.57330615466104	4
-0.00501167237048295	0.515094776570698	4
-0.123978979030623	0.202441140232469	4
0.114870278165747	0.891082733628213	4
-0.00813243631517002	0.45469246983488	4
0.078618419384101	0.603051845431971	4
0.121585020250487	0.765879035457433	4
0.071425679029802	0.739839649985844	2196
-0.12183926934969	0.199117754874169	2196
-0.120588450743308	0.202901816700143	2196
-0.121480136145638	0.19652190193655	4
-0.007886431278468	0.422283655544178	4
0.00207429441163098	0.431401643632444	4
-0.087335806271382	0.430918385290223	4
0.00055220533779099	0.312090653411358	4
0.0905488459398	0.456023107541343	191
0.061522736507914	1.31470810610247	109
-0.069450080062853	0.791209765166407	109
-0.034411841776936	0.803670147837226	109
-0.00541688642771099	0.307710917164352	109
0.014782964059208	0.300712741264218	920
0.096796282315729	0.446390271834407	82
-0.011151453262939	0.432099018892523	109
0.03116265681915	0.976971866540966	921
0.0652593345785481	0.742601041055434	172
0.00334003644677605	2.16475961928008	275
-0.029274343456991	0.87049901956882	23
0.084819504020725	1.45789625575034	4
0.061187649572622	0.730852031877491	4
-0.122729362829362	0.20187306156162	4
0.00249065073031596	0.328528115687303	4
-0.124139041039513	0.571856741939809	4
0.00916381775683095	0.324219882716138	4
-0.049037165576775	0.579693099439997	4
0.053133925771802	1.00829576967384	4
0.090038285779373	0.471425583731613	4
0.070009248148976	0.606338923468945	40
-0.052590532490029	0.569305259469138	4
0.00805253884513702	0.324366577950008	4
-0.120588450743308	0.202901816700143	191
-0.120238977315936	0.29994852930166	457
0.0647637695133511	0.946067931472528	109
0.022578591357608	1.09031993090739	109
0.00374445169395499	0.331923496071961	203
0.00653654434209305	0.322084276760236	82
-0.099485786206754	0.569579861010754	1129
-0.095744937641973	0.545163506534236	109
0.121863918043137	0.761568343814639	2295
0.00150675333958095	0.581759857169748	2295
-0.077844023478261	1.29700182518762	275
-0.00812653823023402	0.885936440514321	4
-0.081549904071767	0.761051762946214	4
0.072708951607754	0.962192162724807	4
-0.095890466334877	0.67152226973491	4
-0.07833912929541	0.445603727005801	4
0.052111738248964	0.694756866466354	4
-0.01034293574662	0.445297675371147	4
-0.121480136145638	0.19652190193655	624
-0.12461657087116	0.304058194527798	4
0.092257904979303	0.450112501680263	4
-0.086535228984673	0.563886174551506	4
-0.089413648226646	0.566218320154577	4
-0.059609731225997	0.837898721162367	4
0.09242277904924	0.45781879381133	4
-0.01050403951795	0.427057217502672	191
0.00485956488016603	0.329679738407149	191
-0.109608070742701	0.826708828110169	854
-0.024439565490001	0.706907392337404	109
-0.00570484713924602	0.314612102986565	203
-0.121515471627764	0.667484351694246	82
-0.112692330539148	0.811638949712114	109
0.009443473430918	0.919457390195397	286
-0.0981204317925321	0.542934278431355	2295
0.060117112382582	0.685037736224849	172
-0.102658899183902	1.31294896948678	23
0.00098492018218399	1.04837094669382	23
-0.024950423348951	0.964576900351629	23
0.048375309465485	1.1811787700522	23
-0.118773597691959	0.677849848978534	4
0.015766792200503	1.08182045877621	4
-0.119073779436411	0.67419571603425	4
0.086061445168278	1.13301670390929	4
-0.015765312794681	0.754549745105317	4
0.00805253884513702	0.324366577950008	23
-0.0617060590134581	0.687454089018875	4
0.106295000150992	0.973051195123431	4
-0.122210214768702	0.306541152822373	4
-0.00564457946542096	0.971884353721906	4
0.020829134288973	0.710389302848526	4
-0.01372017745933	0.431023632980174	4
0.006380029726619	0.332098700403031	2196
0.00961898670432804	0.589520739297695	4
-0.0936559088422479	0.582397501517114	4
-0.0622555836800101	0.861626871218633	4
-0.122210214768702	0.306541152822373	4
-0.010507586747427	0.522212469303021	4
-0.067669841675001	0.531480754957862	4
-0.098975457572286	0.563854400343951	4
0.070377751746359	0.855172228050605	4
0.00307931458147204	0.603847025934754	4
0.00693857749740601	0.317806962929199	754
0.00513451581411295	0.31231498681654	854
-0.101741239137395	0.664382254917232	457
0.062749826564809	0.602445418988075	457
-0.00944379436853604	0.449241170978007	457
-0.044593187105559	0.802145215224208	854
-0.072015816420361	0.668066561906176	109
0.004752318186236	0.578009525157562	109
-0.100709905231597	0.762113516460295	109
-0.099925433185549	0.535369167099839	109
0.122520452726623	0.952391693995384	109
-0.100091305146786	0.560813123606605	286
-0.043221123136292	0.568620067071281	172
-0.029966504663138	1.03571958569265	23
-0.059371297672197	0.854972078953397	23
0.112841834303173	0.952513820716393	23
-0.090453871375297	0.661838574886923	4
0.00771603687226696	0.908020630083449	4
0.025263156483578	0.839362581981604	4
0.0645291040053509	0.751593937387513	4
0.109152470930274	0.858209941764852	4
0.113618721893543	0.708460081144714	805
-0.00154835452424695	0.317077958755711	4
-0.00307057479638495	0.322304509729284	4
-0.03686735269098	0.689212182004499	4
-0.011655387290886	0.449818065625604	4
-0.017502310631879	0.80502180127729	4
-0.013341729963345	0.696871924763866	4
-0.000157537104510053	0.326550597011606	4
-0.017531802926906	0.68628894051337	457
-0.090710012172933	0.684208557433334	854
0.062551321653786	0.744787025221299	854
0.005993429600475	0.660473320908678	109
0.0659102458142909	0.726712236615319	109
0.09576115512732	0.466219271426102	109
0.064019335714777	0.708928114756301	315
0.00455697374988495	0.31715385878454	203
-0.124205234291112	0.19946967508199	553
0.071250263642535	0.605741157941376	203
-0.052901007266011	0.574187871992825	203
-0.03191679432175	0.684757192980865	203
-0.0741775332517211	0.668174152705629	203
-0.00273347677098401	0.583434158768276	203
0.072040084029773	0.607321763401269	109
0.059483095322792	0.582215258834883	109
0.00108660926184101	0.598313488820881	2295
0.0271392490969	0.848874629554529	172
-0.00850339974664305	0.44618694582227	172
-0.08709109024818	0.422845158476568	172
-0.089449177646887	1.39181454385822	275
-0.104340493991536	0.755609753411851	23
-0.112552654620134	0.730298770279745	4
0.055353080968567	0.991444303633903	4
0.060023721259536	1.12034079439915	4
-0.11387142941397	0.603488668218413	4
0.122824531347747	0.740168326312048	4
0.00208312383876497	0.603852969015685	4
-0.00465341353417703	0.449035794298267	4
-0.098075389359484	0.556620865479674	45
-0.075344181415221	0.441790189964274	4
0.014683722321435	0.733216896344726	4
0.0670933053603739	0.755310871908181	759
0.00911240060686602	0.724789867085907	4
0.061722643078873	0.818636155299343	4
-0.105152751204541	0.532091780130959	4
-0.086781059725077	0.425184940206991	4
-0.051644387529128	0.573713829178265	40
-0.092013762275711	0.56183120799466	4
-0.100475975489466	0.553497163692374	40
0.070636624758128	0.572358100956536	4
0.000586314517705966	0.310361879887757	4
0.124373764314164	0.755716220677105	854
-0.086535228984673	0.563886174551506	73
0.100332067937139	0.45319432419977	203
-0.016565403118758	0.44088029242711	203
-0.030418860472934	0.703882921168963	82
-0.0833311577640961	0.430012665371353	82
-0.124591776230017	0.428139623711925	109
-0.109887386606833	1.61326433700097	275
-0.104512223220879	0.888293504765658	23
-0.073598385054766	0.800458863385699	4
-0.087576304218055	0.847688760344825	4
-0.110778026930003	0.833146935920349	4
-0.121480136145638	0.19652190193655	4
0.00208312383876497	0.603852969015685	4
0.103727054744093	0.929597814729381	4
-0.0169328197798611	0.41931388450229	4
0.084787600463105	0.450050304538	40
-0.122729362829362	0.20187306156162	854
-0.00783140269399696	0.955958246845255	854
0.041888307353114	1.15699844580854	854
0.107839373136219	0.992711999146594	73
0.113386223621363	0.673567285568611	109
-0.059085395350689	0.571409436568876	109
0.064080263044079	0.866229037801507	315
-0.00233583954813699	0.4455683825897	203
-0.00154835452424695	0.317077958755711	203
-0.00345375872436704	0.579714536676361	82
-0.00265632193985799	0.317445775435134	82
0.065272613377536	0.86306450999191	172
-0.00903679842267002	0.421464971334976	172
-0.106071882012787	1.09104615985001	23
0.00204311582707795	0.988883667492434	23
0.110963442062894	0.960431683116668	4
-0.1128314249294	0.720125977000489	4
0.071900925006339	0.866350916298164	4
-0.00934170843618198	0.45492322671815	4
0.00343173744041703	0.658190500607346	23
-0.00318246111176801	0.824951801387219	4
-0.048093145318882	0.576315351689843	4
0.00137255800035596	0.328960641569524	4
0.118085997359778	0.708225470934882	4
0.071671401840632	0.586151027448512	4
0.00888692212169595	0.586295887556153	45
-0.078998470757478	0.442321922322484	4
0.088174914303176	0.464340321863489	4
0.00281717310915697	0.598086666635625	4
-0.097810956787318	0.674883814456176	4
0.052955202759372	0.70554990641504	4
0.01523070055485	0.721995875405755	4
-0.015028347608643	0.438002249963236	4
-0.0961500826709259	0.559150628494986	4
-0.00932752629688805	0.30110439799515	854
0.08668117460659	0.456235801927897	109
-0.0768836697020699	0.443790678044961	212
-0.087172611034588	0.433365227583367	212
0.08401615236963	0.4360209524432	212
0.057622689798996	0.729001107595203	203
0.072909584000093	0.596116661788518	220
-0.00842793441817902	0.826130772693533	109
-0.03400086366453	1.95146044422322	275
-0.017673988103078	0.795766470199915	249
0.000489764491515055	1.30868068167525	249
0.000823328758739028	0.604475208651052	4
-0.013932347015136	0.6896878972102	4
0.00929485141268504	0.594593211029417	4
-0.044390040703333	0.787022434694122	4
0.00916381775683095	0.324219882716138	4
-0.122395781391221	0.206681567866676	4
-0.014301962103794	0.449591765306355	4
-0.11586045977696	0.291188184906433	4
0.068956551797535	0.606195159742321	854
0.00496014771013598	0.88538858562082	315
-0.107664491497166	0.648975371349784	220
0.00505849155267701	0.602267748478127	220
-0.124423828193064	0.297298211192496	82
0.108138825275698	0.877152716457671	172
0.068869862125067	0.717225443275005	172
-0.011982150404555	0.45456965883338	172
-0.078095957796383	0.922087912340524	4
0.082285196943036	1.18252753773164	4
0.0584335629827391	0.710006380537956	23
0.00542662323568499	0.31345790777126	4
-0.12183926934969	0.199117754874169	4
0.112958041222454	0.871723179224865	4
0.0150192677307029	0.730324667446572	4
-0.097393299778138	0.555867867843797	4
0.086810370200905	0.560223118288089	4
-0.01293968526571	0.788691287383455	854
-0.068185585874734	0.692845985562155	109
-0.091093950213352	0.567865110607521	109
0.000333620997372996	0.554674675871647	707
-0.057257410776491	0.578124692233159	212
0.070382629314204	0.611689459090023	212
-0.1151699285473	0.653566467887465	82
0.062927404698172	0.599376727741633	82
-0.092074152459529	0.578190805733987	220
-0.10446060440938	0.652930389342402	109
-0.067788346441001	0.684208299828036	286
0.057622689798996	0.729001107595203	23
-0.097393562014593	0.568234132672084	23
-0.011773617008726	0.811877096426709	4
-0.057889357242167	0.53817656759453	4
0.00116641036505405	0.586428875192458	23
0.074589054738566	0.7331271162236	4
-0.0239976813620471	0.664903431080874	4
0.070730908414123	0.967623475376772	4
-0.123483302471992	0.306850987863111	4
-0.089311137145168	0.424893422900226	4
-0.098505335027719	0.551791549790229	4
-0.070981007911296	0.684399854480095	4
-0.00505568767090303	0.564741373042628	4
-0.098653040882105	0.564117283317041	4
-0.044807168922528	0.586957944564757	4
-0.051332507395351	0.566226995017869	4
-0.076582513032501	0.440175814716462	4
0.108196566957414	0.826461801573206	4
-0.103285753237006	0.547039785575785	4
-0.052262434163262	0.569362540682241	4
-0.013142083702663	0.428221555718865	4
-0.101970325177783	0.656558840073044	854
-0.078163289142587	0.436666240681943	109
-0.076409146406239	0.444506411267396	109
-0.0502468024641231	0.592099967374275	73
0.083645445408981	0.45556148875631	707
0.123685937003443	0.721962644780279	707
-0.00919346581084302	0.433341630760723	212
0.00196807589335701	0.662348889319942	212
-0.060799250782832	0.563341927304282	212
0.00757276732798196	0.717646837740496	203
0.063020134478862	0.737024512244451	203
0.055529881515263	0.821040184286512	82
-0.02719144224979	0.717693892493438	82
-0.057341111211463	0.5655574465305	82
0.111835118938677	0.879224301492102	109
-0.085711466229085	0.428966127651296	286
-0.12271812332159	0.644982389024428	172
0.00951363205163402	0.695689670110655	172
-0.0147847943277341	2.14427590830891	275
-0.00424854960519505	1.10781169729817	23
-0.105341886749395	0.998124175768631	23
-0.072449845270367	0.651148202804924	4
-0.024858332545489	0.762461184169909	4
-0.011507569429138	0.439776950093596	4
0.073177962372428	0.72244715581834	4
0.12384819756799	0.743740293645779	4
-0.062006209652651	0.553171667628774	4
0.086713040436637	0.438798812953726	4
-0.01447011628402	0.28179605346047	4
0.0615250878903451	0.712690866235324	4
0.000516909637215957	0.581433940477606	4
-0.087715374027075	0.579926414358363	4
-0.00280492239577401	0.569387005527415	4
-0.094916287451926	0.568713715096426	4
-0.00130477451158195	0.56349696763739	4
-0.085224375668126	0.447459133561954	4
0.103605331191234	0.928954211618068	1301
0.115034588496529	0.666438036673	4
0.00360611075897799	0.325057825982307	4
-0.00628087961476898	0.520461622254052	854
0.029453019348853	0.82698709655985	854
-0.0876861851505461	0.435883095945118	109
-0.018087429688201	0.418704595116934	73
-0.010402245411136	0.437172408484212	707
-0.083415322605262	0.429136691710362	707
-0.053209578092277	0.572650909070467	203
-0.118793980038605	0.555214205278753	286
-0.085925094590414	0.576965180507734	286
-0.057570161159526	0.583065681426459	172
-0.00581777044184195	0.448640515047614	172
0.091230758263221	0.470449181088585	172
-0.117945925536441	1.69089187701459	275
0.0314878214857091	1.44856250404744	23
-0.016503365882046	0.803031444967416	4
0.000104698177913032	0.597896514144645	4
-0.034383178748428	0.875026270577875	4
-0.026536769840476	0.970512349067342	23
-0.005194270943229	0.809760053926741	4
-0.119808683231605	0.299135332137487	4
-0.0419646855060391	0.802204706108667	4
-0.095347648623814	0.768789084932775	4
-0.082186257106039	0.426857359027489	4
0.069438540646236	0.920501208462544	4
-0.055844992314303	0.578717320653731	40
-0.07376383162708	0.785374391331691	4
0.123118390839131	0.760518813900419	40
-0.016565403118758	0.44088029242711	4
-0.081119024832934	0.423249292141014	707
0.090038285779373	0.471425583731613	707
0.107462360833316	0.941967598253023	212
0.013744079414949	0.721053991851374	203
0.032696806233229	0.823675633792632	220
-0.031629581408954	0.69033952565862	220
-0.033961132733219	0.69409883926533	172
0.024403965244628	0.800926590777316	172
0.016592756996364	0.721027351235623	172
-0.091321029485218	0.92787463870874	23
-0.122395781391221	0.206681567866676	249
-0.081882774365175	0.446962801020678	249
-0.0832108104202151	0.614524714195552	23
-0.061747928520573	0.560835810762738	23
-0.011755108524711	0.445576756495428	23
-0.00438168159609098	0.573492900629227	4
-0.107274432195139	0.528742695232708	4
-0.048800865856569	0.569154987397806	4
0.090038285779373	0.471425583731613	4
-0.000552331293944053	0.567310129702513	4
-0.00697111494673697	0.443900479240804	4
0.035351909992796	0.946059225819902	4
0.103229713996405	0.837554654725588	4
-0.067879159563273	0.766739218728866	186
0.112021603568297	1.06211473197359	4
-0.08292318144066	0.445756249302221	707
0.00678824229757002	0.326388491662093	707
-0.00702816247301197	0.451827957603196	707
-0.114731922412722	0.291315572525307	188
0.013183506706773	0.708775774510131	188
-0.05052356282562	0.754507669920394	220
-0.054946272810352	0.684874675551062	220
-0.075817679669798	0.444078227944289	220
-0.074103923855827	0.439959944845638	172
-0.11242163254416	0.549668329540906	172
0.021725630718481	1.31887025637864	275
-0.079622210704836	1.07239020429712	275
-0.108091410990848	0.836120414849908	23
0.00971893477677899	0.683401857440205	23
-0.018708018984077	0.698728734826411	23
0.062336470094978	0.584488359804498	4
-0.0000261422464029604	0.577603741334668	4
-0.052083280131429	0.87221752955805	4
0.087168547194203	0.442409714783492	4
0.00499917252581095	0.907505043686509	4
-0.100610140067893	0.673688067235628	40
-0.116575930687052	0.294408723239976	186
0.071147396574159	0.598904038151865	40
-0.00159581229343697	0.428827229854791	1301
-0.091477826999141	0.8350319906108	186
0.072422358651698	0.728992798660349	186
-0.120937446033862	0.299186491295093	186
0.00725315736732701	0.305759819460265	707
-0.123978979030623	0.202441140232469	707
0.00095452493102699	0.560540035402937	707
-0.122955400819693	0.195779320396137	707
0.084316839605412	0.45096052929217	188
-0.077781455866042	0.428924305288543	188
-0.0803441968922281	0.42395477472931	220
0.112516157041764	0.855823452661821	172
-0.0881319758602061	0.942971158580983	23
-0.073878009877708	0.438190937403521	4
-0.0657339458820561	0.697058758228038	4
-0.03069234390098	0.865792622116343	23
-0.117208798508135	0.709305175762074	23
0.00415061114213	0.33272994375613	4
-0.000406109215234984	0.426741395400637	4
0.00526664916119402	0.334388877016082	4
0.0848118278723931	0.455255762151463	4
-0.073709124439123	0.439481315510132	4
-0.020410501999822	0.418205886434802	4
0.060668328166858	0.712496318412107	40
-0.027921734605334	0.682785208800438	40
-0.095198277981554	0.570998232635251	4
-0.060491775150287	0.564073426067676	4
-0.072197927117603	0.778517649544454	4
-0.080065384251793	0.442029047666798	40
0.000962279875037053	0.326134141383306	4
-0.012715229210581	0.441179022344809	4
-0.107577432379541	0.649509249945432	4
-0.01292301277214	0.422730511347325	1301
0.105974628356154	1.03312980871396	40
-0.055844992314303	0.578717320653731	238
0.067532859084822	0.597020205678978	276
-0.058696859164097	0.880554287705451	276
-0.011706765406343	0.41553350790655	707
0.010609406907497	0.308806788046046	707
0.014957954442878	1.05965402803079	220
-0.00130206825530999	0.828506597783413	220
-0.052901007266011	0.574187871992825	220
0.0693933583874911	0.580065791532475	220
0.083645445408981	0.45556148875631	286
0.059852577306574	0.581581093617768	249
-0.114599527302382	0.290969209462654	4
0.0945741346597599	0.46049355905406	4
0.0107267274777541	0.697778672535457	40
0.00882035095683598	0.698673219955031	4
0.058036325831855	0.697288879173772	4
-0.047467857048621	0.575481168051234	4
-0.0817134159355461	0.83995866759075	4
0.00754142540649005	0.696658520082252	4
-0.12475670868669	0.302995586223995	4
-0.011655387290886	0.449818065625604	4
0.0959185581983199	0.451735958393053	4
-0.00222187345717795	0.430792167965946	188
0.00307931458147204	0.603847025934754	212
-0.022886182063246	0.691621363307552	188
-0.12418518115702	0.641090809036486	188
-0.012613546537508	0.437643126903488	203
-0.000871467696015982	0.317566461719138	203
0.084838118359846	0.445609342645369	203
-0.12475670868669	0.302995586223995	220
-0.100265107989791	0.538853038800928	220
-0.122395781391221	0.206681567866676	109
-0.00459339438480999	0.314260466417527	109
-0.12461657087116	0.304058194527798	109
-0.010256998130489	0.422961185825189	23
-0.103238425118603	0.657264547801994	23
-0.011982150404555	0.45456965883338	4
-0.0460671323320599	0.591051983209172	4
-0.090178083970605	0.779366570352811	4
0.0630480244670471	0.950876562256396	40
0.00526664916119402	0.334388877016082	4
-0.000838807047821022	0.585532625058724	40
-0.051954361288295	0.574889503080327	40
0.104712419269972	0.985759622369331	4
0.032234267549484	0.983963797103551	4
0.06357391014518	0.587191101440054	4
-0.074033248561325	0.759688581366226	4
-0.100205801244291	0.70000765960631	186
0.00971893477677899	0.683401857440205	186
-0.053704614551392	0.588771282631255	186
-0.095778570919224	0.579395036670169	238
-0.123450879767147	0.570918060450511	101
0.11207753042055	1.06681587185414	276
0.0230302198400431	0.897399763055383	188
0.060852155644988	0.738311931663888	131
-0.123627169514043	0.552478366882338	220
0.095551737072143	1.17171671029171	220
-0.084322539008335	0.42283756441162	265
0.087818723724715	0.459397660093533	109
0.084787600463105	0.450050304538	172
-0.00193414827414096	0.912083902120441	172
0.084838118359846	0.445609342645369	1176
0.074255199990005	0.725082233299428	23
-0.07446642207562	0.896885894587743	4
0.108704403797237	1.08935269747049	4
0.067326114342068	0.610485858115258	40
0.123811204204419	0.768406784584938	40
-0.00101953587732095	0.575134414170672	186
-0.048198240133846	0.57506639223032	40
0.000303899340924008	0.58841618657986	238
0.072384322622267	0.608206404799992	276
-0.113568417769513	0.672679028681191	276
0.060685166268852	0.813057167970927	276
-0.065080024139043	0.42143260092981	276
-0.119243258526321	0.296419808464062	276
-0.121480136145638	0.19652190193655	73
-0.122351290626792	0.306770937597158	188
0.00542662323568499	0.31345790777126	188
-0.082186257106039	0.426857359027489	220
0.061436502461368	0.851074071867793	23
-0.0982616677379981	0.666071917013838	4
0.106737285989257	0.978997691463078	4
-0.00365949893365802	0.450326345135724	4
-0.122729362829362	0.20187306156162	4
-0.0220212511357331	0.741561704946792	2106
0.00178303378347799	0.318668004794255	4
0.012384019402757	0.300231368261669	4
-0.012660236582702	0.430169848523498	4
-0.015826704670082	0.430477576915743	4
-0.00127997098065602	0.323834639770185	4
0.0679496641338691	0.721676501268528	40
-0.073878009877708	0.438190937403521	40
0.067089004343214	0.819486833733362	4
0.0116480611058331	0.713127786907645	4
0.0658588766313331	0.586437374657803	40
0.067716851851708	0.603384811109859	186
0.083645445408981	0.45556148875631	186
-0.0295408385225731	0.689452103725936	40
0.073456373481844	0.600607986063855	186
-0.018883559373654	0.434981586150503	276
0.00401840114822105	0.320871978078715	73
-0.092487205686556	0.399952037617657	73
-0.124313491469895	0.298390010441057	188
0.0701981343618821	0.605596060665115	188
-0.00739954106644702	0.451213153000245	220
-0.01392117436145	0.440151987513129	220
-0.00994025762898398	0.445050819714474	109
0.0658588766313331	0.586437374657803	172
0.055054312949962	0.703858238034608	172
-0.082719135997624	0.841175497081818	23
0.086445621136943	1.1252689805301	273
0.000557272119944052	1.11770865875352	23
-0.06038647294719	0.909504694126344	23
-0.027790993225427	0.892746219339932	4
-0.087172611034588	0.433365227583367	4
0.101848479612693	0.426080274975487	4
0.107027837306973	0.863460386744858	4
0.114176223909402	0.887404270353069	40
-0.123483302471992	0.306850987863111	186
0.00207886957200398	0.318025011347589	186
0.00678824229757002	0.326388491662093	238
-0.124205234291112	0.19946967508199	276
-0.032309827924876	0.707426311131613	276
-0.085938564389243	0.430994077312337	707
-0.056085311308915	0.563948695712974	188
-0.073567628246152	0.6574729302167	188
-0.011151453262939	0.432099018892523	82
0.096144278258999	0.438658225085656	220
-0.103013960642324	0.548927319638761	220
0.08621358516567	0.435035974811278	109
0.116134869125126	0.866132750906902	109
0.091598308266899	0.448274670912283	172
0.07362280207656	0.612166628673154	230
-0.033041917254155	1.02393802668641	1176
-0.027541550664556	0.711883904557248	23
-0.080918896776723	0.92785171570516	23
-0.117184833867362	0.194064298367982	4
-0.122571879952328	0.795107874396967	2106
-0.000157537104510053	0.326550597011606	4
-0.097146096106855	0.388935265196568	4
-0.121145653824998	0.202606753467576	4
-0.00391934610863398	0.580986970652244	4
-0.10263823543013	0.553656595754075	4
-0.090087411028303	0.732807632109245	4
0.033564449669348	0.917639423033097	40
0.022167394436821	0.820644435089202	186
-0.081688066654408	0.444233595609831	186
-0.000157537104510053	0.326550597011606	186
-0.0837535455541401	0.438515934220587	186
0.062685733711197	0.729739650088654	186
-0.000157537104510053	0.326550597011606	854
-0.072693798007983	0.656341000056419	276
-0.00296227713189601	0.804293998952991	276
0.0753786419814631	0.60261588521603	188
0.071633041396219	0.710568697779364	109
-0.064101664052633	0.667117060463647	109
-0.044593187105559	0.802145215224208	109
-0.0988041344884379	0.561003838472128	172
0.00772569781663601	1.40922562281759	1176
0.06395350425626	1.09653518615466	1176
-0.0968957759415891	0.771822414378974	1176
-0.116755815264702	0.643799006839729	23
0.032411816389464	0.914588840221729	23
0.019024413989169	1.06666478912513	273
0.012561846788165	1.2580713875746	23
0.070572155398036	0.57806827777827	23
-0.106050694425859	0.952069869705667	4
0.064357347154171	0.949404621927098	4
-0.038396909154487	0.799638979786944	4
-0.033773531823691	0.689085010057064	4
-0.02719144224979	0.717693892493438	4
-0.116969132437784	0.675875406146278	4
-0.057717643032835	0.542966844603444	4
-0.122067468325911	0.296576891369718	4
0.00678824229757002	0.326388491662093	4
-0.124205234291112	0.19946967508199	4
0.089992066510993	0.449074869759288	4
-0.052494842816384	0.567267916773787	1986
0.0297064193291799	1.01672389615143	4
0.002675099816284	0.58718067666371	4
0.122837711252128	0.768685563684145	1005
-0.084746360552676	0.426495945134197	40
-0.116575930687052	0.294408723239976	186
-0.018261208573197	0.427992446012432	186
0.055850670119761	0.701053225062507	186
-0.096743382113933	0.569585713032696	40
0.07362280207656	0.612166628673154	186
0.0108811485186729	0.720468752610603	238
-0.000157537104510053	0.326550597011606	276
0.017822711227506	0.77704869566865	276
0.068278038456433	0.730784041286193	276
0.068344295133461	0.756396339845624	276
0.0610990267665	0.816199349275746	276
-0.031664484045658	0.684095998982964	707
0.118688374352891	0.712641281571491	707
0.064987475312319	0.726054296924728	188
0.02377130852132	0.919628626675137	212
-0.07650911551083	0.645854982794076	212
0.063983061643955	0.609182114929381	413
0.00012005491360001	0.320963863006981	131
-0.013821804776688	0.439024887911275	82
-0.013195820186944	0.454790224010527	220
-0.092445498867941	0.665153865654717	265
0.0634718470867241	0.741867465172251	265
-0.044338879211531	0.768484534915577	109
-0.121908300595216	0.557792527863693	109
-0.093220958647115	0.667059501212424	109
-0.098635926369943	0.549967562871073	172
-0.102900818593006	0.555698061740389	172
-0.010402245411136	0.437172408484212	230
-0.016636275952819	1.32709019193518	1176
0.124563001987884	1.31809690661797	273
0.070382629314204	0.611689459090023	4
-0.050562767916618	0.583277638241466	4
-0.061783847609087	0.784017818212651	4
-0.04486145984991	0.580304810547062	40
-0.089117680683074	0.659013407268291	2106
0.08700706524656	0.466389712073119	4
0.092746105451827	0.462157696187919	40
-0.016237894832724	0.434412575594578	1986
0.000562427989623027	0.60147119467121	1986
0.085955368007275	0.44370516009767	1986
-0.055299382616628	0.757411969297417	40
-0.10489423758469	0.521950152385512	40
-0.018368562683986	0.42387153177331	186
0.0681519802494031	0.584743204339961	186
-0.011982150404555	0.45456965883338	186
0.00249065073031596	0.328528115687303	238
0.094593326819251	0.466453397242953	238
0.064624054809566	0.584883115239816	276
-0.088760088871323	0.673070491371906	276
0.063005858869626	0.923918776449209	276
-0.096853967531802	0.555036551180826	276
0.014596939339746	0.705733966038715	188
-0.007924763418937	0.791893027509019	188
-0.047716327689648	0.548594456459429	188
-0.038396902482147	0.691758737352382	212
0.0613688110517711	0.852505450123122	212
-0.120243813588236	0.196859875929223	188
-0.050869677254079	0.589311497562506	220
0.099969544105022	0.930455337480047	220
-0.097000654271457	0.573920319615427	109
0.123955012119015	0.735942702561404	109
-0.057726018702297	0.562863319123979	109
0.08700706524656	0.466389712073119	230
-0.110245379530829	0.93322540186614	273
-0.088644555160917	0.76997081994416	23
-0.123287732674727	0.199948384911517	23
0.00613472565249995	0.311523387843028	4
-0.070932776790698	0.651501741750323	4
-0.09912442264099	0.560675232526444	4
-0.122067468325911	0.296576891369718	4
-0.052463751191147	0.951440283810523	2106
0.00542084462865999	0.315616960060378	4
-0.01054926469199	0.452073129786603	40
0.011784335915793	0.310954130022943	40
0.064557303006377	0.836490108067038	1986
-0.078939157820718	0.964960464710224	4
-0.044861764305736	0.756386256422049	478
0.0945741346597599	0.46049355905406	1005
0.1065810550277	0.850043049987894	40
0.08668117460659	0.456235801927897	40
0.0907643409603029	0.426245416325357	238
-0.00265632193985799	0.317445775435134	238
0.000962279875037053	0.326134141383306	238
-0.123646307210599	0.202693100319571	276
-0.119659039921461	0.757522929867815	276
0.00481368965555895	0.694343862729857	188
0.000163970068434049	0.58826062347639	212
-0.122395781391221	0.206681567866676	188
-0.122395781391221	0.206681567866676	413
0.070408089344416	1.02552133711201	131
0.08572120066699	1.14202354310144	188
-0.101611363412279	0.5577864817932	220
0.036729800000038	0.915426042646367	109
0.013993798730107	0.734555401209209	109
-0.077447170498798	0.434225489935336	230
0.066752191321293	1.54876170129432	273
-0.036511840550963	1.09100241026331	273
0.064253856456736	1.02025503415304	273
-0.097138079898317	0.960749996582771	273
-0.041592686146391	0.769468945227639	23
-0.00341051176825502	0.599082268769605	4
-0.00446951910351701	0.539991170850478	4
-0.086426127784873	0.562241991618343	4
-0.123646307210599	0.202693100319571	4
0.081643211044385	0.433429097008249	4
-0.091646960582719	0.663928479572444	40
0.066082491162383	0.714553657071904	4
0.00374445169395499	0.331923496071961	4
-0.123507587630809	0.190987459493543	4
0.072420141693065	0.9372712418451	478
0.087052832619113	0.451365047096846	1005
-0.07284459768847	0.636704884694291	40
0.00303295626472599	0.307398359457546	238
-0.124536666565925	0.205616970479736	238
-0.117184833867362	0.194064298367982	238
0.057952937941005	0.730100995478818	276
0.0246330935367251	0.879168461086621	276
0.077980309208021	1.20076472475289	73
-0.12475670868669	0.302995586223995	188
-0.123483302471992	0.306850987863111	188
-0.114862621075838	0.283104645690924	131
-0.096718486355618	0.556143747790323	131
0.055710248028042	0.722126352376673	109
-0.058596295349249	0.564781272320476	109
0.023912080459576	0.79795535420436	109
-0.0892998684770751	0.580856544975177	109
-0.00570484713924602	0.314612102986565	230
-0.01654155361733	1.24907524069536	23
0.070243948018067	0.854012918315418	273
-0.11681126680949	0.880773382086701	273
-0.0897333492704751	1.04074999801369	273
-0.115325729078905	0.728923660155697	4
0.072040084029773	0.607321763401269	4
-0.052254740940424	0.683816896680151	4
-0.120243813588236	0.196859875929223	4
-0.123978979030623	0.202441140232469	162
0.115782134578131	0.877575242962055	1986
-0.094527761816101	0.760487606337006	40
0.0654135084895831	1.0554375337264	40
-0.12013609347201	0.663266119607936	186
0.076331839154323	0.603455377969365	186
0.092236135010869	0.456636424902149	186
-0.00140999796089203	0.592808840682523	276
0.104634121536919	0.965689830459678	276
-0.025087216393746	0.774470873896063	276
-0.06934207789738	0.682346072940211	276
0.074672029986153	0.607825116228009	73
-0.051188090728202	0.594193698825752	334
-0.053479050840966	0.578384159355403	188
0.00379765985215097	0.600871589144551	188
0.061655784615009	0.563612674361417	220
-0.090524757071748	0.582997042820501	220
0.013445690900315	0.725594514887562	109
-0.116075815357606	1.21289384092397	273
-0.076252050390983	1.25549498100061	273
0.082262035966737	1.2207622648982	273
-0.08431142524086	1.06853234231248	273
0.014168034833292	1.12660637663062	4
-0.00861651880708802	0.453115786131447	4
0.0106566695481291	0.714296466656826	4
-0.121324502965304	0.296809851206214	4
-0.120238977315936	0.29994852930166	40
-0.00180665278778103	0.319627117607723	186
-0.015028347608643	0.438002249963236	186
-0.083990599583502	0.448611196453509	238
-0.074408499240869	0.666244601954437	276
-0.090863260291	0.426855793359807	73
0.109773208996233	0.938851688897404	334
0.0102820561222829	0.719226479684302	188
0.065384607775988	0.733761983013123	188
-0.077408151908184	0.80841962929613	188
0.107839373136219	0.992711999146594	188
0.00262668239341102	0.33028241849571	220
-0.04318328300665	0.771143775008935	109
0.0817776348109	1.11924341819202	109
-0.027912998128109	0.90251333540368	109
-0.122934162552803	0.560971051580046	109
-0.124795640802312	1.11961302147415	273
0.051248723791364	1.20520832646349	273
-0.102340559835287	0.958284780395707	273
-0.060662694297109	1.16056138747255	4
-0.089474279839706	0.431479523195548	4
0.062691482759037	0.725791951420637	4
0.11032287541373	0.932855840863412	4
0.086651334625274	0.459725622021526	4
0.089209138937845	0.446983325905574	4
-0.057473232135787	0.790449890920887	1986
0.0649460468088851	0.909829693764845	478
-0.083574102333799	0.425578762314321	40
-0.00189291015639703	0.592425218472235	40
0.029476742310901	0.916057925571728	40
0.0742792150473	1.26128263766476	186
0.020135857670614	0.750103527230618	186
-0.078441887021963	0.431086994898584	186
-0.045802623950441	0.57961993215084	186
0.068744766213371	0.610158627158865	238
-0.124423828193064	0.297298211192496	170
0.030002803329658	0.922603652008146	276
-0.051658024088082	0.579478091229662	73
-0.0924997977691589	0.56078894348213	73
0.0730682226553781	0.738180311224777	188
-0.098582830439732	0.574095327879981	188
0.102287783795867	0.806856272143781	188
-0.067769748018837	0.691572322763009	220
0.030861675398829	1.07890564886928	109
-0.047765823154001	0.72425370552395	109
0.113194448336576	0.844195344926765	109
0.025789966142901	0.814963878809291	877
-0.104864261454641	1.24066488515633	273
-0.037960916968092	1.39283418692012	273
-0.042079918797593	1.05962599038314	273
-0.000512320463253002	0.996606771278449	273
-0.123590960119295	0.925983653691272	273
-0.12088150041935	0.784974509591408	4
0.066901643317601	1.11317379606227	4
0.00624607607296901	1.19736231284394	4
0.02764906564467	0.933711073918118	4
0.121585020250487	0.765879035457433	4
-0.045258602923172	0.879580390073838	452
0.0632052735483301	0.574925664271214	522
-0.12475670868669	0.302995586223995	522
-0.014100713005728	0.762937349545941	478
-0.123712913179483	0.741222402167237	478
0.00689542746416005	0.567504864902021	40
0.083565535868794	0.965900858439116	186
-0.00133930595972498	0.574981728084373	186
-0.081517284806747	0.442680293657591	186
-0.077852235163408	0.763025275634942	170
0.00423093629682203	0.313513312816459	423
-0.000290078696998042	0.327976123435365	170
0.065418107046981	0.81322329364603	276
0.012779853685254	0.733805022270373	276
0.05887222619971	0.729774159846779	73
0.078318218045365	0.83500152784776	334
0.00816685077238799	0.581406228722502	188
0.064720788292141	0.735743185760776	188
0.062169913674794	0.724400899988825	188
0.00485956488016603	0.329679738407149	188
-0.058352015265419	0.693606077566177	188
0.065241081836954	0.859731293560903	109
-0.100091305146786	0.560813123606605	109
0.088182200876144	1.09425151492533	109
-0.12475670868669	0.302995586223995	183
-0.0885415245736531	1.43426168306203	273
0.0375436012692409	1.24564832516461	273
-0.097607189126932	0.558402816717538	273
0.020443483591542	0.727578212385904	273
-0.024698219667756	0.783461863695449	273
0.0259052013566911	1.10137100582237	4
-0.00441126560664595	0.593562656906523	4
-0.097680152874265	0.574717149877585	4
-0.097208461063971	0.650754871852667	4
-0.091749064824052	0.58194633594637	4
0.000417184152613048	0.586487641153797	452
0.00137255800035596	0.328960641569524	4
0.090153775399572	0.449640393603526	522
0.046806924786293	0.999742267708794	40
0.113142615867996	0.883737315256881	478
-0.088224468246345	0.677623854212138	186
0.063936195142135	0.855892139342336	276
-0.083118753569856	0.443991137044635	276
-0.04920459287624	0.591009420772236	334
0.061751148790931	0.566866577711843	188
0.06460952605157	0.724391343186433	188
0.085862443070823	0.461637075240096	188
0.064720788292141	0.735743185760776	131
-0.074918700973013	0.427917198357943	131
0.018288073735763	0.719426784265505	188
-0.013921636483257	0.718687755076677	188
0.0124993263631999	0.707852342990187	220
-0.055203592699165	0.538070999771866	109
-0.09980384517048	0.570637122383999	109
-0.0753647229607211	0.658173928304217	109
-0.114720388182609	0.984887153869256	273
-0.014384105095245	1.48551535160825	273
0.053575458649344	1.30171568168474	4
-0.00117181679668399	0.58738982677344	4
-0.0971640480370159	0.948172808645992	40
0.0915793365894	0.462371486009598	478
0.023428117897035	0.807671544230076	40
-0.085352259681874	0.864869988676884	186
-0.044405513681037	0.58579419704432	186
-0.066542748876314	0.692244188612093	423
0.014544080797616	0.717010462683157	423
0.02996562128983	0.83370127327031	423
-0.0961500826709259	0.559150628494986	276
-0.00127997098065602	0.323834639770185	276
-0.124166949486259	0.292596003438799	334
-0.080085250172253	0.416742805773991	188
0.010325088449417	0.29594376443402	109
0.117619750074823	0.892841333654232	109
-0.121841957468506	1.44333930337007	273
0.118019014966001	2.26401470620176	273
0.118429628017922	1.14109667831276	273
0.029458183954628	0.815082295869838	273
0.110034555031861	0.88406481619918	273
0.0278706231010361	0.816331500968096	273
-0.03523694460852	0.661471479591496	273
0.108543749992256	1.23094157643015	4
0.057929322311477	1.17240983841217	4
-0.0632826506393011	0.66658368366217	4
-0.124450074169862	0.661070508020703	40
-0.070941545302551	0.433129318873894	452
-0.115056940446172	0.680434996162119	40
-0.066411496018129	0.777633762914049	40
-0.046935880495554	0.567639535873413	478
-0.122347506159921	0.655214816028806	186
0.014068339099267	0.711752398011571	186
0.00613768958323702	0.973810992401224	186
-0.070618994510412	0.773291771090567	186
0.056838154727354	0.716133096464294	170
-0.00486975860599304	0.448783862339865	276
0.00789989567931404	0.324271281853468	276
-0.011609307698909	0.438539721278174	188
0.119106914380917	1.13714161703052	188
0.114827347956028	1.00083374135264	220
-0.100016220429676	0.75940851332915	109
-0.121040535314701	0.569944042204091	109
-0.0892998684770751	0.580856544975177	109
0.072040084029773	0.607321763401269	109
0.063499600916789	0.948317132703286	109
-0.029318601482152	2.44379135091799	273
-0.03343332093434	1.74514136185586	273
-0.048024074513551	1.05885394267391	273
-0.068474077534445	1.06790363382795	273
-0.0462736382036401	1.23928397066328	273
-0.081017749209364	0.89541881038657	4
-0.11212964513359	0.856613717086152	4
0.088845361518576	0.465458258471449	4
0.12054589250173	0.87898678615603	478
-0.016667206709083	0.861383035238469	478
-0.011933846556449	0.802809858720164	186
-0.0761978150809181	0.869342476991139	186
-0.00527559654886101	0.803682865472492	186
-0.00492121382305899	0.586953734478016	186
-0.113472629364741	0.291095457264184	423
0.106489321679902	1.05027593552546	276
-0.076341502862868	0.730106765585063	276
0.081643211044385	0.433429097008249	188
-0.124536666565925	0.205616970479736	188
-0.004762723112678	0.453138522725804	276
-0.066704412300288	0.888844844658204	188
0.0943894258878299	1.16493401957756	188
-0.054203639563886	0.911345388718829	188
0.063461925282168	0.860149320694922	220
0.066224507738171	0.940903570274476	109
-0.020591605203425	0.695432257888517	109
0.112618573135456	0.872280308724298	183
-0.00956916868010305	1.89995106383797	273
0.026376167724657	1.74360847751379	273
-0.0275940441043691	1.37913988045289	273
0.065950858553582	1.28286732887975	273
-0.00856510981816006	1.12320797919921	4
-0.068109960098125	1.09384517839047	4
-0.121079829457092	0.306461337324852	4
-0.02937895141958	0.793262890903929	4
-0.05568551456032	0.730706758764933	452
0.111525818347943	0.982247586702659	40
-0.101501070852701	0.654112103067484	40
0.00916381775683095	0.324219882716138	162
-0.091459167783861	0.663899422138819	478
-0.103023431283513	0.841429510681488	478
0.074146745112919	0.601329894489478	40
-0.123450879767147	0.570918060450511	40
0.008305595800713	0.593539239589752	186
0.00408656477312797	0.921572892874337	186
0.107560930336558	1.22571671934755	186
0.036754717008334	0.948263630720771	186
-0.122729362829362	0.20187306156162	276
0.007649562968705	0.321948343526545	63
0.0639410336184	0.957675404741473	383
-0.123537240681018	0.664526556342047	188
0.062649720680561	0.896526135863632	188
-0.092885647570575	0.655787127019148	188
-0.122870107788786	0.560099190438504	188
0.111581043696151	0.886487617897365	188
-0.03425574590912	0.686386765722518	188
0.108737258302868	0.826214256641456	276
0.07985572155542	0.598231333964075	276
0.0609900327159431	0.831859543299504	188
-0.0735186016085731	0.437005388988595	188
0.016537049500707	0.719276505093871	188
-0.033764904429994	0.667497789547011	188
-0.000794075100374991	0.918631169293508	188
-0.066786217020347	0.778607970097488	188
-0.00638706568548397	0.579181885554691	188
-0.068147019557557	0.684169946678243	109
-0.093059763134596	0.687318342863956	109
0.06375816329413	1.02118433409839	109
-0.083896371405613	1.22438643188695	273
0.0660461741567629	1.68683967848879	273
-0.047064664563195	1.26801185364533	273
-0.108327511235388	0.802834648427096	273
0.040342510704568	1.32507803425729	273
-0.106418711727807	1.08614631462731	273
0.031638569471287	0.82917556142238	4
0.00131525786555198	0.977725174901458	4
0.000966934900912042	0.57370499657926	40
-0.00869240476789801	0.794348286996609	40
0.0383456350072821	1.06210804672052	478
-0.108734890653144	0.826438254584564	478
0.00334383608047895	0.599660428035667	478
0.00636800778004898	0.587322853227764	170
0.0876766611541781	0.460044867522333	360
0.00374445169395499	0.331923496071961	360
0.08700706524656	0.466389712073119	170
0.00878455258830202	0.723134478282648	276
0.00539202625853896	0.591531649448892	276
-0.09523152838013	0.671963571415761	276
0.114860333722053	0.886500991200576	276
-0.002093884425168	0.581498820608316	188
0.0580313878020891	0.8418098362848	188
-0.01054926469199	0.452073129786603	188
-0.08779272609995	0.564556739855187	1766
0.075398190959951	2.26653846224783	273
0.024510723757058	1.69359060559967	273
0.071941084895631	1.57039194721053	273
0.115711471981598	1.22146703315764	273
0.00678983460201199	1.16335078897937	273
0.041233919035093	1.22621197122016	273
-0.03697267822784	1.18973274809638	4
-0.047345693251615	1.3023577489544	4
0.091630238791666	1.7583677656634	4
0.082310620854056	1.3385387384895	4
0.027439732198678	0.823236862133813	4
-0.085716437360011	0.942059191673673	4
0.112629540138171	1.22219720270989	4
-0.116877179771035	0.698148626207663	4
-0.063781381063198	0.68015990372517	55
-0.097680152874265	0.574717149877585	55
0.071325864335712	0.945353614572337	478
-0.049584188765315	0.681523711035811	478
-0.025932050479219	0.752562867211322	40
-0.07988484352102	0.742034670619112	40
-0.11982597107192	0.877860114798386	186
0.021409335949971	1.14693403186272	186
0.068956551797535	0.606195159742321	360
0.122698489670075	0.721578971401893	276
-0.098582830439732	0.574095327879981	276
0.00307931458147204	0.603847025934754	276
0.119626810330364	0.740781446373798	276
0.067507710715136	0.614307330347771	188
-0.064209031968947	0.550011753177577	188
-0.0136223901863241	0.865476473484985	188
-0.00618162081708196	0.893226899163152	109
-0.08871959651933	0.68892329733818	109
0.092363676110493	1.14338225827537	109
0.101300104293098	1.60477895785343	273
-0.111684780565415	0.857223190174917	273
0.00211666736729299	1.14402927546383	273
-0.092171480068145	1.08376840490613	4
0.0978078542961151	1.4695117868145	273
0.031598942669322	0.937754319072265	4
-0.077567896920436	0.772068151798584	4
0.034658587390536	1.07157666197966	478
-0.077932160395193	0.438344271527436	478
-0.063332532984368	0.672186538569676	40
0.017708507595538	0.714113191017172	226
0.118559751755792	0.873291520994869	226
0.00262668239341102	0.33028241849571	170
-0.00465341353417703	0.449035794298267	360
-0.00307057479638495	0.322304509729284	360
0.102025503791265	0.835626605903009	63
-0.0107464396565	0.817863398061897	170
-0.054507760191123	0.551163150025872	276
0.068463979184043	0.604755853093584	276
-0.0936559088422479	0.582397501517114	188
-0.111562908638238	0.618284254087778	188
0.07395759665697	0.937732111639612	188
0.104485095668715	1.09092964487653	183
0.028662852155543	0.815400030522705	183
-0.123218199402956	0.552263323783922	183
-0.0150409137038821	2.0026388509287	273
0.064616987906573	2.30935459956365	273
-0.105957090282762	1.35702515778909	273
-0.113717957467837	1.30563544657792	273
0.061789568792763	1.89463547821816	273
-0.09920619749528	1.10696893254184	273
-0.089615749193801	1.19156990588471	4
-0.119127691655971	0.85939539391196	14
-0.052988090007206	0.946380590223035	4
-0.010985486504134	0.442458293324072	55
-0.085308592912905	0.653095825831408	40
0.111240174111871	0.890868932998074	478
-0.018844554722577	0.703293576331656	478
-0.00382220576096304	1.12378898997993	226
-0.123401204102552	0.720226355702539	186
0.109922107282422	0.93169363695273	186
-0.12475238428933	0.190552142774941	186
0.00249065073031596	0.328528115687303	170
-0.017673988103078	0.795766470199915	276
-0.050846741381101	0.76189989192562	1113
-0.051446950048915	0.571774467459741	188
-0.119518413865701	0.673502984594842	188
-0.046744067833564	0.575184792938138	188
0.00526664916119402	0.334388877016082	188
0.071166797891056	0.591646694887096	188
-0.00465341353417703	0.449035794298267	189
-0.0288571342326091	0.703873860108467	109
0.019214857941625	0.818500745510109	183
-0.00632434551864303	2.43537656307915	273
0.102033689035481	2.09312160226266	273
0.115084348452934	2.05580277632872	273
-0.023416802172966	1.47827214639695	273
-0.099515861162672	1.26372077680627	4
-0.00891978655876702	0.792536769307867	14
-0.0708249109682621	0.780941067572131	4
0.011784335915793	0.310954130022943	673
0.00360611075897799	0.325057825982307	915
0.010272399492407	0.317804401251004	40
-0.055692110774677	0.866139464353823	478
-0.123646307210599	0.202693100319571	186
0.091230758263221	0.470449181088585	186
-0.122054364788691	0.287247149982476	170
-0.00636000900814704	0.439737137104169	276
-0.078116595860125	0.443961534684252	276
-0.120588450743308	0.202901816700143	170
0.012390570860087	0.789782242007563	276
0.030932656143958	0.925855856265603	276
0.077365908497795	1.07740863870957	276
-0.02241798843026	0.715580285200961	276
0.064662871811609	0.729215067175004	188
-0.031012381579927	0.688564801576627	188
0.00360611075897799	0.325057825982307	188
0.00522831970120596	0.97857243572707	188
-0.089250997212083	0.761015616874441	188
-0.082004557916071	0.859281560967825	975
-0.00371856086265898	1.8005787675225	273
0.113903979120493	1.389827223187	4
0.00393920997395403	0.318437082164588	162
-0.104509196446635	0.546217983627092	40
-0.048451514558523	0.92668377679822	226
-0.071800783068658	0.679693757060887	170
0.0709039070188801	0.744793277037827	170
-0.099436783486788	0.649336612746737	276
0.064789875211331	0.720083923306046	59
-0.013570152322254	0.418485105205011	188
-0.00923166818090404	0.565360455112344	189
-0.033590707536063	0.887549773420367	109
-0.026427406712029	0.902955045695673	975
-0.029077538453594	0.969962521377546	270
-0.090524757071748	0.582997042820501	40
0.0693306421311281	0.616153372367706	226
-0.121220542468127	0.303899766161232	276
0.015356448804031	0.718396060594132	276
-0.096883976609197	0.803821564695844	276
0.038485805713543	0.831780909722264	276
-0.024321397302283	0.677356329038223	276
-0.097393299778138	0.555867867843797	59
-0.0338582900825311	0.949620205005416	975
0.06232133220534	0.550585851504216	87
0.045451934758462	1.86492996843406	273
0.03221945990972	1.46384636052484	273
0.056264698020127	0.822918804294672	55
-0.051446950048915	0.571774467459741	40
-0.051271141914755	0.660124917917606	226
-0.002139389672842	0.915766468595319	276
0.029523978044134	0.981283443187189	276
0.0657805557283641	0.746711200516268	276
-0.01054926469199	0.452073129786603	276
-0.116850016586578	0.293408294113004	276
-0.0101399251529271	0.429607318697068	276
0.00415061114213	0.33272994375613	276
0.105711364072234	0.849541377506608	188
-0.101353694662319	0.543322242526234	270
0.028706080544296	0.912149596822577	270
-0.114391190321622	0.66295061317421	183
-0.00171627663937801	0.439399967670986	87
-0.100342837938697	0.786365422787597	273
0.06635626045443	0.926840794895794	273
0.00549063267703998	0.925508567377068	273
-0.099676494330183	0.754033464975237	14
-0.10199925964778	0.562516967846371	14
-0.121893006926604	0.750588887810148	4
0.03881105458457	0.936778399437543	55
0.029751834472303	0.825213749263812	40
-0.028810214161057	0.747107968854812	226
-0.044080935606642	0.589208887075739	186
0.064991090391327	0.568923953922544	276
0.090956396652595	1.04565535305194	276
0.121185362097294	0.72358565765734	276
0.00290202724062405	0.321256926493172	59
-0.025707383278496	0.694572904843206	59
-0.0489884191211471	0.589933954880709	188
-0.08382234336808	0.444910203790422	188
0.0689262694327391	0.741766333263002	109
-0.068185585874734	0.692845985562155	270
-0.00691265568386301	1.07362784289172	273
0.111811360592406	0.971164968946937	273
-0.122210214768702	0.306541152822373	273
0.021041121794282	0.711101414427917	273
-0.081711973774833	0.439907424914615	273
0.074865955306278	0.843505894613888	4
-0.00176853107530905	0.972281916701886	14
0.069148015469703	0.606215105251252	4
0.013584639536989	0.304428414254021	55
0.054640761363818	1.07310025088146	40
-0.075553094897426	0.429616601876782	55
-0.0912688644424921	0.758677742843634	55
-0.012715229210581	0.441179022344809	226
0.121896197642479	0.720482080269296	226
0.017638834269575	1.25708034691961	276
0.066973714751437	0.922911329115204	276
0.0928310460954041	1.05418996325584	276
-0.123978979030623	0.202441140232469	276
0.00374445169395499	0.331923496071961	276
0.067716851851708	0.603384811109859	188
0.00805253884513702	0.324366577950008	270
0.091257685437399	0.452662488247491	270
0.00374445169395499	0.331923496071961	87
0.098111177545688	2.22381424261129	273
0.099097049592309	2.00135446106106	273
-0.00715055105206197	1.32777912694487	273
0.088602936523838	1.13993387913746	273
-0.06891812210295	0.751395854304844	14
0.099241459533196	1.02642822119921	55
0.065002390218055	0.584591828488457	55
-0.090165518084936	0.570082362295392	55
0.070338860443659	0.867006057976693	40
0.117962871960615	0.890634405546241	226
-0.087335806271382	0.430918385290223	226
-0.039926523940759	0.670862363667814	276
0.071802866813639	1.03070390810775	276
-0.000184452425691983	0.444447807192559	276
-0.122448995944979	0.298373400149671	276
-0.12475670868669	0.302995586223995	139
-0.105063918341182	0.653025613234471	188
0.072410954208939	0.717040549749866	188
-0.054516285951965	0.55517009738029	975
-0.087854118150696	0.683097162419353	87
-0.03154744503909	1.0369971316867	87
0.014846118187572	1.04171665653201	270
-0.00281242019776296	0.313012964154144	55
0.0361622643430241	0.912394282448519	226
0.090038285779373	0.471425583731613	40
-0.058596295349249	0.564781272320476	226
0.00791465898352195	0.295442072036021	226
-0.072490278979774	0.661256587534464	226
0.0247254120376	0.795145700330159	170
-0.08497912316609	0.431247155779958	276
0.00678824229757002	0.326388491662093	276
0.00150627156347105	0.322216713583856	276
0.023776729243419	0.800722145132448	276
0.065863174031271	0.711949721227665	276
0.106066397065637	0.86867675391412	276
-0.016565403118758	0.44088029242711	276
0.1249174686308	0.711585317079612	276
-0.078998470757478	0.442321922322484	139
0.0234690269550329	0.706000088512892	139
-0.053479050840966	0.578384159355403	139
-0.032644600980038	0.705112975111811	975
0.035842613209	0.93821009388203	87
-0.118627589559668	0.5212306582186	87
-0.037521261985946	1.1440671161801	14
0.0630480244670471	0.950876562256396	77
-0.00739954106644702	0.451213153000245	55
-0.103973616010607	0.755974505040296	70
0.0810670393766521	0.904286602715668	226
0.097837453741676	1.12378759850247	226
-0.081555951030809	0.766678780148483	226
-0.098975874375931	0.762977346952634	226
-0.026973258367725	0.97862231025605	276
-0.012814656132018	0.437523301405422	276
-0.00139768319441103	0.326365269074333	276
-0.121371183904407	0.292980801492944	276
-0.076323002506723	1.01397935965541	276
0.117376733810828	0.720208285675938	276
0.06684940518912	0.589208129073442	59
-0.065551434159186	0.785540560057471	188
-0.00739954106644702	0.451213153000245	188
0.023072545335099	0.852224701533017	188
0.057003215561936	0.906412536306056	270
-0.123483302471992	0.306850987863111	87
-0.121480136145638	0.19652190193655	87
-0.016459942393994	0.434665183834462	14
0.0848118278723931	0.455255762151463	55
-0.00215268548871606	0.600064936645885	55
-0.00813243631517002	0.45469246983488	1313
0.00513214102691195	0.317647028167667	226
0.085515172375783	0.450140761310237	226
-0.039030144515347	0.677788331838481	170
0.068744766213371	0.610158627158865	276
-0.090303753642937	0.661983758415446	276
-0.027322423127114	0.748557918524229	558
-0.092151625734929	0.670184523109714	59
0.09242277904924	0.45781879381133	59
0.077199668644059	0.593924245389618	139
-0.011982150404555	0.45456965883338	139
-0.031233225093754	0.705339612059333	188
-0.107316384307684	0.52827303051485	14
-0.000326911187924051	0.798432368485818	55
-0.081221835413046	0.565491559888502	55
0.07136498486238	0.731927855021571	55
-0.071170958201629	0.676211964243688	40
0.087052832619113	0.451365047096846	70
-0.118971137747639	0.299680273582759	70
-0.023261999078094	0.717096436367767	226
0.072676488172235	0.92564711112723	226
0.01696990809637	0.715253149556388	276
0.098133880001341	0.453170997980406	276
0.071781588458339	0.975121084621127	59
0.067041917148676	0.607758366503809	139
0.082452322497264	0.453457986536853	139
-0.060109927897966	0.725667553743408	139
0.101593404919734	1.08645947385872	139
0.05960089033362	0.735504542912252	1057
-0.123057578550124	0.662287282808467	975
-0.00729986772868396	0.815807336723834	975
-0.049888763852203	0.551590802844162	270
0.11165342574795	0.837473160416668	14
0.111303466057336	0.950010561339026	77
-0.027060851619244	0.691040649997152	77
-0.121145653824998	0.202606753467576	262
-0.076409146406239	0.444506411267396	70
-0.017672613031556	0.436015515064012	226
0.00415061114213	0.33272994375613	226
-0.118832554279903	0.286341597671654	226
0.06591844404576	0.73865957416539	170
0.078761336598394	1.32395125492098	558
0.016287187286348	0.819218005326701	59
0.021872692905091	0.833612843322678	139
-0.123761139667551	0.290641322571932	139
0.00749073820928303	0.323924732406148	139
0.00137255800035596	0.328960641569524	1057
0.061697951870247	0.861627674980792	975
0.107375063314395	0.952600279441776	87
-0.055201452978584	0.562060794091171	87
-0.0720156671816971	0.781409434002775	77
-0.064506927330794	0.694905476056109	77
-0.0665995038405221	0.684830382121295	55
0.054666540966667	0.713561377587964	55
-0.124536666565925	0.205616970479736	2013
0.00511691184992102	0.6981762117786	55
-0.012196223478163	0.439751461737421	70
0.010683317584914	0.728916239691587	226
0.039532561980413	0.930080902885786	226
0.092746105451827	0.462157696187919	226
-0.123646307210599	0.202693100319571	226
0.00195673373557004	0.558996617349559	276
-0.120588450743308	0.202901816700143	276
-0.113300827666605	0.760284208744085	59
0.00290202724062405	0.321256926493172	188
-0.052385166846261	0.577682605477385	87
0.110444588073793	0.839660200318794	87
0.100332067937139	0.45319432419977	77
0.000823328758739028	0.604475208651052	77
0.000251847046398024	0.326209238316887	77
-0.051175279121648	0.552783458142352	55
-0.00265632193985799	0.317445775435134	55
0.091230758263221	0.470449181088585	70
0.023788148287638	1.08538263837685	226
-0.00481970569510903	0.56015934831149	276
0.0191185068898569	0.680440390499363	276
0.092236135010869	0.456636424902149	276
0.07312338499075	0.572692222468654	276
0.000251847046398024	0.326209238316887	276
-0.073709124439123	0.439481315510132	276
-0.055501516161979	1.16489778727629	98
-0.089954793949048	0.84429169101534	558
0.124865978603001	1.18037747402453	59
-0.122729362829362	0.20187306156162	139
-0.121560933633383	0.562080465099115	130
0.069516037380844	0.614646367846062	188
-0.076009899095245	0.43404955672217	188
0.056582677067323	1.02489462065289	87
-0.064145914658169	0.699315408873533	87
-0.122395781391221	0.206681567866676	14
-0.12461657087116	0.304058194527798	262
-0.00839015386897202	0.433181732466186	70
0.00350336495973003	0.685370184579138	70
0.00637483570169295	0.882372331922442	226
0.019505972312314	0.792522166789006	226
0.01965106687471	0.734330356683718	226
-0.121220542468127	0.303899766161232	213
0.05887222619971	0.729774159846779	170
-0.123978979030623	0.202441140232469	276
-0.076589598310479	1.10204335514512	98
-0.039988017162119	0.98889996043362	558
-0.000864412697271	0.891023052998958	558
0.089714409389424	0.434722498483713	139
0.077568421129432	0.602909906787746	130
-0.122395781391221	0.206681567866676	764
0.104883424643841	0.436406243258667	81
-0.078512472201329	0.446095529496139	270
0.00333850131846303	0.318524311832428	270
0.091372822286515	0.443737100150159	87
-0.095544450436904	0.554928707102603	77
0.114690843006959	0.876005979914971	55
-0.082584141758124	0.440592149346954	55
-0.013195820186944	0.454790224010527	55
-0.12183926934969	0.199117754874169	326
-0.088404739906689	0.433515964315343	70
0.00401840114822105	0.320871978078715	70
0.01268635515467	0.961967508586637	226
0.107037705314196	0.988204886755482	226
-0.123978979030623	0.202441140232469	213
-0.018984367003259	0.436175982275437	276
-0.123646307210599	0.202693100319571	276
-0.082754903960489	0.44704670521486	276
0.00916333323069696	0.579677209815921	276
-0.08292318144066	0.445756249302221	276
0.053163989745033	1.11905735330557	558
0.109322917978599	1.0943578782469	139
-0.0120386590834241	0.783731405412477	130
-0.013195820186944	0.454790224010527	189
-0.00115315384148795	0.600073167699422	270
-0.073346154005404	0.671648490570745	87
0.108972234486375	0.845729595973891	87
-0.047465646493709	0.578002774619803	117
-0.078965582719022	0.761990959133136	55
-0.114837461018779	0.272907632841208	55
0.00249065073031596	0.328528115687303	49
-0.121145653824998	0.202606753467576	55
-0.122067468325911	0.296576891369718	70
0.085839296065074	0.464928465157793	226
0.054096476628095	0.687914292879381	226
0.0693933583874911	0.580065791532475	226
-0.122395781391221	0.206681567866676	170
-0.00215268548871606	0.600064936645885	276
0.04744086030955	1.41622699937571	98
0.103886245324099	1.36098541616752	98
-0.065176173022992	0.77579708489601	558
0.120312680616469	0.745586961167727	139
-0.089634954997613	0.431414184288124	130
-0.012861829167101	0.443382872731088	764
-0.00127997098065602	0.323834639770185	81
0.00178303378347799	0.318668004794255	81
-0.106287446367452	1.17414733603069	117
-0.057827434140601	0.573693207587345	77
0.070730908414123	0.967623475376772	77
-0.087525418434806	0.441298706829467	77
-0.00983176737012403	0.451525221664489	70
-0.122583608184246	0.295333323502431	70
0.093541284752823	0.464719591205077	226
0.00805253884513702	0.324366577950008	226
-0.083501382030807	0.827112756754287	226
0.084838118359846	0.445609342645369	213
0.095803126413934	0.449473587198745	170
-0.123287732674727	0.199948384911517	276
-0.000335443998997986	0.568043390985947	276
-0.087966341339202	1.1739656615561	276
0.10888167009073	1.29780451384226	98
0.00527899197966397	1.35949997331298	558
0.000365720208984954	0.592513518352826	139
-0.117978386454228	0.300003929732599	210
0.029453019348853	0.82698709655985	130
-0.00235257625434504	0.299781565804103	225
0.119901704710922	0.741683442642778	87
-0.035317896483075	1.15383552289226	117
-0.11325445523434	0.920939648425061	117
0.062947997170809	0.753078078605387	117
0.0000897707830930239	0.586863539510221	77
-0.00344223020858103	0.82339879205446	77
-0.123646307210599	0.202693100319571	77
0.072220445224472	0.603031759126118	77
-0.074716946576833	0.78241712505473	226
-0.123978979030623	0.202441140232469	226
-0.118992484997713	0.197314502650746	213
-0.124536666565925	0.205616970479736	612
0.090038285779373	0.471425583731613	276
-0.118436457482939	0.19362100531677	276
0.090179740570745	0.455322255262454	276
-0.0930384212613889	0.75569722748764	558
-0.086090490074147	0.661092040672858	558
-0.051954361288295	0.574889503080327	139
-0.079578372899741	0.448921020919638	139
-0.065404938416053	0.532607062372963	130
0.0913461091776639	0.448834878006884	87
0.00526664916119402	0.334388877016082	1011
-0.00850339974664305	0.44618694582227	77
-0.102680773467217	0.545479424654973	77
-0.097680152874265	0.574717149877585	77
-0.12183926934969	0.199117754874169	55
0.00415061114213	0.33272994375613	49
-0.118545680281582	0.547437905655013	226
-0.093966091958784	0.552364386753764	226
0.00542662323568499	0.31345790777126	170
-0.123978979030623	0.202441140232469	276
0.00653654434209305	0.322084276760236	276
0.020448639479076	1.44712611141128	276
0.063091979910522	1.37544078191365	558
-0.091974714259852	0.664914871004787	558
-0.034822858524011	0.955461566444343	558
-0.107676713475637	0.832800323052936	139
0.112446343633903	0.893456146704376	139
0.102717236460764	0.852679047183002	139
0.063384396951941	0.581730854990527	81
-0.065536796684701	1.07068264242459	1393
-0.02013042204227	0.96468954721033	117
-0.124536666565925	0.205616970479736	49
-0.117703605154103	0.292845188228368	70
-0.118436457482939	0.19362100531677	226
-0.123978979030623	0.202441140232469	213
-0.030386916706888	0.700573327004559	13
0.0164233850541829	0.725637804914997	13
0.087792214387467	0.450654606188371	276
-0.0140665612813931	0.429754350707423	414
-0.071054496367764	1.12724955351105	558
0.000928850120407998	1.16632766582536	558
-0.076675481078347	0.992799831052906	558
-0.072420776061202	0.885745030639482	558
0.00976414948500704	1.08587612437107	558
0.0146262651725509	0.696929625690019	139
0.069121056809387	0.578539767657678	139
-0.0446383253127251	0.567094779582472	81
0.017457909667084	0.81539778309359	81
-0.035367922108256	0.679030896224262	81
-0.046837120201189	0.577316235168253	1393
0.088845361518576	0.465458258471449	87
0.124922314189641	0.738982959489336	77
-0.094300033339489	0.39939395271626	77
-0.067177358924822	0.427604872714851	77
0.09242277904924	0.45781879381133	77
-0.12037455224166	0.29796468124416	55
-0.118436457482939	0.19362100531677	13
-0.080415355093611	0.437109035764081	13
0.072669493937639	0.595219205958974	664
-0.121079829457092	0.306461337324852	664
0.00277127666432797	0.579477690072562	13
0.012097280545432	0.310844949504825	13
-0.121145653824998	0.202606753467576	276
0.0892354421702	1.45496353613786	558
-0.05969594318115	0.950269011877573	558
-0.033960586708446	0.807835877333973	139
-0.030253695143117	0.697848103154047	139
0.05945896237344	0.569908535016064	139
0.074784983673324	0.588543604130509	139
-0.081458002583654	0.442704712668486	81
0.0574370902954881	1.12365066140754	1393
-0.116575930687052	0.294408723239976	1393
0.00290202724062405	0.321256926493172	87
-0.00196353921984105	0.318980374769638	87
0.0935635994220561	0.469802882673205	832
-0.00817221615666097	0.303450724878709	1011
-0.048532277706017	0.76033618885104	77
0.06266279677449	0.820404069647644	77
-0.032299500108532	0.699934986103937	55
0.112105885453567	0.891331874512076	55
0.121694786335297	0.940494365123124	55
-0.120238977315936	0.29994852930166	322
0.081779673074955	0.429351147775013	49
-0.123623066276026	0.302932180494399	49
-0.071774315192323	0.844934960609251	226
-0.010160627778978	0.799684775807268	226
0.00526664916119402	0.334388877016082	664
-0.065672427717228	1.16806048733724	98
-0.09107510964507	0.865561984141305	139
-0.077175184409823	0.810881278686208	139
0.00479331863710797	0.695477524349799	139
0.010677489799618	0.316951001954343	225
0.09239713705338	0.471915434291117	225
0.00374445169395499	0.331923496071961	81
-0.115355300774084	0.675255427887052	270
0.029041427452226	0.929140021107484	1393
-0.027874709276511	0.712806904122032	87
-0.022438042956725	0.678892342556677	117
0.119283061332478	2.03449559989554	117
-0.119338029272473	0.199061320289736	832
-0.122567473120197	0.74715891538255	77
-0.019082907634684	0.428506171577422	70
-0.021833764536923	0.703490917220396	226
-0.120588450743308	0.202901816700143	213
-0.123287732674727	0.199948384911517	276
-0.122395781391221	0.206681567866676	276
-0.035357013444227	0.797928488590497	558
0.053031489617388	1.19806949210356	558
-0.120588450743308	0.202901816700143	139
-0.017775745085108	0.439833012481217	139
-0.046744067833564	0.575184792938138	139
0.00386086830293597	0.694894723631584	139
-0.045580483261783	0.575355339900242	51
-0.102376215352789	0.643205105661512	270
-0.061484527486007	0.8973165232824	1393
-0.071159630896608	0.836139707035229	1393
-0.011107552416327	0.7938707217013	117
0.000218279632475005	1.48708094236967	117
0.000962279875037053	0.326134141383306	832
-0.119108042435158	0.301608734287381	832
-0.108920838997974	0.732908143968108	77
0.071241566509856	0.751417640207309	77
-0.12183926934969	0.199117754874169	55
-0.117184833867362	0.194064298367982	55
-0.084822788890317	0.434556962244349	55
-0.00681245334081704	0.442540571675952	55
-0.12475670868669	0.302995586223995	49
-0.099579124195059	0.553427396185098	70
-0.060280104069789	0.547988139427798	344
-0.124205234291112	0.19946967508199	213
-0.061031254029516	0.562079122687081	213
-0.033971137466579	0.809771473087079	558
-0.00330712616028706	0.60960446282585	139
0.062413173851621	0.853645469964632	225
0.000251847046398024	0.326209238316887	225
0.000661435214378003	0.310562041300929	225
0.06146792835504	0.582293798119357	225
0.067228358028275	0.729719974077564	81
-0.093276833784835	0.564247121402436	81
-0.0831306532078	0.94764461562092	1393
-0.111762660145728	0.914414138265707	1393
0.068818353391383	0.867560048602783	87
-0.029835968551657	0.690802167027458	87
0.103535901921098	0.974880823840323	77
0.100202749629167	1.08299109075075	77
-0.096525949705662	0.97108731156301	77
-0.000157537104510053	0.326550597011606	77
0.013297514307166	0.306881152286976	49
-0.00344090047912704	0.644322715285689	41
0.00339341584893305	0.590659631283977	226
-0.00487404361506905	0.570550109949886	13
-0.121220542468127	0.303899766161232	276
0.090207740712295	0.446679843772141	276
0.00290202724062405	0.321256926493172	276
-0.122395781391221	0.206681567866676	276
0.0993173833033289	0.957182334692684	276
0.085712304121547	1.11117356408407	276
0.064758617630967	0.837649728772434	139
-0.123978979030623	0.202441140232469	139
0.0361622643430241	0.912394282448519	225
-0.066822137526861	0.689937744787786	225
-0.003666108939123	0.594832407539753	225
-0.084011300895714	0.573363218273289	1647
0.00142901968355202	1.13649169614395	1393
-0.032772574728419	1.0611706675178	1393
-0.013142083702663	0.428221555718865	87
0.09576115512732	0.466219271426102	87
0.039886481823125	1.15704973361694	832
0.00557217037170998	1.00316085868929	832
-0.026725506636099	0.690202716553976	14
-0.045744484417188	0.588964227010044	77
-0.014833313804118	0.423936824183639	70
-0.119808683231605	0.299135332137487	70
0.091372822286515	0.443737100150159	70
-0.100737275253192	0.556269236314662	13
0.118423006740071	0.704777927454187	13
0.117942284696627	0.699317697228115	13
-0.060028686229327	0.571449659589586	468
-0.012874324309418	0.397768018594666	276
0.0634718470867241	0.741867465172251	276
0.018688117907068	0.731957309707086	276
0.092746105451827	0.462157696187919	276
-0.073709124439123	0.439481315510132	936
0.060053655187792	0.746788173561756	276
-0.069477361312039	0.947131938757894	558
-0.110047845932019	0.634189504245849	558
0.075917239216216	1.03404993313529	558
0.044026184996194	1.01801135169766	59
-0.101637863645561	0.553860007764208	139
0.078618419384101	0.603051845431971	1647
-0.00899270863482404	0.802897817405969	1647
-0.086781059725077	0.425184940206991	87
-0.08022919131267	0.443819061369121	87
0.074109906255649	2.08149702793017	117
0.00933047824782096	1.29004855438763	14
-0.112911480797695	0.819702741542873	77
-0.117528202229562	0.94314723167291	77
0.019560091064724	0.980462807953793	77
0.066228192343187	0.843133691480485	77
-0.000435550050592037	0.601470042038135	55
-0.114950022798643	0.666632480835922	70
-0.064209031968947	0.550011753177577	70
-0.036725035402926	0.79058447593446	226
-0.059679227215276	0.670058914948463	226
0.019278830674775	0.718625726791673	13
0.00902335438920898	0.595139297493178	276
-0.121188524467395	0.29263671213389	276
-0.018454437492689	0.969662798524236	558
-0.081233529662577	0.913337061672268	558
-0.0439811720105791	0.776676838715892	558
0.063170780393829	0.826269274722747	558
-0.0982999087908319	0.676093908442588	139
-0.120798518809868	0.557617304699903	139
-0.100333822912867	0.644638477652583	51
0.106840764072616	0.963571569959811	87
-0.11653283057008	0.756888083793846	87
-0.114915235123219	0.554517635540865	77
0.00559459143877905	0.547066541634874	55
0.091046249882928	0.441585987269054	49
-0.054904891896864	0.578653879956128	70
-0.042144820821215	0.545608188527064	70
0.015564209498606	0.733763328480145	226
-0.111994625279638	0.678893822563153	226
-0.120101713591044	0.2927549520431	13
-0.082440166594603	0.419569954079411	13
0.065241081836954	0.859731293560903	276
-0.00925789863211302	0.547224197661785	276
0.00309648071854796	0.999133085794615	558
-0.084814336225417	0.941303372695597	558
-0.100997192880125	0.739859150361516	558
-0.098635926369943	0.549967562871073	139
-0.0286583921514481	0.699655617789314	139
0.014544080797616	0.717010462683157	1647
0.0658588766313331	0.586437374657803	51
0.110635323849419	0.874169930013054	81
0.039186961165893	0.942770436041563	883
-0.026159355413758	0.693079070451225	51
-0.032052148675235	0.889948863790879	51
0.113206760039672	0.978894001615271	87
-0.043922813512278	0.771516364855337	51
0.00797753291950498	0.689267048124386	14
-0.07552104854729	1.01573909030359	77
-0.062754219217812	0.786483688674255	77
-0.053750609074338	0.555390461447139	77
-0.081296680063244	0.443527968748281	55
-0.102534014328344	0.886343608386791	55
0.058152925590875	0.848302325091425	55
0.100332067937139	0.45319432419977	49
0.00249065073031596	0.328528115687303	49
-0.00849070780705397	0.569209212790987	41
-0.0102827206989889	0.790038358823729	226
0.064408501287894	0.861799702551173	226
-0.059850863689204	0.561553036040588	226
-0.090584184325991	0.561350329726571	276
0.0898126291468831	1.13368927525326	558
0.105285660246604	1.04323364149333	558
-0.064599576933466	0.792120569741341	558
-0.03431479623173	0.853678990929222	558
-0.00466742153814304	0.594809900572767	139
-0.0927012733565	0.672730407024709	139
-0.00597407176861997	0.580666812023491	51
-0.09661408833633	0.649467461309276	51
0.066633103800258	0.736494608074977	883
-0.02345365989924	0.954692756112212	87
0.050764763900758	0.806753304210877	87
-0.12249658606086	0.653312276122143	77
-0.122395781391221	0.206681567866676	77
0.00878455258830202	0.723134478282648	55
-0.118822861457701	0.295951929434269	49
0.00800187942077701	0.572894118530585	49
-0.124423828193064	0.297298211192496	41
0.012346053042352	0.689550892011704	41
0.00904256058854003	0.7615730085387	70
-0.091616696937635	0.643141614473792	226
-0.055367662566841	0.588096627978134	31
-0.00281242019776296	0.313012964154144	226
0.00110214403078202	0.319012274326211	226
0.0659881842572661	0.598079981151692	226
0.006380029726619	0.332098700403031	468
0.080146832599737	0.43391333732784	468
-0.100068939212407	0.548831546210891	468
-0.012090328558461	0.453763982039764	13
-0.00418028214440802	0.322704336250723	276
-0.120588450743308	0.202901816700143	276
0.076392737807916	1.3130128619649	558
0.00568843178426903	0.999068177806792	558
-0.018153985760373	0.772535068873955	558
-0.094006958612326	0.562412848765165	139
-0.121145653824998	0.202606753467576	485
0.029168989567527	0.912936145521885	139
0.0376661465782649	0.91141916786112	51
0.073583813344001	0.943113186245587	51
-0.12183926934969	0.199117754874169	51
-0.042776309185331	1.17714116047205	77
-0.12390866122891	0.739599231175616	70
0.024563807219389	0.889722450349864	226
-0.101085375102209	0.549754673444188	226
0.059999995634895	1.06844595995956	226
-0.00196353921984105	0.318980374769638	276
-0.122395781391221	0.206681567866676	276
-0.054584631013452	0.579760147282836	276
-0.069826726017339	0.792497368893327	558
-0.0228266702326519	0.895608341787257	558
0.045005421424243	0.926646382056859	558
-0.095876899294379	0.775153916342103	139
-0.081856366489424	0.411204164710535	139
-0.0000200021900800262	0.311607824619485	139
0.021960459455774	0.820548167577287	51
0.058752674074378	0.704530199946313	51
0.00367577564397503	0.585371206526266	51
0.000962279875037053	0.326134141383306	51
0.060186979718038	0.720462103134074	117
0.12450320036265	0.752309429242759	14
-0.081798501229445	0.924502684331778	77
-0.093724109743981	0.566849053444168	77
-0.103285753237006	0.547039785575785	77
0.068129462920036	0.846346865442664	55
-0.122729362829362	0.20187306156162	49
0.094614573213053	0.461373576900583	49
0.018357796178527	0.814660102638387	49
-0.000328931460942039	0.565482826637038	70
0.020125185912517	1.04218739609452	226
-0.102895444198871	0.762204890617946	226
-0.089176008604943	0.403479886002677	226
-0.032987866971549	0.703083503288545	226
0.00290202724062405	0.321256926493172	226
0.0695274634155591	0.735982682641189	13
0.064662871811609	0.729215067175004	276
0.00288238322491097	0.582167350319009	276
-0.100901323516478	0.764022482359213	558
-0.121145653824998	0.202606753467576	139
0.096929059004087	0.461668398442193	51
0.117797059808089	1.39093385536428	883
-0.067788346441001	0.684208299828036	14
0.104453766542703	1.23555881786535	77
-0.00616998232513599	0.551147379329431	55
0.0718061978155911	0.614896288216515	49
0.094760574449956	1.27642269758993	226
-0.097600233330089	0.757788104581812	226
-0.00923736050072499	0.452422772153253	226
-0.097458805289776	0.547549987128826	226
0.00268652332416497	0.9275822414682	13
-0.000988485987893029	0.313432633015754	226
0.078488462019245	0.927187434087688	226
0.095158932811449	1.16255633412329	226
0.012587260351502	0.720706812839585	13
0.00567393012471096	0.324821725710155	276
-0.102447234186557	0.905519218180656	558
0.063403877016696	1.2686993373415	558
0.019668403852693	1.07013120126472	558
0.046046730059237	1.17630232482163	139
0.00137255800035596	0.328960641569524	139
0.08882198238938	0.450906512952308	139
0.09472058357389	1.1666305991381	812
0.018721496525532	1.13977365163941	77
-0.068990969727584	0.906707563692735	77
0.061107722182268	0.740318891922633	77
-0.034475178907887	0.703469088602615	77
-0.00619867728219103	0.811723593406961	461
-0.117248065550544	0.821288962013531	55
-0.011982150404555	0.45456965883338	49
0.060962285831339	1.12315858015069	70
-0.111208277026829	0.851239574723579	70
-0.085058620690294	0.446452827005955	226
-0.116742881223674	0.860142613103252	226
-0.118770797478233	0.760522070803411	226
0.124373764314164	0.755716220677105	226
-0.073433095316442	0.779730750217302	226
0.0125669617348519	0.778542798556305	226
0.0628810555910611	0.735405354462067	13
0.028231216508106	0.82639752254997	558
0.069463033712455	0.71741670961703	558
0.107270471833941	0.876670810908734	558
-0.087715374027075	0.579926414358363	558
0.065194673796545	0.571508275372201	139
-0.066048452346927	0.670476589466214	139
-0.069722268451371	0.677210114809534	139
-0.100068939212407	0.548831546210891	883
0.033058933441414	0.984001898591114	883
0.023005672599409	1.06166797216259	812
-0.085199634098781	1.19140688969468	14
0.033654453404253	0.931535884740196	77
-0.0940156008433311	0.569328269368028	55
-0.061220307834055	0.551642143471141	55
-0.051101453730099	0.949232554519751	55
-0.010382289189007	0.822513400006281	70
-0.113314935971026	0.819678171720833	226
0.031540051581806	0.92821879250545	226
0.06596226526108	0.86752280040662	226
-0.067243536322251	0.690532997472404	226
0.0672247447262641	0.7144624095407	226
0.00167409007959896	0.584481198225991	226
-0.040222666400042	0.579249264080447	13
0.00505849155267701	0.602267748478127	276
-0.021300293020265	0.424731389556636	276
0.00415061114213	0.33272994375613	276
0.061282865269518	0.585994640475348	529
0.00494088465725595	0.637776340469192	558
-0.065232101730636	0.696624669829366	558
-0.060654862690016	0.552371547293822	558
0.061302189875495	0.747528523355441	139
-0.068958747215361	0.687191636239394	139
-0.08709109024818	0.422845158476568	139
-0.048913050879935	0.864175899490643	139
0.081375020854075	1.12799110271062	139
0.00974096104468403	0.57589655585559	883
0.116619143845422	0.951130148868549	883
0.114290626523225	1.00253865386242	883
-0.067681076980273	0.779733152260267	883
0.003337972364725	0.926104517154075	812
-0.122484151944665	0.746845648802502	812
-0.09972199535807	1.16921497539758	14
-0.025480389266501	0.701761765897714	77
-0.026839484560131	0.715461958124579	55
-0.000749654429569979	0.571602787222888	70
0.00542662323568499	0.31345790777126	70
-0.00529264667523799	0.320041618550794	226
-0.02059859448214	0.79812407340856	226
-0.090238323425786	0.568153433069909	226
0.057952937941005	0.730100995478818	226
0.012854666465731	0.584128482143366	276
-0.013142083702663	0.428221555718865	276
-0.000290078696998042	0.327976123435365	529
-0.047645787794267	0.58095716458649	558
-0.021064273729969	0.779571272316239	558
0.012854666465731	0.584128482143366	558
-0.102710303345376	0.540779642633214	558
0.01143846770952	0.682080317794854	139
-0.00934170843618198	0.45492322671815	139
-0.011655387290886	0.449818065625604	139
-0.026230631390969	0.896510320262392	139
-0.066960165170106	0.696394104994426	139
0.072283360843187	0.720716361893218	51
-0.056521462126982	1.06124702194624	14
-0.025280710863103	1.02398175328196	77
0.011956213145034	0.692152751588738	461
-0.01379715537631	0.424786712651973	55
0.00398858162957105	0.662675476556077	55
0.12314105083679	1.32152694997035	55
-0.095198277981554	0.570998232635251	70
0.052589029270834	0.80927889538679	70
-0.066551805392976	0.789392962369299	226
-0.070161439526047	0.685342643665859	226
-0.067769748018837	0.691572322763009	226
0.027074411080934	0.794818793777425	13
-0.122395781391221	0.206681567866676	529
0.102310976136191	1.08764961381244	558
0.022321956796679	0.842185594163954	558
-0.095557480931814	0.571950363751794	558
-0.053640815494309	0.68878052665558	558
-0.084156377444449	0.444616332175985	558
-0.103802652161021	0.543988735381937	558
0.075446844935785	0.716612078468527	139
-0.014568963443767	0.808982914694871	139
0.10613720304066	1.08656198189282	139
-0.035945135278758	0.675494564379171	139
-0.0439016009543	0.55598108289955	51
-0.047879456932093	0.953481307992787	77
-0.065316884977202	0.926865930068996	461
0.01696990809637	0.715253149556388	55
0.018064417287957	0.715916234311607	55
-0.121079829457092	0.306461337324852	49
0.107397964053723	0.976967032520476	70
-0.014211408860019	0.863651317223786	70
0.0661052007815029	0.860992459750178	70
-0.055844992314303	0.578717320653731	226
-0.000893941796986986	0.597883233792068	2113
-0.01440776529003	0.451901892455741	226
0.063843196175768	0.708451659497083	226
-0.050869677254079	0.589311497562506	13
-0.12032875013	0.282784909448575	276
0.00274159978687605	0.318509220243848	276
0.00526664916119402	0.334388877016082	98
0.090038285779373	0.471425583731613	1015
-0.068240330994218	0.431183332465598	558
0.124391498668837	0.724982958672945	139
-0.030588993161243	0.652280102082743	139
0.022045899395166	0.702429523232535	139
-0.124070140586588	0.427018344040595	139
0.037598059268603	0.919417822618239	139
0.017158335923162	0.698468716202669	51
0.065038258590735	0.612035291834746	883
0.120788579221875	1.31405593511407	812
-0.041075409026975	0.66163885720945	51
-0.124536666565925	0.205616970479736	51
-0.092680553902732	0.657150859442039	77
-0.0487238651709579	0.580006797335599	55
-0.032675174437333	0.960787864905478	49
-0.115186718290983	0.660593222111773	49
0.045320690209579	1.16642242732302	70
-0.0981244796646989	0.616156375713817	70
-0.09390193900271	0.55026121909734	70
0.102868679849459	1.20107573047048	70
0.00110214403078202	0.319012274326211	226
0.107511219126589	0.979271717868532	226
0.122765581114927	1.15490089341138	222
0.028168276640449	0.798871214876402	276
0.08882198238938	0.450906512952308	276
0.116324603216227	0.858724935041905	276
-0.042662968073548	0.576472931303226	276
-0.0986155514293861	0.562959396534595	1015
0.094963349466798	0.447941111131826	558
-0.00418028214440802	0.322704336250723	558
0.00374445169395499	0.331923496071961	558
-0.104831801894571	0.542978681812899	139
-0.118820127408545	0.665551970359601	139
0.052955202759372	0.70554990641504	139
-0.102998842524224	0.544060541427772	139
0.091230758263221	0.470449181088585	51
-0.080955280162065	0.42230223157105	51
0.015134512302426	0.803334753314396	51
0.059758551220213	1.52397313848055	461
0.122160098236821	0.963795487477942	55
0.016075083953346	1.27199713690809	70
-0.080815691331776	0.449106227787501	226
0.044237332672164	0.942556731784537	31
-0.067524581749504	0.901811084212467	226
-0.08661174199043	0.861579605041222	226
0.0693306421311281	0.616153372367706	226
-0.088664749604667	0.564333505665585	226
-0.088803498472109	0.841455933326199	226
-0.07838380684064	0.757402227771462	226
-0.046837120201189	0.577316235168253	222
-0.111706854374209	0.830633297863893	222
-0.037282950706408	0.653225197102112	222
-0.102085247737976	0.527924159710433	276
-0.073950139177175	0.592869269934568	276
-0.00765639085438896	0.487902966336576	98
0.101498887446653	0.450664930091071	558
0.067692072358752	0.607348349512848	558
0.102549646684411	0.428321259138971	558
-0.120243813588236	0.196859875929223	558
0.102309452336947	1.17698807244751	139
-0.049037165576775	0.579693099439997	139
-0.0000454167358010515	0.971945673757159	139
-0.119338029272473	0.199061320289736	51
-0.00848699408128395	1.02591169532565	77
-0.075704409371498	1.15277323385306	77
-0.120358275677719	0.421550475313333	70
-0.018542776842341	0.874734563515546	70
-0.028800353524651	0.898586003019477	226
0.00792708039853196	0.921804863169923	226
-0.07724069086965	0.753081827584005	226
-0.098002622025178	0.567749679264358	2113
0.0721164699838091	0.942557092190029	2113
0.011594620731011	0.584612573326721	31
-0.028171208291673	0.698832544838748	226
-0.07412392371598	0.676649604380364	226
-0.079578372899741	0.448921020919638	276
0.064439136974604	0.581916270166957	558
-0.059136730312746	0.571519558389382	558
-0.049442085221766	0.571259866820899	139
0.065937355735186	0.549908370982538	139
0.00213636893469804	0.587812973599767	139
0.061452574283171	0.700046570800134	51
-0.00187079716442295	0.570042921073825	51
-0.035547709298052	1.05350195666146	117
0.077382668024268	0.603596931181702	55
-0.010936841747838	0.446460866278505	55
0.00189428079833198	0.94870778892512	75
0.104856497933504	1.36215531111575	75
0.051475060149806	0.782194749173582	41
0.113552054231479	0.976809204277594	70
0.06661845891119	1.09849809320056	226
0.091025268946604	1.0445218223058	2113
-0.120588450743308	0.202901816700143	226
-0.0112099482628329	0.55748695772809	226
-0.049928909393604	0.59199499501896	226
0.00485956488016603	0.329679738407149	276
-0.122584659105119	0.563216052467274	98
-0.052249869902584	0.735083313899006	558
-0.059854280069348	0.537710484578898	558
0.0586726252998	0.698387729839418	558
0.00749794838102702	0.71099924222158	558
-0.052385166846261	0.577682605477385	558
-0.049752960809467	0.571115476259509	558
-0.0892998684770751	0.580856544975177	139
-0.00538420575607801	0.579244131565679	139
0.070986065465658	0.601734489498786	139
0.058208675423558	0.734176263084993	51
0.057123466983057	0.984572563055429	1601
0.087792214387467	0.450654606188371	51
0.117410289190469	0.675863821288866	55
-0.088939786059297	0.669089964510032	41
-0.088811848516315	0.753786392092695	70
-0.087365334593084	0.684936734089863	70
-0.063409622528261	0.678062529517027	70
-0.122151477593511	0.673787691420327	226
-0.036736193872145	0.690896853067364	226
-0.00418028214440802	0.322704336250723	226
-0.074906815232607	0.705356959079231	226
-0.10515104526369	0.865754443550074	226
-0.085224375668126	0.447459133561954	222
0.0597630417288	0.886381617596351	98
-0.090010658043247	0.666452385971299	558
-0.074376831199821	0.627891651179179	558
-0.020673999046703	0.758195513401363	558
-0.00281897019758004	0.826511485196657	558
0.004984856082067	0.880885456231996	558
-0.031664484045658	0.684095998982964	558
0.017733150541998	0.70811110185489	558
0.069835828069045	0.839873905293471	558
-0.021243509980719	0.688706447374179	558
0.00736504821859996	0.590009472028882	139
-0.003962248961208	0.78707143075635	139
0.077105800532759	0.930152431590714	139
-0.048663756072627	0.754172549573646	51
-0.075382171187691	0.651357879275006	1601
-0.086821863331538	0.80396858591427	1601
-0.084108336220877	1.13810381191591	117
-0.064799706875454	1.09015005247982	77
-0.092419841485059	0.825073183773126	226
-0.00555694431187104	0.802744375695756	226
-0.00983176737012403	0.451525221664489	222
-0.120243813588236	0.196859875929223	276
-0.120588450743308	0.202901816700143	276
0.101409034996524	0.953571593706865	558
-0.03407973490148	0.833227123580063	139
-0.093652813443499	0.769510766772461	139
-0.00139768319441103	0.326365269074333	139
-0.081911859027139	0.839239923909382	506
-0.033579850426233	1.44118573419048	117
-0.064785079851171	1.27213323778881	77
-0.00154835452424695	0.317077958755711	70
-0.011655387290886	0.449818065625604	70
0.095781116851253	0.465518158937373	41
-0.064599576933466	0.792120569741341	70
0.068744766213371	0.610158627158865	226
0.064090729797721	0.732511259533833	226
-0.110126254766055	0.832856340664127	226
0.016480683527321	0.805274820764794	222
-0.010236367313192	0.427273388348071	222
0.022663199929276	0.897619283805614	558
-0.028147328467433	0.706491737379825	558
-0.052385166846261	0.577682605477385	558
-0.07833912929541	0.445603727005801	558
-0.00481970569510903	0.56015934831149	2114
-0.119338029272473	0.199061320289736	2114
0.092257904979303	0.450112501680263	139
0.113754838020587	1.3918435294758	139
0.0347968807342099	0.780793973860781	139
-0.067137913016977	0.905882546384364	1601
0.000529747818418969	0.98388686337092	1601
-0.00541688642771099	0.307710917164352	94
0.026815569043477	1.39957852883947	77
0.102016827163924	1.82847959920571	77
-0.00763842449349705	1.50066659742489	77
-0.004762723112678	0.453138522725804	55
0.088845361518576	0.465458258471449	41
0.096130230384213	0.450293727331278	41
0.037525852687687	1.02375892751985	70
0.087006332312819	1.24899540707774	226
-0.030020563511607	1.04080968358753	226
-0.123978979030623	0.202441140232469	226
-0.121890892726227	0.749393391819342	226
-0.064530784661248	0.688038098307759	222
-0.121324502965304	0.296809851206214	358
-0.00143385485953995	0.595944999122123	558
-0.123537240681018	0.664526556342047	558
0.074326366963115	0.6087685487381	558
0.061693335755215	0.592874122487192	558
-0.00817221615666097	0.303450724878709	2114
0.118142996327794	0.967932556693514	139
-0.101406393477916	0.840953719115938	1601
0.090179740570745	0.455322255262454	94
-0.099060797869691	2.27583277172902	117
-0.000048020831686979	0.558072745033509	70
0.09239713705338	0.471915434291117	70
0.01007630982568	0.700550642912966	70
-0.057735398799023	0.736540992879464	70
0.023292119904029	0.80444904365044	226
-0.00640765384177899	0.311707801027981	226
0.064768584741374	0.864956216966847	226
-0.120902218574918	0.665880216973388	226
0.062294656660702	0.947348512450809	222
0.005972007325035	0.32164393983945	276
0.00916381775683095	0.324219882716138	358
0.109957926897419	0.880419818007742	709
-0.0945886577021881	0.566630602045073	462
0.00208312383876497	0.603852969015685	558
-0.124895155938021	0.293152201168165	139
-0.02329845222146	0.971758934014033	139
-0.118712053958917	0.735302929966678	1079
0.058805717661451	0.742463421214387	1079
0.109957926897419	0.880419818007742	1079
-0.03330558827844	0.806108280909037	75
-0.074119817157657	0.740625680876975	75
0.017054408529378	1.15241970768418	75
0.00526664916119402	0.334388877016082	70
0.0972460570626	1.28514239645912	70
0.124361048984437	1.24051270553378	70
0.100946308116908	0.925317450520225	226
0.020784423823019	0.905933698507163	31
0.00444229986288602	1.0615995969368	226
-0.123341858102446	0.303766749764013	276
-0.097218292508701	0.54222067332793	98
-0.053166424525645	0.585509791330502	709
0.077720360393692	0.596527186174427	462
0.066912486514484	0.586615632107733	462
-0.122210214768702	0.306541152822373	558
0.00406289846378005	0.654803936935008	139
-0.091767576730151	0.766863802480944	139
-0.063003050205666	0.67022180917985	139
0.083596460030928	0.437352170237061	94
-0.031114870208472	0.712961327618646	75
-0.089238346469207	0.899438112289225	75
0.096796282315729	0.446390271834407	70
-0.042841169836671	0.852390379424749	226
0.065447533083359	0.75489721267908	226
-0.0725848920725301	0.766465634232209	226
0.056986987660014	0.565337181521491	222
-0.053166424525645	0.585509791330502	222
0.090378353654585	0.446827336974578	151
-0.0649530620172321	0.694491030938707	886
-0.117978386454228	0.300003929732599	558
-0.051644387529128	0.573713829178265	558
0.00303193025648096	0.324541554898075	558
-0.016668584843339	0.438922686179781	558
0.100332067937139	0.45319432419977	558
-0.00707805502750003	0.449352356388047	558
0.076698450048652	0.700128273229471	139
-0.115139792618928	0.663157548235015	139
0.05663444425307	0.731150400607765	139
0.055795034835416	0.811061337770965	139
0.0694877006335291	0.933662704645562	139
0.123929838297288	0.71881609885754	865
-0.022772566249754	0.706384661599846	865
-0.03974479887407	0.572976227112134	865
-0.0834539088656699	1.43829111887783	117
0.055406565275437	1.36532950100407	77
0.095862825500133	1.4181838204759	55
-0.03080842486152	0.660734488167991	75
-0.019207248530161	0.793722428177878	75
-0.078802164186523	0.856606970648284	75
0.09559946417488	0.930400880103352	70
-0.015270883426042	0.810717505425416	70
-0.090851092297907	0.582552914232798	70
0.000287834119368946	0.915754641980262	226
0.065954616001098	0.912157729822796	226
0.117162319859712	0.868522524369746	1128
0.069414274824959	0.826735773494484	226
-0.086292977717645	0.44530536406962	226
0.063326158583482	0.834372218154709	222
0.079423986781914	0.423400680889593	886
-0.123341858102446	0.303766749764013	98
-0.123158741634899	0.180497700017041	558
-0.095439592314216	0.7644597758944	139
0.115213720587807	0.895844239201268	139
0.0207824678908251	0.733579430483915	2330
-0.063688600561538	0.653773431242041	2330
-0.034975605983439	0.945539442721051	94
-0.008285931728932	1.35388684558324	77
0.076884858586452	1.42913817377084	55
-0.073570303656201	1.25498763197928	75
-0.016565403118758	0.44088029242711	75
-0.0132559915182801	1.12564557399285	70
-0.083594734567466	0.438383822512916	70
-0.122729362829362	0.20187306156162	226
-0.00445467094327401	1.03033961098148	226
0.012888184508896	1.02051140578396	1128
0.090038285779373	0.471425583731613	226
0.0385694799281	1.08781012540004	222
-0.085794792398064	0.727710234541945	151
0.00678824229757002	0.326388491662093	886
-0.122729362829362	0.20187306156162	886
-0.00570484713924602	0.314612102986565	886
0.000251847046398024	0.326209238316887	709
-0.010432417469051	0.293920577987668	558
-0.094564170176228	0.660270019266502	139
0.059778116564003	1.04343341309396	139
0.0913461091776639	0.448834878006884	139
-0.124536666565925	0.205616970479736	319
-0.021438156916512	0.698312024660434	865
-0.122729362829362	0.20187306156162	865
-0.107246989329878	0.537683714455516	94
-0.0697706161809411	0.686260506189174	77
0.017256559853541	0.810094431327065	77
0.111752410555087	0.878501107740496	77
0.067355642443815	1.08724204715084	77
-0.072472676941552	0.437682096062057	77
-0.098360557689845	0.63334657371387	77
0.092758168092818	1.05715967696111	55
-0.049045472785469	1.06341535328024	55
-0.013195820186944	0.454790224010527	75
0.044300504466808	0.867817953770621	75
-0.122148102761555	0.717963841991409	75
-0.0800955977591969	0.673965268098358	70
-0.000435550050592037	0.601470042038135	344
-0.090737489321834	0.840732503133885	226
-0.122955400819693	0.195779320396137	226
0.062811602431757	0.959212542792006	226
-0.00549711959858401	1.0438550419099	226
0.013297514307166	0.306881152286976	226
-0.019358117655769	0.799746358450492	226
-0.017775745085108	0.439833012481217	226
-0.004762723112678	0.453138522725804	226
-0.055844992314303	0.578717320653731	211
0.097497846861083	1.49141356309499	358
-0.120243813588236	0.196859875929223	886
-0.120802258882088	0.190973477651155	886
-0.123978979030623	0.202441140232469	709
-0.119338029272473	0.199061320289736	558
0.00921601646653902	0.78551971427001	139
0.094614573213053	0.461373576900583	139
0.00303193025648096	0.324541554898075	139
-0.123218115439097	0.55573133015253	51
-0.00817221615666097	0.303450724878709	865
-0.122395781391221	0.206681567866676	865
0.000251847046398024	0.326209238316887	865
0.110019359493639	0.871300251652183	77
0.011496570736525	0.719998414513114	77
-0.086631179926723	1.00917744929631	55
-0.010877264111034	0.453549116534724	75
0.00526664916119402	0.334388877016082	75
-0.033939412511272	1.04982186623576	75
0.116085417915839	0.842296930158665	70
0.00274159978687605	0.318509220243848	70
-0.060891883174649	1.11866779124313	70
-0.117193301359386	0.665751399618759	226
0.030750038553725	0.83926432755041	226
-0.122729362829362	0.20187306156162	226
0.0285802081520951	1.0011524191814	226
-0.00842793441817902	0.826130772693533	222
0.00526664916119402	0.334388877016082	358
-0.120588450743308	0.202901816700143	709
-0.09324104207636	0.558961251039147	177
0.05981232703687	1.12766129211394	139
0.11037219270798	1.05929845409571	139
0.013584639536989	0.304428414254021	51
0.00886565288741203	0.69212051945156	139
0.006380029726619	0.332098700403031	139
0.00137255800035596	0.328960641569524	319
-0.124166949486259	0.292596003438799	251
-0.08180129288676	0.972614900441026	77
0.079470887749809	0.423832875017133	75
-0.02637698358935	0.685793162322428	70
-0.013821804776688	0.439024887911275	344
-0.00934170843618198	0.45492322671815	226
0.093587957032806	0.459209702949486	1067
0.085454938348926	0.4540652312513	226
-0.122363702653751	0.554037259754263	151
-0.023036634336061	0.702377744196964	211
-0.080984024926877	0.443320967651993	358
-0.121480136145638	0.19652190193655	709
0.00122591233540703	0.322510250149983	709
0.00415061114213	0.33272994375613	177
-0.00376694789610699	0.314896087565849	139
-0.117184833867362	0.194064298367982	51
-0.017970248831373	1.09384112997904	51
-0.117429290881159	0.65371392270775	865
-0.031863142492283	1.06632544121572	77
-0.020624904212069	1.48444739612347	77
0.00549063267703998	0.925508567377068	55
-0.023718690593776	0.955428283691585	55
0.029440087212642	1.09798935364391	55
0.026890213767805	0.693987750321118	75
-0.100040936875285	0.736298746899809	75
-0.057983586131931	1.01984940492685	226
0.07985572155542	0.598231333964075	226
-0.108651531773559	0.738980370510054	1067
-0.00751269840304703	0.452114790483384	226
-0.124536666565925	0.205616970479736	222
0.014607074085921	0.927687008626878	211
-0.124536666565925	0.205616970479736	1149
-0.092656934372861	0.758160291869518	1149
-0.01440776529003	0.451901892455741	865
-0.010979360786729	1.50811918944257	77
-0.057417395065984	0.900878799106042	70
0.106663645889499	0.82297894277027	344
-0.100265107989791	0.538853038800928	344
0.088218091580528	0.456541286539101	70
-0.016010675104224	0.785532925692988	1128
-0.044012334782675	0.752805890678265	211
-0.122729362829362	0.20187306156162	709
0.00137255800035596	0.328960641569524	709
-0.124205234291112	0.19946967508199	545
0.00693857749740601	0.317806962929199	545
-0.00376694789610699	0.314896087565849	1149
0.067998191663591	1.02996312120629	177
-0.085867735203391	0.427245014657787	139
0.094593326819251	0.466453397242953	51
-0.038174548969936	1.33118770494366	77
-0.080841382953554	1.24860250958496	77
0.084502428890705	2.43601514166949	77
-0.09171766348621	0.560364396162417	75
-0.035238937162039	0.563820581536372	344
-0.123978979030623	0.202441140232469	70
-0.061301088814269	0.950782812927731	1128
0.072642335185522	0.964251226433834	1128
-0.034562126659507	0.845117527928514	855
0.118186663766471	0.8666232395073	886
-0.085711466229085	0.428966127651296	545
-0.124536666565925	0.205616970479736	545
-0.00581175889266905	0.897830019927906	139
0.00805253884513702	0.324366577950008	51
0.107101214097999	0.839161397620709	319
-0.00376694789610699	0.314896087565849	51
-0.124742023518568	1.76544120242059	77
-0.113346798979007	1.04629399255596	75
0.119766250553985	0.874001906117462	75
-0.094916287451926	0.568713715096426	75
-0.085865909950758	0.829785917891295	75
-0.091031841571117	0.778868697262557	294
0.021734551039207	1.14138641557862	75
0.048774805560724	1.16037090314789	344
-0.0558164790170021	0.554733630774832	344
-0.08423716678383	0.677916983081822	344
-0.123299847817815	0.294675392011566	70
-0.00017408133335195	0.598904225287871	70
-0.029795954655142	0.689133404741181	1128
-0.08022919131267	0.443819061369121	1067
-0.120702812074576	0.5644780642005	226
0.038435703185658	1.22735023731738	222
0.067991209007919	0.970566981108229	855
-0.011472999394736	0.819077458106141	211
-0.05049577908713	0.78392921882509	211
-0.011609307698909	0.438539721278174	224
-0.082754903960489	0.44704670521486	1149
0.00567393012471096	0.324821725710155	51
-0.078540868389719	0.43577800150337	51
0.02422414185521	0.802559251059738	319
0.0599134840379441	0.848800374720144	319
-0.117497068494609	1.88531758303954	55
-0.093007766058137	0.57330615466104	75
0.0658588766313331	0.586437374657803	75
0.033053302592275	1.00431843335807	344
-0.011278024587343	0.788362803136864	70
-0.066517488399353	0.663919146994219	543
-0.00365949893365802	0.450326345135724	543
0.00933037984186003	1.051216425315	1067
0.00653654434209305	0.322084276760236	222
-0.085224375668126	0.447459133561954	226
0.090038285779373	0.471425583731613	211
-0.014301962103794	0.449591765306355	211
0.00110214403078202	0.319012274326211	886
0.055616317437711	0.898347321681718	886
-0.00864427300485804	0.806893131460528	886
-0.034690050918274	0.701564423580632	709
-0.088565443064433	0.42884658321204	545
0.121585020250487	0.765879035457433	558
-0.079162306545938	0.439786358886914	1149
0.00374445169395499	0.331923496071961	139
0.01035366008215	0.721349139927968	177
-0.121585829493274	0.28144983097228	319
-0.065221134056357	0.797197571045629	319
-0.055443652522318	0.750727482891113	51
0.095672428517441	1.27914022359552	55
-0.117913646262094	0.867588874346611	75
-0.095571124027742	0.657082447490147	70
-0.0580210468022569	0.862346926780068	344
0.000243149451883973	0.580386189266345	855
0.00145614516705095	0.543920803799934	886
0.109500803264324	1.0006155762178	886
0.123143400512456	0.724286741224838	151
-0.121220542468127	0.303899766161232	341
-0.123709753480805	0.296875223377148	177
0.094637864451976	0.438201156807212	177
-0.090020995491771	0.40576809066643	177
0.014544080797616	0.717010462683157	51
0.065217845654746	0.612078976303918	177
-0.014614501117477	0.800994357042173	177
0.018791601338963	0.818002318914294	51
0.067098936501676	0.584561038670884	319
-0.099207723089993	0.517235233246105	319
0.066454181567826	0.611449003068936	319
-0.01215097125687	0.441066548556164	94
0.02572863574372	0.816057280072739	94
-0.0516844477867891	0.932203368040016	75
-0.092209849226655	0.667518298880647	75
0.00168522554330497	1.07405392411357	75
0.12139239359215	0.970303862552707	70
-0.039065846842127	0.901145479061943	70
0.112698650521858	0.882823681163263	1128
-0.072257077808332	0.774198904860638	543
-0.026858461246338	0.696413997928176	226
-0.018373714151778	1.00020505239975	222
0.051270270100196	1.07795485869229	886
0.124922314189641	0.738982959489336	1062
0.091230758263221	0.470449181088585	341
-0.0883125497408031	0.4155086016259	545
-0.119463223936421	0.275149945399061	1149
0.00653654434209305	0.322084276760236	1149
-0.121371183904407	0.292980801492944	1149
0.100616987933909	1.07524395175053	177
-0.084483734695746	0.428826877849778	177
-0.065955116542659	0.676507010670248	177
-0.115619753980105	0.655344294465114	177
0.00970878631690197	0.569065230217548	177
-0.121371183904407	0.292980801492944	319
0.062150890000601	0.591673923385375	319
-0.063308121894361	0.548611121048776	412
-0.091062396991757	0.56575203462401	94
0.027132378530956	1.75630227952747	75
0.083118042020488	0.445528196632185	70
-0.025021794036084	0.962884878414538	70
-0.086489432482056	0.57939541531333	70
0.048849835531432	1.3004089421465	226
-0.101925342240656	0.763798351562749	226
-0.00640765384177899	0.311707801027981	855
-0.0537950155696481	0.581482675937015	151
-0.037416710881428	0.684980086038172	545
-0.114721676434071	0.660080489548971	545
-0.0319641877542159	0.709941200029535	341
0.104883424643841	0.436406243258667	1149
-0.004762723112678	0.453138522725804	1149
0.065146643667774	0.698810478137715	1149
-0.033697547615287	0.540502085877308	177
-0.117841835087697	0.301329793861255	139
-0.054387475906862	0.554988724862867	177
-0.104558304105434	0.732873154919737	177
-0.035838796284534	0.946221389873369	94
0.094593326819251	0.466453397242953	70
0.009121019029111	0.299518498125976	70
-0.121441652748921	0.653801467987762	70
-0.063338901824346	0.700238472288552	70
-0.032925639248587	1.03298158780001	70
0.06357391014518	0.587191101440054	543
-0.00681895571684399	0.312095506310858	226
-0.00307057479638495	0.322304509729284	1793
-0.00734390117678396	0.829262314523164	1062
-0.08468587148256	0.66096718705785	1062
-0.1057186019291	0.65405791655703	1062
0.028015583000478	0.935583217499425	341
0.00574237091626795	0.562425640377591	1149
0.120973298936659	0.870630096986305	177
0.00789989567931404	0.324271281853468	177
0.006380029726619	0.332098700403031	139
0.00563373007907397	0.569631247843903	177
-0.115079940657826	0.733523900807576	51
0.124556129294316	0.720980801125839	94
-0.053389024896363	0.590447258848544	55
0.100087983632242	0.964228314355392	55
0.021374428404364	0.716381031768226	75
0.104507736366965	0.847599908870227	75
0.070382629314204	0.611689459090023	70
-0.084993975671872	0.687360599357329	226
-0.097393299778138	0.555867867843797	226
0.106223251905	1.08178202111814	226
0.00249065073031596	0.328528115687303	222
-0.092433326835862	0.581848368274913	1062
0.02512756745524	0.84739797421827	341
0.121621493280645	0.729678280140175	341
-0.079578372899741	0.448921020919638	177
-0.118436457482939	0.19362100531677	177
-0.099540713985628	0.669785085800744	177
-0.016048477260902	0.421436571645054	177
-0.054543525602733	0.64230288135411	177
0.096739549788058	0.95464913366306	51
0.106349050184753	0.860246650882384	412
0.09627456393544	0.930592812329018	412
-0.00265632193985799	0.317445775435134	94
-0.078073835630718	1.04463639949784	55
0.064662871811609	0.729215067175004	294
-0.098263524146263	0.570376494182733	75
-0.051548957606531	0.567962639821234	70
0.119058108261253	0.742883575329471	344
-0.083415435136548	0.89714301392571	70
0.072027548967144	1.46005987712268	1128
0.0697525303898811	0.596481715317897	1128
0.061567166214796	0.722241585283348	128
-0.01299746919403	0.822344964799148	128
-0.059039328271505	0.859693216194798	1062
-0.040227379279354	0.669460210386353	341
-0.038532011336655	0.669662657896941	1149
0.068424195201044	0.728687262092136	177
0.065059494791613	0.727825944431002	177
-0.093932276267355	0.571408999532905	177
-0.082948133883666	0.739125299741386	177
-0.00250796980360601	0.318473822439613	177
-0.00481139225774196	0.80918168748402	177
-0.090845526804927	0.769449359139913	51
-0.036371894627753	0.792253795977193	412
-0.00127997098065602	0.323834639770185	75
0.007649562968705	0.321948343526545	70
-0.100020999495154	0.886706774241001	70
-0.07152784386061	0.7854339008457	70
-0.114599527302382	0.290969209462654	1128
-0.086937293530042	0.426932591107343	1128
-0.000405628502103017	0.983433603003132	226
-0.015353337640996	0.439478621951263	128
0.000251847046398024	0.326209238316887	855
-0.034972923869408	0.689836586233794	151
0.115775648037388	0.955511401360291	1062
0.115457680037462	0.866580951005832	341
0.060661965763914	0.841773537833608	341
0.096947736890026	0.465286922397116	341
0.061372170449028	0.731606681944535	341
0.06790327101142	0.600592220870565	341
0.065038258590735	0.612035291834746	177
-0.096492446218173	0.558297058036894	177
0.00518131419037604	0.686345855430696	51
-0.119406879906718	0.659550474210276	177
-0.102024619113418	0.646309018337647	177
0.093425576099902	0.462276792316144	177
-0.093326019460974	0.679990141542077	51
-0.0960993281711739	0.5745374394776	51
0.063028902212885	0.802704369393401	1097
0.024010645587855	0.980862184344396	412
0.010606817761241	0.682252638801415	412
-0.117335097333417	0.799478888514161	55
-0.00859948922014897	0.888817323595455	75
-0.0617543529457441	0.543129236155586	75
0.066940698296958	0.83418049124337	344
-0.085224375668126	0.447459133561954	70
-0.123483302471992	0.306850987863111	70
-0.086048940362172	0.427426663323895	128
0.018855232666264	0.702278402765815	1062
0.018332292315865	0.730260712245515	1062
-0.070366823020498	0.676626566707429	165
-0.058258816809583	0.542166385887128	341
-0.106495481126403	0.656010571818547	1149
0.015983699907973	0.82258108902711	1149
-0.00566906691952496	0.589363266502007	1149
-0.105823708187595	0.734953643132075	177
-0.105417151318845	0.745795773841296	177
0.012188799396042	0.722212588209861	177
-0.000871467696015982	0.317566461719138	51
-0.036817449862903	0.767603717926784	70
-0.097320165440273	0.565642061821237	128
-0.00797109110822503	0.569257304055813	222
-0.12183926934969	0.199117754874169	165
-0.120872196469702	0.555727841569464	165
-0.0768836697020699	0.443790678044961	341
0.062358773139345	0.743127691549162	341
-0.00155630146200103	0.568946708708513	177
-0.122395781391221	0.206681567866676	177
-0.0835065350894	0.429251830273163	177
-0.020410501999822	0.418205886434802	177
-0.05222305467998	0.577885887350613	51
0.00433306367729702	0.901215743598419	412
-0.082186345230586	0.732247038512127	412
-0.06346181652179	0.669320926347011	412
0.068057954557343	1.39446418673974	75
-0.114484258532541	1.02818029972696	75
-0.022061553712179	0.716180773764643	75
-0.092706144479256	0.569405014081692	75
-0.00115315384148795	0.600073167699422	70
0.104809747677223	0.780836068176861	70
-0.123694418612648	0.659997063471011	1128
-0.100389020249445	0.561106874816068	70
-0.046387843685015	0.583888417061915	70
-0.09984850323411	0.66048608043585	226
0.115510952984588	0.998723449716618	165
-0.017044823405402	0.43059159358816	165
0.065447533083359	0.75489721267908	341
-0.113472629364741	0.291095457264184	341
0.068956551797535	0.606195159742321	341
-0.00813243631517002	0.45469246983488	177
-0.054205170039932	0.770787999738669	177
-0.094261296036939	0.572859512814082	412
0.11217260110124	0.869077811438239	94
-0.115773347074516	0.553617717817792	94
0.035051346473471	1.01665113165891	75
0.024210448432596	0.819370242523841	75
-0.0285031635334539	0.709490754368698	75
0.033955399299507	1.03027671013341	75
-0.037778963859352	0.856701806120306	70
-0.087362184224756	0.438375442974108	70
0.054106201398442	0.827376770336983	70
-0.097218292508701	0.54222067332793	70
-0.104218699043398	0.542271048398063	70
0.023252203850457	0.838970785136325	226
-0.119937885314988	0.552197478345665	226
-0.121494511185289	0.540730591202301	165
-0.087196474317075	0.42443499981366	177
0.00213636893469804	0.587812973599767	177
0.121585020250487	0.765879035457433	177
0.062551321653786	0.744787025221299	250
0.107554695322575	0.87123919316206	51
0.112751298056044	0.989330780628001	94
0.012587260351502	0.720706812839585	94
-0.093365031400928	0.570846028011311	94
0.089907989352347	1.55672432730161	75
-0.026639250170168	1.11612585271805	75
-0.097080690252462	0.68066350155411	75
0.12455285467735	0.724459222056701	70
0.010072432518624	0.570460598089152	344
-0.0765536897996389	0.7724607752521	70
0.00526664916119402	0.334388877016082	70
0.122254456185995	0.718344392197773	70
-0.046871680897923	0.640063170662033	70
0.085196427932401	0.578180236050085	222
-0.057880989171937	0.58033184427206	165
0.029282407841235	0.813641628738329	165
-0.05378976161877	0.55745967921298	165
-0.0897931708158381	0.424364139846706	165
-0.012814656132018	0.437523301405422	341
-0.041941897807572	0.574854442657977	177
-0.0911374229462441	0.569018879157051	177
-0.097790449083289	0.653772531689424	177
0.058482047389271	0.731515116835572	177
0.070348477894925	0.829817475038029	250
0.119626810330364	0.740781446373798	1743
-0.040011760740248	0.79113603531041	51
0.010677489799618	0.316951001954343	1097
-0.033974999935752	0.693850573568098	51
-0.097902256353533	0.569430692806279	51
-0.058287913928965	0.567378476002354	51
0.057801031626993	0.84636717398871	51
-0.045342050683119	0.587787726263602	94
-0.049981470817305	0.578997230196827	94
-0.0918260059350891	0.556297863866973	94
-0.123764135356436	1.21559228928949	75
-0.00365949893365802	0.450326345135724	75
0.113535058690175	0.822160106297208	75
-0.072535727048897	0.67366941838805	70
-0.08051146300246	0.753434753373556	70
-0.085058620690294	0.446452827005955	70
-0.095299167769997	0.665694136696317	70
-0.088595205991691	0.434498008824737	70
0.01120982307328	0.724418333199786	226
-0.047940415988731	0.835229485315762	222
0.0600984900100841	1.01717863430549	222
0.076259058263064	0.563770442191959	165
-0.00623393007833795	0.572679029986545	341
-0.099361961470248	0.541156244086192	341
-0.083118753569856	0.443991137044635	341
-0.020191272329759	0.429336800326827	341
-0.123183299533333	0.294949932561024	177
-0.075817679669798	0.444078227944289	177
-0.122210214768702	0.306541152822373	177
-0.062111688632408	0.702561557724272	177
0.059203865944012	0.727571620800605	250
0.021852290228642	0.775286065812334	51
-0.023996169085862	0.684996099429913	1097
-0.096415809145043	0.55954259151686	94
-0.011982150404555	0.45456965883338	94
-0.079405046139686	0.443507005115283	94
-0.00307057479638495	0.322304509729284	94
-0.084322539008335	0.42283756441162	75
0.114590512575205	0.868489518058496	70
0.108666742342445	0.947524323660563	70
0.067692072358752	0.607348349512848	70
-0.060491775150287	0.564073426067676	70
0.020007021645181	0.836504575863803	70
0.113618721893543	0.708460081144714	70
-0.00426733016125302	0.429350037639852	165
0.088845361518576	0.465458258471449	165
-0.022572647287173	0.702888095316647	165
0.098133880001341	0.453170997980406	165
-0.090863260291	0.426855793359807	260
-0.074943654632965	0.437899571176666	341
-0.078116595860125	0.443961534684252	177
-0.015562077926106	0.428479954403995	177
-0.035884112917336	0.698127223535837	177
-0.075759798707286	0.667783321605373	177
-0.01734393133657	0.427856759264532	177
-0.043200651680429	0.569599323524586	177
0.059483095322792	0.582215258834883	250
0.00465137637472601	0.590113760180268	1743
0.058015409375907	0.536065823408291	1097
-0.066497512427912	0.660915342359379	51
-0.115310820356815	2.04514701961967	247
-0.057330880072909	2.09813489626426	247
0.019165148897472	1.85807284115149	75
-0.071791167917229	1.42640735874293	75
0.02467102101347	1.96717114387207	75
0.0488987758385609	2.18174707002384	75
-0.089088690170348	0.568590435026498	436
0.008094873007924	0.881674576636673	75
-0.079578372899741	0.448921020919638	70
-0.029929505927468	0.859606837468445	70
0.111938774700423	0.993306521554897	70
-0.095707253017935	0.765997992199774	226
0.109092105728296	0.980517298408596	226
0.012779853685254	0.733805022270373	226
-0.109104174386693	0.655860637888641	165
0.054934055520338	0.683623294324673	165
-0.123483302471992	0.306850987863111	600
-0.029702166257331	0.708688785567135	600
-0.076083029997098	0.631056287568862	177
0.069875764978374	0.866344684839408	177
0.00423093629682203	0.313513312816459	250
-0.051332507395351	0.566226995017869	250
-0.033974999935752	0.693850573568098	51
-0.104710111734222	1.69138927456376	247
-0.107424130823974	1.50341295754636	247
0.069858729461047	1.43696431363454	75
-0.116499626444159	1.4403784238309	75
-0.076782859784135	1.68218494917587	75
-0.092003173290665	0.668917619171471	75
-0.012490252380691	0.789203017445616	70
-0.00934170843618198	0.45492322671815	70
0.017994704434718	0.735600119566262	70
0.0169040280446	0.817647871187379	70
0.034536387817079	0.882845702317938	70
0.084671608758481	0.459488298005592	70
-0.087580866804635	0.720520405103278	70
-0.004707469425273	0.878402169506083	70
0.109911062855905	0.983007049749377	1128
0.020037776535809	1.12507818308222	70
0.069800742627367	0.834556801001346	70
-0.10391563929189	0.548304336601035	1128
-0.092420909045042	0.662820487062049	70
0.040384516500547	0.928488155222393	226
0.074779488880326	0.946253979861303	165
0.087847271339345	0.458840464412753	165
-0.000988485987893029	0.313432633015754	165
-0.09135711027796	0.557066088423416	165
0.119403232283046	0.973149240965627	165
-0.093622409003529	0.561530534062548	165
0.00568086492736297	0.691100720891821	260
-0.054464180693143	0.567553272478987	600
0.006107848141092	0.584687838175413	177
0.092600220694564	0.433818749229428	177
0.00097439634204699	0.923948038884038	177
0.027500198223662	0.840416055958092	177
-0.08809182222458	0.750187124405899	250
0.000390908387083	1.06210230210742	51
-0.04926609773499	2.27768073009845	247
-0.04558615867379	2.23625497739923	247
-0.053806649972022	1.29021563761921	1175
-0.023016448540387	0.810395864233788	436
0.0653789745700351	0.554871155956979	436
-0.097000654271457	0.573920319615427	436
-0.097717639632222	0.674940913713946	70
0.07903223161462	1.01118438317154	70
-0.055524200132993	0.574619337355983	70
-0.021505588246541	1.06483905165855	70
0.120610345080789	0.758801319054738	70
-0.122395781391221	0.206681567866676	70
-0.057249006718912	0.872108344811166	70
0.055935025648039	0.817179163275408	226
0.074146745112919	0.601329894489478	165
0.00303193025648096	0.324541554898075	165
-0.000566711291225985	0.315176423071765	165
0.08668117460659	0.456235801927897	165
0.00413674917541595	0.588692309497799	165
-0.086676286894753	0.428538670909072	177
0.114237158334286	0.876431722596481	177
-0.0116679083629569	0.760911331098971	177
-0.0867271884788769	0.670317484385582	250
-0.0889088627732459	0.562112546035601	250
-0.081688066654408	0.444233595609831	51
0.00479229068202003	0.600869314930181	51
0.00235857519278504	0.684562198463781	51
0.0477360133641071	1.61730546879928	1175
-0.00655169632317698	1.79167329121872	1175
-0.089024167224374	1.45123464222926	75
-0.017648762522384	1.63902531154548	75
0.105607980215885	0.982953644673641	75
-0.00133930595972498	0.574981728084373	436
-0.012176413864707	0.805006866099413	436
-0.091519431070152	0.689307549087656	70
0.035421404405825	0.945782236259649	70
0.08588765512971	0.438905934164713	70
0.054373099113057	0.664571697850439	226
0.000661435214378003	0.310562041300929	165
0.012981111077778	0.577760990262524	165
0.086651334625274	0.459725622021526	298
-0.00751269840304703	0.452114790483384	177
0.08180155911677	0.425902158134914	177
0.119937268733925	0.855032768152912	177
0.113836585857916	0.869980520646184	177
-0.00729986772868396	0.815807336723834	177
-0.091067794810799	0.69078996273545	51
-0.105122401960286	0.544010098686369	51
-0.065404938416053	0.532607062372963	51
0.108694177223055	0.990085814196836	51
-0.0831615799809961	0.52708027516705	94
0.112742354940022	1.5760699068767	75
-0.102791461800434	1.10345877975957	75
-0.106284282083689	1.16949738274153	75
0.100832819941113	1.13262873059532	436
0.05913746801258	0.796485446433307	204
-0.124536666565925	0.205616970479736	70
-0.0845735023241771	0.430100399934991	70
-0.075303691371358	0.410115955890607	226
-0.105420751348394	0.643470149643884	165
-0.075106958201053	0.841208776957104	165
-0.079162306545938	0.439786358886914	165
-0.00697723972807895	0.303204318255778	341
-0.025027920028973	0.695838435747207	298
-0.011655387290886	0.449818065625604	177
0.064804679917258	0.581214540522831	177
0.101176270561541	1.16592406061329	177
-0.109543307662276	0.83787352995778	177
0.084787600463105	0.450050304538	51
-0.075342645995087	2.45961847701066	1175
0.00351221294725002	2.31475953615004	1175
0.069556301120636	1.78432328674983	1175
0.096073380213067	1.99450278402366	75
-0.075727548964741	1.5257919514975	75
0.065951292011998	0.840093396385525	75
0.09006446502752	0.464926123560993	70
0.065494267649875	0.842310537377601	70
0.012449372908922	0.724524992380653	70
0.00360611075897799	0.325057825982307	70
0.09239713705338	0.471915434291117	399
-0.083118753569856	0.443991137044635	165
0.090038285779373	0.471425583731613	165
-0.080065384251793	0.442029047666798	165
0.091257685437399	0.452662488247491	165
0.0693306421311281	0.616153372367706	165
-0.124563978138377	0.300568473705484	341
0.092373534988159	0.470771760675862	260
-0.010766752483089	0.451292266283264	260
-0.12461657087116	0.304058194527798	341
-0.091289571383363	0.420080596025095	177
-0.000893941796986986	0.597883233792068	177
0.084838118359846	0.445609342645369	51
-0.104014935946378	2.26710227260098	1175
-0.023261548825708	1.50883240058548	75
-0.108019083535742	1.55397792896191	75
-0.00791778750738503	1.16476474063026	75
0.110592786083947	0.970161477469033	436
0.09215658571552	1.08861928344311	436
0.06897504046708	0.927339293865717	436
0.118626707871579	0.982457667325347	436
-0.093263326367886	0.761004344212769	436
-0.021583524203698	1.14168348109325	70
0.067390005671398	0.574749195735718	70
0.00169490108288495	0.914149806677345	70
-0.028038225248692	0.714668301163928	70
0.122879333679988	0.866948308157372	70
-0.114542910352185	0.676547556427214	226
-0.097734305095886	0.55235413625782	165
-0.00415385521541001	0.443635518178237	165
-0.104776483382445	0.630362636185712	165
0.058591155841241	0.551435395239279	165
-0.008727340489602	0.450534400814373	177
-0.054157012232426	0.571947878212171	51
-0.093717436805122	0.393431838090195	51
-0.085800976458848	1.82268344594655	75
0.029533674787236	1.63599728839964	75
-0.057840828312778	0.939260254683642	436
-0.043764827989456	0.954726617097649	70
-0.016565403118758	0.44088029242711	204
-0.00273347677098401	0.583434158768276	399
-0.064557528382329	0.536029607313244	165
-0.010766752483089	0.451292266283264	165
-0.059554510803541	0.552485079696238	165
0.107146937185689	0.982595864806147	165
-0.00168825796080296	0.315526219729151	341
0.123811204204419	0.768406784584938	177
-0.061305590410509	0.699380005481492	177
0.00763893411052696	0.710208525199869	1045
-0.088333704507796	0.569260611220736	51
-0.099066614959747	0.671459830252379	51
0.00303295626472599	0.307398359457546	51
0.117014238190425	0.857166366174922	1419
-0.01487021056834	0.818080264688088	295
-0.052043660156156	1.34964309970141	75
-0.088156562166381	0.833809191833604	70
0.062150890000601	0.591673923385375	70
0.067063300846352	0.839327480431908	344
0.000251847046398024	0.326209238316887	204
-0.055145946675781	0.537527346877516	226
-0.072636850041136	0.772308050973725	399
0.023924401585515	0.883901127334024	399
0.0618591558007871	0.90801616204486	165
-0.01292301277214	0.422730511347325	165
-0.019358117655769	0.799746358450492	165
-0.061747928520573	0.560835810762738	165
-0.122729362829362	0.20187306156162	341
0.017805115861919	0.5671222153922	51
-0.085867735203391	0.427245014657787	51
0.00375950128132296	1.22236131753996	75
-0.113492811133188	0.829018156761438	295
0.019565925522203	0.73249443953276	295
-0.064175932854261	0.783971123369025	295
0.045548740493756	1.16023141548039	75
0.00992019152049595	1.32626530997628	75
0.116473981100468	1.14219263688978	70
-0.039655052039685	1.33347771785731	70
0.00749794838102702	0.71099924222158	70
0.00103141492203196	0.440275330255354	70
0.065187516552199	0.705433247974103	70
-0.117890586971508	0.947111894858543	70
0.12180980557128	1.31761576190251	359
-0.079578372899741	0.448921020919638	399
0.00249065073031596	0.328528115687303	399
0.024789683522131	0.72576395079456	165
-0.12475238428933	0.190552142774941	165
-0.117470081084845	0.79758336238649	298
0.00262668239341102	0.33028241849571	51
0.075299575516521	1.75295433061706	75
-0.054052546338872	1.05908477329073	295
0.106784663431239	1.21192760817208	295
-0.08675397850053	0.909378414470477	75
-0.1214298129878	1.09953236052854	75
-0.087633442941264	1.13259626616466	436
0.084592431145492	1.14288332491254	70
0.121185362097294	0.72358565765734	70
-0.00718272497962003	0.446111169152072	165
0.00805253884513702	0.324366577950008	215
0.09242277904924	0.45781879381133	215
-0.018087429688201	0.418704595116934	177
0.124120496267497	0.746931967827691	531
0.05421286888583	0.885923096457657	1419
-0.078598339351114	1.72348329166883	75
-0.014730589214484	1.09378891967184	295
-0.09867454650518	0.788534689871264	295
-0.01860936425232	0.876955841519497	70
0.066633103800258	0.736494608074977	344
-0.094002871080106	0.621167037501779	70
-0.122448995944979	0.298373400149671	70
-0.032946374196849	0.88479073693264	70
-0.013684811338714	0.428022520870933	70
-0.067795133923203	0.759705922226705	70
-0.122395781391221	0.206681567866676	70
0.006380029726619	0.332098700403031	70
0.00678824229757002	0.326388491662093	215
-0.00168825796080296	0.315526219729151	215
0.00327125973916398	0.578832439311994	215
0.007649562968705	0.321948343526545	177
0.063526678057733	0.956447427879999	177
0.082166716837754	1.36905545472239	177
-0.000157537104510053	0.326550597011606	177
0.0306701548484239	0.92498661658056	51
-0.090264448426852	0.674727737798158	51
-0.00925789863211302	0.547224197661785	531
0.0847654456265951	0.43148631497384	531
-0.120588450743308	0.202901816700143	51
-0.121145653824998	0.202606753467576	184
-0.016565403118758	0.44088029242711	184
0.013927293477485	0.71157656315688	184
-0.077032766827915	0.754535421737663	51
-0.073423271236289	0.429094409957553	1576
-0.0238288109964651	1.20986722584255	295
0.057519446975856	1.25193801516771	295
-0.030341188430572	1.19102703736449	295
-0.08130319893726	0.915138814998005	70
-0.095366858113822	0.684927271663425	70
-0.119243258526321	0.296419808464062	70
0.024249718965879	0.895741936722025	70
0.122283431064767	0.750251668112118	70
0.093425576099902	0.462276792316144	399
-0.022284941524445	0.697339600255173	399
-0.028845669544786	0.964110019093052	399
-0.124536666565925	0.205616970479736	215
0.08700706524656	0.466389712073119	215
0.00513214102691195	0.317647028167667	20
0.00012005491360001	0.320963863006981	20
-0.123287732674727	0.199948384911517	20
-0.050361035813734	0.880078708532485	298
-0.00632121945750597	0.940002835929601	177
0.088174914303176	0.464340321863489	531
-0.00923736050072499	0.452422772153253	1576
-0.00944379436853604	0.449241170978007	51
-0.078370718743954	1.4504407977944	295
-0.0598054043332	1.00532749455819	295
0.076173044944806	1.2178980920299	70
0.082097047495537	1.44301611996373	70
0.011198972680277	0.877052194076869	70
0.118524979950853	0.981684282928535	165
-0.121499517414749	0.899569644941254	177
0.014483626983354	1.13464667716437	177
-0.110355095433939	0.276700224696891	531
0.00916381775683095	0.324219882716138	531
0.010609406907497	0.308806788046046	184
-0.034172503727524	0.958663693314176	51
-0.038495684050696	1.82395871956258	295
0.059982301627423	0.901032314498346	70
0.036311729546477	1.06838669402537	70
-0.090020995491771	0.40576809066643	733
-0.085133020348422	0.417404123194395	399
0.024232262569574	0.89453169226765	165
-0.0636990405860141	0.695827321445993	165
-0.122380779487945	0.804079268644439	165
0.00594484713055299	1.0371391467879	298
0.022530913008629	0.821763581215777	177
-0.120937446033862	0.299186491295093	177
-0.123483302471992	0.306850987863111	177
-0.1180300972401	0.556963735539337	531
-0.030610634918207	0.699607995554395	531
0.119357671106008	0.752013759759118	531
-0.019760382303093	0.791539630020349	560
-0.059229131510235	0.690148731815816	51
0.0878778478491929	0.444500779568952	70
-0.067829686088316	0.787171899937151	359
-0.012762162886071	0.442752061224656	399
-0.0282093317665501	0.965026801283328	399
0.090587900430384	1.04422113223072	165
-0.12183926934969	0.199117754874169	215
-0.123646307210599	0.202693100319571	215
-0.123978979030623	0.202441140232469	215
-0.123287732674727	0.199948384911517	215
-0.00426733016125302	0.429350037639852	531
-0.120588450743308	0.202901816700143	184
-0.000157537104510053	0.326550597011606	184
-0.124205234291112	0.19946967508199	51
0.107232714317262	1.52266258295309	75
0.02134338870356	1.2745326190051	75
0.10374991639927	1.2886656022741	75
-0.076436179362085	1.29697199091998	70
-0.0124329741807691	1.2536500836481	70
-0.076176271485734	0.432517607479094	70
-0.12475670868669	0.302995586223995	70
0.020007021645181	0.836504575863803	165
0.090038285779373	0.471425583731613	1058
-0.000871467696015982	0.317566461719138	215
-0.122729362829362	0.20187306156162	215
-0.123978979030623	0.202441140232469	20
-0.110729065085518	0.672938050215364	177
-0.123646307210599	0.202693100319571	177
0.000881656308405976	0.325827943106655	177
0.068770114564642	0.603533556015984	531
-0.085058620690294	0.446452827005955	531
-0.096272255428165	0.672651057872939	51
0.114307122042353	2.18086114045909	75
0.062677851403542	1.7214127700075	75
-0.103769258271761	1.20966318944327	75
0.084927771506935	1.93822774538642	70
0.104197354002249	1.0480256864788	70
0.0308028230206711	0.94627006728105	70
0.088218091580528	0.456541286539101	204
-0.00525174871795298	0.876537416339153	70
0.005972007325035	0.32164393983945	70
0.093448107986375	0.449301446673633	70
0.118085889053076	0.739759271137523	70
0.0848118278723931	0.455255762151463	70
0.02294498418684	1.15107724470451	532
-0.0306972837698351	0.903260848622779	165
-0.063641011881331	0.691695881694863	1058
-0.121145653824998	0.202606753467576	177
-0.045913880283328	0.795190317455336	177
0.090038285779373	0.471425583731613	177
0.121154293143575	0.739157958541196	51
-0.124536666565925	0.205616970479736	184
-0.013405240789109	0.433640601870717	560
-0.04111995840087	0.669126646838561	51
0.092804706793728	2.03812076316995	75
0.02262672663194	1.60140110410307	75
-0.00247272286209999	1.04592329507758	70
0.00390251831731103	0.305654126220205	204
0.072494062125118	0.750391732206316	70
-0.087384059039317	0.73591448803379	70
0.081685331546223	0.420135865906538	399
-0.079509000340387	0.434875670194792	532
-0.000121340240198053	0.574303086746295	439
-0.124536666565925	0.205616970479736	1058
-0.000290078696998042	0.327976123435365	215
-0.123978979030623	0.202441140232469	215
-0.080644873216469	0.446785973147695	177
-0.036599575805896	0.851466919469085	177
-0.012579813544645	0.429738744009415	177
0.092373534988159	0.470771760675862	51
-0.014027435981199	0.433958463304357	51
0.067716851851708	0.603384811109859	531
-0.080644873216469	0.446785973147695	531
-0.122395781391221	0.206681567866676	184
-0.0837535455541401	0.438515934220587	51
0.028362545381309	0.845894026912189	70
0.000962279875037053	0.326134141383306	204
-0.00586659488007602	0.450906004211865	399
0.087792214387467	0.450654606188371	439
-0.086292977717645	0.44530536406962	215
-0.056085311308915	0.563948695712974	177
0.00574814532197598	0.575029057746883	177
0.124120496267497	0.746931967827691	177
-0.101111750144107	0.648519488009034	177
-0.00492121382305899	0.586953734478016	331
-0.122351290626792	0.306770937597158	184
-0.094877909296572	0.580010618830528	184
0.00439288648110103	0.593402948010719	1121
0.00510991970336505	0.582041818602311	51
0.105649747034486	0.980286396083092	42
0.071441603357931	0.601640710485758	42
-0.090621568195666	0.555986630824803	70
-0.021226240847522	0.786785879994677	439
0.124793472788041	0.746220444742794	399
0.064197038727738	0.890187619287549	399
-0.086781059725077	0.425184940206991	165
-0.096107361473283	0.540725364861071	165
-0.071408187435901	0.437973377958429	439
-0.121507123378815	0.296339608473899	215
-0.069300088673055	0.678984533082939	51
-0.065314949943399	0.690141444417033	1121
-0.04920459287624	0.591009420772236	51
0.121896197642479	0.720482080269296	42
0.063681521718409	0.837172740596577	70
0.022631964120631	0.808570271956707	70
0.026274542925105	0.830345938005683	26
0.0676238446177	1.10623169638422	26
0.00288238322491097	0.582167350319009	70
-0.07918376431659	0.439949895478888	70
0.073318527100908	0.723102576441035	399
0.00401840114822105	0.320871978078715	165
-0.123978979030623	0.202441140232469	47
-0.00348461204005601	0.311167485487994	1058
-0.0295021807671469	0.689384494684431	215
0.010973166894921	0.715483925838591	215
0.1039394090518	0.822315292052632	215
0.094614573213053	0.461373576900583	20
0.00303193025648096	0.324541554898075	177
0.06209336253012	0.69939496488778	177
-0.120238977315936	0.29994852930166	51
-0.00115315384148795	0.600073167699422	42
0.00526664916119402	0.334388877016082	51
0.064913477291761	0.864126031097113	70
-0.00435293003394199	0.567220106459472	70
0.000417184152613048	0.586487641153797	26
0.122532797487322	0.871721842017399	26
-0.0245325802402711	1.07082370872043	70
-0.0910659773839529	0.757038801437041	70
-0.026038271428483	0.916366246001553	70
0.072384322622267	0.608206404799992	439
0.080117400475393	0.444881165910546	439
-0.119338029272473	0.199061320289736	47
-0.118436457482939	0.19362100531677	47
-0.117296531547894	0.644743796266741	1058
-0.065232101730636	0.696624669829366	324
0.055053454134793	0.507767245891448	215
0.00501996185282605	0.311619147319297	177
-0.00538420575607801	0.579244131565679	51
0.081862876851318	0.591397182671171	177
0.066454181567826	0.611449003068936	177
-0.00514086833588501	0.439678798167805	177
-0.023296346039737	0.887797296151209	51
0.055908239031241	0.508592186585998	51
-0.054808937736746	0.69771229955593	177
-0.041470886162914	0.807508587343908	70
-0.00983176737012403	0.451525221664489	399
0.0709039070188801	0.744793277037827	215
-0.093418351527548	0.678746930762154	324
0.073544144180265	0.595814388500461	177
-0.124536666565925	0.205616970479736	177
-0.078663409388485	0.426701996748118	177
-0.123341858102446	0.303766749764013	177
-0.071302029506791	0.659590042721567	177
-0.068538870160103	0.786144740227083	51
-0.058452507051748	0.568225060974317	51
-0.057827434140601	0.573693207587345	51
-0.10083712125486	0.541735230521893	70
0.110356684152383	0.971467231531915	26
-0.087124312522837	0.837323513285126	26
-0.093160934899155	0.417335864119187	70
-0.110180208061694	0.738281371320853	70
-0.000988485987893029	0.313432633015754	70
0.091183024040587	0.464858042702837	70
0.061282865269518	0.585994640475348	439
-0.10519305255307	0.528038607052105	47
-0.088999382183275	0.570585599386518	215
-0.080576716902222	0.434576024462416	324
-0.0696491796323651	0.423726191504753	177
-0.054464180693143	0.567553272478987	177
0.021878476556103	0.688737507147196	177
-0.084035810604424	0.567689922988107	42
0.000251847046398024	0.326209238316887	42
-0.122729362829362	0.20187306156162	42
0.04997227575895	1.09482250305596	26
-0.059978106877921	0.952698539595077	26
-0.122474737563116	1.08126353315941	26
0.057037402428177	1.07306125099109	70
-0.0530619078957501	1.05902945945822	70
-0.00739954106644702	0.451213153000245	113
-0.080984024926877	0.443320967651993	113
0.018254697894762	1.17450989582639	70
0.013165970225008	1.10987359878815	70
-0.110382335405793	0.854201602089278	399
0.00154169818781802	0.312118671389049	47
-0.02545620115877	0.973267897178363	47
-0.011695974826947	0.793728904615562	20
-0.0927929182405039	0.562283244404901	177
-0.0311651579630881	0.895716252927995	177
-0.00697723972807895	0.303204318255778	177
-0.067929518696273	0.770462176791834	177
-0.094010002809645	0.75730295409128	51
0.000417184152613048	0.586487641153797	51
0.069708349877224	1.38219225249223	26
-0.0117790847718	1.63752305004183	70
0.028479472207166	0.844266677550502	204
0.087818723724715	0.459397660093533	70
-0.093977522586239	0.576381262702524	70
0.068802636189178	0.73621044944979	399
-0.063663327640013	0.523530463868382	165
0.088845361518576	0.465458258471449	47
0.00678824229757002	0.326388491662093	47
-0.038991545194666	0.784397978052596	177
0.017182232215309	0.712938082363082	177
-0.080248984817424	0.840018770441051	177
-0.059712690261217	0.568660586255974	177
-0.000290078696998042	0.327976123435365	177
-0.080994264702523	0.915996207119639	177
-0.023559908906184	1.02311704622932	42
-0.064145914658169	0.699315408873533	42
0.026901699162557	1.08291353022122	42
-0.028415633670849	0.977129506768587	26
-0.065245845455852	0.681886302578929	26
0.112709161908569	0.994182232908178	26
-0.088482776131401	0.882544296969148	26
-0.000290078696998042	0.327976123435365	113
0.064258453685221	0.590300224293512	113
-0.013195820186944	0.454790224010527	70
0.091230758263221	0.470449181088585	399
0.067326114342068	0.610485858115258	399
-0.00017408133335195	0.598904225287871	165
-0.00536039458325599	0.878895830785183	165
-0.0196286424337631	0.780163268559782	165
-0.086838796152511	0.418166643931105	47
0.025489221055245	0.828670993802656	215
-0.099540713985628	0.669785085800744	177
0.00229203635999098	0.68218252364013	177
-0.123789512691421	0.569499202628086	177
0.101843918365317	0.96882722401231	177
-0.12368655926791	0.717820581271346	177
-0.00983176737012403	0.451525221664489	177
-0.016801246981886	0.813886557855499	177
-0.04945998887871	0.578925351470243	177
0.017048740054854	0.708341145610147	177
0.063739320586483	0.728554097905706	177
-0.049037165576775	0.579693099439997	177
-0.031381651271203	0.900078977044604	177
-0.063046426030502	0.859645082322202	51
0.061747497148684	1.24976768594044	26
-0.06415335482049	0.963992296968817	107
0.062336470094978	0.584488359804498	70
-0.122395781391221	0.206681567866676	399
-0.115587078115324	0.293178395361139	47
-0.124536666565925	0.205616970479736	47
0.00122591233540703	0.322510250149983	47
-0.046716495536853	0.783313055736593	177
0.107845728996189	0.948323591053663	177
0.028254265060211	1.00370609810672	177
0.111294780977785	0.847367021997319	177
-0.042558830915992	0.571241139181531	177
-0.072447407702834	0.746912059163531	177
-0.092433326835862	0.581848368274913	177
-0.103703218555263	1.16765025400436	26
-0.043896425996404	1.17266821432035	26
-0.099398039678397	1.17393344336977	26
-0.089684327292662	1.48277381782678	26
-0.079510549386742	0.985306660751176	113
0.019111631563088	1.24071183344546	70
-0.037047435887388	0.832938753762205	1273
-0.103033491265068	0.965155865422689	1273
-0.114841685070829	0.65513393030062	70
-0.053166424525645	0.585509791330502	70
0.018238324371598	0.813717800081914	439
-0.046141940259572	0.753816383716687	47
-0.00168825796080296	0.315526219729151	47
-0.014491954493249	0.786572367897741	177
0.102037424784342	0.96058691328935	177
0.00587127613976302	0.974388454552525	177
-0.00177831625167402	0.978960530033005	177
-0.121211686346679	0.559337165639628	177
-0.010319120494608	1.28758445328882	26
-0.038488181908743	1.23334390310652	26
0.032252066439423	1.55443137059596	26
0.00459720812920905	1.5907399543585	26
-0.011147921236345	1.10473145442256	1273
-0.00954611574650299	0.875772250403506	1273
-0.029467233647542	1.07362978597792	70
-0.119108042435158	0.301608734287381	70
-0.123978979030623	0.202441140232469	47
0.00567393012471096	0.324821725710155	47
-0.0858225799879751	0.682650080309616	215
-0.122811376681304	0.66173671667572	215
0.013711685897832	0.707034090006691	215
0.112178120775723	0.85281405240705	215
0.00822763673020899	0.719143170075694	215
-0.045449476887685	0.564982659756499	215
0.124391498668837	0.724982958672945	177
0.0658482665690699	1.04548000529647	177
-0.095088074983713	0.68534247586681	177
0.116925662059365	0.967435082345727	51
-0.0928649162474789	0.654815473132039	51
-0.036139298411705	0.683082867744612	42
0.117262206263363	1.60547411938418	26
-0.033918578857328	0.868759420927692	113
0.068278038456433	0.730784041286193	70
-0.010862254007965	1.12007826348011	135
0.10394634903285	0.98340015576878	399
-0.025178318830802	0.940808825296743	47
0.109315023906529	0.854206846220195	47
-0.010847607207757	0.300505785190422	47
0.00636800778004898	0.587322853227764	215
-0.105592586257037	0.64011420103771	177
0.109271382044826	0.861725519948456	177
0.061282865269518	0.585994640475348	38
-0.011708342300574	0.671033401945942	177
-0.017508281038553	0.694515376927267	42
0.046426069100114	2.2167519182743	26
-0.096140268493257	1.21281854598517	113
0.062951735875471	1.04270133425471	70
0.041544087857053	1.00360014212197	399
0.009188840184711	0.697635668069862	47
-0.101234192835753	0.89640034804376	47
-0.026677954855698	0.708830531635418	215
0.102248955700164	1.0897941590165	38
-0.063019536382677	0.891344128718837	177
0.063273807834926	1.04512976268295	177
0.00854406604223201	0.678894129601057	177
0.085978296163613	0.452107744408734	42
-0.052746916860011	2.25615490158704	113
0.0830883819459211	0.43661580838509	1273
0.019883167746566	0.875682295883964	135
-0.097932450366462	0.548678030557054	47
0.070510903291212	0.750221386540552	47
0.020015589501247	0.825670783385267	215
0.065746471346387	0.855858671038298	177
0.010131587024604	0.716459305102773	38
0.060685166268852	0.813057167970927	177
0.034210316636222	0.934339007541908	716
-0.058287913928965	0.567378476002354	177
-0.047465646493709	0.578002774619803	411
0.087818723724715	0.459397660093533	51
-0.0833311577640961	0.430012665371353	51
0.00580904544914096	0.301344022673483	1273
-0.051954361288295	0.574889503080327	1273
-0.108899055949158	0.735455803230552	135
-0.121216861842297	0.532832819572458	47
-0.00441126560664595	0.593562656906523	47
-0.01078140663255	0.816484513719659	47
-0.00972098572753499	0.448023492856066	215
-0.121324502965304	0.296809851206214	215
0.020876536719534	0.819360290939319	38
0.087847271339345	0.458840464412753	411
0.00374445169395499	0.331923496071961	215
0.00122591233540703	0.322510250149983	177
0.096947736890026	0.465286922397116	51
0.00137255800035596	0.328960641569524	51
-0.063337385285251	0.652402765024763	42
-0.063279108836847	0.689962736933218	70
0.107556324989049	1.08831512520008	47
-0.016180927253267	0.803018375219482	47
0.00667783864174598	0.670794850201866	47
0.08700706524656	0.466389712073119	47
-0.120588450743308	0.202901816700143	1151
0.012097280545432	0.310844949504825	177
-0.079162306545938	0.439786358886914	20
-0.025159332643188	0.397912815325532	177
-0.045005116701604	0.777495011341287	38
-0.0705419240649789	0.430932425752399	177
-0.123646307210599	0.202693100319571	51
-0.100478280040825	0.947642130927866	107
-0.041394477385318	1.39359417206528	107
-0.121556135520797	0.646499686927939	107
-0.000566711291225985	0.315176423071765	107
0.00307931458147204	0.603847025934754	135
-0.00115315384148795	0.600073167699422	135
0.00122591233540703	0.322510250149983	135
0.083118042020488	0.445528196632185	135
0.079077930382332	0.963514285926963	47
0.072493164858204	0.601793243700598	47
0.00137255800035596	0.328960641569524	518
-0.123978979030623	0.202441140232469	518
-0.122395781391221	0.206681567866676	1151
-0.120588450743308	0.202901816700143	28
-0.122395781391221	0.206681567866676	243
0.006380029726619	0.332098700403031	243
-0.124536666565925	0.205616970479736	20
-0.046744067833564	0.575184792938138	177
0.071969687487362	0.571286697857508	38
0.013111958307241	0.734003871211005	716
0.070567642373603	0.617511491768854	716
0.0935635994220561	0.469802882673205	716
0.00393920997395403	0.318437082164588	51
-0.00127997098065602	0.323834639770185	42
0.00415061114213	0.33272994375613	42
-0.067627836271111	0.687117976558794	107
0.092746105451827	0.462157696187919	107
-0.122395781391221	0.206681567866676	107
0.093405095446473	0.460704525650008	107
0.010555534862612	1.16567922331082	107
-0.03318894299265	0.931268960892411	47
-0.035567442276041	0.812192385282878	47
-0.120996644177391	0.773124343535758	47
-0.077855749575743	1.08579659876564	47
-0.010402245411136	0.437172408484212	47
-0.123978979030623	0.202441140232469	215
0.068204638768949	0.859461830747993	20
0.00339341584893305	0.590659631283977	716
0.116565784979043	0.960239786926491	716
-0.076409146406239	0.444506411267396	716
0.094963349466798	0.447941111131826	288
-0.00139768319441103	0.326365269074333	288
0.00137255800035596	0.328960641569524	353
-0.0905849220432779	0.56674248401811	42
-0.121005412090742	1.86921765112811	449
-0.052463953001697	1.71919838652868	449
-0.103702120451839	2.17859945931806	449
0.02237875855508	0.835451986045982	107
-0.084230118236521	0.690052076591252	107
0.0935635994220561	0.469802882673205	107
0.092373534988159	0.470771760675862	107
0.085484039274961	0.457101542756882	107
0.025625463253683	0.840501439645044	70
0.00415061114213	0.33272994375613	135
-0.124458371273836	0.295185724389987	616
0.053720594177731	0.803635627709437	47
0.078257762017368	0.565411884853416	47
-0.055440191058669	0.558615530313229	518
-0.122955400819693	0.195779320396137	47
0.063964795924502	0.84610475398011	20
-0.122395781391221	0.206681567866676	20
0.00249065073031596	0.328528115687303	177
0.083118042020488	0.445528196632185	353
-0.000566711291225985	0.315176423071765	51
-0.119334527896705	0.286970968590309	51
-0.04335249605419	0.574745504201877	51
0.076865692678503	2.44598741538832	449
-0.0490026841140661	2.36609991364644	449
0.009378218868762	0.699314001206239	107
-0.012509600152225	0.427320118284912	107
0.062061718481965	0.958416948624919	204
0.00137255800035596	0.328960641569524	204
0.00848558895048601	0.301263837565648	204
-0.01044723221636	0.452644667395625	135
0.090014149805397	0.466906847694853	47
0.063466332896635	0.821753597808356	47
-0.080576716902222	0.434576024462416	518
-0.117184833867362	0.194064298367982	47
0.00360611075897799	0.325057825982307	47
-0.119338029272473	0.199061320289736	28
-0.122395781391221	0.206681567866676	243
-0.123646307210599	0.202693100319571	510
-0.124563978138377	0.300568473705484	38
-0.120588450743308	0.202901816700143	288
-0.120588450743308	0.202901816700143	353
0.085839296065074	0.464928465157793	42
-0.058643141969651	1.67654604200361	449
-0.093539105045602	1.47914641536674	70
-0.085867735203391	0.427245014657787	204
-0.120588450743308	0.202901816700143	135
0.062223502322021	0.744567409331112	439
0.084152042767518	1.11887482970969	47
0.000785744318597015	0.581679423732278	47
0.084286441754421	0.451503547203368	47
0.090754287833586	0.420120575069233	246
0.066760307538185	0.746814521558707	716
-0.121145653824998	0.202606753467576	177
-0.12183926934969	0.199117754874169	288
-0.101417891313428	0.559701033639757	42
-0.12130542644341	0.666342822347748	42
0.116776532907064	1.06076687256652	107
-0.040495727114698	0.783663115558049	107
0.00805253884513702	0.324366577950008	107
0.070389459082207	0.59616552370432	616
-0.123394852497647	0.533539494255934	47
-0.004762723112678	0.453138522725804	47
-0.124536666565925	0.205616970479736	510
-0.01215097125687	0.441066548556164	20
0.088870790294504	0.465858626375638	716
0.071522999498952	0.599762448051	288
-0.122729362829362	0.20187306156162	51
-0.122729362829362	0.20187306156162	42
-0.101239370069378	2.15285807642462	449
-0.107279441938282	1.82420192686063	449
-0.10718155961689	1.30141657757411	70
0.00805253884513702	0.324366577950008	107
0.056940800051285	0.801159180967228	70
-0.004028047639838	0.310682224155777	135
-0.017154518180159	0.429729615285178	616
-0.073347230992561	0.434252164957905	616
-0.0883125497408031	0.4155086016259	47
0.092763787993416	0.45217622525761	47
-0.00381211388383396	0.566811432542665	518
-0.120588450743308	0.202901816700143	47
0.00578660083068205	0.594637073267619	38
-0.013854592551988	0.391515386592261	1232
0.09872365116787	0.785481199556947	716
-0.00967010984223604	0.302860171108759	288
-0.000290078696998042	0.327976123435365	51
0.087847271339345	0.458840464412753	42
-0.00248532012942404	0.527024930623039	107
0.089342841225836	0.458472844799707	107
0.074326366963115	0.6087685487381	107
-0.09131583059515	0.648154684329843	70
-0.036046052000545	0.661064224122401	70
0.061962456122295	0.593438501531103	70
-0.032854106501419	0.662582409786069	135
-0.0896274517239301	0.583601541352037	47
-0.057761290915496	0.683882678036209	439
-0.000157537104510053	0.326550597011606	38
0.00653654434209305	0.322084276760236	716
0.0912058680022479	0.472902810675194	288
-0.00115315384148795	0.600073167699422	288
0.056512162652381	0.667508953454958	42
-0.121079829457092	0.306461337324852	42
-0.051560715141204	0.902804238643997	107
0.017976029798097	0.701726590039804	107
-0.033708026805078	0.658308741927059	107
-0.0768836697020699	0.443790678044961	70
-0.011609307698909	0.438539721278174	70
-0.079951781447869	0.435272112708011	70
-0.124895155938021	0.293152201168165	47
-0.00307057479638495	0.322304509729284	47
-0.012814656132018	0.437523301405422	47
0.00789989567931404	0.324271281853468	47
0.082479150739316	0.452966463665055	47
0.069516037380844	0.614646367846062	47
-0.00739954106644702	0.451213153000245	47
-0.124563978138377	0.300568473705484	243
0.06790327101142	0.600592220870565	246
-0.049784499047576	0.57347537893024	38
0.069307332082408	0.58320761406559	716
0.072220445224472	0.603031759126118	716
0.094593326819251	0.466453397242953	284
0.10194239652284	1.07617556435658	107
-0.00592453825847294	0.439515933981031	107
-0.080815691331776	0.449106227787501	107
0.085839296065074	0.464928465157793	70
0.068956551797535	0.606195159742321	47
0.019725940073211	0.706761112728887	47
-0.094488722482692	0.380145481798966	47
-0.00312669783002895	0.573042113076684	243
-0.123623066276026	0.302932180494399	243
-0.014511289215471	0.444384904058185	246
-0.086937293530042	0.426932591107343	38
-0.00597358253821601	0.45157502399264	38
-0.05404986278358	0.564129341686117	716
-0.08022919131267	0.443819061369121	284
0.067507710715136	0.614307330347771	154
-0.03425158127032	1.28416674230686	107
-0.069006457483935	1.08437942775082	107
-0.034475178907887	0.703469088602615	107
-0.024847130103565	0.671466244341643	107
0.048533862499625	0.920330904659117	107
-0.096832923377673	0.551581094358982	70
-0.012240380276704	0.529576547404396	135
-0.093332658099846	0.581236950028532	135
0.117619750074823	0.892841333654232	439
-0.0294169404397699	0.704985719362433	47
-0.090219876628769	0.424560919088436	47
-0.124166949486259	0.292596003438799	47
0.12104886521422	0.856085111605966	47
-0.00305174319097301	0.433208176132982	47
0.085484039274961	0.457101542756882	243
0.108138825275698	0.877152716457671	246
0.113664325212418	0.88108828290068	246
-0.007388835161807	0.770969443596754	38
-0.00327258188334301	0.554456492893609	38
0.051707263544493	0.688631102125628	20
0.073434387715778	0.603934930001811	20
0.000846127608801983	0.677029052712478	284
-0.117841835087697	0.301329793861255	284
0.066401836539318	1.03676057721346	42
0.00540155155022504	0.71160663739583	42
-0.000612821842697953	0.317652846297628	439
0.00262668239341102	0.33028241849571	47
0.00415061114213	0.33272994375613	47
0.068919465372651	0.575353573643534	47
-0.083088982415778	0.432669058147874	246
0.068919465372651	0.575353573643534	246
0.062819764347734	1.04721563721481	38
-0.061996912029379	0.771123230311511	38
0.035010347095787	0.91222085137007	20
0.096968465601027	0.453356239702491	284
-0.015562077926106	0.428479954403995	284
-0.00707805502750003	0.449352356388047	42
0.121456586619671	0.715697472678507	107
-0.098487354407745	0.666575972854789	107
-0.07729885739325	0.4340154460869	439
-0.00597358253821601	0.45157502399264	1071
-0.12461657087116	0.304058194527798	439
-0.0462059595731	0.549449464531879	70
-0.035078170482457	0.658424748491806	47
0.088218091580528	0.456541286539101	60
0.070009248148976	0.606338923468945	246
0.0826265547645551	0.576309549932298	284
0.016266276284267	1.21817151133108	312
0.058285118875343	0.721196181392855	70
0.061584155454803	0.726173510620044	439
-0.020092784884161	0.431406729927979	1071
0.00816685077238799	0.581406228722502	1071
-0.017876604143816	0.435292759072605	1071
0.075096805956729	0.599654352399304	1071
-0.080471562358997	0.436773986128897	1071
-0.023773631601399	0.693181217629429	70
0.00845571673240697	0.310906047149709	47
-0.003666108939123	0.594832407539753	47
-0.0561146355537681	0.554672579361888	60
0.072679487109499	0.594127780769259	28
-0.116827268559845	0.283214390804459	60
-0.124423828193064	0.297298211192496	246
-0.105513398760844	0.523341187660052	284
0.122870547381844	0.740440556037974	284
0.077382668024268	0.603596931181702	154
0.1129713560223	0.884856554341224	107
-0.00828779741572405	0.443938296855031	70
-0.115139792618928	0.663157548235015	70
0.068594876889492	0.708819178947834	439
-0.030856109794223	0.650533029913927	1071
0.069595878311262	0.753205876001477	70
0.00455697374988495	0.31715385878454	47
-0.120238977315936	0.29994852930166	47
0.087847271339345	0.458840464412753	60
-0.00934170843618198	0.45492322671815	60
0.00137255800035596	0.328960641569524	1633
-0.00702816247301197	0.451827957603196	20
0.082967015508563	0.423317880847207	20
-0.00570484713924602	0.314612102986565	20
-0.0847412944907	0.6774446605838	246
0.09006446502752	0.464926123560993	38
0.098389839158725	0.964932577709414	38
-0.049665521826186	0.56913181617476	20
-0.002736714623501	0.306535499683203	284
-0.12183926934969	0.199117754874169	284
0.0848118278723931	0.455255762151463	284
-0.062950136023434	0.6840677247005	198
-0.013195820186944	0.454790224010527	42
0.074451244151164	1.03247851047053	70
-0.013656408194808	0.794402271827291	439
0.00849688802071602	0.691047790003799	70
-0.025993337060056	0.718484276940061	70
-0.00967010984223604	0.302860171108759	28
0.073456373481844	0.600607986063855	60
-0.085892639186567	0.426714420011873	20
-0.073925533386364	0.436912989557195	246
-0.023831122327469	0.666672600525495	38
-0.00718272497962003	0.446111169152072	38
0.100717677919542	0.956566199955696	20
-0.016668584843339	0.438922686179781	284
0.020246359773911	0.724445054608181	154
0.023410529058923	0.793803310058736	42
0.03488103325624	0.886460308778132	107
0.06651191031504	0.743683767960229	70
-0.058343224810425	0.937573272373185	70
-0.114599527302382	0.290969209462654	70
0.0945741346597599	0.46049355905406	70
0.123050189790348	0.858936783258661	72
0.073097871846139	0.858649285431948	47
0.05884780705208	0.794235497080229	60
0.00564996057002098	0.592842551431908	60
-0.119334527896705	0.286970968590309	60
0.066272209165932	0.614951935408503	60
0.106379204108199	0.980258717191215	38
-0.00512746091585903	0.791976334070336	38
-0.012768331162057	0.930146875821784	20
-0.088009602050933	0.567822251505323	20
0.088174914303176	0.464340321863489	42
-0.092103417635232	1.03412471709915	107
-0.044903591047249	0.790266740530908	70
0.103173587031432	0.986134414830509	1235
-0.061023712319762	0.865859724594247	1235
0.01706365400578	0.724302301065287	72
-0.000694642989574001	0.594543130929431	47
-0.094300033339489	0.39939395271626	60
0.09239713705338	0.471915434291117	60
-0.080390544161869	0.438687520611173	20
0.092730505054474	0.455634969143008	20
0.069516037380844	0.614646367846062	20
-0.089341775652663	0.56360408112529	20
-0.0649530620172321	0.694491030938707	20
0.05394082575323	0.68206332299256	2159
-0.093332658099846	0.581236950028532	284
0.021755941450771	0.539915503901951	284
-0.000692593100062977	0.675946314353199	198
-0.098292538457955	0.570238695692628	198
-0.069579170961217	0.67844866070531	51
-0.0936618771829369	0.558379263825117	42
-0.058399777928574	1.38926987613938	107
0.045659897778906	1.90747550982795	107
-0.011010704319219	0.802582509700613	107
0.0787385709195459	1.4672795324553	70
-0.00913799726570097	0.819993856407245	70
0.092373534988159	0.470771760675862	777
0.057882571044891	0.739212801964287	1235
-0.058769922594603	0.573740004328748	1235
0.029091355432708	1.17641968949736	70
0.066432708932873	0.866379811004115	70
-0.030358469003596	0.879288043764712	70
0.033519941947242	1.10299887180144	70
-0.123978979030623	0.202441140232469	47
-0.120588450743308	0.202901816700143	60
-0.122395781391221	0.206681567866676	20
-0.016237894832724	0.434412575594578	38
-0.00889783248514797	0.57200362141345	20
-0.018984367003259	0.436175982275437	20
0.00549278413785603	0.428730209971554	2159
0.086623529873157	0.453763055179582	2159
-0.124536666565925	0.205616970479736	284
-0.032309827924876	0.707426311131613	198
0.11048454693504	1.75740010703956	107
-0.023154635270449	1.22137970913248	107
0.0817307448087921	1.68048119969273	107
-0.01054926469199	0.452073129786603	70
-0.080335829308935	0.757835937796858	70
0.099183706526391	0.430171576770564	1235
-0.0650451974740039	0.865683694222646	70
-0.00812261597980701	1.00276596923024	70
-0.123978979030623	0.202441140232469	60
0.068357054155835	0.663330454361084	20
-0.000871467696015982	0.317566461719138	20
0.048569527860529	1.17450904285995	20
0.075695850842062	0.834383745070982	20
-0.005876743270395	0.898656903073088	20
-0.12475670868669	0.302995586223995	284
-0.123978979030623	0.202441140232469	284
-0.07833912929541	0.445603727005801	42
-0.028185603941532	1.610016643728	107
0.034032682300884	2.06448357444835	107
-0.008126785826157	1.7932475702588	107
-0.032056028712691	1.58242134658341	107
-0.076714841306788	0.436688922242815	107
0.015055682026617	0.770430373295451	70
-0.080065384251793	0.442029047666798	70
-0.050361035813734	0.880078708532485	70
0.104485095668715	1.09092964487653	70
0.071857815260913	0.602117071765673	70
-0.054464180693143	0.567553272478987	70
-0.124205234291112	0.19946967508199	72
-0.123978979030623	0.202441140232469	60
-0.121480136145638	0.19652190193655	20
0.091714337325032	0.4504773523596	20
-0.066721487004773	0.535920014497757	38
-0.124536666565925	0.205616970479736	284
-0.09469151701132	0.947444659645462	107
-0.0803441968922281	0.42395477472931	107
-0.113964433769754	1.07223542456779	70
-0.0714328191046481	0.420011795737759	70
0.00133427857309298	1.05532384052251	70
0.011663555914838	1.12149573443856	70
0.0138029814463539	0.727508084507743	70
-0.123978979030623	0.202441140232469	60
0.00585004521326205	0.572888283469208	20
-0.118681187055305	0.296497090102636	284
0.091714337325032	0.4504773523596	284
-0.121079829457092	0.306461337324852	284
-0.123978979030623	0.202441140232469	284
0.081284816014184	0.450881279460392	198
0.0912058680022479	0.472902810675194	42
0.109194713604686	1.57196088103635	107
-0.00967010984223604	0.302860171108759	107
0.062267354044351	0.857596949918918	70
-0.065938568692508	0.423683409154562	70
0.085454938348926	0.4540652312513	1235
0.014324047872438	1.13321122880537	70
-0.095322503682235	0.759891262125901	70
-0.098695394215634	0.817430240946174	70
-0.093470194508611	1.08156534495082	70
0.081258749552748	0.440448146468383	72
-0.094281496379693	0.683767681275985	42
0.104184906288243	0.995487550353275	42
0.081949741068473	0.432682321330739	38
-0.121480136145638	0.19652190193655	38
0.00725315736732701	0.305759819460265	20
-0.00813243631517002	0.45469246983488	284
-0.116713812805184	0.299734645919669	284
-0.124536666565925	0.205616970479736	284
-0.122395781391221	0.206681567866676	284
-0.04105871498753	1.0725330742802	107
0.081663222939825	0.437721185502626	107
-0.122729362829362	0.20187306156162	107
-0.123978979030623	0.202441140232469	70
-0.122395781391221	0.206681567866676	60
-0.122395781391221	0.206681567866676	20
-0.00275440831006102	0.553476147921361	38
0.089362098530127	0.466516127626198	20
-0.122729362829362	0.20187306156162	20
-0.00307057479638495	0.322304509729284	284
0.00401840114822105	0.320871978078715	107
-0.096832923377673	0.551581094358982	70
-0.089593120284822	0.562951712384019	70
-0.104123750988922	0.552410695182458	70
-0.00780923011458501	0.29941439181183	70
-0.011528192009125	0.935006489623991	70
-0.118436457482939	0.19362100531677	60
0.081312945820431	0.446915244431318	38
-0.068546169333383	0.685576514669542	20
-0.091023022590755	0.680792721785963	42
-0.079100852761463	0.425499751660713	284
0.00175461299687496	0.972588104432581	284
-0.119950709301973	0.303608405310135	439
0.093253904786581	1.03244512517296	70
-0.120588450743308	0.202901816700143	20
-0.120588450743308	0.202901816700143	42
-0.075223524455307	0.898962836684456	42
-0.00265632193985799	0.317445775435134	284
-0.060491775150287	0.564073426067676	284
-0.123287732674727	0.199948384911517	284
-0.124536666565925	0.205616970479736	284
-0.000290078696998042	0.327976123435365	42
-0.05791563145742	0.690120882547429	107
0.017995389249871	0.831093790487785	70
-0.0654690379385841	0.920991889817	70
-0.0613600517008031	0.978118055234428	70
-0.105015615662296	0.821378100747084	70
-0.115991501841609	0.288013542108877	72
-0.0295705766291911	0.711306346892443	38
0.000573157202387042	1.63266508280101	107
-0.058398277657391	1.01602805645131	70
-0.111939293116112	0.724605294879709	70
0.0619394814044379	0.852257576762452	70
0.058084361661677	0.718254025236615	70
0.121079580888036	0.962561521756455	70
0.000365720208984954	0.592513518352826	70
-0.014099011481123	0.398984573991688	852
0.1157177986806	0.6933389655838	1641
0.092236135010869	0.456636424902149	20
0.075560636771157	0.60627960992666	42
0.06375816329413	1.02118433409839	38
-0.010936841747838	0.446460866278505	42
-0.041559858619989	1.50648098018172	107
-0.11948190077254	0.66207111974352	107
0.117096912344306	0.948164409659562	70
-0.106070404743049	0.878678008478522	70
-0.02689196731787	0.681315734723178	70
0.092373534988159	0.470771760675862	852
-0.00304010545020395	0.56567809474153	852
-0.080984024926877	0.443320967651993	959
-0.097361232562983	0.574889902059865	42
-0.011507569429138	0.439776950093596	42
-0.060819109466736	0.847344181210367	20
0.0131463411427269	1.04256847349755	42
0.07335222176624	1.20957728078854	284
-0.122395781391221	0.206681567866676	42
-0.072399436019335	0.675515528726197	107
-0.0295159131625941	1.25900752354224	107
0.114864560847175	0.993388139977594	70
-0.118822861457701	0.295951929434269	20
-0.00823683596581204	0.452044880027493	959
-0.117432956111377	0.698101009495	42
-0.029919103245414	0.715221010389912	38
0.066581120017716	0.685945271071831	42
-0.096679507524051	0.574824021610884	284
0.113142615867996	0.883737315256881	284
-0.089231960500044	0.41885299582364	42
-0.123978979030623	0.202441140232469	42
-0.016394484415364	1.25498452157457	107
-0.058925587565837	1.0621242105647	70
0.0639360027234021	0.728860907051748	70
-0.046425007083259	0.56651399059661	70
0.016850569122307	0.709422978382499	72
-0.043433973796964	0.803849054537524	72
-0.053993677615778	0.980279529576516	72
0.086508050677253	0.446992841574903	72
0.062223502322021	0.744567409331112	42
-0.064563599454057	0.774031781868265	42
0.102070093584643	1.07893661875136	42
-0.038782522716825	0.850723183689187	42
0.094726356565436	1.15817503660098	284
0.049929732871053	0.803615621821146	284
-0.09553404010129	0.682666190134307	51
-0.087139732218935	0.676433578748182	42
0.092055859755744	1.76281014713827	107
0.025889749899675	1.73231955352475	890
-0.0982595919418781	1.28588956562871	70
-0.094712932584628	0.832013168233547	439
0.00264596205899903	0.642045663022259	70
-0.00994025762898398	0.445050819714474	70
-0.086937293530042	0.426932591107343	1965
0.072040084029773	0.607321763401269	1455
-0.00265632193985799	0.317445775435134	1455
-0.071547670081146	0.409079881834929	20
0.059072281906556	0.710713144350851	42
-0.041599464201749	0.828378320908881	42
0.000728958226427046	0.909483526405624	38
0.079100983712891	0.823991246076171	42
0.062081805751701	0.824665826504309	284
-0.066437317641986	0.684250649401197	284
0.07880655483902	0.598081279896218	42
-0.04680228863681	0.825622529141313	70
-0.067741863728615	0.502569426011532	70
-0.078920409507161	0.424686035032453	70
-0.055201452978584	0.562060794091171	72
0.062708612277147	0.581841790411119	72
0.000562427989623027	0.60147119467121	1455
0.079470887749809	0.423832875017133	20
-0.0903759348058481	0.766319160979515	20
-0.064377279184529	0.682304234930828	20
-0.087434329578	0.568401350567975	20
-0.072962642696133	0.783048580841503	20
0.026764709217481	1.15992992657249	70
-0.0295705766291911	0.711306346892443	70
-0.038485972081729	0.800210709978989	439
0.053831600477525	1.38979153559331	70
-0.024567123411215	1.12737702411212	70
-0.0897740217134721	1.07570706413702	70
0.03371421947244	0.904419816371518	70
-0.123978979030623	0.202441140232469	1455
0.00303193025648096	0.324541554898075	277
0.00137255800035596	0.328960641569524	277
-0.011954256956929	0.293332714213239	277
0.06486142443111	0.600955434269567	42
-0.119601655710463	0.676180333035526	20
-0.122955400819693	0.195779320396137	42
-0.080415355093611	0.437109035764081	284
-0.122253625513765	0.866863886551531	42
-0.032079763718774	0.704858811715341	42
-0.086628707444476	1.00663564257491	439
0.095553817199458	1.40225427467714	439
0.023185356884373	0.820650231850934	70
-0.119338029272473	0.199061320289736	72
-0.00739954106644702	0.451213153000245	72
0.0697970044423341	0.605818507778172	72
0.082479150739316	0.452966463665055	20
0.060028352961411	0.849120036608324	42
-0.124313491469895	0.298390010441057	42
0.059258854858679	0.532420837924119	42
-0.071490257020474	0.836561379426667	42
0.030958197898507	1.00650803235188	42
0.026409845238775	0.838386196011758	42
-0.00219222107162897	0.574804140085145	42
-0.073601243466448	0.661881967249771	20
-0.096683491181724	0.635319024649019	42
0.037003436465281	1.08362719057397	70
-0.000443060240173043	0.313922512845844	70
-0.00595993312756105	0.808574826941928	72
-0.064519466836281	0.666190783031059	72
-0.047326485262804	0.591618810873437	20
0.103339265516136	0.965124745622794	277
0.016606936357221	0.775443721660325	42
0.058752674074378	0.704530199946313	42
-0.021132352462985	0.982157927122728	42
0.071064665110276	1.06033725765321	42
0.066527332974738	0.966715333248884	42
0.043977951159046	1.13390652994614	70
0.0680296152475	0.958194622488785	439
0.0177054041446491	0.812727228936756	314
0.090014149805397	0.466906847694853	70
-0.06954558831905	0.774592539528651	72
0.00208312383876497	0.603852969015685	491
-0.09687986067159	0.665032828385605	145
-0.063379113869117	0.85664845184236	42
0.056832270420022	1.17451631971964	51
0.037422580696675	1.34012536052954	70
0.106737285989257	0.978997691463078	70
-0.041836260919209	0.768631866235705	70
-0.030034938613947	0.701460683607003	70
-0.0952729556919359	0.5631440289613	70
-0.056052751351544	0.559368258916356	72
-0.10016136449984	0.673642957251686	145
-0.05476181239042	0.829394139337394	42
0.070751088430108	1.23835394294807	42
0.030152551912646	1.09978391890414	20
-0.051267460321201	0.675322618382908	42
-0.10096844364895	0.668876482791379	51
0.00339341584893305	0.590659631283977	42
0.088881436655174	1.47659466440449	70
-0.040762183206207	0.556341537117365	70
0.007045085316292	1.07136722899592	439
0.06982279261585	0.597452084014632	72
0.00567393012471096	0.324821725710155	491
-0.124536666565925	0.205616970479736	20
-0.012613546537508	0.437643126903488	145
-0.094300033339489	0.39939395271626	145
0.00789133657241703	0.579325438646998	42
-0.055412402391033	0.566850568713288	42
-0.124009454496521	0.535235954620767	42
0.00956794515775094	0.317070575992758	42
0.03006312699231	1.13160345879659	70
-0.085745241778462	0.91071060585724	70
-0.101315504229814	0.651671351497425	70
-0.03421012964001	0.633585524432898	70
-0.054423214664362	0.586053860281307	72
0.0945741346597599	0.46049355905406	145
-0.121963779826822	0.644833067119624	42
0.107639587753594	0.988884813667138	870
-0.020375032940513	0.708277781350816	20
-0.090219876628769	0.424560919088436	42
-0.060499625926866	0.691656156708877	42
-0.094213802035647	0.961587490509332	70
0.048263368403089	1.68600897776145	70
0.019826441573479	1.30429784369714	70
-0.094691454322788	0.553120617834637	70
-0.094465184480919	0.409293551170211	70
-0.082713962283101	0.423129130122886	70
0.0935635994220561	0.469802882673205	70
-0.123978979030623	0.202441140232469	72
-0.026915535681334	0.887964145733934	72
-0.118232006280744	0.884161283250182	72
-0.031855449310098	0.691258410354636	145
-0.013504132051234	0.742743870571963	145
0.021107978325413	0.82555192221593	145
0.10945616667049	0.952220571378956	42
-0.018953880156084	0.799952202722619	42
0.100232573201154	1.05844480733617	42
0.00433361137074995	0.583170046682772	42
0.111575860202756	0.981793856906419	20
-0.070492635122468	0.79038698976505	42
0.00614275764285899	1.00346575464516	42
-0.0855028547635071	0.839808907599568	70
0.000672746348899023	0.577427768331696	70
0.073034865707763	1.20118672979604	70
-0.099537787197511	0.544504192315564	70
0.097347753831465	1.06849070714285	70
0.00485956488016603	0.329679738407149	70
-0.093187530774874	0.674878566294755	145
0.05486743110211	0.673489154469214	145
-0.058698890094997	0.548519239650133	145
-0.073680146878927	0.776774561363243	145
-0.00854063437347197	0.900210329779073	145
0.0685806360553191	0.835760607533627	145
-0.050464935590202	0.587984480086069	145
-0.117688660115766	0.679158271072159	145
-0.042884757773307	0.772065415864449	42
-0.09951519745477	0.564908423146324	42
0.080808796868623	1.09925213006466	20
0.018349946175262	0.727117752261703	20
-0.087656270696165	0.384728192627548	20
-0.12373185356605	0.559167083550991	42
0.09785080884093	1.0596544365879	70
0.00108660926184101	0.598313488820881	70
0.090179740570745	0.455322255262454	70
0.022741637090799	0.901387129456902	72
-0.089149820892523	0.779722478681873	72
-0.097412893821074	0.769430400197564	145
0.097134436082265	0.922529381524832	145
-0.038547481237273	0.797039376823783	145
-0.113778856339935	0.662100117018361	145
0.00567393012471096	0.324821725710155	42
-0.0885223529089521	0.842700860866025	42
0.0257041279559	0.829763469451342	42
0.0716955861565231	0.737686195801053	42
-0.085387658649368	0.440646289588949	42
-0.05344101556743	0.56296272756505	42
-0.104531308127114	0.749896339892269	42
0.00249065073031596	0.328528115687303	42
-0.000157537104510053	0.326550597011606	42
-0.085711466229085	0.428966127651296	42
-0.123646307210599	0.202693100319571	42
0.121692397203496	1.70974323382163	684
-0.056311929648634	0.930842719416408	684
-0.011553408025195	0.445489827982212	70
0.025555864211101	0.837515957019351	70
0.062169913674794	0.724400899988825	70
-0.097581008135877	0.634422037225393	70
0.057348181844166	0.54688744572708	70
0.006380029726619	0.332098700403031	70
-0.085036506676171	0.419762413020906	72
-0.00168825796080296	0.315526219729151	145
-0.119108042435158	0.301608734287381	145
0.089013460641224	0.458516039791108	145
-0.07918376431659	0.439949895478888	42
-0.116713812805184	0.299734645919669	20
-0.084664009400497	0.430395533800606	42
0.0876766611541781	0.460044867522333	42
0.0701981343618821	0.605596060665115	42
0.00249065073031596	0.328528115687303	42
-0.048099687994242	1.86865844050777	684
0.116206661542582	1.12470019683422	684
0.057338411493759	0.790739838833489	70
-0.012613546537508	0.437643126903488	70
-0.0695434905783	0.826192108613582	70
-0.118436457482939	0.19362100531677	70
-0.042931509713233	0.795597860782613	70
0.071704708095235	0.947881379576126	70
0.085343390232044	1.06444289154731	72
0.089017167442503	1.20889090977761	72
-0.045601620682639	0.948474172380252	72
-0.040813009770334	0.810694725950497	72
0.073152464258364	1.05671324096865	72
0.092833471076803	1.16173601454314	145
0.015695269667543	0.697151026733208	145
0.065400195134757	0.601611035221877	145
0.02189356858947	0.841002923798024	145
-0.00307057479638495	0.322304509729284	42
-0.123978979030623	0.202441140232469	42
-0.0849002699134001	0.968222931443686	42
-0.091175784914487	0.574623323620284	42
0.066728461617645	0.580082503626603	42
-0.00130477451158195	0.56349696763739	42
0.117619750074823	0.892841333654232	20
0.071541415441249	0.961719703057151	42
-0.09604479389175	0.65805667109079	42
-0.09186501781917	0.55998748245003	42
0.00653654434209305	0.322084276760236	42
-0.00669258948575002	1.31662890333494	684
0.120312680616469	0.745586961167727	684
0.063204964423085	0.594370081359454	818
-0.020277643020905	1.05856163308449	70
-0.107515423504501	0.655804398742594	70
0.104482919665767	1.22922900581123	70
0.074169048273496	0.578686202909951	70
0.010272399492407	0.317804401251004	70
-0.12183926934969	0.199117754874169	70
0.073282050503089	1.17028538016344	72
-0.105849598956653	0.856987124819077	1935
0.07669781063953	1.08544585886599	72
-0.033035329328887	0.966331015645036	145
0.022621012588446	0.809073591237723	145
0.028738846186407	0.824371837798196	145
-0.115582587946185	0.668325310574893	145
-0.0616941087674741	0.55395888825409	29
-0.122729362829362	0.20187306156162	29
-0.096905958060545	0.784803825471032	42
-0.054580322672931	0.87862532032926	20
-0.100640608573654	0.666138367344845	20
-0.035643505995513	0.790146742807809	20
-0.099501766870267	0.771337553239879	20
0.063170780393829	0.826269274722747	42
0.083005837039782	1.98322480852476	684
-0.0704518670851581	1.85516386873661	684
-0.115139792618928	0.663157548235015	684
-0.124536666565925	0.205616970479736	70
0.0652593345785481	0.742601041055434	1935
0.034879557666343	0.872689852480348	1935
0.115263613413305	0.841425916736656	145
-0.086456236198497	0.443419746308749	145
-0.0139692037727041	0.436543376212677	29
-0.099166093005159	0.561905165362379	42
-0.0887559468182531	0.433828048599693	42
0.094593326819251	0.466453397242953	20
-0.082584141758124	0.440592149346954	42
-0.123574787744366	0.296735620411499	42
0.074228820942983	0.586935850829797	42
0.095627174808966	0.436349983896702	42
-0.084493649654815	1.94518669129523	684
-0.026410067423531	0.893408457789339	684
-0.116124082468894	1.06399045998435	684
-0.076873149003024	0.648705767986765	684
0.091230758263221	0.470449181088585	70
-0.121480136145638	0.19652190193655	70
-0.085552753847552	0.425060808901698	1935
-0.094315562644712	0.684587769661014	1935
-0.097458805289776	0.547549987128826	207
-0.054904891896864	0.578653879956128	145
-0.120588450743308	0.202901816700143	29
0.114576125334825	0.971883883181249	42
0.072028094156497	0.734129662837347	20
-0.049900293180291	0.851559353762318	42
0.00262668239341102	0.33028241849571	42
0.089657204876296	1.68985203362168	142
0.013548701402503	2.4652353357783	684
0.101464770864548	2.06362039985028	684
-0.068499027031121	0.844039066992864	70
-0.0716048310672111	1.07899763622821	70
-0.015767622961345	1.01728473902629	70
-0.000290078696998042	0.327976123435365	15
-0.124536666565925	0.205616970479736	70
-0.12475238428933	0.190552142774941	70
0.00678824229757002	0.326388491662093	70
-0.074524451698739	0.77650775492935	1935
0.023138465630942	0.95642012877556	1935
0.0936453428381821	0.933882603736704	145
-0.0101399251529271	0.429607318697068	145
-0.047928256835142	0.760720811018019	145
-0.081688066654408	0.444233595609831	145
0.118376899102668	0.736756064485745	145
-0.019193979435685	0.417049977194242	29
-0.122395781391221	0.206681567866676	42
-0.0411136160159959	0.799130297675155	42
-0.041770826046528	0.789304472991508	42
0.00169313390068104	0.983158420858264	42
0.111377902720563	0.854311626483023	42
-0.079129902013681	1.26471943860322	142
0.038404940165031	2.31733026964569	684
0.00867659897584005	1.57087804341663	684
-0.00881368598372001	0.815476465275997	684
0.00465137637472601	0.590113760180268	684
-0.050964718989893	1.19446885520884	70
0.071321429213724	0.847015249459873	70
0.000627137553645962	0.572779591552887	207
0.059342810311028	0.850311695270041	207
-0.029279841469992	0.687962188970508	145
-0.053389024896363	0.590447258848544	145
0.00242063643343604	0.587379005608502	145
0.057622689798996	0.729001107595203	145
-0.021550137045929	0.698941398820676	42
0.00664821536729698	0.590982756323114	42
-0.019280784537749	0.781059667670131	42
0.119082332092934	0.747483844149611	42
-0.00555445902733298	0.553086391196355	42
0.12236538507683	0.846073650093174	42
-0.031106493982392	1.83786741490431	684
-0.122518037721962	1.31702712165649	684
-0.081314291413758	1.8269072030214	684
0.052551035810753	1.05673615696301	684
-0.11897825334774	1.09663882098523	70
0.00532626937302805	1.63139371080883	70
-0.000865446314477048	1.52627493571908	70
0.000950148576097987	0.802831638189333	70
-0.120588450743308	0.202901816700143	15
-0.115449538074519	0.292938913045973	15
-0.122729362829362	0.20187306156162	70
-0.089233353844033	0.566793578816307	145
-0.087988412802706	0.67418552569144	145
-0.069072068518918	0.83498249257272	145
-0.043934773350089	0.637378006842878	42
-0.045177572840841	0.574106791523512	42
0.123793788207928	0.734633182694481	42
-0.105339699584527	1.10138636549481	684
0.010014310659228	0.589132970283571	684
-0.094142113812093	0.911006960833998	684
0.103803307779837	1.22592036381347	70
-0.00932752629688805	0.30110439799515	70
0.0935635994220561	0.469802882673205	102
0.112446343633903	0.893456146704376	207
0.00577774426356303	0.585979838853594	145
-0.074583414803606	0.440896367623919	145
-0.014301962103794	0.449591765306355	145
-0.00195080028039596	0.582794113722166	145
0.065217845654746	0.612078976303918	145
0.113374680504477	0.865704557680114	145
-0.123789512691421	0.569499202628086	42
0.119937268733925	0.855032768152912	42
-0.027072193305353	0.687345021396674	42
-0.000743853527966021	0.581907695593371	42
0.00333850131846303	0.318524311832428	402
-0.046522923641853	0.578692800214995	42
-0.086875816800386	2.28457972921533	684
-0.101101534825769	1.1754211857773	684
-0.055378211683153	0.854919666705368	70
-0.049981470817305	0.578997230196827	102
0.027885252053892	1.17405191621228	72
0.034749429374361	0.947588350205111	72
-0.0922090339409401	0.557152485332422	207
0.059354166753527	0.689466299768342	207
-0.0000869034646709954	0.582403477675369	207
0.073248748025582	0.578378166650494	145
-0.00934170843618198	0.45492322671815	145
-0.095189479781022	0.553662777758805	29
0.083645445408981	0.45556148875631	2257
-0.04124043635736	0.808435403686475	42
-0.014624382119331	0.941658827264783	42
0.00878455258830202	0.723134478282648	20
-0.026041653988901	0.678615500261897	42
-0.111450290394253	1.8614824638453	684
-0.053465753186979	1.42281615268062	684
-0.097271835674697	1.6224916580092	684
-0.096275845904917	0.888658348362524	142
-0.000838807047821022	0.585532625058724	72
-0.123037124310935	0.291538953028874	207
-0.123646307210599	0.202693100319571	207
0.00237560898882105	0.320468397683853	145
0.0945741346597599	0.46049355905406	42
-0.032006713363371	0.676731027434683	42
0.107541780864795	0.861897041500186	42
-0.122210214768702	0.306541152822373	42
-0.122395781391221	0.206681567866676	207
-0.010847607207757	0.300505785190422	613
-0.124536666565925	0.205616970479736	145
0.019276219374157	0.819035709762563	42
0.10694747098929	0.938553715899832	70
-0.061916108542603	0.85990182580827	70
0.068899388897873	1.03144420758358	70
-0.0194071726312079	1.15055632140657	72
-0.120588450743308	0.202901816700143	72
0.00290202724062405	0.321256926493172	207
-0.12475670868669	0.302995586223995	145
-0.00139768319441103	0.326365269074333	145
0.00916381775683095	0.324219882716138	145
0.00401840114822105	0.320871978078715	42
0.0764812609028011	0.589102807379644	42
0.00693857749740601	0.317806962929199	42
-0.07289876116481	0.678518790272914	42
-0.083254094952257	0.426545220746689	42
-0.121480136145638	0.19652190193655	42
-0.000443060240173043	0.313922512845844	42
0.087818723724715	0.459397660093533	42
-0.028693406710782	1.02878301691758	42
-0.08055989150604	0.746567572542405	42
0.00178303378347799	0.318668004794255	72
-0.013684811338714	0.428022520870933	145
0.073273634812875	0.608631022962633	42
-0.124536666565925	0.205616970479736	72
-0.123978979030623	0.202441140232469	145
0.027500198223662	0.840416055958092	29
-0.061022695762588	0.682939095247652	42
-0.12183926934969	0.199117754874169	42
-0.079405046139686	0.443507005115283	42
-0.070381749939361	0.673406055326352	42
0.00678824229757002	0.326388491662093	850
0.057500851898506	1.31307851981697	70
0.052988577685086	1.17925794057207	70
-0.037247180140046	0.8063119408004	70
-0.066465900300721	1.0243715635112	70
-0.072415495701077	0.658572608270429	70
-0.049909267647769	0.941340677619655	596
-0.089353448808694	0.397524891208445	596
-0.122210214768702	0.306541152822373	72
0.00567393012471096	0.324821725710155	145
-0.076009899095245	0.43404955672217	42
-0.053574974585558	0.693420344978391	42
-0.057696863549743	0.879286132192263	42
-0.089474279839706	0.431479523195548	42
-0.068240330994218	0.431183332465598	42
-0.030137782102419	1.54065383146214	70
-0.083003322546798	0.687760545211578	596
-0.080415355093611	0.437109035764081	596
0.066092995848366	0.607618588554508	596
0.087847271339345	0.458840464412753	72
-0.059136730312746	0.571519558389382	72
-0.076409146406239	0.444506411267396	1072
-0.121079829457092	0.306461337324852	145
0.004745400942611	0.685715582344251	145
0.049703548621771	0.982243606059382	42
0.00141907797519703	0.589215543063511	42
0.0647095068415981	0.830743247721241	42
-0.033495180246202	0.702145202052664	42
-0.086489432482056	0.57939541531333	102
-0.045171496844122	0.925862596976852	596
0.072155017866686	0.748461937726032	596
-0.000132439797139949	0.43141710347543	157
-0.074583414803606	0.440896367623919	72
0.019905322416034	0.733044810508063	72
-0.123942869964188	0.659334893302726	746
-0.098438062694752	0.766765002726144	42
-0.041243631936658	0.654132316066873	42
-0.013814764407833	0.949424819520411	42
0.070409447230628	1.04770439947714	42
-0.043274568358163	0.567603029382195	70
-0.098263524146263	0.570376494182733	70
-0.049981470817305	0.578997230196827	596
-0.055844992314303	0.578717320653731	157
0.087762235839383	0.564256765183721	526
0.088870790294504	0.465858626375638	72
0.116827706033655	0.708911391337233	42
-0.106691957677127	0.800651594658498	42
0.098317546079248	1.61107036718647	70
-0.029206616299927	1.04242965477998	70
0.006380029726619	0.332098700403031	72
-0.123483302471992	0.306850987863111	157
-0.124536666565925	0.205616970479736	72
-0.053071503845463	0.584105931282687	42
0.114406984476683	1.24391382649803	42
-0.119808683231605	0.299135332137487	42
-0.010402245411136	0.437172408484212	42
0.107958743985398	0.991504786561999	70
-0.0154588462773611	0.439964597926673	70
0.064775622827585	0.931583758972726	70
-0.011791315364416	1.02280662601261	596
-0.027072193305353	0.687345021396674	596
-0.0362248941434981	0.694628423608515	596
-0.015132396524573	0.436529821864851	72
-0.00154835452424695	0.317077958755711	29
0.025037476267683	0.708583257856145	99
-0.081458002583654	0.442704712668486	99
-0.039848281871403	0.649344843027895	746
-0.00822425250849001	0.800358218136819	42
0.106558994352629	1.06410420505885	42
-0.089845260969789	0.688697541382134	42
0.094593326819251	0.466453397242953	42
0.071166797891056	0.591646694887096	42
0.123143400512456	0.724286741224838	42
-0.091175784914487	0.574623323620284	70
0.090038285779373	0.471425583731613	142
0.01167307454435	1.12207440439095	70
-0.032575809813187	0.891683661399108	70
0.0703154776575961	0.974635185313749	596
-0.122729362829362	0.20187306156162	157
-0.123978979030623	0.202441140232469	72
-0.12475238428933	0.190552142774941	72
0.053468699675491	0.896595769137343	42
0.00526664916119402	0.334388877016082	42
-0.047780350822478	0.580700518629892	42
0.067755616928455	1.16362321089373	42
-0.062132564969868	0.691878248477198	70
-0.079917561999621	0.431570290177342	157
0.0839966486245181	0.443924848693236	72
-0.00154835452424695	0.317077958755711	656
-0.023296346039737	0.887797296151209	99
0.00966945175643397	0.718278097020965	42
-0.011655387290886	0.449818065625604	42
-0.025831003829323	0.702492202555609	42
-0.077648060881141	0.442870823735797	42
0.061776464608308	0.585497895944454	142
-0.01215097125687	0.441066548556164	1056
0.094753217411233	0.457280923499122	656
0.084787600463105	0.450050304538	99
0.00885544136750205	0.710989878600915	99
-0.030601518004483	0.808680341324653	746
-0.098231852359559	0.750392554056506	37
-0.113565236164727	0.865359820411975	37
-0.1139725341689	0.763389907108628	42
0.025789966142901	0.814963878809291	42
0.122837711252128	0.768685563684145	42
-0.077765836940031	0.438128508052119	42
-0.039727629493842	0.781554714830344	42
0.119669288895022	0.715721971848964	42
-0.074380913562126	0.82188294146907	42
0.02690014630445	0.996069840965382	42
0.038447987055285	1.151145797344	142
-0.124536666565925	0.205616970479736	72
-0.052385166846261	0.577682605477385	99
-0.034972923869408	0.689836586233794	42
-0.048401803478466	0.570531596587729	42
0.00653654434209305	0.322084276760236	42
0.030816951333366	1.00983242411038	42
-0.00139768319441103	0.326365269074333	42
-0.110492876891167	0.800099046323773	42
-0.115706909594941	0.278525561246745	42
-0.123978979030623	0.202441140232469	42
-0.092367377758401	1.05329423948883	42
-0.0548678050702191	0.551100466599863	42
0.00374445169395499	0.331923496071961	42
0.023859787307506	1.99021113210399	70
0.053271280990189	1.54645739489024	70
0.00110214403078202	0.319012274326211	596
-0.12183926934969	0.199117754874169	72
0.00137255800035596	0.328960641569524	1745
-0.120588450743308	0.202901816700143	1056
-0.124536666565925	0.205616970479736	29
0.124518195584095	0.768943870264889	37
0.055452874831019	0.725149667933652	42
-0.124701871117199	0.289893301771933	42
0.122277870017531	0.748090063299746	42
-0.099875799200083	0.565814311797436	42
0.085839296065074	0.464928465157793	42
0.00882035095683598	0.698673219955031	42
0.00415061114213	0.33272994375613	42
-0.06711531815341	0.899072572844094	42
-0.016725341361391	0.440364369276597	42
0.080636182533368	0.426088787502377	42
-0.00904064413749694	0.881113674021012	42
-0.040630514990162	1.54563568844381	70
-0.065067373413901	0.833876926554712	596
0.018786701661024	0.813280208308	596
0.089246015081397	0.446265678379268	72
0.00274159978687605	0.318509220243848	72
-0.122210214768702	0.306541152822373	72
-0.123978979030623	0.202441140232469	29
-0.124536666565925	0.205616970479736	99
-0.00770768854064796	0.550533127483237	99
0.000251847046398024	0.326209238316887	99
0.070348477894925	0.829817475038029	37
0.020829134288973	0.710389302848526	37
-0.00589441611088304	0.798413080973256	37
-0.097050405227357	0.553512276802849	42
-0.099875799200083	0.565814311797436	42
-0.117036120465071	0.812495644061136	70
-0.124536666565925	0.205616970479736	72
0.00207886957200398	0.318025011347589	99
-0.052901007266011	0.574187871992825	37
-0.049784499047576	0.57347537893024	884
0.087028914880774	0.467124033318988	42
0.119088676632892	0.959933061065039	42
-0.038341963785689	1.54610015168251	142
-0.124070140586588	0.427018344040595	70
-0.012090328558461	0.453763982039764	72
-0.052535403214598	0.575204048150476	99
-0.0914815005691571	0.565862249070336	884
-0.035433573073822	0.684375736491538	42
-0.037977173043528	1.28851909392805	142
-0.033851769683194	0.646769608583206	70
-0.121220542468127	0.303899766161232	70
-0.09521183949383	0.553199950240641	142
-0.113772679930575	0.744562955938459	596
0.054956757129669	0.797760077038807	596
0.055170271203481	0.824210126147995	596
-0.088983004049789	0.428273004575901	37
0.101829952017964	1.04189997426638	37
0.00479282780384505	1.0890035358484	875
0.090038285779373	0.471425583731613	875
0.109055663103891	0.999173750429981	875
0.124518195584095	0.768943870264889	304
-0.00568340346938601	1.05797981769475	42
-0.109160829821229	1.05613100253615	142
0.071453745548169	0.881712315878646	70
0.055294758901181	0.836123018461539	70
0.113780637967403	0.839819029334283	70
-0.00134554187386604	0.436543138356481	99
-0.123483302471992	0.306850987863111	99
-0.078073256327798	0.802358369202016	884
0.00353326967866496	0.595280900518355	42
-0.0887559468182531	0.433828048599693	42
0.02563762169924	0.861408504994212	42
0.0605136652187031	0.568541646401186	42
-0.00919641777440095	1.0000380604779	70
-0.124895155938021	0.293152201168165	596
0.00249065073031596	0.328528115687303	596
-0.024398159575411	0.873326936443258	29
-0.049769352330089	0.872597515102118	37
-0.011360737956198	0.431214174183438	884
-0.00300492591773605	0.426627104878984	42
0.056959162532753	0.72997918224423	42
-0.00219222107162897	0.574804140085145	42
-0.072766127100273	1.12890400110377	111
-0.017672613031556	0.436015515064012	70
-0.096144064742655	0.665562308118232	1221
-0.076582513032501	0.440175814716462	1221
0.000962279875037053	0.326134141383306	1221
0.00670420010079798	1.10208357552076	1221
-0.036180017602061	0.65666697270293	596
0.117804436786912	0.7363587750649	72
0.067716851851708	0.603384811109859	1751
0.00907355607609495	1.06137948072831	37
-0.114177980405727	0.711940497549037	304
-0.09092214659202	0.415448702236333	42
0.028237764229588	2.35957700828839	111
-0.106417393188081	0.935294853817537	111
0.066222120955907	0.838494459388143	1221
0.020368721197912	0.829677621212488	1221
-0.017338958402226	1.10937209293584	1221
-0.028432120868263	1.02982204479608	1221
-0.017876604143816	0.435292759072605	596
-0.00206097748751	0.294811673993577	99
0.122837711252128	0.768685563684145	1751
-0.097225275193015	0.654811999777984	1751
0.030378097533852	1.01769749084828	37
-0.113145567395656	0.678961315671207	37
-0.033370843384874	0.678542127369229	37
0.060037592922118	0.559550926493983	875
-0.01392117436145	0.440151987513129	42
0.05654818619338	1.77327732944669	111
-0.123483302471992	0.306850987863111	1221
-0.033277876883164	0.705705695827441	596
-0.117656566826075	0.663815340091756	72
0.063760986939438	0.588235213203048	1031
-0.00923736050072499	0.452422772153253	37
0.101155398783244	0.96782874323956	304
-0.00339181693804502	0.428723367230233	111
0.00137255800035596	0.328960641569524	1221
-0.082912610907118	0.549114821998225	596
-0.092397599383557	0.566755193931242	1031
-0.014247384983325	0.438578051273302	99
-0.080815691331776	0.449106227787501	99
-0.003666108939123	0.594832407539753	99
-0.0816168772122819	0.434886907418001	1751
-0.080471562358997	0.436773986128897	37
0.010325975738434	0.723856421477853	37
0.097281231804884	1.159819294446	884
-0.122869709906192	0.668894285260785	884
-0.090238323425786	0.568153433069909	304
-0.124139041039513	0.571856741939809	42
0.083400616879736	1.10053590394221	42
-0.095571124027742	0.657082447490147	42
-0.066970501029706	0.849932066345355	111
0.097174095058759	1.85676441307849	111
-0.107063786657248	1.46963082188576	111
0.00249065073031596	0.328528115687303	142
0.118319318446834	0.906440444754122	596
0.016194913151913	0.721169302590464	1751
-0.00196353921984105	0.318980374769638	37
-0.075817679669798	0.444078227944289	37
0.104088103763946	1.0385305326216	37
0.086003290460427	0.445346671416681	42
-0.007699611353717	0.814429671425365	42
0.108051372819674	1.06195080084661	42
0.0957442613473209	0.928589350643832	42
-0.018809959638991	1.8242475657815	111
-0.070405392638609	1.81690607537537	111
-0.064993079035629	2.45537487139653	111
0.073795133189751	0.859823849531475	1221
-0.015332661762386	0.808161141884155	596
-0.10199925964778	0.562516967846371	72
-0.00713261408745203	0.439679666523906	67
-0.04077838708283	0.665938011757579	1751
0.109751227529981	1.06753894376644	37
0.0615250878903451	0.712690866235324	37
-0.033056003994046	0.690438518400144	304
0.04275965971239	1.0044399022873	42
0.078620570109023	1.32768534937629	111
0.012190296765866	1.12353992613201	111
-0.043096430358941	1.70441338547007	111
-0.057224708631453	1.84034099808818	111
-0.026174111388941	2.11779674969076	111
0.015594653112073	1.41419184562334	1221
0.041477115584219	1.2794080190904	1221
0.0848118278723931	0.455255762151463	1221
0.032625484476316	0.943111620617859	1221
-0.116713812805184	0.299734645919669	142
-0.0775628947374	0.846276375915246	178
-0.022273855186447	0.897734608175914	178
-0.112548408640592	0.74435862805514	142
-0.0568425907093531	0.852182701690423	142
-0.099867361449035	0.658897958281504	596
0.014875383336024	0.729536652297984	242
-0.100707464653487	0.566167102172644	67
-0.0537950155696481	0.581482675937015	99
-0.00196353921984105	0.318980374769638	37
0.090179740570745	0.455322255262454	37
-0.00184042954146602	0.987262058036417	37
-0.00813243631517002	0.45469246983488	304
-0.084352814806863	0.437309733903862	304
-0.030472566306374	0.687368501231528	42
-0.106038419299669	1.2500379052912	111
-0.023874954950547	2.22290496917538	111
-0.085665374957858	1.65804890533707	111
-0.108357060886396	0.967646252933286	1221
-0.067375362568709	0.693777240730938	1221
0.063107742397323	0.58045182017796	1221
-0.050857285216801	0.81666650899992	142
0.053344456664069	0.896221500775186	142
-0.085938564389243	0.430994077312337	99
-0.0696491796323651	0.423726191504753	99
0.065678670800818	0.587502160631471	99
0.019027928317858	0.72741824513712	29
-0.101942792062502	0.559966763002299	37
0.0903944535828139	0.460251587558155	37
0.094950103184552	0.448315312561756	37
0.074482179098971	0.739479505749757	37
0.110292690856695	0.845817719970558	37
0.116273429223253	0.984286654539211	29
0.00578660083068205	0.594637073267619	304
0.018629047357226	0.799657434309821	42
-0.090519484302132	1.78947132919969	111
-0.112608629810502	1.23939209287971	1221
-0.034012566373393	1.54691168510029	1221
-0.092545059910684	1.22900294625414	142
0.028055610514033	0.995492578136094	178
0.00526664916119402	0.334388877016082	596
0.100332067937139	0.45319432419977	596
-0.123646307210599	0.202693100319571	1312
-0.077932160395193	0.438344271527436	67
0.00374445169395499	0.331923496071961	67
0.114690843006959	0.876005979914971	37
-0.110105927760396	1.03646051813605	37
-0.01044723221636	0.452644667395625	42
-0.050857339790908	1.97388334970804	111
-0.121654736184575	1.47138336419227	1221
-0.046940723222254	0.888743199799118	1221
0.089038007449075	1.20384137269866	142
-0.017775745085108	0.439833012481217	1312
-0.081458002583654	0.442704712668486	67
0.012854666465731	0.584128482143366	99
-0.00869180941854797	0.559220469157646	29
0.011762600598109	0.894097788931211	37
-0.012715229210581	0.441179022344809	304
0.071333807347387	0.605445738463536	42
-0.030900357295218	0.704461463142601	42
0.00532448953626197	1.49582229398021	1221
-0.066834846142489	1.36109250904393	142
0.048678270478661	1.09166954477066	178
-0.107299171386122	0.713169188039136	178
-0.0140239580550801	0.527705233801534	178
-0.012715229210581	0.441179022344809	178
-0.00371443775982505	0.438375089454556	1312
0.000251847046398024	0.326209238316887	67
0.092373534988159	0.470771760675862	67
0.0851634731226289	0.44216964590324	99
-0.118992484997713	0.197314502650746	99
-0.083990599583502	0.448611196453509	99
0.090179740570745	0.455322255262454	99
0.017733150541998	0.70811110185489	304
-0.123567792161461	0.420570644383606	42
0.066171953804921	0.581731091484831	42
-0.093477966711035	1.21423115019812	142
-0.096539595691398	1.18805095703307	142
-0.03567278202294	1.36366977675148	142
-0.057273101430292	1.35527429033606	142
0.000251847046398024	0.326209238316887	178
-0.00932752629688805	0.30110439799515	1312
0.100304025466439	0.436387938357153	67
0.084696053929289	0.448414818911191	67
-0.065509855044826	0.533736204475187	99
0.106350375464202	1.37838007845903	37
0.0539100077500691	0.812824034561847	304
-0.028462483251173	0.948869819198782	42
0.00012005491360001	0.320963863006981	42
-0.108627784103637	1.1196377024975	142
-0.05522654472836	1.05539199663812	142
0.013445690900315	0.725594514887562	178
-0.09587538816743	0.548375948924242	178
-0.014027435981199	0.433958463304357	1312
0.0878778478491929	0.444500779568952	67
0.0935635994220561	0.469802882673205	99
-0.120032727766206	0.65538167738298	304
0.059728602403584	0.739548755471875	304
-0.100445726122336	2.15159064636215	1221
-0.021085691962775	1.49752529895345	178
0.061372170449028	0.731606681944535	1312
-0.00802576869430105	0.449203309765561	1312
0.013526012490186	0.566827059049789	1312
-0.085867735203391	0.427245014657787	67
-0.037096634266195	0.780601902898404	37
-0.059953382202384	0.928640718450799	42
0.119635368200303	0.743894361607262	42
-0.091519431070152	0.689307549087656	42
-0.117555477220172	0.75601044660162	178
-0.124536666565925	0.205616970479736	178
-0.123341858102446	0.303766749764013	67
-0.123646307210599	0.202693100319571	29
-0.066388516971394	0.77695459472799	37
-0.119243258526321	0.296419808464062	37
-0.00529264667523799	0.320041618550794	304
0.017532012339713	0.557993452372145	304
0.092746105451827	0.462157696187919	304
0.00122591233540703	0.322510250149983	42
-0.105916705684981	0.822419075413934	42
-0.03294810752508	0.79239364574275	42
-0.012216635024633	1.1531895793075	142
-0.123978979030623	0.202441140232469	178
-0.000157537104510053	0.326550597011606	29
-0.063212072123864	0.693125989297691	893
-0.099135811048975	1.9198259099281	142
-0.10863654928873	0.730075585184996	178
-0.123709753480805	0.296875223377148	37
-0.124536666565925	0.205616970479736	37
0.0194343467224239	0.982493983624625	29
-0.123978979030623	0.202441140232469	304
-0.123287732674727	0.199948384911517	303
-0.068666128528428	0.977050737648634	178
-0.082684908540304	0.438813764153869	178
-0.00638706568548397	0.579181885554691	178
-0.014027435981199	0.433958463304357	67
0.00207946548274596	0.322728191473227	67
-0.124536666565925	0.205616970479736	67
-0.00492121382305899	0.586953734478016	29
-0.026677954855698	0.708830531635418	29
0.066876183027442	0.836776473788852	29
0.029326564753395	0.900260345906461	29
-0.064128519644969	0.79471126739246	304
0.062104016763198	0.737378045378678	304
0.006380029726619	0.332098700403031	42
-0.123299847817815	0.294675392011566	42
-0.00139768319441103	0.326365269074333	42
-0.070368060468794	0.427237224014083	303
0.071618794460182	0.613031327712526	178
-0.014352941787079	0.429485997343831	8
0.089013460641224	0.458516039791108	67
-0.117554964661109	0.289361155250591	29
0.068560782881857	0.609867513765337	37
-0.00505568767090303	0.564741373042628	29
0.00239361428192197	0.583461186094461	29
0.069704210750171	0.602302458604095	304
-0.00751269840304703	0.452114790483384	42
-0.081826461081228	0.554982980358178	303
-0.00681895571684399	0.312095506310858	893
-0.058962959735822	1.68971039245175	178
0.088986204632535	0.45617804769818	178
0.065674873360944	0.585709148151299	178
-0.119808683231605	0.299135332137487	149
0.00542662323568499	0.31345790777126	29
0.059342810311028	0.850311695270041	29
0.017568398910479	0.806484760643274	29
0.068064126496494	0.963196001044024	29
-0.121220542468127	0.303899766161232	42
0.124391498668837	0.724982958672945	42
-0.084822788890317	0.434556962244349	42
0.088174984019388	1.03072931862431	303
-0.098858228355345	1.30780427724038	178
-0.100163470839279	0.65912720745691	178
-0.114107747537924	1.31385007654879	178
-0.0986858736878919	0.809095716172341	178
0.064897169275858	0.922803282066956	178
-0.049752960809467	0.571115476259509	149
-0.116713812805184	0.299734645919669	42
-0.013821804776688	0.439024887911275	42
0.00789989567931404	0.324271281853468	42
-0.000682536794555988	0.433452664603022	29
0.00262668239341102	0.33028241849571	29
0.091562444043084	0.460046507201486	29
-0.026130002645487	0.68799998102097	303
-0.009311033058229	0.889960164673039	303
0.00313672521074704	0.590538295061313	303
-0.071871373624365	0.783290249613099	178
-0.025499009150723	0.840972635752278	149
-0.056410468232013	0.548630626086634	8
-0.00459749137118204	0.562396746315315	67
-0.057880989171937	0.58033184427206	67
0.056103775464832	0.516827980877982	67
0.121179852490378	1.17505945543924	303
-0.0614523362934311	1.35464277546201	178
-0.114337370735313	1.04608431460689	178
-0.01379715537631	0.424786712651973	67
0.089013460641224	0.458516039791108	67
0.103674433920481	1.2230080140694	29
0.106188458825259	1.09453173647865	42
-0.060956293817177	0.676078687828234	304
-0.123341858102446	0.303766749764013	42
-0.030034938613947	0.701460683607003	42
0.063862859004478	0.952660896301856	303
-0.12037455224166	0.29796468124416	29
-0.077765836940031	0.438128508052119	29
-0.00825576772447201	0.876301183148403	29
0.09006446502752	0.464926123560993	42
0.000251847046398024	0.326209238316887	148
-0.122067468325911	0.296576891369718	42
0.046427450306038	2.47875934491176	178
-0.054763165129553	0.556202794156813	80
0.077113441861656	0.424561333781512	80
0.00178303378347799	0.318668004794255	741
0.006380029726619	0.332098700403031	67
0.00415061114213	0.33272994375613	67
0.00567393012471096	0.324821725710155	42
-0.037581275277799	1.12031372962718	29
0.053504278913163	0.818890098513976	1048
-0.082526065840554	0.442412018656841	304
-0.00934170843618198	0.45492322671815	42
0.032326049090199	1.19460184194003	178
-0.094307887659022	0.536053615922716	80
0.122164537027509	0.726745778114104	80
0.087847271339345	0.458840464412753	741
-0.120588450743308	0.202901816700143	67
0.00542662323568499	0.31345790777126	42
-0.122210214768702	0.306541152822373	42
-0.074752290321243	0.440088185391823	29
-0.083475308482726	0.572523746095525	29
0.060053655187792	0.746788173561756	1048
0.00150675333958095	0.581759857169748	42
-0.096134820333451	0.680274484736616	304
0.028504228074644	0.703801320423266	304
0.00374445169395499	0.331923496071961	42
-0.013821804776688	0.439024887911275	42
0.123512885002922	0.85455143528035	303
0.081446386196983	2.40410050559013	155
-0.122203122536018	1.53057667322745	155
0.105579338217534	2.45188087959628	155
0.059176219849947	2.07551221022055	155
0.011100801684563	1.82537469462549	155
-0.05458356758452	0.939341630871265	178
-0.00883587282087905	0.434382773871185	80
0.08700706524656	0.466389712073119	80
0.073863318584198	0.590732891747444	80
0.00676679369284605	0.677265804587885	80
-0.011475461412365	0.421538678522278	80
0.071618794460182	0.613031327712526	67
-0.119108042435158	0.301608734287381	67
0.00290202724062405	0.321256926493172	42
-0.082841309658119	0.427805249606064	42
-0.0154588462773611	0.439964597926673	42
-0.0668455807342791	0.668423483129893	42
0.073046311431773	0.608188515732995	304
-0.101829285575449	0.666375188261493	304
-0.00180665278778103	0.319627117607723	148
-0.124428481088515	0.556307900353684	42
-0.00347242607694998	2.44319495293948	155
-0.00260598681097901	2.12895770823731	155
0.08491299805477	1.55690520635418	155
-0.107246989329878	0.537683714455516	178
0.092257904979303	0.450112501680263	42
-0.064141708232763	0.75366941117491	42
-0.083118753569856	0.443991137044635	42
0.033607486263412	0.967984488533725	304
0.051632641556123	0.696501766727526	304
-0.0835065350894	0.429251830273163	671
-0.00592341570145305	0.586911263477236	303
-0.061839092999716	2.07378940759848	155
0.00866638682440202	0.923046139666041	155
-0.00823683596581204	0.452044880027493	42
-0.033638052030224	0.654245452710068	42
0.101224284557718	1.08039429234403	29
0.112020916396068	0.875198988811549	42
-0.09288884633178	0.650042554907284	304
-0.032671259112404	0.857580278870604	304
0.00319400520171798	0.314234541102156	42
-0.123646307210599	0.202693100319571	42
-0.124536666565925	0.205616970479736	178
0.00471892356735104	0.316421905557557	80
-0.102213154227441	0.712744802868837	42
-0.066460827979078	0.694310875106622	42
0.00778661468054898	0.900204302307111	42
-0.021455805339761	0.687711440707564	42
-0.123978979030623	0.202441140232469	148
0.000418543945066019	0.432627615604324	42
0.104507736366965	0.847599908870227	671
-0.00100846676775701	0.563164707047633	303
-0.12461657087116	0.304058194527798	438
-0.0978591811467851	2.17545463142553	178
0.093912943661674	0.457697434312836	178
-0.000290078696998042	0.327976123435365	178
0.00360611075897799	0.325057825982307	178
0.091931374599128	0.428377127643493	80
0.09239713705338	0.471915434291117	42
-0.122729362829362	0.20187306156162	148
-0.00180665278778103	0.319627117607723	148
0.098475655468809	0.438568869022189	42
-0.00472437864053399	0.554543939931869	671
-0.000296419849376006	0.441903051639426	178
-0.015353337640996	0.439478621951263	80
-0.086048940362172	0.427426663323895	19
0.00290202724062405	0.321256926493172	42
0.00194311381349099	0.975081973620645	178
0.00182041354937401	0.604468113113384	178
-0.123978979030623	0.202441140232469	80
0.0839966486245181	0.443924848693236	290
-0.00813243631517002	0.45469246983488	42
-0.00418028214440802	0.322704336250723	42
-0.044024372972852	0.624555621672931	42
0.076646690766635	0.739089541792704	42
0.00911240060686602	0.724789867085907	42
-0.00922469279923	0.786766216657089	42
0.00317545933482599	0.433391098278495	148
-0.123646307210599	0.202693100319571	148
-0.052446659133371	0.593160939079606	42
-0.017672613031556	0.436015515064012	303
-0.119568757784823	0.671064858861737	303
0.062360399843676	1.44132065756118	178
0.0935635994220561	0.469802882673205	721
0.00567393012471096	0.324821725710155	42
0.073442507642815	0.942343044173141	42
-0.00196353921984105	0.318980374769638	42
-0.024361136364545	0.392686275326156	42
0.102549646684411	0.428321259138971	42
0.070389459082207	0.59616552370432	303
-0.014317216921064	0.64418025538541	438
0.080657237277984	1.32431993369027	178
0.02067261453102	1.41306739507625	178
-0.122395781391221	0.206681567866676	42
0.00137255800035596	0.328960641569524	42
0.00274159978687605	0.318509220243848	42
-0.00134554187386604	0.436543138356481	148
0.121706889166722	0.730685463369548	438
-0.090778139883725	0.557600476646374	438
0.0238007709411761	2.22632459561917	155
-0.03947960773175	1.05012620937725	178
0.0931885122374539	1.57726775843787	178
-0.047009555926483	0.758891143186821	178
0.00678824229757002	0.326388491662093	80
-0.123483302471992	0.306850987863111	80
-0.011507569429138	0.439776950093596	42
-0.095198277981554	0.570998232635251	42
-0.00154835452424695	0.317077958755711	291
-0.085262911323793	0.575380837137817	291
-0.00365949893365802	0.450326345135724	291
0.070986065465658	0.601734489498786	438
-0.082440166594603	0.419569954079411	438
-0.094732791867963	2.06458304281759	155
0.095781116851253	0.465518158937373	80
-0.123978979030623	0.202441140232469	80
-0.122729362829362	0.20187306156162	108
-0.12183926934969	0.199117754874169	108
-0.100137496517737	0.755478364536206	42
-0.0355414998114451	0.694274215637405	42
0.112341320590554	0.979126532687449	42
0.087028914880774	0.467124033318988	42
-0.00305174319097301	0.433208176132982	42
0.087818723724715	0.459397660093533	148
0.00122591233540703	0.322510250149983	291
-0.012173668395723	1.03812155618897	178
-0.00919346581084302	0.433341630760723	178
0.00401840114822105	0.320871978078715	2350
-0.054904891896864	0.578653879956128	2350
0.014981836093231	0.915286773512476	42
-0.050699442963001	0.872473950785948	42
-0.121371183904407	0.292980801492944	148
-0.122395781391221	0.206681567866676	385
-0.08564106891951	0.425551580014069	42
0.00415061114213	0.33272994375613	19
-0.084483734695746	0.428826877849778	42
-0.00529264667523799	0.320041618550794	19
-0.00707805502750003	0.449352356388047	291
-0.122351290626792	0.306770937597158	291
-0.084304345868957	0.567504316460446	438
-0.078998470757478	0.442321922322484	438
-0.00282616873727204	1.12234748186722	178
-0.00235257625434504	0.299781565804103	385
0.085312260715133	0.43254992215212	108
0.00262668239341102	0.33028241849571	42
0.083645445408981	0.45556148875631	148
-0.108706993602288	1.40607768359732	178
-0.123292505237109	1.60908169881137	178
0.00526664916119402	0.334388877016082	42
0.03048079572448	0.995677039686515	42
-0.08612724539114	0.439502279185514	42
-0.122395781391221	0.206681567866676	148
0.00567393012471096	0.324821725710155	148
-0.000615380210783001	0.429304839595743	438
-0.071579587658209	0.435927802781494	438
-0.000994233615772	1.57130930276044	178
0.0912058680022479	0.472902810675194	722
-0.12475238428933	0.190552142774941	385
-0.120588450743308	0.202901816700143	108
-0.118822861457701	0.295951929434269	148
0.086651334625274	0.459725622021526	148
0.091598308266899	0.448274670912283	438
-0.092477022143159	0.789905026065246	438
-0.094253408983802	1.36655240113493	178
0.068661994887926	2.40090128098781	178
0.092257904979303	0.450112501680263	564
-0.12183926934969	0.199117754874169	564
-0.064870714512728	0.683876912142587	2350
0.057236089092784	0.719285694534478	1927
-0.096467467103223	1.54558878530872	178
-0.057341111211463	0.5655574465305	178
-0.00813243631517002	0.45469246983488	722
0.088547402988721	0.438583879363404	385
0.00542662323568499	0.31345790777126	722
-0.00823683596581204	0.452044880027493	368
-0.124536666565925	0.205616970479736	385
-0.124536666565925	0.205616970479736	619
-0.052360504836086	0.550184992460455	2350
-0.036290656720373	0.803238415862707	219
-0.123483302471992	0.306850987863111	1927
-0.006589125043716	0.965402087384762	19
-0.014301962103794	0.449591765306355	385
-0.123341858102446	0.303766749764013	722
0.093425576099902	0.462276792316144	385
0.08700706524656	0.466389712073119	385
-0.120927573714385	0.742814283805719	2350
0.072040084029773	0.607321763401269	385
-0.013195820186944	0.454790224010527	19
-0.081296680063244	0.443527968748281	19
-0.082533048625598	2.00519108932597	178
-0.121711193086556	1.06217594427988	722
0.0534685079206561	1.35517650908339	722
0.112622461816543	0.992129362280597	385
0.00708595171998405	0.56307387393167	619
0.122254456185995	0.718344392197773	19
0.067507710715136	0.614307330347771	19
-0.060837294481674	0.677195136933462	19
0.107121574963722	0.751235550572591	1061
0.068092124384636	0.588695220802034	1061
-0.042895348130919	1.19377271768788	219
0.015643463197239	1.07579570206659	19
-0.104528788759414	0.746664164736528	438
-0.000123173432316048	0.973254268533834	219
-0.056296265917552	1.02969743339806	219
-0.01360182525132	0.6817826306789	438
-0.041122615339609	1.26648566009132	385
-0.00505568767090303	0.564741373042628	385
0.00547169367343803	0.57787655497922	385
-0.079347610272611	0.441073030727643	385
0.077568421129432	0.602909906787746	56
-0.120648882133428	0.666132631300348	1755
0.097458843185762	1.19275520256903	1755
-0.078304448479895	2.37902149511206	385
-0.111178105057203	0.815243205220483	108
-0.008512199043054	0.830443077376179	385
-0.048771355942934	1.03713858210179	56
0.06880944865046	0.958173231019083	19
-0.101881487367364	0.793485391386926	385
0.105339848022671	1.21440408138894	385
-0.119391499561873	0.696587426398493	385
-0.00876930536486698	1.15049335267267	385
0.07286693586685	0.948134877449559	19
-0.098088470822346	1.01818815393716	1755
-0.0715565755343091	1.08823712641386	385
-0.061916108542603	0.85990182580827	219
-0.06521630314196	0.920770040576379	219
-0.002093884425168	0.581498820608316	1061
0.0239307489037101	0.888740909775685	56
-0.004762723112678	0.453138522725804	56
0.010683317584914	0.728916239691587	219
0.079760424233879	1.21733313903408	19
-0.0645653155975841	0.694700490392781	385
0.1139010103076	0.857611156299016	56
0.025901781501113	0.993220011782324	56
-0.00640952380921001	0.441045287380719	56
-0.085813915419198	0.427325300301842	219
-0.118832554279903	0.286341597671654	219
-0.066106350477094	0.83929246962512	1491
0.120975586607567	1.15743581629494	19
-0.0920999231230289	0.768964446814106	801
-0.11709073257713	0.760185261281668	1755
0.099248800395771	1.01114690691214	385
-0.035863277185718	0.812848737415637	385
-0.098528159571474	0.663152809436182	56
-0.09553404010129	0.682666190134307	219
-0.073008917475125	0.785573954569578	1491
-0.03523694460852	0.661471479591496	1491
-0.063572204493117	1.6391836316693	385
0.00415061114213	0.33272994375613	1061
0.000659546280154966	0.306004958990428	1061
-0.117978386454228	0.300003929732599	1061
0.06066724915147	0.943753035884087	56
0.093566901703923	1.27426646145942	56
0.063520950607236	0.831866639207482	56
-0.123341858102446	0.303766749764013	1491
0.095619876039889	1.1499023405119	385
-0.088720990352669	0.661139177611586	1491
-0.101942792062502	0.559966763002299	19
0.068064126496494	0.963196001044024	801
-0.069759964419417	1.02744147390058	385
-0.06960630873619	1.26610377887609	385
-0.085867735203391	0.427245014657787	56
-0.121145653824998	0.202606753467576	56
0.065903855016867	1.00991140342949	56
0.043450931474311	1.1069851857668	56
-0.0487238651709579	0.580006797335599	56
-0.115727721003297	0.285480302087554	219
0.090378353654585	0.446827336974578	219
-0.088241571053352	0.431336478921844	219
-0.026557074869617	0.697478682254593	1491
0.107307819139034	1.60304134433871	1491
-0.017775745085108	0.439833012481217	19
-0.017567199961826	0.421416624618901	56
-0.04472815109316	0.572980448760747	56
0.0935635994220561	0.469802882673205	181
-0.091228468072357	0.667000437435403	56
-0.116798832465192	0.787154264904612	56
-0.088069378758775	0.850879801091022	56
-0.00241008924630703	0.599093491535226	1491
0.043532023199097	1.16452566403168	19
0.103953244507698	1.22388743753621	19
-0.121127239622513	0.879497308904428	19
-0.053916416906447	0.552429623525252	801
0.118732496925024	0.859886573515881	801
-0.062529981565049	0.914191599361729	801
0.00875988577056797	0.315638605131044	19
-0.00168825796080296	0.315526219729151	56
-0.074603450548996	0.426288137406983	56
-0.080390544161869	0.438687520611173	56
0.056293246378169	1.11254713780403	56
-0.053333094901902	0.947491202930219	56
-0.120238977315936	0.29994852930166	1491
0.072740727509976	0.827585782322509	1491
-0.086962763127262	0.885563549854945	1491
-0.115030747320312	0.670755088502167	1491
-0.0611102118356181	0.936955702653005	1491
0.039435873193247	0.96017392327263	19
0.022843615848945	1.79006273997554	385
-0.080330616333844	0.566074330593059	56
-0.110361935780083	0.796503616605849	219
-0.120675631341598	0.656020481335661	219
-0.0439205754952901	0.576951220208697	219
0.010506585524993	0.897856306476587	1491
-0.118734376437539	0.666136696828534	1491
0.105728908237671	1.13623399799617	1491
-0.118901858716476	0.745748098232566	19
-0.023377687927197	0.94888928091703	801
-0.118992484997713	0.197314502650746	181
0.0378517306177391	0.946697132090852	56
-0.047847750829416	0.9923404158658	56
0.070704778289084	0.869848152686114	801
0.00930744212410906	1.31403893401412	385
-0.123037124310935	0.291538953028874	56
0.087847271339345	0.458840464412753	56
0.023905069411537	0.843213668999128	56
-0.01923387041451	0.889518177390221	56
0.122837711252128	0.768685563684145	219
-0.092509176751167	0.826078121971448	1491
0.00342185961473696	0.580081768274072	2101
-0.122210214768702	0.306541152822373	2101
-0.122729362829362	0.20187306156162	56
-0.021061109626902	0.881396198998731	56
0.00137255800035596	0.328960641569524	1491
-0.100008894226052	0.633285643111532	1491
0.123893394898287	1.18172649752255	1491
0.102275451513232	1.06607320032322	801
-0.11776722642112	0.74600087234539	801
0.00693857749740601	0.317806962929199	801
0.04578792274452	0.976709563520345	385
-0.00215268548871606	0.600064936645885	56
-0.00179870645305802	0.892223184809904	56
-0.08022919131267	0.443819061369121	219
-0.031124026905596	0.79346126327114	1491
-0.0588503246004271	0.694845849238551	1491
-0.122263647691652	0.660267169940169	1491
-0.0206475683644231	0.68777704295487	801
0.097282928019164	1.16253438970155	385
-0.120091065148554	0.29619589094664	56
-0.0265255643843459	0.944342405394299	56
-0.006972418577465	0.578125249726463	219
0.0657805557283641	0.746711200516268	219
0.059666617284688	0.586829003590366	1491
0.031157517719698	1.01358710011611	1491
0.117147191092753	1.22227485599456	1491
-0.097882895246702	0.673971361577107	801
-0.015616837463841	0.691506418101364	801
-0.117268223594612	0.677392624504052	801
0.067692775472706	2.35192477173168	519
-0.0285157007035221	2.03590844689786	385
0.00393920997395403	0.318437082164588	56
-0.031746256998251	0.703982917528621	56
0.071250263642535	0.605741157941376	56
-0.016459942393994	0.434665183834462	219
0.075853839748591	1.34591051923004	2
-0.062314248406398	0.736593121300598	801
-0.091876267785	0.68071881174174	801
-0.07620909124611	0.431257334416067	2
-0.121624637326055	1.8673837806607	519
-0.0551755301536599	1.21986659632295	385
0.116985107357726	0.876183850042066	56
-0.082526065840554	0.442412018656841	219
-0.01440776529003	0.451901892455741	219
-0.028722526243559	0.714318097652927	219
0.00916381775683095	0.324219882716138	1491
-0.0961500826709259	0.559150628494986	2
0.028782965976574	0.881633189746633	2
-0.08264621378189	1.12672181095588	1491
-0.029732485805131	0.695080560885444	1491
0.068956551797535	0.606195159742321	2
-0.119683725731293	0.654386304491647	56
0.071581159228262	0.747194095584949	1491
0.113041010283339	0.856190021532646	219
-0.096387799533334	0.769643228446275	219
-0.083088982415778	0.432669058147874	1491
-0.015171570079455	0.800317623750338	1491
-0.086235665051667	0.881457778361811	2
-0.124423828193064	0.297298211192496	2
0.093501553774052	1.14766971762632	385
0.088174914303176	0.464340321863489	56
-0.085813915419198	0.427325300301842	219
-0.035514435349301	0.776224096378008	219
0.065849945902838	0.915883652385387	1491
0.065748602354533	0.836985468377803	2
-0.067081270044925	1.11004718516799	2
0.019525844406897	1.06769082088123	2
-0.04683393860342	0.788592212655179	1491
-0.07685793622599	0.660106669768919	801
0.123143411369632	0.737728568432182	56
0.061937170418486	0.563870120870947	56
0.00932971206755695	1.32572901366195	56
-0.0596706512995711	0.697008491427074	801
-0.064258384100277	0.54621840841612	2
-0.1160217975087	0.667991875426564	2
-0.098027888520981	2.10415556036563	519
0.076425928264156	0.837031394654819	219
-0.055751471029478	0.68549648922446	801
-0.0329800767563579	0.670526833943739	801
0.016194913151913	0.721169302590464	2
-0.07918376431659	0.439949895478888	56
-0.00183442768827602	0.43317391513342	56
0.03725489362125	0.837228034145255	56
0.0470848620664031	1.09117773870385	56
0.00662000414366104	0.307624098202617	1491
-0.014891517259162	1.15776387345749	2
-0.052129657843823	0.591480139852359	56
0.061436059346671	0.727003510972826	1491
0.006390835261608	0.584140883829406	1491
-0.10373629583866	0.950342874648036	2
0.061104979424838	0.697954458131374	2
-0.071154548015794	0.78619185846129	801
-0.084958240166447	0.563379140822658	2
-0.0949108291720751	0.680997262904447	56
0.075010250774961	0.932118001804149	385
-0.000566711291225985	0.315176423071765	1491
-0.03434599662181	0.694864593318886	2
-0.055241543325484	0.699359961907302	1491
-0.120238977315936	0.29994852930166	2
0.032688039220799	0.817380890853436	56
-0.094550967117806	0.674605305783256	1491
0.093685965897617	1.12136638628487	1491
0.061042042067481	0.911060512510925	801
-0.023261999078094	0.717096436367767	56
-0.00529033782771005	0.86134888954739	56
0.065903855016867	1.00991140342949	385
0.073345942476815	0.838418765310367	1491
0.0174034963	0.691744516123433	1491
-0.050477098040383	0.871508145305122	801
0.120593570480019	0.873976939978384	2
0.0984257561906901	0.953139964944368	2
0.00608711180478405	1.10731259414556	125
-0.119181965929779	0.673850471993773	125
0.022570306060024	0.804837964846356	125
0.00237560898882105	0.320468397683853	125
-0.119338029272473	0.199061320289736	1491
-0.026905964227921	1.34069600146418	2
-0.100317131179084	0.670471040252187	56
0.083472998790246	1.09866505962338	125
0.056373750502416	0.724839012780714	125
-0.059346976842678	0.673691160322634	1491
-0.111663173874282	0.655750844323045	1491
0.0694877006335291	0.933662704645562	1491
0.108051372819674	1.06195080084661	1491
0.112359528580623	1.04986454262899	1491
-0.121079829457092	0.306461337324852	2
-0.0830904112206961	0.41838076080588	56
0.097687393493075	1.31158033035157	125
0.124292423941503	1.17538264238635	385
-0.0892998684770751	0.580856544975177	125
0.058610812770707	0.577787858106318	125
-0.093871702690553	0.573082982617663	1491
0.0959185581983199	0.451735958393053	1491
-0.121852510643806	0.657632269173839	1491
-0.095993990984915	0.914604371961234	1491
0.020941098487711	0.823365387519772	1491
-0.124523301314011	0.714827170346662	125
0.062358773139345	0.743127691549162	125
-0.106877519285571	0.802673879336088	1491
-0.0949472530922339	0.522299466787503	1491
-0.065124961817573	0.784768451510495	1491
0.032058042803891	0.828316376607596	1491
-0.00381211388383396	0.566811432542665	385
-0.038490014849541	0.851097748556284	125
0.021400989273192	0.804003498705476	125
-0.0950277966731921	0.85357597461339	1491
0.00270720161823601	0.984509033101868	1491
-0.064018881426343	0.658375828174717	1491
-0.000988485987893029	0.313432633015754	125
0.089042748585666	0.446952221106767	125
0.011473666014918	0.923618116833259	125
-0.119783324281587	0.796535822815751	125
0.074484002920026	0.586875447626904	125
0.108561016570087	0.943156288382837	125
-0.00171627663937801	0.439399967670986	125
0.120170884681407	1.30939106659384	1491
-0.051954361288295	0.574889503080327	125
0.098752242470372	1.46876094335646	1491
0.018183136469897	0.795769782357168	1491
0.11416419872915	0.970922208913291	125
-0.098792806938652	1.01395548562005	125
0.111457800086378	1.06284612809679	125
-0.073941615274958	0.771827739251516	125
-0.015634740954846	0.817249716440476	125
0.00916381775683095	0.324219882716138	125
-0.000692593100062977	0.675946314353199	125
0.080636182533368	0.426088787502377	125
-0.053073103533362	1.09162511231678	1491
-0.053622675853355	0.946459054723845	1491
-0.094793938571015	0.658194873076643	1491
0.0658588766313331	0.586437374657803	1491
0.056075510958001	0.784798956656881	1491
0.059458786630171	0.734926842001573	2
0.085427878997598	0.438763953586946	125
0.021262315990029	1.17404006043843	125
0.066234474702586	1.4046073901475	125
-0.121324502965304	0.296809851206214	125
-0.00139768319441103	0.326365269074333	125
-0.00875482914702797	0.960870228319667	125
0.110228914316697	1.20847220142204	125
-0.052663747633911	1.00795505121505	1491
0.026188515311653	0.912123701068914	1491
-0.081944831231978	0.926031144444354	125
0.120939948324299	1.23896500385297	125
-0.020699890615556	0.389879268582751	125
-0.034704762245464	0.793379836627237	125
0.11309190426012	0.817675545514163	125
-0.11408016226631	0.789532923349024	125
0.122252309957368	0.879724792766778	125
-0.05246500015278	0.865596189789205	2
-0.113639484878651	0.752514006186331	233
-0.036609560623569	0.655866015546887	233
0.067869937003089	0.589892043749941	125
-0.087908814310094	0.82669938134211	125
-0.00358625344180497	1.3030159899912	125
-0.123433714786052	0.924913111824799	125
0.055551061126305	1.12609114424414	125
-0.07471336270488	0.804967820888906	125
-0.095778570919224	0.579395036670169	125
-0.064145914658169	0.699315408873533	125
0.074924822331399	0.731592587217619	125
-0.032292897243233	0.824728870125571	1491
0.0947847140838291	1.96906506664467	1491
-0.086800147244667	1.01652630835218	1491
0.073747149163198	0.744710472469085	1491
-0.050786248819563	0.976353308288065	1491
-0.096593844335755	0.758802041879236	1491
-0.056755779641543	0.685941338512514	2
0.000746187622937988	0.877794380826236	125
0.073613230382008	1.39391504455218	125
0.041793446137967	1.22566341008461	125
-0.097997295352885	0.757962263282818	125
0.000794269540984049	1.14931427055415	1491
0.115964620207067	0.853929583003439	2
-0.099583870039009	0.526810560087663	125
0.089042748585666	0.446952221106767	125
0.067041917148676	0.607758366503809	125
-0.104669557957948	0.755000050483429	887
0.063985258437106	1.05143066080272	125
-0.099629624754657	0.551686201699299	125
0.083645445408981	0.45556148875631	125
-0.12461657087116	0.304058194527798	125
-0.066556133927211	0.748782013921496	125
0.098743825959666	1.08355358508682	1491
-0.000572642924053013	0.79702297155258	2
0.0148349455528221	0.572889337825134	2
-0.089529189496644	0.685488834919982	233
0.062177951195716	0.843596135965227	125
0.109043885386497	0.947072283266341	125
0.028597245415899	1.21213546331092	125
-0.034941357715692	0.833307545446171	125
-0.058287913928965	0.567378476002354	1491
0.072601905928899	0.959175731729012	1491
0.100694954377274	1.26311083503084	1491
-0.046463549750568	1.33368082357838	1491
0.041079291023887	0.938739574601954	2
0.038758731267896	1.02552939508674	125
-0.00265632193985799	0.317445775435134	125
-0.066237787028491	0.662167498275824	125
0.088276779454581	1.31943536427281	125
-0.11798040584453	1.13858030633007	1491
0.068018778912552	1.22188196045528	1491
-0.0648058155825531	0.693031306253939	1491
0.060518600796745	0.735156937450138	2
-0.035367922108256	0.679030896224262	407
0.00320930128298402	1.10055950742882	125
0.072089043426728	1.06212863897815	125
0.047674868833129	1.08691970512318	125
0.122858997206205	1.6469792013204	125
0.072777272621095	1.26160851880983	125
-0.066847108985604	0.838940009193053	125
0.072091983048384	0.917286572180258	125
0.039185945478162	1.15437064831974	1491
-0.053704614551392	0.588771282631255	2
0.018391000430273	0.97590239686799	125
0.00460546637485604	0.591700259922086	125
0.017428931320242	1.25204709411346	125
0.028710076719817	1.09178364880433	125
-0.071224081910209	0.648421269913629	125
-0.013215198165218	0.80900811930143	887
-0.028297445060939	1.03773309312403	1491
-0.088067653985928	0.8420059723192	1491
0.07080755486305	0.724808287083963	407
0.020296676237448	1.1446793640904	125
0.075108832192512	1.82532377815184	125
0.00988112866178104	0.67034061082554	125
0.064069990952615	0.573007854898386	125
0.017182232215309	0.712938082363082	1491
0.015208309203843	0.731826983505612	1491
-0.034668542560615	0.939256094436158	1491
0.014294701442249	1.18744097310144	1491
-0.054369062670904	0.564333235014217	407
0.061621878114375	2.24574647332125	125
-0.014018663632868	1.09835686481496	125
-0.08068794676785	1.09057133566557	125
-0.00851384272213596	1.28568988086468	125
-0.042300416966223	0.828483403598948	125
-0.037452113648724	0.656086893282303	125
0.105814812781366	1.09385379780603	1491
-0.091335525519848	0.686927521729836	1491
-0.119578511624571	0.75655827979595	2
-0.015346134538741	2.27233357878371	125
-0.084454116157279	1.79949414748433	125
0.112867916566596	1.61090498345729	125
0.00608571532981495	1.48384485719993	125
0.00786542485036401	1.37060393421394	125
-0.072747622197518	0.961118293935168	125
-0.073346154005404	0.671648490570745	2
-0.091193854788235	0.83350129570804	2
0.094593326819251	0.466453397242953	407
-0.093800078237628	2.3840523966693	125
-0.013323406536577	1.1648537206431	125
0.062069591345517	1.1331320029565	125
0.096511931342268	1.28174324372187	125
0.058181223471426	1.32152932980187	125
-0.063996115541894	0.924515611487127	887
-0.045390643782256	0.957460022227161	1491
-0.033060570047559	0.951459495822789	1491
-0.00318786545991601	0.572339274454382	1491
0.121863918043137	0.761568343814639	1491
-0.062494748327721	2.20347725498975	125
-0.062863652786966	1.68744897765572	125
0.049239118046882	1.61751324437887	125
-0.031170079606428	1.6631223389959	125
0.056644016746456	1.64816612815447	125
-0.062714855526867	1.46021874166054	125
0.113081270411482	1.94969577016448	125
-0.035932834674315	1.08799768327691	125
0.000557272119944052	1.11770865875352	125
-0.00936091686121199	1.11326428159362	1491
0.118820433965546	0.884785550429537	758
-0.124781641152774	0.669148243687425	2
-0.105020737226073	0.922054542321102	2
-0.0430614743354431	0.79540930804927	2
-0.011515699474456	1.40170261504127	125
0.069159714384725	2.09642350182058	179
-0.01124409560078	1.38502688020473	125
-0.041155145037205	0.859496707352205	887
-0.056403960841146	0.693647596644397	1491
-0.00461928572825499	1.10516458670116	1491
-0.0874614214457879	0.95564574463784	1091
-0.027577894249423	1.04220856667084	1091
0.055170637240343	1.09620219197282	1491
-0.005630048294202	0.898657455390036	2
-0.072079486877327	0.653988175699824	407
-0.0381581352788271	0.879067759681557	179
0.042050576112767	1.95723781654408	125
-0.050803343057707	1.44313895211565	125
0.077412012130486	1.84629852819457	125
0.06183661727726	1.74435398103095	125
-0.085729916435901	1.28296682365532	125
-0.11553422287588	0.758959541402822	125
-0.092039079001995	0.566531850202161	1491
0.030219049006612	1.0807699282662	1491
0.00349224949904203	1.08226168513345	1091
-0.017471370226012	2.39599711980427	125
-0.109606012095535	1.2046924951025	179
0.033970272906341	1.62174643697246	125
-0.070813337494186	1.21211266992733	125
0.0348532414618949	1.09914763325657	1091
0.017647731196677	1.15534534651145	1091
-0.012712667781114	0.818801145240773	2
-0.00554560427800699	0.975247514452936	2
-0.017427233227386	1.42214597075557	125
0.0817336202679601	2.22113338752691	125
-0.103528727653859	1.95296826652824	125
-0.115043413301703	1.3885737500939	125
-0.011067607764383	1.82182451044232	125
-0.00728151496312901	1.65822370231997	125
-0.032810526147568	1.08403555979614	887
0.0598626027596581	1.32674046859362	1491
-0.076506363113539	0.857314849540664	2
-0.073795694194198	0.971778090389394	2
-0.050688172868507	2.47698239775014	125
-0.093545677290946	1.94117353142366	125
-0.083981539310481	2.24177630712706	125
-0.017376371488929	2.3997790370117	125
-0.027439558430966	1.32564470146411	125
-0.058483937426163	1.20396414389501	125
-0.06926872481253	0.759383470007024	887
0.00784009515870099	1.562268174409	1491
-0.106360653653127	0.639748964041243	1091
0.073947408244496	1.05447274050513	125
-0.0964592181824741	0.575509658576079	1491
0.0912058680022479	0.472902810675194	2
-0.00497605061106499	0.576653221716492	2
-0.06261412910202	0.764405630272283	125
-0.05414005749792	0.764265098277498	1491
-0.00913074260003399	0.442223271422967	1091
0.00515001649992397	0.692370001038482	2
-0.012952989140672	0.780425158503852	2
0.01185355872953	1.81343467483086	125
-0.0369073487636959	1.51905627929631	125
0.095497999230324	1.6817105834036	125
-0.081321120281515	1.06885254601054	125
0.019781403045985	1.04440887245847	125
0.026363095662322	0.829890917037912	53
0.114061700569964	0.858588673012556	2
0.062806535541905	0.953890962268222	407
-0.118441609333973	0.740712711478971	1491
0.00309477605988995	0.971829074990387	1491
0.00485956488016603	0.329679738407149	53
0.028065332571915	0.864765620097749	407
0.100946308116908	0.925317450520225	407
-0.098582830439732	0.574095327879981	53
0.0701981343618821	0.605596060665115	53
-0.053095367926134	0.914336143866265	283
0.00999690451721502	0.725353686105926	283
-0.08487078961967	0.428463793797113	53
-0.00850339974664305	0.44618694582227	53
-0.042496357284452	0.951298267281555	283
0.031285026264972	1.00090081903231	283
-0.124423828193064	0.297298211192496	53
-0.000273094852130007	1.33393524242072	407
-0.099855120176295	0.863547377268379	407
-0.11201164927955	0.951477688870384	283
0.056684173782085	1.06680961738204	283
0.057148832343318	1.13185965524206	53
0.00216851393161199	0.579142030509193	53
-0.0208866928902131	0.668925262808774	53
-0.089593120284822	0.562951712384019	53
-0.049565954398309	0.956198463078198	407
0.014059115379661	1.32776624601967	407
-0.093481946251783	0.825711649459064	53
-0.09545231461693	1.16643066103821	53
0.093160979911968	1.26472204651241	53
-0.01955152092566	1.06502741888119	53
0.026067439985562	0.908126237331178	53
-0.0515719053118801	1.50093623569126	53
-0.121626404311986	0.884908405745695	53
-0.122245900281205	0.882050878276748	53
0.018717694209853	0.864594229475616	407
-0.071776731003011	0.958433916505467	53
-0.058763334791926	0.921097996101942	53
-0.023043888058919	0.979402520665167	53
-0.098729151774096	1.01117649461713	53
0.049896957050141	1.18300686196317	53
-0.05581363909058	1.07405954625031	2
0.030753268439945	1.40287066472723	53
0.039957597620408	1.35395075784326	53
0.086679967562785	1.77715299593656	53
-0.114417293636339	1.17614502683024	53
-0.030547570863726	1.25697265341377	53
-0.00202530164945003	1.35701956683921	53
0.075911227696661	0.607269281069709	2
-0.070796779358388	1.2831326930151	53
-0.023895716265416	1.37452065988587	53
0.055626103870761	1.40598847818061	53
0.00239361428192197	0.583461186094461	2
-0.122210214768702	0.306541152822373	2
-0.046571040498632	1.37263070877965	53
-0.00040515326333801	1.45812834485719	53
-0.056361612041203	1.06719290278813	53
0.018183668503531	0.709489825739173	2
-0.104346284844838	1.76837106305477	887
0.070575937190692	1.44738410368062	53
-0.117183847869955	0.888988979476403	53
0.01935674474297	1.15619196849007	53
-0.113755711914152	2.13468346802013	887
0.012831231010041	1.23650474987042	53
0.119308104382084	1.5726046997969	53
-0.097162595714295	1.03880051576048	53
0.017363778144156	1.1536329506092	53
0.009841419820663	1.41468681082351	53
-0.03692582874256	0.991566843639824	53
-0.021810448429237	1.15922979278964	53
-0.120375311539914	1.03003449716029	53
0.096447806039578	1.38995964992378	53
0.073861190479352	1.01058173960603	53
-0.019380329865076	1.15215963092022	53
-0.092935484771616	1.02190210932046	53
-0.081840053704606	1.37846570517964	53
-0.0180096820492101	2.13990202659828	53
-0.05812205772392	2.34523752940145	53
-0.075587080974616	1.66844385509793	53
0.081252888567702	2.2850162915615	53
-0.057215247229514	1.21913812190587	53
-0.0242279280108439	1.26806587049656	53
0.0451282409143831	1.39913503071539	53
-0.0907177985790431	0.874283519247307	53
0.048433758436394	1.79017277003949	53
-0.037710507815548	0.987455823949397	53
-0.021598224060294	0.693908601994754	53
-0.100205119098812	0.873954650467502	53
-0.083307293903755	0.946394234149457	53
-0.00581175889266905	0.897830019927906	53
-0.058177609870795	0.859128516873421	53
-0.0195546078725209	1.16325702682754	53
-0.085545473914663	0.667833080644232	53
-0.0906139500665249	0.685963894148986	53
0.047662670568094	1.2162928371757	53
0.075917239216216	1.03404993313529	53
-0.016978663583067	1.16895339648542	53
-0.086300095118608	1.9422998025496	53
-0.026937981926234	1.51736520967319	53
0.02338830739988	1.17385230983837	53
-0.080579863585192	0.90586474830943	53
-0.0641931043847101	1.01509540310316	53
-0.062198591320471	0.903186982025382	53
-0.120504248312329	2.48012812563709	53
-0.103448041533404	2.29056933329338	53
-0.050139377034491	1.68394004458464	53
-0.039934822620799	1.29445095305792	53
-0.094508900613725	0.756462921083195	53
0.084032733588819	1.34473627884943	53
-0.050693720445552	1.02848283130796	53
-0.064578089919577	2.16932754495898	53
0.024773699416894	2.1247918890873	53
-0.0666006145288231	0.807521427030013	53
0.0574370902954881	1.12365066140754	53
0.119203275556333	1.23540045966573	2
0.062418646659157	2.0239281051095	53
0.029168989567527	0.912936145521885	2
0.03685032976189	1.58752966731126	53
0.098335872935051	1.80599040602917	53
-0.06240435160977	1.21059244559365	53
0.095854501198796	1.06140781287361	53
0.115903479367018	2.15910970046219	53
0.109103055402106	2.31314957248448	53
0.026758817558272	1.79801370808523	53
-0.119420700859369	1.04236331676018	53
0.038492654920206	1.62088523281936	53
-0.061481802219181	0.867212843122237	53
-0.029236154426326	0.710390087472005	53
0.046264570061534	1.42192519970478	53
-0.00139285906100906	2.23023183785976	53
0.095916154059376	1.14640586523775	53
0.065883673032812	2.06857716178288	53
0.053294541238769	1.46465813334344	53
0.068113160016502	1.46395285848692	718
-0.012966646981193	1.72284063634072	53
-0.106592601476082	0.897445918004	53
-0.114800273950245	1.11056473131054	53
0.05702550866328	1.1403192164902	53
-0.122130854801857	0.79528721348178	53
0.00352220218914201	0.566552780227928	718
-0.113639484878651	0.752514006186331	53
-0.015922569593762	1.4509076691196	53
-0.093966160173552	1.87949228899544	53
-0.082574732753682	2.26706018953866	53
0.094825076885829	2.13425124773207	53
0.06134586743985	1.65182689997325	53
-0.0347787414227591	1.32442811192157	53
-0.054647778353666	0.586088740454921	53
-0.055991873336228	0.933731385472971	53
-0.124469420694193	1.53679888683272	53
-0.109442658196522	1.0960996069965	53
-0.059529233064306	1.39224812808065	53
0.084853433791954	2.02398225671288	53
-0.11335231608402	1.19190002198959	53
0.060088783153063	1.73819101776491	53
-0.000184452425691983	0.444447807192559	53
-0.086741468342038	0.906504867078429	53
-0.021069984419785	1.5391870717094	53
0.025779483098227	1.28408564176891	53
0.074168161702605	0.845439286336042	53
-0.0748450556861689	1.40093395394925	53
-0.0626439773829221	2.32702840676805	53
0.114623847503129	2.46410781940869	53
-0.0403346186511761	1.89976796709977	53
-0.0941575058977689	0.67137465311877	53
