x	y	clickSelects
-0.09296163184436	0.467523780469435	279
-0.10306526308278	0.448981523185475	218
-0.0974461899839301	0.474113478007243	633
-0.0957856613336101	0.477728056382184	116
0.00369484837390699	0.642712849475021	329
-0.00129430756308002	1.2073466238387	329
-0.08420890927116	0.893012533379881	279
0.00613754749141304	0.613177237950805	279
0.116448827977136	1.00653671910576	218
0.118235483817221	0.972674803461913	218
0.02027546505023	1.05766675782088	218
-0.11378810692902	1.42748347143653	218
0.048391711860937	1.09772929979992	218
0.029332816233378	0.727540250804052	127
-0.0820070223207201	1.15891816264319	127
-0.00253285209817	1.28275009712564	66
0.0669857579673721	0.769852867379201	2279
-0.09175415559317	1.13204214326928	71
-0.0000983160676699679	0.991881508988467	71
0.059105350086563	0.827292903597036	33
0.082617043115674	0.822512206694528	33
0.061173590596205	0.794668729819481	33
0.082472797702485	0.784337992061525	33
-0.096902421779	0.465714266463174	293
-0.09799094176694	0.445640349875179	293
-0.06166623580608	1.17209870167224	46
-0.08722319860334	0.902338566852723	10
0.034445108276918	0.75393430328094	10
-0.00817102567566996	0.962104794705645	7
0.063253519703561	0.820557025137375	7
0.076404279702235	0.878654827152604	7
0.102658244648242	0.926673459886066	7
-0.0467081329182799	0.564211260599411	7
0.038593889717717	0.724816598091681	7
0.075378104778043	0.863915649976827	7
-0.0872222022263001	0.458704578400995	7
-0.00448139775241008	0.649177480008214	7
-0.0896352697527101	0.473987491495537	7
-0.0455579951639	0.560957115681622	7
-0.0327247090902401	1.36119750715611	116
-0.0467081329182799	0.564211260599411	16
-0.0477386085701501	0.549349431425698	16
0.00369484837390699	0.642712849475021	256
-0.00325281397729005	0.624966934125001	3
-0.0828320251533301	0.862792708645238	3
-0.0842832980375901	1.09215179237283	357
0.038815724320447	0.722377053697474	582
0.0979965820356	0.911459996169328	329
0.116236831609448	0.974169688954678	44
0.022569333697002	1.07088267185797	279
-0.0138900399005699	0.606230682803565	218
0.084984202773557	1.21413968782108	218
-0.0467081329182799	0.564211260599411	218
0.111300776578294	0.983288593169033	218
0.086516709380867	0.859062579657309	218
0.002661877784921	1.00948959948105	218
-0.03653609211213	0.513764620725898	218
-0.0421602797052301	0.972253769474733	127
0.069853264710662	0.852627982545445	127
0.0334824284052661	1.47750394056595	127
-0.09584161832209	1.16137170386877	66
-0.000133272760860059	0.662857840443435	71
-0.0372556029290101	0.919380830947418	71
0.035317271133942	1.42163062259326	33
-0.00389214897561008	0.992659385460086	33
-0.04211143566089	0.938463850293788	33
0.063764491423027	1.10655566121399	293
0.090337467968756	0.924073567676207	293
0.061599197654494	1.10246265452901	293
-0.01177399327477	1.00384379174625	10
-0.04135978670936	0.952711876205694	10
0.048224828337427	1.51621262256428	7
-0.0882779666561999	1.5786526222637	7
0.050663595813612	1.68505622935022	7
-0.0912979172117801	0.473002093574455	7
-0.04239594315427	0.992204918781973	7
0.053185565272321	1.57548179364844	7
0.062134919890588	0.770092551710498	7
0.043769989580331	1.06567913446059	7
-0.0912582094141501	0.884625031057093	7
-0.0818048798462801	1.09721248065477	7
-0.04574907362547	0.55425675814768	16
-0.00491226666784006	0.64457235121002	16
0.057098862070141	0.809674763844312	794
0.04123141876253	0.710992508960589	126
0.03368526763971	0.686739627266405	357
-0.03571689847253	0.960747929694515	279
-0.00313769139295994	1.01665715335388	279
-0.0941261860321601	0.475602896245786	65
-0.0042349871243299	0.636110324462439	57
-0.04739135768527	1.27827329150259	33
0.055013245154531	1.71890757003911	33
0.040661637781504	0.711335303756872	33
-0.06908960085404	1.66594538224394	293
0.000101795966207963	1.53468102130541	293
0.060590307629859	0.986900884477772	46
0.072360739551915	1.19320564776996	10
0.04401211756196	1.38562035159166	10
-0.0504049423419199	0.543510359624849	7
0.051720803730769	1.33756541710017	7
0.111696781310803	0.954681832807127	7
0.045026601058396	1.11046685066402	7
-0.00165583986745999	1.49296724578128	7
-0.00908143341560996	1.03934441650933	7
-0.05141033933846	0.568944781891497	16
0.033744648066437	0.717977497697561	16
-0.09296163184436	0.467523780469435	16
0.059703413251519	1.24585238085872	16
0.035835156043886	0.726323377506587	126
-0.06674814285537	1.59441345218251	126
-0.00680114405765009	0.651146489696312	357
0.01131337731435	1.03889271924508	582
0.121939742168383	1.14956152812456	329
0.055268195663658	0.779575203543102	44
0.040444374265554	0.695004823351398	218
0.00927482564855897	1.04020053108919	65
0.092086969440714	1.33995060853717	65
0.058935297264238	1.47759271298003	66
-0.08889640359859	1.19190380575205	33
0.123163372487294	0.913055386781284	10
0.013543113550224	1.33013557817578	10
0.112592255874003	0.980220171171052	7
-0.0241785242685999	1.74798247708999	7
-0.00461587315070999	0.660864117419466	7
0.020232462882159	1.08763492203716	7
0.00776505737862698	1.46130951138545	7
0.046953469040341	1.39984439076603	7
0.00294689828299399	1.67545177476522	7
0.084049791102477	0.865192801269806	16
-0.0493822882681401	1.41335589228193	357
-0.0371236429903301	0.93779901320019	357
0.00492387976235698	0.639733714659151	357
0.054491841254081	1.03063081336506	357
0.095712609722225	1.34243703036052	582
-0.00967778846440992	2.09887607939682	329
0.031321526405419	0.737233697578921	44
0.021857865950435	2.21451346827726	279
-0.0492504047483799	0.559130158062595	218
-0.0500274753415599	0.57372796915115	218
-0.0424928734175001	0.53125608489108	218
0.027985284997103	0.731726257363063	218
0.0586772965496291	0.790528637601714	218
-0.00352415347485002	0.659751569934609	218
-0.0762579730523101	0.857769475523871	65
0.00276374340239305	0.96519399667859	65
0.059889039397284	0.804817193981613	71
-0.0924249755392099	0.46122583660099	46
-0.04092630996266	0.538037127741975	39
0.0514532254629519	0.792885954847411	7
0.005583241743501	0.930612301411909	7
-0.0922570448975599	0.460976707716774	7
-0.00194914756374009	0.977506200327876	6
0.045256864016591	1.43128659947311	6
-0.0817960691770201	1.86831269731408	16
-0.0501462378441699	0.571811321146784	256
-0.00352415347485002	0.659751569934609	794
-0.10140677720548	0.449355703025477	3
-0.0339885809132601	2.16918973027237	329
0.0689269427345141	1.04448032644098	44
0.111462539624073	1.71865499262396	279
-0.12269597425866	1.49216706458053	218
0.074101945907904	0.847376407677053	65
0.031095953831209	0.740577136824338	57
-0.0450910796692601	0.955013186129021	71
0.055043429154387	0.823725136512412	71
0.062585308853562	0.801105004945647	33
-0.0427529984322901	0.983465309614505	10
0.01904329292674	1.05653193089106	46
-0.0869983088248101	0.89116385508225	46
0.054459600524476	1.56571191045162	46
-0.0296781787087099	1.93132414865271	7
-0.00461587315070999	0.660864117419466	7
-0.0512928982366301	0.575164026889131	16
-0.0896352697527101	0.473987491495537	16
-0.0941261860321601	0.475602896245786	441
0.036369157469668	1.32867171172364	16
0.042537351069739	1.08209725444444	256
0.046334033971162	1.10728219630202	357
0.049197954025775	0.764897063244368	582
-0.08207442730229	0.850472020552083	582
-0.03584507028711	0.92120495214898	582
-0.05886769654405	1.88123740618434	279
-0.0548491037208301	0.530433455835988	150
-0.10030041299074	0.460148928800768	218
0.00601281865161596	0.633532676439481	65
-0.00191064047066991	0.641856131488695	66
-0.0500274753415599	0.57372796915115	71
0.081581083514105	0.8545861573463	71
0.091439602411173	1.21192991457313	293
0.088456792152895	0.914389710100256	46
0.061730884734799	1.14575906774275	10
0.075380046410487	1.20050630917401	46
0.000269593604421026	0.640114044829504	869
-0.0829498867666201	1.54758135269319	7
0.034923424318786	1.08683821193122	7
-0.11072303314622	1.54513615980985	7
0.038392733919638	1.30027157614644	6
-0.01272712122441	1.54555866979503	16
-0.08278119085009	1.16031707102907	567
-0.0939117489132899	0.457714841559401	3
0.08309689395105	0.836216914208509	373
0.075061647005277	1.92150864425765	329
-0.04111100881908	0.986580384250981	329
0.061341496019523	0.825839503455749	106
-0.0957856613336101	0.477728056382184	150
0.00448134316719895	0.629652649078333	218
0.054091087661207	0.824775059600268	71
0.037778762728707	0.738121420324799	33
0.074990073890512	1.18797427125118	33
0.001647216963651	0.611147353069891	39
-0.08557511988935	1.17104286331638	770
0.105937621812585	0.916200341494168	7
-0.00899828367617994	1.13946286694237	7
-0.00730320367924997	1.00112629482029	7
0.039276651769741	1.04528000999253	7
0.023335499504741	1.05460577138093	6
-0.0912979172117801	0.473002093574455	6
0.082348942864479	0.849412690728084	16
-0.04437652048694	0.562163410054643	256
-0.03936841997853	0.977187281015886	674
0.023795321793621	1.05970578195139	66
-0.0525586110780301	0.572250981491134	46
0.042681648320962	1.49633656822721	6
0.080055414418075	0.834855441515736	3
-0.04783473185597	0.534930471702725	567
0.034189290542228	0.69693814027168	582
-0.0525586110780301	0.572250981491134	329
-0.08037576532244	0.419275733472213	279
0.081588154016335	0.892000291654458	218
-0.05473396025403	0.554834876255793	218
-0.09076115626131	0.462113942218127	218
-0.0924677630366499	0.463866464916371	57
-0.0896352697527101	0.473987491495537	33
-0.0896352697527101	0.473987491495537	638
-0.0538246133321101	0.564624262324319	115
0.00478230595770601	0.636459178172812	10
-0.04197889721599	0.532285323822813	430
-0.0564240726158001	1.41901217057846	770
-0.0957856613336101	0.477728056382184	256
-0.0913556715458399	0.447109114242901	71
-0.06019796299612	1.92003025100396	770
-0.0922570448975599	0.460976707716774	7
0.041067083468972	2.4145857124063	7
-0.0048873541488601	0.61839895377161	6
-0.0441670859836101	0.554084333321905	116
0.051124935380146	0.804392797257638	126
-0.09017312384262	0.45534180700655	567
-0.03398377126721	0.931082672560258	44
-0.0477386085701501	0.549349431425698	150
-0.0868512355722599	0.452713644079009	2016
-0.096902421779	0.465714266463174	65
-0.0917152196017399	0.460275021999994	115
0.00852859031424003	1.21959789946472	33
-0.0896352697527101	0.473987491495537	46
0.064356651438765	1.15042508845021	370
-0.0525586110780301	0.572250981491134	6
0.034216993891851	0.750870287289168	567
-0.0546170860463899	0.558500464119768	36
0.026582300613411	0.712656280841265	44
-0.096902421779	0.465714266463174	309
-0.10361603097923	0.450410822944881	33
0.054314832918655	0.789700855066326	46
-0.0957856613336101	0.477728056382184	770
0.106518978999174	1.34260930503046	116
0.024114725217544	0.661946474294842	218
-0.00815731504164008	0.636352486766199	218
-0.10119323141012	0.437206258884438	218
-0.0487623429238799	0.567341166883756	261
0.00299009196141797	1.01642053950453	46
-0.02387550993233	1.25955054081373	770
-0.0481449108213201	1.65677453867363	6
-0.0912979172117801	0.473002093574455	16
-0.09337007517516	0.46227128383205	16
0.063301755693004	1.12964370050342	12
0.100528330428598	0.881287787846327	126
-0.0924249755392099	0.46122583660099	357
-0.0169979847189801	1.00618631678363	137
0.122054583069011	0.998953634605065	267
-0.0899067459034699	0.804834022805056	106
0.0569211381150559	0.82152569193657	891
-0.0957856613336101	0.477728056382184	65
-0.0533573041148501	0.553960076078413	65
0.0852969395105	0.871595743096053	261
-0.0941261860321601	0.475602896245786	261
-0.11366508196569	1.52567826478778	46
0.081405143452065	0.872831712178402	6
-0.0895881102817699	1.50692204553486	6
-0.0224661751221	1.47136683070936	6
-0.0887491043084001	1.30685053113046	6
-0.0924249755392099	0.46122583660099	16
-0.0924677630366499	0.463866464916371	441
-0.0885116487812501	0.456184286801699	3
-0.0390855905512999	0.962812915916424	373
-0.08888026990326	0.457840071173562	150
0.034780614697786	0.715673226878273	150
0.107902892218124	0.865958804682958	891
0.062933032039794	0.741297698378927	218
0.026383053581299	0.73719770289957	218
-0.04092630996266	0.538037127741975	65
0.0288775306031001	0.727245919280222	65
-0.0890984073023999	0.458554063451706	261
-0.04197889721599	0.532285323822813	57
-0.0455579951639	0.560957115681622	57
-0.00135882668888998	0.645355651418867	115
-0.0446490292917501	0.937299791342857	46
0.087930478522106	1.21025215608121	62
-0.0501112131750101	0.538284761793941	39
0.000128729487463009	0.632280602658713	16
-0.00191064047066991	0.641856131488695	16
-0.03905336003223	0.52233638410379	16
-0.0957856613336101	0.477728056382184	16
-0.05117376019158	0.55701780791661	12
-0.0460482544174099	0.949637777997737	267
-0.05347552992674	0.555400916079688	218
-0.0894147853994001	0.451584122037335	218
-0.0107638936504499	0.642772904699261	65
-0.0890984073023999	0.458554063451706	65
0.109275339179848	0.989272685836282	65
-0.08362368189784	1.16785942924275	46
0.122107775322423	0.938458308895905	62
0.018196192543949	1.05850343548883	24
0.00134170348750096	1.23705874877805	6
-0.08631317201125	0.457519105693769	16
-0.0435721617895399	0.558263069819362	441
-0.0835798549145199	0.873944020504085	256
-0.0468273848285801	0.560212678289747	3
0.104386535052012	0.861294610129759	44
-0.00844153963628003	0.649674660178523	106
-0.0890984073023999	0.458554063451706	106
-0.06001554517051	1.19486363154079	22
-0.0411600081303001	0.543972876458801	218
-0.0569312249867799	0.514355763916076	39
0.0407914161270591	1.35134186818946	770
0.063544693083359	0.802227493687671	6
-0.0912582094141501	0.884625031057093	6
0.058058208870381	0.809021166042885	16
-0.0957856613336101	0.477728056382184	16
-0.08631317201125	0.457519105693769	239
0.070521917606866	1.19229620282524	12
0.089942271637839	0.804323597597776	126
-0.0468273848285801	0.560212678289747	3
-0.0885116487812501	0.456184286801699	1012
-0.0890984073023999	0.458554063451706	106
-0.09296163184436	0.467523780469435	22
-0.0872222022263001	0.458704578400995	1174
-0.0985641369041199	0.462372711198344	218
-0.0459890416186	0.542884852335981	690
-0.0512928982366301	0.575164026889131	33
-0.0434570864321999	0.547533966432391	33
0.067165291553056	0.795056024771842	46
-0.0952417642797501	0.46370004938593	46
-0.00697273601805004	1.04294857918601	1703
0.00177536233735398	0.975281964299525	520
0.070226366123859	1.10613397724933	662
0.0519605596826021	1.04056964754737	662
-0.10948347154267	1.45230813374884	6
0.010713258888599	1.65107683325172	16
-0.08631317201125	0.457519105693769	16
-0.0896352697527101	0.473987491495537	12
0.092172659962569	0.920569025835959	12
-0.03818903941609	0.919789586435123	126
-0.0441670859836101	0.554084333321905	126
0.0978529086918391	0.932107894069441	126
-0.0912979172117801	0.473002093574455	3
0.000508875745415027	0.607926747508614	44
-0.0546170860463899	0.558500464119768	106
-0.0479791159705401	0.563448784402162	261
-0.0912979172117801	0.473002093574455	261
0.069504526871341	0.857916595864919	33
-0.0503375469259499	0.53866373761794	33
-0.0941261860321601	0.475602896245786	115
-0.04186329933151	1.14596746077868	770
-0.00844153963628003	0.649674660178523	770
0.044563876564333	1.10677367283729	24
-0.11229434580692	1.53932196276028	6
0.087246977069633	0.831796673343376	16
-0.05947752246736	1.59203994232012	12
-0.00461587315070999	0.660864117419466	12
0.029951940034322	0.720927801664426	256
-0.0912979172117801	0.473002093574455	882
-0.000676710791039925	0.633451906392598	126
-0.08631317201125	0.457519105693769	35
-0.00461587315070999	0.660864117419466	36
-0.0428970230916501	0.538049455296452	33
-0.10085249064917	0.443610954467705	33
-0.0855651880702799	0.45518361508974	1069
-0.0533573041148501	0.553960076078413	46
-0.08420890927116	0.893012533379881	39
-0.0095343964941299	0.644534943788171	770
-0.05347552992674	0.555400916079688	6
-0.10938856473097	1.47512803609802	6
0.047687908505034	1.46414699063251	110
-0.0604225165474099	1.38396711621641	16
-0.09006140366036	0.449424605342317	576
-0.08672509905265	0.856810689613783	3
-0.09017312384262	0.45534180700655	3
0.028068824965398	0.736933993156796	202
-0.0952417642797501	0.46370004938593	218
-0.0952417642797501	0.46370004938593	1931
-0.0912979172117801	0.473002093574455	33
-0.08609995458729	0.457412014492507	1099
-0.04771968502541	0.535441884302902	33
0.036286297562513	0.736372946127708	46
0.026383053581299	0.73719770289957	520
-0.0415211152233399	0.95858866230073	770
-0.0429630182362799	0.973593794594624	770
-0.0424226394513201	0.54332049376705	770
-0.0523519929308201	1.22403345676061	24
0.00269004793628203	1.21644199173744	24
0.048476118886277	1.34501070667983	662
0.054647763056063	1.43281704453903	16
0.032708141825758	0.717065836449674	12
-0.07852212399287	0.881877560737041	12
-0.12476992847782	1.55095236596394	126
-0.09337007517516	0.46227128383205	583
-0.08444411361281	0.453906826442465	121
-0.09076115626131	0.462113942218127	46
0.104273597719261	0.917940514769193	24
0.041165858717903	1.05816807789866	6
0.04301980016891	1.11735518749064	110
0.065357369588038	1.06082541933874	12
0.08441465153467	0.87830000846484	256
-0.0414095064795701	0.886024783159983	3
-0.0455579951639	0.560957115681622	35
0.050799102973332	0.803953182034968	44
-0.0467081329182799	0.564211260599411	218
0.115908972638845	0.988836028557054	65
-0.0872222022263001	0.458704578400995	33
-0.00560416230769989	0.62487542249192	195
0.00601281865161596	0.633532676439481	62
-0.0543515558444301	1.07457320563318	520
0.045316068515264	1.09623458463535	110
-0.05578800097332	2.14829958867772	110
0.037685593043669	1.08742077458254	159
0.043550638763836	1.10413336258459	12
-0.0885116487812501	0.456184286801699	256
0.052957336728635	1.03689614197881	126
0.080170484681658	0.848708688513572	126
-0.0879736883809401	0.470206436380931	126
-0.0877568448364401	0.456556769573445	3
0.075533695995182	0.860618270402479	36
-0.0435721617895399	0.558263069819362	36
-0.0508456825944801	1.21652181976505	267
-0.096902421779	0.465714266463174	22
-0.0455579951639	0.560957115681622	218
-0.09337007517516	0.46227128383205	218
-0.05136574963555	0.542553698689431	27
-0.0896352697527101	0.473987491495537	2337
-0.04018536577465	0.985891940873105	261
-0.0454374560903901	0.561328552526599	261
-0.0455579951639	0.560957115681622	33
0.033392568226625	0.73163554255015	195
-0.0924249755392099	0.46122583660099	24
0.027649947627357	0.73307637512409	24
-0.05117376019158	0.55701780791661	6
0.057132117388874	1.43596993571726	110
-0.0896352697527101	0.473987491495537	2214
0.026383053581299	0.73719770289957	12
-0.0924677630366499	0.463866464916371	126
-0.00314331125476008	0.640112769804506	36
0.029022713271601	0.738492679790152	36
-0.0991963994899101	0.443958542634964	44
-0.0924677630366499	0.463866464916371	44
-0.0500274753415599	0.57372796915115	261
-0.10119323141012	0.437206258884438	261
-0.0896352697527101	0.473987491495537	261
-0.0872222022263001	0.458704578400995	62
-0.0890984073023999	0.458554063451706	24
-0.0464766846726901	0.543570679624557	24
0.049197954025775	0.764897063244368	12
0.044797192476195	1.11085955150291	12
-0.09337007517516	0.46227128383205	795
0.100875502201002	0.958189008927919	126
-0.08444411361281	0.453906826442465	22
-0.0941261860321601	0.475602896245786	218
-0.08888026990326	0.457840071173562	261
-0.10030041299074	0.460148928800768	437
-0.0835783035461	0.882430721839664	33
-0.0752477321902101	0.857188626310031	24
-0.0924677630366499	0.463866464916371	24
-0.09358216335138	0.452705018653039	24
0.05992388729212	1.16397680584582	6
0.084471799149158	0.875702888916479	159
-0.0457228786523301	0.514426581164456	159
-0.0957856613336101	0.477728056382184	3
-0.0501462378441699	0.571811321146784	593
-0.03843826230766	0.969952260969723	44
-0.04437652048694	0.562163410054643	267
-0.00135882668888998	0.645355651418867	61
-0.10140677720548	0.449355703025477	261
-0.0952417642797501	0.46370004938593	261
-0.08609995458729	0.457412014492507	33
-0.0939117489132899	0.457714841559401	24
-0.11677139725925	1.66464011349392	662
0.055223183803918	1.06935398352047	110
-0.0917152196017399	0.460275021999994	1008
-0.0855651880702799	0.45518361508974	795
-0.0896352697527101	0.473987491495537	753
-0.0896352697527101	0.473987491495537	106
0.00121841518257604	0.621720780835787	33
0.00764317805276504	1.0439764040148	33
-0.10940523763811	1.28353949606169	46
0.043505112674175	1.05517028505681	62
-0.10140677720548	0.449355703025477	24
-0.00863169356696991	0.990106898296493	2131
0.00135896652248602	0.633963686063865	12
-0.0917152196017399	0.460275021999994	593
0.019376478731809	1.06747335674919	1083
-0.0985641369041199	0.462372711198344	218
-0.09076115626131	0.462113942218127	27
0.118555326493861	0.935151308228908	61
-0.09864416349271	0.450931176211324	261
-0.0855651880702799	0.45518361508974	33
0.083539905090316	1.33161432735607	33
-0.09864416349271	0.450931176211324	24
-0.0617382131345801	1.40052415044159	12
-0.0906499143869299	1.57166114848779	12
-0.0952417642797501	0.46370004938593	1008
0.074131407319462	0.868736602552821	126
-0.0941261860321601	0.475602896245786	753
-0.00721086169560992	0.641134635092285	678
-0.04563485670338	0.568461520834648	1083
0.018750364146653	0.700656620652325	218
-0.0827893208747701	0.442233009652682	218
-0.0441670859836101	0.554084333321905	218
-0.04990702564731	0.551080873104381	33
-0.0477386085701501	0.549349431425698	33
-0.0451967032425	0.973619891888062	33
-0.0854678031401901	0.886007255941309	195
-0.08627572156792	1.38800909458496	372
-0.0566976887056401	0.520837873018925	62
-0.04175164228045	0.535104719849063	16
0.026675908504596	1.06301274773387	12
-0.0739231342857201	1.03935698284581	12
0.072457149829222	0.73068614666048	126
-0.0912979172117801	0.473002093574455	922
-0.05473396025403	0.554834876255793	753
0.028455923276138	0.735011277363083	36
-0.0890984073023999	0.458554063451706	44
-0.0912979172117801	0.473002093574455	678
-0.0925281347668701	0.889606161132533	218
-0.10030041299074	0.460148928800768	119
0.040444374265554	0.695004823351398	33
0.105771759220989	0.95248768667332	33
-0.09006140366036	0.449424605342317	873
-0.096902421779	0.465714266463174	33
-0.0879736883809401	0.470206436380931	46
-0.0699537826640699	0.806385874487764	863
-0.11399813101303	1.28212653353278	195
-0.10195770181993	0.459718931802622	93
-0.0383575789227399	1.44102170982702	110
-0.12087364702112	1.28285900333864	1713
0.00710115072900397	0.622798541456838	1008
-0.09337007517516	0.46227128383205	126
-0.08927388760046	1.175076248916	126
-0.04700634083654	0.551634357955933	126
-0.0500274753415599	0.57372796915115	678
-0.0555629068414301	0.518215218619257	106
-0.00761903216530002	0.617873829271325	27
-0.08634806027166	0.879558010582349	27
-0.0896352697527101	0.473987491495537	33
0.0301382282881491	0.72922376281203	873
0.024537351546824	0.71262150417577	46
-0.0434570864321999	0.547533966432391	129
-0.096902421779	0.465714266463174	62
-0.0950259713882999	0.458986795005591	24
-0.0418919136593401	1.40466464109145	24
0.046607024252494	1.08636310914372	24
-0.0512928982366301	0.575164026889131	110
0.00151845740961898	0.644479919490575	493
-0.0739525324325201	1.58553233605944	1014
0.107067112476834	1.25611143064444	1014
-0.0872222022263001	0.458704578400995	655
0.00678742598557203	0.899389236672507	126
-0.0442889078490001	0.558103864450118	36
-0.0890984073023999	0.458554063451706	36
-0.0752412868620001	0.862006282753534	27
0.062818851704711	0.773079911151305	33
-0.0890091106973201	1.13975364832915	33
0.0776585568909191	0.86427117127117	978
0.00418060142000398	1.03366033369288	33
-0.05117376019158	0.55701780791661	873
-0.0875255952197001	1.13817600968177	778
-0.0820296826692599	0.815667294374254	46
0.051389790440892	0.806265757138962	129
0.014205274217681	1.03324825257278	62
-0.00314331125476008	0.640112769804506	62
-0.01684284348212	1.00487393544299	62
-0.09513404594651	0.436437131726212	62
-0.1146573257369	1.56149696119681	24
-0.0548736017354201	1.1980649354086	2131
-0.12497992438338	1.3644301054368	2131
-0.05656255994041	1.20295629436617	1713
-0.03833866018502	1.11940756179638	1713
-0.0963305500923499	0.456542987028153	16
0.115959842312062	0.96229245625111	12
0.101522098671904	0.916765548762817	126
0.045063066581757	1.11675165450437	126
-0.08888026990326	0.457840071173562	36
-0.0501462378441699	0.571811321146784	22
-0.0387446395482201	0.942820986760238	121
-0.0441670859836101	0.554084333321905	218
-0.00468708475938007	0.967380160636949	27
-0.00461587315070999	0.660864117419466	27
-0.10233786867264	0.81428466119914	33
0.080519406045072	0.815647794014118	978
-0.04790857674539	0.955488292128337	33
-0.08786938588465	0.895489134810666	873
-0.0974357709420499	0.86353406375398	46
-0.0492996175823099	0.555233675587554	129
-0.01065537595852	0.998292607575848	62
-0.0879736883809401	0.470206436380931	24
0.031782937194495	0.750677775824844	24
-0.02883365445265	1.4364169616723	110
0.098030880757502	1.14083538055316	493
0.014239874046405	1.05191806309575	110
0.0320239066945111	0.710439428957937	1713
-0.0985641369041199	0.462372711198344	120
-0.00135882668888998	0.645355651418867	120
0.028799633773663	0.735877778892253	12
0.00247657238340004	0.946684286515279	1008
0.00324053076988795	0.983761297865028	126
0.054314832918655	0.789700855066326	126
0.117939965909817	0.958359544548966	126
-0.0849099373033699	1.1409143639423	1969
-0.08609995458729	0.457412014492507	124
-0.0525586110780301	0.572250981491134	36
-0.07954987993478	0.868233698211012	121
-0.08575257146974	1.13012812101057	121
-0.0796665423910701	0.905227521167198	218
-0.0421805740843499	0.935570194080181	261
-0.0957856613336101	0.477728056382184	574
-0.0802938259881301	0.864174139045555	33
0.103048956688285	0.927572816553581	873
0.056782255890665	0.809622595600129	873
0.029709420549504	0.744093864761023	46
-0.0879875353323101	1.14504897092009	24
0.018791405129113	1.31419676744239	24
-0.0261195196130299	1.45570812213472	6
0.00813673827871897	1.28887654382228	662
-0.10919018963903	1.50374987433368	110
0.00215434161614603	1.00458376977951	110
0.019945766146879	1.0311112356204	1713
-0.096902421779	0.465714266463174	287
-0.08444411361281	0.453906826442465	12
-0.10195770181993	0.459718931802622	12
-0.0929936707116601	1.14807229509279	126
0.024013353182151	1.02316661349997	3
-0.0488824223933499	0.57038591806793	36
-0.08390922638509	0.443447759555519	218
0.044066965492089	1.0814878454504	261
-0.00898523310498001	0.622090133959166	261
0.00464140685371495	0.974199710800289	33
0.073781410208301	1.02572800811058	33
-0.08681323558167	1.18378815318392	943
-0.0917152196017399	0.460275021999994	2141
0.087757165252777	0.842224015683502	93
-0.0939117489132899	0.457714841559401	6
0.102924302092564	1.20292765539857	159
-0.0890984073023999	0.458554063451706	16
0.0585031259054	0.829980124807761	12
0.077589019129918	1.1793949824378	12
-0.05022524430668	0.553596604443502	382
-0.09014480276175	0.894296760877292	124
-0.12359061247653	1.46279920976952	44
-0.08818277366312	0.434096122272713	22
-0.0905119326980499	1.17538421094031	121
-0.0913556715458399	0.447109114242901	118
-0.00231524084546009	0.661104515128733	33
-0.0917152196017399	0.460275021999994	33
-0.09467120851851	0.459765979053938	33
0.063475208582367	1.49710948859981	33
0.00135896652248602	0.633963686063865	33
-0.0454374560903901	0.561328552526599	46
-0.0509863110973301	2.22442404395822	129
-0.04437652048694	0.562163410054643	24
0.102553051697399	0.8687092481558	24
0.048397478648763	1.68171286706367	24
-0.08813030584749	0.888235865357354	24
0.105252532218579	1.5546328797779	110
0.083346862876251	0.873738608161289	110
-0.0952417642797501	0.46370004938593	382
-0.0077271623213	1.02584279670084	126
-0.09678443661216	0.444958449793432	126
0.076634137703668	1.12508358027416	442
0.030746384519874	0.749578647192825	22
0.01220217774142	1.29436227717275	22
0.036058772767069	0.723989068263792	121
-0.12309305898971	1.06400526834844	261
-0.08897814799921	0.864850978500104	261
0.070970111968384	0.764701707213276	240
0.053761749127816	0.817538750850854	93
0.030558669207273	1.36837207846585	24
-0.11120779147065	1.49002427079768	24
-0.10540245543361	1.67548351768454	24
0.056782255890665	0.809622595600129	24
-0.0448366836856999	0.554028539045652	6
0.067831058604773	1.11069511507984	6
-0.0917152196017399	0.460275021999994	287
-0.0896352697527101	0.473987491495537	12
-0.0950259713882999	0.458986795005591	12
-0.0957558294460601	0.443967751915074	327
0.054091087661207	0.824775059600268	327
-0.09623538327203	0.437585370572214	12
-0.0901433533495	1.58030459055392	12
-0.07993649480737	1.12498828700392	126
0.078041750469422	0.863798682920191	126
0.019417495127775	1.0879502755475	124
0.038555823129926	0.673053517143358	124
-0.0855651880702799	0.45518361508974	1355
-0.00967043459934991	0.647858644007831	442
0.06293282114484	0.816291105716111	22
0.08384181968379	0.864847497573331	121
-0.01135737719992	1.27878501507737	121
-0.0801725052883899	0.893562458525496	50
0.091464700702349	0.903524661561523	261
-0.00891622578186002	1.00511922585728	261
-0.0922570448975599	0.460976707716774	261
-0.0388473880450999	1.46232505050989	46
-0.10195770181993	0.459718931802622	240
-0.08724815584776	0.902138666647255	240
0.058812547633847	0.758013907475299	240
-0.0848036300484101	1.1697138385545	46
0.0570724669302221	0.774849338729096	372
0.037685593043669	1.08742077458254	129
0.068200827675587	1.08652633854389	93
0.094666666555862	0.921229826362509	24
0.0848580054325651	0.883323215490882	24
0.048351921184522	1.08971925199089	110
0.0405328769807159	1.46799748471762	110
-0.01193604089003	1.02909684249988	159
-0.08609995458729	0.457412014492507	530
-0.0952417642797501	0.46370004938593	530
-0.0941261860321601	0.475602896245786	12
0.084870173891154	0.823116629758368	382
0.054357142511407	0.819894211030019	126
0.073127896961195	1.17689628947891	126
0.116392117488653	0.962468525165778	124
-0.08231014088276	0.90010089869686	36
-0.0366492883095799	0.519328444220838	22
-0.10306526308278	0.448981523185475	118
-0.0924249755392099	0.46122583660099	118
-0.0134950499326301	0.626175437876984	261
-0.09467120851851	0.459765979053938	136
-0.05856159310822	0.894909637262344	33
0.081438429615266	0.878288214420538	33
0.00542979404100297	0.604868056808955	33
-0.0879736883809401	0.470206436380931	46
-0.0411297042999601	0.52514051543085	240
0.0895297979369481	1.5124172561152	129
-0.00584030827094995	0.658939468602774	24
0.061433234921755	1.45548330938549	110
-0.05511909945462	1.59341744192072	76
0.065604967996403	1.10994714891236	327
0.096448194302044	0.925653490170401	12
0.037330616790935	0.707355829185972	1114
-0.0950259713882999	0.458986795005591	121
0.111059942278109	1.23861958536415	584
0.075190672625005	0.887956785351705	261
0.110535061928522	0.868760787191393	136
-0.0455579951639	0.560957115681622	33
-0.04031241311764	0.521795076343297	33
-0.0974461899839301	0.474113478007243	91
-0.04563485670338	0.568461520834648	33
-0.096902421779	0.465714266463174	240
-0.00237662349557999	1.6445532857319	110
0.080554990258778	0.878778693317645	76
-0.0914298533173501	1.88717650290767	12
-0.09379644138794	0.882746622694233	126
-0.04415790399943	0.960661033322424	3
-0.000820275287239936	0.642641089784796	124
-0.00110025334418995	0.614095937857126	22
0.03178544024146	1.31874607449185	261
0.042551198415418	1.82935207908437	33
0.075084039924484	1.26245522962388	46
0.0839836379646151	0.831258187881901	46
0.039974424036349	0.709156800525264	240
0.118218009780126	1.51242032052072	93
-0.0592983947283101	1.37596309799814	6
-0.07053721424142	1.66067768142282	6
-0.0209122825322401	1.24113006125981	6
-0.11965511263056	1.31009495788686	6
0.09401940408124	1.56300611632272	12
0.079999671169105	0.852143962032378	3
0.00526355095423303	1.80790335187653	124
-0.00858614217469	1.03759917047889	124
-0.0938751225151999	0.871293897007766	332
0.103593903244119	1.45532138837585	22
0.078021351466275	1.1359934346078	22
0.096128098960455	1.45727741699827	22
0.033358216539144	1.0655458412758	849
-0.03266377637241	1.21124843019486	121
-0.12378233296188	2.3607313468782	50
0.0267891785230689	1.04720567745992	118
0.10415328193602	1.23645973937355	261
0.029912451820148	0.714970634067028	46
-0.0919569367764299	1.55310162069403	33
-0.00461587315070999	0.660864117419466	46
-0.11126169492643	1.51536597412448	129
-0.0119916107447	0.624121864702754	1987
-0.0446948424385401	0.946041969084271	110
-0.00663440624155998	1.02523973185383	12
-0.00411990708979992	0.988352377980852	12
0.082348942864479	0.849412690728084	12
0.08863190005265	0.861699898198125	84
0.119981295921	1.00839862291413	12
-0.11195473031941	1.69760236865281	698
0.035872736860983	1.26043385040981	124
0.114882195587736	0.916967198153816	124
0.115593934604437	0.835782340086448	3
0.091737681694652	2.45161602165555	44
0.023284778701547	1.0094106802101	44
-0.04092630996266	0.538037127741975	22
0.0190110837289	1.08395892875641	849
-0.0388529214711499	1.06060364149795	50
0.03690652212945	1.10962815954042	261
0.043515378902951	1.09985662331065	119
-0.02014519138604	1.17254255367806	33
0.028228323203518	0.721950680349769	33
-0.08888026990326	0.457840071173562	46
0.062547513905575	1.14955647310179	24
0.021488785726378	1.05413181213982	24
-0.0855878201004401	1.08891863031306	24
-0.00159530416445008	1.45257318158634	6
0.029160685389393	0.686754444737661	6
-0.02063183513379	1.24241144056067	110
-0.0890984073023999	0.458554063451706	110
0.094280170575577	0.920770660866151	76
0.032598475062023	0.737058162225862	12
-0.05047375636106	1.19353621782836	12
-0.10306526308278	0.448981523185475	12
-0.0877568448364401	0.456556769573445	12
-0.10195770181993	0.459718931802622	12
0.035901661318537	0.719953623829976	124
-0.00389214897561008	0.992659385460086	3
0.000269593604421026	0.640114044829504	36
0.0924759148900119	0.931332565787276	22
0.091601164073622	1.21852933201735	22
-0.08836754810458	1.13043429892016	22
-0.0584867310797199	1.21052100643138	50
0.089242261871577	0.90610608850057	50
-0.01436494210789	1.17017760414418	584
0.081246474711946	1.20809895367027	33
-0.0653680054322701	1.68503280620721	33
-0.0734649919235899	1.59667949401475	683
-0.0424226394513201	0.54332049376705	372
-0.0525586110780301	0.572250981491134	24
0.044376388404939	1.62984596439276	6
-0.0930129160133	0.457794321807033	110
-0.0424226394513201	0.54332049376705	958
-0.03961740279916	0.974888777620072	76
-0.0368787880667301	0.945724007658585	12
0.064912543607811	0.76928204930102	124
0.084364982230099	0.878548532607598	3
-0.06446164275561	1.92471456597206	22
0.065585656125655	0.798265285018169	442
-0.00351576594465008	1.01272881588359	121
-0.09076115626131	0.462113942218127	584
-0.00534778749681997	1.00535380496131	584
0.000270709894654053	0.93058347591943	261
0.058388819965425	0.776157132831071	261
-0.01177399327477	1.00384379174625	85
0.093048986375062	0.899815488667711	138
0.00612033081951502	1.21038295555206	119
0.116718154542453	1.00806889556612	33
-0.04576079309127	0.983287042206039	33
-0.0503375469259499	0.53866373761794	33
0.0253458134290751	0.732009415487364	683
-0.09337007517516	0.46227128383205	1076
-0.00610816685175997	1.04246917824394	129
0.06682572654921	0.780655409838313	95
-0.08467644672488	1.35895103081574	93
-0.0924249755392099	0.46122583660099	6
-0.0845949187459201	0.87080267085893	76
0.026231082188878	1.05861184790675	76
0.043545243940403	0.697453682109348	12
-0.07903707301976	0.874654283421039	12
-0.00122395295749	0.663988266204473	12
0.077285835010624	0.883878946285801	698
0.034445108276918	0.75393430328094	367
-0.06294816943028	1.20998760730755	22
0.029022713271601	0.738492679790152	22
0.00194112067278396	0.967554548571483	849
0.0831154747453759	1.23899316477684	121
-0.0809310021934999	0.917886848016557	121
-0.08219385541825	0.914953662359333	584
-0.0588525452850699	1.33298518754456	261
0.075200013410619	0.870674971046018	261
0.076080885722764	0.871933257592093	261
0.043990969690143	1.06447475246167	261
0.111662535853209	0.959298150327081	138
0.045164537679934	1.39164582077361	33
0.039181014677939	0.698058449890191	33
-0.0147746241114599	1.00244274224459	33
-0.07471137331384	1.33430224731846	683
-0.0526083247314899	1.16946556215416	1076
0.00600145980552003	0.603395966683473	372
-0.0885116487812501	0.456184286801699	24
-0.03872112755601	0.942116030633516	6
0.062297637791505	0.8251798366808	6
-0.00167079635260992	0.610569050256753	159
0.0608973946417421	0.774174394145407	12
0.028455923276138	0.735011277363083	347
-0.0467081329182799	0.564211260599411	3
-0.08318752511316	1.12211909959591	22
0.0255681319997491	1.06217943954572	50
0.022939727647915	1.0622369904887	50
-0.00593895240103004	0.99973139180828	118
-0.03526066764808	0.948168750725581	584
-0.07841359506892	1.47980163377982	261
-0.0116086323809399	0.906587254752072	138
0.040242991372639	1.10071357266158	138
0.023499292248231	0.718571742751022	119
0.021645472390996	1.00675281506569	119
0.016276751677591	1.0578717194196	33
-0.0912979172117801	0.473002093574455	33
0.05834648042534	0.782751172202855	33
0.060385094426111	0.822644438605635	1076
-0.08118299021237	0.906980911483954	129
0.035816042194882	0.709976301309942	24
0.039163969254202	0.72688473540636	24
0.105680765283425	0.888338128453713	6
-0.08724815584776	0.902138666647255	110
-0.0826965994464	0.900733091943085	110
-0.0432353512499499	0.546988360687977	6
-0.0134950499326301	0.626175437876984	12
-0.0862346894895301	0.903618596766428	332
-0.11140499620231	1.53872049318843	22
-0.04112606075991	1.41136323443045	2072
0.099298445885352	0.926212616166576	50
-0.08145411222927	1.34006597277054	584
0.02393694739431	1.07024319821663	584
0.058139654378468	1.1226373570252	33
-0.09076115626131	0.462113942218127	33
0.103088581402968	0.922934711972321	683
-0.12092435691495	1.36652214784395	129
0.00367721711673896	1.27581098480147	792
0.065486425734068	0.797091985197818	24
0.067055490263591	0.781643356294501	607
0.120226281439256	0.922336364162592	607
-0.03181337167798	1.41852230261138	76
0.033332723614808	0.985639062031127	76
0.087007934676795	0.865900340778532	345
0.052113742412453	1.06999837783773	12
-0.0435504681126999	0.97948311343719	12
-0.0492504047483799	0.559130158062595	12
-0.0896352697527101	0.473987491495537	12
0.061792438424158	0.811221247138455	698
-0.0868639705604199	0.916823758375548	11
0.066909224055308	1.13187645080384	3
0.059575017157356	1.12313254515943	3
0.083976269387342	0.88757886491241	3
-0.0623576490456199	1.67022332545133	22
0.00137366943093498	0.628910428946138	22
-0.04704683041608	0.975465422455676	118
-0.0849099373033699	1.1409143639423	584
-0.0912979172117801	0.473002093574455	261
0.05994602331681	1.0968766723146	261
-0.0169686916913201	0.981152238210186	33
-0.0138900399005699	0.606230682803565	33
0.0253458134290751	0.732009415487364	33
-0.0467081329182799	0.564211260599411	33
-0.0373738378263699	0.519778533646069	24
-0.0879736883809401	0.470206436380931	24
0.0135487147697591	1.29068818634982	607
-0.0924249755392099	0.46122583660099	607
-0.000278131830079964	1.28894436464636	76
0.06759741098568	0.76722738519542	345
-0.0162088000579499	0.964009530980901	345
0.10701620337765	0.964209292203513	12
-0.0872538909281899	0.883611035543903	12
0.084363425568038	0.831637729826933	11
-0.0411600081303001	0.543972876458801	11
0.02353186233785	1.07411172279058	367
-0.0243295975758799	1.25713822671625	22
0.039709443912843	1.09284614689103	22
-0.0821942682979799	1.49604665839432	22
0.0536643937511631	0.771733807681657	258
-0.0285918510199701	1.42330705481899	2072
-0.11937774866658	1.32261604111462	50
0.07615254919412	0.867929902708913	584
-0.00461587315070999	0.660864117419466	584
0.090372515734955	0.922816639035185	584
-0.10742933253704	1.47396767459178	261
0.000284413234364012	0.628196142137316	33
-0.03875801694718	0.948109336017175	33
-0.06990511281732	0.989042870104375	683
-0.0115565387157399	1.03932830089105	683
-0.00871319574883001	1.00617063976085	683
-0.05117376019158	0.55701780791661	129
-0.00748534591861993	0.64499645126122	129
0.05834648042534	0.782751172202855	607
-0.0930129160133	0.457794321807033	6
0.061019607937672	0.829874937174065	345
-0.0024501026600201	0.646443874011564	12
-0.0879910108359701	1.37753599349857	12
-0.03571689847253	0.960747929694515	347
0.07240998437882	1.10674556466134	11
0.0568205610721449	0.800616088503949	11
0.026017173321588	1.03776053131354	3
0.075269121244486	0.870445780995873	86
0.07615254919412	0.867929902708913	50
-0.0400434508193901	0.945432844560201	50
0.061665805134742	0.807642384819219	50
0.087255868154039	0.85556569100772	50
0.072365488618291	0.843052950015131	118
-0.0868683480032	1.15318768087588	584
-0.0939788501346199	1.35705525450745	261
0.061233336256195	0.776335984834935	261
0.077681131340682	0.834304016652166	33
0.026383053581299	0.73719770289957	33
-0.0974461899839301	0.474113478007243	33
0.096582768849894	0.946679367868039	683
0.09907839253957	0.939455110017901	683
0.084364982230099	0.878548532607598	129
-0.0924249755392099	0.46122583660099	129
-0.08888026990326	0.457840071173562	129
0.111566585294625	0.929271828381818	95
0.062367519643703	1.07239047737726	95
0.12344018506044	1.00413241671235	6
-0.08370889558863	0.881505801348573	6
0.000731907176518054	1.2449035121314	607
-0.00546721419850993	0.617785482061127	607
-0.0764210552006499	1.30590400391557	607
0.084364982230099	0.878548532607598	76
0.00165341631187199	0.637427103001318	12
-0.12424237027768	1.31819132640209	12
-0.0912979172117801	0.473002093574455	12
-0.0944603658954799	1.37198038638412	11
-0.00205944458978991	1.01093958711002	11
-0.09467120851851	0.459765979053938	86
0.034658501600035	1.10485846183826	22
-0.00911972170628994	0.588521217618642	22
-0.0293825659284299	1.23849893794626	22
0.090902978718252	0.904582695702705	22
0.073938332200848	1.18711538092189	50
0.088243001582141	0.843772078472079	50
-0.0869955903336299	1.1505869312761	118
-0.0931377846144299	0.883146558710311	584
0.095105463037923	0.910789553538521	261
-0.096902421779	0.465714266463174	138
-0.0534413682942201	1.17807305111629	33
0.049583630614055	0.787331132461506	33
-0.0828516375372299	1.15482288603402	33
0.00817908024241099	0.595762890250925	683
0.06720261469029	0.819543284215548	683
-0.04662609306948	0.966322259468374	129
0.073057325213709	0.870678413677272	95
0.077492040027773	1.27349405768446	6
-0.00342997209027995	0.988791141291546	6
0.093698405001372	0.944253034761448	607
-0.0488824223933499	0.57038591806793	76
-0.11269114873238	1.2709429682294	11
-0.07992266326422	1.13771063095465	11
0.049697326503653	0.803120111831842	3
-0.0320842297930799	0.914723686380754	86
-0.00927147380152005	0.606360544444551	22
-0.0571374713446899	0.552342383582474	118
-0.08888026990326	0.457840071173562	138
-0.0467081329182799	0.564211260599411	138
-0.0991963994899101	0.443958542634964	33
0.0418842768691829	1.38793853150993	33
-0.0930129160133	0.457794321807033	683
-0.0522450188233701	2.02278186590635	129
0.054422891434188	0.816733642652054	24
-0.00382107194170001	0.649757848361984	76
-0.0874367275653101	0.44666299701452	76
-0.08444411361281	0.453906826442465	12
-0.0827893208747701	0.442233009652682	12
-0.08888026990326	0.457840071173562	12
-0.12317959593616	1.31761063486212	12
0.00912469299198604	1.48756157257587	12
0.00212493792857305	1.23586517551906	12
-0.03872911524088	1.43011382878094	12
0.0577421898524611	0.805237296512303	12
-0.00742920916940992	0.937578401103188	11
0.029022713271601	0.738492679790152	11
-0.0592060644558801	0.534460773398867	367
-0.0997493349699901	0.440682985092292	22
-0.09864416349271	0.450931176211324	261
0.034562087252714	0.705009665078656	138
-0.03313069092949	0.898788025565317	119
-0.0913556715458399	0.447109114242901	33
-0.03521218948292	0.924509242197775	95
-0.09337007517516	0.46227128383205	929
0.092622509759016	1.65751638219211	24
0.041054810812708	1.09854161500594	6
-0.09623538327203	0.437585370572214	11
0.118053886872151	1.00555488058041	3
-0.0809310021934999	0.917886848016557	86
0.067781926445484	0.78167349046967	22
-0.0939117489132899	0.457714841559401	22
-0.04302012338762	0.550945245639967	22
-0.0138900399005699	0.606230682803565	50
-0.00505345790021994	0.652773361557277	138
-0.0930129160133	0.457794321807033	33
-0.0941261860321601	0.475602896245786	683
-0.0480391150719499	0.557899551582474	24
-0.09093561934513	1.52769264040201	607
-0.08927530142731	1.36118882371968	607
0.108254061030867	1.20099909875447	6
0.00448134316719895	0.629652649078333	11
-0.0489723351900999	0.549112417120015	3
0.000956800333206997	0.657451852508678	22
-0.00352415347485002	0.659751569934609	22
-0.0877568448364401	0.456556769573445	22
-0.0502633038754601	0.54813252064356	272
0.091361068054245	0.833624414288592	50
-0.0957856613336101	0.477728056382184	118
-0.0879736883809401	0.470206436380931	123
-0.0423079301677001	0.558998459886999	261
-0.00338966412309993	0.651896166407549	138
0.12310746210449	1.00351771597215	33
0.024308035782758	0.722406588472427	33
-0.0522173696758901	0.550909766991074	33
-0.0569133167715601	1.72608019203565	33
-0.0896352697527101	0.473987491495537	95
-0.0991963994899101	0.443958542634964	221
0.103768135607652	0.858539768788172	221
-0.01851385032603	1.394239410924	6
0.074331539560227	1.18051083505619	11
0.029121575495869	1.35661255763937	11
0.000269593604421026	0.640114044829504	3
-0.0941261860321601	0.475602896245786	68
0.0458630893723631	1.766338364727	272
-0.12278756321307	1.97222017198797	272
0.113625552878928	0.97038064121653	272
-0.00243304352512008	0.654442377383179	261
-0.0868512355722599	0.452713644079009	1107
0.013739353201685	1.35912434066879	33
0.0237836468559	1.07021618105315	129
-0.0974461899839301	0.474113478007243	95
-0.0548149265116	0.530025178077767	6
0.084755655320319	0.856650168003953	6
-0.08375024543369	1.13140411299963	6
0.00242236709190902	1.28735249891078	76
-0.0467081329182799	0.564211260599411	448
-0.0169896011241899	1.15635291426409	12
-0.0535920348730301	0.535414126823273	68
-0.05473396025403	0.554834876255793	68
0.051971867733469	1.62278418549918	86
-0.0832794004276101	1.37872508554968	22
0.112610914092648	0.975293746305579	22
0.045215350279311	1.37607258490805	22
-0.0226974133633899	1.45436531675873	22
-0.0276078465028	1.25727050527691	272
0.046293306704384	1.05309231215644	272
-0.0488123992974701	1.21381742180137	1477
0.095331880055103	1.19438082613019	1477
-0.0410439893472201	0.556148258118499	272
-0.0502341515404301	1.12152066776347	272
0.023284778701547	1.0094106802101	1237
0.059208316617401	1.16235022733077	119
0.096067791667385	0.94560869452924	2215
0.032924418541982	1.32231328332417	33
0.123245990386874	1.00213842636432	1107
0.075570631243491	0.847080859842998	33
0.027842201713366	0.733542207001382	33
-0.00833047988098001	0.589263585514884	33
0.096146035832797	0.941935729379011	24
0.019945766146879	1.0311112356204	24
-0.00389649312529006	1.27510758753704	221
-0.0670113290323799	1.92904449314913	221
0.064176939340615	1.17095625869524	6
0.00523633448373495	1.28261517678013	6
-0.0870944858559899	1.48966737709678	76
0.037548181716259	0.738433208730684	606
-0.04534293025491	0.96575170522417	12
-0.0852590132739699	1.15716731452383	448
-0.06342913957411	1.17356373068837	11
0.037624713272977	1.07433594289791	11
-0.11646454230625	1.54649675511617	11
-0.0935163070426599	1.35823871738024	11
-0.0901172042754701	1.18641024304304	11
-0.12237497287415	1.26526855774598	272
0.115170687128677	0.983426740295616	272
-0.05117376019158	0.55701780791661	272
-0.0410173466558299	0.959031386158459	1477
-0.00301049463358005	0.624796559730345	118
0.022524869989746	1.06634358171461	123
-0.0834551052164201	0.886309128967853	123
0.00215434161614603	1.00458376977951	138
-0.0912979172117801	0.473002093574455	652
-0.00486849596199002	1.03481729841787	119
-0.08505403892985	1.10542476773041	33
0.01026965986534	1.51297571994495	95
-0.0375687738514201	0.945092617953373	95
-0.12364988850411	1.30348154796422	24
0.0197859429188541	1.07347159914452	221
-0.04903430444486	1.15212427434229	221
-0.0455579951639	0.560957115681622	6
-0.0879736883809401	0.470206436380931	76
0.08033680300474	0.875633068812546	76
0.00137366943093498	0.628910428946138	76
-0.04815235345605	0.567037609800237	606
-0.0909607155732699	1.1922200175584	448
-0.09910777302733	0.462050725237245	11
0.030414919385358	0.708002588935578	11
-0.0890984073023999	0.458554063451706	11
0.076043988952433	0.861860037212589	68
-0.0039622654742999	0.6535678275158	68
-0.04809707633719	0.555957734417634	86
-0.08331811307034	0.906184907193691	272
-0.09337007517516	0.46227128383205	118
-0.0455579951639	0.560957115681622	123
-0.0939117489132899	0.457714841559401	123
-0.096902421779	0.465714266463174	1237
-0.0500274753415599	0.57372796915115	119
-0.0500274753415599	0.57372796915115	1107
-0.08888026990326	0.457840071173562	95
-0.09462641473774	0.454488901229179	95
0.06290356548454	0.792383177611204	95
-0.000663246458129985	0.632727352217034	1120
-0.00983414698292995	0.9948410091156	1120
-0.0866055548892799	0.915648117432399	221
0.039618671879447	0.693322146322927	221
-0.0477386085701501	0.549349431425698	6
-0.0048873541488601	0.61839895377161	1165
-0.0974461899839301	0.474113478007243	425
-0.09337007517516	0.46227128383205	425
0.031321526405419	0.737233697578921	448
-0.0896352697527101	0.473987491495537	11
-0.0512928982366301	0.575164026889131	11
-0.0896352697527101	0.473987491495537	11
0.00151845740961898	0.644479919490575	3
0.059428433050109	0.815606772030934	68
-0.0985641369041199	0.462372711198344	68
0.036037067894366	0.71175984596078	68
-0.0940898662343499	0.456140130105275	86
-0.02806284763499	1.24211586529376	272
0.076806811619804	0.87052048385555	272
0.085371190653624	1.15994476828845	272
-0.0796665423910701	0.905227521167198	118
0.115741008974114	0.944812984225284	123
0.061462781573248	0.806170249942599	123
0.00909562162404898	0.579877935477967	123
0.099298445885352	0.926212616166576	123
0.012868204926215	1.33044522741195	118
-0.1229517904781	1.37414107981049	138
0.049947387141401	0.794321593484552	138
0.060182766064554	0.78360350327408	652
0.114330814883368	0.951215867256811	119
0.106075622132486	0.875785380501424	48
0.019457785523425	1.05608251074748	1107
-0.0085775855529	0.648622179981057	33
-0.0451967032425	0.973619891888062	683
-0.0488824223933499	0.57038591806793	477
-0.0442889078490001	0.558103864450118	95
-0.02562838409923	1.22520425938319	95
0.02007195880294	1.03638973973732	1120
-0.10468581841722	1.48308845437752	1120
0.00534803731563305	1.25057196006876	1120
0.00571214192478697	0.615046657730639	216
-0.0454374560903901	0.561328552526599	76
-0.0464804921478901	0.941703021127143	76
0.085246164331364	0.878056171017516	12
0.026613276031184	0.727955351747082	12
0.068858494023895	1.1908159028623	11
-0.0505219987508601	0.550742653418487	11
-0.0574802097431799	1.15650106149414	68
0.000284413234364012	0.628196142137316	22
-0.0095343964941299	0.644534943788171	272
-0.00229853988909001	0.650802975784442	272
-0.0559926600845599	0.549333820651149	272
-0.00461587315070999	0.660864117419466	272
-0.00693323385662992	0.656145582126832	272
0.000269593604421026	0.640114044829504	123
-0.0985641369041199	0.462372711198344	123
-0.0912979172117801	0.473002093574455	123
0.036037067894366	0.71175984596078	1237
-0.0957856613336101	0.477728056382184	138
-0.04563485670338	0.568461520834648	48
-0.0974461899839301	0.474113478007243	1
-0.0512928982366301	0.575164026889131	1
-0.0957856613336101	0.477728056382184	95
-0.04042162947913	0.517775451376136	1120
-0.0461014953269701	0.545787987338324	221
-0.0468934678794799	0.569889133741175	221
-0.09349926382038	0.438623332949745	221
-0.0896352697527101	0.473987491495537	216
-0.0874367275653101	0.44666299701452	76
-0.0423079301677001	0.558998459886999	76
-0.0455579951639	0.560957115681622	11
-0.00328273553968006	0.622122065715569	11
-0.04826387797242	0.544679784908649	549
0.080301321769031	0.843670605432117	22
0.018865915691117	1.07480624042598	272
-0.05517128603499	1.22227693769053	272
-0.0115368907259501	1.01957706214748	272
0.0896794436935791	0.912636715185088	272
-0.03743218855195	0.907898388560679	123
0.056420551179539	0.771491775149041	1237
-0.00628405937940002	0.636089552643871	138
-0.04551894552443	0.550553381496594	138
0.068983190911585	0.853714916293369	138
0.115911009747448	0.954557708045758	138
-0.01806672867037	0.985543291446695	1107
-0.0796665423910701	0.905227521167198	1107
0.019564715766698	1.02951352591178	683
-0.05136574963555	0.542553698689431	827
-0.0422638620976299	0.961320351448879	827
-0.0890984073023999	0.458554063451706	1
-0.0410748534530701	0.919753318865684	95
-0.09296163184436	0.467523780469435	95
-0.00273048268130993	0.650539830170363	1120
0.058784687740759	0.82416271433395	1120
-0.0533573041148501	0.553960076078413	24
-0.0502633038754601	0.54813252064356	221
0.080703653904178	0.894686175722295	221
-0.05912124488003	1.18839554823358	216
-0.0124204595149	1.03282407538061	76
0.034445108276918	0.75393430328094	76
-0.00256519659881005	0.642251815508282	76
-0.07096102275021	0.810198111930077	76
-0.0952417642797501	0.46370004938593	12
-0.00365629023748992	0.652570245674334	12
0.051783980473529	0.76959703973776	86
0.057390832842913	0.80048968738065	68
0.09907839253957	0.939455110017901	272
0.109757079203797	0.97331521935241	272
-0.03271014328294	1.37046147762136	272
-0.05430444270985	1.17549310571012	123
0.121065486917958	0.951127172324961	118
0.021118086194476	1.31079005263986	1237
-0.03833480322605	0.969437816467679	138
-0.10140677720548	0.449355703025477	48
0.075886573361491	0.855076301399205	1107
-0.0835783035461	0.882430721839664	1107
0.069787402557268	0.747893083405281	1
0.037330616790935	0.707355829185972	683
0.06577916969438	0.795642000419164	683
-0.0868512355722599	0.452713644079009	1
0.071080066752636	1.12195396549352	95
0.076538441573956	0.872971885638497	95
-0.0543724429556101	1.22878721187265	1120
-0.08231014088276	0.90010089869686	1120
0.031321526405419	0.737233697578921	6
-0.0370471201035101	1.67977976288726	216
0.086419611487393	1.17490951006317	76
0.087060407062717	1.15353834774859	76
0.053832085524785	0.802218146035463	76
0.031561922559306	0.745179493359063	76
0.035835156043886	0.726323377506587	76
-0.0930144440260601	0.849780133987808	76
-0.12167860285695	1.34724556921583	76
-0.0501462378441699	0.571811321146784	12
0.101572223029283	0.895057700624927	448
0.100346822830671	0.897549547824355	448
-0.04441419783684	0.965069442840425	12
-0.0855651880702799	0.45518361508974	12
0.040801885181714	1.09878963695234	86
-0.0498817450320199	1.20904130760842	68
0.104762421474544	0.894826411292099	68
0.057417878014333	0.798200846708742	22
-0.11634382918296	1.56289155381497	272
-0.0252423876177701	1.21332353864201	272
-0.05233523159704	0.535888047474955	272
0.057739310893701	0.775359218035115	123
-0.0386643116035601	0.980581530219641	123
-0.00157220877520992	1.01231458921897	138
-0.0068617535167701	1.01632587809404	138
0.023719922098999	0.725044550444742	48
0.055374609620282	0.820223706004232	1107
-0.0434570864321999	0.547533966432391	1107
0.076074599614863	0.891473329582223	1107
0.060510591631834	0.809042857622308	683
0.0346757744978859	0.740863434211649	683
-0.03982539666211	0.968013176251401	683
0.065587845442501	1.11712820973741	95
-0.04531526336283	0.538700007706826	95
-0.0469037619219901	0.964575017411637	24
-0.0201691177424901	0.969690678592814	216
-0.0447229169455601	0.546864099331962	12
-0.0687019770844299	1.39862756461892	511
-0.00306642848501992	0.978352711026792	511
0.109391736054889	0.86801193691503	549
-0.0500274753415599	0.57372796915115	68
-0.0951933562987699	1.53096869646669	86
-0.0488824223933499	0.57038591806793	22
0.08358951189346	0.883858126475911	272
-0.0957856613336101	0.477728056382184	272
0.091287373402671	1.33727213324161	123
-0.11767013811013	2.00147195738408	48
0.027192127250838	0.729607417541346	48
-0.11386325619235	1.53951451940101	1
-0.08609995458729	0.457412014492507	1107
0.03479899558632	0.722059868383734	575
-0.11325717252121	0.402973705871356	95
-0.10702378718737	2.1558900582695	216
0.08207529844633	1.13760452392367	6
-0.0717419647753199	1.94386251989349	6
-0.0890984073023999	0.458554063451706	448
-0.0924249755392099	0.46122583660099	448
-0.0642594201870501	2.27008141709127	12
-0.0133886217299499	0.975339982436168	68
-0.10749545312327	1.49634319963018	86
-0.00181896230771006	0.980911742347722	86
0.024892991989162	0.709698477393011	272
-0.05370811187426	0.555725538358578	272
0.067045092245475	2.23280990935174	272
-0.09076115626131	0.462113942218127	272
-0.00835678610829005	1.01728713037242	123
-0.0896352697527101	0.473987491495537	123
-0.0984358494651201	0.444603250418426	138
-0.00993430989131006	0.622858687332825	138
0.079096880171407	0.804050573186279	48
-0.01927442734487	1.32824471969529	48
-0.04677889086858	0.556526091399471	1855
0.0859190758570369	1.23357670338179	33
-0.0492996175823099	0.555233675587554	683
-0.0460482544174099	0.949637777997737	1
0.04557485564659	1.10914804228693	1626
-0.07265027434108	2.00432232212148	95
0.040747834577953	2.28178829830698	76
0.020738412414645	0.682171606455253	12
-0.0446537473828901	1.39433898718478	511
-0.00287167886728001	0.649845796004951	549
-0.0952417642797501	0.46370004938593	272
0.068963206385894	0.857949430164707	138
0.037558015953817	0.725673882291603	48
-0.0435721617895399	0.558263069819362	48
-0.05022524430668	0.553596604443502	1855
-0.10759357865935	0.428714425409515	1
-0.0818226658196901	1.38529262754283	33
0.080459329523997	1.20883623639182	33
-0.0478594826565599	0.548144030992963	683
-0.09467120851851	0.459765979053938	683
-0.00409286098628003	0.630303734422499	683
-0.08155089259182	0.869007781582833	683
-0.00630919474167002	0.986402794512258	1626
0.086324931160909	1.33444069493201	95
0.083669321914929	1.22724218147871	24
-0.0674581913197101	1.243055401904	76
-0.0868512355722599	0.452713644079009	305
0.076965912571598	1.07354624007885	12
0.054643730878602	0.778590408347455	549
-0.0440590882066101	0.95533894013365	549
-0.00365629023748992	0.652570245674334	549
0.00000397222390602359	0.660828238513233	86
0.062297637791505	0.8251798366808	22
0.086651685405456	0.778184798058402	272
0.045439126427262	1.47544942424791	272
0.059961856495532	0.768565614177556	272
0.038331334203169	1.34420881730719	118
-0.08773347870128	1.39931095863527	272
-0.0868639705604199	0.916823758375548	272
-0.0535920348730301	0.535414126823273	1602
-0.0110602127278501	1.02347980439879	123
-0.0249757902752501	1.21409757091223	123
-0.0859852605943301	0.89693808759218	5
0.018865915691117	1.07480624042598	48
0.094666666555862	0.921229826362509	48
-0.00366854860124999	1.00898262715836	1
0.055313087207995	0.825331112310498	1
0.055043429154387	0.823725136512412	33
0.033167042882272	0.726625211096377	33
0.078048719338241	0.878453473358102	683
0.026196557343384	1.56141140506996	221
0.042738162979083	1.1144892320987	221
0.091614631979021	1.43720726349989	216
-0.02017366945374	0.989366262896614	12
0.078933936564521	0.887887364735268	12
-0.0925457092728299	1.1317965407645	12
0.092328366863383	1.25657823466259	12
0.045361087647723	1.36193436337002	511
-0.000817296864320083	1.51402345181623	511
-0.09283414439006	1.82564845181221	118
0.022345201409268	1.31520041779626	118
0.019564173178648	0.677289364330579	272
0.035710638279519	0.743869746847287	138
0.092161941475065	1.26128242402582	48
-0.00475648303893994	1.01316641315936	1
-0.0427335027651601	1.14191365038782	1
0.089304235048965	1.39376317640556	683
0.061832708672795	1.15541882435551	575
-0.00792851375231995	0.616666695710151	1
0.00203670757494201	1.59685406981766	1
0.045564540509954	1.11284188928563	24
-0.11342274367869	1.79107949402937	216
-0.01031204900708	1.03893937538416	12
0.119958442148618	1.01751381168963	241
0.089073595933856	1.37151662142009	272
0.095998033064679	1.32792886840101	272
0.038329786443674	0.693972043909703	48
-0.01512144299665	0.994598101476763	1
0.025250084308004	1.3047018717504	330
0.10295453898667	0.975391528749129	330
-0.0455579951639	0.560957115681622	24
0.069659856816138	1.09294231032859	24
0.022468446675312	1.75892004729774	76
0.020793719522524	2.02761989564655	76
0.086732380225482	0.849281603058655	12
0.119051137535387	0.970069506144038	12
0.071644399008292	1.19377061676173	12
-0.10570550498066	1.80385878986566	86
0.045026601058396	1.11046685066402	86
-0.11879224931434	1.2792793199559	86
-0.0501462378441699	0.571811321146784	118
-0.09076115626131	0.462113942218127	118
0.00260689896136501	0.645281285372289	48
0.032598475062023	0.737058162225862	683
-0.05221923501375	2.35583542804402	330
-0.00879823828712989	0.985091643839356	953
-0.12465975590855	1.62578889439782	24
0.099570418784928	0.902377062795609	12
0.00858820119810899	1.79161856268583	12
-0.0465872177156399	0.545442228209102	12
0.0414574608363379	0.711794830932393	289
-0.0907646896955201	0.853375609711393	86
0.044595930495816	1.07855879377922	2269
-0.0835798549145199	0.873944020504085	86
-0.03877912544892	0.891730407911535	118
-0.0435056956659201	1.15263586977278	118
-0.0991963994899101	0.443958542634964	272
0.090507635996349	0.918052927524101	48
-0.0436362132063599	0.531783613305597	48
-0.0437448982783799	0.528945351793063	1
-0.0525586110780301	0.572250981491134	1
0.070674312670133	0.745722355530134	1
-0.12470354163273	1.35642541502305	1
-0.00584030827094995	0.658939468602774	24
-0.0957856613336101	0.477728056382184	24
-0.05347552992674	0.555400916079688	953
-0.02074009450975	1.43843623216395	221
0.048344135591652	1.41780340615292	216
-0.0590894362833501	0.518554709875554	511
0.025206616382122	0.705657910589433	511
0.053627645997581	0.810826510135183	289
-0.00454055656332009	1.01875759411165	289
-0.0877568448364401	0.456556769573445	2269
-0.11855754528245	1.50274163807594	2269
-0.0957856613336101	0.477728056382184	2269
-0.0896352697527101	0.473987491495537	86
-0.00189387592944001	1.59286175332709	118
0.033080186880196	1.0605169229791	118
0.114808745743742	0.924148907662286	123
-0.12216537537468	1.55312603068839	118
0.047419756806959	1.07538239720242	118
-0.08308828789073	0.844027751261901	48
-0.04129697310491	0.951645064959783	349
0.048090937867298	1.43072168309646	1
0.043776113641228	1.12092684889798	24
-0.00231524084546009	0.661104515128733	221
-0.00486849596199002	1.03481729841787	221
-0.0470786211552101	0.517386264047334	6
0.031559313862228	2.10599299792987	6
0.00218353333954802	0.65434621594501	983
-0.0829522688690001	0.919394571823517	12
0.071971146689679	1.5684951430666	12
-0.0183218119566599	1.41112500762574	289
0.0312364608078261	0.691151737632113	2269
0.100994577936852	0.917351063896035	2269
0.03913153951251	1.33040167665994	86
-0.0414494049404399	0.949203907734589	86
0.106770678434413	0.985413853202041	118
0.0494619058360261	1.57009468499097	118
0.095533933430464	1.31370361161497	118
0.078556925782746	0.893792792804776	123
0.094091222107935	0.947852923907519	48
-0.00325112575785003	0.995089251097727	48
0.002638874986165	0.983916672533907	253
0.043748525705904	1.10544715149146	1241
-0.02717220485476	1.23936863865371	1241
0.0267891785230689	1.04720567745992	1
-0.0185110156322701	1.2073743517524	6
0.087019347866118	1.29181870351571	76
-0.03966136503938	0.523053550208656	76
-0.0879736883809401	0.470206436380931	76
-0.0957856613336101	0.477728056382184	76
0.00369484837390699	0.642712849475021	88
0.073057325213709	0.870678413677272	12
-0.04651129677318	1.10608334726195	12
-0.12110845178715	1.3092913159172	289
-0.11272920220141	1.51945647798492	289
0.038329786443674	0.693972043909703	86
0.030059602725689	0.741431275269108	2269
0.034909000701336	0.707163941975067	2269
0.045257279428762	1.56393912659543	227
0.082064394855586	0.843844952660189	349
-0.0220759786093101	1.22756266106845	349
0.077841744617115	0.885432569062978	330
-0.05945365500338	1.65777390631713	953
-0.03687533561059	0.954047933728983	76
-0.0478594826565599	0.548144030992963	305
0.085636280741881	0.859563906634755	305
-0.00502222922251994	1.02342034477004	88
0.08603361354398	1.29524095933252	12
-0.10928785999773	1.49751494103788	511
0.020426883272058	1.00859914412699	289
0.03817481585498	1.09452660812241	118
0.051900721790508	1.38110963575591	118
-0.0647550223554601	1.18502866506524	118
-0.11745330667438	1.71923156420226	227
0.117739419422062	0.96398471884994	227
0.033854809417781	0.739127547862949	48
0.100991442550058	1.28495027358307	1
-0.0874367275653101	0.44666299701452	349
-0.00910542896012001	1.0145934455351	349
-0.09778018062344	1.48968081545293	1
0.089762716038122	0.831779148090904	1
0.064245844768351	1.134144217872	221
-0.0284363448986	1.88631882651977	216
0.00831519681850901	0.611480727052579	6
0.01305940483795	1.20825850287825	76
0.045609823936813	0.682901328789258	76
-0.08902555540462	0.865965141375677	76
0.0313813340989521	1.39339684592253	12
-0.12485326130783	1.03749118844459	86
-0.09590922897202	1.32287598910451	86
0.04509082527816	1.10425957732033	86
0.0000478745571179662	1.01644922598341	86
-0.00276898469085007	1.42383346573736	459
-0.05362534432434	1.19919771737174	118
0.033196720183747	1.38117180130162	227
0.07925215559195	1.23002853452303	48
-0.0525586110780301	0.572250981491134	1
0.120827921818852	1.14924699533664	253
-0.0400434508193901	0.945432844560201	253
0.117967988913686	0.977171949167135	253
0.020461022006122	1.05293399290585	349
0.042630899488512	1.40346601075082	1
-0.000133272760860059	0.662857840443435	595
0.0308729192027249	0.730322079133245	1
0.077030654548728	1.32226417915717	221
0.011056538353391	1.58525172081448	221
-0.08609995458729	0.457412014492507	216
0.066849233578915	0.841665166118952	76
-0.0845868655895301	0.918788350175135	76
0.060583166422422	0.783147600186492	88
0.0544311859841911	1.04217785662885	12
-0.0822002195792799	0.857734894246244	12
-0.0168542125512601	1.19231037385405	289
0.103673818047485	0.965065919735649	289
-0.0848369111605301	0.867334936995401	86
-0.12103632118239	1.78730469061598	118
0.048301123766919	0.787902961493349	118
0.101253570889378	0.90134454072381	123
-0.00663440624155998	1.02523973185383	227
0.00924371446087302	1.31769031574161	227
-0.05520341155805	1.22738753746117	227
0.054683321292719	0.816199440712365	227
-0.02763278503329	1.2282812923446	48
-0.0512928982366301	0.575164026889131	1241
0.070598499147404	1.10803965753794	349
0.116718154542453	1.00806889556612	1
-0.00117955800701997	1.24218905755712	112
0.012954723051988	1.45244146390758	221
-0.08072960778629	1.63797292414748	221
-0.12452507207052	1.32056273078152	221
-0.0442889078490001	0.558103864450118	216
-0.04574907362547	0.55425675814768	6
-0.0917152196017399	0.460275021999994	76
0.107464967654934	0.902766738044476	76
-0.09151798882878	0.885748491800956	76
-0.0410439893472201	0.556148258118499	88
0.062297637791505	0.8251798366808	88
-0.03830701215169	0.956441584824662	86
0.100724166251746	1.3834438207479	289
0.067197969238509	1.18925020776703	289
-0.0278689911410199	1.16437835419746	86
-0.08329900531894	1.11407616006262	86
0.05601830939729	1.6985474343282	459
0.124114570729506	1.06744187825036	227
-0.00168055118364996	1.01717962530758	48
0.11446006174427	0.955056109447114	112
0.061341496019523	0.825839503455749	470
0.057050735854523	1.03856463592069	6
0.036286297562513	0.736372946127708	216
0.056420551179539	0.771491775149041	88
0.045694930722385	0.770699544792934	88
-0.11961912818228	1.35181037922463	12
-0.00314331125476008	0.640112769804506	12
-0.09296163184436	0.467523780469435	12
0.038593889717717	0.724816598091681	86
0.048829795654347	1.09497331410158	86
0.102403145374287	0.904262285716411	86
0.105716496109848	1.18993116540879	118
0.0680126470871491	0.776244109374351	25
0.078933936564521	0.887887364735268	227
0.117967988913686	0.977171949167135	227
-0.0467081329182799	0.564211260599411	227
0.07615254919412	0.867929902708913	48
0.090327112677392	1.21840937111647	48
0.028799633773663	0.735877778892253	1
-0.0620902333536799	1.36529720704793	253
0.114145630449846	0.945996506994056	253
0.021277338209357	0.981633879413345	1963
-0.1215769889293	1.00726241804936	1963
0.033965707015042	0.713149155690863	349
-0.09494838565081	1.34082852279156	349
-0.0426270948507399	0.97595895065732	683
-0.0421915505985699	0.544815039196702	112
-0.11963453452135	1.35323854291665	112
-0.1170583255619	1.34204150157625	112
-0.0410439893472201	0.556148258118499	470
-0.00733854141621992	1.27233724951404	470
0.041715770777399	1.08665207744288	221
-0.0925245135169901	1.52264906471281	221
0.11961958350701	1.07451600913584	221
-0.000820275287239936	0.642641089784796	221
0.079926668793446	1.2084830291577	76
0.019500724522951	1.02245680570115	76
0.062297637791505	0.8251798366808	76
-0.0907719906518201	0.876114735807161	76
0.021975825708291	0.999364212105711	12
-0.000133272760860059	0.662857840443435	12
-0.00778569395341999	0.633700780057383	12
0.029831016806502	1.02978269659918	86
0.029973369977533	1.02528818786895	86
0.041783650160711	1.38627240065061	118
0.077093953340087	1.96238133681896	459
-0.0404189235010199	0.949295847553066	4
0.085993450520629	0.874269415953679	4
-0.08420890927116	0.893012533379881	227
-0.0068617535167701	1.01632587809404	253
-0.00610993267061999	1.02291256366843	349
0.085133548610999	0.905786864959386	683
-0.0543169120998099	1.3945672367075	470
-0.0869321582956599	1.29614985537605	76
-0.0501462378441699	0.571811321146784	76
0.086729277819805	0.814147137007163	12
0.0848580054325651	0.883323215490882	86
-0.08724815584776	0.902138666647255	289
0.059105350086563	0.827292903597036	552
0.091131417993224	1.50059413638984	459
-0.0838214435529101	0.866771455629915	227
0.017488459547562	0.680349512155106	48
0.00165341631187199	0.637427103001318	48
0.105102000731682	0.90805890010682	48
-0.0947336371552301	1.17839051960442	1
0.00941670709416398	1.23171618190576	253
-0.12486410437821	1.07479231807002	1963
-0.11686469746379	1.55972042199765	1963
-0.0868219760775699	1.16402833780458	1963
-0.00377654143506989	1.01795011658808	349
0.081776150133539	0.854291435314578	595
-0.0344311704186799	0.948211403180874	112
0.00512980292014498	0.960884481876368	470
0.018736549973612	1.31019957713991	221
0.122583071365644	0.946807565408549	221
-0.00081622911379009	1.0188177462052	342
0.030059602725689	0.741431275269108	89
-0.11857995707206	1.35348268440933	76
-0.0604127127595699	1.201354196954	12
0.025000869604661	1.01998580063233	12
0.042807473173628	1.09586120996921	86
-0.0896376701933801	0.893409158329756	86
-0.05426737515562	1.20827019945331	86
-0.0313837240027901	1.43925379027572	459
0.00143268057295798	1.25740050181503	25
0.010499722478337	1.0311112788259	25
0.031561922559306	0.745179493359063	4
-0.09006140366036	0.449424605342317	227
-0.00191064047066991	0.641856131488695	227
-0.09864416349271	0.450931176211324	227
0.026806464967452	0.734893091665133	1
-0.0887540720668401	0.866439939414171	253
0.104957378708013	0.869492416081274	1963
0.071473652838886	0.859018850338551	1
0.056468052312253	0.796700661801886	470
0.0627437623953741	0.808326274635064	221
0.043266330814385	1.09365553237797	342
0.106469629479124	0.951245456192923	76
-0.09349926382038	0.438623332949745	76
-0.09337007517516	0.46227128383205	76
-0.00505345790021994	0.652773361557277	88
-0.00844153963628003	0.649674660178523	12
-0.01188302868258	0.993224035661978	86
0.0511714294449041	1.05920333000146	289
-0.0432353512499499	0.546988360687977	86
0.094798159506381	1.56442903284898	459
0.0228968136577959	0.666879218291542	25
0.056105340167653	0.798418060712236	25
-0.0787725808658599	1.6191514612999	227
0.018950421936085	1.31794019297439	253
-0.00205238563730004	1.02125159605655	1963
0.108531253538669	0.932039426538264	1
-0.00338966412309993	0.651896166407549	112
-0.04498728812714	0.951622849166468	112
-0.04668542706602	0.976420138490256	470
0.027649947627357	0.73307637512409	476
0.119523999670461	1.00157477245799	1
0.103166034722134	0.964420349079795	342
0.06497591768677	0.7910203356968	89
-0.00300150226429996	0.637811325373282	76
-0.0917227226403099	1.47973391176485	76
-0.0810609529842099	0.853410144484028	76
-0.0035419872490301	0.64379526203173	88
0.064531658442178	0.805560630186316	88
0.018973295443115	1.08064852734138	88
0.100379292002693	0.968097913950086	86
0.031782937194495	0.750677775824844	86
0.060665741220862	0.788985784060463	552
-0.08812067635973	0.877229991798517	4
-0.0478594826565599	0.548144030992963	396
0.09716038048138	1.2639271920762	1
-0.0879736883809401	0.470206436380931	476
0.001094055870279	0.659703879131162	221
-0.00957295659225998	1.42857461625007	76
-0.0896352697527101	0.473987491495537	76
-0.04092630996266	0.538037127741975	88
-0.09589300352896	1.16647200942841	552
0.037794401417924	1.42619975459729	118
0.092901039626116	1.55095024803672	118
-0.0176572017388501	1.23380050506205	25
-0.03948575151385	1.81306069327841	25
-0.12051381888261	1.55347198868078	4
-0.0872222022263001	0.458704578400995	253
-0.0176197281828501	1.49019557326873	1
-0.0558771419784201	0.557919705825202	112
0.05757549352215	1.00378724949472	1
0.041626425017794	1.2721677973013	221
0.101131370832842	0.923979953676784	6
0.038129440525003	0.729280842355423	342
-0.0885116487812501	0.456184286801699	1525
-0.0155191208996901	1.16316771963083	76
0.059335126677045	0.80043954796308	76
-0.00610816685175997	1.04246917824394	88
0.00329054766172898	0.958417187016432	86
-0.03739229365969	1.40881344509571	86
0.053235967227198	1.09008335442331	86
0.0183073095734581	1.02632229235487	86
0.085010435142409	1.14944031538543	86
-0.0779452446728599	2.02414243672837	25
-0.0625573381906801	1.91197751984041	227
-0.10108627925347	1.7840799608663	1
-0.0479791159705401	0.563448784402162	396
0.100798052562527	1.58241097205742	1
0.0200009755139851	1.02431256742225	1
0.056400493809369	1.10864232152296	112
0.032845462181413	1.34589624286254	1
0.082340509245341	1.2097890095795	76
-0.04821839906676	0.517893698827528	12
0.037587925611402	1.34012301351529	86
0.103628087036688	1.35653561137219	743
0.070897652038155	0.709005979690615	4
0.088990609438423	1.2662985463579	4
-0.0593209365579801	0.528631827761515	253
0.096192377504685	0.945083120170236	253
-0.0512928982366301	0.575164026889131	1
-0.0225820100373499	1.21933508859304	476
0.038424069242989	0.694795896371689	221
-0.0872222022263001	0.458704578400995	6
0.041948469608193	1.53224417191193	76
0.082725991584673	1.22347315315902	76
-0.0441097411736799	0.953297413042508	76
-0.0455579951639	0.560957115681622	88
0.110870766955363	0.971348920058127	86
-0.01095629449022	1.58990819976917	25
0.085174350124865	1.22101996510635	25
0.111843919026855	0.977826442076831	743
-0.0263213266201801	1.2879888077629	25
-0.08800515264069	1.68658497590931	227
-0.0546116272033701	1.64406360510626	1982
0.024104145633447	1.00612803948141	48
0.054907308138199	1.14439817290156	48
0.110820373527033	0.992096270784124	1
-0.0879736883809401	0.470206436380931	253
-0.0957856613336101	0.477728056382184	253
0.034981257342569	0.951600750114686	396
-0.12164368551556	1.35982019662799	1
-0.0789150803688301	0.886779168075925	476
0.085767734658067	1.24550184354121	476
0.018572725878366	1.06623023533155	335
-0.0815606991467599	0.883687074792333	6
0.00954159172520697	0.597800494541583	342
0.06296146724852	1.12348690600634	1249
-0.00703285604552995	1.2556177454262	76
-0.04239594315427	0.992204918781973	86
0.068852999497165	2.10230092363998	459
0.105588930390674	2.33362238649411	459
0.048945771001396	1.3433754535345	227
0.104228519774811	0.90060801382915	1
0.100995367880693	0.934190140100602	253
-0.08522160734927	0.900655974567629	253
-0.08129953530121	0.882089400004919	636
0.112622089381281	0.945026975889798	221
-0.0535920348730301	0.535414126823273	89
0.033042539020946	0.740782264301719	76
-0.00410107651716007	0.633290119983103	88
0.021864109399014	1.06639260834006	88
-0.0750586392083099	1.08600740684122	86
0.018631355730325	1.03040245418132	86
0.116483553332494	0.964608860930675	4
0.030837442053038	1.31599375723908	227
-0.0802996865441401	0.886316652998455	253
0.033832747470209	0.72213357235801	112
-0.0435721617895399	0.558263069819362	112
0.043314031415866	1.09167261485536	342
0.059424884433105	0.792785123714705	342
0.082973598215606	0.817610006057466	86
-0.0911574375069999	0.895238943159425	86
0.073471830768945	1.10044601028621	25
0.120568938410481	1.01769536046293	25
0.071381322658413	1.18530006805013	48
0.112167343271262	0.978777669645381	236
-0.08585400321765	0.915853562570033	476
0.059833918458438	0.775010046952408	476
-0.00528449497704009	0.975295897348472	342
-0.09139000734058	0.834864736564724	76
0.060271322746251	0.781662003317302	88
-0.09296163184436	0.467523780469435	88
-0.01183592044919	1.1784120829686	86
0.0557082591428481	0.802174575753773	289
-0.0155330606916499	1.22214329237324	86
0.050572616894832	0.789711365434009	86
0.112844131624909	0.978680987808601	86
-0.04953488479595	1.19736719420091	118
-0.0511026412197	1.21574241145577	4
-0.07977005558981	1.79321240275335	227
-0.09158463682831	1.50179157510421	1982
-0.00625765253706989	0.646795059371853	4
0.022122541994855	1.31700245561854	48
-0.08685831819644	0.884019547475048	253
0.029491553753893	0.727201785151999	1
-0.05884393515542	1.37811215164487	6
-0.0890216034181099	1.32722970097523	1249
-0.0455579951639	0.560957115681622	76
-0.00967043459934991	0.647858644007831	76
-0.09076115626131	0.462113942218127	34
0.097921951007479	1.42712534918808	88
0.00000397222390602359	0.660828238513233	86
0.045255370696989	1.06143017328791	86
0.075137631357318	1.19549798060482	118
0.051710408402189	1.07542875294353	25
0.064245844768351	1.134144217872	227
0.041919658696722	0.708150663762322	253
-0.0885742717533	0.86533174753645	1
-0.04466747577538	1.15070645204101	6
-0.0056210357986699	1.02801163957172	6
-0.0879736883809401	0.470206436380931	89
0.031549645057155	0.721132134250581	88
0.100217425542086	1.39241167551428	459
0.03948188235675	1.12539305394235	227
-0.0442889078490001	0.558103864450118	253
0.021050176960572	1.06277822685191	253
0.062614529721605	0.796814851371263	253
-0.05389919771424	1.17454280497561	396
-0.0579517476368401	0.532089966891847	1
-0.04122942874381	0.978226242346923	476
-0.11705772378811	1.28449939358528	476
-0.0487623429238799	0.567341166883756	6
0.036284921630139	0.707356232642315	6
-0.0465872177156399	0.545442228209102	342
0.0803496912978901	0.824800610675901	88
0.037391469017466	0.697709344736126	88
-0.00205213341012001	0.640885749434682	88
-0.0408771695847701	0.980045587849169	86
0.075711072011786	0.88084228527688	109
0.093445842642527	0.923019465880776	86
0.100688809731717	1.69061228913725	459
0.105151856751163	0.89357694984701	459
-0.0874951806177799	0.896406077589305	459
0.022983044910636	1.05220719743254	1982
0.00218353333954802	0.65434621594501	253
0.059783012760565	0.825315589666822	253
-0.00589717029636994	0.582725231389566	1889
0.082973598215606	0.817610006057466	1
-0.0524407891085801	0.558380071180213	112
0.120703683596271	1.02567525904782	89
-0.09467120851851	0.459765979053938	86
-0.08067391249054	0.865906727761306	109
0.112128511231804	1.01121397438912	25
0.093895579912455	0.909748360399932	25
-0.0386643116035601	0.980581530219641	4
-0.0210753934366601	1.22214795356973	4
-0.08773698087988	1.16941404538939	253
-0.0848444120760801	0.90964920445916	253
0.053761749127816	0.817538750850854	396
0.023528486270853	1.04828044051255	1889
0.039850779345077	0.721521988267945	405
-0.0854678031401901	0.886007255941309	236
-0.04436975449322	0.930915314889417	335
-0.00352415347485002	0.659751569934609	2201
-0.0952417642797501	0.46370004938593	89
-0.00557374136966993	0.642523803263549	1338
0.0828032852094171	0.83873218272168	76
0.082835435732687	0.882457073297276	86
0.052481037692133	0.791828670251045	86
-0.0434857114907701	0.959751185796878	552
0.034191359460846	1.07532619588228	552
0.064933748580577	0.801391350438764	86
-0.00135882668888998	0.645355651418867	118
0.082467605719195	0.885106230511756	4
0.021899101481014	1.07453885012348	227
0.122107703383202	0.924976317420433	1889
-0.0877568448364401	0.456556769573445	112
-0.00570820314685006	0.658037098839518	112
-0.08609995458729	0.457412014492507	476
0.032489584081557	0.71286981089539	335
-0.08219385541825	0.914953662359333	6
-0.09467120851851	0.459765979053938	147
0.070751831799398	0.860335034423196	88
0.00613754749141304	0.613177237950805	86
-0.0845949187459201	0.87080267085893	86
-0.0922570448975599	0.460976707716774	86
0.028455923276138	0.735011277363083	1850
-0.0386643116035601	0.980581530219641	118
0.030746384519874	0.749578647192825	227
-0.0801725052883899	0.893562458525496	253
-0.00352415347485002	0.659751569934609	396
0.0632294128023641	0.794239168636358	1
0.033392568226625	0.73163554255015	405
-0.05347552992674	0.555400916079688	476
0.062590527296314	0.766330584243592	6
-0.0818060753918299	0.860442356493746	34
-0.08888026990326	0.457840071173562	682
0.058058208870381	0.809021166042885	86
-0.0121491154386	0.988341129097665	118
-0.04602449018887	0.945251782632719	4
-0.04941151287131	0.559545936762378	4
-0.04551894552443	0.550553381496594	253
-0.00300150226429996	0.637811325373282	45
-0.0360756003275999	0.959518669182127	476
-0.0974461899839301	0.474113478007243	476
-0.03700194995708	0.957960665197549	335
-0.0978869724840501	0.44614914936298	147
0.0568205610721449	0.800616088503949	1338
-0.09017312384262	0.45534180700655	86
-0.0424226394513201	0.54332049376705	86
-0.0978869724840501	0.44614914936298	86
0.042526488726919	1.12303990604476	86
-0.0896352697527101	0.473987491495537	495
-0.0896376701933801	0.893409158329756	253
0.028686082988214	0.734078809128333	45
0.091672724352818	0.791199248051404	6
-0.096902421779	0.465714266463174	803
-0.00273048268130993	0.650539830170363	86
-0.0384646533758399	0.92816874915511	4
-0.0434570864321999	0.547533966432391	4
0.00397005625537805	0.621028867897075	227
0.078543431134617	0.864813043615077	253
-0.0875610446339099	0.852048844869979	1
-0.0560625343887899	0.526974504507941	1559
0.024899859909558	1.04012567189146	241
0.00218353333954802	0.65434621594501	241
-0.0995395882089401	0.445788525247622	86
-0.0845949187459201	0.87080267085893	86
0.077421113630889	0.870436096440605	86
0.035689481774063	0.70978686590586	86
-0.05073247849004	1.38772860292622	1850
-0.11978701790909	1.24561596556948	253
-0.0492504047483799	0.559130158062595	45
-0.0468934678794799	0.569889133741175	1559
-0.0442889078490001	0.558103864450118	147
-0.03788012544373	0.930698879933316	1338
-0.0877568448364401	0.456556769573445	88
0.031337217048002	0.732193175003486	86
0.00857499620442703	2.19020642033407	1850
0.090368534914908	0.894987197984157	227
-0.0205611207207801	1.49870304379997	227
0.035112764432147	0.729550060068018	45
-0.09910777302733	0.462050725237245	476
-0.000961453269590073	0.638377988886512	335
-0.0912979172117801	0.473002093574455	6
-0.00115057448363998	1.61872453229066	89
-0.0103396014528001	1.1617468907959	296
0.085491766036852	0.837246158776628	798
-0.0442889078490001	0.558103864450118	88
-0.0456965838799701	0.96564119051052	86
-0.0459890416186	0.542884852335981	1542
-0.00870252752285006	1.03050584201813	227
-0.09864416349271	0.450931176211324	227
0.081704179626938	0.828531804208005	253
0.022268899832533	1.07706241308597	1
0.0600626095742251	0.830533901834022	1
-0.0500274753415599	0.57372796915115	476
-0.0957856613336101	0.477728056382184	6
0.078926888949956	0.866741489004306	335
-0.00467140227060003	1.26527001823748	89
0.0650941445477869	1.15225849643526	296
-0.09864416349271	0.450931176211324	798
-0.09864416349271	0.450931176211324	86
0.065258489816894	0.807955172079446	86
0.121043908955541	2.22062685389935	235
0.016332078349483	1.69870676229056	118
0.02910906238863	1.3041223558148	25
-0.00697273601805004	1.04294857918601	182
0.03518947045564	1.11267966263669	253
0.081324269216164	1.24709079003439	1
-0.0519268188182001	1.20445418208404	476
-0.0151656581461701	2.33396048959374	1850
-0.09183566183058	0.450426352848163	182
0.123964554276512	1.02075437968851	182
0.061657462989243	0.810191334570344	1
-0.08002368947684	1.35780612250963	426
0.063296859535813	1.10469635623095	426
-0.05147841178312	0.553037704255031	476
-0.0440590882066101	0.95533894013365	335
-0.00628405937940002	0.636089552643871	6
-0.0487623429238799	0.567341166883756	554
0.05849293744999	1.09448414547042	88
-0.0939117489132899	0.457714841559401	86
0.059558150001188	0.807869562061209	86
0.082656105896123	0.857465390184785	1850
0.053636244503826	1.57990349142584	4
-0.0855651880702799	0.45518361508974	1
0.00383433347006501	0.642284678739959	476
-0.0913556715458399	0.447109114242901	6
-0.04197889721599	0.532285323822813	6
0.029491553753893	0.727201785151999	554
0.00237879334504798	0.982307393498009	1338
-0.09296163184436	0.467523780469435	88
-0.0844671519810301	0.88919233396851	86
-0.09076115626131	0.462113942218127	86
-0.0870729646669901	1.11201505041754	1542
-0.0489723351900999	0.549112417120015	253
0.00367852770280597	0.615416320966855	45
-0.0852080400423201	0.874294433422176	476
0.000267258678823046	1.29013430493262	476
-0.12116297688252	1.46664759599112	89
-0.0196443615972399	1.23976754376509	89
-0.00624922836398989	1.01813308752485	88
0.037330616790935	0.707355829185972	88
-0.0825487327130401	1.37451522599496	88
0.029564799292373	0.698647782849611	86
0.0979353449960611	0.880863437257098	4
0.0813761730732639	1.25200183184535	476
0.064843766386936	1.11919406665841	6
-0.00273048268130993	0.650539830170363	296
0.027895788024629	1.04564267660118	34
0.116259093900071	0.912585874397054	88
-0.0912715957953101	1.32210910934792	88
0.0986150710610429	0.862376653074791	86
0.02865223829118	1.22053149495769	4
-0.0546170860463899	0.558500464119768	4
-0.0468585510998401	0.955730848915744	253
-0.0539434574083899	1.21831958048444	4
0.065887877701864	0.793012463627334	153
0.0122765634143071	1.23424551208426	6
-0.0749946093499301	0.853945945064056	89
-0.0455353327782599	0.971315877431983	88
-0.0375347001689299	0.921719925913433	86
-0.0348995952336799	1.23639543048898	86
0.03302590659452	0.704861256849253	86
0.077899332562277	1.24480213217656	800
0.00613754749141304	0.613177237950805	253
-0.00723766254959002	0.637177141451942	1
0.111339205767517	0.954769567408665	1849
-0.09864416349271	0.450931176211324	328
0.106465714613497	0.874403425111675	296
-0.0879736883809401	0.470206436380931	88
-0.01641049087784	1.22243736503682	88
0.026155394420104	0.732759122861391	86
-0.0957856613336101	0.477728056382184	86
0.00272903000222602	1.24682653811486	109
0.103635952255634	1.72242221746368	2109
0.00183168838401404	0.950352182855037	180
-0.09017312384262	0.45534180700655	476
-0.09556749027374	0.446693039013051	417
-0.01274763133993	0.987489792319853	426
-0.05233523159704	0.535888047474955	6
-0.0950259713882999	0.458986795005591	2293
0.020440278142826	1.36377807945911	89
-0.0640873130117201	1.33425371120332	89
-0.00734230588262008	1.02651530669349	296
-0.02000898404274	1.24672829989454	88
0.021882881514046	0.977912864858497	253
-0.0930129160133	0.457794321807033	45
0.105351763672095	0.845968565939027	180
-0.03716308051927	0.977753477749262	476
0.090110728725283	0.844019054452063	476
-0.09076115626131	0.462113942218127	366
0.110820373527033	0.992096270784124	1849
0.032131767059694	0.735779430069716	1849
0.038129440525003	0.729280842355423	6
-0.0917152196017399	0.460275021999994	89
0.097554369820833	0.904959068071819	89
0.007945124442017	1.26181609232221	296
-0.08396347142026	0.913178066174638	109
-0.0501462378441699	0.571811321146784	86
-0.09017312384262	0.45534180700655	86
0.124291321903215	1.62908898611966	1850
0.0409549450635081	1.0763355953122	180
-0.09337007517516	0.46227128383205	17
-0.0971322311460701	1.15995069069463	476
-0.1195854395065	1.34437888278458	476
-0.0487623429238799	0.567341166883756	1118
0.103048956688285	0.927572816553581	1849
0.0568212457170511	1.15112215144929	1849
0.081950911831241	1.21835027367369	296
0.07632888856292	1.23669290177285	89
-0.0168542125512601	1.19231037385405	88
-0.0772405145283199	2.22887115292822	4
-0.0924249755392099	0.46122583660099	45
-0.09180442145225	1.19270259763013	180
-0.0174474833704701	1.46228205379003	180
-0.01340693740705	1.2365124900527	476
-0.0941261860321601	0.475602896245786	89
-0.0939117489132899	0.457714841559401	328
0.02910372991066	0.735575469212794	34
-0.0868512355722599	0.452713644079009	88
-0.0140276931396801	1.03078433505132	30
0.074592636239519	1.24084895139648	4
-0.0468934678794799	0.569889133741175	460
-0.0441670859836101	0.554084333321905	460
-0.0912979172117801	0.473002093574455	45
-0.05356756015925	0.527676894225802	335
0.00135896652248602	0.633963686063865	1118
-0.03653609211213	0.513764620725898	193
0.079972210730738	1.40244405574028	296
-0.08071242378126	1.15117349388936	30
0.124424716187186	1.64159194145361	4
0.0946565491724179	1.51729096503538	4
-0.0848635383310199	1.17411722888745	4
0.116660051416672	0.969089090311446	1
-0.01053271641418	1.00794315745145	6
-0.00584030827094995	0.658939468602774	88
-0.0468273848285801	0.560212678289747	88
-0.02622267034654	1.22067701143916	88
-0.1036616401609	1.97031161126439	4
-0.0982114069532101	1.36111538896394	4
-0.0957856613336101	0.477728056382184	460
0.119246877789975	1.00877707950244	180
-0.0553981600394	1.40602302299263	180
-0.08895074491437	0.448194438754559	1974
-0.0039622654742999	0.6535678275158	476
-0.00519226457080002	0.636795938374496	1277
-0.00400182114562009	1.03240401597492	296
-0.04135978670936	0.952711876205694	573
0.0630247189627891	0.806466182319592	573
0.094137488385945	0.93073592072369	30
-0.05947728947078	1.13844696642706	4
0.03195072682704	1.37246493466188	642
-0.0997493349699901	0.440682985092292	476
-0.0364992808651301	0.902977048849361	476
0.031385467395646	0.704831331943487	426
-0.0786572796173499	0.897414762090203	1118
0.051711481202516	1.03629698409443	296
0.026947317429496	0.720838759043788	86
0.017942765446253	1.04565035226855	573
0.0797534229988121	1.18260710231355	573
0.063764491423027	1.10655566121399	642
-0.09623289730188	1.15699352661651	642
0.052968172475565	1.43207630064719	642
0.094091222107935	0.947852923907519	192
-0.0604606385631801	0.531355788269763	779
0.028537995690456	1.07144626043669	180
-0.11406000434122	1.29690961945671	180
0.060840864074183	0.810031499579379	18
-0.0896352697527101	0.473987491495537	89
-0.0579833661159701	1.40042902221853	89
-0.03705488482929	0.913548286388809	89
-0.04906031991546	0.922616852914177	573
-0.0207276585368801	1.22230289193399	30
0.039709443912843	1.09284614689103	30
0.096023938425042	1.16359109047587	192
-0.0991963994899101	0.443958542634964	45
-0.0488824223933499	0.57038591806793	476
0.095984496298073	0.918988442503711	1849
-0.0855651880702799	0.45518361508974	18
0.029022713271601	0.738492679790152	302
-0.0835798549145199	0.873944020504085	302
0.024607420328267	1.06330859844761	199
0.123481060964978	1.01563704478148	199
0.116236831609448	0.974169688954678	992
0.001094055870279	0.659703879131162	476
0.076926300211454	0.866799270841435	335
0.038329786443674	0.693972043909703	18
0.04124991333078	0.702792097757015	302
0.028686082988214	0.734078809128333	697
-0.11002024460045	1.77856189742758	642
-0.0389005336325701	0.967323911799706	192
0.112610914092648	0.975293746305579	192
0.108272874842034	0.984812563916343	45
-0.0546170860463899	0.558500464119768	45
-0.1224691482317	1.3617727563085	476
-0.05303275326379	1.36786400001231	476
0.019296117524776	1.3117983924712	132
0.0709347405333261	0.863868692956622	302
0.095310908956289	0.914117614662562	109
-0.05667940689727	1.1757152846095	30
0.013108292114518	1.27652794122775	642
0.124025477951499	1.00794222301974	192
0.0876311471871411	1.80535390184142	192
-0.12348473072428	1.31519757358313	192
-0.11269082961916	1.76051068485082	192
-0.0884471674218701	1.12543066680476	192
-0.00940780752603998	0.993045749213325	45
0.054091087661207	0.824775059600268	45
-0.000118117238210091	0.635551120741972	476
0.023945193471857	1.05468829394527	476
0.020678004288212	1.07099053842483	476
-0.00314331125476008	0.640112769804506	426
0.083134332939702	1.28392545895101	1849
-0.0051934396239901	0.988665048928905	18
0.00562045981563697	0.920095977144448	18
-0.0447673219374301	0.960328556784288	302
-0.05473396025403	0.554834876255793	109
0.115170687128677	0.983426740295616	109
-0.02955307884534	1.25187601665767	199
-0.000412994888949969	1.22909869433825	573
-0.0155560970939901	1.21904718693725	573
0.000412840834583039	0.634195960200818	30
0.096500627956392	1.36115115535007	642
0.020933934042413	1.06291500573832	45
-0.0922570448975599	0.460976707716774	476
-0.09338434176161	1.16085010025696	476
-0.0872222022263001	0.458704578400995	476
0.029487580785218	0.747423473789427	476
0.038815724320447	0.722377053697474	89
-0.0457228786523301	0.514426581164456	18
-0.0842167272763401	0.916458473503145	89
-0.0330534705328101	0.930678055369394	109
0.097018526675573	0.925679475892384	573
-0.12198517562364	1.62341704155296	642
0.093721754161924	1.29712132899884	192
0.072308439769147	1.10253742138551	192
-0.00998095587243997	1.47966713010708	4
-0.0896352697527101	0.473987491495537	45
0.096332668911846	1.275691368551	476
0.02541089040945	1.26604928553136	476
-0.0914469053358999	1.57185170242881	132
-0.0305593136085001	0.915999044432285	1849
-0.04551894552443	0.550553381496594	18
-0.05610643755804	0.517531206834868	18
0.0292639827462871	0.70874039070916	296
0.00000397222390602359	0.660828238513233	296
0.030756746869433	0.723177684866132	296
-0.0995395882089401	0.445788525247622	199
0.11686162808765	0.995770138411144	167
-0.05426737515562	1.20827019945331	573
-0.00730320367924997	1.00112629482029	573
-0.00697273601805004	1.04294857918601	573
0.079572047054139	0.859125262522194	555
-0.0399482766894199	0.986170211850301	555
0.091006837320488	0.903793771742969	517
0.0783920476239211	0.866587072948007	192
0.038670646253726	1.40833227877666	4
-0.08727631836783	1.32882506357436	274
-0.07726349641904	0.884506925786279	274
-0.12448932215319	1.08021520379429	274
-0.0122680842175	1.0131429235401	4
-0.0547028893597299	0.518016402965898	1493
0.0414574608363379	0.711794830932393	45
-0.0787840889223199	0.83597854584091	45
0.123362683743361	1.03005878865014	45
0.056698902184133	1.1624655020807	476
-0.00409286098628003	0.630303734422499	476
0.097024867910781	0.942724818273028	476
-0.0575047391396899	1.21597943280122	476
-0.00411990708979992	0.988352377980852	476
0.076074599614863	0.891473329582223	132
-0.11062835203751	1.42956917544067	1849
-0.11057427218598	1.49433136879936	18
-0.00532716133972011	0.62867610687597	18
0.111864727647613	0.992333267658087	18
-0.0940898662343499	0.456140130105275	590
0.06577916969438	0.795642000419164	590
-0.0492504047483799	0.559130158062595	296
-0.04122942874381	0.978226242346923	573
-0.03961740279916	0.974888777620072	573
0.069144048917679	0.839801639160188	555
0.068548220460977	0.769832256956026	555
-0.0531966151713299	1.21721402899314	517
0.110764442362786	0.948477957651834	517
-0.10030041299074	0.460148928800768	4
-0.04264391391487	1.18642685405502	23
-0.0845949187459201	0.87080267085893	274
0.039210069770564	0.682903426790093	476
-0.0171920651163799	1.24028540236851	476
-0.0338794064174699	1.2194395808525	132
0.026675478572923	1.03430884918452	18
-0.0501462378441699	0.571811321146784	590
-0.0896352697527101	0.473987491495537	199
-0.0842167272763401	0.916458473503145	2297
0.058466438844982	0.797039220138729	167
0.055343034944124	0.764112095921748	573
-0.00550155295385002	0.997559071570227	573
-0.08230638397862	0.878427603600021	573
-0.0794093099381901	0.872904812943751	517
0.027985284997103	0.731726257363063	30
0.078013446737476	0.823417544094972	23
0.0915572813057049	0.816179931854611	192
-0.0896352697527101	0.473987491495537	192
-0.0424226394513201	0.54332049376705	192
-0.04913205769592	0.547473684070202	192
0.100811291628524	0.873004368107752	274
0.03168523328429	1.41074098957002	45
-0.0723502113050301	0.815066742625509	45
-0.0468273848285801	0.560212678289747	45
-0.000483843189619915	0.988697356712701	45
0.022715574605686	1.0762342151806	4
-0.08585400321765	0.915853562570033	45
-0.0106928329585601	1.04107577978924	4
-0.0435721617895399	0.558263069819362	476
0.056419283062023	1.56328670239998	476
0.052044152113029	1.40759911889901	132
-0.10905525866252	1.619966487279	18
0.070101470726094	1.07473968409008	18
-0.0896352697527101	0.473987491495537	296
-0.04531526336283	0.538700007706826	199
0.050534375268557	1.72605565512077	109
0.00174196269753601	1.65233544246373	30
0.014783634848143	1.50269017446887	642
0.090925616380238	1.62039140960935	642
-0.0511026412197	1.21574241145577	4
-0.096902421779	0.465714266463174	192
-0.00570820314685006	0.658037098839518	192
-0.0873582700023901	0.880490407993579	4
0.083473049729299	0.903454028288704	476
0.09165968732647	1.27252310936292	476
-0.0855651880702799	0.45518361508974	476
-0.0943973443825801	1.30300835670514	132
0.076439844725266	0.887480057638843	132
-0.07625220002514	0.875653520396547	573
-0.0442889078490001	0.558103864450118	555
0.00068124687314497	0.617798592131508	23
0.02910372991066	0.735575469212794	23
-0.0488824223933499	0.57038591806793	23
0.121300795073535	0.997428905078105	45
-0.03997285574348	0.950699908618646	45
-0.0461578383164201	0.939474400260857	45
-0.00767582515634002	0.996034153516324	476
-0.0377364388941499	0.982273925022321	231
-0.00134254270824008	0.6440286917339	109
-0.0879736883809401	0.470206436380931	517
0.00216268293014299	0.61957173369367	23
-0.0877568448364401	0.456556769573445	192
-0.09337007517516	0.46227128383205	4
0.00215786544683405	1.27493021218676	1493
0.014085177191085	1.0779320492604	231
0.029022713271601	0.738492679790152	132
-0.09076115626131	0.462113942218127	1436
0.08120923732366	1.2342231443997	199
-0.0511952384957799	1.17659386844051	2297
0.00491174041716302	0.602802980589725	573
-0.0500274753415599	0.57372796915115	573
-0.0085775855529	0.648622179981057	30
0.079818914753402	0.893294189894784	274
-0.0749946093499301	0.853945945064056	1265
-0.00377654143506989	1.01795011658808	1493
0.053900855012785	0.800695202780113	45
0.037193629347989	1.12322362512667	45
0.028654208607769	0.69535489460878	476
-0.08232120323777	0.869067516581282	476
-0.00751460132859005	1.22247307253203	89
0.019280590367611	1.06843698815894	109
-0.03915431600478	0.940620611965054	109
0.038355545757119	0.718997730041231	167
0.035498509948635	0.672799068494022	167
-0.0457246418016499	1.14365387901339	573
-0.0209211114637899	1.23094257992457	573
-0.00600543683663002	0.948793202675455	573
-0.00205213341012001	0.640885749434682	286
-0.0085775855529	0.648622179981057	192
-0.0610633703886301	1.19252712491801	771
0.033404458401872	1.10690804282507	274
0.046877730219817	1.09118072251713	1265
-0.00448139775241008	0.649177480008214	1265
-0.01647960754446	1.00363774344385	1265
0.118628529479126	1.07305133587937	1493
0.029022713271601	0.738492679790152	476
-0.0930129160133	0.457794321807033	18
-0.10140677720548	0.449355703025477	339
0.033851254488974	0.695444485986027	109
0.06290356548454	0.792383177611204	286
0.080554990258778	0.878778693317645	286
-0.0931053687685399	1.68328184153236	1250
-0.0186460358013001	1.78776398904675	4
0.063407615807105	1.1446205265928	23
0.043316674478455	0.695030458304701	192
0.0962465980561	0.89036907794683	192
-0.0468934678794799	0.569889133741175	4
-0.0941261860321601	0.475602896245786	45
0.036870778646357	0.727290063549627	45
0.00949991462198696	1.04818164212282	45
-0.0394955505628301	0.924578405101025	476
-0.0045143017365501	0.607516956141863	231
-0.0447229169455601	0.546864099331962	1846
-0.04563485670338	0.568461520834648	132
0.067055490263591	0.781643356294501	18
-0.104724793613	0.440276862417618	18
-0.0941261860321601	0.475602896245786	18
-0.09462641473774	0.454488901229179	1103
0.054263971755586	0.809741871668363	573
0.054091087661207	0.824775059600268	517
-0.10362781715	1.10225060457236	23
0.000579999126969044	1.24852577789418	23
0.031619331606783	1.26228607206114	23
-0.06579253230162	1.17560690047312	23
-0.11154830809683	1.79096814259924	192
-0.09217045348121	0.891475267129155	192
-0.09104048388427	1.17344787006387	45
-0.0985641369041199	0.462372711198344	4
-0.04835233498273	0.9412264274224	476
0.00211557822076203	1.28953352785004	476
-0.0488824223933499	0.57038591806793	18
-0.0905393921523301	0.452835146694051	18
-0.0535920348730301	0.535414126823273	109
-0.03619203846707	0.94483328558765	199
-0.0412411073857299	0.529978793538901	199
0.052670187847773	0.805673449926038	573
-0.04368019974952	0.984151158998583	573
-0.0487623429238799	0.567341166883756	573
-0.0874367275653101	0.44666299701452	562
0.050901355008397	0.80715454278204	286
-0.0468273848285801	0.560212678289747	286
-0.0500274753415599	0.57372796915115	286
0.083515280486051	0.892505857058781	23
0.102607084046004	0.899487480733848	4
-0.0952417642797501	0.46370004938593	192
-0.00256519659881005	0.642251815508282	4
-0.0885116487812501	0.456184286801699	476
0.047852152126338	1.09282135366337	132
0.035001656873248	0.714043987727083	132
0.0999098686440409	0.929140596225361	1846
0.0965823023539359	0.933540666891467	1846
-0.00270642634675	0.604225840484993	132
0.028455923276138	0.735011277363083	132
-0.09467120851851	0.459765979053938	720
-0.04913205769592	0.547473684070202	573
0.050535615795173	0.778744525186776	30
0.106984393750815	0.987369947633583	1250
0.0638046115231879	0.775014459398338	23
-0.0464804921478901	0.941703021127143	23
-0.0318453394779299	0.920180181756356	23
-0.03994431803208	1.41301417651503	45
-0.01116889972466	0.630761103595738	45
0.080672077005217	0.852391057693949	476
0.084602422917281	0.864585347439032	476
-0.00561507247335991	0.979339358042347	1846
0.04732349941485	1.39719949306004	1846
0.014157772899984	1.02215267885606	18
-0.0428970230916501	0.538049455296452	498
-0.0896352697527101	0.473987491495537	720
-0.0917152196017399	0.460275021999994	720
0.093664245575993	1.33370890606809	199
-0.04999671703694	0.958106216247304	562
0.026124461081657	0.961560131974919	286
-0.0913556715458399	0.447109114242901	30
-0.03763896037562	1.44525949953852	286
0.064478604256177	1.61527952650508	1290
-0.0960660612636901	2.15354575678417	1290
-0.12004386421342	2.01789586359411	1250
0.093250924019711	1.38510482554685	23
0.05465170114635	1.45956150025437	23
-0.0882779666561999	1.5786526222637	192
0.00968256061646999	1.23100094123808	274
-0.08333547274077	0.865970678455609	1424
-0.0488824223933499	0.57038591806793	45
-0.0870036262146101	1.38581275059478	4
-0.10662430997227	1.23227306107644	476
-0.04146952068051	0.991517785122277	476
-0.0441670859836101	0.554084333321905	339
0.091783759739018	0.917926139644306	199
-0.0500128369295501	0.897151891154003	415
-0.0330905696008199	1.21086833267963	167
0.120568938410481	1.01769536046293	167
-0.00909345926830007	1.27374457348821	30
-0.0446664743565801	2.20438776275632	23
0.088929586313186	1.68674180903419	23
0.0838672156331331	0.844753820486234	192
-0.05678326816452	1.23279006822758	192
0.081417882681686	1.27353959102267	192
-0.0957856613336101	0.477728056382184	2197
-0.04551894552443	0.550553381496594	1619
0.056734702142338	0.760453993052299	476
0.093620738203094	1.20844241731698	231
0.092274519075256	1.26118053352912	231
0.070129670041604	1.09175965929161	132
0.083837592075355	0.835248500585017	1846
0.045495038354289	1.08714671455817	1846
0.060840864074183	0.810031499579379	18
0.06241471977472	0.79904294239923	109
-0.0874367275653101	0.44666299701452	720
0.043911139308849	0.774262656294439	167
0.050137166122884	1.09350731901225	286
-0.0436487788517299	1.46084976512132	30
0.097189365312794	1.84055526436944	1290
0.091578614902309	1.98329949633085	1290
0.015275781458833	1.77707758972047	1250
0.00260689896136501	0.645281285372289	2197
-0.00243304352512008	0.654442377383179	4
-0.00160052998889992	1.22251778991599	45
0.0760153949289351	0.854061201239862	4
-0.04328279719366	0.890076250755245	476
-0.00114035627262998	1.00088233705691	476
0.051361518765254	1.08138339822149	132
-0.05222414639213	1.17601130014716	18
0.036744967534908	0.743006987420347	109
-0.0829522688690001	0.919394571823517	109
-0.04815235345605	0.567037609800237	201
0.021454721625964	1.08154186535527	167
-0.0588307305646301	1.22407847259666	167
0.0660376893786661	0.772507254354641	286
-0.00344859503748007	0.970178414412147	286
-0.0767468609197599	1.08636539390301	23
0.033149255364973	1.25220294709329	23
0.037254444190853	1.39635389441581	23
0.010348694189776	1.31412501023926	23
0.0333857770553641	1.07873252381294	476
0.015309288506659	1.08150422936728	476
0.00000397222390602359	0.660828238513233	476
0.044774357093485	0.649835855480715	196
-0.00553667401936009	0.980463090221528	109
0.032489584081557	0.71286981089539	201
-0.04197889721599	0.532285323822813	201
-0.0225161031010499	1.19106840406921	109
-0.11791504080264	1.55229731438442	286
0.055194876795108	0.770557195201134	192
-0.0896376701933801	0.893409158329756	2197
0.030513343913823	0.714761226795967	4
0.071508963311725	0.731353011405303	45
0.074173318708927	1.13571223176974	476
0.107544746224074	0.988625168949834	787
0.083094334345423	0.888066002449765	231
-0.03360663382457	0.890948298742238	132
0.069853264710662	0.852627982545445	132
-0.06367963585223	0.494881075138668	18
-0.01230011944489	1.17098540528961	18
-0.06387793055908	1.42909290944777	109
-0.0876152535177199	0.89627108867168	167
0.06194450055887	0.78476302237129	580
-0.0440590882066101	0.95533894013365	23
-0.0791624004959399	0.873310504256658	192
0.063764491423027	1.10655566121399	4
-0.0991963994899101	0.443958542634964	45
0.109344012782735	0.94124721510096	45
-0.0455579951639	0.560957115681622	4
0.027649947627357	0.73307637512409	1117
0.0346757744978859	0.740863434211649	476
-0.0942085435164901	1.13466458861697	476
-0.05046775151008	1.39019698374622	18
-0.0115723322166501	0.997212909976749	109
-0.0909803981692101	1.18038928557652	109
0.00151845740961898	0.644479919490575	286
-0.08130732104077	0.868503996733294	30
-0.09017312384262	0.45534180700655	30
-0.04378930102592	1.14378167542651	23
0.041075107268127	1.32149828936933	23
0.00215434161614603	1.00458376977951	4
0.114632310605436	0.975197174960387	301
-0.0805564289379399	0.879376343257153	4
-0.10738015605869	1.24730964005594	45
-0.00485194460601002	1.27803045397866	45
-0.09296163184436	0.467523780469435	4
-0.12497992438338	1.3644301054368	18
-0.0538246133321101	0.564624262324319	201
-0.08109345783866	1.38102822078455	109
-0.00205238563730004	1.02125159605655	4
-0.0454374560903901	0.561328552526599	2197
-0.12188473384881	1.3548285058687	472
0.081438429615266	0.878288214420538	1117
0.00614857432159099	0.619324052525943	231
-0.04802344166957	1.20697314466461	18
0.066504618023864	0.77974408664846	109
0.096325999385102	0.909022179134604	201
0.085993842516583	0.823421471446051	167
-0.08155089259182	0.869007781582833	167
0.084740810380726	0.895782122526023	167
-0.0515809370234399	1.20312140661881	167
-0.08434139382653	1.26238646499958	286
0.00731914509532705	1.27192762235898	23
0.021082442997013	1.06908457485395	4
0.068257865506633	0.846953536499059	23
-0.01230399665695	1.02388094024187	23
0.041253156441162	1.1008959844796	301
-0.0538246133321101	0.564624262324319	2197
-0.0380912321228399	0.98513876678078	805
-0.07733886277422	1.31639104765786	45
-0.0924249755392099	0.46122583660099	786
-0.0881089848968899	1.17935064557077	18
-0.0188221143482099	1.21032061076766	18
-0.11556168465461	1.30200911674487	18
0.102654836890677	0.917965198336757	109
-0.0380912321228399	0.98513876678078	109
0.04123141876253	0.710992508960589	201
-0.0578700719526499	1.16401092756512	109
0.113650014491844	0.986591231654772	167
-0.0884938630165	0.899563808003883	286
0.021047248223672	1.0831133412643	23
-0.01263923144683	1.01142200082427	1117
0.0231286754501689	1.06459758728392	476
-0.0832794004276101	1.37872508554968	231
0.073497251100382	1.07357267609525	18
0.00845366163662598	0.600039288423267	18
0.021747682590271	1.06257464209808	109
0.029836545816493	0.735029177830271	109
0.107599151563595	0.884154439391058	4
0.074000452654304	0.858956679547661	1117
0.053761749127816	0.817538750850854	1117
-0.00505345790021994	0.652773361557277	476
0.02100936708154	1.05829985191324	786
0.0760153949289351	0.854061201239862	925
0.019860741644074	1.06560067103585	925
-0.0952417642797501	0.46370004938593	18
0.0277001472431589	0.70439079769998	18
-0.0448366836856999	0.554028539045652	43
-0.09467120851851	0.459765979053938	201
-0.0442889078490001	0.558103864450118	109
0.05166144635466	0.782328904687712	286
-0.04913205769592	0.547473684070202	4
0.0861789914448971	0.860559497412444	23
-0.07947436406196	1.14511254133293	23
-0.0435504681126999	0.97948311343719	301
0.087997924181582	0.838741835051518	556
-0.0828320251533301	0.862792708645238	1117
0.040792243362713	1.05545021753873	786
0.124094828787923	1.02266789394522	109
0.035001656873248	0.714043987727083	286
0.080681699720405	1.18866306885738	286
0.101253570889378	0.90134454072381	286
-0.0770322940894399	1.82176231348754	286
-0.0924206064344599	0.865532941334797	286
-0.0322289727426	1.22469176215415	23
-0.06596456434188	1.41631837179795	23
-0.00706614782306003	0.638887030239115	4
-0.0782090612264199	1.73641980652664	556
0.047352786515141	1.11481548342647	476
-0.08044241419557	2.27163145357876	925
0.092035854064722	0.941473466263229	18
-0.096902421779	0.465714266463174	83
-0.0855651880702799	0.45518361508974	435
-0.0890984073023999	0.458554063451706	866
-0.05136574963555	0.542553698689431	487
-0.0825651795842901	0.87338151416887	109
0.00540177428397304	1.551067748113	109
-0.0912979172117801	0.473002093574455	109
-0.05117376019158	0.55701780791661	286
0.123093454110514	1.03531182703035	286
-0.0896098713997899	1.14319293995387	4
-0.0069300255387601	0.964830204621824	4
0.0965823023539359	0.933540666891467	45
-0.0487623429238799	0.567341166883756	786
-0.00737646153003002	0.631233269238243	487
0.080943318562272	0.835908575469252	286
-0.0825487869692001	1.32807921367286	286
0.017496504985607	1.05592992275207	23
0.000895834221913971	1.49996162090476	45
-0.05147841178312	0.553037704255031	1117
0.0346553268355519	0.718476607282854	786
0.00571214192478697	0.615046657730639	231
-0.0480391150719499	0.557899551582474	4
0.0822099419136439	0.838123640871328	487
-0.00229853988909001	0.650802975784442	1134
-0.0922621617883299	1.58761717271761	286
0.00538197910593097	1.26260336314807	286
-0.0635600094895501	2.34736329250738	23
0.11514060077904	0.979019666662504	23
-0.11830781064772	1.50503167496845	301
-0.0136293985401701	0.992876441240734	4
-0.00120802445798995	0.645648953686424	1117
-0.04918771121593	0.922733969295463	1117
-0.02141824363544	0.986452346408291	476
0.018284825991146	1.32397471021982	476
0.081639598991606	1.24322748695946	83
0.022465220945284	1.00960278514857	83
0.062069818550364	0.803488939423759	109
-0.0910737773162	0.439652697534863	1134
-0.00293181197004011	1.52908191082802	580
-0.00929250310511009	1.01111522901778	23
-0.0538246133321101	0.564624262324319	4
-0.04893392980441	0.934176812833623	622
0.09907839253957	0.939455110017901	45
0.025206616382122	0.705657910589433	1117
-0.09864416349271	0.450931176211324	1117
-0.10140677720548	0.449355703025477	476
0.089122647707752	0.82759863956674	476
0.063576632551801	0.810011040158875	786
-0.0877568448364401	0.456556769573445	43
-0.000332184176609962	1.63456278587618	83
0.111002724628731	0.949989511440043	109
-0.0830674699884899	1.30806369120694	487
0.082426833208389	1.15862436121909	487
0.012940152961763	1.04185721837247	109
0.085290094566284	1.44001888904265	286
-0.08999351203822	1.14065073931827	286
0.112072496972957	0.982836721752744	286
0.070604989358164	1.16987583606519	286
0.124871505815592	1.83619559016952	23
0.034216993891851	0.750870287289168	23
-0.0454374560903901	0.561328552526599	23
-0.09226791426448	0.883270858019949	301
-0.0912979172117801	0.473002093574455	4
-0.0930129160133	0.457794321807033	45
0.032672864284177	1.3427416772111	45
0.113115258831185	0.990352556131832	45
0.0860309556061361	0.860533149050211	1117
-0.10030041299074	0.460148928800768	1117
-0.0434570864321999	0.547533966432391	18
0.06179098819755	1.15808801590161	83
0.101787218158657	0.924944276673788	487
-0.0985641369041199	0.462372711198344	82
-0.0952417642797501	0.46370004938593	109
0.05897179379792	1.14484260553181	286
0.037330616790935	0.707355829185972	286
0.00916005292880495	1.02335679983456	172
0.093999283099623	1.24607777570556	23
-0.0560625343887899	0.526974504507941	4
-0.0922570448975599	0.460976707716774	4
-0.10085249064917	0.443610954467705	786
0.063632676357983	0.767476289055549	4
-0.04990702564731	0.551080873104381	4
-0.0912979172117801	0.473002093574455	4
0.10393087588449	0.905497005669569	487
0.0630247189627891	0.806466182319592	487
-0.08724815584776	0.902138666647255	487
-0.00152686378099998	0.616623099720231	286
-0.00151830133773001	1.0209062490986	286
-0.0419810199350299	0.911757471655909	286
0.000428718373658987	0.640363089191982	172
-0.0522173696758901	0.550909766991074	172
-0.0974461899839301	0.474113478007243	172
0.00490856989200295	1.20899917039924	23
-0.11217239590852	1.94867328688552	23
0.00492387976235698	0.639733714659151	45
-0.10030041299074	0.460148928800768	4
-0.0868512355722599	0.452713644079009	572
0.00573241420476101	0.937168477966088	18
-0.00352415347485002	0.659751569934609	18
-0.00680114405765009	0.651146489696312	487
0.029526141702628	1.04408391397212	487
0.122857499554644	0.932969605797764	286
-0.01110486070967	1.40811140417072	23
-0.0441670859836101	0.554084333321905	2076
0.028579087696772	0.711635580677256	622
-0.0825706406087501	0.88613256509528	45
-0.096902421779	0.465714266463174	4
-0.07726349641904	0.884506925786279	476
0.086368457654658	0.826369399079123	4
-0.0512928982366301	0.575164026889131	18
0.018973295443115	1.08064852734138	404
-0.0905393921523301	0.452835146694051	1454
0.040215731425425	0.701949756463003	286
-0.00313769139295994	1.01665715335388	286
-0.0478594826565599	0.548144030992963	2076
-0.0855960226755701	0.919762274029856	4
0.03362063604896	0.723042625158803	1060
0.077421113630889	0.870436096440605	805
-0.0434570864321999	0.547533966432391	571
0.0703448419794061	1.05367401512973	45
0.059961856495532	0.768565614177556	487
-0.01253935930115	0.609898156282369	4
0.0425666124765141	1.08007345344733	109
-0.0467081329182799	0.564211260599411	172
0.057914620239604	1.14755108078251	23
0.071473652838886	0.859018850338551	4
-0.05347552992674	0.555400916079688	476
-0.02967251330744	1.15784377726515	831
-0.00683744268049003	0.609994054280429	1127
-0.0872222022263001	0.458704578400995	4
-0.09076115626131	0.462113942218127	973
-0.0501462378441699	0.571811321146784	487
-0.0462719087088199	0.961924982091876	1129
-0.0882373962777601	1.82198295276321	286
-0.08788565281982	0.847141106620411	172
0.058471511930801	0.804612195733854	172
-0.0423079301677001	0.558998459886999	172
-0.0957856613336101	0.477728056382184	74
-0.0831965950993601	0.880154328401309	805
0.033042539020946	0.740782264301719	45
0.078905147548332	0.871066538065799	4
0.072648206986131	0.741832654997389	1127
0.111911746044193	1.23043596826317	109
-0.08826200657966	0.896285170132486	109
-0.04662609306948	0.966322259468374	286
-0.096902421779	0.465714266463174	74
-0.0924677630366499	0.463866464916371	4
0.084755655320319	0.856650168003953	4
0.076625446549428	0.852074410864344	40
-0.0952417642797501	0.46370004938593	109
0.107544746224074	0.988625168949834	275
-0.11976776494108	1.02669841963031	805
-0.00382107194170001	0.649757848361984	805
-0.00531132055293004	0.611584885285673	4
-0.0524407891085801	0.558380071180213	4
-0.0930129160133	0.457794321807033	4
-0.00663440624155998	1.02523973185383	212
0.033392568226625	0.73163554255015	82
-0.0893103798739901	1.35657418522216	286
0.033392568226625	0.73163554255015	172
-0.10195770181993	0.459718931802622	74
-0.09467120851851	0.459765979053938	454
0.034445108276918	0.75393430328094	4
0.072324534535951	1.2007335348986	40
-0.0432353512499499	0.546988360687977	40
-0.12169670934205	1.36649558751202	4
-0.0896352697527101	0.473987491495537	854
0.100742019180462	0.937738827222088	286
-0.0957856613336101	0.477728056382184	1169
-0.0828320251533301	0.862792708645238	454
0.033042539020946	0.740782264301719	45
-0.0795345975866999	0.886421932428299	4
0.122787987916529	1.03433799109138	4
-0.0128659547901999	1.2062647979718	109
0.0907713125176139	0.940091756780379	109
-0.0506709455613601	0.543372093243055	1169
0.00383433347006501	0.642284678739959	172
-0.0524407891085801	0.558380071180213	1090
-0.0885116487812501	0.456184286801699	23
-0.0890984073023999	0.458554063451706	4
-0.0825651795842901	0.87338151416887	45
-0.0412411073857299	0.529978793538901	45
0.000223163835355034	1.22336944831418	854
-0.08786938588465	0.895489134810666	109
0.081951584974949	0.885094997128058	212
-0.03488715409604	0.901237179877264	212
-0.0538246133321101	0.564624262324319	553
-0.0765086975346001	0.83637733778463	82
-0.0853351789041401	0.903186925150956	82
0.085845484189179	0.811655583095122	109
0.074884635971374	0.856508762707956	4
-0.09296163184436	0.467523780469435	4
0.029491553753893	0.727201785151999	4
-0.0912979172117801	0.473002093574455	40
-0.00535066544585994	0.594637158906982	356
-0.04458637367477	0.513919088965544	356
0.024080316249348	0.726706709203158	73
0.00246243207335495	0.626479967505415	212
0.028298338556094	0.724311328117649	212
-0.04239594315427	0.992204918781973	82
-0.03740988380539	0.952785972244756	109
-0.00680733176031989	1.00597405388692	172
-0.0525586110780301	0.572250981491134	1169
-0.11285095924174	1.55936453562729	1090
-0.0571374713446899	0.552342383582474	4
-0.05141033933846	0.568944781891497	40
0.051124935380146	0.804392797257638	356
-0.0809310021934999	0.917886848016557	356
-0.0790211451977501	0.852796312643281	854
0.035251913306372	0.74589003594608	212
-0.10131665589949	1.14781990707437	1129
0.055233892300422	0.780672220504225	172
0.018313110311303	1.05170137691098	172
0.0810550301766631	1.15107453667825	23
-0.0974461899839301	0.474113478007243	4
-0.00965411869196009	0.949294847309284	4
0.111304451138395	0.933652126006224	45
0.05745487984059	0.790244263763964	4
0.080036203379408	1.23944602613113	4
-0.0580680064474901	0.531694602196353	40
-0.0474975015129899	0.551388647120354	40
-0.0952417642797501	0.46370004938593	40
0.026383053581299	0.73719770289957	82
-0.0345410109261499	0.92391636492863	172
0.099216778620252	0.90329070191206	4
-0.0930129160133	0.457794321807033	454
-0.10030041299074	0.460148928800768	4
0.029836545816493	0.735029177830271	4
-0.0885116487812501	0.456184286801699	40
0.081322781913823	0.837055415806523	854
-0.0368787880667301	0.945724007658585	212
0.031549645057155	0.721132134250581	82
0.03966973311975	1.27987478593277	23
0.081766371395917	0.874398476019811	4
0.00151845740961898	0.644479919490575	454
0.118013401387322	0.944530147198594	45
0.0406899823681079	1.06454129486363	45
-0.00243304352512008	0.654442377383179	759
0.00492387976235698	0.639733714659151	854
-0.0872806400850501	1.18275969492047	212
-0.0095343964941299	0.644534943788171	212
-0.09296163184436	0.467523780469435	212
0.037905863865191	0.724911119467446	82
0.045930383909673	0.78287141314591	172
0.037558015953817	0.725673882291603	172
0.091621265688512	1.28759071794545	23
0.00325232424432997	0.618533857716988	1090
-0.09307457286917	1.55043885660009	23
0.08120923732366	1.2342231443997	454
-0.0876582891529301	1.19161390028498	45
0.027191782808626	0.720488702841544	45
0.032819078763667	0.747323703130371	4
0.0690601963642	0.772042944769249	266
-0.09513404594651	0.436437131726212	266
0.02030648879735	1.00964416393093	4
-0.09180442145225	1.19270259763013	186
0.030652414406265	0.698975764967592	186
0.0568212457170511	1.15112215144929	854
-0.0941261860321601	0.475602896245786	212
-0.0890984073023999	0.458554063451706	203
0.06389962591932	1.14517139976634	82
0.078538466146337	0.84363279508757	172
-0.00516662111645005	0.637896012849582	172
-0.04441419783684	0.965069442840425	249
0.02924833431495	0.727656778946586	454
0.0334501837058619	0.706520063664008	266
-0.05407652403089	1.17752943791624	40
0.104478251990537	0.983563682228525	40
0.045840881175788	0.671581804585503	40
0.040988189630364	1.38395360441765	40
0.033042539020946	0.740782264301719	306
0.108430945546289	0.885262400691124	306
0.031919925880025	0.729318679225573	73
0.036128624855714	0.719833222412435	212
0.075570631243491	0.847080859842998	172
0.098878546019063	0.876747512537998	1267
0.035125441506035	1.09287100649725	23
-0.0505515289454499	1.14024434836294	23
-0.09076115626131	0.462113942218127	454
-0.0454374560903901	0.561328552526599	266
0.10469670810178	0.94470951956102	4
-0.09039410603028	0.859220713506425	4
-0.08609995458729	0.457412014492507	40
-0.04755436901004	1.20097830611184	186
-0.0437019876332001	0.931141504771801	186
-0.0879736883809401	0.470206436380931	306
0.029376775272861	0.700824881266025	212
-0.00767593614251005	1.00826703248251	82
0.016492738700548	1.07088293549994	82
-0.0419492127171499	0.961634589383845	286
-0.04425927959008	0.535668780888987	266
0.088293759280528	1.2062268217735	4
-0.00300150226429996	0.637811325373282	745
-0.01379209450374	0.981371621887332	40
0.081588154016335	0.892000291654458	40
-0.08231014088276	0.90010089869686	306
-0.0125371032892501	1.23785976020601	306
0.092225899900832	0.917740492541398	2331
0.032006811670438	0.739735858523259	73
0.019457785523425	1.05608251074748	73
0.032819078763667	0.747323703130371	1572
0.038355545757119	0.718997730041231	707
-0.0862346894895301	0.903618596766428	212
-0.0122680842175	1.0131429235401	203
-0.0554993166257001	1.19189721543209	82
-0.0487623429238799	0.567341166883756	286
0.088261831224342	1.45872130672355	23
0.02910372991066	0.735575469212794	23
0.100354836573591	0.930966873193203	23
0.026724191826376	0.72640563955167	23
-0.0559926600845599	0.549333820651149	4
-0.0037956152338301	0.623389605959841	570
0.0630247189627891	0.806466182319592	40
0.029836545816493	0.735029177830271	306
-0.0546170860463899	0.558500464119768	854
-0.00474799392986003	0.657832572272472	188
-0.0963305500923499	0.456542987028153	286
-0.0611258398935199	1.2208860563005	286
-0.0579517476368401	0.532089966891847	23
-0.0533573041148501	0.553960076078413	23
-0.0978869724840501	0.44614914936298	23
0.033884766291184	1.428314353156	23
-0.0872222022263001	0.458704578400995	40
0.076625446549428	0.852074410864344	570
0.0696935429105771	0.774154043786997	570
0.120261927111091	0.966953626154289	306
0.105826939234703	1.40836788050609	306
0.00151845740961898	0.644479919490575	854
-0.0930129160133	0.457794321807033	2331
0.069787402557268	0.747893083405281	581
0.081418796534964	0.816252455059426	581
0.038011898294832	0.715245986453504	581
-0.0940898662343499	0.456140130105275	286
0.101001207493095	1.40653994132101	23
-0.0835798549145199	0.873944020504085	266
0.054989957384211	0.800042783064653	40
0.000412840834583039	0.634195960200818	40
-0.0872222022263001	0.458704578400995	4
-0.0489723351900999	0.549112417120015	131
-0.0548491037208301	0.530433455835988	581
-0.0364525694219999	0.963776584507264	172
-0.0840101304807	1.37866668412939	172
0.086982950712636	1.21923819420372	23
0.00162582087678398	1.24076811242473	23
0.036286297562513	0.736372946127708	4
-0.04146952068051	0.991517785122277	1347
0.090635042496229	1.29040478533717	40
-0.00168055118364996	1.01717962530758	40
-0.0917152196017399	0.460275021999994	4
0.118505034483013	1.02252777902823	40
0.037684807708954	0.698801704269266	40
-0.09379644138794	0.882746622694233	186
-0.0512928982366301	0.575164026889131	927
-0.0912979172117801	0.473002093574455	188
-0.000432710937680048	1.29426543579288	131
0.001094055870279	0.659703879131162	581
0.116706844308302	1.43190517070171	23
-0.0488824223933499	0.57038591806793	1267
0.0374761075758741	1.11289337615359	23
0.017379750173302	1.08051128149857	40
-0.08484860514745	0.860305036774049	40
0.064506382403409	1.10535296043694	854
0.022885824289794	1.37670694879999	854
-0.09076115626131	0.462113942218127	927
-0.03258181409202	0.947133374281616	188
-0.0468273848285801	0.560212678289747	212
0.00485277704618703	1.28657752496445	82
0.0604600006573	0.771758457186099	265
-0.00205213341012001	0.640885749434682	2343
0.115911009747448	0.954557708045758	23
-0.08219385541825	0.914953662359333	23
0.035920047027825	0.690450227812774	1347
-0.0845868655895301	0.918788350175135	40
-0.08231014088276	0.90010089869686	40
-0.0501462378441699	0.571811321146784	40
-0.04054334054859	0.985842375275267	40
-0.0127826099335999	1.03039385788658	186
-0.0379759105934401	0.961922087932146	186
0.053761749127816	0.817538750850854	186
-0.000133272760860059	0.662857840443435	73
-0.08333547274077	0.865970678455609	212
0.094666666555862	0.921229826362509	212
-0.00570820314685006	0.658037098839518	2343
-0.0348652696209499	2.31772445592715	23
0.000412840834583039	0.634195960200818	4
-0.12456363139579	1.27382647102309	40
-0.05473396025403	0.554834876255793	570
-0.04761889352405	0.56407474435531	40
-0.0924677630366499	0.463866464916371	765
0.061341496019523	0.825839503455749	2331
0.075161479997912	0.853199926514666	73
-0.0195232271911101	1.49549873795382	23
-0.0855651880702799	0.45518361508974	4
0.00613754749141304	0.613177237950805	4
-0.0480391150719499	0.557899551582474	40
-0.0468273848285801	0.560212678289747	40
-0.000252650431550094	0.623157617703203	40
-0.0423079301677001	0.558998459886999	854
-0.00287167886728001	0.649845796004951	276
0.015045579791365	1.04554977027784	131
-0.000820275287239936	0.642641089784796	220
0.12264164235204	0.995206587856837	581
0.082649367473431	0.879604949341898	270
-0.0512928982366301	0.575164026889131	23
-0.08786938588465	0.895489134810666	40
-0.0487623429238799	0.567341166883756	40
0.104447083334387	0.962636578531709	40
-0.08967706540486	1.11720594793851	40
-0.00243439157424996	1.02184655572467	40
-0.0912979172117801	0.473002093574455	40
0.0630247189627891	0.806466182319592	40
-0.05022524430668	0.553596604443502	40
-0.0578216974322201	1.22033865606941	186
-0.05575989267836	0.543039719702499	1109
-0.00648031765355994	1.01859751083656	940
-0.0885094474098001	0.894972997404098	927
-0.0446076445450501	0.98009522098626	188
-0.0893226356433501	1.1537915729657	188
0.028686082988214	0.734078809128333	212
0.00137366943093498	0.628910428946138	581
-0.04381364599694	0.954425395311417	581
0.059309037462374	0.783762864647351	265
0.034654488320177	1.08892738304824	109
-0.03901963085744	0.987892145925778	2343
-0.08820605865195	1.53452366681472	23
-0.0974461899839301	0.474113478007243	23
-0.0885116487812501	0.456184286801699	4
-0.0912979172117801	0.473002093574455	40
-0.0825696762388199	0.900437471050509	186
0.0990315853706189	0.928026564700218	854
-0.0890984073023999	0.458554063451706	131
-0.0340274076793501	0.942428206629993	109
-0.08374709477758	1.38731651971652	109
0.105999498467491	1.22309146990476	23
0.089788735166934	1.19562895353776	1347
-0.04531526336283	0.538700007706826	1347
-0.0963305500923499	0.456542987028153	40
-0.0906033772297901	0.458987648600763	40
-0.04494876072258	0.531730838006557	40
0.010754835199082	0.566192345851995	186
-0.00978447091938994	1.01069427383598	170
-0.09467120851851	0.459765979053938	854
0.114417218105177	0.922937963205604	940
-0.12089224865684	1.35352564320988	73
-0.0501112131750101	0.538284761793941	189
-0.0386643116035601	0.980581530219641	2343
-0.0398976637317201	0.541280378911465	230
0.102687937849148	1.18914893431323	23
0.022838640571948	1.04788811503606	1347
0.030732590322555	1.36365836174479	40
-0.0494085695136901	1.34132850064277	40
0.065809631870977	1.15210806532757	40
0.094685712722355	1.39737399167592	40
0.00368331558880897	1.2394694122533	40
-0.08229261801043	1.37610603792478	170
0.026675908504596	1.06301274773387	73
-0.0960946818616999	1.04457574011149	73
-0.0457884476114101	0.921131736867845	188
0.06430470523452	0.808621647580748	188
-0.08207442730229	0.850472020552083	82
-0.0885094474098001	0.894972997404098	220
0.027985284997103	0.731726257363063	265
0.037977240118506	1.08274373210989	270
-0.0930146101614999	1.17085165070491	172
0.07855614332754	1.20525808625604	4
0.0979965820356	0.911459996169328	40
0.088456792152895	0.914389710100256	40
0.022460819939209	0.719871499333762	188
-0.01854014345426	1.20932453381829	131
-0.04031241311764	0.521795076343297	189
-0.0896352697527101	0.473987491495537	220
0.06700422022167	1.15000879372965	4
-0.0849918453963801	1.09972624377852	1347
0.057548558385435	0.833001663101572	2075
0.0707412611002201	0.748744755954298	40
-0.0893798223698199	0.8686775078245	40
-0.04761889352405	0.56407474435531	40
-0.0468934678794799	0.569889133741175	170
-0.0912582094141501	0.884625031057093	188
-0.0912979172117801	0.473002093574455	220
0.078713068538987	1.17738117972262	23
-0.00461587315070999	0.660864117419466	4
-0.12240137011163	1.31150310583214	40
-0.12048644990199	1.53838833320419	40
-0.0821197431588201	1.07684275482178	40
-0.08739407529917	1.16803701077589	40
0.03760808726885	1.41081255893182	40
-0.0795610864332199	1.35056169777679	170
-0.0859683801308	1.17071874079584	940
0.0336403757249411	0.733954676274039	265
0.032585408945794	0.723880073516257	23
0.047352786515141	1.11481548342647	4
-0.05473396025403	0.554834876255793	522
-0.00000976011143993816	0.604287418746061	170
-0.11143100700192	1.3005062849427	276
-0.10140677720548	0.449355703025477	188
-0.0912979172117801	0.473002093574455	131
-0.0421915505985699	0.544815039196702	172
-0.0386643116035601	0.980581530219641	40
-0.096902421779	0.465714266463174	4
-0.0957856613336101	0.477728056382184	40
-0.0896352697527101	0.473987491495537	40
0.055506846289807	1.10871721811705	40
-0.0296883687356	1.47463082527588	40
-0.00570820314685006	0.658037098839518	40
-0.0580747752295301	1.63128024744479	186
-0.0896376701933801	0.893409158329756	188
0.025354173105234	0.994544933638329	188
0.078926888949956	0.866741489004306	220
-0.0924677630366499	0.463866464916371	220
-0.05520327791555	1.17136374282051	4
0.00215434161614603	1.00458376977951	4
-0.0522813648609299	0.917262421280468	40
0.085606696351495	0.842069010791686	40
-0.0963305500923499	0.456542987028153	40
-0.0851954882460699	1.18228743568823	40
0.065562465315122	1.06960663387262	186
-0.0817916767640901	0.854214787712032	170
0.054546213272356	0.801625351513625	170
0.00334044343876605	0.964477534344544	170
0.021910263413667	1.04984926158234	188
0.061063866991345	0.810221904025557	1766
-0.03982539666211	0.968013176251401	109
0.06577916969438	0.795642000419164	172
0.059134295041306	0.803848431098089	183
-0.0952417642797501	0.46370004938593	273
-0.09191745531136	0.889811328087825	23
-0.08432645903131	0.907148924281745	1926
-0.0512928982366301	0.575164026889131	478
0.00850031337035995	0.99885941532919	40
-0.0835780834908799	0.912525833063648	170
-0.0825706406087501	0.88613256509528	170
-0.0896352697527101	0.473987491495537	73
-0.0479791159705401	0.563448784402162	188
-0.0467081329182799	0.564211260599411	188
-0.0348448689575001	0.916938687714752	189
-0.0479791159705401	0.563448784402162	172
-0.0787868076399101	0.819403303940797	273
0.115432754596907	0.960916803108218	40
0.012572835718238	1.05088495992784	40
-0.05022524430668	0.553596604443502	186
0.0865447305410541	0.866906859664636	186
0.00798310186768803	1.01128739439113	170
-0.04405334028813	1.15902818628914	109
-0.00697273601805004	1.04294857918601	40
-0.0843478096144701	1.39067478598498	40
0.036744967534908	0.743006987420347	40
0.030059602725689	0.741431275269108	170
0.061341496019523	0.825839503455749	170
0.03321800272733	0.703728686893224	188
-0.08435012971136	0.859214612774981	270
-0.00461587315070999	0.660864117419466	270
-0.10968421965318	1.52014842128672	1926
-0.0467081329182799	0.564211260599411	40
0.082718499709873	0.829097503569628	40
0.095752138404169	0.942527579043694	40
0.057301201581227	1.14926552551871	40
-0.07726349641904	0.884506925786279	40
0.011241430950988	1.23885824770736	186
0.069526890763173	1.11555777335627	170
0.059783012760565	0.825315589666822	170
0.034427283961495	0.72258255242202	170
0.041662824651305	1.02875687077226	170
-0.00400182114562009	1.03240401597492	188
0.05303415940936	0.797916051914602	270
0.059783012760565	0.825315589666822	4
0.061833074674865	1.16640772044088	40
0.062250510362262	0.768746116219338	40
0.026967051082834	0.699670236105516	59
-0.09910777302733	0.462050725237245	131
0.074385493297511	0.869201594927097	189
0.112132066604839	0.971492989362522	270
-0.05473654524019	1.22561740682269	270
0.026940973047357	1.39052488886011	14
0.070316094176891	1.18345828642067	14
0.088223338700499	1.35224879063398	40
0.019314851459028	1.32949234867024	40
-0.0032967892643101	1.02677585480226	40
0.056919915765948	1.15714240315377	40
0.104430355915491	1.20955964491515	40
-0.09191745531136	0.889811328087825	170
0.051778369701566	1.37756558952639	170
-0.05319006466398	0.913779920484753	188
-0.0548736017354201	1.1980649354086	59
-0.01053257386719	0.998338158745662	189
0.113634962573696	0.921864693581056	109
-0.0475558494712101	0.962498694932864	40
0.069048228587298	1.1340213639903	40
0.052808536053749	0.818578826310754	40
0.034216993891851	0.750870287289168	170
0.116429788503428	0.889847484309474	170
-0.00474799392986003	0.657832572272472	1113
0.066650178738539	0.827331495678433	1113
-0.00352415347485002	0.659751569934609	59
0.033181538852022	0.751739198774561	188
-0.06525881444105	1.15120070747739	59
0.060639407541092	1.16185841396138	188
0.0558220554101631	0.810275397614855	189
0.024580592297725	1.3099288987939	109
0.098200548568235	0.923113280773964	109
0.112132066604839	0.971492989362522	270
-0.0855651880702799	0.45518361508974	270
-0.0424928734175001	0.53125608489108	14
0.065887877701864	0.793012463627334	4
-0.0487623429238799	0.567341166883756	14
0.050751728900589	0.777371374876285	40
0.018453175473894	1.06444458974426	40
-0.0912979172117801	0.473002093574455	40
0.071305169758209	1.08761654890444	40
-0.0974461899839301	0.474113478007243	170
-0.09024560200553	1.1659507948969	1766
-0.03398377126721	0.931082672560258	270
-0.08350216730817	1.16817113088103	270
0.097279346205375	0.920149127871822	270
0.071789182632176	2.13478524859724	14
-0.0267961786492099	1.2001875614825	926
-0.03495429647001	0.960059432189035	40
0.113144262924958	0.975678494734513	40
0.08347226964919	1.23885057871578	40
-0.09454955355179	0.881689592628341	40
-0.00625765253706989	0.646795059371853	40
-0.0489723351900999	0.549112417120015	40
0.0829676005269731	1.3012432764944	170
-0.0952417642797501	0.46370004938593	170
-0.0909048678578599	0.898527163490821	170
-0.02358951371295	1.86430123403595	170
0.040885424073589	0.716911826049892	59
-0.0868512355722599	0.452713644079009	815
0.00601067125802601	1.26328312923618	189
-0.0455579951639	0.560957115681622	189
-0.0799953978358099	1.0842686451932	270
0.03362063604896	0.723042625158803	14
0.040591283845075	1.41107590729651	926
-0.0611388059814	1.77945749760055	40
-0.0039622654742999	0.6535678275158	40
-0.0552149800497801	1.2064588849061	40
0.039257236066071	1.38232823571663	40
0.085502076523251	1.39792831106102	40
0.082370022927082	1.16989740122826	40
-0.0440590882066101	0.95533894013365	170
0.0864123768834561	1.28280730566889	170
0.0829969936744121	1.15153004642374	170
-0.0559519015050001	0.520269186594039	170
-0.0500274753415599	0.57372796915115	170
-0.0997493349699901	0.440682985092292	170
-0.0492504047483799	0.559130158062595	170
-0.0832469603184101	1.16510118281702	1766
0.0291169765746641	1.04520563851688	270
-0.03083062381558	1.44950367721112	270
0.052899083560264	1.07790151911169	270
0.087473118012964	1.23749058979292	14
-0.0488824223933499	0.57038591806793	14
-0.0457072998150501	1.44537236604874	40
-0.0477386085701501	0.549349431425698	40
-0.09017312384262	0.45534180700655	40
-0.1067929612222	1.49510304501111	40
-0.06560905113202	1.37273936370459	40
-0.00810300618495008	1.01652616028943	40
-0.0601182818141599	1.20730447751424	59
0.071922606288767	1.19921937691021	59
0.102017903024175	0.90283091240227	815
0.027687163558897	1.5742188179093	188
0.089271165010901	0.881694411226754	1766
-0.07784289302686	1.32171996472462	109
0.094755535066977	0.928476137219697	109
-0.03209633329522	0.889739664400805	975
-0.08374709477758	1.38731651971652	270
0.105117301463704	2.06930950713979	14
-0.0567313844045001	2.03210414158218	14
-0.07292290335396	1.37124003826377	926
-0.01032470592329	1.02739173198276	55
-0.0805770417252001	1.54119879516121	40
0.013276379051278	1.19208833297799	170
-0.0577450020111501	2.13875198298381	276
0.102173527800964	1.28894416010192	59
-0.09012844471123	1.38046548295868	59
0.122690290004797	0.980873503206627	189
-0.11510220806252	1.55107673844963	109
-0.0720146261057799	1.39091798164256	109
0.0212472296553849	1.0114573296796	270
-0.11116537493892	1.25410470309295	270
0.092713305367246	1.61809903623854	14
-0.05931789913426	1.70844917288739	276
-0.0441670859836101	0.554084333321905	1521
-0.00680114405765009	0.651146489696312	59
0.0166797147672	1.05627199834215	59
0.068492744212134	1.44139211453644	59
-0.0569540915307001	1.3716296691568	189
0.081400267226917	0.873070474186661	189
-0.0448366836856999	0.554028539045652	270
-0.00461587315070999	0.660864117419466	270
0.017591492569344	1.17746088354981	14
0.04867383854591	1.08691425317286	14
-0.11983773772179	1.55816486591291	14
0.082040259051143	1.30017180891692	40
-0.00491287145656005	1.01434811723189	55
0.096503111504574	1.31923670091639	55
-0.0845868655895301	0.918788350175135	170
-0.0318927258128701	0.855337205523813	276
0.035901661318537	0.719953623829976	59
-0.10195770181993	0.459718931802622	59
0.092072878983041	1.0866049987106	59
0.0424075151711359	1.39110354681091	59
-0.0132735888990401	0.927930548833094	270
0.0191401163364751	1.61742852518883	14
-0.00188577271130996	0.983460548706664	14
0.00659083679730999	1.20156330185766	55
-0.00168055118364996	1.01717962530758	40
0.02670056051313	1.26941545557377	40
-0.000268158745110103	0.640286720705504	40
0.025168263221903	0.711204236845199	170
0.000297613900152038	1.68729954128668	170
0.0931800684639	1.18448732722654	170
0.038812024325242	0.728794906206416	170
0.027278991859394	0.707344507055174	2250
0.098549274151376	0.893621450671331	276
0.101572223029283	0.895057700624927	276
-0.00118035929287008	1.5810348148195	276
-0.08054745591874	0.886987670848395	98
-0.0459890416186	0.542884852335981	59
0.116764764965972	0.932362459327192	59
-0.0335063717336901	0.949721361060538	188
0.071567011190654	1.19786564394147	189
-0.0448366836856999	0.554028539045652	270
0.082484795063443	2.00230026375108	14
-0.05643353047621	1.16251461726936	14
-0.08497259553203	0.898391681552397	14
0.096778524860984	1.24921687684698	926
-0.02755489095532	1.44299475086802	40
-0.0454374560903901	0.561328552526599	40
0.063418675490511	1.09428349829014	40
-0.04487055295446	1.14250316641323	40
0.0632294128023641	0.794239168636358	40
-0.0886041597337099	1.16468919183697	40
-0.0379477271158699	0.908539192273673	139
0.079997763371611	1.19207533858881	188
-0.08185634830042	1.45814589709753	270
-0.02201331018437	1.19841115923787	270
-0.11319569365869	1.70429599696658	270
0.041715770777399	1.08665207744288	14
-0.04574907362547	0.55425675814768	650
-0.03982539666211	0.968013176251401	926
0.039197087125123	1.12067340354221	926
0.032421619997915	1.34538563692321	926
-0.01335499499416	0.619704529288372	55
-0.01007676312616	0.629057015048458	55
-0.00528003797008991	1.57216454993738	40
0.119010125723796	0.97242329250462	40
-0.03515358109203	1.42813943435966	170
0.0935936831720739	1.33677785656834	170
-0.0881859419519799	1.12926267792072	170
-0.0442889078490001	0.558103864450118	170
-0.0941261860321601	0.475602896245786	206
-0.00507764329164995	1.16036882294776	98
-0.0239985392087501	1.21462339101903	59
-0.04632772074855	1.38987573860516	59
0.087007934676795	0.865900340778532	59
0.00522122943329095	1.27765997010502	189
0.069748771821066	1.11627271395892	975
0.118375796829331	0.996125868554006	270
-0.03399243725413	2.18855141821961	14
-0.0360756003275999	0.959518669182127	14
-0.0436362132063599	0.531783613305597	55
-0.11702188066873	1.56055506238344	926
0.013931623695231	1.32349088036854	40
0.014282328771748	1.32716793413707	1313
0.042306887387925	1.11382632734526	170
0.024356025893869	1.33482945482158	276
-0.04018536577465	0.985891940873105	98
-0.0523683463725699	1.21299552847814	59
0.075016846788505	0.863806587831543	139
-0.0360756003275999	0.959518669182127	189
-0.12193094183695	1.02777952864367	189
0.038462531885306	1.09179108154348	270
-0.0039622654742999	0.6535678275158	270
0.097347700516584	1.72715545828579	14
0.014491810344115	1.07042089373419	14
-0.05243020865513	0.945621843069772	650
-0.01007676312616	0.629057015048458	55
0.015268678188669	1.07679526831199	170
0.032366035984194	1.08883510910645	170
-0.0550794700600901	1.18336844226382	170
-0.04783473185597	0.534930471702725	206
-0.0350361454384101	1.21332993227442	975
0.090507635996349	0.918052927524101	270
0.0555993554751421	1.41124483202695	14
0.0585031259054	0.829980124807761	77
0.058492695671131	1.15703170764192	926
0.02082440580643	0.69743503487559	276
0.00788722514204898	0.601504953660328	170
0.00369484837390699	0.642712849475021	87
-0.0906033772297901	0.458987648600763	14
0.071883339426577	1.20255815600842	926
-0.0934344302244401	0.862135814603177	98
-0.0903911652946901	0.85553229486422	139
-0.08888026990326	0.457840071173562	189
-0.04913205769592	0.547473684070202	189
0.055268195663658	0.779575203543102	189
-0.0045143017365501	0.607516956141863	270
-0.0435504681126999	0.97948311343719	802
0.032026148716195	1.35320371887982	14
0.00562070960701699	1.26846613838382	14
-0.00328273553968006	0.622122065715569	14
-0.0930129160133	0.457794321807033	14
-0.096902421779	0.465714266463174	1688
-0.0844154574175999	1.14472836207924	55
0.00204626691264498	0.646849405128283	40
-0.00967043459934991	0.647858644007831	170
-0.0477386085701501	0.549349431425698	170
0.087612501169681	0.850444255925986	98
-0.0140276931396801	1.03078433505132	14
0.00232316289055701	0.637826462897717	189
0.06577916969438	0.795642000419164	14
0.059348801953711	0.758264275953797	14
0.027603891750131	1.03759542684148	322
0.026675908504596	1.06301274773387	70
-0.0957856613336101	0.477728056382184	1775
0.035022632797683	0.716267306032556	170
0.024710344095514	1.03724306808335	558
0.124904420195623	0.917349162062163	270
0.033938639721718	1.0951295632468	270
-0.04761889352405	0.56407474435531	14
0.054407044360468	1.10419452191384	59
-0.0366492883095799	0.519328444220838	14
-0.0924677630366499	0.463866464916371	14
0.0864602836671829	0.849388974419522	41
-0.00584030827094995	0.658939468602774	170
-0.05117376019158	0.55701780791661	276
-0.09006140366036	0.449424605342317	79
0.054643730878602	0.778590408347455	14
-0.0917152196017399	0.460275021999994	77
-0.05141033933846	0.568944781891497	70
-0.04563485670338	0.568461520834648	70
-0.04574907362547	0.55425675814768	213
-0.08888026990326	0.457840071173562	170
-0.09017312384262	0.45534180700655	381
0.047763864712946	1.55052188632672	98
-0.03833480322605	0.969437816467679	139
-0.0428970230916501	0.538049455296452	189
0.014063469273066	1.26710631411935	270
-0.10030041299074	0.460148928800768	87
-0.10140677720548	0.449355703025477	856
-0.0479791159705401	0.563448784402162	170
-0.00898523310498001	0.622090133959166	13
0.030746384519874	0.749578647192825	189
-0.0957856613336101	0.477728056382184	189
-0.0890984073023999	0.458554063451706	14
0.00283006633085603	0.610378474118765	651
0.00542979404100297	0.604868056808955	77
-0.0941261860321601	0.475602896245786	463
-0.0697160296088899	1.94256064945382	276
-0.09864416349271	0.450931176211324	139
0.109820393418431	0.96427737616299	139
-0.01770699697491	1.00099528488528	270
0.086744236715644	1.20321239965933	270
-0.08648129924709	0.893495492710938	344
-0.0242350763102199	1.21585880566212	558
-0.0912979172117801	0.473002093574455	51
-0.08308828789073	0.844027751261901	270
0.019162234659679	1.04372941192828	51
0.073986601758987	2.01691213569083	117
0.080314998235968	0.852219316479324	41
0.063544693083359	0.802227493687671	226
-0.0500274753415599	0.57372796915115	13
0.048259191050553	0.781323036562931	139
-0.0434570864321999	0.547533966432391	897
-0.096902421779	0.465714266463174	14
0.036286297562513	0.736372946127708	651
0.0334096804656659	0.750811792412953	13
-0.0474975015129899	0.551388647120354	13
-0.0912979172117801	0.473002093574455	276
-0.00625765253706989	0.646795059371853	32
0.038364643443757	0.70296665698044	139
-0.0824435864966	0.845490701622947	51
-0.04913205769592	0.547473684070202	51
-0.0872222022263001	0.458704578400995	270
0.00463847794788697	0.610450708717279	77
0.00123367657083096	0.6389012806681	651
-0.09006140366036	0.449424605342317	1105
-0.0924249755392099	0.46122583660099	226
0.122494763692373	1.02859653328924	13
0.103565064439588	0.863835693699666	59
-0.104724793613	0.440276862417618	51
-0.0472011331612301	0.953601583822156	87
-0.0398976637317201	0.541280378911465	461
-0.0941261860321601	0.475602896245786	1105
0.105370233554228	1.29675369602953	55
-0.09358216335138	0.452705018653039	41
0.095951676216212	0.799373220734828	226
-0.0100533246419201	1.19299211784075	226
0.112262488931895	0.9993721011488	13
0.114956769380938	0.954172543591586	13
0.063507981383376	1.12171093460836	32
-0.05117376019158	0.55701780791661	51
-0.0468934678794799	0.569889133741175	51
-0.0815606991467599	0.883687074792333	41
-0.0458920029189101	0.947630185003332	344
0.083094334345423	0.888066002449765	344
0.054388446416496	0.776524935707503	13
-0.0485556860258001	0.961195616086872	13
-0.09745034203651	1.14952279660114	276
-0.10140677720548	0.449355703025477	79
0.024537351546824	0.71262150417577	32
-0.00570820314685006	0.658037098839518	32
0.107464967654934	0.902766738044476	59
0.113866508390155	0.961702764273644	1105
0.123106498307853	0.933407579516283	13
-0.0855960226755701	0.919762274029856	13
0.041277725442437	1.11613198435074	276
0.04002043533595	1.11176792348089	276
-0.0811047818444799	1.12854675179986	79
-0.0388106858867101	0.941938152676085	98
0.079997763371611	1.19207533858881	139
0.118043295483489	1.01473354389696	139
-0.08585400321765	0.915853562570033	51
0.01572060027054	1.30217255493165	51
0.040197961843253	0.720927026779097	51
0.019234452833111	1.06387586780899	77
-0.00611921594833009	0.64187030104003	1526
-0.0156526990580099	0.983841639230729	41
-0.04814269266493	1.12489443603033	13
-0.11012730667958	1.24637306196851	13
0.028303469454236	1.05501339012399	13
-0.00365629023748992	0.652570245674334	13
0.075269121244486	0.870445780995873	13
-0.0965070984751599	1.34679664381341	59
-0.00110025334418995	0.614095937857126	461
-0.0877568448364401	0.456556769573445	13
0.080554990258778	0.878778693317645	13
0.100995367880693	0.934190140100602	139
0.0443114810773531	1.11909657770542	139
0.00259045976543904	0.62575774135882	139
0.052547501387187	0.806534986672155	139
-0.01239775376195	1.01548659652912	51
-0.05828353022691	0.53739311912244	51
0.083731396325145	0.838383419577174	226
-0.096902421779	0.465714266463174	32
-0.0985641369041199	0.462372711198344	139
-0.0896352697527101	0.473987491495537	485
-0.0941261860321601	0.475602896245786	485
0.00274417918379399	0.641498232065167	14
-0.00471273786493009	1.27362974971048	77
0.107581957816486	0.841813195721518	77
0.01237396467106	1.00190905492058	55
-0.0477386085701501	0.549349431425698	344
0.022268899832533	1.07706241308597	31
-0.0490860121750401	0.539154467778149	13
-0.0906033772297901	0.458987648600763	32
0.054908148756639	0.802282055746506	276
-0.10306526308278	0.448981523185475	461
-0.0581825096311399	0.511580023767867	70
0.0909416435766141	0.908789818416062	70
0.123901229603171	0.964787765565156	13
-0.05347552992674	0.555400916079688	13
-0.12478698206392	1.32002944683945	139
0.099521063659674	0.934802913084862	51
-0.0397803398530401	0.549007761744782	51
-0.05347552992674	0.555400916079688	51
-0.0467081329182799	0.564211260599411	461
-0.09017312384262	0.45534180700655	461
-0.08609995458729	0.457412014492507	461
-0.0558771419784201	0.557919705825202	461
-0.0855651880702799	0.45518361508974	49
0.00723692332797099	0.613569346472015	344
0.107597639186627	0.905300935991576	13
-0.00377357754481	1.25635138247846	13
-0.06576648836864	1.37032060336381	51
-0.0848184529281	1.54780906055503	51
0.000428718373658987	0.640363089191982	55
0.054160297899468	1.0271824019255	41
-0.0226714374291599	1.25699841089156	70
0.03415461520151	1.112928729434	31
0.061129780356785	1.10959722845122	558
-0.0384012590831	0.942895413577013	1116
0.050137166122884	1.09350731901225	558
-0.0884938630165	0.899563808003883	139
0.020933934042413	1.06291500573832	139
0.0796713498378811	0.875697677154613	51
0.040236621958628	1.12710056104879	51
0.121568428595249	0.954746550678003	51
-0.07021693820391	1.61366205275496	51
-0.0823962308533599	1.63316744175879	51
0.011967147104862	1.67649151023634	461
0.101777409647926	1.35695659198583	461
0.0598437668633211	0.767736810846752	55
0.021645472390996	1.00675281506569	31
-0.0344701590127101	0.934231325966306	13
0.00274417918379399	0.641498232065167	98
0.029836545816493	0.735029177830271	51
-0.00872310851902003	1.14941348726966	51
-0.0874367275653101	0.44666299701452	51
-0.04056260910781	1.6388317152256	461
-0.0885094474098001	0.894972997404098	55
-0.0423079301677001	0.558998459886999	713
-0.00580692408195005	1.24514539159123	31
-0.00570820314685006	0.658037098839518	13
0.102658244648242	0.926673459886066	558
0.058058208870381	0.809021166042885	558
0.038129440525003	0.729280842355423	485
0.00204626691264498	0.646849405128283	485
-0.0285132620334201	1.41309666678803	55
-0.0039622654742999	0.6535678275158	98
0.028686082988214	0.734078809128333	485
0.015420119715581	1.04822756018275	139
0.075567247557466	1.16776312397337	51
0.120830384521274	1.02504587496531	461
-0.0828812015953599	1.3579571702776	344
-0.05347552992674	0.555400916079688	98
0.032955942750546	0.728470009481777	558
-0.01031204900708	1.03893937538416	139
-0.0864330523715	1.18259944877493	139
-0.03571689847253	0.960747929694515	51
0.101435036006298	0.916694512469168	51
-0.04815235345605	0.567037609800237	51
-0.0455578338742699	1.19710974929521	13
0.119523999670461	1.00157477245799	139
-0.02581151144157	1.23598768833454	139
-0.0432353512499499	0.546988360687977	139
0.099283885244262	1.27145670818721	139
0.080943318562272	0.835908575469252	139
-0.08396347142026	0.913178066174638	139
-0.0182744543571201	1.45094936866142	139
-0.04815235345605	0.567037609800237	51
-0.0024501026600201	0.646443874011564	51
0.00601281865161596	0.633532676439481	51
0.020130629813453	2.13634332525805	461
-0.0339134307620099	1.42704930464971	13
0.042103376996901	1.07588509438629	276
-0.0957558294460601	0.443967751915074	558
-0.0879736883809401	0.470206436380931	1115
-0.09296163184436	0.467523780469435	1116
-0.09349926382038	0.438623332949745	41
-0.0441670859836101	0.554084333321905	41
0.058731938954679	0.782126726404263	31
-0.0488824223933499	0.57038591806793	226
-0.09358216335138	0.452705018653039	98
0.044040366837021	1.1188064844727	1115
0.016859637123392	1.31681537129098	41
-0.0912979172117801	0.473002093574455	41
0.04124991333078	0.702792097757015	889
0.022141500114036	1.30520480747036	2283
-0.09623538327203	0.437585370572214	151
0.026947317429496	0.720838759043788	139
-0.00969132854056998	1.19576597155544	51
-0.0890984073023999	0.458554063451706	41
0.09426925291424	0.904798451538797	226
0.084364982230099	0.878548532607598	222
-0.09076115626131	0.462113942218127	222
-0.01263923144683	1.01142200082427	13
0.089677360345908	1.09244824748968	558
-0.08570685539587	1.1768384751556	462
0.079088952331308	0.884952167223379	139
0.052987127055956	0.801123042031001	51
-0.0952417642797501	0.46370004938593	1136
-0.0872222022263001	0.458704578400995	98
0.073766163383031	0.844923574188524	98
-0.01316573915967	1.02992943519409	139
0.03352610561951	0.71060125910979	51
-0.00641524736907995	1.57446418874077	923
-0.0524407891085801	0.558380071180213	41
-0.00736839043514004	1.38975274574784	344
-0.0528269496153699	1.36047551387718	2283
-0.0459890416186	0.542884852335981	222
-0.0885116487812501	0.456184286801699	358
0.025840106613737	1.60491839966765	98
0.049212382095763	1.49509978501883	139
0.00369484837390699	0.642712849475021	51
0.116448635166787	0.999682358091484	51
0.0827152723154581	1.7877474743385	461
-0.09406862242787	1.00559714995137	226
0.085852027197152	0.844528902269008	1128
0.00710115072900397	0.622798541456838	558
-0.00646611446617995	0.940264639627552	139
0.117226448766493	0.912326549221155	139
-0.06532991804166	1.32819712852655	51
0.037168023550789	1.42452660630088	461
0.084746023391956	0.840019545856705	41
0.014639592075668	1.32650795474202	344
-0.0846332051111201	1.78035606624925	344
0.000428718373658987	0.640363089191982	31
0.035921447990985	0.968144789896968	31
-0.10306526308278	0.448981523185475	151
0.034445108276918	0.75393430328094	98
0.10861839501481	0.960963409056468	462
0.0792296990707681	1.17287457050553	139
-0.0844778158980299	1.28796845484934	222
-0.0455579951639	0.560957115681622	151
0.110146896633016	0.854837253771217	94
0.0596553731014789	0.784156333095448	70
-0.09048377961222	1.52543582342403	70
0.072721878851892	1.16056933592509	226
-0.09183566183058	0.450426352848163	1217
0.027192127250838	0.729607417541346	98
-0.000551118225800007	0.637867373312749	98
0.083532127521035	0.880925258964803	462
0.055374609620282	0.820223706004232	731
-0.08522873422863	0.910312079325983	139
0.105937621812585	0.916200341494168	51
-0.05797235783383	1.19847744529873	51
0.040075052276268	0.699944947521912	51
0.030414919385358	0.708002588935578	94
-0.0924249755392099	0.46122583660099	94
0.116375539967899	0.967186490741443	1128
0.0999086548718811	0.93809588833204	222
-0.000466544773390032	0.975204996712771	151
0.116646761122234	0.944574298762791	731
0.040259042789331	1.06090683232307	51
0.027649947627357	0.73307637512409	51
0.040661637781504	0.711335303756872	51
-0.10913734897011	1.25968624214951	1648
-0.09337007517516	0.46227128383205	226
-0.0435721617895399	0.558263069819362	1128
0.062091944506146	1.14999693290574	222
-0.09358216335138	0.452705018653039	731
-0.0429883159839699	0.972352054905134	51
0.105845726995162	0.866809954748007	51
-0.0411711183630601	2.39875248159438	41
0.099770140373347	0.907682443165156	41
-0.096902421779	0.465714266463174	31
0.0558220554101631	0.810275397614855	1128
0.04596785862777	1.45735556501341	222
0.097036270962923	1.26292549033016	151
0.050112578657148	1.36421315747493	139
-0.04563485670338	0.568461520834648	51
-0.0198853480096499	1.24431285212152	226
0.079929321866707	0.875907255981721	222
-0.0441670859836101	0.554084333321905	151
-0.06284469108562	1.17590802107807	151
0.00394260218460496	0.955916095211976	151
-0.09296163184436	0.467523780469435	51
-0.09296163184436	0.467523780469435	51
0.075711072011786	0.88084228527688	865
-0.04825195965605	1.11090651319762	1648
-0.00465347061121002	0.570915815430424	41
-0.10030041299074	0.460148928800768	709
0.0575077294933311	0.797693871154246	139
-0.0855651880702799	0.45518361508974	731
-0.0896352697527101	0.473987491495537	731
-0.0505219987508601	0.550742653418487	1128
-0.0985641369041199	0.462372711198344	1128
0.00140604454022797	1.28967385017699	151
-0.0896352697527101	0.473987491495537	224
-0.0465002020132099	0.948888950249408	731
-0.00748534591861993	0.64499645126122	51
-0.04531526336283	0.538700007706826	51
-0.0879645417824699	0.892845540548501	51
0.060789936535699	0.781106276446045	251
-0.0905393921523301	0.452835146694051	251
-0.0835798549145199	0.873944020504085	344
-0.000268158745110103	0.640286720705504	151
0.019564715766698	1.02951352591178	51
-0.0411297042999601	0.52514051543085	251
-0.0504049423419199	0.543510359624849	94
0.026542731171965	1.03891846244087	1648
0.08144716424509	1.3663018334489	1128
-0.0851801690354601	1.15249123986367	1128
0.086369485289022	0.836452799930926	128
0.060182766064554	0.78360350327408	222
0.061159621705165	1.12616228974584	151
0.054357142511407	0.819894211030019	731
0.063350664900938	0.805610878101881	51
-0.0939117489132899	0.457714841559401	51
0.000428851311389034	1.28658614167715	251
0.051124935380146	0.804392797257638	1128
0.116483553332494	0.964608860930675	151
0.105152247000491	0.915194995239756	886
-0.00122395295749	0.663988266204473	224
0.00478230595770601	0.636459178172812	51
-0.11775563034035	1.77188984537155	294
0.037905863865191	0.724911119467446	344
0.031671095500142	0.712983688853752	344
-0.0279709712299101	1.21101768274444	1128
0.052738179661031	1.15030068613991	128
0.057776379337952	0.793674396179612	151
-0.12219716488958	1.32657366864879	51
0.061976345140033	0.825206169621218	251
-0.0952417642797501	0.46370004938593	1648
-0.0862145849681999	1.76449171248385	344
-0.0879736883809401	0.470206436380931	151
0.091697443039465	0.809445106972947	151
0.009210411831714	1.25092613728566	886
-0.00461587315070999	0.660864117419466	151
-0.09039410603028	0.859220713506425	151
0.08548770036789	0.856382232969573	51
0.00831519681850901	0.611480727052579	51
0.081766371395917	0.874398476019811	51
0.018562489465928	1.31920893794984	51
-0.04165128706344	1.45104946705471	1648
-0.0656276246343901	1.38710025193788	344
-0.0909231799166501	1.14762984752348	70
0.020530729140583	1.06359828744626	139
-0.12372497521657	1.36935376537613	51
-0.0820220067092401	1.11477382629312	51
-0.00178169749604007	0.640783243155142	51
-0.0941261860321601	0.475602896245786	94
0.021434559501379	1.95883860223167	906
-0.09064300745853	1.12770575995549	1648
-0.0924677630366499	0.463866464916371	1128
0.06293282114484	0.816291105716111	128
0.0356933855279949	0.957193725688874	128
-0.0952417642797501	0.46370004938593	211
-0.0410173466558299	0.959031386158459	51
0.016560717662878	1.43822387097841	51
0.089535459272776	1.60964778105435	906
0.049612936600684	1.66696074555257	906
-0.0912979172117801	0.473002093574455	1128
-0.04089932639025	0.967180546380571	1128
-0.0896352697527101	0.473987491495537	151
-0.0526249399091301	1.18827962441578	151
0.036296056770878	0.708194541495947	341
-0.0957856613336101	0.477728056382184	51
-0.01890305540421	1.23601990889237	906
-0.0503375469259499	0.53866373761794	294
-0.0868512355722599	0.452713644079009	75
-0.0896352697527101	0.473987491495537	70
0.052808536053749	0.818578826310754	344
-0.0877568448364401	0.456556769573445	1128
-0.0490637469041	1.33635078291343	128
0.056545350653284	1.0453767022413	151
-0.0498575823954299	0.93528590353449	224
0.031919925880025	0.729318679225573	341
-0.00941381992752999	1.00135853725644	51
-0.05073247849004	1.38772860292622	177
-0.03619203846707	0.94483328558765	177
-0.00859279066968011	1.03075994919842	94
-0.0125040859940699	0.959679920879783	94
-0.08786938588465	0.895489134810666	294
-0.00764721176875005	1.1565523391186	344
-0.03588143129254	0.972235323760621	224
-0.03869170747239	0.958053494201465	177
0.086873129278921	0.873770645332884	94
0.045113896248711	1.3703308001549	344
-0.0478594826565599	0.548144030992963	1128
0.102796407894628	0.928637457721919	1128
0.081365605064064	1.18191713297203	226
0.081831013679636	0.834014768955734	128
-0.09076115626131	0.462113942218127	151
-0.10366869447397	0.425611167430986	51
0.033854809417781	0.739127547862949	51
0.025711165351951	1.03976325338584	51
0.0596612581024421	0.784117336389397	412
0.094091222107935	0.947852923907519	1648
0.062069818550364	0.803488939423759	70
0.073582021113211	0.881547026910546	70
0.0519339743439991	0.804825161495579	1128
0.10221974098659	0.933721325493228	128
0.0776585568909191	0.86427117127117	151
-0.00325112575785003	0.995089251097727	341
0.080309123385953	1.17843586969045	51
-0.00122395295749	0.663988266204473	75
-0.00902018965684004	0.618319807890092	70
-0.0890984073023999	0.458554063451706	151
-0.09017312384262	0.45534180700655	151
-0.0419492127171499	0.961634589383845	151
-0.0111753236604499	1.03242543956089	177
0.059961856495532	0.768565614177556	51
-0.0431866841011499	0.959754874481614	51
-0.00896606666878008	1.0299091379473	51
-0.08854782725856	1.34857261262433	51
-0.0472694154670701	0.968696067806305	1128
0.0506476296184401	0.809155741879606	222
-0.0102168185518501	0.620508878308524	151
-0.0213357484483301	1.22501905195059	151
-0.0848444120760801	0.90964920445916	151
-0.08875776937596	1.13443532339794	51
0.040876948580936	0.687322396494686	51
-0.0506813453077	1.20504447475529	51
0.045347390372827	1.11143243524824	51
-0.0531966151713299	1.21721402899314	1128
0.0527095527197961	0.788155462956736	165
0.00260689896136501	0.645281285372289	165
0.076538441573956	0.872971885638497	165
-0.00273048268130993	0.650539830170363	151
-0.0851918831423999	0.441158211011251	341
0.087060807334685	0.844673944309659	177
0.115421298521957	0.906686407170007	51
-0.0501112131750101	0.538284761793941	51
-0.08219385541825	0.914953662359333	51
-0.0398976637317201	0.541280378911465	51
0.048945108598447	1.05849177995788	1128
0.081035863701599	0.876726442494869	1128
-0.0768982527786799	0.876448629019419	341
-0.12347377128222	1.03001497351051	177
-0.0085775855529	0.648622179981057	51
0.075712433794231	0.877747134202193	1139
0.111864727647613	0.992333267658087	1139
0.020889268086458	1.0435519336289	128
-0.0896352697527101	0.473987491495537	222
-0.0952417642797501	0.46370004938593	165
-0.12145531273829	1.30543989223073	341
0.02591955537046	1.29595278823979	1648
-0.000252650431550094	0.623157617703203	344
-0.0467081329182799	0.564211260599411	70
0.075711072011786	0.88084228527688	341
-0.00287167886728001	0.649845796004951	341
-0.09017312384262	0.45534180700655	177
0.060840864074183	0.810031499579379	51
0.064189110313937	0.78868345580346	51
-0.03026396418803	0.906848497794737	94
-0.0468273848285801	0.560212678289747	94
0.032006811670438	0.739735858523259	94
0.117083106394892	0.914318872067314	70
0.09907839253957	0.939455110017901	1128
-0.0614125458891	0.504254439600848	128
-0.01141115300291	0.579554236298007	165
0.095752138404169	0.942527579043694	151
0.00135896652248602	0.633963686063865	165
-0.0039622654742999	0.6535678275158	341
-0.08522160734927	0.900655974567629	51
0.027042645433021	1.05013586673473	51
0.00000397222390602359	0.660828238513233	1128
-0.0885116487812501	0.456184286801699	1437
0.062297637791505	0.8251798366808	128
0.037295469328813	0.699399187298018	51
0.044797192476195	1.11085955150291	51
-0.04761889352405	0.56407474435531	344
0.00325232424432997	0.618533857716988	1128
0.05901729045209	0.804632132304368	165
0.023719922098999	0.725044550444742	341
-0.0487623429238799	0.567341166883756	341
0.035260962920491	0.70561780023763	298
0.053306172488936	0.812593087850963	1045
0.091390754873918	0.916497883641046	1045
-0.00625765253706989	0.646795059371853	51
0.058100307757593	0.783759421428183	51
-0.00437553908747002	1.01408763111901	51
-0.0226741840864499	1.24788830293183	51
0.025369778740433	1.0274845649867	51
-0.00622587128364005	1.01705157561451	1128
-0.00122395295749	0.663988266204473	1437
0.075024905951928	0.850973657014175	1437
-0.08989266056733	0.902389804896269	341
-0.08585400321765	0.915853562570033	341
0.0308729192027249	0.730322079133245	341
0.099204832962811	0.866711583719351	51
0.038815724320447	0.722377053697474	51
-0.0917748970179399	0.869598471536329	51
-0.09234534154716	1.12534443901617	51
0.072519529968493	0.84950595397617	51
0.041310361076548	1.32277049783894	70
0.04557485564659	1.10914804228693	1128
0.094529385130785	0.939575684388673	70
-0.00482458090843996	1.23337363683537	1437
0.056868192048492	0.814046084155369	1045
-0.0816862021590601	0.906729673587076	344
0.00813673827871897	1.28887654382228	70
-0.12036136419433	1.35085607121331	204
-0.07297610184353	0.849131588761828	204
0.018453175473894	1.06444458974426	204
-0.0939117489132899	0.457714841559401	70
-0.0512928982366301	0.575164026889131	70
0.0933952753512191	0.912316277298442	70
0.031561922559306	0.745179493359063	1437
-0.04990702564731	0.551080873104381	128
-0.00164049830313995	0.646848651467285	341
-0.04677889086858	0.556526091399471	341
0.00491174041716302	0.602802980589725	341
0.000284413234364012	0.628196142137316	298
-0.000133272760860059	0.662857840443435	177
0.0901780412376531	0.891103032390899	1045
0.090621631525296	0.831410026815869	1045
-0.0829694540461901	1.09016613976259	1045
0.031782937194495	0.750677775824844	51
0.063350664900938	0.805610878101881	70
-0.0941261860321601	0.475602896245786	341
0.065374935093639	1.08143522837641	344
0.078905147548332	0.871066538065799	70
0.0903756021857109	0.938553937777533	70
-0.0385239416004299	0.963162262001733	70
-0.04432624557806	0.909581198707353	70
-0.04906920138833	0.959640845756049	1437
0.060277497230703	1.1385371163674	439
-0.0375687738514201	0.945092617953373	151
-0.04771968502541	0.535441884302902	165
-0.0924249755392099	0.46122583660099	165
-0.0410439893472201	0.556148258118499	1308
-0.0465872177156399	0.545442228209102	51
0.096777266532985	0.913237304922124	51
0.038584187648806	0.689567944137591	51
-0.0855651880702799	0.45518361508974	298
-0.0877568448364401	0.456556769573445	1045
0.00121841518257604	0.621720780835787	51
-0.04135978670936	0.952711876205694	51
-0.0885116487812501	0.456184286801699	51
0.074000452654304	0.858956679547661	399
-0.0838017832490701	1.53346573551394	439
-0.11140499620231	1.53872049318843	165
-0.0867367509260499	1.06213873771484	298
0.00761851200071895	1.22205345920363	298
-0.04999671703694	0.958106216247304	298
-0.0890984073023999	0.458554063451706	51
-0.09467120851851	0.459765979053938	51
-0.04092630996266	0.538037127741975	1419
-0.02312755765587	1.49147326365717	70
0.089760875811543	1.40894227605791	70
0.095069384394408	1.17558531320444	439
0.035731336798885	1.08706783845264	439
-0.0863842431347199	1.35658513558955	51
-0.00475648303893994	1.01316641315936	51
0.00491174041716302	0.602802980589725	51
-0.0410439893472201	0.556148258118499	51
-0.0469705155467599	0.518293061104117	204
-0.0230368189201999	1.84448954158942	70
-0.00967043459934991	0.647858644007831	733
-0.0533573041148501	0.553960076078413	359
0.093693706481689	0.929778720680052	439
0.102658244648242	0.926673459886066	439
-0.0762708426846299	0.815017979471786	298
-0.09076115626131	0.462113942218127	298
-0.0870668022883201	1.57348918111351	177
-0.0488824223933499	0.57038591806793	51
-0.09864416349271	0.450931176211324	51
-0.0630296581599401	1.93748461473653	70
-0.0957856613336101	0.477728056382184	341
-0.0885116487812501	0.456184286801699	215
-0.0478594826565599	0.548144030992963	215
-0.08818277366312	0.434096122272713	341
0.0225268782200611	1.2758439822665	298
-0.00149691249461004	0.629554113879055	51
0.058147829511942	0.820165135381523	531
-0.0922570448975599	0.460976707716774	204
0.067267168416598	1.08642434190859	733
0.059105350086563	0.827292903597036	70
-0.11919945368767	1.75465469716626	70
0.026875095072989	1.43503803650712	70
-0.0441670859836101	0.554084333321905	439
0.0677453460095791	1.12917909258696	184
0.083605776590949	0.821026401294891	70
-0.0890984073023999	0.458554063451706	439
-0.0837524307867801	1.38027234684217	532
0.033392568226625	0.73163554255015	177
-0.0524407891085801	0.558380071180213	51
-0.08895074491437	0.448194438754559	51
-0.1170583255619	1.34204150157625	51
0.058470607585611	1.12118645200677	733
0.067718993938536	1.14633931380833	70
-0.0941261860321601	0.475602896245786	439
-0.0126405011358901	0.998774416714231	359
-0.0512928982366301	0.575164026889131	532
-0.0106278630113299	0.634370641635838	532
0.07147586987637	1.11349398028374	439
-0.00291435655849992	1.02174767167653	439
0.0852969395105	0.871595743096053	177
0.00704183266869696	1.55121054230076	298
-0.0479791159705401	0.563448784402162	51
0.0852969395105	0.871595743096053	70
0.080556512590148	1.28335294279843	70
0.108043571590275	0.98153588714669	532
-0.05243020865513	0.945621843069772	51
-0.0107638936504499	0.642772904699261	51
-0.00474799392986003	0.657832572272472	51
0.045086396936296	1.56717883512209	70
0.041823422738181	1.80837672555707	70
-0.0558771419784201	0.557919705825202	70
0.123277136487206	1.43156040823985	70
0.037094375186034	0.728299044612599	532
-0.0488824223933499	0.57038591806793	324
-0.0896352697527101	0.473987491495537	324
0.047019589112179	0.779978567463599	51
-0.0829286543157901	0.866643839784823	51
0.081119029121967	1.74620182149525	70
-0.05048112868914	2.03253275977353	70
0.088441335848224	1.40043173695175	204
0.05769722381906	0.770869182837641	359
-0.04809707633719	0.555957734417634	532
-0.08384012881874	0.863727615215124	439
-0.12273181040246	1.3509107033603	439
-0.05473396025403	0.554834876255793	1133
0.065563519762332	1.19206930448259	51
-0.06362485364189	1.56921444778072	204
0.10753086037027	0.974468282712612	204
-0.0909048678578599	0.898527163490821	70
0.049921361921948	1.05613981630647	733
0.061341496019523	0.825839503455749	399
-0.05394831235659	1.21555057102128	439
0.036744967534908	0.743006987420347	603
-0.00516662111645005	0.637896012849582	311
0.033744648066437	0.717977497697561	298
0.107207465805443	0.894205781853669	51
0.0948807719508	0.920402769876199	51
0.0427930774409619	1.11195134101082	204
-0.0964143879791699	1.35111364754146	204
-0.04672675148892	1.18494894153391	204
0.058869175224973	1.12544975443911	733
0.1199289637135	0.889794780314247	439
-0.0802996865441401	0.886316652998455	439
-0.00231524084546009	0.661104515128733	439
0.075768618143729	0.850309018854202	518
-0.03716308051927	0.977753477749262	324
0.104018517625297	0.915587904867894	51
-0.08965744001673	1.352596399815	51
-0.0859683801308	1.17071874079584	51
0.015713816739844	1.08572447545735	51
0.0254529082035681	1.06342284995276	51
0.00369484837390699	0.642712849475021	51
0.019825820259965	1.07810138879627	204
0.093654709407631	0.933357302899779	324
-0.00461587315070999	0.660864117419466	603
0.0283145657784371	0.70156754697656	20
0.055638656033717	0.826121279939852	20
-0.0136649579899599	1.0211381516127	298
0.075927140422722	1.18293781286816	51
0.117879192089953	0.967526701091356	51
0.098900919832234	0.920993008823478	51
-0.0478594826565599	0.548144030992963	70
-0.06185375701383	1.93204066727549	204
0.081683594414685	1.17146316487195	399
0.0288775306031001	0.727245919280222	324
0.001094055870279	0.659703879131162	51
-0.0147746241114599	1.00244274224459	51
-0.00929250310511009	1.01111522901778	51
-0.0591527612676599	1.16778194654686	51
-0.0451595158877201	1.39912658567176	51
-0.0249100091855401	1.23591478950599	204
-0.0501462378441699	0.571811321146784	439
0.046658966737225	1.05429126430804	532
0.032708141825758	0.717065836449674	20
-0.0142505632024601	1.22830512614276	51
0.0323573158645361	0.736382927705115	51
0.035225221850814	0.700777247938462	51
-0.0834551052164201	0.886309128967853	70
-0.05473396025403	0.554834876255793	397
-0.01063840509073	0.969975889054609	439
0.096777266532985	0.913237304922124	518
-0.0512928982366301	0.575164026889131	324
0.0632294128023641	0.794239168636358	1215
0.032131767059694	0.735779430069716	1215
0.0630904201899301	1.12098407535013	51
0.100777099083774	1.58370301564398	204
-0.0546170860463899	0.558500464119768	399
0.054963091415413	1.04331277883826	20
-0.08409220331358	1.160952113808	177
-0.10195770181993	0.459718931802622	177
-0.0435972812444301	1.7109059627019	51
0.075933990463031	1.29173864463696	51
-0.00300150226429996	0.637811325373282	204
0.098246717190387	0.945727123164629	204
-0.08149127287957	1.12941781230874	439
-0.06406980346119	1.37719366470873	324
-0.0871231964657999	1.38350636189491	215
0.065718406263138	1.07086608979991	1215
-0.08871983385293	1.36651855515998	177
-0.0963305500923499	0.456542987028153	70
-0.0544984905105399	0.538796480949226	204
-0.0941261860321601	0.475602896245786	399
0.056782255890665	0.809622595600129	399
-0.0269841043799499	1.17348863150176	532
-0.0455578338742699	1.19710974929521	324
0.122867556946707	0.934209207490419	20
-0.04936706918181	0.547684105020057	455
0.046556424527649	1.09028503587035	51
0.029022713271601	0.738492679790152	42
-0.0410439893472201	0.556148258118499	42
0.05719004788801	0.809036662247351	70
0.038950074948411	1.08956277788024	439
-0.0841989540353301	0.806991823228016	399
0.120237761805866	0.942831809219073	1215
0.0177501408167901	1.0867017874181	1215
-0.0912979172117801	0.473002093574455	455
-0.04990702564731	0.551080873104381	177
-0.0927928605330901	1.30874403364762	51
-0.0896352697527101	0.473987491495537	42
-0.00205213341012001	0.640885749434682	42
0.048563023646262	0.796552101901822	20
-0.08913254909601	0.888463133266354	455
0.00116448610096398	1.29517661549377	20
0.037905863865191	0.724911119467446	20
0.047922116745295	1.08007182281749	204
0.000370418636169045	1.64219347512073	399
0.074299732030528	0.854085314245375	1333
-0.0912979172117801	0.473002093574455	42
-0.0517684791064701	1.14223530632004	204
0.012978260813857	1.6882561115102	439
-0.0418868583713401	0.957365990156015	399
-0.06516761479442	1.59465190440094	439
-0.096902421779	0.465714266463174	2154
-0.04064344097896	0.944668878763812	28
0.00123367657083096	0.6389012806681	20
0.000594140127529008	0.993772851887013	20
-0.09220002822969	1.19249880980413	20
0.095874445378204	1.47123373775198	439
0.090775080598349	1.4418706217924	439
0.038719373818515	0.689628128950974	2154
-0.0421915505985699	0.544815039196702	28
-0.0806761831894301	0.908251794014053	28
0.119010125723796	0.97242329250462	38
0.094427588203067	1.19853555348362	20
-0.00474799392986003	0.657832572272472	47
-0.04440907656057	0.540653618649644	28
0.039850779345077	0.721521988267945	28
-0.0924677630366499	0.463866464916371	28
0.06249273257784	0.725545970143485	834
-0.0368088121121299	0.97954351941933	834
0.020580382303965	1.31397035181354	20
0.022420924082711	1.04174801854255	1333
0.097347994213602	0.928128596115948	51
0.114375285931156	2.08113715313896	70
0.112852604909274	0.918210490464967	204
-0.0101594391902999	1.01586695570452	204
-0.0113089546291101	0.627417334319103	28
-0.05117376019158	0.55701780791661	28
0.078926888949956	0.866741489004306	20
0.095853591687714	0.895935079354724	20
0.096814952048906	0.905027702760632	20
-0.00152686378099998	0.616623099720231	51
-0.0468273848285801	0.560212678289747	51
-0.03912271352343	0.916763412273706	204
0.0591577345762589	0.753848300421839	204
0.0527470779667491	1.57001427245859	439
0.064741276528161	1.08604308810396	47
-0.0737898961608401	1.86457320064744	47
-0.0912979172117801	0.473002093574455	1289
-0.0974461899839301	0.474113478007243	28
-0.08444411361281	0.453906826442465	28
-0.0480391150719499	0.557899551582474	666
-0.00183841928978001	1.28040978772039	177
-0.00748534591861993	0.64499645126122	51
0.025789237661434	1.41944076249591	51
0.064025709543749	0.798017708269909	204
-0.04135978670936	0.952711876205694	135
-0.0547028893597299	0.518016402965898	439
-0.0489723351900999	0.549112417120015	20
-0.08390922638509	0.443447759555519	51
0.072699826879909	0.880243811068294	439
-0.0435721617895399	0.558263069819362	439
-0.0872222022263001	0.458704578400995	28
-0.09017312384262	0.45534180700655	20
-0.10030041299074	0.460148928800768	20
0.035251913306372	0.74589003594608	135
-0.096902421779	0.465714266463174	439
-0.10361603097923	0.450410822944881	28
-0.05408985594114	1.38616808040365	834
0.00283006633085603	0.610378474118765	20
-0.0952417642797501	0.46370004938593	204
0.122080783753889	0.937391183473145	439
-0.09337007517516	0.46227128383205	20
-0.08631317201125	0.457519105693769	20
-0.0592060644558801	0.534460773398867	51
-0.0940898662343499	0.456140130105275	51
-0.0930129160133	0.457794321807033	107
-0.0957856613336101	0.477728056382184	70
0.026074820145693	1.02898782665587	439
0.057390832842913	0.80048968738065	439
0.058835546455195	1.09630293497205	439
0.107427021831461	0.889917605051661	518
-0.08444411361281	0.453906826442465	28
-0.0110264449163799	0.619994978180538	834
0.029721682580237	0.730902410939679	20
-0.04990702564731	0.551080873104381	42
-0.0896352697527101	0.473987491495537	20
-0.0478594826565599	0.548144030992963	20
-0.04521504400371	0.529178062998433	177
-0.0930129160133	0.457794321807033	51
0.025770320181614	0.731584374156402	51
-0.0522687289905599	0.909745681505917	439
-0.04635565177264	0.548318930393715	70
0.00665762044857399	0.615362182142232	439
-0.08522160734927	0.900655974567629	834
0.08309689395105	0.836216914208509	20
0.089377336466993	0.815545093976183	834
-0.00287167886728001	0.649845796004951	20
-0.09076115626131	0.462113942218127	51
-0.05035154465477	1.12170859779874	439
0.0270538676779301	0.713803876192631	70
-0.0436362132063599	0.531783613305597	70
0.019422395897115	1.05583373701238	439
-0.0431731909031901	0.929756870996339	439
-0.0113089546291101	0.627417334319103	518
-0.0480391150719499	0.557899551582474	243
-0.00191064047066991	0.641856131488695	38
-0.0042349871243299	0.636110324462439	20
-0.0953861763205801	1.15159768505234	439
-0.0848635383310199	1.17411722888745	439
-0.0102168185518501	0.620508878308524	439
0.032131767059694	0.735779430069716	834
-0.0398976637317201	0.541280378911465	51
0.098849801542237	0.942629889843884	204
0.092269277775794	0.918761752476101	439
-0.04488986205912	0.529470389413391	1035
-0.00871788891950009	1.01013256678004	38
0.0852969395105	0.871595743096053	38
0.034060552297248	0.713991622304238	20
-0.01116889972466	0.630761103595738	20
-0.0454335382169999	0.949955391908597	204
0.103870248964425	1.37103446535132	204
-0.00562002845180998	1.25888562795787	204
0.037909971263545	1.08926562268861	439
0.00137366943093498	0.628910428946138	439
0.022677860961576	1.06605757713442	439
-0.1093785836786	1.45064223369524	439
-0.0073492918475	0.650450787748746	1799
-0.0940898662343499	0.456140130105275	1799
0.0775421056041951	0.842992896888089	20
0.038666303142104	1.09078122373441	20
0.037330616790935	0.707355829185972	284
-0.08106152106126	0.856748331403017	51
-0.11172483043975	1.54517131604807	204
-0.07096700906705	1.38267450780939	439
0.110313574022113	0.98602701289395	439
0.035480000778461	0.753062869929651	70
-0.00217801594866995	0.65102967742556	439
-0.00469928743763992	0.994201295365344	1035
0.024802839420047	1.30289750098372	38
0.053674157559605	1.03941978594075	20
0.063979362320274	0.805800882205494	20
0.08338649207343	1.18122624314064	20
0.079185860679487	0.853329183797459	20
-0.00081622911379009	1.0188177462052	51
0.0280540503346	1.02870865327535	51
-0.01408955530608	1.17567519866656	51
0.0764335592672	1.19448608488373	51
-0.0501462378441699	0.571811321146784	312
-0.0301960815278299	1.28465089098421	777
-0.0843414488710801	1.34530357978197	439
0.010794438092814	1.06669910922592	439
-0.11542536810253	1.54984911764459	439
-0.07698740813184	1.5692226479421	439
-0.0039622654742999	0.6535678275158	1799
0.00509385859088296	1.27157664893706	20
0.044948131147055	1.30906657807465	51
-0.0828320251533301	0.862792708645238	42
-0.1162684280091	1.30994654646026	204
-0.08241341265079	1.36262918640084	777
-0.08888026990326	0.457840071173562	1035
-0.0489723351900999	0.549112417120015	20
0.032145547719562	0.748653983679354	20
0.114904007838181	0.981019310841095	51
0.03032144447608	1.39723021606234	51
-0.0194359469601	0.978961992587329	70
0.060639407541092	1.16185841396138	439
0.079759887265644	0.887372614742552	439
-0.00164049830313995	0.646848651467285	70
0.052670187847773	0.805673449926038	439
0.05719004788801	0.809036662247351	51
-0.0953861763205801	1.15159768505234	51
-0.0085775855529	0.648622179981057	204
-0.06006916894542	1.63615008687901	777
0.033181538852022	0.751739198774561	72
-0.0762579730523101	0.857769475523871	1035
-0.1240142847542	1.33850397403463	20
0.037359289249792	1.34936536432539	777
-0.01802152604121	1.48418649356187	777
0.04094643260635	1.41402239965329	439
-0.0479722519589301	0.968763932481264	439
0.092242016714046	0.833098283551528	72
-0.0468934678794799	0.569889133741175	1652
-0.06956552900628	1.55537379678185	20
-0.0896352697527101	0.473987491495537	340
0.0801996011396749	1.10766159665147	51
-0.0890984073023999	0.458554063451706	107
-0.04092630996266	0.538037127741975	70
-0.0957856613336101	0.477728056382184	285
-0.00256519659881005	0.642251815508282	204
-0.00415940182169994	1.02726851124102	439
-0.00164049830313995	0.646848651467285	439
-0.0398976637317201	0.541280378911465	72
-0.09467120851851	0.459765979053938	198
-0.0130553201377099	0.963299014757654	777
-0.04531526336283	0.538700007706826	20
-0.0896352697527101	0.473987491495537	20
-0.0488824223933499	0.57038591806793	285
-0.0461014953269701	0.545787987338324	198
0.023499292248231	0.718571742751022	439
0.065574520805491	1.14684654816272	20
-0.08390922638509	0.443447759555519	51
-0.10306526308278	0.448981523185475	51
0.039773490675467	1.54454808223101	439
0.080166603263817	0.848596479709917	20
-0.0877568448364401	0.456556769573445	20
-0.09076115626131	0.462113942218127	285
-0.0855651880702799	0.45518361508974	42
0.035015133577124	1.34725011976215	439
0.031095953831209	0.740577136824338	439
0.034716589300702	0.685497413324072	20
0.0661077019790301	0.766298145489774	20
-0.02324917691977	2.11314312056303	20
-0.0896352697527101	0.473987491495537	284
-0.0984358494651201	0.444603250418426	70
0.079429722403927	0.859804078626674	72
0.0923916569826691	1.54025482173326	20
-0.0538756088317001	0.536881862548808	20
0.04625689438119	0.657753029073179	51
-0.0924249755392099	0.46122583660099	312
0.108296125560666	0.956442737948162	70
0.109360729532716	0.868171480177057	1427
-0.10642258038196	0.438044354288467	70
0.042708391053469	0.669168398675924	20
-0.0952417642797501	0.46370004938593	20
0.116688219511065	0.964295366539876	38
-0.0492996175823099	0.555233675587554	20
-0.0924677630366499	0.463866464916371	285
-0.0922570448975599	0.460976707716774	285
-0.11785648076615	1.34818475869109	100
0.035020977293634	1.35893237063413	100
-0.0872222022263001	0.458704578400995	205
-0.0879736883809401	0.470206436380931	20
-0.0745818030849701	1.3163331183416	42
-0.10030041299074	0.460148928800768	51
-0.08194144584282	0.920989562741621	51
0.017254885814182	2.16157488751228	890
-0.0864330523715	1.18259944877493	205
-0.0789150803688301	0.886779168075925	205
-0.00516662111645005	0.637896012849582	20
-0.0855943514634201	0.879043641388844	20
-0.01956198926875	1.2068108626438	20
-0.08442642738076	1.13373768968321	20
-0.00570820314685006	0.658037098839518	100
0.060583166422422	0.783147600186492	100
0.027339136761562	1.36008506559057	205
0.0315612083044941	0.688434413564448	42
-0.06362162261265	1.3882053797295	20
-0.0479378012728999	1.42412255050569	890
-0.11659628128747	1.50497025866335	890
0.096008870796928	0.920187260199022	72
0.0535848920522231	0.798752986481928	72
0.102654836890677	0.917965198336757	20
-0.0480391150719499	0.557899551582474	20
-0.0566976887056401	0.520837873018925	20
0.058784687740759	0.82416271433395	51
-0.01350017596778	1.1588761550581	284
-0.0332272925710699	1.72890675561765	439
0.077303617218103	1.44108694683177	72
0.027192127250838	0.729607417541346	20
0.029491553753893	0.727201785151999	42
0.121757285491837	0.984471867386824	20
0.036272130188394	1.37649166002739	51
-0.10805156654237	0.432273297562329	42
-0.0566183763483501	2.11368002010364	890
0.020583423801262	1.78939058317537	439
0.00580211146047305	1.26352601189977	20
0.123807022985732	0.921314267742863	20
0.031321526405419	0.737233697578921	51
0.0121118825115339	1.58570494603489	72
0.091807203801764	1.26227733687502	20
-0.0224390092811699	1.24080921228551	20
0.077323115984666	0.891001236421433	51
0.078857793109126	1.22423771484814	439
0.091389926491898	1.27892970248469	100
-0.04567687143551	0.54002135422853	72
0.124277120818275	1.16003993342187	42
0.103444999601475	0.923961830464002	20
-0.1229517904781	1.37414107981049	890
0.042526488726919	1.12303990604476	72
-0.00172542178752999	0.956330782967041	20
-0.0492504047483799	0.559130158062595	20
-0.0549321592019201	1.400083611826	20
0.082621704080814	1.14802173899322	42
-0.04784870391242	1.91098347661939	20
0.06682572654921	0.780655409838313	20
-0.10982891295827	1.48953785491212	20
-0.03944804689056	0.963856759628949	51
0.06241471977472	0.79904294239923	314
-0.0872222022263001	0.458704578400995	72
-0.08724815584776	0.902138666647255	72
0.059976106784206	0.796281676244137	20
-0.0872222022263001	0.458704578400995	20
-0.08294841429627	0.887898601645656	20
0.00274417918379399	0.641498232065167	42
-0.00902914985734005	1.47547401197712	20
-0.0464804921478901	0.941703021127143	51
0.022241264559914	1.37692244736848	51
-0.0646211163531001	1.59711425809894	51
-0.0930129160133	0.457794321807033	72
-0.00870252752285006	1.03050584201813	29
0.0601629707110391	1.15463054868902	42
0.0498961396048721	1.47395409131396	51
0.027832263432662	1.37152016876012	29
0.039989624585245	0.686606495922406	42
-0.0303040818532201	1.49883590313039	314
0.054584844311339	0.812005548434545	72
-0.0957856613336101	0.477728056382184	72
0.054908148756639	0.802282055746506	20
-0.0912979172117801	0.473002093574455	51
-0.0890984073023999	0.458554063451706	51
0.057277298895892	0.813423364142036	314
0.024622634802153	1.32187826453569	72
-0.0437019876332001	0.931141504771801	20
0.0632294128023641	0.794239168636358	51
0.105984870320799	0.894724363325373	51
0.048891475348119	2.35674241220106	804
0.0100890972068159	1.04814979723437	439
0.040476935703421	1.06573242421141	72
-0.09591506102076	1.3429769557132	72
0.058470607585611	1.12118645200677	20
-0.0885094474098001	0.894972997404098	20
-0.0368787880667301	0.945724007658585	20
0.087983924662858	0.838813171813223	42
-0.10140677720548	0.449355703025477	70
-0.0555939397021901	1.22445463696969	439
-0.0952417642797501	0.46370004938593	72
0.104810379454951	1.35884731534763	51
0.041769436580296	1.11945799760414	51
-0.12230857039843	1.06423162657469	42
-0.0502633038754601	0.54813252064356	70
-0.09006140366036	0.449424605342317	617
-0.0854779085644599	0.83069924564003	29
-0.0211992809447099	1.47256102763387	51
-0.0441670859836101	0.554084333321905	42
-0.0501462378441699	0.571811321146784	72
-0.00908143341560996	1.03934441650933	72
-0.0816862021590601	0.906729673587076	72
-0.05731038316162	0.515567545424212	20
-0.08390922638509	0.443447759555519	20
-0.0879736883809401	0.470206436380931	20
0.0558220554101631	0.810275397614855	70
-0.0940898662343499	0.456140130105275	70
-0.09076115626131	0.462113942218127	70
0.122580652006382	0.914139727577015	72
0.007485696060479	1.21069115529155	145
-0.03944292635726	1.40201536262752	42
0.105730889437569	0.989324240215435	42
-0.0892384663753001	0.904899709630321	70
0.03548503295798	0.716416054411557	145
0.040640794751676	0.673952378724065	20
-0.11983634572839	1.52224075889997	42
0.043545243940403	0.697453682109348	503
-0.0173551391367099	1.01405317985547	142
-0.0592060644558801	0.534460773398867	70
0.03594268490696	1.11639169343695	72
0.056950294018663	1.11144956189498	72
0.0880625753247281	0.914646601502902	72
0.0792735520055901	0.874146646006995	1272
-0.04488986205912	0.529470389413391	20
0.105680765283425	0.888338128453713	142
-0.08913254909601	0.888463133266354	70
-0.0952417642797501	0.46370004938593	102
0.03061845097576	1.20120280151381	72
-0.0708437720519499	1.36990729038108	42
-0.04950275818146	1.21150312622429	72
0.035710638279519	0.743869746847287	1272
0.096582768849894	0.946679367868039	145
0.035112764432147	0.729550060068018	42
-0.0455579951639	0.560957115681622	142
-0.0879736883809401	0.470206436380931	42
-0.0254812299245299	1.22246686946875	96
-0.05497572796197	0.548707332134291	402
-0.000133272760860059	0.662857840443435	102
-0.06323082110155	1.91975224072337	102
0.00620563955314502	0.565092047610458	613
0.021421934427696	0.716790536179146	613
-0.00448139775241008	0.649177480008214	1042
0.073501665426935	0.864251841189481	29
-0.11792619279279	1.25430803587028	42
0.113689070815951	0.974144030948732	20
-0.0446490292917501	0.937299791342857	2061
0.052769110078403	1.59655578866082	102
0.069504526871341	0.857916595864919	72
-0.0442889078490001	0.558103864450118	1042
-0.11815041042526	1.32867656003413	29
-0.0204543629240701	1.23819822055089	29
-0.0704851680940599	1.52187460029522	42
-0.04425895642532	1.14102107413333	42
-0.0568145608878901	1.20682553636051	96
0.073245728504124	0.869526205514318	142
0.116125799090253	0.993069644763598	29
0.093048986375062	0.899815488667711	42
0.082289071864546	1.13148446451512	2061
0.098749189432467	1.46259549418468	2061
0.012433861065295	2.03036798635857	102
0.10332009478527	1.42507464396927	351
-0.0448366836856999	0.554028539045652	42
0.081585296742117	0.856994157159859	2061
-0.0492504047483799	0.559130158062595	72
-0.1202860398278	1.56027762158383	29
-0.03507496084837	1.62836851886217	29
-0.0822906704811699	1.34592961525679	42
-0.04427199770512	0.964731061898065	20
-0.0041243049475399	1.47987881899423	96
0.026383053581299	0.73719770289957	72
-0.000820275287239936	0.642641089784796	72
0.000652805701799042	0.621853457315809	145
0.040661637781504	0.711335303756872	72
0.02064036175583	1.0818629612328	29
0.0113839563796621	1.31376332047988	29
-0.00978447091938994	1.01069427383598	746
0.050640065826467	1.07504952352187	351
-0.12243419783911	1.33055784391325	351
0.089546666449118	0.812403178837955	42
-0.00122395295749	0.663988266204473	96
0.084471799149158	0.875702888916479	850
-0.0286919078644701	2.13058797181167	102
0.024457077670051	1.04689309094449	102
-0.10030041299074	0.460148928800768	1042
-0.0501462378441699	0.571811321146784	746
-0.0454374560903901	0.561328552526599	96
0.034216993891851	0.750870287289168	850
-0.0572338345429799	1.16469244609626	850
-0.0278547821681101	2.12452740212097	142
-0.0812611252943101	1.33055830139637	102
-0.05954576448684	0.524111752813401	72
-0.096902421779	0.465714266463174	72
0.053913825002719	1.06650939329523	29
0.031296025672928	1.03260082451716	746
-0.08294841429627	0.887898601645656	96
0.03962870588715	0.720169987454539	102
0.082847819306058	0.849809763970761	102
-0.0110264449163799	0.619994978180538	29
0.014608309274281	1.0503763606625	746
0.112899164626456	0.951206010717673	42
-0.04668542706602	0.976420138490256	142
-0.08067391249054	0.865906727761306	102
0.071999780397686	0.855648553286786	72
0.038727071394002	1.11968575729455	746
0.07324837277133	0.844154669126696	141
-0.000676710791039925	0.633451906392598	850
-0.00382107194170001	0.649757848361984	850
-0.000961453269590073	0.638377988886512	142
0.0769615272743121	0.868668904838187	142
0.092388592197543	0.819251677170216	102
-0.09436843674016	1.14409042019939	102
-0.0854795805328701	0.887795780744403	596
-0.03901963085744	0.987892145925778	72
-0.10195664471229	1.31791364575336	746
0.051592697408312	1.06288069856449	42
-0.0884802010828101	1.15328788527583	42
0.00804600818854195	1.21380455010185	102
0.032819078763667	0.747323703130371	746
-0.02378235317769	1.38099220500257	42
-0.0912979172117801	0.473002093574455	42
-0.0852590132739699	1.15716731452383	850
-0.0221590598767101	0.962347384971536	42
0.09514794302958	0.903302822989737	850
0.109731836313693	1.24845122198022	102
0.031452522162484	0.711989025141785	29
-0.0890984073023999	0.458554063451706	29
-0.05147841178312	0.553037704255031	141
0.080703653904178	0.894686175722295	141
-0.0571374713446899	0.552342383582474	141
-0.0930129160133	0.457794321807033	42
-0.0957856613336101	0.477728056382184	884
-0.0834551052164201	0.886309128967853	850
0.057250991170442	0.79732095901845	29
-0.12375672321754	1.53702381858751	99
0.050177076104127	1.09000227600389	850
-0.0929861366439899	1.12133619155332	102
-0.00107114947795006	0.626348942213741	72
-0.0500274753415599	0.57372796915115	29
0.095948218690642	0.905296278101105	42
-0.02065799841688	1.16287919676832	42
-0.0939117489132899	0.457714841559401	850
0.00750377481102704	1.32243319585054	102
-0.09017312384262	0.45534180700655	502
-0.0896352697527101	0.473987491495537	1007
0.096069807564363	0.801777447253607	746
-0.0488824223933499	0.57038591806793	42
0.072106432298201	1.41521889663303	102
0.04042402466651	0.717591384604113	102
-0.11077395016069	1.7970772118796	29
-0.0896352697527101	0.473987491495537	746
-0.0896352697527101	0.473987491495537	884
-0.0941261860321601	0.475602896245786	502
0.105993354119086	0.946312158033334	29
0.029805621944264	1.85998986988957	29
-0.04433563873699	1.18464807759423	29
-0.09910777302733	0.462050725237245	72
-0.0985641369041199	0.462372711198344	99
0.038011898294832	0.715245986453504	29
0.074982013583315	1.25027051077279	102
-0.0467081329182799	0.564211260599411	596
-0.09864416349271	0.450931176211324	29
-0.0985641369041199	0.462372711198344	29
0.057428570075954	0.788583367912204	29
0.0636948359355321	0.801136336894116	884
0.019580343229274	1.04515967370498	1607
0.067165291553056	0.795056024771842	142
-0.000676710791039925	0.633451906392598	72
-0.09864416349271	0.450931176211324	29
-0.01015447187466	0.991884870504208	29
0.072564012435356	1.20226587787454	29
-0.02338914985786	1.17966611743382	884
-0.12264235136608	1.30695868850544	72
0.00478230595770601	0.636459178172812	99
0.046585092112178	0.732243334564608	29
-0.00256519659881005	0.642251815508282	72
0.10013565923506	0.926237620470364	29
0.122302275051284	1.55399939065892	142
-0.0941261860321601	0.475602896245786	72
-0.0967803939449201	1.99561425868872	29
-0.10061601256991	1.35489330310361	29
-0.0468273848285801	0.560212678289747	884
-0.08786938588465	0.895489134810666	884
0.027192127250838	0.729607417541346	1607
0.052665859860259	1.0723435461159	242
-0.09573225503249	1.60205357935905	37
-0.08048885762664	1.64502272448423	884
-0.08818277366312	0.434096122272713	42
-0.0941261860321601	0.475602896245786	72
0.036128624855714	0.719833222412435	29
0.00369484837390699	0.642712849475021	29
0.00274417918379399	0.641498232065167	70
0.068913652580302	1.13577011967253	142
0.036870778646357	0.727290063549627	29
0.115914455136321	0.973452568322762	42
-0.11377496109904	1.3256350020917	42
-0.0064285965261901	0.971274632538293	72
0.047019589112179	0.779978567463599	29
0.000956800333206997	0.657451852508678	29
-0.03560463610694	0.953011248511343	884
-0.0845868655895301	0.918788350175135	884
-0.0753735872952901	1.05532012091184	29
0.00598732340477803	1.25225470923655	42
0.099897425083571	0.883011368755583	42
0.05901729045209	0.804632132304368	242
-0.03912271352343	0.916763412273706	72
-0.0567172775804501	1.20244950786476	29
0.0707412611002201	0.748744755954298	29
-0.0435721617895399	0.558263069819362	29
0.059783012760565	0.825315589666822	42
0.079429722403927	0.859804078626674	29
0.037445002329632	1.08741965341688	29
-0.0885116487812501	0.456184286801699	228
0.0381719081038791	0.94968096735019	142
0.0820849357158761	0.824979749011449	242
0.120075022041578	0.922787233998569	884
0.0301382282881491	0.72922376281203	228
-0.09296163184436	0.467523780469435	2202
0.112002883186577	0.863197574573248	42
-0.10030041299074	0.460148928800768	475
0.101356496728146	1.30040394101107	29
0.015578165301415	1.06626747892836	29
0.024537351546824	0.71262150417577	884
-0.000676710791039925	0.633451906392598	42
0.030598442025164	0.701547135690726	178
-0.0487623429238799	0.567341166883756	1178
-0.0538246133321101	0.564624262324319	67
-0.09467120851851	0.459765979053938	67
-0.0201745934104201	1.24304394467224	29
-0.0559519015050001	0.520269186594039	42
0.00135896652248602	0.633963686063865	67
-0.0454374560903901	0.561328552526599	29
0.0664966807041441	0.843450850971012	29
-0.0073492918475	0.650450787748746	29
-0.0853351789041401	0.903186925150956	29
-0.000676710791039925	0.633451906392598	29
0.077510310899238	0.854728423778218	303
-0.08888026990326	0.457840071173562	37
0.112109710773675	0.983807900755308	29
0.080058362209501	0.878551548511724	303
0.048604391094924	1.10857302359406	29
-0.0877568448364401	0.456556769573445	29
-0.0896352697527101	0.473987491495537	149
-0.0454374560903901	0.561328552526599	29
0.083835956825311	0.849147246969806	29
-0.0879736883809401	0.470206436380931	303
-0.11120538129743	1.24690520768995	149
0.104249043812233	0.959658815604933	29
0.119523999670461	1.00157477245799	29
0.110171237152392	2.3498638004119	142
-0.0500274753415599	0.57372796915115	29
0.03425018967476	0.692291732923674	29
0.116360355886152	0.944424121118181	29
0.062269447540646	0.796415339238998	228
-0.00570820314685006	0.658037098839518	42
0.050743981357512	0.774580614417091	42
-0.0381797793191301	1.43149435401757	29
0.068924153966151	1.1733533157244	29
0.067331254704764	1.10802160149811	303
0.122966452308231	1.02171488659663	142
-0.04815235345605	0.567037609800237	67
-0.0570215727702399	0.542534695360637	67
-0.032125420926	1.71866148765644	29
-0.05022524430668	0.553596604443502	67
-0.000961453269590073	0.638377988886512	1143
0.096146035832797	0.941935729379011	29
0.124961182700218	1.44619146487275	29
-0.03231716690244	1.42989827772398	29
0.097024867910781	0.942724818273028	303
-0.08998666215282	0.868533111918363	149
-0.00908143341560996	1.03934441650933	149
-0.0913556715458399	0.447109114242901	67
-0.0489723351900999	0.549112417120015	67
-0.04563485670338	0.568461520834648	29
-0.00617197165316008	1.48647198970929	29
-0.0530747950155199	1.36409514480832	29
0.0381489260123949	1.41730592149218	29
-0.1231714174298	1.33978529634618	304
0.079311486199328	0.858949878034281	42
-0.03595279391969	0.953351680170803	42
0.102796407894628	0.928637457721919	303
0.096541865351394	0.929244656460299	303
-0.08888026990326	0.457840071173562	67
-0.0917152196017399	0.460275021999994	376
0.0900778889798211	1.48948639029248	29
0.00000397222390602359	0.660828238513233	29
-0.00219124504560009	0.619768074081511	42
0.110435876571263	0.886313148150443	303
-0.0454374560903901	0.561328552526599	149
-0.0478594826565599	0.548144030992963	376
-0.03901963085744	0.987892145925778	42
0.0991264168322	0.886113058401132	29
0.00826562081680804	1.5254336779587	29
-0.08823064715788	0.906384899517685	29
-0.0085775855529	0.648622179981057	29
-0.0024501026600201	0.646443874011564	29
-0.04283135479849	0.511410306303665	303
-0.00898523310498001	0.622090133959166	379
-0.09076115626131	0.462113942218127	379
-0.0073492918475	0.650450787748746	29
0.030652414406265	0.698975764967592	29
0.034216993891851	0.750870287289168	29
-0.0467081329182799	0.564211260599411	108
-0.04913205769592	0.547473684070202	108
0.062265748697068	0.760761198254643	29
-0.0318453394779299	0.920180181756356	42
-0.04563485670338	0.568461520834648	303
-0.0896352697527101	0.473987491495537	303
-0.05022524430668	0.553596604443502	149
-0.0952417642797501	0.46370004938593	149
-0.0454374560903901	0.561328552526599	108
-0.00273048268130993	0.650539830170363	42
-0.0579517476368401	0.532089966891847	19
-0.0872222022263001	0.458704578400995	303
-0.0855651880702799	0.45518361508974	2035
0.031782937194495	0.750677775824844	42
0.033167042882272	0.726625211096377	29
-0.0872222022263001	0.458704578400995	29
0.0760153949289351	0.854061201239862	42
-0.09076115626131	0.462113942218127	19
-0.0608512845259299	1.16370241855675	303
-0.0879736883809401	0.470206436380931	42
-0.08390922638509	0.443447759555519	19
-0.0922570448975599	0.460976707716774	29
-0.0035419872490301	0.64379526203173	19
0.087792590640956	1.12882554020257	990
-0.0967362150181299	1.16986405442738	42
-0.0957856613336101	0.477728056382184	898
-0.04635565177264	0.548318930393715	108
-0.0478594826565599	0.548144030992963	19
-0.0766398875568499	0.864437013419072	303
-0.09076115626131	0.462113942218127	108
-0.0287431119956101	1.3408227277795	42
-0.0825651795842901	0.87338151416887	303
0.044040366837021	1.1188064844727	303
-0.08888026990326	0.457840071173562	42
0.032598475062023	0.737058162225862	42
-0.0423079301677001	0.558998459886999	42
-0.0879736883809401	0.470206436380931	108
-0.0592060644558801	0.534460773398867	2351
-0.0890984073023999	0.458554063451706	2351
-0.00491287145656005	1.01434811723189	42
0.093060841586572	0.915519431010379	19
-0.0917152196017399	0.460275021999994	19
-0.05136574963555	0.542553698689431	438
-0.09076115626131	0.462113942218127	385
0.0270538676779301	0.713803876192631	2351
0.033744648066437	0.717977497697561	42
-0.04054334054859	0.985842375275267	19
-0.0736193469683799	0.833842898031713	19
-0.09017312384262	0.45534180700655	620
0.093430026617766	1.55591448137259	42
-0.0175738320657	1.22726062665451	19
-0.05054312127782	1.10698571534886	303
-0.0877568448364401	0.456556769573445	181
-0.0917152196017399	0.460275021999994	181
-0.0872222022263001	0.458704578400995	42
0.091340247319498	0.921175723560183	438
-0.09017312384262	0.45534180700655	385
0.032145547719562	0.748653983679354	181
-0.07238278383463	1.81302518150725	181
-0.0885116487812501	0.456184286801699	19
0.093955993051568	0.917556250472361	19
-0.0855651880702799	0.45518361508974	385
-0.0917152196017399	0.460275021999994	385
-0.0931838508338101	0.882962835864376	19
-0.0879736883809401	0.470206436380931	19
-0.09513404594651	0.436437131726212	19
-0.0434570864321999	0.547533966432391	19
-0.0090110440428901	1.54147574729467	19
-0.0524407891085801	0.558380071180213	19
0.122542621454892	1.54218387430669	181
0.030285199379072	0.734336844887958	19
0.112396889496225	0.983592273775078	19
-0.0502633038754601	0.54813252064356	385
-0.0950259713882999	0.458986795005591	619
-0.0421915505985699	0.544815039196702	385
-0.00352415347485002	0.659751569934609	385
-0.10595165835	2.23741321659111	181
0.083535831168633	0.856668042456267	181
0.0883863310834741	1.38539923390922	385
0.121502366371674	1.01029304056744	385
0.00671487287981598	1.57087584264192	181
0.045577134039801	2.4148178184078	19
-0.05136759692677	2.17179749588109	19
-0.0503645137187101	1.6899115687108	19
0.079280023011536	1.23364424178497	19
-0.12292076400488	1.32891088480774	19
0.111845195235727	2.02536783577155	108
0.057393049068982	1.63912571123423	108
-0.10618321411083	1.4109577527069	385
0.00720127437761997	2.19469221100747	181
-0.00907092568709	1.46563770551879	181
0.058315998827588	1.7246176879427	19
0.023378065538283	2.09660316873406	108
-0.10430984235059	2.02780458148136	108
0.052353248975477	1.74295299788488	108
-0.0842167272763401	0.916458473503145	385
-0.11081114762845	1.52812623030455	385
0.00155474895281604	1.50215507127105	385
0.093730596941933	1.76028439281754	181
0.051477053660774	1.86276627414975	181
0.022151965256879	1.93569706547941	19
-0.12092435691495	1.36652214784395	108
0.079311486199328	0.858949878034281	108
0.100127088211767	2.47786977594413	181
0.100530483402808	1.34717199223665	19
0.032819078763667	0.747323703130371	19
0.00742085826114303	1.59197004153357	108
0.098610347312956	1.42022681489975	181
-0.03247389031352	1.41332270234922	19
0.097038914769324	1.46588404638621	385
0.074543591258681	1.16566296015911	181
-0.0496008113102799	1.60437238368688	219
0.006987671256655	1.55770824495427	19
-0.0064285965261901	0.971274632538293	19
0.036365811953857	1.41084615213682	19
0.11562873412367	1.57526399779534	385
0.00130168632653105	1.56037972673872	181
0.035052627198879	2.21396049976291	181
0.047902973835642	1.62532286656294	219
0.063779176462176	0.767858924318992	19
0.00637776829939996	1.84780226505116	181
0.035480000778461	0.753062869929651	219
0.056292593130332	2.14643434441047	19
0.061617902738616	1.17159122571054	385
0.052032873585161	1.44711777755783	181
-0.0789150803688301	0.886779168075925	1491
-0.0039622654742999	0.6535678275158	19
-0.0548149265116	0.530025178077767	19
0.092921922228592	1.93658979353242	181
-0.0912979172117801	0.473002093574455	181
0.081322781913823	0.837055415806523	219
-0.07095910868824	0.828519943863503	219
0.061019607937672	0.829874937174065	219
0.047419756806959	1.07538239720242	19
0.038355545757119	0.718997730041231	181
0.028230397230856	0.725459247424947	219
-0.0459150977482199	1.42461885994397	2
-0.0118579632982301	0.632707995751289	181
-0.04319690817157	1.16571967469139	801
-0.00297427942679995	0.929591347447806	56
-0.0324535835056201	1.43001462968295	2
-0.0924249755392099	0.46122583660099	181
-0.0896352697527101	0.473987491495537	181
0.026017173321588	1.03776053131354	2
-0.0543585753012299	1.64026928600857	385
0.09765790947603	1.32967890355721	181
-0.0492504047483799	0.559130158062595	181
-0.0917152196017399	0.460275021999994	219
-0.05022524430668	0.553596604443502	219
-0.0571784116699401	1.4866734163481	181
0.095984496298073	0.918988442503711	219
-0.03673945135241	0.486936252165268	219
-0.05977285100777	1.98172692978433	181
-0.0547946640525001	1.22651355300105	19
0.043974027088706	2.09411597986067	181
0.052028467696664	0.803907606057001	2
0.115426554117133	1.65107770681619	2
-0.0893103798739901	1.35657418522216	219
0.036418410382516	2.48629275867048	181
-0.0297507568882001	0.870227469562726	2
-0.0412411073857299	0.529978793538901	2
-0.0245304967128199	2.46760395965677	181
0.0565604599676069	1.12892524809555	2
-0.10135486693952	1.78037758422049	2
0.063350664900938	0.805610878101881	56
-0.0851332203742301	1.09057918507015	56
0.113918843824259	0.959772127651542	2
0.024381452782971	1.03479761529436	1491
0.033345026778694	2.45679045223329	181
-0.06639534211403	1.2236512276641	385
-0.08634806027166	0.879558010582349	56
0.01771768094528	1.05589156002355	2
0.0978529086918391	0.932107894069441	385
-0.0570348082986401	1.21737175468175	2
-0.0952417642797501	0.46370004938593	2
-0.0381620293856799	0.966699779298297	385
0.059904522440121	1.1137591238508	1698
0.032708141825758	0.717065836449674	1698
0.098246717190387	0.945727123164629	2
-0.0796665423910701	0.905227521167198	2
0.102080014363365	0.893141048890822	2
-0.000749181995520099	2.03079157384834	181
0.059206694279344	2.46385419140608	385
-0.0548491037208301	0.530433455835988	1491
0.030415794638274	1.35049465150857	1491
-0.08778068924515	2.22935357870296	181
0.067677923935157	2.23591434690452	181
0.0318738811147909	2.28361511261818	385
-0.05117376019158	0.55701780791661	385
-0.0436855571607999	0.539400936507362	125
-0.0957856613336101	0.477728056382184	1698
-0.00108671818664008	0.657978138548571	1491
-0.07930001814821	1.36592828952488	125
0.066266682531715	1.13295532812441	1491
0.037778762728707	0.738121420324799	887
0.067055490263591	0.781643356294501	1491
-0.0455579951639	0.560957115681622	1491
0.011780565798984	1.24092049470323	2
0.026017464373765	0.719805496440289	2
0.026045277356769	1.28586790198532	1491
-0.09064300745853	1.12770575995549	2
0.060119434191538	1.59289312224912	887
0.024106806734121	1.37289415336496	2
-0.0417039579407501	0.966977983192949	407
0.087061281250274	1.5898163022039	2
0.00261896554284702	1.6475415621796	1491
0.097269184794598	1.23905407507651	758
0.034081221426936	2.23405356445717	2
-0.0336540757714601	1.43333299043246	2
-0.08030273884722	0.823493493160708	887
0.072403647301726	1.95555374525405	758
0.082465407848122	0.843037064354577	2
0.055341683652691	2.02817132180127	2
-0.0508274209917201	1.38283637704305	758
-0.09358216335138	0.452705018653039	2
0.069599068328328	1.17281919816339	1100
0.082785615174131	1.22257602951133	1100
-0.000991905020619965	0.59659837425937	2
0.0651620007629981	2.14185817984956	2271
0.025367504920964	2.04985766619714	1100
0.055541782749603	0.809151695455181	2
-0.0384646533758399	0.92816874915511	2
0.021824171477395	2.23924502726653	2271
-0.0232439978402601	1.38800463033277	1100
-0.0656572618053599	1.66878412314703	2
-0.0743771752312501	2.37795331730647	283
-0.08374709477758	1.38731651971652	283
-0.05147841178312	0.553037704255031	53
-0.00164049830313995	0.646848651467285	283
-0.11910138948978	1.7521189797963	2
0.041505215132896	0.665550900901383	2
-0.0150135119133401	0.983756410698915	2
-0.07802542306021	0.877870845496721	2
0.00113315608978404	2.16251965093223	605
-0.0896352697527101	0.473987491495537	283
-0.00474799392986003	0.657832572272472	2
0.036514358436383	0.748038671403522	2
-0.0501112131750101	0.538284761793941	283
-0.0879736883809401	0.470206436380931	283
-0.00243304352512008	0.654442377383179	2
0.0757704889384771	1.06283084296534	53
0.086383745748175	1.29524851557657	53
0.117490166888233	1.63378604574678	53
0.0897796298249089	0.820652162124323	53
-0.0475558494712101	0.962498694932864	718
-0.0939366351223601	1.5508604799103	718
0.081633005762055	1.27832981760696	718
-0.07215196269941	2.24985970456753	718
0.025137058168401	1.87185777111943	53
