x	y	clickSelects
-0.037881995978198	0.601054336761775	44
-0.035826103360814	0.17167260536398	140
0.123096620587683	0.199573646617747	140
0.124340245880256	0.195846510231883	44
-0.033996886658204	0.169081222919269	279
-0.034534618313873	0.174260018652835	106
0.119713851501106	0.199126209354249	65
-0.038314518057951	0.162667445751292	127
-0.120811745002696	0.156191821969848	57
-0.031027002951988	0.169220794241098	57
0.120956729636381	0.198581629955028	71
-0.038602253259392	0.171369029815336	7
0.121218798589396	0.290741038995305	16
0.124214008916153	0.206232457822621	1428
0.121282456265337	0.198645955133022	3
0.120825371045767	0.853112917445592	140
-0.042571204205899	0.274435539454511	140
-0.041570857614349	0.293961367705141	44
-0.120867665968048	0.1477790917129	44
0.0545366335526281	0.286882054419224	329
-0.120301540210331	0.158166969036568	44
-0.071548495967866	0.405897824112907	279
-0.095833157423716	0.307296330380916	279
-0.122813648865981	0.154116786086016	279
0.057265985776258	0.601306405967777	279
-0.015295203822812	0.491275233121386	106
-0.057673474531762	0.395316130123026	218
-0.005445698418579	0.411799541258705	218
0.00129307343316099	0.506704741675083	218
-0.124443004586839	0.30960593775722	218
0.043636205856983	0.280861777021532	218
0.044860077548492	0.281958344974066	218
0.117370760945905	0.43657076131359	218
-0.058463898454458	0.421534098532624	218
-0.033277815035416	0.425252227809999	57
0.00201917050743095	0.53129910862943	57
-0.071718173529304	0.415446457875894	57
-0.052091735339191	0.40322740376617	57
-0.033432025892266	0.174191346332386	293
0.104051480763746	0.548248816926893	46
0.00763096326507995	0.418236048500684	46
-0.039709773909628	0.170493638317434	46
0.12365390775712	0.198464355288851	10
-0.116361282930557	0.155562675795945	10
-0.067324891243344	0.293200826502166	847
-0.084125754158102	0.295698474017274	7
-0.085326456560845	0.299041505547611	7
0.109196754474175	0.524147342239978	116
-0.078742428664226	0.302988170978334	16
-0.039279849277239	0.297733229378102	1428
0.00493262610632395	0.290579388612639	16
-0.033744514506133	0.430775098750545	16
0.070020191386323	0.412678301592262	16
0.065820177707223	0.420287500721884	256
0.0760357130414741	0.418674408034876	256
0.045218035338362	0.286672636531447	256
0.00561440239147903	0.290659910212638	256
0.056035607330033	0.292975017746907	3
-0.00877887773542202	0.430087461259777	357
-0.048005899008057	0.156151545212418	582
-0.067285072909088	2.16281222363954	44
-0.070169959853596	0.891791760848284	140
-0.055996937897056	0.714996753165674	140
0.10457968956792	0.739115153003125	44
-0.100770432567686	0.305564911866829	279
-0.093281530942324	0.411714100740578	279
-0.040924885801585	0.505283740250016	106
-0.069738591209134	0.293948591789875	106
-0.036593432744032	0.290257116106757	218
0.0106659609583299	0.429114300993392	218
-0.011816531220681	0.270986295034178	218
0.080916619174972	0.643355746167172	66
-0.025180715933662	0.513650695364191	57
0.036420868164595	0.417119975143368	57
-0.10041469420109	0.305173593376974	33
-0.088390726865054	0.298715141686463	33
-0.067551569738205	0.282271612342705	46
-0.120318668233995	0.282519032635574	10
0.077834380109638	0.440121050515978	7
0.00798503067499001	0.422700629600565	1098
-0.05894197768526	0.296221192655347	7
0.083429860307815	0.401191302274946	7
-0.084454577007747	0.297979423038039	7
-0.082369752578875	0.400713453412396	7
0.106213759099225	0.426615711519526	6
0.010566840544193	0.410874018250395	6
0.040858320580714	0.435466500558127	7
0.121185017436033	0.554529902332472	7
-0.00901851663127201	0.413677649263528	116
0.000282085998768999	0.293976534692586	116
0.0440849948422169	0.287005216812903	809
-0.036930131428388	0.172876337095916	16
-0.050422602272935	0.15740068715785	1428
-0.069267063520925	0.293379209361192	256
-0.014629678702691	0.390848704159026	3
0.00709561252621604	0.293587477840319	3
0.122404875111649	0.199001544034778	3
-0.100199336079206	0.298915714326492	373
-0.036415648864999	1.21363941548752	140
0.068113761958942	0.821817497939762	44
0.104063737758629	0.586942067419385	44
0.0206858694548701	0.858462879539843	329
0.0800508183111081	0.835812719434666	44
-0.00351610597211699	0.294732712752393	106
0.061924633226595	0.896345645801393	279
-0.066630118905794	0.557243720839805	279
-0.096200644643096	0.412448914189644	106
-0.111545470352137	0.501057781560602	106
0.04869646451885	0.429558634062485	106
0.110462115617152	0.442532579489486	218
0.100870211713684	1.0007167735065	218
0.0592767291152591	0.832848437475872	218
-0.018960163101831	0.404911838211216	218
0.062722094252028	0.738843345092001	218
-0.121801110882397	0.297073142553099	218
-0.067204846823905	0.414967242189299	309
-0.019771982916721	0.407622987105703	309
-0.122863605104598	0.312006409693159	65
-0.086101632693322	0.284806304951032	65
-0.005788921562425	0.628952491403419	65
-0.040819584266134	0.166160604374828	57
-0.00802379289376998	0.284406957736315	57
-0.012247234913854	0.408395271926772	57
-0.065479759642819	0.544901275010695	71
-0.018339099395331	0.510393183116579	293
-0.066354067819362	0.425560867326112	46
-0.004225396984119	0.283868306234901	7
-0.118916032360511	0.303450723288363	7
-0.085211215665758	0.411179776659199	1098
-0.012723172339536	0.423536016266006	1098
0.0653509115708421	0.711106388165058	6
-0.0243436818505	0.564249464830608	116
0.115004262870731	0.435818087906956	116
0.12086217813941	0.295177503066108	16
0.117211852623712	0.536751977137774	809
-0.123840558366926	0.309325515056202	16
0.074208970145784	0.42724834515118	256
-0.00548529547204901	0.565269251387244	126
0.076316104270963	0.636820091212592	3
-0.106936221721789	0.298425044062628	3
0.000970707416924954	0.37522483509348	373
-0.053542389906746	0.561300135328425	357
0.062051908167729	0.414811762825722	373
-0.018451101792334	0.424161782604533	373
0.100899989458138	2.16684811775463	140
-0.031315322922036	1.3431312815221	140
-0.016642788376475	0.728470065011116	44
0.028411760234723	0.633483760182276	44
-0.040651504278265	0.500539648285551	44
0.074253037924734	0.554170621732479	217
-0.00108752624798197	0.581890515160766	44
-0.00104730911839102	0.578473544503889	106
-0.040588730088091	0.425532212915251	106
-0.00448937630445401	0.286116541919628	150
-0.00556565351426502	0.525123870672705	218
0.038549307293595	0.409786437858911	218
-0.021829890361585	0.652505660972604	218
-0.061655728453691	0.293339246362604	218
-0.038719846991178	0.39501914849651	309
0.082203679875124	0.532402708039431	309
-0.075280578107449	0.278475026388948	65
-0.085241118285713	0.414950752975683	65
-0.048378364770999	0.50106281932401	65
-0.120484442167854	0.407832642613828	65
-0.123410449737114	0.298390642043806	65
0.06197647010031	0.757578854834779	65
-0.099773870161537	0.452594831199156	65
-0.024240965309897	0.517545358501875	65
-0.00987544602134599	0.583243641534714	66
0.093950891709045	0.549543739279469	57
0.047768443930745	0.278213442763565	57
-0.038036464163298	0.171991450715647	57
0.060613098299277	0.539971989292213	71
-0.061513934477334	0.2984716351106	57
-0.022873497681149	0.430768856880848	71
0.00802029646300395	0.415612658649947	33
0.11092778968768	0.535588487968059	46
-0.030861491823731	0.29747717126704	46
-0.078554561080636	0.489521761097831	46
0.076326063854507	0.426461212605654	46
-0.038818730318592	0.394823490930262	10
0.082204898573343	0.537396156551201	39
0.037962259315134	0.431202642599458	7
0.124214008916153	0.206232457822621	116
-0.00144362108035501	0.278082830645582	116
0.0537698534739231	0.294632895769422	441
0.059708719767513	0.285653332151198	809
0.000990067111595994	0.294943632410782	441
0.00787871380534599	0.413468804207068	16
-0.098283164950842	0.394945288770507	256
-0.03870176481372	0.414969572170479	256
0.035549135052615	0.528422558907693	256
-0.094110732295233	0.415005718126083	256
0.039871931641645	0.419714734120325	256
0.112137359980808	0.534345046112357	3
-0.063789857957601	0.290710088127488	373
-0.050614242728927	1.90827416095725	140
-0.090061757282426	1.0869831357896	44
-0.045723121245531	0.80554278270959	44
-0.037967020081279	0.167801448279283	329
-0.09050355089137	0.284032830352214	44
0.102890537632542	0.405121334139806	106
-0.00519882516894599	0.493235610034501	106
0.017184108457693	0.417590137166781	218
-0.123075596254438	0.155909238850789	218
0.045578696259824	0.286545141472743	218
0.124771021919602	0.197435251980405	65
0.121282456265337	0.198645955133022	65
-0.110628792580243	0.30739806569106	65
0.038021722537642	0.649652818210501	65
-0.034351386084695	0.162597685068854	57
-0.039709773909628	0.170493638317434	71
-0.035639537940514	0.170348743224255	57
-0.071724843001977	0.287274041910105	71
0.086886787782216	0.521029897304342	33
-0.090054568880905	0.300065330689731	1426
0.097323441426941	0.75835030209425	39
0.012236403655404	0.432740220208815	39
0.113366499505395	0.660273932105957	770
-0.120367293747267	0.288150637102174	7
0.090967263796769	0.776465820026994	6
-0.043646803478321	0.161648474248048	809
-0.039709773909628	0.170493638317434	441
-0.040275479272948	0.165743596737603	441
-0.089486069239726	0.416471716988868	256
-0.092638922268469	0.404878531954674	16
-0.122833820584656	0.394505287685721	16
0.0440849948422169	0.287005216812903	256
0.041646104767098	0.285067724747238	256
0.115100455533033	0.430194848487807	3
-0.115525091334478	0.294562012867219	3
0.124771021919602	0.197435251980405	373
0.105184210164244	0.422821859847967	373
0.044095543309174	0.439306403490893	106
0.039024999621051	0.437255215355646	106
-0.083981937550468	0.468673947072948	106
-0.055931327225113	0.50207570874001	106
-0.033213179259937	0.55196311259353	106
-0.041884747433091	0.54806570716406	279
0.0859681237164191	0.688524200780186	279
-0.00704741499343398	0.575322656851654	279
-0.034671231238812	0.430657157146763	106
0.095426015960994	0.533276246374935	106
-0.091818428303609	0.412064771174599	106
0.044716451821564	0.62965021592443	150
-0.095184210670773	0.299631861913977	218
-0.055587104303083	0.501257100405271	218
0.00101453692195497	0.523345915133744	891
-0.040588730088091	0.425532212915251	218
0.072672845598903	0.441867779635228	309
-0.073986856958336	0.282993652020965	309
0.064694713055039	0.422796177282731	309
0.046015060974779	0.531627206823571	65
0.04493520177309	0.630201968410336	65
0.019901063662402	0.505484020237551	65
-0.025197914991055	0.425224117109278	65
-0.122440806697011	0.388068810029902	65
0.118396106468632	0.438695135399067	65
-0.085274080696621	0.415070489811121	65
-0.032048805509506	0.415787383108999	65
-0.089706271309439	0.481787940074471	65
0.116308735913244	0.801597222413123	65
-0.023954589222454	0.425133646982892	57
0.054989729261654	0.291326494196711	57
0.0615346012461609	0.389388822227044	71
-0.108425683900175	0.28800360453987	57
-0.045482730168757	0.41875397884788	57
0.117677382842484	0.563083079638455	71
0.055749720389393	0.54325763046231	33
-0.00241410840586298	0.405677230542504	638
-0.035247346278678	0.403186627084718	46
-0.070992244852677	0.41720600372822	46
-0.117293734369328	0.299723555598619	46
-0.017613222202603	0.585398824597079	10
0.029823573956833	0.620039167910958	1426
-0.010495185897782	0.416495571614971	46
-0.104109545819737	0.472513353604973	39
-0.070520242512509	0.41320783993188	39
-0.124751377390408	0.155544577577489	39
-0.090054568880905	0.300065330689731	1441
0.00330367833924805	0.407991241372595	770
0.038148466047535	0.582872822511297	770
-0.081037561318507	0.420549521103642	6
-0.116221681239282	0.304278255402068	116
-0.092576966116245	0.293460296506572	16
0.00244826436873402	0.292095302311965	116
-0.00093926012177098	0.291957594115593	116
0.118396106468632	0.438695135399067	116
0.052736592833762	0.279562460671057	441
0.110245160032366	0.440464058173855	441
0.000282085998768999	0.293976534692586	441
-0.036802105186926	0.29352846357503	256
-0.025690245081863	0.427226955041553	256
0.038831506003346	0.620206777111505	256
0.113064016309139	0.542412401956717	256
0.063856733041767	0.548260672265938	256
-0.00697042217034399	0.515946785463997	256
-0.029261939531063	0.481980111702745	3
-0.102113205489982	0.301285928780997	3
0.111525242371021	0.607699397972252	3
-0.090846263690731	0.293387681111722	3
0.12193870925595	0.546634449502631	357
0.034145627287863	0.418252993167275	373
0.057889749566634	0.505761428647789	373
-0.105768915650565	1.99830604673091	44
-0.088216520199017	1.49758575986957	44
-0.031381591888505	0.821253087149079	44
-0.036967056189132	0.427922844638358	217
0.1244098144478	0.298646442964005	217
0.038688561623012	0.434498025574074	217
0.123830632350997	0.658642431434308	217
-0.117653668083389	0.398637915444269	44
-0.052420464879078	0.652261511212176	106
-0.057018574583218	0.547732198183103	106
-0.123763025845154	0.297779523502051	106
-0.089677546782106	0.415983813515235	279
-0.079566359980984	0.46546062096834	106
-0.039279849277239	0.297733229378102	150
0.124108393817335	0.300273357864464	150
0.103425105593419	0.53604448524987	150
0.120785950601736	0.299137841386854	150
-0.098409118167321	0.295904633671397	891
0.118816854838249	0.295541229153146	309
0.072358367917062	0.819036931439455	309
0.038932820938123	0.271956329440478	309
0.121282456265337	0.198645955133022	65
-0.030172661596343	0.295351967575752	65
0.00464605193270895	0.293301085447937	65
0.117840835746071	0.813382143281525	61
0.0556657414658121	0.285414376250831	61
0.116913796405932	0.430501098002201	65
-0.064535555464767	0.488414527406228	65
-0.034970728437191	0.299051896207124	65
0.124902548666279	0.193317041380957	57
-0.041819201429834	0.166345325053339	57
0.020511779261174	0.521368131297044	57
0.069061505572156	0.418361608699704	57
-0.097265209029338	0.302278626807771	638
-0.036853825639998	0.282940485501585	638
0.00688151522153702	0.531786706105607	293
-0.042434292690063	0.419393452524726	33
-0.121684263163148	0.157995342139036	46
-0.011284406581762	0.413540152581877	46
-0.090997050502972	0.297565129588244	46
-0.008937223220428	0.421915602041235	46
0.104693274674903	0.656404907926537	1426
-0.124624691004813	0.296267657715943	46
-0.019643826624544	0.398796388364829	46
-0.091178100822173	0.301120931670168	39
0.040849584199792	0.620852214366333	7
-0.00881945779076998	0.662504769066026	770
-0.042361047359974	0.287304659463488	1532
-0.038674589388037	0.503928339460196	6
0.0421564658943721	0.535840761863457	6
0.036402932161035	0.513314428155415	6
0.072708807023417	0.706285073479908	6
0.124214008916153	0.206232457822621	116
-0.12362237401623	0.155634201329785	116
-0.121938366872206	0.156892679811585	116
-0.005714667646605	0.286761851796316	441
0.058476876892776	0.290666560825291	809
0.107242883399499	0.426870092519522	809
-0.00626253779813202	0.268438349653927	441
0.040143490220544	0.416320939518453	256
-0.066326978273969	0.288327671666445	256
0.00150513374197803	0.294085578657271	256
-0.031345307857328	0.501600971885608	256
-0.000808495969949974	0.513052560586116	256
-0.032424344967334	0.504065084665126	256
0.00944874157232101	0.428272341206289	373
0.090313611745918	0.531720763578417	373
-0.048366569744628	0.406922058476431	373
-0.059019454713303	2.46754980541698	44
-0.05681688509056	1.57092305139244	44
-0.10037314048842	1.34948870448613	44
-0.053717292810507	1.0348747130421	44
-0.040833827999027	0.990017539470962	44
-0.088923419557565	0.708902994123112	44
-0.047454556784772	0.700985224499098	44
-0.076378713384969	0.47885828871466	44
0.09117761323832	1.01967975076433	329
-0.057747956150503	0.493902859253266	329
0.095761680891758	0.896479597914689	44
-0.037967020081279	0.167801448279283	106
0.069061505572156	0.418361608699704	279
-0.00252415671407802	0.390718892238439	150
-0.035753072127521	0.293075009307179	150
-0.011220335944159	0.514766455794153	150
-0.00107215684680001	0.595776237591754	891
0.019423562015306	0.417540805769868	218
-0.121684263163148	0.157995342139036	218
0.074187114201429	0.426983073341722	309
-0.119176342498063	0.159173674782741	65
-0.038602253259392	0.171369029815336	65
-0.036930131428388	0.172876337095916	65
0.051269051298795	0.529803588850951	65
0.074491593304948	0.634718744554839	65
-0.114890215989982	0.391808881632413	65
0.109858615847137	0.4150684885832	65
-0.00324409591503599	0.285098489678341	65
0.118816854838249	0.295541229153146	57
-0.040153727111663	0.164240216099442	71
0.00935995325222205	0.532146230393736	57
0.086821457926575	0.70277914274265	71
0.00517108955984802	0.529909855701364	429
0.122142447057631	0.298846379400737	429
0.00478820215204001	0.294137905232951	638
-0.046367836605708	0.497826494988574	33
0.1170219593965	0.420723597434984	200
-0.028203381060609	0.609437833450934	46
0.119740049489834	0.554728617931013	46
-0.028304324232699	0.415835951529538	46
-0.062195073956648	0.295687601136766	1426
-0.082463220786016	0.299373770260788	1426
-0.039466632525819	0.429150833965607	1426
0.046059015504091	0.529816378146985	39
-0.059820743465747	0.290900442253992	7
0.0867879080587059	0.770717507631347	7
0.00817139785563104	0.423084011966263	370
-0.00243220263210597	0.296265481080456	1532
-0.035826103360814	0.17167260536398	1532
-0.122900937838096	0.308699509864714	6
-0.060431011952717	0.486140949453574	6
-0.055629805883695	0.57933571403711	6
-0.038602253259392	0.171369029815336	116
0.124214008916153	0.206232457822621	116
-0.11553288034238	0.146789301174414	441
0.121155457408384	0.194170392898925	16
-0.034534618313873	0.174260018652835	16
-0.121328044333822	0.289128395899649	441
-0.018470040414902	0.611678426619854	256
0.086886787782216	0.521029897304342	256
0.00371233343447797	0.519165565698667	256
0.043225705052546	0.280517143168055	256
0.072506751923725	0.536092741734586	256
0.010933390969193	0.404429953228376	256
-0.03770387872297	0.400878250423626	256
0.110115025964696	0.419569876268935	256
-0.103885903956386	0.40280808082295	3
-0.035098331674015	0.172681502759963	3
0.116267256417787	0.285994400379842	373
-0.042026535294929	0.167618117264498	373
0.019869208193167	2.38889053120387	44
-0.069135833965456	1.58820150240317	44
0.00726376326568801	0.938771184606097	44
0.054770797362002	0.805930261380248	44
-0.123362269041447	0.155728468588177	106
-0.097512556823505	0.420538572135948	106
-0.073949947920102	0.298057792543794	106
-0.041452459608294	0.166540477166596	218
-0.124751377390408	0.155544577577489	218
-0.041384192196994	0.164918991607186	150
-0.034534618313873	0.174260018652835	150
-0.034724394345072	0.167441011085194	218
0.114990016091178	0.418769814069875	891
0.0809710261768401	0.511239882722353	891
-0.0140178765417	0.419566615805227	218
-0.033320389279889	0.290766124339421	218
-0.039630086376085	0.170045180043861	218
-0.112300456999612	0.410503277966778	309
-0.110799562891442	0.148918590516079	309
-0.03176680579702	0.170755366799563	218
-0.117484044081415	0.155362987319923	65
-0.040727758983653	0.287373654546025	65
-0.045032091432902	0.420163772795662	65
-0.079538926001508	0.299071038936313	65
-0.034699464698318	0.292508386502416	65
-0.013514204546998	0.425230213564082	65
-0.032128145953359	0.166483758321827	57
-0.124447794903251	0.154887241397544	57
-0.119725258248774	0.151650607923492	71
0.037033875828743	0.517756656010684	71
0.114911453277938	0.553085713576742	429
-0.036930131428388	0.172876337095916	33
0.121006908071277	0.295460890512761	115
-0.030374221370166	0.393297748054141	115
0.06451364359812	0.535175478185208	33
0.06483780089411	0.62060842781009	33
-0.000801926031329003	0.291284707966694	115
0.00478820215204001	0.294137905232951	115
-0.039630086376085	0.170045180043861	46
0.12365390775712	0.198464355288851	46
0.033951050585028	0.427535722436803	200
0.000282085998768999	0.293976534692586	46
0.00944874157232101	0.428272341206289	46
0.08137152470398	0.538290208095381	1426
-0.123606378073119	0.14903420129382	46
-0.01543614413855	0.408371815153823	39
-0.121703694457951	0.153402494024623	39
0.122199190662619	0.193384296072582	542
-0.040690726331807	0.425521365422471	1441
0.110654623198787	0.74471142231271	770
-0.032158640925891	0.414779411646634	770
0.001365482584615	0.294366975706195	6
-0.036202117766367	0.172742420349666	116
-0.037497036647594	0.170193407126297	116
-0.036202117766367	0.172742420349666	16
-0.038602253259392	0.171369029815336	16
-0.037967020081279	0.167801448279283	441
-0.12362237401623	0.155634201329785	441
0.059326172942511	0.527365605081166	256
0.034476871949379	0.416724655337449	256
0.050287171645517	0.295536108625749	256
-0.076069863027065	0.272795832495825	256
0.064984060652042	0.425769574693149	256
-0.111646766316214	0.295546427751348	256
0.0515074904719221	0.294546960149973	3
0.056035607330033	0.292975017746907	3
0.124214008916153	0.206232457822621	3
-0.124447794903251	0.154887241397544	373
-0.120301540210331	0.158166969036568	373
-0.035295104283587	1.04935842668256	44
-0.110146568813142	0.794852197112816	44
-0.104825529939223	0.744715368946278	44
0.102464307582763	1.0641895107211	44
-0.101874105831647	0.461513294856396	44
-0.106303448072652	0.667565996840831	44
-0.1232833463497	0.542918754837199	44
0.050376357018242	0.881509770882404	44
-0.03285318787159	0.285993810995326	217
-0.035259112539413	0.169475933261589	217
0.044362261296242	0.284717797384015	217
-0.12193370908316	0.645403792995081	44
0.0465288642223261	0.281690015362432	106
-0.039059188666403	0.167843938439159	106
0.065799680551827	0.533380907213517	106
0.115746570095859	0.737551653170142	106
0.12318349270671	0.303437764606221	106
0.119713851501106	0.199126209354249	150
-0.020619101685156	0.493932649696953	891
-0.112004329001597	0.28396590795335	891
0.12365390775712	0.198464355288851	218
-0.034534618313873	0.174260018652835	309
0.041826792958868	0.569072937050545	65
-0.003140383620093	0.284265392532068	65
-0.03176680579702	0.170755366799563	61
0.122142447057631	0.298846379400737	61
-0.056959432192644	0.28600744541604	65
0.120647758989107	0.293386804585141	65
-0.114114339940589	0.438655259317405	66
-0.122235131003812	0.155816693801671	57
-0.039679799276036	0.285997064180304	57
-0.041111784144398	0.286036195190777	57
-0.038036464163298	0.171991450715647	57
-0.031027002951988	0.169220794241098	57
0.123470247337715	0.286517796725932	71
-0.011307526155122	0.592376068830071	71
-0.072849740832305	0.413964627001184	71
0.0562201866804189	0.290555604636806	429
0.027773459150656	0.537603987003774	429
0.120956729636381	0.198581629955028	429
-0.063769657358865	0.300580875399166	638
-0.037308230429795	0.168894757905337	638
-0.039657265556681	0.291936493536595	115
-0.110748106142418	0.278587918150399	46
0.047482578368232	0.294494542243722	46
0.05263895780017	0.296119387926464	1426
-0.076675984970917	0.45761972690657	1426
0.08951335240209	0.529248500468071	46
-0.039059188666403	0.167843938439159	39
0.12365390775712	0.198464355288851	39
-0.053985204704352	0.292833481121969	770
0.104071162552091	0.413830435745114	770
0.00878426687382705	0.528547564915608	6
-0.110323776093966	0.491424064263902	6
-0.074246266764207	0.284202468917467	6
0.014673506329295	0.434609333582724	116
0.113084613019484	0.277740896297229	441
0.094026078992038	0.712269896807564	256
-0.097182322902119	0.47872731172628	256
-0.010467030151745	0.277356124287055	256
-0.120557192965985	0.159006819090808	256
-0.124751377390408	0.155544577577489	256
-0.00760381075257599	0.426955404632247	3
0.040132189369027	0.425062569373438	3
-0.033996886658204	0.169081222919269	546
0.111488530592523	0.442756498275577	546
-0.075427218853406	1.94968591584549	44
-0.102195148734922	0.596768927763838	44
-0.010587981198424	0.271851685489512	217
-0.038036464163298	0.171991450715647	217
-0.038036464163298	0.171991450715647	217
0.12331031926174	1.07122916451542	137
-0.038036464163298	0.171991450715647	106
-0.116674816555427	0.15533460632198	106
-0.038908333394864	0.289278754297356	106
-0.040019541372364	0.154309052463525	106
-0.12223687615801	0.149982574623984	150
-0.101813865792422	0.520804697487539	891
0.00426250296098596	0.290612606903837	218
-0.109154902179221	0.402158389208687	218
0.12365390775712	0.198464355288851	309
0.00848083875100303	0.906383043156786	309
-0.044218597272212	0.167900327425104	618
-0.00788518365989899	0.281144799184288	618
-0.00303860221476798	0.582047900371489	61
-0.039709773909628	0.170493638317434	57
0.123044328046606	0.301801827558271	71
-0.00877850512658501	0.748519107767004	71
-0.074307553347433	0.426711525947162	71
-0.105964731543793	0.288520427414035	429
-0.043002234954359	0.28878233143458	638
-0.038602253259392	0.171369029815336	638
-0.03268865757297	0.167812585654534	638
-0.035564270037194	0.163275939128894	115
-0.099660391208717	0.4059739644759	33
-0.034156268667084	0.168359077789132	200
0.066248319058819	0.431646323018838	200
-0.079073836250504	0.301283422372732	46
0.046555752702702	0.274562057091127	46
0.060004879361053	0.509205284788458	46
-0.061931538492075	0.465353515220622	39
-0.094135526707851	0.519283657262116	46
0.012532992787895	0.661474147841281	770
-0.039630086376085	0.170045180043861	770
0.12365390775712	0.198464355288851	441
0.081332461970928	0.430542852681676	441
0.068741738947864	0.751045282608541	256
-0.083166707282513	0.512984875137484	256
0.013159080563272	0.581797506292577	256
0.059798034069155	0.624304295415187	256
0.118586630173169	0.284006379440939	256
0.097954165598502	0.547683647594302	3
-0.071001744584272	0.292208360963304	3
-0.00171953286594401	0.283823795743161	3
-0.038036464163298	0.171991450715647	3
0.051326873647343	1.55534964683143	44
-0.061042186306905	1.18457697306977	44
0.012293623921466	0.885349962140101	137
0.035188121437132	0.773863083124357	137
-0.112931950890693	0.295398539170797	106
-0.122235131003812	0.155816693801671	106
0.0534090280618	0.293188798766209	150
0.122404875111649	0.199001544034778	150
0.097156294285053	0.515462441422391	218
0.120038702691823	0.194989234813248	150
-0.119176342498063	0.159173674782741	218
-0.038057713660464	0.279324640718388	891
-0.027200046276644	0.529520938494722	891
0.032943174913484	0.533449054589965	891
-0.000423534157750982	0.431637185064953	891
-0.073547807335849	0.40580673570909	218
-0.1194324503778	0.158271878821346	218
-0.035826103360814	0.17167260536398	309
-0.035639537940514	0.170348743224255	618
0.122944372567356	0.283598189296977	618
0.0440849948422169	0.287005216812903	579
-0.00128708596939398	0.412919375020744	579
0.028291459270581	0.542481718304973	61
-0.03176680579702	0.170755366799563	65
-0.010870707214501	0.271193794137788	65
0.026454767865175	0.66295187344635	65
0.11784711695615	0.71933574557502	65
0.124544532866297	0.19581541349256	57
-0.1194324503778	0.158271878821346	57
-0.121684263163148	0.157995342139036	57
0.118470563051444	0.194253316345752	71
-0.121684263163148	0.157995342139036	71
0.120038702691823	0.194989234813248	429
-0.037495549109186	0.267401689594281	638
0.106496742511794	0.719702529744368	115
0.121530044015453	0.613637207959387	33
0.103811161161416	0.733289690182911	115
-0.03176680579702	0.170755366799563	115
-0.042548465285908	0.165709173447527	464
0.015305067550609	0.475436833755697	46
0.00742315991143505	0.266021465245458	46
0.00183171906118096	0.279720491664844	46
-0.062507169605792	0.301647830751361	39
-0.114428905087567	0.396518147177997	39
-0.027604984064832	0.508494945490326	39
0.119713851501106	0.199126209354249	1441
0.00789937047331701	0.420278853137495	770
-0.09050361407547	0.422260370299013	770
-0.071424978080991	0.488288219413866	770
-0.062916248547679	0.294683378148879	370
0.086316015701245	0.708371725785342	370
-0.041972161562385	0.288011363173052	6
-0.014306437623389	0.411921483701937	6
-0.081279665356724	0.520665890058664	6
0.0464403746190451	0.718648960355166	6
-0.036007583108567	0.163129904806706	116
0.077167286367234	0.437716904176369	116
0.124214008916153	0.206232457822621	441
-0.003953525475829	0.27686680159822	441
0.095415550936972	0.617789739535101	256
-0.00832866414796102	0.544022793647437	256
-0.043723800204817	0.562983078423732	256
-0.039169069755149	0.164689225911664	256
0.088506013908042	0.548809349442361	256
0.00676545038835696	0.418638917302213	256
-0.006938250534892	0.285857786287888	3
-0.036765724332803	0.167018423711184	3
-0.040723459300082	0.170099779410914	3
0.117900015159401	0.198196728181155	373
-0.035098331674015	0.172681502759963	373
0.007788757314933	0.416648703900432	373
-0.114638020862645	0.774744143321915	44
0.023644278675634	1.02244618933416	44
-0.063838631535097	0.706220628383444	44
-0.040934038348302	0.163572685659026	44
0.100509503780931	1.22240095081864	137
0.03834742939071	1.07116257466595	137
-0.018005296742286	0.755183332997203	137
0.027643820543332	0.912330787745028	106
-0.093816016196637	0.589461703562509	106
0.110120761553654	0.781867695228253	106
0.0412866598592611	0.269145918383789	150
-0.039059188666403	0.167843938439159	106
0.097766195035333	0.554274171259609	150
0.121155457408384	0.194170392898925	891
-0.022365006493874	0.426554568637493	891
0.099825531149582	0.645574641139627	891
0.025909203636351	0.523888861073899	218
0.00234087042561404	0.289258581759801	309
0.124214008916153	0.206232457822621	309
0.0705509232217461	0.556629868549236	309
-0.123362269041447	0.155728468588177	65
-0.049843785148707	0.154289751715135	65
0.08897347911517	0.55776678630054	579
-0.008556452095559	0.524875796382966	61
-0.10786048964158	0.296479963960615	61
0.124340245880256	0.195846510231883	61
0.031424854031993	0.539246760240089	65
-0.103554811016793	0.304209686701552	65
-0.124450694287417	0.151063151525298	65
0.124214008916153	0.206232457822621	57
0.021478742022673	0.434892692141606	57
-0.115042878073009	0.281361114082133	57
-0.072176620325981	0.479245970919153	71
-0.030466369604555	0.163513771503169	429
0.120386886448864	0.550444199382327	115
0.08308067131363	0.629007523269984	115
-0.033971939855861	0.167115678051664	115
-0.035639537940514	0.170348743224255	46
-0.057711246586451	0.497540460935965	39
0.0512504980937321	0.283922804137405	39
-0.003657270070063	0.294187521809399	39
0.0482012558345391	0.60900985920056	770
-0.079554233195945	0.424067523016676	770
0.122142447057631	0.298846379400737	370
-0.042026535294929	0.167618117264498	370
0.043894758536591	0.679418225293713	116
0.03879851311349	0.837159733381478	116
-0.032128145953359	0.166483758321827	116
0.11766200015791	0.43217766422224	116
0.122964300445271	0.200951799928207	116
0.082929578091394	0.763976006037271	256
-0.035639537940514	0.170348743224255	12
0.033027251306011	0.413771958349969	256
-0.037497036647594	0.170193407126297	256
0.0117428467044231	0.402587916614823	3
-0.035259112539413	0.169475933261589	3
-0.111535846866841	0.303740712108428	3
0.04124880874031	0.420769667136006	373
0.062581665490651	0.631292791462316	373
-0.047280316249494	1.76040877205487	44
-0.035980704726806	0.654119213663776	44
-0.112283435639708	0.294652948427619	137
-0.086647149020843	0.295273630100601	137
0.00689752299781299	0.594468942625459	106
0.106195312326204	0.734196996221425	106
0.086345818346577	0.717265887515908	106
-0.02414657369338	0.408103011316445	106
0.068476650103215	0.437029997624901	106
0.041456794336254	0.426637858567217	106
0.050475521138023	0.677602283071748	106
-0.066434616517316	0.292116949033346	106
0.118153048302499	0.524208669224999	106
0.121717400559389	0.568429394529665	150
0.051419481314169	0.29712546877219	150
-0.122817981791757	0.154061143804624	150
-0.034156268667084	0.168359077789132	218
-0.097334316560761	0.297848522482083	891
-0.03477400449666	0.294443970728441	891
0.00613243895894	0.41878025715688	891
0.112955132252113	0.43966422718141	309
0.047848390263436	0.286682900292138	65
-0.070758657231863	0.279276046590304	65
-0.038662882137143	0.284472605762457	579
-0.025988516842116	0.42758523902981	579
0.00549448002402497	0.290804545144048	61
-0.033432025892266	0.174191346332386	61
-0.06503121935092	0.297591386834428	261
0.029212320722612	0.514070424220144	65
-0.027793379598976	0.414760669267975	65
-0.035940265259919	0.294988946145596	65
-0.038602253259392	0.171369029815336	57
0.050117658796076	0.290904537151996	57
0.047660208291622	0.28139796977863	57
-0.048574516701746	0.275128605706634	57
0.094309142582086	0.558161912989449	71
-0.02292773778548	0.471866909662085	429
-0.048947281541179	0.400767989496457	429
0.06975465743011	0.424636365929498	429
0.113866145949087	0.531850620173108	638
-0.00195428262783998	0.429465459007972	115
-0.025034079527353	0.419736267212213	115
0.089805229769486	0.558678122770404	115
0.118673107965924	0.29497201272278	115
0.045661494058959	0.282388361588576	46
0.074225719047498	0.436886253511654	46
0.03704338971948	0.433582190591182	46
-0.032481178390469	0.292927233633229	46
0.109781345540639	0.532569278172677	1426
0.022011600388438	0.495676809840847	1426
-0.096707937506897	0.303846721601489	1426
-0.12173172766911	0.299293170344763	39
-0.12112158656427	0.312166141809259	39
-0.033662653420076	0.41643172994521	39
-0.034040984621794	0.420763661797654	39
0.0255247574022091	0.538202347684413	39
0.019287724598938	0.542427283073446	39
-0.124671746736076	0.292941731387261	770
-0.03576354654576	0.404921233495373	770
0.040457428499748	0.741381721343409	370
-0.11100616266341	0.400648072659409	370
-0.124976048372216	0.294305931559254	370
0.117499802021305	0.661264131717169	370
0.0606202107378641	0.702864547036162	370
0.058708351524557	0.608931497570475	6
0.056766009175274	0.505230148463622	6
-0.045044990207204	0.537636303318657	6
-0.056893944994011	0.412160117655167	116
-0.121684263163148	0.157995342139036	441
0.12365390775712	0.198464355288851	441
-0.033432025892266	0.174191346332386	256
-0.070640248664233	0.28097682129511	3
0.119520557877418	0.5495065562796	3
-0.109621099431392	0.304234230798724	373
-0.077878853948342	1.61998169912183	44
-0.070175421232447	1.10887220268244	44
0.048104153648814	1.1500850581849	44
0.034036511869183	0.423702488810082	44
0.113954500756235	0.763827309703992	137
0.0565669876904	0.696943429182654	137
-0.035259112539413	0.169475933261589	137
-0.091784929276072	0.291884240354277	137
0.122692121177853	0.621169320950784	137
-0.014500906636082	0.511628246933526	106
-0.040406241720531	0.415206224255441	106
0.026408265335347	0.523998091392264	106
0.082600415314792	0.522666432964841	106
-0.110697765792746	0.286952805881355	106
-0.114076413469423	0.28354547434192	106
-0.121120346232233	0.153093217450726	106
0.00139711254838204	0.285246937402432	150
0.072548683667034	0.424206501949304	150
0.014973018797832	0.430505641356307	891
0.12224852141807	0.435355491299027	891
0.116439050918524	0.664436153743137	891
0.096628465994252	0.539933264028976	891
0.095165699303595	0.544404432256276	891
-0.040096130456644	0.28237180767408	579
-0.112810350053285	0.307127861865016	65
0.067078090167403	0.418369189390737	65
-0.036408996390026	0.288784471268784	65
-0.032868208908604	0.170805479480064	57
-0.040330697725827	0.294950006188703	429
-0.05583026836586	0.415533347822866	71
0.106105915810702	0.507123811890689	71
0.06976438437425	0.557062258172664	71
-0.041162746581891	0.419265666559197	429
-0.122195638007771	0.299257981843211	429
0.022751449810835	0.42530848959582	429
0.040203760776468	0.423431262890848	638
0.00207232918540701	0.296454728338625	33
0.064563177143505	0.420362122032575	115
0.00478820215204001	0.294137905232951	46
-0.10148076282224	0.301370341289294	46
-0.119669628163572	0.304033782435495	46
-0.041964557639338	0.413768109497947	46
-0.042434292690063	0.419393452524726	1426
-0.123745746278179	0.310166297661549	1426
-0.000335897784730976	0.497573733881961	39
0.099087763014314	0.603569244583045	39
-0.101509467611174	0.403781933591992	39
0.042027456809806	0.518861532590252	39
-0.123855831846778	0.148174309951321	39
-0.118053473987344	0.158440404544565	39
0.089860511996643	0.708648602057855	370
0.013794525645893	0.432576331623992	370
-0.050453984758207	0.409563880000374	370
0.114151516423899	0.435904738344132	370
-0.088781920024199	0.408880611769696	370
-0.00275593443556699	0.576740824170918	6
-0.079789965574646	0.400419817533219	6
-0.073894038001431	0.426507969619679	116
-0.082220184107576	0.280937984833489	116
-0.038036464163298	0.171991450715647	16
0.0454982361902671	0.286220067640577	441
0.00602816222602398	0.275058877160283	16
-0.035164658607345	0.299287240872406	256
-0.117199118198622	0.297015860709044	256
0.0867414252607041	0.539005418463048	256
-0.114239713212106	0.305413617038689	256
0.0440849948422169	0.287005216812903	3
0.119946110419846	0.296494470925561	3
-0.06969619558169	0.282415054936857	3
0.049148740979258	0.286474310977976	373
-0.01835222859501	1.99243207405881	44
-0.01457136879435	2.16849557818266	44
0.1015960512977	2.09539411868775	44
-0.016782728147473	0.943694723796244	44
-0.108058320745466	0.762217027152775	202
-0.00667920223921498	0.689119286577095	202
-0.113792825412344	0.409636305174397	202
-0.110311790312131	0.45638006792198	44
-0.017344504253517	0.554165362952446	137
0.022725403676661	0.52152441280064	137
-0.040330697725827	0.294950006188703	137
0.096860983924792	0.839810933675316	106
0.120790536378382	0.860426054946488	106
-0.056684181356096	0.47605322349262	106
-0.082782820649965	0.297512840293348	22
-0.06900525485977	0.297445504667509	891
-0.014533564317292	0.420517626399359	309
0.00511131266103004	0.401839193220335	218
0.04295138060994	0.283882715607558	65
0.042864928378153	0.286921752938685	579
-0.041680770406142	0.38759801149297	65
-0.055858762538361	0.286734746715467	61
-0.040096130456644	0.28237180767408	61
-0.0992170174295	0.299346412935916	65
0.040400034019236	0.424095113252822	65
0.018685133721018	0.435275619962994	65
0.109727507169166	0.533105344224005	261
-0.014151560743211	0.401950926621148	65
-0.087381837381073	0.298241696489265	65
-0.065175067705572	0.293824866900018	65
0.020437030600294	0.431427456179923	261
0.0704458942949741	0.437350470395065	57
-0.116087387184911	0.308513495802885	429
0.043524943764326	0.435075069729875	429
0.03660047479504	0.430036108239494	71
0.00123207127450398	0.519452728677001	429
-0.043214991065305	0.287034216015747	429
-0.091324998933919	0.276936671321222	638
-0.046747698394077	0.278178465551519	33
-0.039473145846936	0.276259782383291	46
-0.075260238542603	0.374117983199914	46
0.120664669152882	0.436128237117306	39
0.097659673200191	0.639324360197409	39
-0.119156608618186	0.287130493309373	39
-0.124424926944317	0.308986068319132	39
-0.098597419059602	0.301533327974055	770
0.036128378550668	0.541825694644506	770
0.011018715732119	0.428531859999049	770
-0.011285942627915	0.426134063777681	370
0.0213599315662421	0.523067766828294	370
-0.029681462005679	0.404492890937379	370
0.095527636126431	0.54712899842257	370
0.0888753454239371	0.708929654691015	6
0.084507381586768	0.51622791269219	6
-0.08131337677136	0.419309382591835	116
0.089090489227403	0.545763708014495	116
0.124171597440276	0.2990350820534	441
-0.035259112539413	0.169475933261589	103
0.1244098144478	0.298646442964005	256
-0.040358800921977	0.165458043284872	256
-0.078275922227164	0.300162613635631	256
-0.121799486738363	0.303011094861895	256
-0.01235772889936	0.420435074105391	256
-0.122700374436454	0.290934182362858	256
0.06624183771563	0.622300828736375	126
-0.01440596574294	0.415234736259912	3
0.056606141493136	0.382504044524119	3
-0.124976170927839	0.145274040569408	3
-0.116109614751704	0.15553924319242	3
-0.00070015366248799	0.284524758365186	3
0.02187476347603	0.422385304763951	3
0.02997060402723	0.394525473309832	373
-0.108689744330226	1.2171359493348	44
0.091532947911623	1.81365058969767	44
0.064825133585695	1.17496230747362	44
-0.121784798166247	0.71167168743565	202
-0.07539681253356	0.646173788705666	202
-0.119347237648522	0.292719436057501	202
-0.059671053016859	0.296043443367997	44
0.116458264295605	0.43956624086051	44
0.12191577670558	0.301862011357239	137
-0.024326399312765	0.601140971067916	106
0.034915919147736	0.566761029469961	106
0.042840773355619	0.436857915344358	106
-0.041452459608294	0.166540477166596	106
-0.036765724332803	0.167018423711184	106
-0.119176342498063	0.159173674782741	150
0.076859187112504	0.42296942008374	218
0.121284286041728	0.565861495995611	891
0.045401765042001	0.631063647522024	891
-0.02332073861679	0.42502358501093	891
-0.015083725572645	0.511437548525737	65
0.046350697069353	0.294881252751306	61
0.124214008916153	0.206232457822621	61
0.072862548741331	0.534170370325816	65
0.00911478455544001	0.42502828170288	65
-0.120301540210331	0.158166969036568	57
-0.00853858433403798	0.27849320617067	57
-0.06352637976247	0.291140133416074	429
-0.048676572031244	0.415693096941419	429
-0.069285022528682	0.413700336261533	429
-0.078163558623613	0.392603581091884	429
-0.116786453802159	0.304401684310985	638
-0.039013488284202	0.284298868027386	638
0.034539454752616	0.427513249996951	33
0.050613548550473	0.528631747474609	115
-0.094479996326662	0.390661284335179	115
0.079377327375646	0.519691333016861	115
-0.028771331024728	0.287698110023978	115
0.045661494058959	0.282388361588576	115
-0.110846023258186	0.286135728482442	46
0.116121266341771	0.559326461123733	46
0.00246051856539598	0.402742117215366	46
-0.02048415234174	0.426871418425945	46
0.115155763307325	0.533682566705418	46
-0.065972075872085	0.426198777360081	46
-0.053717806922592	0.409528334937521	1426
0.045599336675603	0.629235726625483	39
-0.048574516701746	0.275128605706634	39
0.016641910564431	0.419476532148276	39
-0.00696854197631402	0.408556253271938	39
0.116206317912245	0.429901015753538	39
0.12086217813941	0.295177503066108	39
-0.037471701831022	0.164473276431771	39
0.111538011618325	0.911360875718993	770
-0.018819396601156	0.517324006059384	770
-0.094982739945428	0.410555028715521	770
-0.116432936156205	0.301956999141245	770
0.021377140308383	0.421372190545504	370
-0.041270122624563	0.596748894285492	370
0.0635811908335	0.520487748692841	370
-0.091040301424189	0.410103670902379	6
-0.048076211602959	0.507045373269868	6
-0.092126399652544	0.404882506651916	116
-0.071985510636032	0.287926914570199	116
0.059521844943446	0.528621764694556	116
-0.119176342498063	0.159173674782741	116
0.119713851501106	0.199126209354249	16
0.046633630235187	0.284866857044243	441
0.119142597747633	0.197658774394258	441
-0.00186941803451202	0.282330138887572	256
-0.092939316540813	0.416083067659769	256
0.05435575813628	0.670418428180893	256
0.07170274199949	0.423244650772299	256
0.012773256023175	0.511589164711436	256
0.115159594619167	0.548766844689173	256
0.068398979879626	0.530586775678901	256
-0.037656395731145	0.289431987025174	3
-0.054137018868182	0.425620948131223	3
0.050375451007168	0.290085398640271	3
0.016832686486008	0.425681257887573	3
0.124701980855033	0.291681288803111	3
-0.123075596254438	0.155909238850789	3
0.071620878751125	0.537615117877358	3
0.041730465828144	0.283788865318709	373
0.0624448097918821	0.642106520154115	373
0.023914052495289	0.604283296907293	202
-0.034534618313873	0.174260018652835	44
-0.003140383620093	0.284265392532068	137
0.00691753321321198	0.528191938372053	106
0.038500767320089	0.41907093608029	106
-0.058675999414947	0.296718947653673	22
-0.00409059076304902	0.282219780564294	218
-0.014722253078747	0.414242989816758	891
-0.023163764595799	0.428081311803623	218
-0.035098331674015	0.172681502759963	218
-0.039169069755149	0.164689225911664	824
0.047482578368232	0.294494542243722	121
-0.0972222211228	0.409871025041886	65
-0.035639537940514	0.170348743224255	61
-0.085928228722373	0.292537627970752	65
-0.046658598157285	0.428193225461111	65
0.051419481314169	0.29712546877219	65
0.124214008916153	0.206232457822621	57
-0.035098331674015	0.172681502759963	57
-0.032015963147383	0.290955241490848	57
0.00438333396282098	0.294003858592518	638
-0.070034250663016	0.291110368034704	638
0.116410068650884	0.290723112847163	638
-0.123883562422281	0.383176310931237	115
0.013722356568537	0.537231099421528	115
-0.1194324503778	0.158271878821346	115
-0.080529487981107	0.382266149616387	46
0.121284286041728	0.565861495995611	46
0.027358831311007	0.528131816373015	39
-0.035377209226253	0.659488224694794	39
-0.036606778487432	0.292940778553231	39
-0.099237120052631	0.457486629728726	39
-0.034534618313873	0.174260018652835	39
0.05659865823858	0.633273830076962	770
0.0921781483630511	0.722759763834729	370
0.037856088538307	0.431057840476973	256
-0.038602253259392	0.171369029815336	256
0.074492153123338	0.428232832189495	256
0.036443604432471	1.2764290185783	44
-0.036709483574991	1.10243072535337	44
0.07680429102009	1.25154061678742	44
0.00457920420414004	0.600202630086307	202
0.012564568133943	0.284151940900968	44
0.123276751534072	0.299808404948194	137
0.067325642569894	0.516386391773492	106
-0.055886191973457	0.47041499877856	44
0.0442838750532371	0.282279108977611	44
0.109497430356199	0.407567245736759	106
-0.039152642908758	0.421589887139752	106
-0.1194324503778	0.158271878821346	106
0.0723832031123281	0.438230356174679	106
-0.034156268667084	0.168359077789132	106
0.032732457462747	0.248252731247546	133
-0.121110299935226	0.154566749667274	891
0.124214008916153	0.206232457822621	824
-0.031027002951988	0.169220794241098	824
0.114709911031595	0.445441248100303	121
-0.034534618313873	0.174260018652835	121
0.108160966580042	0.408270301163636	65
-0.038608374487007	0.284403939414138	65
-0.082725054248322	0.303765573288752	65
0.118470563051444	0.194253316345752	57
-0.002573387419328	0.292688647312342	57
-0.123934631489088	0.153105344726263	429
0.040203760776468	0.423431262890848	429
0.0164307186961981	0.4307226786107	429
0.114046288334625	0.550664970592021	429
-0.116947496989592	0.306178838502968	429
-0.044218597272212	0.167900327425104	638
-0.034116614559958	0.296890188083449	638
-0.00254994898363198	0.285709258105271	638
0.00244826436873402	0.292095302311965	115
-0.026588541737011	0.406850241147837	39
0.085066387374128	0.54791318321405	39
0.123276751534072	0.299808404948194	39
0.121282456265337	0.198645955133022	39
0.025195111870753	0.396743830886003	770
-0.112952867128783	0.308428284281758	770
0.080655658551003	0.427389258851527	1059
0.099463082626386	0.65260376099179	770
-0.067477879075865	0.297791572367391	370
0.0486123543809081	0.282946619597297	370
-0.121475222911945	0.388097024836803	6
0.120956729636381	0.198581629955028	256
-0.045889823782064	0.163746990319039	256
0.051419481314169	0.29712546877219	256
-0.068589202027905	0.290319032917505	12
-0.087128211375845	0.302436746547127	12
-0.113449520218071	0.282398662045829	256
-0.036202117766367	0.172742420349666	256
-0.043068900923565	0.418682306234077	256
0.119421033496369	0.43760162736484	3
-0.00178399354916298	0.284129172807576	3
0.122404875111649	0.199001544034778	3
0.121155457408384	0.194170392898925	3
-0.036765724332803	0.167018423711184	373
0.00390347440041805	0.40336655325425	373
-0.121478811942642	0.307125697747015	373
0.12365390775712	0.198464355288851	373
-0.036394138458796	0.166042032522055	44
-0.010010114340271	0.266121811436589	44
0.050963818405619	0.290252063589736	106
-0.11131684957019	0.304661397046182	106
-0.082586545495866	0.286751876452258	106
-0.120301540210331	0.158166969036568	218
-0.025988516842116	0.42758523902981	218
-0.110738567067602	0.307087897584982	218
-0.03165863994969	0.406746004031745	535
-0.038314518057951	0.162667445751292	121
-0.035098331674015	0.172681502759963	121
0.045218035338362	0.286672636531447	579
-0.038602253259392	0.171369029815336	579
0.122199190662619	0.193384296072582	579
-0.035826103360814	0.17167260536398	61
0.114267391274275	0.436188609056221	388
0.123096620587683	0.199573646617747	57
-0.00205598861968198	0.28220131082862	429
-0.038036464163298	0.171991450715647	429
-0.067572670492962	0.485783780960194	429
-0.011220335944159	0.514766455794153	429
0.031224010462957	0.607805016703592	429
-0.045318133297596	0.163671020678652	33
-0.010216628537356	0.416120513166084	638
-0.032403898327903	0.417210751842927	115
-0.041819201429834	0.166345325053339	115
-0.035639537940514	0.170348743224255	46
-0.035259112539413	0.169475933261589	46
0.03836335168496	0.412452812554122	46
-0.040096130456644	0.28237180767408	39
0.124401738393917	0.749783404309004	39
0.001365482584615	0.294366975706195	39
0.112196509189638	0.540079093313014	770
0.038429230534225	0.406958190088976	1059
-0.039094753388491	0.289242523452116	770
0.0476854445367611	0.58347724745682	770
-0.067435049064105	0.28974001622548	370
0.000144723872523955	0.292349613140484	370
-0.036930131428388	0.172876337095916	370
0.0817317593368611	0.541013409649379	6
-0.097022914435224	0.407861403639539	6
-0.124491702030657	0.154250432471742	16
0.117900015159401	0.198196728181155	16
0.124771021919602	0.197435251980405	16
-0.022368671807195	0.421774062931271	12
-0.010113304338408	0.421698878693029	12
0.044173541193808	0.282281415160287	256
-0.00363913304748498	0.430087380613053	126
0.065869663638912	0.547728519876473	126
-0.038036464163298	0.171991450715647	3
-0.028825564394616	0.422809149471554	3
-0.050978808335821	0.428683054793592	3
-0.00351610597211699	0.294732712752393	3
-0.00557373226358898	0.28467440353926	3
0.12365390775712	0.198464355288851	3
-0.033432025892266	0.174191346332386	36
0.00698615723194895	2.20291315106271	44
-0.076237040267703	0.754311818748679	44
-0.089225281242037	0.626682527815211	44
-0.09321113679256	0.56657609416976	202
0.110082674241911	0.425849901323292	202
0.117686345264328	0.292214007231907	44
-0.036188385511815	0.688613635889013	44
0.121998106062309	0.296124575620203	44
-0.021692503086952	0.391717041993189	44
0.050287171645517	0.295536108625749	44
-0.123075596254438	0.155909238850789	106
0.014673506329295	0.434609333582724	133
-0.043646803478321	0.161648474248048	218
-0.117961618739636	0.299514106967901	61
0.118343611809626	0.415820715249847	61
-0.124230938858691	0.147488607239414	61
-0.116674816555427	0.15533460632198	261
0.120956729636381	0.198581629955028	388
-0.091939810477255	0.293189220230334	65
-0.033432025892266	0.174191346332386	437
-0.038602253259392	0.171369029815336	57
0.122199190662619	0.193384296072582	57
-0.090308378450452	0.294974824856276	33
-0.063914593905217	0.294001032464516	429
0.117876141146919	0.622993610722499	429
0.049927197089177	0.290204783160795	33
0.05069286155493	0.272044173721352	638
-0.119984649775975	0.153305357422704	638
0.124340245880256	0.195846510231883	638
0.021726541768052	0.406284716791367	115
0.068763456171332	0.435870589871079	115
-0.121288430100858	0.300993507612003	115
-0.013788701266122	0.40384484986155	185
-0.067010064133183	0.293801904583833	46
-0.108035578519772	0.286635956370596	46
0.106561106386738	0.664483821035474	46
-0.000122729996854976	0.294850086524792	39
-0.00892590528610399	0.26728426352271	39
0.014733912778521	0.422901739308629	770
0.045121203135833	0.521415934715004	1059
0.068901112446094	0.425676699947873	370
0.049833654394866	0.289101664978889	6
0.096350066011615	0.655288640975184	6
0.050018815871982	0.291684291827244	159
0.124214008916153	0.206232457822621	16
0.121155457408384	0.194170392898925	12
-0.042889852445793	0.385245809784251	12
-0.111336838517986	0.30307720957409	12
0.048023201741523	0.548434601208677	12
0.00803814746403297	0.415613865195573	3
-0.037967020081279	0.167801448279283	3
0.110853453009117	0.426417785410173	36
0.123422381438193	0.298589421519288	373
-0.10640425057507	1.13452560984254	44
-0.103944065298805	0.300643815121126	202
-0.00195903023143101	0.627469884992653	44
-0.034208984924201	0.432623961460077	44
-0.089907868788994	0.292826512656521	44
-0.114657860647594	0.299368753645865	44
-0.078275922227164	0.300162613635631	106
0.124214008916153	0.206232457822621	486
0.118470563051444	0.194253316345752	22
-0.117199118198622	0.297015860709044	218
-0.045493467747461	0.154337653945396	133
-0.095777789174074	0.302499606708407	218
0.0475721583500151	0.296057759291339	65
-0.046881442083975	0.417692542211301	65
0.113007674952074	0.546311187650527	65
-0.118998710891982	0.296716324640244	61
-0.043695355402452	0.163516081274639	970
-0.035940265259919	0.294988946145596	261
0.122964300445271	0.200951799928207	261
0.00300797735566105	0.286729158944251	261
0.110585057791277	0.605722819287185	429
-0.029613818842785	0.497910685476395	429
0.124450906498706	0.297342190041494	33
0.116410068650884	0.290723112847163	33
0.087303824071131	0.552164338032984	638
-0.103944065298805	0.300643815121126	185
-0.008848410474953	0.528078398118421	46
-0.086664396301056	0.409985149041575	46
-0.03268865757297	0.167812585654534	39
-0.121371295474043	0.15082416419156	24
0.121852570339308	0.195889917983624	370
-0.00172648803386699	0.580930515009183	6
0.124555066495811	0.29954513242504	6
-0.100511278935423	0.414715463958835	6
0.012054453353234	0.602580022175786	159
-0.051512978533224	0.153746934889762	159
0.00845562302769098	0.47919822003092	12
0.120719130516332	0.286778346837174	256
-0.037497036647594	0.170193407126297	256
-0.033790999412016	0.16511620817836	3
0.00000961675394295369	0.285937832066162	3
-0.114988734886196	0.155737204611114	3
-0.033432025892266	0.174191346332386	3
0.124902548666279	0.193317041380957	36
-0.050327061649413	0.86362542550213	202
-0.103757670875284	0.632779332240531	202
0.071425440118212	0.41244140735872	202
0.038045843026134	0.621299774275776	44
0.037262547931302	0.40157564244146	106
0.01087938914327	0.415211065554853	486
-0.033971939855861	0.167115678051664	22
-0.038036464163298	0.171991450715647	22
-0.041819201429834	0.166345325053339	218
-0.035639537940514	0.170348743224255	218
0.115511369072387	0.440255473983601	535
0.124771021919602	0.197435251980405	428
0.00272988644278305	0.292312527569806	388
0.0454982361902671	0.286220067640577	261
-0.08444343329493	0.29613051362994	261
0.115507725607824	0.185500878348038	261
-0.12142905501827	0.154302968807591	437
0.121282456265337	0.198645955133022	57
-0.040723459300082	0.170099779410914	33
0.042571230630541	0.421023974479318	429
0.116744929467645	0.188741793507657	638
0.082589831263058	0.429140253363901	33
-0.00523427677759902	0.529386053702146	46
-0.00205598861968198	0.28220131082862	185
0.00464605193270895	0.293301085447937	185
-0.123362269041447	0.155728468588177	46
-0.037308230429795	0.168894757905337	317
-0.00868131743721101	0.277429456815685	317
-0.058368897531579	0.428107356271557	46
-0.064940849016287	0.517107997262918	24
0.0842300043377781	0.537923828345272	6
0.011018715732119	0.428531859999049	6
0.109435281184819	0.438456965463525	6
-0.041756944528972	0.293884596287239	6
0.018740645133637	0.425641989039149	6
-0.0382294499015	0.298105676758091	159
-0.036930131428388	0.172876337095916	120
0.12365390775712	0.198464355288851	444
0.0679305558340551	0.423669652388333	256
-0.036202117766367	0.172742420349666	3
-0.120848227587612	0.152809673167249	3
-0.040153727111663	0.164240216099442	3
0.115095258725177	1.16374700677567	44
-0.122495676028919	0.154381087768881	202
0.122200831160806	0.291985878804526	44
-0.038036464163298	0.171991450715647	44
0.119713851501106	0.199126209354249	44
0.053775540277902	0.292880691481071	44
-0.042548465285908	0.165709173447527	486
-0.038417169891076	0.294726908407448	440
0.033118093258081	0.380077249788558	440
0.047768478597252	0.284011199203157	535
-0.040019541372364	0.154309052463525	121
0.00463617334291699	0.524389966599325	61
0.118470563051444	0.194253316345752	61
-0.035557735799052	0.294503426690252	388
-0.035259112539413	0.169475933261589	388
-0.122235131003812	0.155816693801671	261
0.12365390775712	0.198464355288851	970
0.124771021919602	0.197435251980405	970
0.070703843236374	0.436760605893265	261
0.124771021919602	0.197435251980405	33
-0.039718788375897	0.508843860117125	429
0.124310399004356	0.303370466158071	263
-0.06826874715566	0.290378076400832	185
0.12014984780772	0.433091171064136	185
0.114050279819479	0.4167786996301	46
0.118691310482027	0.412150684486856	317
-0.120301540210331	0.158166969036568	46
-0.042026535294929	0.167618117264498	39
-0.062916248547679	0.294683378148879	770
-0.123067314757596	0.155900786767803	370
0.122964300445271	0.200951799928207	16
-0.012410932191014	0.405061108558436	12
-0.0761899386464	0.41292602961905	84
-0.100803953216615	0.294897389348193	84
-0.061963272807269	0.297253690831075	3
-0.03176680579702	0.170755366799563	114
0.014673506329295	0.434609333582724	36
-0.10176992802257	0.852833444774262	44
-0.114840727125182	0.815674554793809	44
-0.090001632933532	0.747037341485753	44
-0.040254371265849	0.596132267981271	202
0.058383961959277	0.286141731954215	202
-0.118919146602222	0.155044448829606	202
-0.118919146602222	0.155044448829606	202
-0.12419177462442	0.156618549124342	486
0.115507725607824	0.185500878348038	486
0.117900015159401	0.198196728181155	440
0.083179245409822	0.419005687924662	1295
0.051333820198618	0.294464644725253	535
-0.037497036647594	0.170193407126297	218
-0.122235131003812	0.155816693801671	61
-0.121684263163148	0.157995342139036	388
0.120785950601736	0.299137841386854	388
-0.121703694457951	0.153402494024623	388
0.124214008916153	0.206232457822621	970
-0.030466369604555	0.163513771503169	261
-0.068630513639715	0.280645009462176	261
0.116657021139255	0.193360272717834	261
-0.032331775181086	0.170519727060441	261
0.124214008916153	0.206232457822621	261
0.124771021919602	0.197435251980405	33
-0.038602253259392	0.171369029815336	33
0.11053085228647	0.526972260103608	429
-0.117232846258792	0.152370130318612	263
0.042864928378153	0.286921752938685	263
-0.12362237401623	0.155634201329785	33
-0.102895974353719	0.302868043407607	33
0.12021378568221	0.549036077036889	115
-0.119176342498063	0.159173674782741	46
0.040073018349154	0.417960136122732	185
0.00572780657239302	0.291084458910481	185
0.119946110419846	0.296494470925561	317
-0.12142905501827	0.154302968807591	372
0.119725017165948	0.291878461742693	1126
-0.0382294499015	0.298105676758091	1059
0.053686238739729	0.291624498502172	370
-0.101122433723135	0.294169074339564	6
0.124214008916153	0.206232457822621	504
0.011899409948757	0.428027974186952	12
-0.108657192366532	0.28330672949136	12
-0.036930131428388	0.172876337095916	256
-0.036202117766367	0.172742420349666	256
0.00450616779961099	0.287509794827881	256
-0.04583582676944	0.418571622339284	1486
0.122964300445271	0.200951799928207	592
0.0487031907093241	0.295664408857857	3
0.065405350465937	0.415095779837837	36
0.072862548741331	0.534170370325816	36
-0.084427235661155	1.03529478620002	202
0.119352391957126	1.23187726319271	202
-0.124491702030657	0.154250432471742	202
-0.044456250524741	0.284344691037911	44
-0.118943620366877	0.502994605655879	44
0.0764702170049401	0.971167993653047	44
0.0616066526725611	0.900906134029919	44
0.035685740082548	0.428025194755965	44
0.119713851501106	0.199126209354249	44
-0.041452459608294	0.166540477166596	106
0.117900015159401	0.198196728181155	486
-0.031027002951988	0.169220794241098	1174
0.031715732522864	0.50093904875395	535
-0.030466369604555	0.163513771503169	121
-0.117239393811517	0.27123595199259	61
0.113228480087736	0.267540676044635	61
-0.12419177462442	0.156618549124342	61
-0.124230938858691	0.147488607239414	261
0.044798930250566	0.534647913342927	429
0.111830122449135	0.427733134959536	33
0.123096620587683	0.199573646617747	263
-0.122487946192157	0.152114454916293	185
-0.069834174810535	0.394002962946955	185
0.122964300445271	0.200951799928207	195
0.0451304781636121	0.291244447307084	372
0.119713851501106	0.199126209354249	1126
-0.034534618313873	0.174260018652835	1126
0.041484785831305	0.624657147570369	370
-0.082463220786016	0.299373770260788	370
0.087303824071131	0.552164338032984	370
-0.08046045556204	0.472895977177122	662
0.00438333396282098	0.294003858592518	6
-0.030928707772424	0.414091763897395	12
0.000866787434265048	0.274976646802373	256
0.119142597747633	0.197658774394258	740
0.054389124368889	1.67397988288709	202
-0.059928940989537	0.868110459495073	44
0.123422381438193	0.298589421519288	202
0.044582163577951	0.53057031227646	44
0.059946873385234	0.774344017254547	44
-0.081644897068147	0.489314889874681	44
-0.041452459608294	0.166540477166596	44
-0.065686152466668	0.288327326243822	22
0.00111975469076298	0.280951545404054	44
0.008779471314739	0.399344715642429	106
-0.036364261704742	0.168630626525818	486
0.122404875111649	0.199001544034778	486
0.124214008916153	0.206232457822621	22
-0.104968774954461	0.250599793591718	218
-0.12466589367453	0.145727962102985	218
0.123096620587683	0.199573646617747	218
0.054816829911984	0.290219200801873	61
-0.105170311868794	0.298170096775756	388
-0.032868208908604	0.170805479480064	261
0.0512504980937321	0.283922804137405	33
0.122404875111649	0.199001544034778	1753
-0.118295976770252	0.294008423424664	429
-0.094111129728858	0.416214238537833	429
0.120956729636381	0.198581629955028	33
0.124214008916153	0.206232457822621	263
0.036072333153398	0.511261313029297	46
0.082298674723511	0.424894434553105	185
0.118816854838249	0.295541229153146	46
-0.02981619185244	0.2951689219326	317
0.047768478597252	0.284011199203157	317
0.046263207426088	0.290882531900132	372
-0.034156268667084	0.168359077789132	372
-0.095833157423716	0.307296330380916	372
-0.106913663759019	0.405249505972268	1126
-0.077161689020378	0.471214965281722	1126
-0.031864566715013	0.428760206824133	1126
0.036784688337937	0.419456411090351	1126
-0.120301540210331	0.158166969036568	1126
-0.077084849791387	0.273104443065842	39
-0.086012830109214	0.291143891801326	528
-0.015838191167318	0.414722944223983	24
-0.038483427413242	0.396225597464505	370
0.014948500071202	0.408758060953897	370
0.107942660994271	0.533050081971162	6
-0.039145087233473	0.167586294800877	6
-0.018334847483314	0.399924941581113	110
-0.117553853787989	0.308110651858488	110
-0.118916032360511	0.303450723288363	84
-0.038494957308349	0.513266268091504	84
-0.075546063290686	0.28010982090239	1486
0.054816829911984	0.290219200801873	126
0.124214008916153	0.206232457822621	3
-0.08904542415564	0.294490255302337	3
-0.041452459608294	0.166540477166596	114
0.0494031895475871	0.53137065958745	36
0.067471382912234	1.74310964217876	202
-0.021344151639667	0.988073827452259	202
0.00868494320423696	1.8317381509833	44
-0.089745246286413	1.55317492984097	44
-0.044218597272212	0.167900327425104	486
-0.032128145953359	0.166483758321827	440
-0.029522506658204	0.415851473768315	218
0.121282456265337	0.198645955133022	33
-0.081063844989025	0.303214466013182	429
-0.020147347036371	0.374669758427628	429
0.043911499676239	0.282880199565337	263
-0.118035539047922	0.384871151153864	33
-0.10041469420109	0.305173593376974	46
-0.016430012508578	0.42680544976404	46
0.102945384075355	0.653317939246726	46
0.071835292403257	0.412884355385429	46
-0.115925472672993	0.303622017123885	62
-0.035639537940514	0.170348743224255	24
0.040132189369027	0.425062569373438	6
-0.031567533974244	0.415370009640302	6
0.094020434865788	0.778498752018233	159
0.019377266729285	0.579091164184512	12
-0.120552507624401	0.291193505795696	84
0.124199293899238	0.280087726433554	1486
-0.106374976719926	0.301620600554377	126
0.119713851501106	0.199126209354249	3
-0.112163763559544	0.148727415602458	3
-0.035826103360814	0.17167260536398	3
-0.035826103360814	0.17167260536398	3
0.114563906312523	0.426004794093994	3
0.122525783752164	0.19495039522302	36
0.034496868365521	1.45091254239889	202
-0.123763033683803	0.692518453451933	202
0.055911439522266	1.45588969227009	202
0.116117979549485	1.00942225544303	44
-0.114735494106772	0.152634190073127	22
0.120038702691823	0.194989234813248	440
0.037712825962694	0.268390841319448	218
-0.044218597272212	0.167900327425104	121
-0.00409059076304902	0.282219780564294	61
0.021337358710433	0.516869064885969	61
-0.084454577007747	0.297979423038039	61
0.036260747387895	0.425489260002146	61
-0.118053473987344	0.158440404544565	261
0.091000041182142	0.560648472032673	574
0.121155457408384	0.194170392898925	33
-0.055805018177533	0.451723740510841	33
-0.070150924365405	0.295016140426683	429
-0.03176680579702	0.170755366799563	429
0.048439568190295	0.273590110297823	33
0.035345466662388	0.426714961128287	46
0.046350697069353	0.294881252751306	46
-0.033461371799287	0.291154658633533	185
0.0546334989705169	0.290717903628332	372
-0.119176342498063	0.159173674782741	372
-0.026678242076897	0.664495551272044	372
0.124214008916153	0.206232457822621	62
-0.115856851128718	0.149632621116988	39
0.122196549816227	0.287280861484584	528
-0.038539097308975	0.166538731783549	6
0.123096620587683	0.199573646617747	6
-0.113997537049093	0.410412695998487	159
-0.066290771812035	0.482289025443895	159
-0.035753072127521	0.293075009307179	159
-0.071017211613823	1.98483311836268	202
0.00324429319498998	0.407014845931488	202
-0.000266236224560013	0.287602493232976	202
-0.075117781311491	0.581434124878733	44
-0.080452752888097	0.287852575469046	44
-0.059591364176895	0.396949157040021	22
-0.035639537940514	0.170348743224255	218
-0.037665344337522	0.392729111481329	121
0.00315398124371702	0.294950863477462	121
-0.038036464163298	0.171991450715647	218
0.12094186179601	0.559982668042589	261
-0.117734133706562	0.153594378069888	261
0.119713851501106	0.199126209354249	1753
-0.037471701831022	0.164473276431771	1753
-0.028610934299511	0.160231212088632	873
0.124771021919602	0.197435251980405	194
0.124310399004356	0.303370466158071	194
0.0970169974959429	0.626588524965597	46
-0.037643136875266	0.292505239674883	46
-0.1194324503778	0.158271878821346	372
-0.124758694736537	0.149738172350101	372
-0.094293105062489	0.397660030840572	372
-0.00295212476485901	0.28262975145687	1036
0.121852570339308	0.195889917983624	751
0.075681314518384	0.630392062470267	528
-0.07114900674696	0.521273875225407	370
0.116657021139255	0.193360272717834	6
-0.015359919003231	0.572346643770162	159
0.124771021919602	0.197435251980405	120
-0.045318133297596	0.163671020678652	12
0.00111975469076298	0.280951545404054	1486
-0.09050355089137	0.284032830352214	1486
0.051056781746162	0.293419649553655	36
0.047663882272718	1.9658284638495	202
0.114401680447602	1.9441326758668	202
0.00577103009660196	1.28089773164097	202
-0.120643366816029	0.627814228443381	202
-0.060201764824214	0.29519026279682	202
-0.00910279676328601	0.872650804403339	44
0.048982368814764	0.279935428935906	44
0.0412866598592611	0.269145918383789	44
0.067504791586571	0.425585216622865	106
-0.047399048403817	0.428092097219673	106
0.044860077548492	0.281958344974066	486
0.0521858018549291	0.293049827069017	121
0.040759932960364	0.431557826931115	121
-0.116956765426554	0.296183269867479	121
-0.036930131428388	0.172876337095916	121
0.0881338449193571	0.547470840175975	61
0.0421113649171601	0.436475940553235	61
-0.06833000955175	0.281886000684177	61
-0.123362269041447	0.155728468588177	261
-0.040275479272948	0.165743596737603	261
0.124387055582735	0.429126307150324	261
0.056126716093621	0.294550678371805	574
-0.036930131428388	0.172876337095916	119
0.0454982361902671	0.286220067640577	300
-0.03176680579702	0.170755366799563	33
0.00432801672557903	0.402884426645611	46
0.047088444211003	0.427004024838203	46
-0.037578562540364	0.278982810914582	46
-0.101381765956962	0.294016777411462	46
-0.074085327155149	0.298489313671378	46
-0.089255695273956	0.297306391861473	372
0.044299953448664	0.539381026377985	372
-0.11586961132542	0.298520562064221	62
-0.113611415671283	0.302005651095172	24
0.071961022313551	0.435499496251934	24
-0.122235131003812	0.155816693801671	1955
-0.083183208059573	0.295650133120992	6
0.068763456171332	0.435870589871079	6
-0.021435521005512	0.514106804285255	159
-0.035557735799052	0.294503426690252	159
-0.038602253259392	0.171369029815336	120
-0.036930131428388	0.172876337095916	12
0.064808849311396	0.540235339247239	12
0.063856733041767	0.548260672265938	84
0.112174414016139	0.420623068178249	1486
-0.090054568880905	0.300065330689731	3
-0.121973505477099	0.152710361725204	3
0.123132793883617	0.295010574039345	3
0.114477912128431	0.535938556113943	3
0.022473241498465	0.529337737505321	36
0.05192123659235	2.25464083162667	202
0.030785707146038	1.83342036061842	202
-0.065557852268092	1.13693055860906	202
-0.019852653698614	0.65698669511453	202
-0.037613506648779	0.284088680944501	202
-0.00192111869096201	0.285146801646028	202
-0.057276039111479	0.297730852774781	202
-0.088104971125244	0.526142895264292	202
0.106230067121559	1.16804412273292	202
-0.044218597272212	0.167900327425104	44
0.018482861625828	0.606499111368441	44
-0.040120201696033	0.396668453153822	44
-0.099368250869959	0.295339441334673	106
-0.036930131428388	0.172876337095916	22
-0.06503121935092	0.297591386834428	121
-0.069526505981375	0.28487132995576	121
-0.040819584266134	0.166160604374828	218
-0.037967020081279	0.167801448279283	121
0.123408339083219	0.543288701543383	61
0.078140960307885	0.430793536731657	61
-0.075277166545328	0.301890218734709	61
0.112942479771691	0.275275718612432	64
-0.00531102936162198	0.281344721634824	261
-0.043121393112504	0.168759010980697	119
0.124771021919602	0.197435251980405	880
-0.121938366872206	0.156892679811585	119
-0.062236418090029	0.301461884978506	300
0.119142597747633	0.197658774394258	33
0.122436136293174	0.280962029263589	282
-0.00460062358783903	0.290276719033849	194
-0.075468639705072	0.399089664803634	46
-0.064683711276356	0.285028232429624	46
-0.031633537143623	0.295197599952076	372
-0.119176342498063	0.159173674782741	372
0.052834624221199	0.590631818634754	372
-0.040803122880367	0.274896663514892	372
-0.036087065601302	0.481174231599752	372
0.056890316041778	0.287130333220935	1036
-0.036930131428388	0.172876337095916	93
-0.018519125510476	0.506770739503735	528
-0.060971185733063	0.298804039065257	24
-0.119725258248774	0.151650607923492	1021
-0.093233331465857	0.414926837163211	6
0.03375288958003	0.538107565059144	6
-0.050732767793098	0.547271395639649	6
0.074918695937287	0.619040240961784	12
0.124771021919602	0.197435251980405	126
0.124771021919602	0.197435251980405	126
-0.117301998418072	0.306869269586886	126
0.124771021919602	0.197435251980405	3
0.045308385712308	0.283932086709606	3
-0.039709773909628	0.170493638317434	3
-0.124577075465363	0.286829944011922	36
-0.101769020010861	0.396430971535613	36
-0.072240064266038	1.9354599024258	202
0.118539765661467	0.563634901608501	202
0.031715660515599	0.409797136888298	202
0.075574873822882	0.421969808660041	202
0.094546503173365	1.9566160787893	44
0.068517290686925	1.53226806273243	44
-0.116712706619043	0.148290241656794	44
0.119713851501106	0.199126209354249	44
-0.045318133297596	0.163671020678652	44
-0.008157327593527	1.11328188532174	44
0.060835347481016	0.287089220789205	44
0.117480883572949	0.439788569390898	44
-0.039145087233473	0.167586294800877	121
-0.076264786447258	0.409634265618976	121
-0.048754621856038	0.157954061374204	218
0.119142597747633	0.197658774394258	64
0.124771021919602	0.197435251980405	119
0.12318349270671	0.303437764606221	33
-0.123362269041447	0.155728468588177	33
-0.034534618313873	0.174260018652835	33
-0.03268865757297	0.167812585654534	33
-0.068365044558812	0.410774973561517	194
0.121282456265337	0.198645955133022	46
0.04671383291068	0.288061043605768	372
0.088466759549349	0.539243811404363	62
-0.073501367940542	0.281536521123876	6
0.123096620587683	0.199573646617747	483
0.124214008916153	0.206232457822621	3
-0.037967020081279	0.167801448279283	3
-0.042026535294929	0.167618117264498	3
-0.123075596254438	0.155909238850789	3
-0.03995564024174	0.287821179587485	36
0.098593554933022	0.544154084516455	202
0.071021373398209	0.800089135554494	202
-0.110042538794389	0.82813399011951	44
-0.00215535000261302	0.733251476486689	44
0.042618085341535	0.53222266991243	44
0.119142597747633	0.197658774394258	22
0.050418700008112	0.433303981184007	22
-0.040346918271004	0.281583680986869	218
-0.100464133681157	0.303570765451226	218
-0.034156268667084	0.168359077789132	121
-0.039267503755639	0.161589453454028	27
0.068219640548836	0.426732314712412	64
-0.042622987867271	0.288626817200061	261
0.124214008916153	0.206232457822621	574
0.119946110419846	0.296494470925561	119
-0.003140383620093	0.284265392532068	119
0.124214008916153	0.206232457822621	119
0.109111085520219	0.401584491771682	33
-0.050978808335821	0.428683054793592	282
0.00150513374197803	0.294085578657271	33
-0.039059188666403	0.167843938439159	33
0.071414693601725	0.439471454506274	33
-0.121938366872206	0.156892679811585	372
-0.038602253259392	0.171369029815336	372
-0.106726566037704	0.298456094053534	372
-0.112876993146269	0.305237753433496	372
-0.055817466028241	0.390548152404802	372
-0.059879204468852	0.476179120792156	24
-0.119176342498063	0.159173674782741	1021
-0.118633750238549	0.150958644564898	1021
0.013722356568537	0.537231099421528	6
0.090807703560544	0.651835727752535	110
-0.120044795707522	0.151397281125971	444
-0.039059188666403	0.167843938439159	12
0.0879935306779051	0.547892666917331	84
0.014147216314171	0.430101559075904	84
0.072955403551896	0.426318544733292	3
-0.120836952953662	0.929797721264223	44
0.100615873025119	0.929652883733413	202
0.01758234087889	0.714377735374659	202
0.077170877087421	1.11814562129508	202
0.048280190048722	1.21866776992952	202
-0.046452519963974	0.489615950074042	44
-0.061350394102403	0.501124078394223	44
-0.107107607614301	0.29221732663245	44
-0.041311227458137	0.287686348818913	486
0.063027285093396	0.416776613466244	22
-0.123606378073119	0.14903420129382	121
-0.122235131003812	0.155816693801671	121
-0.035098331674015	0.172681502759963	121
-0.042026535294929	0.167618117264498	121
-0.039059188666403	0.167843938439159	121
0.00546378211927501	0.287069791250976	64
-0.120557192965985	0.159006819090808	574
-0.040723459300082	0.170099779410914	574
0.00164705326707404	0.289677531271216	33
-0.032015963147383	0.290955241490848	282
0.121155457408384	0.194170392898925	282
-0.116361282930557	0.155562675795945	91
0.000700409597563012	0.290000287718491	1365
0.115179128858511	0.434825154500893	194
0.045218035338362	0.286672636531447	372
-0.036202117766367	0.172742420349666	372
-0.119176342498063	0.159173674782741	372
-0.073525267360228	0.283245131342138	129
-0.044659740996032	0.284540179534652	62
0.011063430377025	0.415699987861696	159
0.034871212263036	0.430981787185238	159
-0.056549098450981	0.493565936321971	159
-0.121973505477099	0.152710361725204	120
0.12365390775712	0.198464355288851	120
0.106002499437182	0.423875441028326	84
-0.037613506648779	0.284088680944501	84
0.019774504570707	0.519284909696599	1486
0.110436288714214	0.420952846818607	1486
-0.00117628960931299	0.281255844341361	3
-0.036930131428388	0.172876337095916	3
0.123044328046606	0.301801827558271	3
-0.123362269041447	0.155728468588177	3
-0.039094753388491	0.289242523452116	36
0.019371644055998	0.742838750906589	202
-0.091712900085278	0.547534998705312	44
0.039936004615637	0.619524105981092	2139
0.056272340151018	0.617250901567606	22
0.046189813042084	0.427315732587958	486
0.047664113945125	0.291773372429919	486
-0.120557192965985	0.159006819090808	442
-0.044218597272212	0.167900327425104	22
-0.031412550451808	0.295206010880305	121
-0.00474176729120401	0.292669722643279	121
-0.081462256655058	0.302290614312515	121
0.10428891632612	0.419707863639895	121
0.045218035338362	0.286672636531447	121
0.046440556842592	0.292733794279044	121
-0.092946158687331	0.388105692465686	121
0.0463505025820981	0.280595987272501	121
0.049927197089177	0.290204783160795	121
0.124214008916153	0.206232457822621	121
-0.037471701831022	0.164473276431771	121
0.067483167838663	0.416514962356245	121
-0.057413483506004	0.294240043752089	525
0.070020191386323	0.412678301592262	525
-0.083189640673355	0.299089610483777	1351
0.063471024390501	0.530929407650338	64
-0.083987229452559	0.303582964085192	64
0.013102129830968	0.42520888614408	64
0.068517245027429	0.418909302167801	264
-0.050189503942245	0.259131514861925	264
-0.041819201429834	0.166345325053339	261
-0.039709773909628	0.170493638317434	574
0.124771021919602	0.197435251980405	574
-0.124491702030657	0.154250432471742	119
-0.037967020081279	0.167801448279283	490
-0.038602253259392	0.171369029815336	119
-0.00134891292892397	0.294737089433561	119
-0.01284242757328	0.421931085625421	282
-0.113483142277935	0.284211447803956	282
0.023358246990568	0.417788379665568	33
0.117734778175025	0.564251434890683	33
-0.035570795484928	0.281477681433063	33
0.048982368814764	0.279935428935906	1365
-0.113382704169807	0.306943614311444	372
0.000844094122064987	0.29519696080701	372
-0.087529670263793	0.300447295878501	129
0.121533213566916	0.564434098240343	93
-0.0382294499015	0.298105676758091	24
0.109896602126012	0.399225507599795	24
-0.040579517161759	0.55829219175424	24
0.07617492899533	0.553274407311647	24
0.053483346238642	0.517096270380903	6
0.02535005142556	0.656757396549865	6
-0.016541122876402	0.491412758198107	110
-0.083789672605886	0.424442044838408	159
-0.00968179207624797	0.398658863576797	159
0.08914280463208	0.527214681100673	159
0.071414693601725	0.439471454506274	159
-0.081298957716677	0.289967912737128	159
-0.119176342498063	0.159173674782741	159
0.124214008916153	0.206232457822621	16
-0.038036464163298	0.171991450715647	16
0.12365390775712	0.198464355288851	16
0.047482578368232	0.294494542243722	120
-0.037308230429795	0.168894757905337	120
0.124214008916153	0.206232457822621	120
-0.041819201429834	0.166345325053339	120
-0.036930131428388	0.172876337095916	12
0.122525783752164	0.19495039522302	12
-0.00390987107965601	0.283231565255529	12
-0.063228460560508	0.294329347197874	84
-0.076400439321708	0.2982869395305	84
0.021039320544884	0.411455879519968	84
0.042618085341535	0.53222266991243	126
0.058269432285634	0.394667468810217	3
-0.087263822440623	0.28729913524395	36
0.050197529322027	0.280037415283491	36
-0.033726739766388	0.297155836291687	36
-0.016126026671216	0.404981817614138	44
-0.122687752401552	0.14841003510805	202
0.117900015159401	0.198196728181155	44
0.120038702691823	0.194989234813248	44
0.122964300445271	0.200951799928207	121
-0.042548465285908	0.165709173447527	6
0.117900015159401	0.198196728181155	3
0.119142597747633	0.197658774394258	3
-0.08618835963183	0.303084672160642	44
0.069159466026532	2.07086858420878	44
-0.114900664115108	0.393248352280365	44
0.104587961638982	0.411219495067561	44
0.053686238739729	0.291624498502172	44
-0.091699715052129	0.288338591290934	44
-0.068061329517531	0.695990439792381	44
-0.043021403978606	0.286548468925222	442
-0.12362237401623	0.155634201329785	22
-0.093383204126922	0.512726213078582	121
-0.095726432177719	0.395660819479737	121
0.116004798249059	0.538002050038056	121
0.076704112596277	0.631518364544153	121
-0.035826103360814	0.17167260536398	1276
0.120956729636381	0.198581629955028	1537
-0.00418299861732202	0.279176711176745	525
-0.106723510046002	0.284379091139608	27
0.124908855652447	0.431700534261112	64
0.050281622052099	0.285135254986271	264
-0.023086364588008	0.410823830344117	261
0.017112911237282	0.428064081895026	136
-0.120464031595932	0.393271446439147	954
-0.061729074120973	0.421012447125551	46
-0.085648707408698	0.29976595138844	129
0.084160369238468	0.698259010388133	129
0.115028364040837	0.662174416089181	129
0.060600229998966	0.620303436173104	129
0.056126716093621	0.294550678371805	129
0.102365923182257	0.721673878040574	93
0.052093123988726	0.284074222189826	93
0.00613243895894	0.41878025715688	24
0.059517430136094	0.285373125291951	2207
-0.123372345595721	0.407524693823435	6
0.0302656375827171	0.533010763073545	6
-0.067204846823905	0.414967242189299	110
0.074081164376737	0.741351102575626	159
0.00257295096337395	0.58845053298113	159
-0.117734133706562	0.153594378069888	159
0.0673453812091061	0.600900535661739	84
-0.040285987752178	0.421353524779815	3
-0.036404679099769	0.297103323646125	3
-0.12362237401623	0.155634201329785	3
0.124214008916153	0.206232457822621	3
0.045578696259824	0.286545141472743	3
-0.037967020081279	0.167801448279283	3
0.001365482584615	0.294366975706195	3
0.122525783752164	0.19495039522302	3
-0.036731292294434	0.660537646631165	202
-0.11991973658452	1.2849550086526	44
-0.117006853965379	0.303940485998862	44
-0.073128957801387	0.270407318448527	442
-0.043803643066156	0.285923467735746	442
0.041876431145533	0.533913665502111	876
-0.034534618313873	0.174260018652835	22
0.056126716093621	0.294550678371805	121
-0.03113884292048	0.423742457569503	121
0.124214008916153	0.206232457822621	121
0.101125508257208	0.789165563339636	525
-0.015598916244716	0.515584759890319	525
0.12365390775712	0.198464355288851	264
0.00627585427168598	0.281310448697205	264
0.111252151646655	0.711244101013569	261
0.120038702691823	0.194989234813248	261
0.124214008916153	0.206232457822621	954
0.0451304781636121	0.291244447307084	1365
0.000144723872523955	0.292349613140484	1365
-0.016337121474224	0.55974513372635	1365
-0.083987229452559	0.303582964085192	372
-0.097828932941385	0.529305679618249	372
-0.030766990206842	0.414814134269441	372
0.120558833311677	0.545647388444669	372
0.015636178045468	0.842034479666906	129
-0.028042685066322	0.507378438038195	93
-0.040723459300082	0.170099779410914	93
-0.035826103360814	0.17167260536398	93
0.124214008916153	0.206232457822621	24
-0.022799287565887	0.42044499625758	24
-0.060045544225398	0.487126132839384	24
0.074350859602345	0.435861301852283	24
0.066248319058819	0.431646323018838	24
-0.116361282930557	0.155562675795945	2207
0.119713851501106	0.199126209354249	6
-0.073116447728132	0.588477782275455	6
0.124214008916153	0.206232457822621	110
0.124214008916153	0.206232457822621	12
-0.070374052442586	0.617615517583615	12
-0.036930131428388	0.172876337095916	84
0.046633630235187	0.284866857044243	3
0.124771021919602	0.197435251980405	3
-0.032331775181086	0.170519727060441	36
0.00955010452810601	1.25622256305492	202
0.014989718303801	0.850218155667711	202
0.006813222478665	1.22659731881484	202
-0.00875671706173098	1.84609970090895	44
0.086644654431104	2.01614736030317	44
-0.00295212476485901	0.28262975145687	44
-0.10358976318913	0.287904355884433	442
-0.040358800921977	0.165458043284872	442
-0.040113472453478	0.512720289165569	121
0.111882726403815	0.431591180014998	121
-0.039709773909628	0.170493638317434	121
-0.00604564906216099	0.432341588509483	121
-0.076604192550463	0.531332359374023	121
0.020148043534108	0.422292050860941	121
0.046438498902845	0.285029867460556	121
0.061070348036289	0.408229804960127	525
-0.124491702030657	0.154250432471742	64
0.122417219153015	0.434942283349074	64
-0.094395094494237	0.41825666870177	261
-0.082240942590603	0.293882468701732	264
-0.065631145599994	0.280576719066104	264
0.107577375603976	0.572565928262456	264
0.124214008916153	0.206232457822621	85
0.12365390775712	0.198464355288851	136
-0.00300554568133099	0.284750699506686	119
0.0789925761324231	0.546654014550315	954
-0.057419533651846	0.491484545837083	954
-0.032868208908604	0.170805479480064	954
0.0358688774699401	0.424471763935381	33
0.062097304156838	0.632831871393675	33
0.113540103150254	0.425926342978149	91
0.06892879272583	0.527995262026553	91
-0.007481371561112	0.415281148868633	33
0.00767647974604602	0.524529846296115	46
-0.10854820374999	0.403800803874131	46
0.04671383291068	0.288061043605768	46
-0.123067314757596	0.155900786767803	46
0.00873451743044995	0.284204196713968	46
-0.114352253834133	0.299889814803772	372
0.114151516423899	0.435904738344132	372
-0.051731620189767	0.293045227670795	93
-0.060109669784157	0.413369466937487	24
0.035204888613005	0.429466933504606	2207
-0.100053307553612	0.375376487537622	6
0.05592998787332	0.695717825929163	159
-0.016616545324083	0.578323403095892	159
-0.076724708110762	0.395537997544953	159
0.119516285271966	0.290829048702316	12
0.124214008916153	0.206232457822621	427
0.120038702691823	0.194989234813248	427
0.102261427319161	0.656692435283322	126
-0.00418791498643001	0.531873198557791	126
-0.102723477346289	0.297108399839398	3
-0.089582759750966	0.297003554293273	689
0.0565212452973371	0.509551082933935	124
0.00657509866693196	0.292251453978166	124
-0.045889823782064	0.163746990319039	124
-0.038608374487007	0.284403939414138	537
0.094090430853254	0.526249716736258	36
0.010195944833982	1.34306640396505	202
-0.101825081801095	0.782467872586816	202
0.081589801470808	1.26895026433801	202
-0.119818119424922	1.36272228700295	44
0.02215493309146	0.733000640000465	44
0.015420647539786	0.756851068974905	44
-0.057846588764612	0.593648109167317	44
-0.035873802546215	0.511976205833139	442
-0.029780522378613	0.41429652581178	442
-0.035826103360814	0.17167260536398	22
-0.019716249814031	0.522641146995675	121
-0.017040300044544	0.412030455466866	121
-0.107903372820415	0.305884233269384	121
0.124214008916153	0.206232457822621	121
-0.037497036647594	0.170193407126297	121
-0.120557192965985	0.159006819090808	118
-0.028740503814827	0.289978437507415	118
0.014810441802882	0.499670462881664	264
0.039818134385346	0.623897215586715	264
0.117677704387744	0.637332417937681	261
0.119713851501106	0.199126209354249	85
0.084718983041606	0.502354822227868	136
-0.039467948911689	0.297110761516601	91
0.016832686486008	0.425681257887573	91
-0.00120542601780699	0.296372187007938	1365
0.077429992585629	0.432958130388277	372
-0.03450926709356	0.294045381892758	372
0.00823209891533305	0.425518120896841	93
0.00183489199934705	0.527358773854531	24
-0.076474934084034	0.423653145181746	6
-0.031200295635163	0.505181026409021	6
-0.033971939855861	0.167115678051664	840
-0.062507169605792	0.301647830751361	12
-0.099491564081692	0.299316773744775	12
-0.113107389165149	0.372339716877099	84
0.084264077332755	0.426661553090376	84
0.083518056718802	0.536153802311621	126
-0.099491564081692	0.299316773744775	689
-0.032855663342588	0.417234820957863	689
-0.00544355079757097	0.281386122787325	2006
-0.034534618313873	0.174260018652835	2006
-0.039169069755149	0.164689225911664	36
0.104337449127529	1.99604557324163	202
-0.044780538978864	1.9065971487089	44
0.026355969702259	1.87319042300333	44
-0.098341689860263	0.302701364258356	44
-0.040358800921977	0.165458043284872	44
0.022219697675801	0.672784400990246	44
-0.123332889696633	0.447514225912932	442
0.121852570339308	0.195889917983624	442
0.039344858385174	0.732713344204656	22
0.00657509866693196	0.292251453978166	121
0.00207744481935002	0.636578931035928	121
-0.025858922795994	0.158031827271573	121
-0.123362269041447	0.155728468588177	121
0.021492297526961	0.505596702876466	118
-0.026303873224198	0.674938088378642	261
-0.014983476417774	0.396885858661443	119
-0.032128145953359	0.166483758321827	119
0.096211247517488	0.700172195135947	91
-0.121703694457951	0.153402494024623	46
-0.11318837493741	0.453213980363009	372
-0.034534618313873	0.174260018652835	93
-0.122826738739131	0.440180332348069	24
-0.047916584098843	0.259420478399768	24
0.05069286155493	0.272044173721352	6
-0.115402013060062	0.447695207975464	6
0.08152254094624	0.520606295525101	110
0.041977765286451	0.700001164176437	6
-0.052761680843435	0.544428070155028	159
-0.118980434923655	0.286075463696153	76
-0.120301540210331	0.158166969036568	530
0.123096620587683	0.199573646617747	427
0.05263895780017	0.296119387926464	347
-0.107949599902044	0.308001746942151	126
0.00489373075756305	0.407427660422656	126
-0.105877198121315	0.464492514613583	3
0.051419481314169	0.29712546877219	689
-0.124751377390408	0.155544577577489	2006
0.122199190662619	0.193384296072582	2006
0.088662759256335	0.641038349174158	36
0.051056781746162	0.293419649553655	36
0.00464331090780501	0.934417864545633	202
-0.114523051140887	0.70991673319905	202
-0.102229316726069	0.616741007842007	202
-0.020011327824608	0.972577430087546	202
0.0771527638735801	0.698061526723993	44
-0.114434978025496	0.275069263443438	442
-0.120811745002696	0.156191821969848	22
-0.045889823782064	0.163746990319039	442
0.056126716093621	0.294550678371805	442
-0.12362237401623	0.155634201329785	22
-0.00660333155100001	0.529461352279907	121
-0.065937165779177	0.496184337275259	121
-0.036853825639998	0.282940485501585	121
0.07394727097462	0.430103014534611	121
-0.035826103360814	0.17167260536398	121
0.049833947167705	0.290603519042703	121
0.124214008916153	0.206232457822621	121
-0.032180879661597	0.475202786323403	118
-0.12362237401623	0.155634201329785	261
-0.107649000417909	0.29852105142596	261
0.122404875111649	0.199001544034778	308
-0.042026535294929	0.167618117264498	85
-0.039709773909628	0.170493638317434	85
0.0487031907093241	0.295664408857857	85
-0.034586062752088	0.283575844466916	119
0.094170878538287	0.65646993880266	119
-0.021216472167205	0.283924873444966	33
-0.119176342498063	0.159173674782741	33
0.0264222046761	0.617108755749564	33
-0.05313464199599	0.549055974688956	91
-0.00718864724676999	0.273893808491764	33
-0.106066772015617	0.299531016877336	372
0.041447481103155	0.532467877352086	372
0.00315398124371702	0.294950863477462	372
0.117399791698194	0.286904925883121	129
0.120370705468432	0.433924121382766	93
-0.036202117766367	0.172742420349666	93
-0.041360338660548	0.421051992239191	24
0.031826095932659	0.708011743815424	24
-0.062236418090029	0.301461884978506	6
-0.11083674367339	0.303264413497556	6
0.019083278026533	0.715343574582735	6
-0.120366203740759	0.400907129535258	159
0.084029047335332	0.716457047024384	159
0.122964300445271	0.200951799928207	427
-0.032868208908604	0.170805479480064	12
0.076460801499688	0.432256978192414	12
-0.044320650587929	0.426246787124199	84
0.123422381438193	0.298589421519288	347
-0.059932919282601	0.49084247993043	3
0.064978051202788	0.626876616666099	689
-0.123227223837446	0.298018044972364	689
0.124310399004356	0.303370466158071	3
0.086790776463211	1.92535879864226	202
0.012297381376978	1.66129704810789	202
-0.010424894130362	1.0754938536931	202
0.029350787444679	0.677700381149578	44
-0.043037620921186	0.423344551026737	22
0.00321324705081505	0.583933012427587	442
-0.123319863499905	0.152001597929328	442
0.073936346994586	0.423085460139946	442
-0.042355754521895	0.276563806708524	22
0.0415640998599019	0.280812677421613	22
-0.078860357136183	0.399290777774576	121
0.020435983426436	0.66656632591969	121
0.02226208203919	0.670346301154581	121
0.097412261747838	0.551070938322061	121
-0.02407872412301	0.420198284880882	121
0.07131851786095	0.770158534927994	121
-0.113178830371652	0.286962942102682	121
0.0129003282261549	0.921314630598951	121
-0.045318133297596	0.163671020678652	121
0.067637710389536	0.411490908238841	121
0.047664113945125	0.291773372429919	64
0.117153196572844	0.437530222323671	261
0.082204898573343	0.537396156551201	261
-0.000290113467681985	0.504814029567981	119
-0.040519178057718	0.29673653061103	33
0.069537284733633	0.701739547934706	33
0.120618011944137	0.735732964340404	33
-0.091316080182633	0.297603742344735	91
0.058120510640482	0.620266228410379	33
-0.044218597272212	0.167900327425104	46
0.052248686003936	0.552502665516589	372
0.060127700716794	0.578685126698155	372
-0.016592946389056	0.567029158738036	129
-0.050167630458867	0.40121883927216	129
-0.035751925134977	0.487220353486885	129
-0.122495676028919	0.154381087768881	93
-0.008545716726435	0.497128424940538	93
0.011828233577268	0.414694009591208	6
0.026432078817104	0.512197723255467	6
0.048489900281096	0.545499551110762	159
-0.119984649775975	0.153305357422704	159
-0.036930131428388	0.172876337095916	159
0.04828979748773	0.534980340473306	12
0.067360398084828	0.811492140862845	347
0.09823580329283	0.555388371808511	3
-0.0382294499015	0.298105676758091	3
-0.120232689632207	0.292256875994416	537
0.058937824883087	0.685739942936169	44
-0.121077725958211	0.699554637694995	44
-0.10684404681302	0.630190033516995	44
-0.075092606705117	0.483495864282655	44
0.054556638903582	0.698990671139813	442
-0.097841843202604	0.473366046708227	442
-0.030823745889958	0.562566388176686	442
0.0237964147454191	0.511120525394926	442
0.063418079320313	0.548307991717901	442
-0.103782513862929	0.287293828986689	442
0.017122192024157	0.434985288105949	442
0.0566028812531481	0.670715956220283	442
0.086585025553599	0.546259852912376	22
-0.055967152403711	0.397733451322684	121
-0.059443364484776	0.417821062823299	121
0.038936554544419	0.424408730597791	50
0.034871212263036	0.430981787185238	121
0.0479799458590881	0.522357293218496	118
-0.094922234940116	0.419998729111991	118
0.036705336055973	0.60832557198415	261
-0.03995564024174	0.287821179587485	85
-0.069877176696419	0.280071049482591	85
0.100916167843159	0.392969448576663	85
-0.034045466068999	0.413832698196916	119
0.00821279150543897	0.526294662156017	33
-0.108724789674445	0.386960993011904	33
-0.015239820467244	0.410115178335614	33
-0.011862700706803	0.404520563556764	33
-0.116940113044895	0.267029390188753	46
-0.117944613417164	0.398402045475841	46
0.087978668350244	0.765654442385559	129
0.068179441498165	0.422967672732092	129
0.000990067111595994	0.294943632410782	129
0.109518512109445	0.738296845560106	93
0.060280099286105	0.703282305598369	281
0.073990076163415	0.671507317844566	6
-0.028684513281344	0.420340113727623	6
0.045611215041657	0.428094866076688	6
0.091114042708348	0.541667736700614	6
0.117686345264328	0.292214007231907	159
0.046350697069353	0.294881252751306	159
0.017648823762207	0.428601474923836	159
-0.058979519335602	0.297923453706451	159
-0.060933525908966	0.296727743158278	840
0.00367013676018901	0.292212391396416	427
-0.042361047359974	0.287304659463488	84
0.068219640548836	0.426732314712412	84
0.101329356914506	0.55044009666632	84
-0.074905396827593	0.407766318004359	3
0.081519724504865	0.52630599048653	3
-0.042845678194016	0.405584456745978	3
-0.013985787513973	0.570812151071692	3
0.01408416947833	0.52657822669411	537
-0.086514051740836	0.55401539592889	44
-0.105548215791734	0.47164921378684	44
-0.007484153761802	0.267611689559325	22
-0.027759849569599	0.415037522222097	442
-0.101693570782871	0.399700715418764	442
-0.10956767201381	0.303367833157306	442
0.038469639413043	0.609555919336139	22
-0.045758237971775	0.415241584371015	121
-0.073270244622072	0.412408496816511	121
0.04664154018195	0.5475313204139	121
-0.00507432026466398	0.524400368185118	261
-0.015598916244716	0.515584759890319	261
0.06978799110651	0.63266669930704	261
-0.024434048563554	0.574821165069631	261
0.037770991080433	0.43385333674401	85
-0.029987094166451	0.413446370926963	119
-0.09977026358883	0.299423698473702	119
-0.065567213807968	0.425444662849314	119
0.058191084237465	0.698789919688869	33
-0.11725186503269	0.292936678466796	33
-0.058143883756862	0.431508883853543	33
-0.109106167993352	0.30018161687533	372
-0.093695507494797	0.285459569567513	372
0.020058099623405	0.52742789863473	129
-0.055096293238592	0.4122513938276	93
0.00972836088331197	0.526378562171297	93
-0.071387214509042	0.414765552433843	93
-0.065434514267433	0.292801184040961	93
0.088079565960604	0.629951731636177	281
-0.052529592669219	0.649776237111215	6
0.066116748827529	0.405139104066552	6
-0.082608383512739	0.302556056752103	639
-0.081522218428727	0.299308150132506	6
0.119713851501106	0.199126209354249	159
-0.110518147152203	0.305761462603493	159
0.0211243869982169	0.529135142988289	159
0.120046022090506	0.546593976450451	159
-0.060933525908966	0.296727743158278	159
-0.03325896799048	0.397814795740855	347
0.123276751534072	0.299808404948194	3
-0.103226217328054	0.305183113823008	3
0.041983353717677	0.422460255929683	3
0.015951619572338	0.42480436604794	3
-0.00695414726485499	0.41395205168746	3
0.06624183771563	0.622300828736375	3
-0.000662327355139991	0.286286505380626	537
-0.105029372881636	0.457588829433848	44
-0.107094089833704	0.305466562472241	44
-0.080477866720443	0.297561267547591	44
-0.095325800157344	0.414626625893046	442
0.078549503983157	0.426560686025009	442
0.062818657374882	0.51137819219283	121
0.028106000767351	0.517118024549424	121
-0.021942984533677	0.515263035416714	121
-0.07413377140663	0.417904243632447	121
-0.067303391452599	0.42460393822882	121
0.056602035103574	0.543620512714512	121
-0.099308166653654	0.305510863126058	121
-0.066603687910386	0.280781922375968	121
-0.104712053739343	0.294719914055721	121
0.109512690936509	0.423947548084147	121
0.122944372567356	0.283598189296977	118
0.114109276827913	0.265394664916777	118
-0.042026535294929	0.167618117264498	118
-0.079886031661768	0.405417413304479	584
0.041928005392228	0.612449446295759	261
0.07247796676656	0.537316643775518	85
0.042943884626269	0.530689829208911	85
-0.036120015240574	0.413207372705874	119
-0.038978018539722	0.163501934089353	649
0.122055310155024	0.300691344772246	33
0.123969567046325	0.293177523766052	259
0.122404875111649	0.199001544034778	372
0.114211710593283	0.2807156101438	372
-0.116611846718139	0.151065069990532	129
0.034871212263036	0.430981787185238	129
-0.049953954709962	0.394780534124028	93
-0.033432025892266	0.174191346332386	281
-0.035826103360814	0.17167260536398	1146
0.119713851501106	0.199126209354249	110
-0.037474173364253	0.429957851917249	159
-0.123056233918495	0.296097018903135	159
-0.120367293747267	0.288150637102174	159
-0.042571204205899	0.274435539454511	12
-0.024148286814827	0.417806915948204	12
-0.103257176757513	0.298366082424813	427
-0.063167010065903	0.423430445411473	347
-0.065218337370409	0.29792769139046	3
-0.046609127101118	0.415840980165425	3
0.075888843617124	0.428645001811945	3
-0.105735918227515	0.301427643857533	3
-0.042548465285908	0.165709173447527	537
0.07338448528283	0.433797069112468	44
-0.036840879089229	0.415357471106541	44
-0.03019526242706	0.502805351730528	44
0.123438978977618	0.569940912117481	442
-0.044082589208046	0.41750348311133	442
-0.02527874441036	0.410320247234484	442
0.080878990384512	0.63602790195752	442
-0.070562066370528	0.410673626852934	442
-0.027726375528696	0.427343056977189	442
-0.038330640048983	0.273828867353124	121
-0.054580143887651	0.423765113425171	121
0.00974244216152798	0.426658849704298	121
-0.101504734260245	0.298201821300143	121
-0.015241128257652	0.403796677342056	121
0.056329341052435	0.387475672690521	118
0.016587708484301	0.434521953294234	584
-0.01109493449607	0.259997207390265	261
-0.066544183755355	0.424719698766728	85
0.0999978839796239	0.536325822459529	119
-0.118401784905186	0.298274903535	119
-0.00542408224075203	0.421833875295805	33
-0.021567415611172	0.409585604541845	33
-0.122487946192157	0.152114454916293	33
-0.036606778487432	0.292940778553231	46
-0.035826103360814	0.17167260536398	372
-0.043881185946049	0.392817845898087	93
-0.045315599248226	0.281373356067289	93
-0.103226217328054	0.305183113823008	1777
0.046474986668828	0.417564225798592	281
-0.080075412316877	0.299197185099686	281
0.114561619859878	0.555867681420142	24
0.059638125120953	0.508557766878508	6
0.11088781183244	0.659318367656045	639
0.120956729636381	0.198581629955028	174
-0.123067314757596	0.155900786767803	174
-0.040723459300082	0.170099779410914	159
0.001365482584615	0.294366975706195	159
-0.067357516100867	0.395655938333546	76
-0.060521016611819	0.290116043533274	159
-0.079586506492409	0.294745987745475	159
0.115159594619167	0.548766844689173	159
-0.08876604876068	0.288251914700102	12
0.071009053725188	0.427751689465522	427
-0.039467948911689	0.297110761516601	12
0.0814918635711091	0.525019061051202	1682
0.113123480355602	0.433779124358335	347
-0.037453999763726	0.296732847966233	3
-0.08785102061757	0.301646595518235	3
-0.12058623329808	0.297932546005373	3
-0.073244874369622	0.285698054574342	3
0.066656399001616	0.98251479092314	1704
-0.069608798038785	0.412317436999316	44
0.0683525877581011	0.855492129085918	44
-0.04009752509524	0.507024838097682	44
0.0686313746892609	0.642350161628592	442
-0.04652043876282	0.430006216376246	442
0.041281585425014	0.276362674819822	121
0.058959560975132	0.532451910349369	121
-0.057683489031775	0.293662394803821	121
-0.075115941868478	0.393794703705739	121
0.008566453526476	0.426259317834684	121
-0.121455083854694	0.307070028808426	118
-0.103612355701231	0.302993024777591	584
-0.093462684625327	0.270905622197396	584
0.00921381861884496	0.522327059523281	261
0.066248319058819	0.431646323018838	119
0.089988131173828	0.655886835239102	119
-0.00135768763889799	0.415589060566151	119
0.072672845598903	0.441867779635228	119
-0.110158038936322	0.289359346537936	389
0.0690447865452381	0.414616612839869	46
0.107456500194352	0.427506209511774	259
-0.091349751177153	0.417561191278669	129
-0.036930131428388	0.172876337095916	129
-0.06591316405709	0.415588543256533	93
-0.017501350306686	0.401332632586555	1777
-0.02634521076834	0.418923992593663	24
0.0617738879038831	0.410782108300849	6
0.036598722771945	0.613708878949401	174
-0.036930131428388	0.172876337095916	6
0.045578696259824	0.286545141472743	6
0.039478724657959	0.616487174330245	159
0.00416621921503302	0.407787131119199	159
-0.090054568880905	0.300065330689731	159
-0.015838191167318	0.414722944223983	159
-0.069873889504149	0.277132709336089	159
-0.087993908899273	0.283381598043403	12
-0.068521802198183	0.391970987432747	1682
-0.041206553694159	0.415493496597421	347
0.117731138644824	0.55190646103838	3
0.052555077346165	0.290106847673752	537
-0.031976698504484	0.884796200734451	44
0.00769134449850795	0.528803118836035	44
0.106308363114875	0.740769144145197	442
-0.024908995703234	0.42995835089597	442
-0.00678764498087098	0.529158607691883	442
0.03951694520305	0.533023871749345	442
0.067211495731233	0.631332596521838	442
-0.014151385746246	0.412998141149611	442
-0.056750602816894	0.38005692861324	22
0.050227071192293	0.606579179703791	22
-0.025306572925283	0.420155111136801	22
-0.109608741065423	0.29222613919749	22
-0.120811745002696	0.156191821969848	121
-0.108762121769708	0.305724606591091	121
0.079270986545158	0.509227771286571	121
-0.032270698582055	0.294255219125734	121
-0.063455698081792	0.292821940241897	261
-0.069680265013845	0.428536132703051	261
0.101464336543962	0.542295826513668	119
-0.090161348815799	0.279877838123167	119
-0.085648707408698	0.29976595138844	119
0.124771021919602	0.197435251980405	389
0.12365390775712	0.198464355288851	33
-0.081624088723797	0.415736761685519	33
0.069039333535706	0.549791885790234	257
0.124214008916153	0.206232457822621	33
-0.090308378450452	0.294974824856276	387
-0.00707215790628601	0.405814843916446	46
0.124214008916153	0.206232457822621	146
-0.087990142049091	0.297518657362211	372
-0.109621099431392	0.304234230798724	129
-0.00647275895417898	0.407449924965089	93
0.074777685341788	0.42424607183626	24
0.028939292446411	0.539312695837594	6
-0.124751377390408	0.155544577577489	76
-0.045798724476547	0.420776824070516	159
0.120828947628702	0.541851674677076	159
0.068192211901701	0.432547377383966	12
-0.124614005401929	0.291757164705096	1682
-0.120745082422769	0.312370358136196	1682
0.122229405633895	0.569331018022259	347
-0.042248729814618	0.270498929291948	3
-0.102717228154693	0.301592798545264	3
0.00478820215204001	0.294137905232951	3
0.049378596317642	0.420617178795366	3
-0.09027284364132	0.291962130948807	3
-0.033432025892266	0.174191346332386	537
-0.112519324254692	1.83436037398581	44
-0.011918775811211	0.559130070952243	44
-0.105574544860136	0.467299386495047	44
-0.096558431497328	0.297603244072593	44
0.118942912310085	0.546986391100083	44
-0.00884652184213702	0.411903967327572	44
-0.035895105004314	0.414747099626193	442
-0.008175281650243	0.521006081428047	442
0.006580406835621	0.523118922619589	442
0.058653614431832	0.634048291521091	442
0.115448141231508	0.744611246991987	22
-0.115556159861872	0.152198714847782	121
0.0661665441817459	0.550584580998951	121
0.105721337548215	0.646439045978796	118
-0.116486398965348	0.305306865131492	118
-0.00640323892217998	0.43118140427947	118
0.071682947313815	0.622073345339268	584
0.0394666544593369	0.526441589335196	138
0.053720719098742	0.547216033932076	119
-0.113282131926175	0.150300714592522	33
-0.061785960008708	0.298929869022404	257
0.016910630421147	0.530322275792709	372
-0.032128145953359	0.166483758321827	372
0.12365390775712	0.198464355288851	372
-0.117473305526253	0.270449223641658	372
0.064150599590122	0.543498162916196	129
-0.048393236371788	0.274799369949602	93
0.108310645722712	0.41913661945068	24
-0.065087445615301	0.397761043232564	281
-0.039639530828427	0.391355453575171	281
0.00821194424001403	0.287503430267438	6
-0.029386915670719	0.503526655327038	639
-0.086266282999956	0.298400168006166	174
0.112023006882005	0.53961981157664	174
0.018637786138075	0.419908497483372	174
0.0655368058240831	0.422362932584167	174
0.124544532866297	0.19581541349256	1096
0.115699351804993	0.425163601484528	76
-0.00487338809183102	0.422684734032431	159
-0.065434514267433	0.292801184040961	12
-0.002040163909522	0.515305620423399	1682
-0.026407780306792	0.510486295040881	1682
-0.00369579048157898	0.408817521757806	12
0.074478111656109	0.426090988767129	347
-0.00435826948407603	0.431686683628073	3
0.124214008916153	0.206232457822621	3
0.074644510457095	0.438010774209298	3
-0.031728328385941	0.419744219145615	3
0.116127036062711	0.435409508981877	3
0.08745342254206	0.55147888242712	3
-0.088218447675932	0.286974824326839	3
-0.112583103616785	0.29784274404529	3
0.044362261296242	0.284717797384015	537
-0.023439965146561	1.15012647645694	44
0.039606673025289	0.659071905465382	44
0.118671344011006	0.652505742538498	44
-0.063813990352801	0.577830327834812	44
-0.122220277976482	0.302960075089343	44
-0.025335056603815	0.426936200313389	22
-0.101826502017783	0.297900494144639	22
0.083594735500279	0.426741578693069	22
0.038769786059445	0.429796292374076	121
0.00797211398645403	0.409616903039393	121
-0.066139193363208	0.283568943975451	118
0.07617364601467	0.433087754943438	118
0.041875985683192	0.429998131309588	118
0.00714609693592105	0.400388301532175	118
0.037962259315134	0.431202642599458	118
-0.06602654846634	0.29813562563181	138
-0.094338668932151	0.29917283248704	138
-0.034238528713563	0.403458588734856	389
0.122578305700471	0.5709346420847	389
-0.036930131428388	0.172876337095916	389
-0.081601860080035	0.290372651677586	257
0.041376548621857	0.273783211398278	46
0.122199190662619	0.193384296072582	33
-0.041452459608294	0.166540477166596	33
-0.041724342425918	0.419043912133675	372
-0.031027002951988	0.169220794241098	372
-0.036202117766367	0.172742420349666	372
-0.124238712638936	0.289427812252375	129
-0.049497538975981	0.4094427889965	129
-0.010083740790068	0.425143568794997	95
0.123365476649655	0.427134426609731	95
-0.062814103915277	0.427191929571402	93
0.00467457793301795	0.279827492291553	93
0.033030633723192	0.421249330852921	281
0.1244098144478	0.298646442964005	639
-0.03287585976514	0.29703105749379	76
0.0487031907093241	0.295664408857857	254
-0.036364261704742	0.168630626525818	3
0.084028059157088	0.528840877375532	3
0.0793991719978861	0.432006302141561	3
0.082589831263058	0.429140253363901	3
-0.028487356461953	0.403873186849771	3
0.12365390775712	0.198464355288851	3
0.077253408425816	0.67117074939601	1704
-0.00898776307565902	0.564369664234158	44
-0.00340563572757902	0.284754857996633	44
-0.078657672767565	0.412592774324499	44
-0.021928466570431	0.428083389499712	442
0.05939025548571	0.538273395399133	442
0.012626231153111	0.538434600584598	22
-0.04511268967283	0.49613946024721	22
0.101431086902327	0.547827480705188	22
0.081780581149787	0.427541575481914	121
-0.117138344885156	0.304011231460081	121
0.033969736545165	0.511021958846549	50
-0.112080766270081	0.298467911086258	118
0.117686345264328	0.292214007231907	584
-0.124820485078393	0.306692867705982	118
0.0521858018549291	0.293049827069017	138
-0.110812288686952	0.391015983403987	119
-0.08226632770688	0.399385477581861	119
-0.039088971581649	0.294226544904685	119
-0.022906842955931	0.402887869167694	119
-0.080874825369962	0.396574919374229	119
-0.118053473987344	0.158440404544565	169
-0.120301540210331	0.158166969036568	33
0.119713851501106	0.199126209354249	33
-0.043121393112504	0.168759010980697	372
-0.039059188666403	0.167843938439159	372
-0.053713584843624	0.292133397050324	93
0.0307424789406771	0.565999930105705	93
0.019959968952827	0.426648107656184	24
-0.036364261704742	0.168630626525818	24
-0.035639537940514	0.170348743224255	24
0.041011646503571	0.432769779615244	281
0.124340245880256	0.195846510231883	281
-0.067477879075865	0.297791572367391	6
-0.039279849277239	0.297733229378102	639
-0.086647149020843	0.295273630100601	12
-0.107270686146466	0.300064212626874	12
0.064075205216292	0.543504059651387	12
-0.00093926012177098	0.291957594115593	12
0.116462082267298	0.280652474664773	254
0.091002585287255	0.533188803404777	12
-0.089718403161116	0.460584812895057	1682
0.091365156311771	0.559319936594326	347
-0.074246266764207	0.284202468917467	3
-0.078096735221877	0.264047985183767	3
-0.041146632096738	0.282748600765765	3
-0.109773944950023	0.307222455260658	3
-0.123135176237677	0.301759547496946	3
0.050287171645517	0.295536108625749	3
0.049927197089177	0.290204783160795	86
-0.023888414229593	0.894765945462767	1704
-0.124534246186242	0.387320483501361	44
0.062071383294679	0.534851003999351	44
0.044324915611253	0.535952401068024	442
0.078953992647277	0.526085580080211	22
0.011913692895664	0.535282808149809	22
0.015070298416382	0.421814884035543	121
-0.094756546843233	0.295327606241776	258
0.080106859620363	0.43493181686608	118
0.05296978799034	0.424132988053756	118
0.00883360845069103	0.404062209489935	261
0.098121845436369	0.635754263870141	261
0.0299660556285341	0.54412395226643	261
0.0440849948422169	0.287005216812903	138
-0.10997712367542	0.304753577505265	138
-0.09200047776891	0.280144337930909	119
-0.07298601914827	0.286416647286615	119
0.053775540277902	0.292880691481071	169
-0.124104733170076	0.306110441495713	169
0.015319459782984	0.42870917363911	33
-0.100579207988657	0.298143667334398	257
-0.061237542877259	0.296198926439896	257
-0.089797558625293	0.288416558063457	257
-0.121973505477099	0.152710361725204	372
0.0164307186961981	0.4307226786107	372
-0.035646400409403	0.286419512194726	372
0.032302460784002	0.414378971050978	95
-0.07401570067228	0.278105627337782	607
0.124214008916153	0.206232457822621	6
-0.038602253259392	0.171369029815336	6
0.107456500194352	0.427506209511774	76
0.052555077346165	0.290106847673752	159
-0.035164658607345	0.299287240872406	425
-0.044456250524741	0.284344691037911	425
-0.037262081301864	0.296145191658899	12
-0.00677315821166002	0.369410908786605	12
-0.042548465285908	0.165709173447527	12
0.110973050611829	0.432300060055343	3
0.049925046407139	0.294673712239491	3
-0.00205598861968198	0.28220131082862	3
0.04314880918407	0.521134635910271	442
0.065241204440443	0.530807296947242	442
-0.064793481029991	0.293592703947271	442
-0.0382294499015	0.298105676758091	442
0.00843032733606197	0.410101637940566	22
0.035188055061748	0.733569930543403	121
-0.049643529563154	0.413081527735015	121
0.115699351804993	0.425163601484528	258
-0.023284639948715	0.275841091479543	258
0.045273346715458	0.427732461489223	118
0.0116016490165179	0.288027938193162	118
-0.122017373811909	0.287600468577555	118
-0.120022078156664	0.29149029984643	118
-0.058145027483363	0.48564414682983	261
-0.039709773909628	0.170493638317434	138
-0.03747606513756	0.416685187949856	119
-0.112810350053285	0.307127861865016	119
-0.045052101564906	0.431922653155393	169
0.040856461593107	0.518043700042941	257
0.0412866598592611	0.269145918383789	372
0.00207232918540701	0.296454728338625	372
0.0454982361902671	0.286220067640577	372
0.115179128858511	0.434825154500893	129
-0.000998587528628025	0.477605982419735	129
-0.093196936529058	0.381883871313024	1239
-0.124294438270587	0.308864598708659	95
0.09158704705626	0.558510170137368	95
-0.043121393112504	0.168759010980697	93
-0.08492601428679	0.304964965521466	24
-0.091996223403701	0.383812191716854	24
-0.05747034551182	0.494484335470909	6
-0.105136436591582	0.30321329768831	6
0.093863848592946	0.545130581191276	6
-0.120142722057533	0.303507402940282	6
-0.090373085804695	0.298254535889233	6
-0.062653194183432	0.29266234361997	6
-0.094622232204146	0.401561927161041	76
-0.111400084352607	0.406908278009569	76
-0.038036464163298	0.171991450715647	12
0.0442838750532371	0.282279108977611	12
-0.080152496335943	0.295604453666233	12
0.045578696259824	0.286545141472743	3
0.017321336834732	0.595128420833038	86
0.0171209568280269	0.902049959878908	22
-0.078822300325606	0.419688937193922	22
0.059425331351511	0.272894568912939	442
0.075491317901479	0.428885751937151	442
0.041534833824068	0.436992928427335	22
-0.091400505384969	0.286671540095389	50
-0.1202338258117	0.148841108603212	50
0.118956963884695	0.442441000712669	118
-0.074813961526823	0.406975868702371	118
-0.110481849031831	0.401093876272699	118
-0.089705207364272	0.411203842474545	118
-0.043646803478321	0.161648474248048	118
-0.00853858433403798	0.27849320617067	261
-0.036930131428388	0.172876337095916	354
-0.119408441491519	0.264103843765571	119
0.017448292815656	0.591472543571478	169
-0.041981669921095	0.391161603628252	169
-0.077338044385271	0.30009660780066	372
-0.015720190686925	0.419821686059956	129
0.017378296655718	0.418666322586876	129
-0.054035330327882	0.509757764720422	129
-0.08450858792523	0.407285819114645	1239
-0.075474601735792	0.411072488769757	648
-0.038908333394864	0.289278754297356	93
-0.060933525908966	0.296727743158278	6
-0.068007497153889	0.296899741198705	6
-0.064434742240742	0.291654275120337	6
-0.00474176729120401	0.292669722643279	6
0.01087938914327	0.415211065554853	6
-0.058987954959949	0.295238480725331	76
0.122964300445271	0.200951799928207	425
-0.038036464163298	0.171991450715647	12
-0.100092106438102	0.273446617009045	12
0.074644510457095	0.438010774209298	668
-0.113266323234524	0.296649507084244	11
-0.080878278463312	0.296686478021104	11
0.064996164842356	0.409253565386658	3
-0.104819949940052	0.391786138908615	3
-0.027493060333625	1.13068744195011	348
0.1189456624435	2.34206738016813	348
0.061762715741541	0.528858399547403	608
0.115511369072387	0.440255473983601	22
0.064019742153015	0.707605317698181	450
0.045730454247364	0.803100136755172	22
-0.036202117766367	0.172742420349666	258
-0.110313149426552	0.531846199357539	258
-0.038849537520857	0.161424429476942	118
-0.00146618774561402	0.500976927148164	118
0.119713851501106	0.199126209354249	118
0.0490877890661951	0.424831718845325	261
0.124310399004356	0.303370466158071	261
-0.032868208908604	0.170805479480064	261
-0.035639537940514	0.170348743224255	119
0.048613889425142	0.287978886506885	169
0.00643524949127505	0.49645322299432	387
-0.036202117766367	0.172742420349666	372
-0.101278413893739	0.293398043975757	129
0.079123691425495	0.843928797325307	129
-0.0552479715723	0.289059356904039	648
-0.038036464163298	0.171991450715647	648
-0.077069454142633	0.274757425688365	24
-0.09510580170152	0.578077937014521	607
0.067211849079012	0.426912442454516	6
0.065073900570464	0.604981565737542	6
0.105133809706871	0.724381891903151	6
-0.028108288226021	0.625387815721033	6
0.117686345264328	0.292214007231907	12
-0.033971939855861	0.167115678051664	12
-0.008551828523996	0.428402977037717	668
0.121956753864515	0.272766929397083	3
-0.122487946192157	0.152114454916293	11
-0.040275479272948	0.165743596737603	3
-0.038036464163298	0.171991450715647	3
-0.083479008559237	0.899649150441547	22
-0.08261141017986	0.619473344971553	22
-0.107429436411755	0.551066231416226	22
0.056933599902073	2.2103281152222	348
0.043064723128048	2.3540063704731	348
-0.122794009112594	0.461543814490613	348
0.03660047479504	0.430036108239494	608
0.092646011428017	0.778011391609622	608
0.085149212777743	0.835110587653763	22
-0.036364261704742	0.168630626525818	442
0.117900015159401	0.198196728181155	248
0.120091176778594	0.289822762465679	248
0.048984243668976	0.292344867987126	22
0.119142597747633	0.197658774394258	450
-0.034534618313873	0.174260018652835	450
0.049372397584604	0.533717707516064	22
-0.118053473987344	0.158440404544565	22
0.031584013071767	0.590832706729889	22
-0.109136615511852	0.291879083862489	258
-0.03268865757297	0.167812585654534	1064
0.123096620587683	0.199573646617747	1064
-0.118609155270804	0.15218243102061	118
0.043754967324415	0.434467168473663	118
0.119713851501106	0.199126209354249	118
-0.119176342498063	0.159173674782741	261
0.099836546310536	0.706685499071003	261
-0.094939983883219	0.406864985077889	261
-0.031027002951988	0.169220794241098	261
-0.028610934299511	0.160231212088632	354
-0.039501179983691	0.609434031624656	169
0.00996188805565701	0.663407065616769	169
-0.040723459300082	0.170099779410914	257
0.121394169622989	0.436001404960553	257
0.023247110058423	0.594993477425346	33
-0.050261075030358	0.417608325288376	33
0.051419481314169	0.29712546877219	387
-0.040819584266134	0.166160604374828	387
-0.066688983789435	0.289428996749642	372
-0.098529743247088	0.262972473283722	129
-0.042555427678226	0.406280934065182	129
0.121153310451529	0.287180645153092	477
0.00122156738481005	0.590006161041598	1239
-0.03176680579702	0.170755366799563	1239
0.123278152022032	0.257282260364182	1239
0.00232470861678802	0.522565370773061	648
-0.041200831127417	0.285757127693547	648
0.025663973439202	0.521773801167838	6
-0.070617238592504	0.490683155709808	6
-0.062358138907172	0.285774503612485	6
-0.040202026878875	0.162555049702019	6
-0.062203229944106	0.524288631818234	6
-0.034156268667084	0.168359077789132	6
0.121998106062309	0.296124575620203	6
-0.029074168860889	0.682309976509814	6
0.104472541875653	0.73031049658097	6
0.039129477716185	0.96764995564543	6
-0.047888315308626	0.418540505921755	12
-0.043121393112504	0.168759010980697	3
0.048703509807067	0.287449209590803	68
0.110056547608678	0.51247193620307	3
0.065562115321019	0.420546039357571	86
-0.087545779789547	0.284637469053773	86
-0.040235559679262	0.879266290466762	348
-0.094016758822988	0.509382042884926	442
-0.103302525877964	0.776472087408177	442
-0.090743310006289	0.283848723753503	442
-0.032868208908604	0.170805479480064	442
0.0487948639640981	0.295057396433596	450
-0.120557192965985	0.159006819090808	22
0.123276751534072	0.299808404948194	22
-0.086012830109214	0.291143891801326	258
0.0537698534739231	0.294632895769422	258
-0.041452459608294	0.166540477166596	258
-0.116712706619043	0.148290241656794	258
0.120307768009221	0.543120482344923	118
-0.036930131428388	0.172876337095916	118
-0.069889571193693	0.421873271098213	118
0.06596508461277	0.427895703284955	261
-0.071840456419178	0.477333909260976	261
0.124340245880256	0.195846510231883	119
-0.058527561397552	0.429166975900424	169
-0.040153727111663	0.164240216099442	257
-0.017963686784568	0.408835332724642	387
-0.03176680579702	0.170755366799563	372
0.043754967324415	0.434467168473663	129
-0.089003101233989	0.27667107272719	477
-0.066747004864236	0.298670036963559	129
-0.00458245295426002	0.26286677957284	648
-0.033421430757886	0.407098556150298	93
-0.044260414990052	0.422937138953712	24
-0.018028587062017	0.525109128790844	6
-0.067272095052548	0.495445726646649	6
0.0415640998599019	0.280812677421613	924
0.078431449693763	0.908069137127565	924
0.012564568133943	0.284151940900968	924
0.065026963114772	0.640304064162917	924
-0.026496203986011	0.427349568365793	6
0.00222061167151999	0.293986664023388	6
-0.078877136311208	0.561466161201498	6
-0.06040393750353	0.416252361396994	6
0.124214008916153	0.206232457822621	1165
0.124214008916153	0.206232457822621	1025
-0.035454931146576	0.160093767329829	668
-0.036885478423669	0.394194915562011	668
0.106734168175892	0.426866328055753	668
-0.093653915963087	0.303496142219525	587
-0.036202117766367	0.172742420349666	3
-0.036765724332803	0.167018423711184	3
0.068598576188202	0.419624121523479	3
-0.038602253259392	0.171369029815336	3
0.032302460784002	0.414378971050978	3
-0.038602253259392	0.171369029815336	3
0.121282456265337	0.198645955133022	3
-0.00660333155100001	0.529461352279907	3
-0.120557192965985	0.159006819090808	3
-0.112992090934691	1.84483893858263	348
0.115470336200217	1.86992175971386	348
-0.106719215343557	1.29324716213146	348
0.115538315803043	1.54077208256563	22
0.115609602976716	0.431137902564026	442
-0.09546820454237	0.397570888296027	442
-0.067010064133183	0.293801904583833	442
0.050963818405619	0.290252063589736	248
-0.064961598060234	0.420488872845659	22
0.006839084263776	0.287045580992557	258
0.051056781746162	0.293419649553655	258
-0.038539097308975	0.166538731783549	1064
-0.119176342498063	0.159173674782741	118
-0.121110299935226	0.154566749667274	118
0.051335852001949	0.282556098621089	118
-0.108195598182948	0.281701796843583	118
-0.049064933872229	0.404601820085815	118
-0.107102742600456	0.404476893160277	118
-0.018944584676791	0.542772134253351	118
0.072790386483488	0.421344816778745	261
-0.038036464163298	0.171991450715647	354
-0.039145087233473	0.167586294800877	138
0.000959353957623033	0.28774082847864	119
-0.123362269041447	0.155728468588177	119
-0.033432025892266	0.174191346332386	119
0.119713851501106	0.199126209354249	119
-0.076808182715346	0.277962989777005	169
-0.063923270642021	0.283972721817989	33
0.00288609712153998	0.281466209815148	33
-0.024685527818514	0.56834929817661	33
-0.108258572512471	0.303662914160754	33
0.072124820974393	0.429081350379643	477
-0.048876532300908	0.413823107871991	477
-0.00134891292892397	0.294737089433561	477
-0.060851769459516	0.413556757342309	129
0.070418202577483	0.430592073987219	1239
0.00123476547490997	0.637054262229224	648
0.071282236229898	0.431110757872104	648
0.044377633878532	0.610078814114806	648
0.042889542476074	0.536481485778788	24
-0.096265582540341	0.439047390390479	6
-0.110158038936322	0.289359346537936	6
0.075062275652949	0.423495272425061	6
0.05141265732122	0.622642668446442	6
0.051419481314169	0.29712546877219	76
-0.035826103360814	0.17167260536398	425
0.12365390775712	0.198464355288851	433
0.069261590189363	0.527598424078541	12
0.073539138032236	0.551599155245235	12
-0.094591470065203	0.455334421657708	12
-0.03176680579702	0.170755366799563	668
-0.006931715690013	0.492660831522662	668
0.121155457408384	0.194170392898925	3
-0.070747515592565	1.30411152334824	348
-0.063804411953809	1.72388390384103	348
-0.026498337166922	0.718619206644065	442
-0.03308523199096	0.554519820570377	442
-0.11545145316246	0.453037941309409	442
-0.00415237329171197	0.428170147230416	22
0.019052935104744	0.535292270512355	450
-0.124801238983292	0.311701783841894	22
0.0854227577276791	0.540703155478517	258
0.111882726403815	0.431591180014998	272
-0.030127777113708	0.422621550413985	118
-0.054788861325646	0.399632888883807	118
0.109613420874712	0.421788972814484	119
0.010779338659874	0.422219489266785	169
-0.039630086376085	0.170045180043861	257
0.02641232060636	0.517396202601152	257
0.110681837255933	0.438273966172864	33
-0.104124233960741	0.301917291055789	33
0.027994501678533	0.528632882517143	372
0.115609602976716	0.431137902564026	129
-0.04092336366848	0.286615430470525	129
-0.1194324503778	0.158271878821346	129
-0.00134891292892397	0.294737089433561	95
-0.00581554791274303	0.427354282800505	24
0.04482348222833	0.539125311837412	24
-0.061259449904047	0.41365694072371	6
0.072425263737563	0.426550829734402	6
-0.114788958021346	0.406615672245073	6
-0.047494702045248	0.288758526038037	6
-0.03717949931565	0.295708853488068	6
-0.041311227458137	0.287686348818913	1165
0.115830485795448	0.561323467800433	1165
-0.085302157295291	0.288349555750986	425
0.073236812433332	0.429397520410596	433
0.104133429495183	0.398491399560217	11
0.056879696281795	0.518305094163245	1025
-0.072541972129789	0.414158367257949	11
-0.047236935759726	0.409814077138813	11
0.067264746401403	1.50209564036026	348
-0.077656139227189	1.17730443605555	348
-0.108542416200388	0.931639931387035	348
0.120309243204241	0.847568642850095	348
0.0123352356422139	0.757012537460514	378
0.019619727967163	0.426511640702554	378
0.056267294639025	0.534327806595363	442
-0.046151422029821	0.416521251526909	22
-0.117255168467763	0.306085716477395	450
0.1057048744435	0.4230737891263	272
-0.033320389279889	0.290766124339421	118
0.119725017165948	0.291878461742693	118
0.053510192132082	0.276483172414075	118
-0.102354877602757	0.298156685594178	118
0.117302776559572	0.27552618408083	118
-0.040819584266134	0.166160604374828	119
0.079108623431733	0.431487218900106	119
-0.031379069037081	0.413786410521368	169
-0.074058202900814	0.290427812213762	257
0.124108393817335	0.300273357864464	257
0.0440849948422169	0.287005216812903	33
0.045308385712308	0.283932086709606	24
-0.083500384455668	0.29434145675391	6
-0.115240884041687	0.152947716755794	6
-0.070003337315191	0.295858100952837	1165
0.123276751534072	0.299808404948194	76
-0.117232846258792	0.152370130318612	433
-0.121684263163148	0.157995342139036	12
0.060835347481016	0.287089220789205	105
0.118956963884695	0.442441000712669	492
0.105833361357065	0.412103767182214	11
-0.033432025892266	0.174191346332386	3
0.111882726403815	0.431591180014998	3
0.052729051320752	0.291217402877117	3
-0.089657258942126	0.291636699539086	3
-0.038602253259392	0.171369029815336	307
-0.058765113457271	0.672709952009059	348
-0.086409227624341	0.849975182762985	348
-0.00698881299159598	0.985809497955059	348
-0.121801110882397	0.297073142553099	348
0.12072935262863	0.549157150788999	378
-0.035789602834781	0.429260464904303	22
-0.085182160253974	0.295300006757353	22
-0.076804541287553	0.290634585861132	442
-0.010870707214501	0.271193794137788	442
-0.090196575570607	0.281440306435817	450
-0.087053881202083	0.299053465683724	450
-0.035259112539413	0.169475933261589	22
0.113998439854911	0.275537084744042	272
0.047482578368232	0.294494542243722	118
-0.120301540210331	0.158166969036568	118
0.119946110419846	0.296494470925561	118
-0.04715063405957	0.279830307597451	118
-0.033432025892266	0.174191346332386	138
-0.046799202124715	0.15944382517923	119
0.07141173331802	0.430623583749779	119
0.124771021919602	0.197435251980405	119
0.049925046407139	0.294673712239491	119
0.121852570339308	0.195889917983624	257
-0.038539097308975	0.166538731783549	1
0.076326063854507	0.426461212605654	372
-0.043121393112504	0.168759010980697	477
-0.039709773909628	0.170493638317434	477
-0.044218597272212	0.167900327425104	1
0.0515074904719221	0.294546960149973	1013
0.11844278811619	0.28281158691397	1
-0.035098331674015	0.172681502759963	271
0.124555066495811	0.29954513242504	6
0.060738802734238	0.287062151823696	6
-0.034156268667084	0.168359077789132	6
-0.124751377390408	0.155544577577489	6
0.12343342039701	0.189697997129271	6
0.122964300445271	0.200951799928207	6
0.119142597747633	0.197658774394258	97
0.00207232918540701	0.296454728338625	76
0.00353043199272496	0.284648576550345	1165
-0.042548465285908	0.165709173447527	425
-0.120848227587612	0.152809673167249	425
-0.040723459300082	0.170099779410914	433
0.047934366586696	0.289887776227564	12
0.12191577670558	0.301862011357239	3
0.119516285271966	0.290829048702316	86
0.12086217813941	0.295177503066108	3
-0.025869559351648	0.292609881805797	3
-0.117484044081415	0.155362987319923	3
0.12191577670558	0.301862011357239	3
-0.00598649188204298	1.94703094318379	348
0.080572305770499	1.35588224470289	22
0.0229254780278	0.948641129367835	22
-0.084152061887119	0.417606449679596	378
0.110838885739984	0.763163366140314	22
-0.008519371195853	0.415638227189517	22
0.04015406116738	0.273654014582986	258
-0.077374697455059	0.273308925498539	123
-0.023677034046296	0.43090502889836	123
0.099832259541351	0.652289156087436	118
0.0311321151687	0.542386281141027	138
0.119458550124674	0.560056385875922	119
0.008566453526476	0.426259317834684	119
0.112057937089569	0.431515928211988	119
-0.041381995530733	0.289596883166052	119
0.071531168506634	0.414066630211012	1
0.122964300445271	0.200951799928207	232
0.04834095847705	0.279831522977907	1603
-0.033971939855861	0.167115678051664	1
-0.00582687972343898	0.288270802717653	477
-0.075349933294775	0.298271446520379	1
0.011356111815508	0.430707134813122	1
0.0585995498437391	0.537442025449932	271
-0.058809538698159	0.293326501820096	6
-0.036930131428388	0.172876337095916	6
0.056119213563651	0.284430119826376	6
0.049917562307187	0.526632520386914	76
0.05578411716218	0.539013491764088	76
0.114690998327981	0.527643882578355	425
0.029357425583507	0.414330105576007	433
0.0802117694062781	0.524883868460483	12
0.124544532866297	0.19581541349256	105
-0.123757518973221	0.287519083110677	3
-0.069393760227989	0.283099212849654	3
0.08292639066037	0.543845189739795	86
0.029596944132236	0.518391674822866	86
0.119742315649907	0.561917055304162	86
-0.096318921213832	0.557994354210237	348
0.0950623627630111	1.43755444694567	348
0.029449660751931	0.407817518525037	378
-0.031907231205329	0.297112909052863	378
-0.035355804548029	0.294750103289234	378
-0.101873611672038	0.470081566763861	22
-0.034534618313873	0.174260018652835	118
0.119701082662577	0.287831519945867	272
0.123044328046606	0.301801827558271	118
0.120091176778594	0.289822762465679	118
0.12365390775712	0.198464355288851	118
-0.120848227587612	0.152809673167249	138
0.110683711252086	0.26568760545827	138
0.124214008916153	0.206232457822621	119
-0.039145087233473	0.167586294800877	119
-0.044659740996032	0.284540179534652	119
-0.119176342498063	0.159173674782741	48
-0.037497036647594	0.170193407126297	48
0.00478820215204001	0.294137905232951	1
0.055766263725324	0.263495895657951	33
-0.036202117766367	0.172742420349666	33
0.121006908071277	0.295460890512761	683
-0.121684263163148	0.157995342139036	1013
0.049833947167705	0.290603519042703	1
-0.035557735799052	0.294503426690252	1
-0.042388807021321	0.165863228462716	95
0.052644653281698	0.288515676885007	95
0.117900015159401	0.198196728181155	6
0.121998106062309	0.296124575620203	6
-0.0584881129048	0.288733951882041	6
-0.120301540210331	0.158166969036568	6
0.124214008916153	0.206232457822621	6
0.119802741753016	0.293862137503125	1165
0.121852570339308	0.195889917983624	433
-0.035639537940514	0.170348743224255	12
0.121282456265337	0.198645955133022	105
-0.035753072127521	0.293075009307179	12
-0.124833015941425	0.140901599643232	492
-0.038314518057951	0.162667445751292	492
-0.045889823782064	0.163746990319039	289
0.08024928413551	0.642313657104793	378
-0.065758858530173	0.299552461779054	378
-0.088865699502679	0.398857047805832	22
-0.074678467380062	0.397664504430944	22
-0.123227223837446	0.298018044972364	22
-0.121314723770577	0.304897048213018	272
0.000383069701856975	0.28247559071469	272
-0.018132228816084	0.398879463095567	123
-0.073285769317027	0.281322540363097	138
0.038632196281449	0.430673655397043	119
-0.059530415135519	0.300650026881437	119
0.016244807259941	0.435523305174691	169
-0.00146588381240098	0.289957678494949	48
0.052551217772382	0.295614499308593	1
-0.030466369604555	0.163513771503169	232
-0.106374976719926	0.301620600554377	271
-0.036202117766367	0.172742420349666	6
-0.085865072216833	0.304316946305161	187
-0.00093926012177098	0.291957594115593	187
0.122964300445271	0.200951799928207	76
0.046189813042084	0.427315732587958	433
-0.033706004354477	0.293553233700462	433
-0.062195073956648	0.295687601136766	12
-0.038602253259392	0.171369029815336	105
-0.115240884041687	0.152947716755794	12
0.124555066495811	0.29954513242504	12
-0.035826103360814	0.17167260536398	12
-0.037497036647594	0.170193407126297	492
-0.039169069755149	0.164689225911664	289
-0.119241433173296	0.145201894665842	289
-0.00300554568133099	0.284750699506686	289
-0.005714667646605	0.286761851796316	86
-0.12466589367453	0.145727962102985	307
-0.060553156055467	2.01918335056308	348
0.0663402656562691	0.887347126984722	348
0.116549362902114	1.11979188918447	348
-0.08826417425507	0.470020448257131	22
-0.12088328571789	0.402036862102137	22
-0.113338532445569	0.446260765848508	22
-0.111539157394682	0.39632564516139	22
-0.078806772943841	0.416161674744323	118
-0.105136436591582	0.30321329768831	272
-0.100204717358343	0.307572633011224	118
-0.12362237401623	0.155634201329785	118
-0.015104283899992	0.50327981181724	123
-0.031412550451808	0.295206010880305	123
0.040428522038365	0.281109833321813	118
-0.040819584266134	0.166160604374828	48
-0.072820101419737	0.296711504653363	1
-0.097360291072195	0.301033447080904	1107
0.124171597440276	0.2990350820534	1
-0.038036464163298	0.171991450715647	477
-0.036202117766367	0.172742420349666	1
-0.022520777700508	0.392906865159483	1
0.119142597747633	0.197658774394258	1
-0.041452459608294	0.166540477166596	95
0.123479374647378	0.860763872479325	1
-0.035259112539413	0.169475933261589	1
-0.037851713046316	0.291969310205147	271
-0.040406241720531	0.415206224255441	271
0.037865396289827	0.52692920512112	6
-0.106066772015617	0.299531016877336	6
-0.034000029266041	0.289246498261293	6
-0.040819584266134	0.166160604374828	6
-0.031027002951988	0.169220794241098	6
-0.028268837758878	0.163924152992278	6
0.088499520754907	0.554115689873303	1165
0.00254811753447703	0.387078839813684	187
0.068219640548836	0.426732314712412	187
0.052118623332713	0.419252001103544	76
-0.08138943455631	0.296443788152493	12
0.062927679482768	0.543759557851012	12
-0.038539097308975	0.166538731783549	105
-0.040275479272948	0.165743596737603	12
-0.112042129346814	0.298429799787536	492
-0.047503049870533	0.414948069058204	549
0.00900115008290103	0.285382234157503	549
0.014717088208713	0.413062579109982	377
-0.06386068140116	0.399572216662811	377
0.032269337969418	0.604047806206994	86
-0.110480305823572	0.30144741383419	68
0.00577826656842095	0.41158238198782	307
0.016160419358269	0.996619209470829	378
-0.035259112539413	0.169475933261589	22
0.045578696259824	0.286545141472743	914
-0.116657938441674	0.304975172621682	118
-0.00585332542185002	0.28448551986313	118
-0.06548877910274	0.296919221139649	118
0.065888078947733	0.621427709583982	123
-0.10731999507553	0.298129743621363	118
0.052757895509848	0.504681314888972	138
-0.04568674801573	0.427838352865076	1711
0.110462115617152	0.442532579489486	1
-0.109600485813775	0.289375130092413	1
-0.101475418537269	0.297354448145562	683
0.12021378568221	0.549036077036889	1
-0.04625516412182	0.416026280981567	1
0.07857187138897	0.539401480074591	1
-0.062778277521625	0.297375073099998	271
0.092836614845243	0.658532419347227	6
-0.116786453802159	0.304401684310985	216
-0.044846304906994	0.419032431338538	6
0.00823209891533305	0.425518120896841	6
-0.037471701831022	0.164473276431771	187
0.124214008916153	0.206232457822621	187
0.119713851501106	0.199126209354249	187
-0.029928224541521	0.16689211770785	362
-0.114988734886196	0.155737204611114	362
0.122964300445271	0.200951799928207	433
-0.035826103360814	0.17167260536398	12
0.119142597747633	0.197658774394258	12
0.124310399004356	0.303370466158071	448
0.089022062713415	0.652145625277281	12
-0.121449062833489	0.406099454686498	12
-0.110444260841835	0.410776518230795	12
0.115733607915394	0.445655977478467	12
0.042710433762931	0.427631776643988	492
-0.058173230496291	0.419790378869151	492
-0.118053473987344	0.158440404544565	377
0.118962299494205	0.286662290451126	377
-0.032868208908604	0.170805479480064	86
-0.121684263163148	0.157995342139036	68
0.010815005686568	0.420956857634823	86
0.012624934089961	0.513627674277909	86
0.060386376780566	2.34226504464367	348
-0.086958772719639	0.29288699736289	22
0.10741845986484	0.739831407410326	118
-0.026807775007136	0.750679140667836	118
0.121074104902742	0.295366886895893	118
0.083555171974486	0.423567972034217	118
-0.035826103360814	0.17167260536398	118
0.122417219153015	0.434942283349074	123
-0.120044795707522	0.151397281125971	123
-0.039059188666403	0.167843938439159	123
0.106894875218974	0.662604480466385	118
-0.045163453526303	0.159987596642005	5
-0.036202117766367	0.172742420349666	138
-0.114981013588654	0.289874993505266	138
0.041281244587336	0.425223265777103	48
0.063817725343073	0.981403034256878	1711
-0.036930131428388	0.172876337095916	1
-0.121938366872206	0.156892679811585	1
0.095001465060794	0.542704376940167	1
0.0478502522220911	0.290794872296727	1
-0.00544355079757097	0.281386122787325	1
-0.12142905501827	0.154302968807591	33
0.122964300445271	0.200951799928207	683
0.018241719066079	0.536034414045749	1
-0.095141565131726	0.306585452044407	1
-0.069267063520925	0.293379209361192	1
-0.098679018721756	0.302782068841413	1
0.013228851045618	0.412626757462661	1
0.046429915671411	0.817782804142643	1
-0.00802379289376998	0.284406957736315	95
-0.111473138726621	0.390193982154497	95
0.120956729636381	0.198581629955028	1
-0.039059188666403	0.167843938439159	6
0.122964300445271	0.200951799928207	187
-0.037308230429795	0.168894757905337	305
-0.035639537940514	0.170348743224255	12
-0.069267063520925	0.293379209361192	12
-0.070640248664233	0.28097682129511	774
0.118673107965924	0.29497201272278	774
-0.086900986501671	0.421395526197426	86
-0.118057462083813	0.301398279546882	86
-0.043349559014343	2.13127095907465	348
-0.080648841261708	0.580965069214118	348
-0.116947496989592	0.306178838502968	22
-0.116011534746988	0.462530549081475	22
0.062550124863499	0.529665674592149	22
-0.036802105186926	0.29352846357503	1296
0.108834279518003	0.425955222503093	348
-0.077331183014173	0.293196034673617	22
-0.049112212457832	0.482357621468122	118
-0.00541215775477399	0.271390829953913	118
-0.069309868319125	0.29019817092254	118
0.121852570339308	0.195889917983624	118
-0.118225544235007	0.434828395510492	123
-0.036202117766367	0.172742420349666	123
-0.116486398965348	0.305306865131492	118
0.123276751534072	0.299808404948194	118
0.122944372567356	0.283598189296977	48
0.105573609335412	0.403089318148179	1
0.10401861316814	0.722885308628905	33
-0.049843785148707	0.154289751715135	33
-0.095478856553751	0.306988616878264	1
-0.055006538952922	0.425281791019415	1
0.124214008916153	0.206232457822621	1
-0.077720668300324	0.413930705389642	953
0.105582946397598	0.732812588514554	216
-0.074659570578547	0.53879418534786	6
0.119055683589881	0.722132157646679	6
0.122964300445271	0.200951799928207	76
-0.036364261704742	0.168630626525818	305
-0.041452459608294	0.166540477166596	433
0.124214008916153	0.206232457822621	433
0.039434993700744	0.534101922139287	12
0.048613889425142	0.287978886506885	12
-0.043002234954359	0.28878233143458	774
-0.019690137170249	0.630202347002153	86
-0.033200733751154	0.378145937073889	86
-0.108270018918177	2.2613362988554	348
-0.082264831728758	1.3885193061613	348
-0.00721979169346798	0.867477019291033	348
0.081012427232098	0.894466078083929	348
0.058137181667059	1.20549905030206	348
-0.045968815370184	0.404767578780169	22
-0.023060747226605	0.481892487223798	348
0.0280662866727091	1.01734186157498	348
-0.035164658607345	0.299287240872406	1296
-0.00950254083086299	0.274665652769882	118
-0.109773582947339	0.296348980181063	22
0.073013293754702	0.769071780235213	118
-0.121963419753201	0.481235144673665	118
0.00000961675394295369	0.285937832066162	118
-0.042026535294929	0.167618117264498	4
-0.042249420757273	0.281601110071291	123
0.124214008916153	0.206232457822621	123
0.124771021919602	0.197435251980405	5
-0.017115302624572	0.405820231653389	5
-0.031610319955086	0.290267369687921	1
-0.065088336937732	0.421821406986385	1
0.123569673769335	0.288515354070107	48
0.06975465743011	0.424636365929498	48
0.062359345507598	0.707245587393969	48
-0.072876875927753	0.45746760097455	48
-0.00802379289376998	0.284406957736315	1
-0.051227245598356	0.411016331816025	1
0.093144365793011	0.789132714579938	1
0.012180685479766	0.428534177936073	1
0.103832312793187	0.734603342858988	1
-0.116835834931117	0.458623127199254	1
0.046633647710968	0.282543060005674	1
0.036268340452267	0.603269795607207	221
-0.123749012569645	0.455787619413589	6
-0.120239073295213	0.297672577700169	6
0.112615987943445	0.419189979020283	216
-0.035098331674015	0.172681502759963	187
0.064511788795348	0.540178526321899	12
0.077691592806208	0.643423002439911	241
0.119725017165948	0.291878461742693	377
0.118716536270966	0.28175321478844	86
-0.036364261704742	0.168630626525818	86
-0.038602253259392	0.171369029815336	86
-0.035259112539413	0.169475933261589	86
0.082504405165048	1.39179023957652	348
0.029848999237272	0.619955490801851	1296
0.05075167260434	0.634165415542606	348
-0.076205133789544	0.405690110230309	348
0.032444098658881	0.423834320699183	118
-0.039185341172574	0.417582932124887	272
0.108703905479739	0.735828995885268	118
0.124221323227048	0.435369087564378	118
-0.103257176757513	0.298366082424813	118
-0.108904166439975	0.295086264469817	4
-0.07143171450417	0.42448608451961	123
0.099602910893801	0.640746267190616	118
-0.040545052625228	0.422533957676452	118
0.095741310002461	0.561724800355363	5
-0.003657270070063	0.294187521809399	1
-0.122235131003812	0.155816693801671	1
0.120735995328737	0.547760082318931	1
0.002678745490729	0.430379271197614	1
-0.057291923740334	0.398471245898448	33
-0.089331647433447	0.296258581279434	33
-0.083724609125341	0.297571066225702	1
-0.116674816555427	0.15533460632198	1
0.053506184054117	0.291066685502554	1
-0.086188785231707	0.284207333699147	1
-0.080681297348259	0.456150098396938	1
0.0651698941319	0.52471307435215	953
0.071475871543166	0.54236576029007	221
-0.051841150219501	0.498884016444269	6
0.00342971721180596	0.40291318282799	216
0.079987379929912	0.417418513276082	6
-0.045315599248226	0.281373356067289	6
0.111481212403083	0.915225164657803	76
0.00272988644278305	0.292312527569806	76
-0.00243220263210597	0.296265481080456	362
0.042864928378153	0.286921752938685	433
-0.08951429011733	0.289613799710702	12
-0.105195559340359	0.297631117963821	241
0.067388799446524	0.407234917553525	289
-0.032459773624992	0.507729571827758	86
-0.068827225076642	0.413268540170614	86
-0.076861395876859	0.99964759941813	348
-0.061945074987592	0.640640949635927	348
-0.077483988372045	0.535863525499886	348
-0.028110859084338	0.61220302986708	348
-0.084367143330819	0.513955397141998	348
0.114504215612439	0.794472900619204	348
0.097712647217002	0.647364902274454	1296
-0.092404136591908	0.418172232465165	272
-0.059251640562597	0.41829161883076	118
-0.111048390294511	0.286988562701331	118
0.013400669099958	0.426418189689889	118
0.083905828827791	0.521937639340569	4
0.050287171645517	0.295536108625749	123
-0.027726375528696	0.427343056977189	118
-0.072799364013368	0.459787599991944	118
-0.066509215682817	0.287204411754202	5
0.114884849506001	0.43145554271277	5
0.00109295478136495	0.278865397823666	5
0.00914579108092195	0.290226842937471	5
0.093357583948662	0.539787569167175	5
0.086210261585441	0.653773416451545	1
0.114911453277938	0.553085713576742	1
0.00709561252621604	0.293587477840319	1
0.00481901088368997	0.421675308059908	1
-0.00568619769534801	0.429159104255525	1
0.107232859886426	0.404032733891835	33
-0.060578963864125	0.431395162785033	1
-0.039517515003598	0.27859016283932	1
0.085266996973603	0.429321217032684	1
-0.039088971581649	0.294226544904685	1
0.053735922991785	0.614315809378664	953
-0.085310478801093	0.409107437507194	6
-0.041146632096738	0.282748600765765	216
0.052465822196099	0.287266400588582	6
-0.063914593905217	0.294001032464516	76
0.066229697624895	0.414766110398397	305
-0.123101079897197	0.151305120618178	433
-0.11968746128075	0.152940293112242	12
-0.034754704922227	0.292011365377517	2140
0.049148740979258	0.286474310977976	88
-0.108705731175629	0.284358805335184	241
-0.060378225586803	0.401770271369943	241
-0.016135388128428	0.419117554735808	289
-0.120052357516649	0.402797196220102	289
-0.116441472640543	0.307660732835243	289
-0.058598571763923	0.422487422944229	86
0.113079942150589	0.428901137635389	86
-0.082399454543445	0.303632499361233	86
0.037524143473169	1.85282753394429	348
-0.123957249150749	0.482333084768683	348
-0.114514882168865	0.291980956259479	348
0.109442077258737	0.667020012365014	348
-0.111094362872815	0.407447064091918	118
-0.099698281302999	0.289801698978594	118
-0.083246769229709	0.615661373275459	118
-0.085007469842964	0.42493726172009	118
-0.031891876050097	0.518558416684243	118
0.105561997472175	0.658233308121992	118
-0.119973651547606	0.286053373748172	118
0.00806504359743099	0.289843113841656	118
-0.117484044081415	0.155362987319923	118
0.016028997426162	0.405080996915905	4
0.124708443011138	0.555376065895623	118
-0.109526004318289	0.409370539006923	118
0.037968323583603	0.411534139003409	118
0.0101081133669449	0.275978755064754	5
-0.120848227587612	0.152809673167249	5
-0.035259112539413	0.169475933261589	5
0.015705970611035	0.587724560906349	1
0.085522419034918	0.426584112684956	1
0.026616223459361	0.617214927658811	1
0.118413680240954	0.627835011322318	1
-0.090308378450452	0.294974824856276	1
-0.029898998643645	0.417261202031563	1
0.011285509633932	0.411163332636078	1
-0.113311586691136	0.309763146017348	33
0.055377748719643	0.610419651587081	1
-0.07312521509114	0.277335853968164	1
0.047767472262592	0.545914165453479	1
-0.043407965897451	0.272739588670832	24
0.104587743284362	0.727675334196773	6
0.091683136545145	0.775629220895427	6
-0.083623913237936	0.533111016813027	216
0.080564365273967	0.716935803255995	216
-0.093009588005693	0.279992643490147	6
-0.099058734831573	0.491274268565664	76
-0.037308230429795	0.168894757905337	76
-0.113870218888354	0.153129831456235	76
-0.00205598861968198	0.28220131082862	305
-0.064715399206994	0.28775191486109	433
-0.108354347251983	0.291379845336854	12
0.082443472829313	0.721159203552706	241
-0.081234199290444	0.411900172685813	241
-0.08114665591768	0.460942813382649	289
-0.082795504013991	0.415482930204432	289
-0.094658960411828	0.477556420283352	289
0.054421951292259	0.605005448766806	289
-0.000972211333966022	0.275336826952136	377
-0.067435049064105	0.28974001622548	377
-0.074503311308766	0.281957782437528	86
0.049154288281363	0.291019345415956	86
-0.092953491819308	0.688141837287832	348
-0.032942801603081	0.77198851524626	348
0.00812875718113604	0.409025805988738	348
-0.11649726107807	0.507014208746924	348
0.103075473908037	0.906288190293052	348
-0.109165639091387	0.310141268657499	348
0.0475721583500151	0.296057759291339	348
0.116870997040343	0.558363976464038	118
-0.123455286102067	0.453884123758422	118
-0.012199120002275	0.259568420110113	118
0.124214008916153	0.206232457822621	118
0.124544532866297	0.19581541349256	118
0.073636962796416	0.424215151001089	123
-0.122746913315378	0.464850735449943	118
-0.025087273018577	0.603084947513488	118
0.0716995583397529	0.686355623423218	118
-0.055412016673104	0.552777105514426	118
-0.090808186571386	0.28406092223441	5
0.119946110419846	0.296494470925561	5
-0.022235036502114	0.514325114430851	1
-0.123101079897197	0.151305120618178	1
0.075905443868081	0.43926207983191	1
-0.069730046835812	0.593508208262826	1
-0.08158208735593	0.475758232497172	48
-0.034156268667084	0.168359077789132	1
-0.119418019123373	0.303709322823049	1
-0.121938366872206	0.156892679811585	33
-0.078365150090605	0.266254638458635	1
-0.120425287618141	0.301781371031961	1
-0.061605578650446	0.48795792724783	1
-0.074309939326565	0.537606473818265	1
-0.004328250659966	0.271162575029646	1
-0.039630086376085	0.170045180043861	1
-0.065912271832469	0.272493080737215	888
-0.070153864667192	0.277823998287283	6
-0.003657270070063	0.294187521809399	6
-0.107308851459505	0.505182782826382	6
-0.105896882350705	0.456158850625561	6
0.050913811718918	0.79406104662289	6
0.118178937309728	0.436443548993034	216
0.085947921689716	0.764802017617039	6
-0.096390433767437	0.44758863880192	89
-0.064555662888445	0.493113513037381	88
-0.008023699198278	0.520215338787241	241
-0.113870218888354	0.153129831456235	289
0.045218035338362	0.286672636531447	289
0.008959252496752	0.525643627948193	289
0.120091176778594	0.289822762465679	86
0.080906797330303	0.640442898296132	86
-0.064774589909843	0.557268083455149	86
0.117542214563695	0.294022384445441	86
0.00971965456364898	0.402924533500117	86
-0.00712385045577502	0.530519212759608	86
-0.083322078470488	1.08059310133564	348
-0.033907968838425	1.53604348879436	348
0.04618851797442	1.74197205370159	348
-0.118939220274283	1.61785329467525	348
0.00255381894720097	0.631868282902322	348
-0.114905072452458	0.399751651379865	348
0.057558721134521	1.23878453287744	348
-0.053704523060319	0.642842723914738	118
0.011695143558326	0.428133199897679	118
0.010372865673969	0.29041402506435	118
0.047930667183356	0.288135495770916	118
-0.064494591865301	0.300622542467815	118
-0.018076339106254	0.575746472646126	118
0.042611591522748	0.428734115004017	118
0.123096620587683	0.199573646617747	118
-0.039630086376085	0.170045180043861	118
0.124544532866297	0.19581541349256	118
-0.104481280918646	0.297537946466409	4
-0.069582430984841	0.289977989179266	118
0.119142597747633	0.197658774394258	5
0.121153310451529	0.287180645153092	5
-0.055515975561445	0.534480681152674	48
0.0437050864915181	0.434026135862325	1
0.000023063115486055	0.294536775951651	1
-0.111238137561692	0.31154204851147	253
-0.111916041099031	0.150488377368749	253
0.123900105952806	0.287318348885081	1
0.071094907925505	0.708065924574611	1
0.075594214530273	0.696342962290854	1
0.015997546507402	0.533706872247507	1
0.022255469903067	0.414476701728049	1
-0.00875406113402999	0.415551430075035	1
0.057152296616346	0.896171453134895	1
-0.119016021539956	0.29080418261274	6
0.064018847288045	0.420707778413745	6
-0.003372656804773	0.290403481544135	89
-0.037772411883415	0.502155995738063	89
0.112647506745924	0.802757397560116	76
-0.037215731423186	0.165303678085409	76
0.124771021919602	0.197435251980405	76
-0.038978018539722	0.163501934089353	305
0.117900015159401	0.198196728181155	305
0.077718926958022	0.429753988922535	88
0.029814842461208	0.592172440095976	88
0.118470563051444	0.194253316345752	12
-0.040275479272948	0.165743596737603	241
-0.044218597272212	0.167900327425104	241
0.113589959738187	0.726701909242193	241
0.124544532866297	0.19581541349256	86
-0.040374044696901	1.22411403838039	348
-0.104378592327624	0.947675720022633	348
0.080141012774156	2.05542287202221	348
-0.119122810167868	0.544423165720228	348
-0.074637602300574	0.480927967937732	348
-0.123619803519793	0.382869047953418	348
0.090603954003096	0.642390054040089	118
-0.093099403723627	0.479257219168289	118
0.039871931641645	0.419714734120325	118
0.024123335567602	0.502829209080394	272
-0.033276334113016	0.41496412219795	123
-0.033706004354477	0.293553233700462	123
-0.064913266684112	0.291614786604033	123
0.0118837570521	0.42809289996242	1
-0.035557735799052	0.294503426690252	1
-0.11653150615588	0.276629484822467	1
-0.068474508599738	0.294123920296332	1
-0.111839255573099	0.307185447591456	1
-0.057722667666773	0.406786120114445	1
0.00709561252621604	0.293587477840319	1
-0.065533118406778	0.465153815246343	1
0.07434973074088	0.430487514737341	1
-0.121703694457951	0.153402494024623	1
-0.108985970046696	0.460534370585672	1
-0.066116068427333	0.49236539041477	888
0.01153036733811	0.537814099450372	6
0.073262575637541	0.422886142062489	6
-0.104780241502202	0.401131167170061	216
-0.037347485798121	0.409184474750601	216
0.122142447057631	0.298846379400737	89
-0.12362237401623	0.155634201329785	89
-0.041452459608294	0.166540477166596	89
-0.00192111869096201	0.285146801646028	1731
-0.034534618313873	0.174260018652835	305
-0.043121393112504	0.168759010980697	305
-0.032331775181086	0.170519727060441	88
-0.002288734741413	0.294844288086823	88
-0.122235131003812	0.155816693801671	88
0.047930667183356	0.288135495770916	88
-0.028451506337374	0.499021327934005	12
-0.067398749937334	0.419808327581633	12
-0.008367731188893	0.516037534922457	289
0.041038043667648	0.525311145715067	289
-0.08178733441385	0.299917891861536	552
0.113462746203412	0.444236102606401	86
0.032328395840697	2.16407158717561	348
-0.032212213958306	2.11427218673447	348
0.014059003634626	1.8578171897567	348
-0.079956236003686	1.03507165671304	348
0.014951545861929	0.890584964610429	348
0.10036718044459	1.33237708631941	348
0.049863054594435	0.694003740417083	348
0.07214181137695	0.658852192130027	348
-0.05023958252891	0.4295733942072	348
-0.00490752450098803	0.410764223332895	118
0.116061910253364	0.518965250737669	118
0.00666254456815896	0.413481077124689	118
0.122410924084182	0.736573132064903	118
-0.115385987931706	0.304856095610339	118
-0.118861825010751	0.304012425804329	118
0.046606893037496	0.436486003345242	4
-0.015953962979775	0.415423705112474	4
-0.099139565014557	0.473722783875096	118
0.002033637114361	0.513302641310571	118
-0.034351386084695	0.162597685068854	5
-0.047466392797874	0.421494685915024	48
0.042611591522748	0.428734115004017	1
0.011476535221811	0.528486142062116	1
0.054576609142545	0.51642573164745	1
-0.00100367288685699	0.421879861627986	1
-0.110068281624531	0.280430723660803	1
0.090075063586065	0.533325973791751	1
-0.123364896008861	0.295254820986305	1
0.041926333080728	0.436221818550342	33
0.00586997978347204	0.294523949616992	33
0.094912902108244	0.56401268288339	1
0.119401903377505	0.560106825460305	1
-0.064764098535929	0.3011496161243	1
0.00596919847149702	0.649730842570884	1
-0.027419309813851	0.513310919042628	1
0.0440849948422169	0.287005216812903	1
-0.108575175581217	0.290376865307173	953
-0.025608896128511	0.500149375240983	6
-0.010534467711224	0.55404719780716	6
0.011933760192561	0.601999134357054	89
-0.096168208608317	0.308685751416652	89
-0.053492867021431	0.502055229387016	1731
0.097817328918932	0.768600044443669	1731
-0.023343015860734	0.582773083085656	1731
0.014056738453709	0.414611239344982	88
-0.089907868788994	0.292826512656521	88
0.00582320168977901	0.523254618511097	241
0.094921211393865	0.536479504645028	241
0.032589381910052	0.544465926415952	241
-0.041116166362289	0.279072812968473	86
-0.104809681548305	0.301849775515775	86
0.0594590920129881	0.624633455254679	552
-0.118532944225032	2.06137492851931	348
-0.117764480449208	1.81447352430098	348
-0.072372089592591	2.18191950135301	348
0.00241449665395999	2.10258912789857	348
0.020763574924218	1.78594832064771	348
-0.000139603297673985	1.31031365547629	348
0.045892122857258	0.952766532603133	348
0.021390318207873	0.699367470527687	348
-0.055859173182237	0.494477405017681	118
-0.080290680656485	0.653766081948411	118
-0.102987989238053	0.57684186029641	118
-0.08664462462515	0.470965697722136	118
-0.068582530970069	0.625037988248523	118
0.071922250618884	0.587739312796633	118
0.075055104561873	0.611529020564609	118
-0.007970927694192	0.519872885776794	118
-0.00332491554827802	0.531466563924328	118
-0.039267397834728	0.426886038162346	118
0.068977730958674	0.554716772587846	118
-0.027340854799199	0.42317553994067	118
0.06975465743011	0.424636365929498	118
0.055797673910402	0.518793711837121	4
-0.082251188405694	0.410574490144485	4
0.025019512538984	0.533056046359491	4
-0.102672574429723	0.411394208226737	4
0.030842478413534	0.534278916781941	118
-0.060201764824214	0.29519026279682	5
0.12424891128841	0.29602967735903	5
-0.080452752888097	0.287852575469046	48
-0.111571890418369	0.289648580310941	48
0.04884319795113	0.5476111605955	48
-0.035441362713863	0.28932514223742	48
-0.092376070399205	0.422706932105885	48
0.045854385322039	0.419441532857319	1
0.092142010781835	0.657388542971525	1
-0.011879685787339	0.413871597055456	48
-0.059530415135519	0.300650026881437	48
0.112263804133455	0.519342359133308	1
0.000417292265837976	0.427564917100018	1
-0.046589835774349	0.409142266563172	1
-0.000952427931322997	0.507930920036527	1
-0.085182160253974	0.295300006757353	1
0.040415501688512	0.427919940777548	1
0.017654378290573	0.51982840705205	1
-0.055052932925965	0.409334288638657	1
-0.041951627464237	0.289163070104526	1
0.015319459782984	0.42870917363911	1
0.031417563888819	0.590681420901849	1
0.02013854020769	0.521390926601665	1
-0.014120955832494	0.505418596352192	1
-0.11126099366827	0.286049157031057	1
0.099713701760257	0.637145744595521	1
-0.030992711036494	0.42010654561338	953
-0.040706729973779	0.294260806153763	953
-0.04316970822079	0.396815611308684	953
0.00707742598737005	0.64679257861379	888
-0.061572606540939	0.41474091289052	89
0.032781057165973	0.423762387149977	89
-0.097936428738936	0.298298577004466	89
-0.040727758983653	0.287373654546025	89
0.00356368514031802	0.292913821702789	76
0.046350697069353	0.294881252751306	76
0.032444098658881	0.423834320699183	305
-0.000122729996854976	0.294850086524792	88
0.037798796541326	0.270760314467309	88
0.05629387477877	0.522412580793782	88
-0.104339152994417	0.306538755336307	88
-0.074823561378945	0.283216198081333	88
0.061424566906654	0.638423417693008	241
-0.100763891052185	0.50903119285944	241
-0.115227506449141	0.309305937369638	511
-0.091535630685255	0.416437864638928	289
-0.058087784251937	0.409598781040842	289
0.021273179743025	0.502467569449424	86
0.036582681039611	0.410025661503418	86
-0.00777583712920599	0.521496208492152	86
-0.090129600921332	0.459653462848977	86
-0.110509322815025	1.17299498324282	348
0.094108920952601	2.38510033376067	348
0.02057607207134	2.3888287795466	348
-0.048493405944373	0.772754913093982	348
-0.068704054948853	0.620524518420023	118
-0.113584434108162	0.573892035578669	118
0.00185114269836495	0.598523428177853	118
-0.075809155718562	0.278324491487917	118
0.111278975090733	0.549083814126859	4
-0.041008119897147	0.423668037910543	4
0.102301005677295	0.736503846472951	123
-0.122170621887466	0.30546163230958	118
0.0568136926824599	0.779537441102262	118
0.018740645133637	0.425641989039149	5
-0.098586403585911	0.278400902151187	48
0.116764497097161	0.744595794847327	48
-0.102672574429723	0.411394208226737	48
0.103560473498564	0.413562928433437	1
0.098293739551819	0.687284087922246	1
-0.065905152402415	0.398900159795887	1
-0.023962644004447	0.427291976906935	253
-0.089580870361311	0.471430503909968	253
-0.039059188666403	0.167843938439159	1
-0.041395462420978	0.282888690038225	1
-0.021999990006132	0.413195708042	349
0.061908342547065	0.697423494710764	1
-0.036018828201849	0.296287645195761	1
0.050287171645517	0.295536108625749	1
-0.119261047647461	0.300258049995304	1
-0.104839859378759	0.302037485143258	1
-0.114367854764501	0.308476848049758	1
-0.041452459608294	0.166540477166596	1
-0.118304153377272	0.401708353099618	1
-0.056419632682494	0.293115880690691	1
0.052467855963387	0.284000791363336	953
0.026781876470789	0.39540493845161	953
-0.010546406109043	0.413930940875985	6
0.026222072701348	0.659310231900548	6
-0.082734062277895	0.415741570427806	6
-0.010367178094508	0.40706803734202	6
-0.010730491472558	0.273791375555281	89
0.120785950601736	0.299137841386854	89
0.00150513374197803	0.294085578657271	89
0.118577656313143	0.287843334038703	864
0.105019536244776	0.617236892265081	76
0.04456455713219	0.72992881094467	76
-0.032514135066296	0.280087227679924	1731
-0.092560502867211	0.414623799942684	1731
-0.084125754158102	0.295698474017274	88
0.069992835414971	0.414623360130548	88
-0.040819584266134	0.166160604374828	88
-0.049900138473397	0.542763731807804	12
0.118285152175135	0.722333020367986	241
-0.011956728598146	0.271432446188381	289
-0.093450918240387	0.29310066296328	289
0.04746897336071	0.545117643341818	289
0.0960787286245109	0.690876857530274	86
-0.107712037035401	1.53814962851908	348
0.07425663732963	0.966507858132695	348
-0.083146509365734	0.460498470957787	118
-0.066249371305032	0.413612682630834	118
-0.039680732989692	0.546116318339434	118
-0.1077093185319	0.303759807894464	118
-0.117006853965379	0.303940485998862	4
-0.00217922594953901	0.282551708344734	4
-0.119328586284848	0.283938811282313	118
-0.034351433582297	0.51508110501566	118
-0.024047803310648	0.3890450926884	5
0.0123465770175371	0.420357752327091	48
0.059033110862463	0.535433031129707	1
-0.036930131428388	0.172876337095916	1
0.051335852001949	0.282556098621089	1
0.110215823481585	0.664249899144343	1
0.11940291900289	0.540531272476481	1
-0.044218597272212	0.167900327425104	1
-0.12419177462442	0.156618549124342	1
-0.035639537940514	0.170348743224255	1
0.011356111815508	0.430707134813122	1
-0.01066233795702	0.424322746395437	1
0.030429434098873	0.727703546713709	1
0.037955170981073	0.412532412068388	1
-0.084601309423646	0.304495762323978	1
-0.121973505477099	0.152710361725204	953
0.00828688380680298	0.408292345728715	953
-0.033726739766388	0.297155836291687	6
0.051419481314169	0.29712546877219	89
-0.117232846258792	0.152370130318612	89
0.0587350182102691	0.52955629175428	1731
0.115392994617375	0.435733400111967	1731
-0.080406839358103	0.304303098437217	76
0.050113135765727	0.420708093623392	76
-0.061243755171073	0.300898382156824	1063
0.061842936029109	0.543678693509999	88
-0.060578963864125	0.431395162785033	241
0.088284221778471	0.525708307892335	289
0.069447573390487	0.435804512350571	289
0.038107963928991	0.433747700140353	289
-0.010716859497608	0.408182633271466	289
-0.041434251519557	0.508817067793588	289
0.0000390840869449738	0.423086331156942	289
0.039374907621036	0.273818090309132	289
-0.086400954224861	0.402457751549106	289
0.034883072874473	2.3102633485348	348
-0.044394842875394	0.934985710521575	118
-0.004309470612189	0.958046032336586	348
0.110944978294863	0.903690783862206	348
0.076182342247774	0.880098306183366	348
-0.091281726437694	0.624559525235785	496
-0.083650469426793	0.534133409320039	118
0.071416357192166	0.914960718745877	118
-0.091240015614786	0.525762097817321	118
0.076661364592722	0.854609306634878	118
0.047804260058893	0.671162428420712	118
0.011947381248766	0.418637546637124	118
0.11861602704258	0.435100347194201	4
0.017988971600283	0.527482173113147	4
0.09012921687139	0.543827867478915	118
0.112437811552784	0.440163204671782	1
-0.042026535294929	0.167618117264498	1
0.12366226574232	0.434810974715084	1
0.044412450898773	0.543611300676609	1
0.0121483902981629	0.532496227928698	1
-0.084601309423646	0.304495762323978	1
-0.023035042707509	0.504033879688578	982
0.114760453555997	0.655817552317912	982
-0.117795816182034	0.156005932657227	1
0.060128184938869	0.523915011823569	1
0.0451304781636121	0.291244447307084	1
-0.025081077932797	0.584287063817138	1
-0.073754330863273	0.413874225964404	1
0.109700579707756	0.416907412240201	1
-0.047750406769544	0.490232023370307	1
0.018482861625828	0.606499111368441	1
-0.00909262216589102	0.522584168441486	1
-0.002868450604466	0.28162132572952	1
0.003420672298316	0.60171172497908	1
-0.109344652826578	0.465226890776707	888
0.0165877301960981	0.604128165019056	6
0.080430851532748	0.714820957023786	6
0.116419795295568	0.434660090803903	6
-0.031500618629417	0.489763186801761	89
-0.122495676028919	0.154381087768881	89
-0.044218597272212	0.167900327425104	89
-0.093853968583447	0.282510225963456	1063
0.098005593131353	0.562268733589872	1063
0.019619727967163	0.426511640702554	1063
0.0475721583500151	0.296057759291339	88
-0.109680188461797	0.277302629700971	88
-0.087770020369134	0.292159103307219	88
-0.024884418424167	0.424930374419363	88
-0.122817981791757	0.154061143804624	88
0.122404875111649	0.199001544034778	88
0.073520566805697	0.427528717054829	12
-0.095833157423716	0.307296330380916	289
0.080683167702701	0.520018878665149	289
0.066510136043012	0.42127995189505	289
-0.00213842952709697	0.582327492643246	143
-0.088536227912418	0.290712990855988	143
-0.076998999961717	0.410328458487622	86
0.083996687722308	0.512798549760492	552
-0.06218536392127	0.409991108774605	552
0.109544961082313	1.1280314621169	348
-0.103757912480643	0.590251764813379	348
0.086480057315891	0.804241167029293	496
-0.013501968828441	0.77777065281033	118
-0.061693597370758	0.58695031732904	118
0.121619885724032	0.643567949503556	118
-0.110547469319748	0.41598686981815	118
0.06976438437425	0.557062258172664	4
-0.003852276464761	0.522983692256041	4
-0.026356232270336	0.422859906514264	4
0.098263948945459	0.689924446832071	4
-0.07026570601532	0.293895681753634	5
-0.00782119030237199	0.418288296005387	5
0.025534217950196	0.525831554915469	1480
-0.038602253259392	0.171369029815336	1
0.001605151262696	0.280358198265591	1
0.00836043615348203	0.57406534460081	1
0.124016760620407	0.555010695371225	253
0.061223751791915	0.511482118534647	1
-0.036202117766367	0.172742420349666	1
-0.002573387419328	0.292688647312342	1
0.08698002447897	0.544592798606161	1
0.118816854838249	0.295541229153146	1
0.12343342039701	0.189697997129271	595
0.037636617912587	0.251827858814308	1
-0.00573582204274598	0.526223593836722	1
-0.068707071176504	0.419144850217044	1
-0.062916248547679	0.294683378148879	1
-0.022529468605265	0.410430870846378	1
-0.032076776437872	0.497898912371669	888
0.037606201068077	0.513748478153186	221
0.008350196431264	0.528315623575827	221
0.087501322427846	0.62918068288499	6
0.04124880874031	0.420769667136006	6
-0.12362237401623	0.155634201329785	89
-0.064175843507985	0.294509684450921	76
0.033119957141288	0.418608812103276	89
-0.100226759761771	0.296320475945963	1063
-0.055157072974882	0.288582347888934	1063
-0.098787476559316	0.295156571995322	1063
-0.122495676028919	0.154381087768881	305
-0.041756944528972	0.293884596287239	88
-0.124751377390408	0.155544577577489	88
-0.085539844805176	0.301974210755628	88
-0.06602654846634	0.29813562563181	88
-0.124887421222205	0.308525207732575	12
0.105834161427206	0.642421234728794	241
0.044547741683198	0.524692184469381	241
-0.032331775181086	0.170519727060441	241
-0.124424926944317	0.308986068319132	289
0.00871372635933199	0.408828028705862	289
0.117744882944803	0.528037656654428	86
-0.057783718649732	0.825827199126714	348
0.034837470849157	1.10931294775233	348
0.025962462261826	0.914041337221435	496
-0.053732070187485	0.54099367528345	118
-0.026575690565011	0.471374570618653	118
-0.022343872194662	0.481643764304125	118
0.058343716732251	0.499681497054604	118
-0.055967349730221	0.295335361273935	118
0.077718926958022	0.429753988922535	4
-0.12290738145712	0.30283577925416	4
0.03337220288863	0.596534690103513	118
-0.032181653882685	0.421685586389772	4
0.07868724549342	0.430449736135533	118
-0.01658048302824	0.411463502004097	5
-0.123598781696461	0.311931448430755	1480
0.028652932285779	0.663040355641753	1
-0.063914593905217	0.294001032464516	1
0.11407345473726	0.421502540910946	1
0.015631885489614	0.417703596428251	253
0.041308181754049	0.539970097189573	253
-0.095539531165782	0.294926487679694	1
0.113462746203412	0.444236102606401	1
-0.03843589134688	0.405786542520597	1
-0.043214991065305	0.287034216015747	1
-0.056960550107842	0.296492149695112	1
-0.064793481029991	0.293592703947271	1541
-0.118699704135805	0.298509121342078	1
-0.085420480435703	0.39956516734207	1
0.11752345611487	0.619069657128904	1
-0.028045673088477	0.411436993878506	1
-0.079800682713051	0.30432833169055	1
0.090275320340748	0.546371356222734	221
-0.121696322475266	0.309706593450726	221
-0.00327297206465899	0.279769233297695	89
-0.00475466008867598	0.417336772552739	89
0.020437030600294	0.431427456179923	89
-0.119984649775975	0.153305357422704	89
-0.07531768491936	0.424750574923556	89
-0.104809681548305	0.301849775515775	305
-0.101990468031664	0.295939724167678	88
-0.03995265546175	0.282793821284272	88
0.050201243922896	0.295961740279646	12
-0.052137211159405	0.426090672111997	241
-0.086879574736415	0.407653732418718	289
0.097554911198973	0.548465237200116	289
0.11407345473726	0.421502540910946	289
-0.059942062141633	0.289390952553597	289
0.079108623431733	0.431487218900106	289
-0.069320688944347	0.624849228557726	118
0.00359317766894196	0.595752180600283	118
0.106701373013089	0.636312193590866	118
0.049148740979258	0.286474310977976	118
-0.086589050934875	0.301094394539116	4
-0.011800631514815	0.420300308917536	4
-0.082782820649965	0.297512840293348	4
0.054181297122174	0.553176941781302	4
-0.06900525485977	0.297445504667509	4
-0.043485757240214	0.162324796016004	5
-0.037497036647594	0.170193407126297	5
0.010972328794289	0.40907353502995	1480
-0.054184100438916	0.417718635055952	1
0.068226888389149	0.529931076416285	253
-0.119212913551039	0.303937984892186	1
0.049996677115597	0.538737115949474	1
0.119701082662577	0.287831519945867	1
-0.064069610837319	0.293115821983935	1
-0.00120542601780699	0.296372187007938	1
0.115100455533033	0.430194848487807	89
-0.027041818620092	0.27825907404257	89
-0.00924626277222701	0.281874578604982	89
0.117153196572844	0.437530222323671	89
0.108465956928374	0.411851355572826	89
-0.042158425273527	0.270794868820787	76
0.0333617365398861	0.422628106761701	76
0.087093126498452	0.551691492309759	76
0.0439971766113511	0.288022370867594	89
-0.038417169891076	0.294726908407448	305
0.077429992585629	0.432958130388277	88
-0.124605943229456	0.282511712556332	88
0.112298367448914	0.423810373619236	88
0.016832686486008	0.425681257887573	88
-0.036606778487432	0.292940778553231	88
0.074940551721039	0.433927083613328	88
0.06975465743011	0.424636365929498	241
-0.039046206210363	0.279765905858461	289
0.0867346590171501	0.546669123663883	289
-0.090193026495495	0.293682646230998	143
-0.031546293879555	0.283550421878115	143
-0.033151155663914	0.295804380293639	552
-0.000801926031329003	0.291284707966694	552
-0.122080834627809	0.715477875824412	118
0.121783408171743	0.862493511964196	496
0.0667301855370091	0.6209355501077	496
-0.057973050653721	0.488134302674112	496
0.097482593864414	0.635962130480034	496
-0.086551584990633	0.471737820461505	118
-0.08167221534716	0.305055062299686	118
0.06127786197569	0.537985275043165	25
-0.050422602272935	0.15740068715785	743
0.113939997953615	0.432640308343254	4
0.028290879112348	0.4075070478244	4
0.105930247446529	0.798517296218065	227
0.037798796541326	0.270760314467309	227
-0.064036210442584	0.294511835743061	227
0.074439970341717	0.539256397844137	48
-0.00827287331637799	0.274143676835269	1480
0.031348712599803	0.611076182389555	48
-0.098290950728252	0.30865696484195	1
-0.00164460553914902	0.279496156438847	1
0.113203467072553	0.416115987380752	1
-0.118905235322277	0.298794575211531	253
-0.08904542415564	0.294490255302337	982
0.118673107965924	0.29497201272278	1
-0.056419632682494	0.293115880690691	1
0.116174397068615	0.560775766212967	1
-0.117080790954654	0.296462324726683	1
0.00963337417023802	0.528262814160854	6
0.090116109902791	0.611313881766162	6
-0.011080002048689	0.415012087183126	89
0.073520566805697	0.427528717054829	89
-0.097005247536272	0.300663823541277	89
0.057808725509034	0.533743405740359	76
-0.12362237401623	0.155634201329785	89
-0.121391157333702	0.141379953484767	76
0.067517814459758	0.407426375582903	88
0.0549972427409841	0.293014016712296	88
-0.010333016051516	0.277797759453912	88
0.0369421469222579	0.429046156959112	12
0.041106317440286	0.429482938376422	241
-0.104151871907193	0.297764689176399	241
-0.071403476646378	0.277005278028983	289
-0.061237542877259	0.296198926439896	143
-0.064637013982368	0.282493599150041	143
0.036459334679923	0.429372121176101	86
-0.009107167625725	0.519635665121761	552
-0.112781513392671	0.29820004970324	552
0.056257390285322	0.693153825407647	496
0.052274688903969	0.611961348636908	496
0.00198199995251502	0.621574120744248	496
-0.08114498830249	0.522343724182119	496
0.103338682081233	0.771839908883911	118
-0.098679018721756	0.302782068841413	118
0.00644762394582898	0.279222373447253	118
0.119946110419846	0.296494470925561	743
0.118704647564594	0.627539752847124	4
0.122081828957206	0.28181758033285	4
-0.032128145953359	0.166483758321827	4
0.067505432683676	0.434910203803505	227
-0.066174620762339	0.291429540787974	4
-0.120301540210331	0.158166969036568	227
-0.119176342498063	0.159173674782741	5
0.113685799880649	0.441358034348033	1480
-0.050467894981448	0.292177362180995	1480
0.040537497774654	0.422299392894181	1480
0.003423825651237	0.289648069057852	1
-0.00120542601780699	0.296372187007938	1
-0.048574516701746	0.275128605706634	1
0.062330120924018	0.408220995018083	1
0.034184435104383	0.518423481561681	1
-0.065856530888633	0.426469876335145	1
-0.035355804548029	0.294750103289234	253
-0.083390941595565	0.294043284390106	982
-0.00156733077751797	0.280086646099786	982
-0.094959651760956	0.284542878119475	1
-0.099409688283337	0.290720469749953	1
-0.004225396984119	0.283868306234901	1
-0.122495676028919	0.154381087768881	1
0.00709561252621604	0.293587477840319	1
-0.039657265556681	0.291936493536595	112
0.035066823844612	0.416117471572909	1
0.00819517665777703	0.607196496119119	1
-0.118053473987344	0.158440404544565	1
0.114671986263529	0.426149724444452	1
0.104763652327572	0.41855303938277	1
-0.070692088905954	0.387565835637782	1
-0.00282731643018103	0.277512418725735	221
0.00607300912527997	0.421636178251912	221
0.095137197349259	0.622971308625091	221
0.00671898496950496	0.415046787990103	221
0.12240902271128	0.650335493353119	6
-0.006369240551789	0.28115272932746	6
-0.094278135957534	0.409719292084079	89
0.001365482584615	0.294366975706195	89
-0.00134891292892397	0.294737089433561	89
-0.117454572313279	0.148579832666329	89
0.124771021919602	0.197435251980405	76
-0.044218597272212	0.167900327425104	88
-0.089582759750966	0.297003554293273	241
-0.072423283418191	0.29424695499854	241
-0.080223084761339	0.420641600359817	86
-0.102029189882799	0.302081209901744	241
-0.106422575942479	0.298739812098868	241
-0.043485757240214	0.162324796016004	86
-0.040358800921977	0.165458043284872	86
-0.024617603037526	1.25582943959157	496
-0.00119962154157299	0.923161898995845	496
-0.073366772079875	0.646825227703347	118
-0.037376705306404	0.504932091403439	118
0.106561106386738	0.664483821035474	118
0.00522140355085299	0.522246122687381	118
0.010083355029423	0.428028516884925	743
-0.080531846208161	0.409217390663583	25
0.039437739584049	0.410909515337446	4
-0.091130625918811	0.287704736819612	4
0.080150095085154	0.701750753969937	227
0.049567440450136	0.280009965850722	5
0.059280169319158	0.517718099886635	5
-0.062632987202035	0.410915714980451	1480
-0.061198257220438	0.296368002074111	48
0.105649788152276	0.634157017847963	1
0.0439646790000911	0.426491259927692	1
-0.098210068871367	0.271791601851237	1
-0.00861649265617498	0.421179786278104	1
0.00763096326507995	0.418236048500684	253
-0.111356692406614	0.287316054238107	982
-0.012949733896295	0.413870631075061	982
0.120324706742933	0.560996653635329	1
0.0390851760473619	0.40682174154042	1
0.029314837237563	0.542343109907453	1
-0.039819428108475	0.426471606954869	1541
0.121617386404749	0.433795841902949	112
0.077885000295796	0.410021571027668	112
-0.117478763588739	0.303401428390817	112
0.059366168917438	0.604610790003178	1
0.121018485096684	0.571115383743039	1
0.0143340530473141	0.434192840214861	1
0.115371443473883	0.705351537773907	221
0.041308181754049	0.539970097189573	342
0.120046022090506	0.546593976450451	89
0.06596508461277	0.427895703284955	89
-0.00315668701458199	0.431603168232865	89
0.012634160895225	0.416008423878467	89
-0.056160516323271	0.411926844596378	76
0.122972248346987	0.292469126697239	305
0.034871212263036	0.430981787185238	88
-0.097362683758802	0.390532866814467	88
0.011063430377025	0.415699987861696	241
-0.003999632248954	0.433103865669494	241
-0.018463138827885	0.412635812227788	241
-0.094881307484652	0.303289431833512	241
0.093986768486883	0.552601364725114	241
0.089482404966727	2.07872631300626	496
0.07378688496722	1.17995001141967	496
-0.121515774560458	0.522540200591359	496
0.0567763307065779	0.682757446126943	118
-0.114926229945854	0.301706968599478	118
-0.076338361274923	1.19418519208309	118
-0.120475131704366	0.30062537055041	118
-0.084385915800772	0.755501675043129	118
0.0289361632707	0.58730292093525	118
0.070491480461773	0.538291660262784	118
-0.035940265259919	0.294988946145596	118
-0.10335417931121	0.492333639990404	118
-0.030634556912266	0.288969389642721	118
-0.034534618313873	0.174260018652835	743
-0.035164658607345	0.299287240872406	25
-0.060331337228552	0.407480837123323	25
-0.105032604538959	0.2834886109458	4
-0.064764098535929	0.3011496161243	1
-0.00982589505314402	0.775589846129293	1
0.063725479919258	0.405352462183675	1
0.117935584791638	0.438473096025324	982
-0.073396320820976	0.533641373565019	1
0.043914994426975	0.278735098507039	1
-0.039958351024591	0.417409014120656	1
-0.057265742712755	0.297136394132069	1
-0.04926858465279	0.554746882148383	221
0.04080938941905	0.720855374276173	6
-0.104624898291094	0.298669433570912	6
-0.035753072127521	0.293075009307179	89
0.052551217772382	0.295614499308593	89
-0.109515009744366	0.283530405674324	89
-0.057398377665083	0.497149992667805	89
-0.044218597272212	0.167900327425104	89
-0.12362237401623	0.155634201329785	88
-0.00331024521034901	0.431228516957197	88
-0.120557192965985	0.159006819090808	88
0.074385687805382	0.816805523215537	88
0.034878504192564	0.610600136601526	88
-0.00171953286594401	0.283823795743161	241
-0.124976170927839	0.145274040569408	241
0.066937757895142	0.426756419155939	241
0.116811623096683	0.693299914665159	241
0.00493262610632395	0.290579388612639	289
0.124340245880256	0.195846510231883	86
-0.032868208908604	0.170805479480064	143
-0.093357066813994	0.307982923941676	143
-0.090308378450452	0.294974824856276	143
-0.116114402334194	0.388204619362216	86
0.037285769053495	0.422731546707594	552
-0.07333788571374	0.414183467641173	552
0.08247235481691	2.33909056617246	496
0.0242805086507329	1.66436734390173	496
0.0580856777959981	1.71693268741521	496
0.052243183641441	1.40996632580753	496
-0.062502982520999	0.829919282314838	118
0.091875714368623	1.16894587722794	118
-0.111014792050353	0.670600268961976	118
-0.124334074859745	0.742556054702673	118
0.033326579274956	1.05071260419236	118
0.040385804307609	1.02756554335738	118
-0.017549264442043	0.515047062816482	118
-0.085392273001844	0.390075307045006	25
0.078398891190023	0.430778806133947	4
0.042017090788714	0.431468099468602	4
0.081118631804321	0.531682258050966	4
-0.050331950689749	0.429291449347834	4
-0.064648692659269	0.500920861511349	227
-0.068407492756666	0.424614759512742	4
-0.054265525470998	0.422698209046861	5
0.089295522579901	0.656251101370032	48
-0.063507069899641	0.402383892686491	253
0.031663911132831	0.539487735358791	253
0.0336441240136089	0.50467494956005	253
0.071348721181036	0.553566577834415	1
0.015710487058638	0.42998909246114	1
-0.019262773001732	0.425752403705954	1
-0.124779872878797	0.310262918757577	6
-0.106363801893568	0.405351437007658	6
-0.123075596254438	0.155909238850789	89
0.01153036733811	0.537814099450372	89
-0.124198576558148	0.152128418034435	89
-0.023085588972768	0.280976173396606	89
0.060741459723529	0.634471890644022	89
-0.101381765956962	0.294016777411462	76
0.047700177735909	0.407236985507988	88
0.074088389392972	0.544303095704627	88
-0.044482501575743	0.402732504438968	88
-0.044218597272212	0.167900327425104	88
0.018888681264028	0.665737731681273	241
-0.010174774749003	0.52357113027105	241
-0.084274662146291	0.300511034825911	241
-0.042558385852201	0.287527081270355	241
0.00522706510834603	0.400954274617394	289
-0.056419632682494	0.293115880690691	289
0.010731299738487	0.416023017048035	86
0.045934957934294	0.539845178681901	86
0.013059139848315	0.495009897449751	86
0.064297616677677	0.543147919948927	552
-0.042197711710016	0.281276850703391	552
0.113010520288077	0.420880508447679	552
-0.118993316134057	1.97880482380506	496
-0.051117660557491	1.8950755546268	496
-0.100344350767812	1.4339609119612	496
-0.058104207318014	1.48600430687973	118
0.089799989668131	1.56479956882407	118
-0.098690235273572	0.527585221524226	25
-0.122034142484952	0.485143026747535	25
-0.084646124137266	0.564153994464242	25
0.035992143006004	0.677029181031125	25
-0.014037381839253	0.805592559796276	4
-0.113624243400042	0.586520970978257	4
-0.055641836223417	0.554978345146034	4
0.051229901899815	0.608678531243765	5
-0.034697812037348	0.503700600949084	5
-0.027206242444872	0.619832287141304	5
-0.05045018481894	0.620887115361905	48
0.00305845650187697	0.403114195708576	1
-0.078587507874334	0.394149852647417	1
-0.036202117766367	0.172742420349666	1
-0.042026535294929	0.167618117264498	1
0.076537685013608	0.706851680475841	1
-0.046221093045921	0.554894764428189	1
-0.03383560033904	0.710741272355859	1
-0.07873786855148	0.404000368290434	1
0.019316359978016	0.721925835796806	1
0.013116443909843	0.43221188943791	221
-0.078409065701765	0.300765374164971	335
-0.040723459300082	0.170099779410914	89
-0.108073201699	0.407772449685688	89
-0.00251767354412102	0.677868536161839	89
-0.00476134439930998	0.734890912758865	76
0.017807409811799	0.51226204394405	76
-0.01237785776429	0.421526900124177	76
0.021055267878476	0.645145377301582	88
-0.094110732295233	0.415005718126083	88
0.088048905339817	0.796326590790851	241
0.050096827578515	0.64360722845419	241
0.097510072164477	0.875837226181459	241
0.0479296552531831	0.530911419706484	241
-0.053985204704352	0.292833481121969	289
-0.059937590345668	0.297407354114569	289
0.063511424428341	0.536455979619908	86
-0.040145501903138	0.285806092884855	552
-0.050617622086597	1.95296561948493	496
-0.07999474776866	1.45965149089134	496
0.0659530057686351	2.07226979231371	496
-0.055158381678474	1.4809803096466	118
0.00825243678536203	1.50844872912805	118
0.018707160918244	0.898914504721159	118
0.02225917502541	0.720068878759539	25
0.04844005940889	0.278789683317974	118
0.053630847497379	0.615895558298813	743
0.046583298451213	0.605963537722837	743
-0.0925063818175	0.28565081899264	4
-0.1085330054095	0.41460859117482	227
-0.0847436194613	0.47607237029276	227
-0.00261612099596997	0.596715387913543	227
0.011743952413497	0.654815604379927	4
-0.089874761446273	0.414089662083938	5
-0.026518012489264	0.424071304698579	5
0.070865078031272	0.643141559505752	1
-0.102360593019064	0.452752428260799	1
0.030225466194967	0.582709768299063	1
0.092931402052958	0.721461576997044	1
0.121942961567783	0.610864807525915	1
0.035531603086118	0.419493727486828	1
0.08032830692644	0.522897009581955	253
0.124555066495811	0.29954513242504	1
-0.035259112539413	0.169475933261589	1
-0.040819584266134	0.166160604374828	1
-0.087180742603705	0.460381033231146	1
0.119862837245785	0.430910883444043	1
0.118470563051444	0.194253316345752	548
-0.114735494106772	0.152634190073127	1
0.083212572150032	0.76211733619253	476
-0.015822805406401	0.629301277634661	476
-0.04583582676944	0.418571622339284	476
-0.111356692406614	0.287316054238107	1
-0.124491702030657	0.154250432471742	342
0.121998106062309	0.296124575620203	89
-0.086804403264515	0.301785028867959	89
0.057571775118672	0.622562617734746	89
-0.091691705448833	0.417329822970649	89
-0.053704437961858	0.502288115583703	89
-0.105046829663197	0.295374743167418	88
0.119808124363063	0.570280073672223	88
-0.0711558490146	0.478253683461464	241
0.000023063115486055	0.294536775951651	241
-0.109676232998223	0.40130872710162	109
-0.051578415567108	2.01347145946526	496
-0.011771516224577	0.418822149917303	118
-0.024818190030438	0.6294319334584	118
0.090604646259394	0.691282805704242	743
-0.047721689482751	0.264449609560966	4
0.101464336543962	0.542295826513668	4
-0.113545887152713	0.398786622253676	4
-0.029902683506388	0.509580781283666	227
-0.102656670418202	0.30407370630136	4
-0.013524501759686	0.415868518175064	4
-0.030596403856905	0.416444638274671	5
0.101402063187556	0.541938660764725	5
0.049369102924347	0.615739317911045	1
0.060507540058253	0.484729139971745	253
0.119713851501106	0.199126209354249	1
-0.037967020081279	0.167801448279283	1
0.069581766447918	0.611481906998742	1
-0.097372587384464	0.409743163003071	1
0.111707850166514	0.442330039776423	112
-0.081601860080035	0.290372651677586	476
-0.033726739766388	0.297155836291687	9
0.0535227838956111	0.549299001616423	1
-0.021366523453675	0.421196612774082	6
0.084009856017886	0.415670112099345	6
-0.113034905913204	0.148276850605415	342
0.042505067630749	0.27961010743104	89
-0.032331775181086	0.170519727060441	89
-0.024508835618261	0.515615827879183	89
-0.070892870330023	0.396826652460645	89
0.067310244938567	0.548403290701202	1155
-0.080942757917402	0.29825423353579	88
-0.00457184439407099	0.4136926195115	88
0.112174414016139	0.420623068178249	34
0.124214008916153	0.206232457822621	241
0.116657021139255	0.193360272717834	241
-0.00842286820063498	0.425989947395468	241
0.04671383291068	0.288061043605768	241
0.102532565183026	0.411691086535197	241
0.011356111815508	0.430707134813122	86
0.06906365162106	0.531838205737625	109
0.056625644345416	0.685801035254132	86
0.0127253212566421	0.530678998084209	552
0.065562115321019	0.420546039357571	552
0.049833654394866	0.289101664978889	86
0.0294697310158309	0.409756524367588	118
-0.095489049117505	0.420461600796975	118
-0.052668592199429	0.419495694101044	25
-0.04714164279527	0.414671316935388	118
-0.018343306267863	0.402457045830837	743
-0.039551190617733	0.410770913111272	743
-0.012004756436636	0.413608927833801	743
-0.08167221534716	0.305055062299686	743
-0.030980526713388	0.41518350613957	4
-0.094640523248104	0.414684163346865	4
-0.074675957223031	0.394242216360141	227
-0.066059651217154	0.29425873181127	4
0.112414444534995	0.540966259799183	48
0.122834169425425	0.561611283740095	1
0.036853169195126	0.430392075011372	1
0.00300797735566105	0.286729158944251	253
-0.00555903085729298	0.429689142717147	1119
-0.10996582943598	0.298738027413895	253
0.0367107700984271	0.429276259749039	1
-0.032953410263778	0.294422321109717	1
-0.089430370967159	0.296946040478264	112
0.045578696259824	0.286545141472743	1
-0.043646803478321	0.161648474248048	1
-0.118559646750397	0.305256707886254	1
-0.113311586691136	0.309763146017348	476
-0.109710972392031	0.280181865260144	476
0.00892000222737699	0.419916457358004	476
0.112196509189638	0.540079093313014	1
-0.016437289719606	0.400257087979776	221
0.033092423406088	0.39949651556653	335
-0.098878689958763	0.301828330955579	335
-0.092425933130666	0.302087061535854	6
-0.060851769459516	0.413556757342309	6
-0.000801926031329003	0.291284707966694	89
-0.010159133925292	0.265547319537706	89
0.07548748196509	0.431548226886311	89
-0.123997436386191	0.311682610162461	89
-0.110534449408184	0.308467170139764	89
-0.066157314365474	0.426851259835916	89
-0.119261047647461	0.300258049995304	1155
0.04015406116738	0.273654014582986	88
0.033304477187126	0.407580309666584	34
0.124649689875161	0.572340990908782	88
-0.102656670418202	0.30407370630136	86
-0.106299321208359	0.295528401760923	289
-0.116793929873756	0.303727546489169	289
0.113939997953615	0.432640308343254	109
-0.064302235558432	0.418299391086121	109
0.065838826745574	0.409060269437816	552
-0.049474476079767	0.603694715593184	118
-0.068007497153889	0.296899741198705	4
0.090903944690656	0.638068225350739	4
0.060488615281028	0.62766578913349	4
-0.108150621796703	0.385248001945022	4
-0.111079886555913	0.278214079630032	5
-0.104556426523868	0.411251837358472	5
-0.054265525470998	0.422698209046861	5
-0.022087795976291	0.429292174243123	1
0.067805369012931	0.415368627807548	1
0.013575061147426	0.41780955998356	1
0.023499175385448	0.533503272249491	1
-0.017588866492843	0.428428157483944	1
0.034082620732042	0.406746294712188	1119
0.046136232032725	0.42512502149621	253
0.119204258519534	0.431509629846876	253
0.03201421514402	0.41237185400606	253
0.107716511105175	0.501140616543466	396
0.021179868128502	0.425507261517866	1
0.070035429459798	0.424398108654827	1
0.059822021977288	0.394677549049759	1
-0.00868131743721101	0.277429456815685	1
0.117711230223541	0.642191409398696	1
-0.00915919159414003	0.416997448314625	1
-0.056906669063455	0.418404174084469	9
-0.031905599922231	0.423586966581336	9
-0.018294134017858	0.403452425864549	9
-0.056906669063455	0.418404174084469	9
-0.00975475304346002	0.426401631232361	476
0.071115948291875	0.426718145247014	335
0.013409024976719	0.423790207467607	335
-0.010441756711493	0.425581109528456	6
0.014685475080379	0.425587866314389	6
-0.042079268288611	0.426147685394292	6
-0.123974676747534	0.313253523580257	6
-0.065304694469198	0.40896768757148	89
-0.106210822784495	0.290418149055108	89
-0.031633537143623	0.295197599952076	89
0.049927197089177	0.290204783160795	34
0.064992114422314	0.425846407130344	34
0.072672845598903	0.441867779635228	34
-0.033726739766388	0.297155836291687	34
-0.124933852567898	0.302438059828173	88
0.038227634770744	0.422631005403371	241
-0.082725054248322	0.303765573288752	241
0.038296267566498	0.433467707308289	241
-0.046749036213623	0.421962819380663	241
-0.123015416666854	0.294983349124982	241
-0.11228151259959	0.288418155445279	241
-0.089238492425433	0.398272411351806	241
-0.095090731503213	0.295916132488487	289
0.064311683207007	0.402927710367106	86
-0.035369721989096	0.286402669993916	109
0.109299859108733	0.411459646934068	552
-0.118291112225259	0.288526896578295	552
-0.07122325044532	0.912404181259549	1670
0.119976394140785	0.557191092229316	25
0.049745818250833	0.634694513716346	4
0.074771488540104	0.418237872341052	227
-0.094110732295233	0.415005718126083	227
0.100633919938659	0.647491020540262	5
0.0681081550574411	0.535631050322402	5
-0.00174149573047799	0.428034385240177	5
0.064093843976359	0.528072715192371	1
-0.117647666042312	0.30361695549784	1
-0.072899803147945	0.427217256833562	1
-0.032499723414871	0.41871944591843	1
-0.01658048302824	0.411463502004097	1
-0.001607249996181	0.282874361219426	1
0.12366226574232	0.434810974715084	1119
-0.075081176076234	0.422676943609064	1119
0.03660047479504	0.430036108239494	1119
0.114365771581971	0.433617180628826	1119
-0.073550115865172	0.278392050016051	253
-0.040723459300082	0.170099779410914	1
0.073262575637541	0.422886142062489	1
-0.107347677552258	0.292759707955862	1
0.112911574633651	0.433702900331632	1
0.031920156953608	0.410013262444512	112
0.0537698534739231	0.294632895769422	1
0.03941702983245	0.422307893063087	9
-0.096809807697948	0.30161715734338	9
0.095385249194419	0.547910515050139	9
-0.111735453159511	0.307876541163565	9
0.103361355626236	0.659537851906456	476
0.124020526659262	0.525538683179624	335
-0.102717228154693	0.301592798545264	335
-0.025690245081863	0.427226955041553	335
-0.113282131926175	0.150300714592522	335
0.047664113945125	0.291773372429919	335
-0.00178399354916298	0.284129172807576	6
-0.09135766445231	0.28166057282759	89
-0.074283012588733	0.280965979429333	89
0.111707850166514	0.442330039776423	89
0.1244098144478	0.298646442964005	89
0.121218798589396	0.290741038995305	89
-0.034534618313873	0.174260018652835	89
0.00455995698642997	0.521601763276933	89
-0.121251368722623	0.313147248705226	34
0.000282085998768999	0.293976534692586	241
-0.101430989631918	0.306618119577859	241
0.111355864158293	0.418520195856448	241
-0.091937031069517	0.27580587619848	241
0.0451304781636121	0.291244447307084	289
-0.099518961132806	0.306736938410515	289
0.028802927132943	0.540353402158088	552
0.034429939429214	0.424726006924922	552
0.093414201419445	0.524809656088768	552
0.084121827923794	0.5445531595608	552
0.084615439295415	1.28299393137154	1670
0.116236800563457	0.539831138847422	118
-0.098436098050996	0.296444446340784	25
0.0541474929268691	0.417392210324748	25
0.030886167671045	0.394715176905276	4
-0.00334256953337703	0.638027630532888	4
0.080160114948848	0.542721741946419	227
0.115480639954933	0.277226973541926	5
0.050201243922896	0.295961740279646	5
-0.010905469007249	0.407327109714339	1
0.045578696259824	0.286545141472743	1
0.094296658134416	0.528957143886147	1119
-0.00300554568133099	0.284750699506686	1119
-0.10786048964158	0.296479963960615	715
0.079910800933461	0.636775679183513	1
0.095741310002461	0.561724800355363	1
-0.037418165148191	0.283272764924886	1
0.020914380978759	0.425494860442294	112
-0.058743451546769	0.491898935328308	112
-0.114367854764501	0.308476848049758	1
-0.113220944611624	0.408444174858493	236
0.0155496750233181	0.481127268819186	9
0.059526802460329	0.406384482761236	9
-0.041819201429834	0.166345325053339	9
0.119252577440141	0.435574627350649	476
-0.085539844805176	0.301974210755628	335
-0.050225460601003	0.420725411704259	335
-0.108270884418702	0.406635772166538	335
0.014047085162093	0.420343849343067	6
0.052276913435715	0.285089492140999	6
-0.06337665194346	0.27942991192603	6
-0.11903852980581	0.305890881079346	89
-0.073244874369622	0.285698054574342	89
0.0369421469222579	0.429046156959112	89
0.010961276487476	0.428623256544838	89
0.07492805046847	0.495201489611194	89
0.051743826906293	0.539148461300331	89
-0.00171953286594401	0.283823795743161	89
-0.036394138458796	0.166042032522055	1155
-0.12142905501827	0.154302968807591	34
0.123858858710889	0.546235781394998	34
-0.045230389379229	0.276792069521479	88
0.0102021128797219	0.532507602078206	241
-0.048927688450022	0.415924848085393	88
-0.069763125177564	0.41975537750525	241
0.115998235666561	0.733120176131397	241
-0.038693288455921	0.292129876105226	241
-0.070985331350631	0.287460313673373	241
-0.100579207988657	0.298143667334398	289
-0.112847978122358	0.285028311815184	289
-0.057951469547777	0.280181020334697	86
0.00709561252621604	0.293587477840319	109
-0.107147426945368	0.867371638664742	1670
0.047895630066279	0.696051094011358	118
-0.009219318636985	0.501917435666838	118
0.00288723354866804	0.48294263545216	4
-0.036476580496229	0.401005738588254	4
-0.037536795738305	0.513017152549623	4
-0.081522218428727	0.299308150132506	5
0.00588491782458001	0.529804746116961	1
0.033754129123315	0.410805959828962	1
-0.103554811016793	0.304209686701552	1
-0.00214297603071301	0.288677836301114	1
-0.023368757069645	0.392343700290152	253
0.10955819172253	0.426400266066717	253
0.105762959529402	0.386982524276529	715
-0.100226759761771	0.296320475945963	715
0.070625724726092	0.536146824623545	715
0.05263895780017	0.296119387926464	1
-0.063034807195538	0.408952599657355	1
0.067637710389536	0.411490908238841	1
-0.00673251345307502	0.429919445087172	9
0.078798424235057	0.434900046829548	9
0.113123480355602	0.433779124358335	476
0.049999455977686	0.419575096111271	335
0.055434472633479	0.509943701612111	335
0.003423825651237	0.289648069057852	335
-0.112051818284661	0.300785510581972	6
0.063725064355475	0.422609178312348	6
-0.045703515000871	0.273446306040968	89
-0.039657265556681	0.291936493536595	89
-0.094554378603861	0.28612938009829	89
-0.034780430673157	0.514526041692912	89
0.064507046845084	0.549160078407351	89
-0.085703034306327	0.295224489376937	1155
-0.034208984924201	0.432623961460077	76
0.047930667183356	0.288135495770916	241
0.107809528469215	0.428547685039468	241
-0.034311469035427	0.293806699648678	289
0.010860640525966	0.408588363088048	109
-0.067010064133183	0.293801904583833	86
0.037801263113953	0.608360029843525	552
-0.021641502978206	0.429816117467506	552
-0.061249011747566	0.285062759854352	552
-0.07113942103589	1.01607092299179	1670
0.025352130734723	1.31547436687575	1670
0.084769458171538	1.71508878227039	1670
-0.113733281624339	0.472156327061704	743
-0.086645322547684	0.390248074902161	25
-0.048552342787811	0.428357374341434	25
-0.095832464564115	0.405860922138791	4
-0.00935771356053899	0.271354222869084	4
-0.11032129257972	0.302647207490536	4
-0.038284285930699	0.415834682806911	4
-0.106005718700804	0.293418022240425	4
0.068398979879626	0.530586775678901	253
0.0223528024708191	0.434370265729914	253
-0.030444650620241	0.291176206776755	253
0.123152636400651	0.55708701593959	715
-0.06728807276336	0.292783437343155	1
0.124310399004356	0.303370466158071	1
0.066819574947155	0.535905274088104	1
0.027650937602774	0.530141833200449	1
0.119810035576189	0.628088329407591	1
-0.111916041099031	0.150488377368749	1
-0.065784016525854	0.2932584012496	112
-0.039679799276036	0.285997064180304	112
-0.033432025892266	0.174191346332386	112
-0.123934631489088	0.153105344726263	1
-0.038036464163298	0.171991450715647	1
0.113527658457635	0.634667814250462	9
0.108875723915958	0.418704250464809	9
0.121303253312755	0.623814961578866	476
0.0394567788749	0.424469703182552	476
-0.039013488284202	0.284298868027386	335
-0.00557382653225602	0.277354682307086	6
0.07364047671581	0.440606255901069	6
0.074225719047498	0.436886253511654	6
-0.093936930777694	0.405381772796662	6
-0.056277665371302	0.298653875838554	6
0.120664669152882	0.436128237117306	89
-0.036930131428388	0.172876337095916	89
-0.098409118167321	0.295904633671397	89
0.03210907632947	0.418654515336395	89
-0.00841771558110099	0.2744099411465	89
0.048015283712899	0.284986606497739	89
-0.041217231373844	0.156157006299386	89
-0.00877887773542202	0.430087461259777	89
-0.082191417806397	0.409954335116768	89
-0.00818994551777202	0.426376889198595	76
0.116458264295605	0.43956624086051	76
-0.118516039807719	0.3037276916434	76
-0.046098529668239	0.282361117040276	34
0.0451321280524	0.280490759203909	34
-0.113550942262535	0.302489493134517	34
-0.10731999507553	0.298129743621363	88
0.113758621722551	0.43838868258041	241
-0.00531102936162198	0.281344721634824	241
0.041456794336254	0.426637858567217	241
-0.013235438867603	0.516085537654204	109
0.115842307392054	0.546390663295158	86
0.062414369683792	0.610962531003935	118
0.025959105508566	0.53691745737228	4
0.067540011844848	0.537811938627774	743
-0.011424568716015	0.502186580721312	743
0.085394221852408	0.52672678881018	4
-0.04092336366848	0.286615430470525	4
-0.03477400449666	0.294443970728441	4
0.086797306317097	0.538540438675843	4
0.00741131565269504	0.40011315076596	4
-0.01293715845384	0.405643863710334	4
0.06127786197569	0.537985275043165	4
0.108791485935601	0.423316054112235	227
-0.042376131096031	0.417909493638214	4
-0.122755131578893	0.148944913913388	4
0.066955610438839	0.552920162202377	5
0.123325692471819	0.542829914520276	5
-0.099846402577427	0.300576926279003	1
-0.119212913551039	0.303937984892186	1
0.039810259027299	0.422470725081006	1
-0.105735918227515	0.301427643857533	1
0.12318349270671	0.303437764606221	1
-0.002573387419328	0.292688647312342	253
-0.030094002591422	0.289360087451057	715
-0.043686620766725	0.271986364023849	715
-0.114648509959797	0.148509643524479	1
0.108190270624134	0.436193463552618	9
-0.036930131428388	0.172876337095916	9
0.021179868128502	0.425507261517866	9
0.044860077548492	0.281958344974066	335
-0.120557192965985	0.159006819090808	6
0.111882726403815	0.431591180014998	6
-0.04241754739584	0.153800276282417	6
0.124214008916153	0.206232457822621	89
-0.123934631489088	0.153105344726263	89
-0.036202117766367	0.172742420349666	89
0.071009053725188	0.427751689465522	89
-0.029719282175513	0.420436199241853	89
-0.049827485350472	0.406886716520214	34
-0.08152663817264	0.294958154476848	241
0.11092778968768	0.535588487968059	241
-0.028610934299511	0.160231212088632	241
-0.120557192965985	0.159006819090808	241
-0.037851713046316	0.291969310205147	241
-0.000801926031329003	0.291284707966694	241
0.106418777499681	0.406428217562935	241
-0.06702219784635	0.296561158321547	86
0.012428468596386	0.425334348081431	109
-0.012284840730761	0.413096418385679	109
0.052644653281698	0.288515676885007	109
0.115947509573527	1.55552922562977	1670
-0.064764407061441	0.903917537858016	1670
0.100685211744014	1.59825103500279	1670
-0.116847884351126	0.701382851464224	1670
0.045308943419247	1.07968036129441	1670
-0.122778089614615	0.519016159099525	1670
-0.031368156561321	0.662928622451217	1670
-0.080960431670757	0.470502674545663	118
-0.051991373635871	0.40599717385018	118
-0.047321439751192	0.477836185494318	4
0.012956467246986	0.537885188612955	743
-0.035848132884067	0.500992800253026	1214
-0.082461653516139	0.415248713544406	4
-0.094175698021782	0.284864840825288	4
0.110462115617152	0.442532579489486	4
0.066116748827529	0.405139104066552	4
0.014489295082717	0.428967013185551	4
-0.044089121709935	0.268791338053869	4
0.11448726529733	0.444453510940854	4
-0.110022019515444	0.310963442874827	5
-0.035694224328909	0.406830169377388	5
-0.039185341172574	0.417582932124887	253
0.063437511768898	0.417230069407475	1
0.029353041978501	0.412874161196589	1
-0.098538687112523	0.300548829710221	173
0.014444643049405	0.425379705077383	173
-0.084666676816683	0.296048786427565	173
0.072125367493414	0.426016189972129	253
0.050287171645517	0.295536108625749	253
-0.040275479272948	0.165743596737603	1
-0.075546063290686	0.28010982090239	396
-0.109063763616489	0.291964068889439	1
-0.030469124431512	0.410590612204794	1
0.0538290258003	0.37234640804463	405
-0.079800682713051	0.30432833169055	1
-0.041703454451168	0.276743400467327	1
0.122055310155024	0.300691344772246	112
-0.032015963147383	0.290955241490848	1
-0.06900525485977	0.297445504667509	112
-0.00888071655220102	0.42228663061004	9
-0.045507169212941	0.282903989876874	9
0.076898579470365	0.545674246738303	9
0.00725216042899002	0.413859350638552	9
0.084591597159005	0.540119406938184	9
-0.010825911683173	0.426108994495863	335
0.111751246597024	0.381205894419571	6
-0.062387777467488	0.28742471195994	1225
-0.116148150892754	0.303773369369167	1225
0.109748579781821	0.258826516617567	89
-0.091633181263145	0.294107256316016	89
-0.067435049064105	0.28974001622548	89
0.036992082121751	0.415639480322742	89
0.123789666146363	0.573348325109477	89
0.104045314416017	0.655125055648848	89
-0.000238763606191017	0.293692498200707	34
-0.109337774937811	0.280947715159579	241
-0.083873935453774	0.301438588813405	241
0.111271973866327	0.436324784720825	241
-0.124751377390408	0.155544577577489	241
-0.00866961945947797	0.416415375225467	241
-0.07026570601532	0.293895681753634	241
-0.038417169891076	0.294726908407448	241
0.107509628134267	0.418168714412292	86
-0.00300554568133099	0.284750699506686	86
0.079415754479815	0.552123022476657	109
-0.085388989021978	0.298572845904862	109
-0.00164460553914902	0.279496156438847	552
0.123203088816789	0.43514285765147	495
0.02760736996058	1.41678369390496	1670
0.095414837475249	1.33222866633581	1670
0.050255821106815	1.26905578557481	1670
0.091593891902643	1.26139815726029	1670
0.011847764803624	0.82348016553908	1670
0.088733810404642	1.09517311180798	1670
-0.123067977293376	0.503511609256084	1670
0.0930410427824629	0.680415254976118	118
-0.067692205447064	0.288746828221459	118
0.073236812433332	0.429397520410596	118
-0.039420497625227	0.511151783786214	4
0.00593370168089702	0.524687626899767	4
0.10736422735612	0.657439045749437	4
0.015039737976557	0.618631568464082	743
0.02093489131572	0.52416948680932	1214
-0.015838191167318	0.414722944223983	1214
0.054905858135453	0.294421889010528	4
-0.062778277521625	0.297375073099998	4
-0.061937181648509	0.395788345155915	4
-0.00497518172914802	0.42680566100412	4
-0.010463525747414	0.520369874316143	4
0.097110701756664	0.630646718785804	4
-0.107107607614301	0.29221732663245	5
-0.050003049417756	0.39756775139873	5
-0.103944065298805	0.300643815121126	5
0.043241386652117	0.543914576237871	5
-0.038417169891076	0.294726908407448	253
-0.049489100645008	0.401109224731093	1
-0.00884652184213702	0.411903967327572	253
0.08970350684391	0.548452353697456	173
-0.038036464163298	0.171991450715647	173
-0.120301540210331	0.158166969036568	173
0.074898658330393	0.440436827110355	253
-0.118201616823863	0.303943176707413	715
-0.029366421068431	0.166108309450669	1
0.0490643868790091	0.286762351433191	1
0.050117658796076	0.290904537151996	112
-0.00420060221373197	0.274472196649256	335
-0.055426081342653	0.294238182753406	1225
-0.006938250534892	0.285857786287888	1225
0.0467963697414731	0.286624627317254	1225
-0.034460266200886	0.156830784086126	89
0.121998106062309	0.296124575620203	89
-0.045661331375368	0.415604139477669	89
0.118768330972824	0.557590096371144	34
-0.086804403264515	0.301785028867959	34
-0.120277856635438	0.307378416214895	88
-0.029898998643645	0.417261202031563	88
0.056126716093621	0.294550678371805	88
-0.088792432233107	0.30099598283379	241
0.072862629914949	0.544556578839609	241
-0.040819584266134	0.166160604374828	241
0.111792951218783	0.536153462775675	241
-0.029616832212791	0.296501727304598	241
0.124555066495811	0.29954513242504	86
-0.07026570601532	0.293895681753634	86
-0.101101535506003	0.307724071067789	86
-0.002158907948627	0.28768167558039	86
0.046527151143523	0.430068247689793	109
-0.091316080182633	0.297603742344735	86
-0.064494591865301	0.300622542467815	109
-0.12362237401623	0.155634201329785	495
0.0475721583500151	0.296057759291339	552
-0.097919788784609	1.05111319591778	1670
0.0126150122236121	1.59167154163999	1670
0.068800634501023	1.07967167301139	1670
-0.042316823676468	1.0039800183402	1670
-0.063047052630916	0.860922073498846	1670
0.06737800783807	1.35976838981575	1670
-0.106127781937209	0.672948395354377	1670
-0.021774803187484	0.750617136854143	1670
0.084353323217643	0.53414663487919	118
0.04884319795113	0.5476111605955	118
0.044361929582327	0.540790869649715	118
-0.110878624200741	0.310182494199491	4
0.010963129771275	0.513536843863527	4
0.028799521967811	0.580557807931787	743
0.00232470861678802	0.522565370773061	743
0.00797390675674503	0.520357956862841	743
0.072425263737563	0.426550829734402	4
0.037087988241075	0.415030151079832	4
0.011356111815508	0.430707134813122	4
-0.065175067705572	0.293824866900018	4
0.117706839349706	0.442608708698859	4
-0.064175843507985	0.294509684450921	4
0.039941785171191	0.437899662522131	5
-0.120120537956159	0.300410491806059	5
-0.040626572886054	0.269911721543023	5
-0.035564270037194	0.163275939128894	173
-0.041384192196994	0.164918991607186	173
0.108408027050802	0.430276308443591	310
-0.041452459608294	0.166540477166596	164
0.067339294774575	0.399317027541257	1
-0.099444761425144	0.268186042340779	1
-0.123606378073119	0.14903420129382	380
0.123044328046606	0.301801827558271	1
0.120956729636381	0.198581629955028	1
0.050201243922896	0.295961740279646	1
-0.037366840710558	0.287028227659817	476
-0.017828467711477	0.405397680464162	9
-0.064069610837319	0.293115821983935	9
-0.07620909688635	0.301269518174676	476
-0.041452459608294	0.166540477166596	335
-0.121684263163148	0.157995342139036	147
-0.036877236007408	0.164452989693651	89
0.07015079523754	0.430731838321106	89
0.116524889212186	0.557921447022238	89
-0.080070187032382	0.267403098218576	89
-0.053928996652789	0.415169939916923	89
0.019608198931525	0.418729871414299	89
0.043881084091965	0.530414246658244	89
-0.072336783163583	0.405793736992421	89
-0.110312944463011	0.289084679749948	89
0.020352949645885	0.526603311330016	89
-0.11143663381995	0.301186288503843	34
0.107910839630099	0.652479888205055	88
-0.051265141308134	0.395660150327143	88
-0.06602654846634	0.29813562563181	241
-0.12362237401623	0.155634201329785	241
-0.033320389279889	0.290766124339421	241
0.121282456265337	0.198645955133022	241
-0.064494591865301	0.300622542467815	241
-0.04715063405957	0.279830307597451	241
-0.033432025892266	0.174191346332386	86
-0.00499303655535999	0.283540125381193	86
0.049925046407139	0.294673712239491	109
-0.059402145297366	0.29124700962599	109
0.061755945790287	0.410232202050315	109
-0.043058985182759	0.274229726066305	109
-0.05569790292211	0.296679569911454	86
0.054816829911984	0.290219200801873	86
0.001543563599533	0.280077709882041	552
0.124555066495811	0.29954513242504	495
-0.018469904770161	1.69687493903859	1670
0.074622907855513	2.21903101619036	1670
-0.00273379927136402	1.56997353815949	1670
0.117176270838295	1.36375211579787	1670
-0.010935097191072	0.917092930111215	1670
-0.061327715190271	0.943968031821031	1670
0.089262271317137	1.18216648150484	1670
0.074025847400472	1.26084579463375	1670
0.091068463736489	0.861100228790214	118
-0.106215483993096	0.306926105312776	118
-0.047373514287993	0.416430202407933	118
-0.063928096497977	0.416464920322865	118
-0.083105078163026	0.41493650503479	4
-0.00599978148333102	0.619842169424749	1214
0.024279881515665	0.520083839648957	4
-0.094240632464882	0.288264735875427	4
-0.108190486096688	0.294716338122541	4
0.054441344689804	0.537654606756881	4
0.04535933223953	0.529062031421386	4
0.068290354682421	0.637451485669451	5
-0.017415017110445	0.518337681888012	5
0.121427948878173	0.656605277558812	5
0.121282456265337	0.198645955133022	173
-0.091570708109928	0.294049790140961	253
0.103560473498564	0.413562928433437	164
0.122964300445271	0.200951799928207	1
0.054905858135453	0.294421889010528	1
-0.080477866720443	0.297561267547591	1
0.052555077346165	0.290106847673752	1
-0.042026535294929	0.167618117264498	9
-0.11759773953211	0.296865407416551	476
-0.078259999236225	0.293722235659253	476
-0.084481523613558	0.291576280091492	9
-0.107621033238305	0.287799009754433	9
0.045218245051131	0.291575551432465	335
-0.03268865757297	0.167812585654534	335
-0.000122729996854976	0.294850086524792	1225
0.047212716047717	0.278608116146907	1225
-0.045318133297596	0.163671020678652	147
-0.107112141233827	0.301110498210913	89
-0.110788556999749	0.393629715542654	89
-0.120247218422647	0.307317520555877	89
-0.034586062752088	0.283575844466916	89
-0.00126458277368802	0.43312195489412	34
0.1047321868389	0.656631217491873	88
-0.026915634993646	0.293034024931681	241
0.0771434150417381	0.430896904383276	798
-0.090997050502972	0.297565129588244	241
0.038107963928991	0.433747700140353	241
-0.042558385852201	0.287527081270355	86
-0.064036210442584	0.294511835743061	86
-0.068460276536029	1.78682881783574	1670
0.031318344027535	2.28647305150093	1670
0.090820315431677	2.08791041791401	1670
-0.109769633529974	1.16264821154372	1670
-0.00275923448179899	0.911295243282447	1670
-0.061600322905245	1.14666489250607	1670
-0.071198326272735	1.0310366651974	1670
-0.10447038716197	0.820833598239069	1670
-0.015710734359617	0.413334431420814	118
0.064002360783624	0.415740260303978	118
0.016541712246378	0.425236883250549	118
0.067176967575743	0.670441131764921	4
0.061491951536278	0.608910923481695	4
0.098210805823315	0.720706741881209	4
-0.064845251102545	0.397725918294128	4
0.081273148603405	0.637004000079521	4
-0.069205511511807	0.494873242552164	4
0.057633560717109	0.746249134910749	4
-0.054756079707096	0.512407433060665	25
0.016112263351112	0.611389869780677	25
-0.035205485240902	0.495526790122811	1214
-0.013265118550164	0.478872691526062	4
0.041281585425014	0.276362674819822	4
-0.06521630258406	0.290210833050304	4
-0.119110435671716	0.303365879067631	4
0.113630440202113	0.735148658596312	4
-0.102384260997799	0.302448435262217	4
0.078707690527588	0.640259765666426	4
-0.029515684127556	0.511775256101522	4
0.000461170360261054	0.277246218854929	4
0.062291916913605	0.637590167704646	4
0.026650476813513	0.620795508664926	4
-0.012927727285946	0.513370130479311	4
0.09833007415702	0.625799295878142	4
-0.108258572512471	0.303662914160754	5
-0.074438466688712	0.412127681563089	5
-0.102723477346289	0.297108399839398	253
-0.037453999763726	0.296732847966233	253
0.045337459367317	0.530505667997437	310
0.00695114618732495	0.292288307415712	310
-0.019311584513396	0.408391645718773	310
0.124555066495811	0.29954513242504	164
-0.105760388097239	0.292212479730669	1
-0.033996886658204	0.169081222919269	1
0.0537698534739231	0.294632895769422	1
0.07364047671581	0.440606255901069	1
0.000282085998768999	0.293976534692586	9
0.070841347977687	0.419746902139948	9
0.119713851501106	0.199126209354249	476
0.059326172942511	0.527365605081166	335
0.124902548666279	0.193317041380957	335
0.034952818646248	0.425686335960614	335
0.013555048383784	0.519401389465781	89
-0.00721707754988099	0.57514835324305	89
0.104158136335244	0.652497725382967	34
-0.048635078708496	0.420674597852057	34
-0.049270640659587	0.424800426555657	34
0.123391306560147	0.746150636822047	34
0.083192170203688	0.530781689427328	241
-0.10535190068642	0.299422551281201	241
-0.036930131428388	0.172876337095916	241
-0.00226242775035102	0.263874771075948	241
-0.00585332542185002	0.28448551986313	241
0.00381210602447601	0.292702387578609	86
-0.062387777467488	0.28742471195994	86
0.036475367806992	0.520598975734318	109
0.0770935371120141	0.621620522614547	109
0.00580921997293304	0.603454263593419	109
-0.008500367608826	0.415512890898859	109
-0.066434616517316	0.292116949033346	109
0.0465288642223261	0.281690015362432	86
0.074898658330393	0.440436827110355	495
-0.102723477346289	0.297108399839398	495
0.051333820198618	0.294464644725253	495
-0.034100109375224	1.53527011813943	1670
0.009574125148331	1.71443298889093	1670
0.092366546695601	1.16479718250852	1670
0.059378160104263	1.65863748012399	1670
-0.123799781965858	0.523961042326419	1850
0.038107963928991	0.433747700140353	118
-0.000801926031329003	0.291284707966694	4
0.0494031895475871	0.53137065958745	227
-0.062302969488202	0.401183337633852	4
-0.060933525908966	0.296727743158278	4
-0.112366239062794	0.45686866953628	4
-0.109234663650267	0.395467183473182	4
0.086149705878388	0.529674142312273	5
-0.053711724591655	0.293491415778483	253
-0.00692374374868798	0.410233123481446	253
-0.031412550451808	0.295206010880305	310
-0.033432025892266	0.174191346332386	164
-0.059688897750223	0.409432027317644	1
0.117900015159401	0.198196728181155	9
0.114048984371707	0.552529440212547	476
-0.033432025892266	0.174191346332386	476
0.066792931136523	0.422279356236565	335
-0.038036464163298	0.171991450715647	6
-0.040275479272948	0.165743596737603	6
-0.097396146174255	0.308504062756746	335
-0.045227270941778	0.261370750742989	6
0.122404875111649	0.199001544034778	901
0.104753703824683	0.835874462696317	89
-0.045798724476547	0.420776824070516	296
0.044442979813373	0.282294726937214	241
0.070358246344432	0.544497378841871	241
0.124214008916153	0.206232457822621	88
-0.03477400449666	0.294443970728441	241
0.110089579133177	0.668557706914994	109
0.00973009461225305	0.418751281105498	109
0.108875723915958	0.418704250464809	86
0.050201243922896	0.295961740279646	86
-0.022572765758922	2.32766431227963	1670
-0.044235137247547	1.8343662999141	1670
-0.016341166332515	1.72931311675452	1670
-0.095028102205593	1.17731793927802	1670
-0.056161660979338	1.37876666847029	1670
0.06093270276082	1.7396685032477	1670
-0.103717076436057	0.288725213502596	118
0.118101897871849	0.418286922920084	118
-0.077564704577491	0.475918820545678	118
0.021194838309768	0.754825914151632	118
0.08319143891026	0.760693906696717	4
-0.089956981147632	0.48315978914481	25
0.011561010028873	0.608508135073936	25
-0.049366465682158	0.415039947828346	25
0.076674685451395	0.630376472787923	4
-0.124223835148534	0.403357276774266	4
0.046977957523103	0.63131395709847	4
-0.01321943266312	0.513138109337698	4
-0.041278527053289	0.396077604266558	4
0.075788021323481	0.6231940272031	4
-0.026797611019164	0.417068977626795	4
0.00167526735293599	0.533007786212261	5
0.118652877660479	0.840327667603926	253
-0.088364428332614	0.40482088655161	253
0.016473731869745	0.54102243693099	900
0.06683027325501	0.406331680549145	900
-0.066139193363208	0.283568943975451	253
0.034145627287863	0.418252993167275	310
0.024071144680079	0.417087959187424	164
0.000596283823961041	0.282713134013126	1
0.121852570339308	0.195889917983624	9
-0.071645707412988	0.278754556563152	9
-0.062236418090029	0.301461884978506	476
-0.062527646239897	0.40725484994277	476
-0.043695355402452	0.163516081274639	335
-0.116947496989592	0.306178838502968	335
-0.121938366872206	0.156892679811585	6
0.121998106062309	0.296124575620203	6
0.0502921849918631	0.422498971376825	335
-0.11032129257972	0.302647207490536	6
0.124771021919602	0.197435251980405	901
0.12365390775712	0.198464355288851	901
-0.037870708469347	0.167051134176967	89
-0.10997712367542	0.304753577505265	89
0.01854702851835	0.604011548589085	89
-0.103208472991907	0.394271518091001	89
0.012764484555827	0.42759547477276	34
0.00446704754330196	0.517438885140015	34
-0.06900525485977	0.297445504667509	34
-0.060155201578757	0.411313026941116	34
0.071982378408927	0.428461447999489	241
-0.120301540210331	0.158166969036568	241
-0.093985093753162	0.302586359465668	241
0.1244098144478	0.298646442964005	88
-0.060521016611819	0.290116043533274	86
-0.087997576415162	0.407766165550737	109
-0.059228283579298	0.40058921241257	109
-0.100415138560389	1.5609281186298	1670
-0.075019247834317	1.13616385758741	1670
-0.045444650500163	0.414384988927024	118
-0.053703339945943	0.493233449470197	118
0.110873770705303	0.798830946985255	4
-0.05515187744945	0.287969784272931	4
0.047930667183356	0.288135495770916	4
-0.123769614380355	0.387807413221298	4
0.040716706940148	0.677657239479717	4
-0.00973288802330402	0.583356715425214	4
0.11910361197052	0.646854507946115	4
-0.068746743841926	0.412377429702793	4
0.00808302322548304	0.595259846167723	4
-0.080739111592177	0.389436912261758	4
0.080643205176777	0.706663125389123	253
-0.073428252360988	0.375163596428342	900
-0.039622660042618	0.424517751632911	900
-0.117513119145952	0.311527361858989	900
-0.118311429004422	0.28961276825255	253
0.046440556842592	0.292733794279044	253
0.00959477320973601	0.419052918287611	310
-0.067775251420032	0.290133129048933	164
-0.10445322108681	0.302643363991076	164
-0.036202117766367	0.172742420349666	1
-0.035098331674015	0.172681502759963	92
0.00843032733606197	0.410101637940566	476
0.094158276100528	0.534799048245621	476
-0.09487007635131	0.283318521173377	476
-0.120557192965985	0.159006819090808	476
-0.112582102050138	0.286494295213114	335
-0.072243812646583	0.285247639123165	147
-0.037497036647594	0.170193407126297	89
-0.091939810477255	0.293189220230334	89
0.046189813042084	0.427315732587958	89
-0.089104555095933	0.419135098774153	89
0.0502499391725389	0.609249390955035	34
0.082241339056467	0.646898211106766	296
-0.08485444103858	0.422847684221224	296
-0.00474002376152499	0.420228619548807	34
-0.039968011362211	0.393826766904099	34
0.067607716801438	0.527345229152488	34
0.0704509846122801	0.417805234553547	34
0.067505432683676	0.434910203803505	241
0.067792280998755	0.412890351895543	241
-0.033432025892266	0.174191346332386	241
-0.033055744472006	0.164388539662387	86
0.00248070555824198	0.290275654813841	86
0.121074104902742	0.295366886895893	86
-0.083183208059573	0.295650133120992	86
0.09126373561207	0.54695729944448	86
-0.00217800080258102	0.418201446884222	86
0.0118837570521	0.42809289996242	495
0.121218798589396	0.290741038995305	495
0.118577656313143	0.287843334038703	86
-0.019738732321009	0.500831999819683	4
0.081962921413673	0.636468191069828	4
-0.02947447021386	0.572467612293346	4
0.030949601269282	0.614832220602349	4
-0.112808905472698	0.294791907815641	4
0.022880689217697	0.424471550226532	4
0.035182030441121	0.252716598853795	4
-0.121973505477099	0.152710361725204	4
-0.035331618492078	0.494016354956049	4
-0.087140757113165	0.29974217275092	227
-0.093947371097375	0.403151340922351	4
0.079232214768957	0.530467896731145	4
-0.070462506705166	0.416168053139833	4
0.065554900350479	0.642502534420565	4
0.061701094055854	0.536697421134275	4
0.085819320271918	0.425587273724291	900
-0.112499852023981	0.150393288907455	4
-0.036930131428388	0.172876337095916	299
0.00244826436873402	0.292095302311965	164
-0.04159491353707	0.274554078863069	164
0.00330227735649602	0.295482362715796	1
-0.120848227587612	0.152809673167249	153
0.115958624408596	0.44384640435857	426
0.071673597682308	0.431536820462145	476
-0.035564270037194	0.163275939128894	335
-0.030094002591422	0.289360087451057	335
0.119713851501106	0.199126209354249	335
0.053599288146027	0.282716259199174	335
-0.123362269041447	0.155728468588177	335
0.110462115617152	0.442532579489486	6
0.124771021919602	0.197435251980405	6
0.00367013676018901	0.292212391396416	89
-0.00652976974070102	0.278902194129381	89
0.109117103336783	0.663763851053908	89
-0.121519957937241	0.40498145225356	89
-0.070725219164576	0.288785358416444	34
-0.035747755639979	0.294793963330122	88
-0.03176680579702	0.170755366799563	88
-0.040275479272948	0.165743596737603	88
0.121777959435079	0.293359438785955	241
-0.054265525470998	0.422698209046861	241
0.12365390775712	0.198464355288851	241
-0.00324409591503599	0.285098489678341	86
0.069052637373675	0.429304998599784	86
0.036155868954597	0.524339452880457	109
0.036459334679923	0.429372121176101	109
-0.083082470794082	0.294978087744949	109
-0.118861825010751	0.304012425804329	1850
-0.043214991065305	0.287034216015747	118
0.025845313643674	0.632495056316018	4
-0.087402341328149	0.464847969774343	4
0.047072456838855	0.626212918979008	4
0.122906879427138	0.290817107410121	4
0.047371906434685	0.540274281437444	4
0.081370936547813	0.424823696956698	4
-0.103829511734976	0.406740385334821	4
-0.109471724078401	0.301205008532403	253
-0.094195326713376	0.298039039229025	253
-0.086117887274572	0.298450677687194	253
-0.033320389279889	0.290766124339421	4
-0.044027025005969	0.413177473961349	1
0.121074104902742	0.295366886895893	1
-0.045315599248226	0.281373356067289	1
0.121155457408384	0.194170392898925	1
0.118248634365808	0.56282529383861	9
0.068780163723799	0.421323950348282	426
-0.057559329754888	0.420395866510801	426
-0.066896201388205	0.28350968238906	426
-0.055630029605892	0.420295741104382	426
-0.036877236007408	0.164452989693651	335
-0.082141701657382	0.298049128105068	335
-0.00828693775644901	0.428580555293945	335
-0.124198576558148	0.152128418034435	335
0.122055310155024	0.300691344772246	6
0.122525783752164	0.19495039522302	335
-0.123855831846778	0.148174309951321	6
-0.070846709670061	0.284888824559172	6
-0.122487946192157	0.152114454916293	89
-0.119846724523347	0.287132675509264	147
-0.039709773909628	0.170493638317434	89
0.124214008916153	0.206232457822621	292
0.036260747387895	0.425489260002146	89
-0.071461802157014	0.283423583067626	89
-0.080550667013451	0.4735724792643	89
0.018961269309151	0.494155438616691	89
0.097535806225678	0.553623869391882	34
0.08970350684391	0.548452353697456	34
-0.119248363433017	0.276456182472893	34
0.064866334239986	0.540298587154986	34
-0.039279849277239	0.297733229378102	241
-0.085865072216833	0.304316946305161	241
-0.074246266764207	0.284202468917467	88
0.0448821614764749	0.428462876473624	86
-0.0925165700907	0.388154594837406	109
-0.053934233874191	0.41394990130148	109
0.068834752623933	0.539794928715771	109
0.016932254318384	0.428783944270722	109
-0.078275922227164	0.300162613635631	109
0.058383961959277	0.286141731954215	86
0.024710800892374	0.613704130351885	4
-0.064686443098982	0.525095652544554	4
0.033534840520143	0.901681712669329	4
0.033470078213146	0.618715033293198	4
-0.10506032987527	0.505728944525864	4
-0.06183028950388	0.532172666546973	4
0.075498155391839	0.939046322410024	4
0.018406284945977	0.524930665320864	4
-0.044830251306601	0.397514197756405	4
0.000478033435798997	0.534362489979538	4
-0.120848227587612	0.152809673167249	4
0.07302246562826	0.555751882366666	4
0.116156063021366	0.606861945898471	4
-0.0403797422403	0.50307792741419	4
-0.053557584874123	0.505537941369655	4
-0.073963319644209	0.458432030190699	4
0.086585025553599	0.546259852912376	253
0.085218419802126	0.530400726744044	900
-0.065175067705572	0.293824866900018	4
-0.038314518057951	0.162667445751292	299
-0.040358800921977	0.165458043284872	299
-0.116087387184911	0.308513495802885	4
-0.037497036647594	0.170193407126297	1
0.042687168372821	0.5374142062433	1
-0.115771157071751	0.14634126795826	92
0.116636012107522	0.433222066462811	1
0.122404875111649	0.199001544034778	153
-0.059276189055781	0.287872030536241	426
-0.117484044081415	0.155362987319923	426
-0.079948121137876	0.422679120162875	426
-0.03362943307893	0.396621536306545	426
-0.112655074426495	0.396787824850263	426
-0.105600011294149	0.286790447899575	426
-0.112257068109425	0.285031425119741	6
0.034871212263036	0.430981787185238	6
-0.036930131428388	0.172876337095916	89
-0.031027002951988	0.169220794241098	89
0.124214008916153	0.206232457822621	292
0.022881674893114	0.60221784444987	89
-0.055375158827237	0.393489966734873	89
-0.029660154381457	0.416694289550252	34
-0.117807835880926	0.302307982288472	34
0.0490680928816279	0.294378869374499	241
0.084590851383881	0.54526616352011	241
-0.035826103360814	0.17167260536398	88
-0.079538926001508	0.299071038936313	241
-0.121120346232233	0.153093217450726	241
-0.083663045911434	0.305141369789108	86
0.1106026424699	0.394072024604089	109
-0.016584042037369	0.411107301868046	109
-0.007627211736419	0.513640024564257	109
-0.068959918876985	0.294685711871408	109
0.059425331351511	0.272894568912939	109
-0.051563177249972	0.532818273249101	4
0.017607336994201	0.526899537779467	4
-0.062718572987999	0.28734868656355	4
-0.016462628113454	0.735631814147845	4
-0.096861348272997	0.500722914707758	4
-0.027356580337127	0.598469903326299	4
-0.038739419494024	0.614063726911522	4
-0.064582329366646	0.540985137614964	4
-0.098509327903194	0.448589509457037	4
0.062067277556356	0.69450693304046	4
0.023684449366175	0.57438412036912	4
0.004855640096327	0.512693879181824	4
-0.022358937660583	0.501344104886368	4
0.061359221259375	0.401119631383145	4
-0.064675480821174	0.482659883975269	4
0.110409226779976	0.727034417369022	4
-0.069474198445295	0.408988729904032	4
-0.016750275902259	0.515229305906972	4
-0.01618430470546	0.515988181202908	4
-0.063034807195538	0.408952599657355	4
0.022721658940128	0.60734826170547	4
-0.124348714939124	0.311684943559307	253
-0.025628443921375	0.380951004374605	4
0.021874751771866	0.527517977976249	4
-0.067010064133183	0.293801904583833	164
-0.074678467380062	0.397664504430944	164
-0.043938170524785	0.418775497185095	1
-0.030667745026449	0.167317070122133	476
0.121998106062309	0.296124575620203	92
-0.00585332542185002	0.28448551986313	476
-0.062744102402772	0.416066641103404	476
-0.066481571469204	0.299382957984242	335
-0.033996886658204	0.169081222919269	6
-0.1194324503778	0.158271878821346	6
-0.101101535506003	0.307724071067789	335
-0.00591042737012298	0.530504582017151	6
0.00295004923212705	0.4062290435636	6
0.122288273798303	0.556147174235641	6
-0.03176680579702	0.170755366799563	89
-0.000382431163695018	0.291430825040389	89
-0.036336451534167	0.415872319069679	89
-0.034619367378748	0.424544020519193	89
-0.074507127488631	0.387288096793073	89
-0.010933957400823	0.523066273016231	89
-0.123822079671872	0.395319799751444	89
0.043651046803907	0.541365861548287	34
-0.072830081446062	0.286149404394063	88
-0.062056573897152	0.293679577512856	88
-0.027944041323896	0.413029437819505	88
0.04739536487923	0.28456744749354	88
-0.110381110539664	0.310706847921229	88
0.059828270689397	0.534035711157439	88
-0.097703500257428	0.302325227880231	86
-0.091538053196173	0.273006166781248	109
0.110853453009117	0.426417785410173	109
0.119125566711633	0.431034211624071	86
-0.063175591334641	0.647941651691351	4
0.061402915297526	0.537788772222314	4
0.024967139196989	0.851250151498668	4
-0.115491410651331	0.400359422029169	4
-0.111592586024097	0.412318677871079	4
-0.092350243117207	0.2877299252868	4
0.105544874050167	0.800718905894442	4
-0.066660413621034	0.542360303846628	4
-0.075173459133176	0.569121211375788	4
0.107528797667864	0.734022771113418	4
0.012891714618942	0.590934243826596	4
-0.070462737382881	0.286821863726006	182
-0.083215670896599	0.411891213635117	4
0.024796499420789	0.536249165393628	4
-0.123737293020164	0.304561357572408	4
0.073853198665552	0.621166686305705	4
-0.02607227503864	0.515427412178348	4
0.0332663833768651	0.622535262378537	4
-0.120194130368204	0.304265368692888	164
-0.030175079984495	0.407050836490861	164
-0.112396790991663	0.302249842140529	164
-0.06660598832163	0.396526547515135	164
-0.116109614751704	0.15553924319242	1
0.051419481314169	0.29712546877219	1
-0.117548402442719	0.388032927616125	1
0.1244098144478	0.298646442964005	1
0.066510136043012	0.42127995189505	476
-0.037471701831022	0.164473276431771	153
0.043115565153009	0.529604097028118	426
-0.039897381044021	0.394477482346965	426
-0.12077580243322	0.408983113369394	426
-0.038241747781154	0.430951559923304	426
-0.113382704169807	0.306943614311444	335
0.037573444397992	0.40942037065493	6
-0.00624248061364002	0.425332067093025	335
-0.03583631240928	0.400856688181456	6
-0.00802379289376998	0.284406957736315	6
-0.016766939816655	0.414050532995605	6
-0.014891886253679	0.241179393988207	89
-0.085865072216833	0.304316946305161	89
-0.036930131428388	0.172876337095916	89
-0.034534618313873	0.174260018652835	89
0.0150041375090521	0.478182193120237	89
0.00749813682175204	0.411468740863868	89
-0.106574597961581	0.403587593418021	88
0.075228462108291	0.532410527554111	241
-0.043675569102081	0.278583004543523	241
0.043102647626314	0.420847880676147	241
-0.00981498952450799	0.422891371265214	86
0.047930667183356	0.288135495770916	109
-0.038012454007058	0.40629761238325	109
-0.00655995681273103	0.418913296901201	109
-0.085938174591712	0.462699091743504	109
-0.093522697688217	0.521819090061143	4
0.041209784595535	0.67245710379107	4
-0.062611357927368	0.408568344698522	4
0.110807287877613	0.43033666560403	4
0.118003959256413	0.439909550768216	4
0.051419481314169	0.29712546877219	4
-0.094194193370423	0.412038952697561	4
-0.057516580884404	0.498126346530958	4
0.101610701095557	0.543824882276138	4
-0.035496565280633	0.510260230167785	4
0.04706527748115	0.627617672641259	4
-0.082153188934962	0.481110266067675	182
0.013335520155911	0.661833162047789	182
-0.028268837758878	0.163924152992278	4
0.03475306638457	0.39771593441905	4
0.112310057435863	0.419773493681659	4
-0.106182496975559	0.389494019632555	4
-0.060117872525537	0.491236814423396	4
0.023346029754308	0.674791245583066	4
0.068959071534507	0.406312112264092	4
0.0288581097874669	0.481991277462008	164
-0.00577547477481599	0.420930941835438	164
-0.046051645881813	0.497500034248518	164
0.00497077820703495	0.416618098678564	1
-0.00288393987808999	0.415292593801617	1
0.083284233518951	0.53123844360469	1
-0.119985777430136	0.150290879089864	476
-0.111392210909381	0.306191724067082	92
-0.11225034569892	0.302420416717732	476
-0.083263608954249	0.30146154749667	17
-0.1067511834908	0.297165983220237	9
0.089944455276044	0.589539607372588	9
-0.014747825584667	0.512192951534913	426
-0.000337332747350982	0.382481977706741	426
-0.082265435718649	0.395381309957537	426
0.000990067111595994	0.294943632410782	426
0.112911574633651	0.433702900331632	426
-0.077074190403985	0.411982630337129	476
-0.059529081294219	0.403447032273819	335
0.090430791962984	0.538967106970378	335
0.073520566805697	0.427528717054829	335
-0.085050503615428	0.447541413320174	335
0.038107963928991	0.433747700140353	6
-0.121019474423064	0.308087758574607	6
0.091290355181631	0.709199953491915	6
-0.078442349225471	0.394600942216339	89
-0.060724574496668	0.408213353702184	89
0.121006908071277	0.295460890512761	89
0.0573231116206731	0.37767351988645	89
-0.078555447570395	0.416101821265359	89
-0.04345402672862	0.41632445480833	89
0.0764344354439031	0.420527212709882	89
-0.110100072964675	0.293997129443651	89
0.039292365779128	0.278101790944287	296
-0.118609155270804	0.15218243102061	88
-0.103554811016793	0.304209686701552	88
0.013454667197459	0.43473118552739	88
-0.06786414553772	0.267029039549582	88
-0.020984676893499	0.420390332119419	88
-0.093526099916036	0.29641564149456	88
0.035948157052454	0.607404510495272	241
-0.106726566037704	0.298456094053534	241
-0.059820743465747	0.290900442253992	109
-0.051222631268585	0.408822846383358	109
-0.053418141254178	0.427419354960576	86
-0.048754621856038	0.157954061374204	109
-0.068630513639715	0.280645009462176	109
-0.068548672348627	0.282685159069078	109
0.027784337026281	0.526553728050329	109
0.0624984328097949	0.541686849756579	109
-0.00696951269392299	1.27316541036056	118
0.017368252066794	1.25045343947257	4
0.08094881883577	0.64473492428298	4
-0.063126060317056	0.49297519319628	4
0.0909031062049131	0.803493011140138	4
-0.072478061792873	0.41819536579534	4
0.06975465743011	0.424636365929498	4
-0.111040348228068	0.304308861377241	4
0.123803823452469	0.71391570823687	4
-0.031589270655481	0.518086699045661	4
-0.087833703799265	0.288554425672079	4
0.11657594224866	0.716238145319686	4
0.0178028704772309	0.537795905103455	4
-0.084238152981257	0.463326784016566	4
0.066962981047326	0.547637358842109	164
0.00464605193270895	0.293301085447937	164
-0.06079395681911	0.298389762204166	164
-0.115572368165526	0.302733806215281	164
0.123444330504326	0.809819258286355	164
0.097856585873277	0.553321622244759	164
-0.031567533974244	0.415370009640302	1
-0.01557539409483	0.511061632800721	1
-0.00694064360637098	0.526177121328994	1
0.103527782780286	0.714095108230822	1
-0.109922437289149	0.259562490203268	1
0.073805925013287	0.558071199112369	476
-0.054547693333105	0.270794185406576	476
0.073352133513046	0.612185349703672	476
0.090598151665367	0.523520005947294	476
-0.00758262027171402	0.413829747067538	476
-0.018988486958801	0.514898496833868	476
0.045854385322039	0.419441532857319	9
0.022206646766922	0.724169451223317	426
0.00811897156463504	0.40707730970724	426
-0.032870011210724	0.56808156379864	476
-0.100204717358343	0.307572633011224	335
-0.00566501853551998	0.42446135362024	335
-0.03374235923103	0.493998504938344	335
0.119101985808064	0.81372289559308	89
0.051299617894344	0.531572575811822	89
0.049611121270192	0.426501241950882	89
-0.093924964306227	0.287394184693964	89
-0.079977022690995	0.468752201534285	89
0.0906318148492	0.654193542946782	88
-0.04265743701867	0.498183380081063	88
0.066162016837099	0.81291451229704	241
0.055445985739261	0.753772468676703	241
-0.114649907405827	0.408201733718738	241
-0.120425287618141	0.301781371031961	241
-0.118646955771675	0.397357143543129	109
0.037770991080433	0.43385333674401	109
0.047930667183356	0.288135495770916	30
-0.118489318815254	0.461632895017532	4
0.061602351965834	0.832073786329602	4
-0.078770273506385	0.416515293737695	4
0.078252142914822	0.783254187907127	4
-0.026355753736201	0.506919501263856	4
-0.095818222420038	0.41196841054155	4
0.053297499271816	0.6066959135613	4
-0.086449885425294	0.292262758103871	4
0.12191577670558	0.301862011357239	4
0.012054453353234	0.602580022175786	4
-0.036121126566134	0.405746913841671	4
0.037377927511177	0.432821196923344	4
-0.053519372873416	0.421055229655719	4
-0.026080534086361	0.506581877493378	4
0.00767647974604602	0.524529846296115	4
-0.08952142794179	0.398360888104437	4
0.00911478455544001	0.42502828170288	4
0.015607990668832	0.588159857524	253
-0.114872206138103	0.308727684901221	4
-0.020692355403304	0.426045085756046	164
0.053043657525376	0.589692780784489	1
0.122085922799725	0.73412692689624	1
0.0490680928816279	0.294378869374499	1
-0.090179109479309	0.397884257200757	426
-0.087778849558435	0.407015856918618	426
0.012499720572406	0.415627602192005	335
0.1061911105462	0.658886477238594	335
-0.107044852565274	0.304625451226503	335
-0.038908333394864	0.289278754297356	335
0.001365482584615	0.294366975706195	335
-0.03048418402823	0.494170025391026	335
-0.046072573903226	0.41550640980319	6
0.025322276587614	0.461141692406465	89
0.124214008916153	0.206232457822621	89
-0.036930131428388	0.172876337095916	89
-0.034724394345072	0.167441011085194	89
-0.044218597272212	0.167900327425104	89
-0.084689754393803	0.382571724086267	89
-0.120650945767551	0.307995200639595	89
0.096433599134145	0.561196273003052	89
0.00258794219041103	0.294475311721082	168
-0.075247989903453	0.280823804718832	88
0.039441547610277	0.545172557913344	88
0.06530366025607	0.533808342155517	241
-0.118525950862142	0.311002529020392	109
0.05001682496202	0.546238092726576	109
-0.035869036666491	0.384220976400778	109
0.052915149494627	0.539902106020066	109
-0.014747825584667	0.512192951534913	109
-0.018819149466671	0.431223860432536	109
-0.116546580008279	0.144095327438201	86
0.124214008916153	0.206232457822621	30
-0.108761852706312	0.517871397183996	4
0.0117512830841811	0.411033341599553	4
-0.063454725108986	0.665752623005465	4
0.018066299561353	0.793349501774388	4
0.0938338687800671	0.788956132016937	4
0.10524570223811	0.64246844778801	4
0.045218035338362	0.286672636531447	4
0.00957634351051695	0.596308629303072	4
0.108559151528549	0.739763249554607	4
0.012393148320286	0.526972088593017	4
-0.113382704169807	0.306943614311444	4
-0.040335903373449	0.284387011019119	4
0.117900015159401	0.198196728181155	4
-0.05429719214317	0.397925345040587	4
0.036117430573979	0.524338170059382	4
0.081013127823784	0.529999106269546	164
-0.012358770026685	0.50350334367146	1
0.00438333396282098	0.294003858592518	476
0.00370581265784697	0.291485455457976	17
0.001694421869187	0.277480965610767	17
-0.022851057829379	0.392606318834674	476
-0.109041613350413	0.396984168333132	426
-0.042970552049742	0.530310893291721	426
-0.106808645210493	0.285708223389064	335
0.046633630235187	0.284866857044243	335
-0.065721546579133	0.417068857761855	6
0.085643142457459	0.550749312680356	585
0.122964300445271	0.200951799928207	89
0.111651392827637	0.642814046062878	89
0.105147307192869	0.627967473724979	89
-0.116087387184911	0.308513495802885	89
0.014231330428302	0.400725157430871	34
0.026911718208377	0.533040650810098	34
-0.110675134409771	0.303906240759716	34
-0.00382658105077699	0.513404380119907	88
0.079094456877368	0.438574650803274	34
-0.068317223178894	0.292864244912987	88
0.057904139180842	0.538618056675037	88
0.109513339381646	0.785548183465786	88
0.00698368691532303	0.28730882889431	109
0.070318550166288	0.419289166116248	109
-0.039059188666403	0.167843938439159	86
-0.00300554568133099	0.284750699506686	30
0.020329905327144	0.981892455383924	4
-0.055727911683242	0.494949646393268	4
0.000124435856199034	0.634985748050661	4
-0.034646007035576	0.561174638272649	4
0.025174142767046	0.614995078247801	4
0.03660047479504	0.430036108239494	4
-0.103554811016793	0.304209686701552	4
0.062390403296622	0.721386658036313	4
-0.039732500021343	0.425825656113244	4
-0.057641606200416	0.420990523258707	4
-0.03004034592319	0.424014970998177	4
0.118361684324499	0.544903077997424	4
0.069993303337356	0.642448792908197	4
0.100471262535482	0.830194205343497	4
-0.094297551861382	0.415834085690851	4
0.01221295966341	0.638799477667219	4
0.011498861885191	0.418309464398043	4
-0.101135425125855	0.300707439180887	4
-0.034198170904618	0.293128121594033	164
-0.035826103360814	0.17167260536398	1
-0.034754704922227	0.292011365377517	1
-0.075283110854785	0.386376646483824	1
-0.041452459608294	0.166540477166596	476
-0.036930131428388	0.172876337095916	17
0.00208818818147405	0.39834820464751	9
0.11859178845661	0.859428471359049	426
-0.051337558860034	0.496478693926853	426
0.038688561623012	0.434498025574074	426
0.117686345264328	0.292214007231907	335
-0.00214297603071301	0.288677836301114	335
0.0768836535859579	0.426779429876675	335
0.00345287341001499	0.290614100099378	335
0.00548459849461302	0.52003777661327	6
-0.108870058713698	0.293916416226615	585
-0.070003337315191	0.295858100952837	585
-0.121973505477099	0.152710361725204	89
-0.039481780291267	0.285062727363624	89
-0.115891306543757	0.412017906242545	89
0.0927360702486521	0.54950610335055	296
-0.113498345909878	0.306115815466858	89
-0.096684999663367	0.406220852696089	34
0.090234714120504	0.650503175919356	88
0.016770996735322	0.431886218841469	34
0.024498649797615	0.537495050339464	88
-0.00263416539828498	0.532500647112699	88
-0.029457800211925	0.410785494441879	88
0.110762372541836	0.775166980658824	88
0.029669549784286	0.54374401306717	109
0.00285460186023301	0.381940415712388	109
-0.014254800233388	0.419271541257044	109
-0.123456460329791	0.388348951173001	109
0.071705229308905	0.713955135515749	109
-0.002573387419328	0.292688647312342	30
0.094333513808142	0.547464867400987	4
0.021453268479108	0.817133470349316	4
0.069625633847738	0.804593403520528	2109
-0.011086091459912	0.683712559548096	4
-0.112960656359372	0.45632968175132	4
-0.006938250534892	0.285857786287888	4
-0.000238763606191017	0.293692498200707	4
-0.098341999230202	0.401965021834191	4
-0.081232322296048	0.411240223017927	4
-0.115564040665629	0.391670378020756	4
-0.05692505334086	0.425232706845136	4
0.021671486542464	0.526282126079963	4
-0.094615556445698	0.422685777129985	4
-0.068007497153889	0.296899741198705	4
-0.00125615041170102	0.516870151921197	4
0.120719130516332	0.286778346837174	4
0.089595913062976	0.539232950005176	4
0.00818797690245699	0.269796484948578	1
0.0179903312233179	0.427578046453907	1
0.120956729636381	0.198581629955028	1324
0.124214008916153	0.206232457822621	17
0.07868724549342	0.430449736135533	9
-0.03004034592319	0.424014970998177	426
-0.070489773991382	0.421465313947352	426
-0.00981498952450799	0.422891371265214	335
0.00337451175928705	0.42455464709926	6
0.119713851501106	0.199126209354249	585
-0.017525889093347	0.405601151514695	89
0.113209397294087	0.771716388606406	89
-0.105972450114015	0.409913965092182	89
-0.052583520225186	0.456983735284781	89
-0.00116093583488902	0.596771164968589	89
0.058378079460426	0.579102708270244	89
0.101534335581689	0.649575357880626	34
0.112277628607279	0.778954593630831	34
-0.042548465285908	0.165709173447527	88
0.122964300445271	0.200951799928207	88
0.077560133269072	0.54688913971035	88
-0.032868208908604	0.170805479480064	88
0.058297294492726	0.278918953519009	109
-0.037471701831022	0.164473276431771	109
-0.00997935759142299	0.429214566927924	109
0.120594326484078	0.428713858239077	109
-0.054449918346926	0.404770941833155	109
-0.018218008492061	0.384648631616869	109
-0.064186696456208	0.420234961925472	4
0.114985226518794	0.794843046556182	4
-0.066183747703306	0.779666353129059	4
0.070564951570235	0.893451883685474	4
-0.112752966265354	0.517485957510005	4
-0.089144878766578	0.479710203395816	4
0.038075176570183	0.270110777000371	4
-0.029766060826365	0.614868839434563	4
0.107200243187797	0.786602338046042	4
-0.054890882840517	0.399929257855446	4
-0.04114175535212	0.550454237915099	4
-0.105887946196707	0.401757442121538	182
-0.072011859751751	0.414690309433237	4
-0.082756412214204	0.486864084358584	4
0.113140255088566	0.652090881821373	4
-0.05152311824871	0.494021211812816	4
-0.102645679468221	0.409247556496391	4
-0.110312944463011	0.289084679749948	4
0.030271971667806	0.417867471799398	164
-0.059937590345668	0.297407354114569	164
0.040639478015099	0.531464170797174	180
0.102532565183026	0.411691086535197	1
-0.105760388097239	0.292212479730669	17
-0.039145087233473	0.167586294800877	17
0.118962299494205	0.286662290451126	476
0.071959337169747	0.413272547462009	9
0.019699170421093	0.586330379398623	426
0.104587961638982	0.411219495067561	426
0.117900015159401	0.198196728181155	426
0.118673107965924	0.29497201272278	335
0.059807928748312	0.275953639034026	335
0.012169976420581	0.407608362800002	335
0.077583728616674	0.632580667665444	6
-0.097393607245851	0.279215866947629	585
-0.120075413037698	0.303147639294372	585
-0.122817981791757	0.154061143804624	89
-0.035098331674015	0.172681502759963	18
-0.010716342335175	0.519276834654778	89
-0.044119568014093	0.424289717549723	89
0.082029157058014	0.43578042628942	296
-0.097956753692652	0.307269806445009	34
-0.067743876988421	0.299228657127456	34
-0.067272220529722	0.423713416905686	88
0.051039115983447	0.503733394351017	88
0.011285509633932	0.411163332636078	109
0.077429992585629	0.432958130388277	109
0.022751449810835	0.42530848959582	109
-0.095777789174074	0.302499606708407	109
-0.026009562345133	0.503794862462009	109
0.118740908183552	0.86574645223438	109
-0.12119455941497	0.395036068952535	109
0.076902965718226	0.387562551825835	30
-0.083336923034337	0.302991737483017	54
-0.121120346232233	0.153093217450726	86
0.051419481314169	0.29712546877219	30
-0.104868765116042	0.502027818406004	4
0.095426015960994	0.533276246374935	4
-0.075711018929675	0.619806640855929	4
0.017321336834732	0.595128420833038	4
-0.00494003593043701	0.853489437867907	4
-0.023513975330145	0.803583683928946	4
-0.119234494594781	0.267143800885813	4
0.100039005446731	0.793691650549248	4
-0.052847172414668	0.474130904925685	4
-0.049097789056484	0.38643214021802	4
-0.00610503471375001	0.26864151661798	4
0.028305813709001	0.521390037548849	164
0.12366226574232	0.434810974715084	4
-0.005957859419644	0.271938320784248	476
0.12424891128841	0.29602967735903	17
-0.00527730303479301	0.41186160991026	17
0.115309276647582	0.554943363677336	9
0.030393526301185	0.410401856798975	335
0.04686640484956	0.42801970490281	335
-0.106726566037704	0.298456094053534	335
0.063094351213729	0.279232053832131	585
-0.00107433727434197	0.288076102969178	89
0.122288460411843	0.295224960085863	89
0.050375451007168	0.290085398640271	2293
-0.057603603022588	0.485996568457886	89
0.030985642280731	0.720475947462852	89
-0.086032594904306	0.424259957742224	89
0.059471578451324	0.629158397790098	34
0.124771021919602	0.197435251980405	871
0.048984243668976	0.292344867987126	109
-0.05275610860488	0.293687858561562	109
0.048739875506299	0.633163460797688	109
0.044709938074789	0.545054609045549	30
0.106008623117825	0.635740648072579	30
0.060803155034393	0.510218044764366	54
0.0475721583500151	0.296057759291339	4
0.000383069701856975	0.28247559071469	4
-0.014438944166755	0.563284547801485	4
-0.099809630384813	0.639126475505404	4
-0.114530820994287	0.388821580238562	4
-0.107922425469498	0.607138202606995	4
0.120377055984697	1.13495671436102	4
-0.120725783037824	0.405220926408481	4
0.075279520781796	0.633070254855803	4
0.09789309239528	0.788082571767787	4
0.085786764066946	0.540825976838781	4
-0.071253089616784	0.41930609666278	4
-0.092064100172513	0.420135207247982	4
0.00612983840341996	0.770108565179486	4
0.102955218595891	0.522802630775592	4
0.072976041758221	0.426742095398012	4
0.0490643868790091	0.286762351433191	4
0.047115724477688	0.277280188455637	4
0.043147062881032	0.28081237265328	4
-0.121973505477099	0.152710361725204	90
-0.059249264180841	0.429789270325052	1
0.09205706605495	0.558295658549253	1
-0.038708874050648	0.288004779761999	476
-0.03019851576215	0.505009868529518	426
-0.042079268288611	0.426147685394292	426
0.0660355898667731	0.531853336526166	1277
-0.123320251600439	0.144376611971265	335
-0.034534618313873	0.174260018652835	335
0.071414693601725	0.439471454506274	335
-0.00707461203985399	0.281970261038887	335
0.011695143558326	0.428133199897679	335
-0.115227506449141	0.309305937369638	335
-0.099066516739928	0.415056321626125	89
-0.065070847637929	0.411629823023929	89
0.00664251950608297	0.511255773152016	89
0.081475770115519	0.52238571476599	89
-0.082365704903547	0.28832270955441	34
0.018501923330852	0.529570150556104	34
-0.066213756362988	0.29635885324848	34
-0.121938366872206	0.156892679811585	163
-0.114819441266921	0.293212686883719	163
-0.091719009697209	0.289972636227705	163
-0.091052610146886	0.284591127260214	88
-0.00555903085729298	0.429689142717147	109
0.0448821614764749	0.428462876473624	109
0.093863848592946	0.545130581191276	109
0.041986814151145	0.536466341888399	109
-0.051298266922539	0.417824237112087	109
0.059033110862463	0.535433031129707	54
0.068537944505869	0.555012449148684	54
-0.00146588381240098	0.289957678494949	54
-0.110330456631353	1.18157489786583	4
0.058697198079721	1.48264987544854	4
0.097509521128644	1.14937270573956	4
0.067893324625708	1.09891817181531	4
0.067195228471379	1.11166533542342	4
0.057741812247034	1.11026162325066	4
-0.051087803287198	0.733028406682237	4
0.035897465127245	0.774814464805117	4
-0.076450172560373	0.519611102273226	4
-0.081550790264072	0.534286907363606	4
0.106304401146895	0.552786806178089	4
0.086242403047491	0.807813925412168	4
0.083887450274471	0.727466632031857	4
-0.087529670263793	0.300447295878501	4
-0.08131337677136	0.419309382591835	4
0.0172848673757	0.426181152806823	4
0.045045075927113	0.282575692999944	4
-0.012506690932433	0.507840196787769	4
0.117047810940825	0.548669619567773	4
0.057830178011707	0.627264276048839	4
-0.036404679099769	0.297103323646125	4
-0.101475418537269	0.297354448145562	4
-0.061509892422684	0.391102198242982	4
-0.054159329147193	0.483909943495415	1
0.124214008916153	0.206232457822621	494
-0.119984649775975	0.153305357422704	494
0.061842936029109	0.543678693509999	476
-0.082066846007578	0.484609726690515	426
0.028026587408863	0.616030563998772	426
-0.039369666763285	0.414156201926098	1277
0.123096620587683	0.199573646617747	335
0.095838607009154	0.63245762571545	335
0.106813000636958	0.405778672656294	132
-0.022799287565887	0.42044499625758	585
0.07563368405866	0.620242248024961	89
-0.123369428310592	0.305817530544215	89
0.119713851501106	0.199126209354249	419
-0.111401897108363	0.395108556168751	89
0.089847650232373	0.629518875252147	89
0.022170778090885	0.522402911514223	89
-0.058697101479756	0.414844924663802	89
0.086872440700921	0.637194009392379	89
-0.110558325872182	0.402565003689842	89
0.084665058487317	0.647362168319319	34
0.00480227451939996	0.41159452229677	34
-0.031123649783554	0.415060265884301	34
0.12191577670558	0.301862011357239	34
-0.122901591007014	0.297635192941378	34
0.045420104826192	0.280985538518635	34
0.124340245880256	0.195846510231883	163
-0.115449244741058	0.305957765468065	163
0.024288453499981	0.533056402383751	163
-0.037930917614355	0.418336098933371	163
-0.111452430117433	0.141274448736209	86
-0.120301540210331	0.158166969036568	109
-0.089829807335587	0.414031344007867	109
0.014051117524727	0.538502519941089	109
-0.039709773909628	0.170493638317434	54
0.018841073836925	0.608348516945124	4
-0.050145987585421	0.42269652510414	4
0.09001916374503	1.10193155276267	4
0.021740565443747	0.656925014891652	4
-0.098713189470188	0.67353876867057	4
-0.066987203443954	0.737846965494407	4
-0.105819089374874	0.568875315024706	4
-0.00640410668994401	0.690578764586175	4
0.051984150102198	0.633494514668613	4
-0.026204348394361	0.617969211117044	4
-0.062889123443078	0.477833058563371	4
-0.073198886667055	0.428249895495917	4
0.0350500767638841	0.668040581509711	4
0.055640946282278	0.76954232192307	4
0.023958316872737	0.615143866908395	4
0.123250499168235	0.734405503303219	4
-0.071113312191871	0.402525330148108	4
-0.028845859771651	0.503495974583974	4
-0.027650320521916	0.422251968037147	4
-0.065250100398726	0.428000304015641	4
-0.014478223274442	0.62815818193703	4
0.114614596368378	0.657073097276772	4
-0.118220599042923	0.437852569137432	4
-0.117795816182034	0.156005932657227	4
0.122964300445271	0.200951799928207	4
0.047872405708292	0.525107415796467	4
0.0390998513288769	0.66441983260528	4
-0.044218597272212	0.167900327425104	4
0.122964300445271	0.200951799928207	90
-0.036930131428388	0.172876337095916	90
-0.034208984924201	0.432623961460077	90
-0.061442087280467	0.406725007804794	1
0.124214008916153	0.206232457822621	1
-0.039145087233473	0.167586294800877	494
0.046431062133836	0.433117894945205	426
-0.106724431362476	0.390357791892631	426
0.124544532866297	0.19581541349256	335
0.00303224020277604	0.287754415584144	335
-0.124801238983292	0.311701783841894	132
0.076542297376572	0.537211119719935	132
0.053867201811905	0.288661465968092	585
-0.036802105186926	0.29352846357503	89
-0.031567533974244	0.415370009640302	89
-0.120848227587612	0.152809673167249	18
0.0812111009714091	0.641901111434889	89
-0.074439582272469	0.407616356912956	89
-0.079251759497108	0.42030673689846	89
-0.100204717358343	0.307572633011224	89
0.047150928722116	0.531416458645274	89
-0.015104264654357	0.418417578393199	296
0.052866467067583	0.529517904586872	34
-0.103859029179092	0.294120394710929	34
0.016981725927117	0.417600716806815	34
-0.034428586450231	0.404985900159184	34
-0.041772218723895	0.420768092162433	34
-0.035663080635624	0.163738497192423	88
0.020522974638604	0.601485678210418	163
0.0163402650783659	0.593980162800314	163
0.068023155599096	0.68152714472932	163
-0.063500722050671	0.302222693860932	109
0.035239817256	0.383059449221037	109
0.052551217772382	0.295614499308593	109
-0.077171889408581	0.421922467414095	573
-0.048561111744421	0.414934658984884	109
0.086738666393867	0.640775748462477	109
-0.082824360671705	0.417606514437759	30
0.0655632419108479	0.408598868651141	30
0.022057647262903	0.42637007985325	54
-0.034605593066924	2.14848078539589	4
-0.077034791877912	0.870398653333319	4
-0.084275032335581	0.807786376313104	4
-0.00773075770045301	0.664526174949837	4
0.021433309486799	1.03817063783178	4
-0.047097974021064	0.98460693596664	4
0.041719670130796	1.12314054911664	4
0.050503344605594	1.05233664023525	4
-0.038900802419292	0.60759394992367	4
-0.112195977234114	0.508124126018548	4
-0.045354449231044	0.561029492667861	4
-0.080558606017032	0.488696794416492	4
-0.048664610270344	0.417551499355539	4
-0.044053417759758	0.286149918840033	4
0.044047921614458	0.724216314741801	642
0.046606893037496	0.436486003345242	4
-0.116087387184911	0.308513495802885	4
-0.017674796366477	0.568919336323975	4
-0.089823159957831	0.422497291068001	4
-0.00985071586421998	0.410002387652878	4
-0.041644690863369	0.404966775077202	4
-0.069950153656182	0.462305470632862	4
-0.040275479272948	0.165743596737603	4
-0.121684263163148	0.157995342139036	4
-0.092980134569883	0.289738996644205	779
-0.060117872525537	0.491236814423396	4
-0.0703984218266	0.280851352473043	4
-0.00243220263210597	0.296265481080456	4
-0.116877174148645	0.145911738519945	1
-0.120557192965985	0.159006819090808	17
0.117900015159401	0.198196728181155	17
-0.0000928056091820118	0.290551958631203	476
-0.113153963727902	0.308692127751026	426
-0.027948121099754	0.510342840318259	426
0.091523340253216	0.609636939240955	585
-0.036994984359906	0.290345760749416	585
-0.058675999414947	0.296718947653673	585
0.073928129195176	0.420678817248795	585
0.121185017436033	0.554529902332472	89
-0.090619436372555	0.396316239381687	89
-0.010083740790068	0.425143568794997	89
-0.104352886617187	0.286540381766597	34
-0.066481571469204	0.299382957984242	34
-0.06851375667298	0.415444367475372	34
0.00852418253850595	0.422539382578719	34
-0.022518213217318	0.417968100096214	34
-0.118053473987344	0.158440404544565	88
-0.042844875594239	0.15563184087337	88
-0.049497858891748	0.406976989173562	163
-0.041358131132005	0.422763468556241	163
0.028942304350201	0.597483585726087	163
-0.051261022010481	0.262949780528552	109
0.00395634744240803	0.288372652442285	109
0.010121543686479	0.421678200510449	109
-0.051035063383604	0.407345424451972	109
-0.068658267689546	0.49539735910487	30
0.00892000222737699	0.419916457358004	30
-0.05775397083574	1.68435946385572	4
0.031035304270703	1.3528687500542	4
0.057528348317367	0.909339283215232	4
-0.114676338002614	0.488801857714548	4
0.056757320922396	1.26154897235343	4
0.094295683248065	1.24139278909048	4
-0.100409342107852	0.775355552858325	4
0.00966169246749005	0.655906915904124	4
0.015232785796393	0.515629951794833	4
-0.00126357154449203	0.532766402068182	642
0.027512378607392	0.608601510486948	4
-0.038719889500025	0.565914367533626	4
0.07882043550467	0.425383077438987	4
0.014288852923488	0.595626643886425	4
0.024232721094292	0.420473534090435	4
0.029606220627952	0.396099024792232	4
0.071909922325368	0.628617057106257	4
-0.035259112539413	0.169475933261589	4
0.050287171645517	0.295536108625749	779
0.00560361098176099	0.52474110639455	4
0.00901674208829195	0.531336676780919	4
0.052551217772382	0.295614499308593	4
0.057490284366104	0.541043207990331	1
-0.00295212476485901	0.28262975145687	1
0.123276751534072	0.299808404948194	1
-0.00243220263210597	0.296265481080456	476
-0.067743876988421	0.299228657127456	476
0.117542214563695	0.294022384445441	17
0.0393633649645	0.434762903640345	476
-0.00162665826427999	0.430592879677323	476
-0.117310204062336	0.285693640610954	426
0.067517814459758	0.407426375582903	426
-0.011962386914012	0.52168429354829	426
0.11448726529733	0.444453510940854	335
0.029235266789018	0.544211964477579	335
-0.00816012831771301	0.283306082126709	335
-0.113282131926175	0.150300714592522	335
0.073931906360208	0.441690881826848	335
-0.103938953499126	0.397938766398082	1849
-0.081600679952501	0.402143392963583	585
0.077360601768074	0.53130565674504	585
-0.037497036647594	0.170193407126297	89
0.122345157818419	0.289694887794186	18
-0.007705267487435	0.406075524556973	89
-0.064753392648769	0.424957950147411	89
0.108669482429908	0.417833688552787	34
-0.116793929873756	0.303727546489169	34
0.048015283712899	0.284986606497739	34
0.0705637159525701	0.551264870426979	34
-0.00295212476485901	0.28262975145687	109
-0.042026535294929	0.167618117264498	88
0.122964300445271	0.200951799928207	163
0.012478486651671	0.404166533805004	109
-0.030698206877095	0.413020814441826	163
-0.123194311723596	0.291923326664005	109
-0.089859624584043	0.284061978538158	109
-0.119261047647461	0.300258049995304	573
-0.00461025628605199	0.428406143003427	109
-0.024823926063258	0.289866209291376	109
-0.021703477020893	0.415246661636684	30
-0.027228084287423	0.412404416610245	30
0.066248319058819	0.431646323018838	30
-0.108282430478459	1.65255581261342	4
0.00627723362008703	1.74920984734598	4
0.089430065720466	2.05541351363787	4
0.00973773029623604	1.16743463739138	4
0.00866017889884096	0.875445381838092	4
0.0609746446749	1.00837720807048	4
0.115460505363179	1.53484704287548	4
-0.108446435172927	0.835550425880641	4
0.085535080382153	1.29545059800871	4
0.079281184010872	0.880362844680682	4
0.00967408794929703	0.524706597661254	4
-0.100546371443088	0.398673290669971	4
-0.00967139852645299	0.631344382518323	4
0.114690027174855	0.799840238052831	4
-0.01270885214482	0.423513621525545	192
-0.084985374273359	0.294033476907753	4
0.023685326951698	0.524347882907065	4
-0.024398250179097	0.426013456944608	4
0.012313554422144	0.413569166615252	4
0.024467820249651	0.563449214155089	4
0.087093126498452	0.551691492309759	4
-0.120650945767551	0.307995200639595	4
-0.0954032333439	0.27512107077933	4
-0.036930131428388	0.172876337095916	45
0.00272988644278305	0.292312527569806	90
-0.029090681626303	0.410345356493692	1
0.104972558633505	0.423615612142212	1
0.119946110419846	0.296494470925561	494
0.111488530592523	0.442756498275577	476
-0.100879859376736	0.396178597052607	426
0.087582815349841	0.701975730570353	426
-0.100731607924607	0.265524705172086	476
-0.083447627329321	0.29410816087676	89
-0.108547085311188	0.297908912445168	89
-0.036802105186926	0.29352846357503	89
-0.00986030502978402	0.2602297607735	18
-0.00409059076304902	0.282219780564294	89
-0.112329003565231	0.396893288499575	89
-0.106759245330283	0.409421010680859	89
0.12191577670558	0.301862011357239	89
0.110935195013378	0.542801857380844	89
0.072264356558527	0.428689391904978	89
0.072526192976076	0.410880742806893	34
0.037377927511177	0.432821196923344	34
0.038227634770744	0.422631005403371	109
0.043181890660786	0.438671235608082	109
-0.11325796680591	0.299468022257067	109
-0.096269024775071	0.29380593987366	109
0.016800042612658	0.530501173470548	30
-0.070879353910078	0.278093469415752	30
-0.061198257220438	0.296368002074111	30
0.020081826772826	2.11250288340749	4
0.038369358651526	2.19555789315233	4
-0.098287661150262	1.18846107957505	4
-0.078880610566322	1.01791986493381	4
0.042199474200412	1.33257349778693	4
0.078121866435003	0.846995948099298	4
-0.067328924724515	0.418259264524016	4
0.0143340530473141	0.434192840214861	4
0.117903924198977	0.562307353800723	4
0.07712333527934	0.432591388335645	642
-0.029098158513239	0.490675412163077	23
0.11459208826774	1.02651768636113	4
-0.030172661596343	0.295351967575752	4
-0.1013445321401	0.405609393386427	4
0.00734915764740796	0.423521923093506	4
-0.044887005841065	0.560501159764325	4
-0.029825919518274	0.564950899266459	4
-0.12253991862961	0.305434397700438	4
0.00660028998579798	0.406292535134923	90
0.080610350640236	0.694407831262366	476
-0.024291347030869	0.421501333659271	476
0.019851295130073	0.590936842273254	426
-0.03620168736176	0.430712037285146	426
-0.038733776707849	0.417915797776133	426
-0.089657258942126	0.291636699539086	426
-0.096758409724163	0.281265444236096	426
-0.09278863120093	0.412639749353461	426
-0.102823451640108	0.39473829183332	335
-0.043045334389575	0.506980118767783	132
-0.076474934084034	0.423653145181746	132
0.075610002722339	0.440106645813969	132
-0.064415964675818	0.552095023191936	89
0.049567440450136	0.280009965850722	296
0.039795010774508	0.263374242851133	34
0.024170218201949	0.528109142982924	109
-0.035349459149487	0.664360385820723	88
0.052551217772382	0.295614499308593	109
-0.037643136875266	0.292505239674883	109
0.088822499851658	0.54694816607639	109
-0.123638705222855	0.39750374669391	109
-0.06356582510624	0.412170305678677	109
0.020838400156817	0.427516669008932	109
-0.004953232013585	0.598919931905353	109
-0.097786850570996	0.298961816684758	30
-0.059358750887042	0.418590073851876	30
-0.088514309301453	1.72675627714439	4
-0.071795034640823	1.12742589758733	4
0.041663614093078	1.19403024275209	4
-0.045981762938843	0.912816260460344	4
0.090558779720481	1.08857504814561	4
0.118156261066109	1.12914035885273	4
-0.064703329087046	0.62863669907039	4
-0.055967708966198	0.289912618505122	4
0.113462746203412	0.444236102606401	4
0.109823754194282	0.417803184665088	4
-0.047078277940951	0.393231492937023	642
0.077167286367234	0.437716904176369	642
-0.033995274261025	0.619842423872431	4
-0.059038965027755	0.591860706917166	23
-0.070993577735122	0.416010055010668	192
-0.036930131428388	0.172876337095916	4
-0.034534618313873	0.174260018652835	192
0.050873635751665	0.549835146006838	4
0.08158230314645	0.529544268251828	45
0.050117658796076	0.290904537151996	1
-0.033923072382839	0.299418503931208	476
-0.064655787923648	0.414779385001056	476
-0.068007497153889	0.296899741198705	426
-0.027694943862898	0.417498784364098	426
-0.031552238836882	0.506837982886623	335
0.11335225140442	0.553950889279815	132
-0.023548316726828	0.507977181553129	132
0.019123491633335	0.524040844378018	89
0.032909502696754	0.491118709430333	1734
0.069447573390487	0.435804512350571	18
-0.114012970861679	0.309517242309154	18
-0.039152642908758	0.421589887139752	18
0.116938377706627	0.432492797351602	89
-0.043889291078214	0.272878667502701	89
0.12318349270671	0.303437764606221	34
-0.086803162734203	0.394857646996415	109
-0.00816012831771301	0.283306082126709	109
-0.070783341542161	0.275015819960317	109
-0.010470952192294	0.421635872540366	109
-0.109088145399449	0.292336456855035	109
0.0755500670048031	0.552089950388911	30
-0.076798680230019	0.391458456600527	30
-0.00506154577527801	1.23449974261119	4
-0.020223213269956	1.1717420054858	4
0.031972083086343	0.416781561669785	4
-0.044198612780751	0.55735750396912	642
-0.124403283018236	0.440997382119133	4
0.116419795295568	0.434660090803903	4
0.118248634365808	0.56282529383861	4
-0.061198257220438	0.296368002074111	4
0.060994067486028	0.703546900496576	4
-0.098623493367089	0.306592671164755	4
0.00301531377834896	0.399884157885819	4
0.123185134559639	0.743348557145175	4
0.116744929467645	0.188741793507657	4
-0.118053473987344	0.158440404544565	747
-0.02465880236845	0.510952822985374	1
-0.086958772719639	0.29288699736289	45
-0.056690537446116	0.29601231886595	476
-0.045595088153014	0.159483773928496	476
-0.038036464163298	0.171991450715647	476
0.115392994617375	0.435733400111967	426
0.00548552272838099	0.51640613945315	426
-0.00730491266459099	0.50545793033565	426
-0.121110299935226	0.154566749667274	476
0.054525235910287	0.547721501695304	132
-0.119107286455509	0.149053962771978	89
-0.039630086376085	0.170045180043861	1734
-0.041452459608294	0.166540477166596	18
-0.036364261704742	0.168630626525818	18
0.000942053384807018	0.516970549526645	89
-0.031266814882366	0.279344880010903	89
-0.092259354131596	0.295135189862861	302
0.117964510478318	0.427670123642049	34
0.00370581265784697	0.291485455457976	34
0.00695114618732495	0.292288307415712	109
-0.057108548650779	0.422386375358494	109
0.025783814934071	0.600949959072712	167
-0.092510676469195	0.294627764145673	573
-0.110878624200741	0.310182494199491	573
-0.101998621152562	0.306139582834025	109
0.09836504426647	0.646575923356005	30
0.0487948639640981	0.295057396433596	30
0.047934366586696	0.289887776227564	30
0.108927717927273	2.03977079926437	4
-0.098197774843197	1.07772766331227	4
0.0844218459455311	1.55286177634332	4
-0.057671340478071	0.560139216090533	4
0.00264132595154598	0.655132728161228	642
-0.107293093598888	0.295322834254062	23
0.00792042192144105	0.287431060496318	192
-0.031058447970951	0.293883088498124	4
0.124016760620407	0.555010695371225	4
-0.051075520359798	0.427465704239466	4
-0.025690245081863	0.427226955041553	274
-0.032480445733915	0.516172112970008	4
-0.121923143356956	0.315664172600791	45
-0.037497036647594	0.170193407126297	4
-0.035164658607345	0.299287240872406	4
-0.00492813628841599	0.418839080344173	476
0.080617452223969	0.506449079110195	426
-0.069738591209134	0.293948591789875	476
-0.042388807021321	0.165863228462716	132
-0.099308166653654	0.305510863126058	585
-0.030396627780503	0.414268434355266	89
-0.076400439321708	0.2982869395305	89
-0.04714709621694	0.269844829625176	89
0.117370760945905	0.43657076131359	89
0.034145627287863	0.418252993167275	296
0.049148740979258	0.286474310977976	34
0.113911637651054	0.43170604261201	109
-0.071001744584272	0.292208360963304	109
-0.032868208908604	0.170805479480064	109
-0.038036464163298	0.171991450715647	109
-0.037497036647594	0.170193407126297	109
-0.12362237401623	0.155634201329785	109
-0.03292143559668	0.411872337472162	167
0.09179081286324	0.536431954132035	167
0.00827640305014599	0.401970470023059	573
-0.102097812381505	0.402086379973473	30
-0.09550050337082	0.285488477126208	30
-0.04913841959869	0.475564263061851	4
0.047950540136142	0.623281946836283	972
-0.075255582421571	0.456315283894791	972
-0.046543220446218	0.481741063815334	972
-0.087225201266851	0.411529350750678	4
0.052467855963387	0.284000791363336	4
-0.027322715332806	0.418076458210292	4
-0.078041718527365	0.419443763934626	1
-0.116361282930557	0.155562675795945	4
0.124108393817335	0.300273357864464	17
-0.120557192965985	0.159006819090808	17
0.041622604772436	0.527986126823779	476
0.089940653882839	0.651793935012681	132
0.116554588784663	0.284274113484632	18
0.118470563051444	0.194253316345752	1448
-0.065485585719844	0.298826975185176	89
0.0485415778689769	0.27012188968977	109
0.00207232918540701	0.296454728338625	109
0.000563605857250016	0.284658236655168	109
0.060550601239324	0.5290235145902	109
-0.079397666548854	0.394249738024152	109
-0.032364817828818	0.422778413111499	167
0.045520074285334	0.426910617441156	167
-0.109826737757702	0.290185050026296	30
-0.07200047673052	0.286235907009181	30
-0.073679939602592	1.07534392112258	23
-0.003065411258867	0.78332308250462	4
-0.040330697725827	0.294950006188703	642
0.025430292854693	0.715309196012578	4
0.07199754134232	0.434168137444889	4
-0.038708874050648	0.288004779761999	4
0.062567536486562	0.536342253631928	4
0.115276677312293	0.282857017245327	4
-0.120745082422769	0.312370358136196	403
0.109636537285691	0.652319241169226	403
0.020301839726085	0.422563304020376	4
0.120147429679751	0.73559525555614	771
-0.044072658501255	0.420471202310221	4
0.103274803692771	0.726175718059175	4
-0.067743876988421	0.299228657127456	4
-0.036930131428388	0.172876337095916	45
-0.045695942967482	0.279580338198427	4
-0.039104977848488	0.285830000942543	4
-0.038038955166609	0.296980794265307	4
-0.08492601428679	0.304964965521466	4
-0.077874222035126	0.296611832721322	2203
-0.00679961717383698	0.285307802232951	476
-0.034351386084695	0.162597685068854	476
0.01425799467015	0.522455585162362	476
-0.095777789174074	0.302499606708407	476
0.059533780464182	0.53561548632566	335
-0.028546213276383	0.410137343832829	335
-0.123056233918495	0.296097018903135	132
0.111891966316568	0.529997029806612	132
0.00823209891533305	0.425518120896841	132
0.014862025870316	0.421581150918037	132
-0.085571481253603	0.298831637390626	132
-0.103817504142456	0.299035098483727	132
0.041817192157189	0.27565416433695	18
0.066878136870104	0.538955864646769	18
-0.01237785776429	0.421526900124177	89
-0.119176342498063	0.159173674782741	590
0.117900015159401	0.198196728181155	89
0.123096620587683	0.199573646617747	296
0.041817192157189	0.27565416433695	34
0.124310399004356	0.303370466158071	109
0.026828564341287	0.533387872726039	167
-0.119989384366915	0.263919891016848	167
-0.00403044085278198	0.421305041183307	167
0.0626305649294	0.547477483306832	109
0.052990148048662	0.634057770871566	30
-0.025390788000404	0.519140533039823	30
-0.038503766818014	0.293991419800997	30
-0.098250937243086	1.33860581836068	23
0.100235560807411	1.25575539895826	4
-0.086647149020843	0.295273630100601	4
-0.123881385837328	0.15238732523622	134
0.095726067186915	0.825991672292552	642
0.0704509846122801	0.417805234553547	4
0.00450616779961099	0.287509794827881	4
-0.039145087233473	0.167586294800877	4
-0.034534618313873	0.174260018652835	4
0.1244098144478	0.298646442964005	4
-0.101826502017783	0.297900494144639	4
-0.119725258248774	0.151650607923492	4
0.0981492027559811	0.538595117768275	4
-0.052721516119553	0.294145757986128	4
-0.027615078573212	0.715124616922969	4
-0.00950254083086299	0.274665652769882	45
-0.051025698178721	0.408545895008994	45
-0.045695942967482	0.279580338198427	4
-0.091247548635315	0.295557305229631	4
-0.106285580819774	0.403176970101832	476
-0.1202338258117	0.148841108603212	78
0.03221018299519	0.504290208442731	335
-0.044218597272212	0.167900327425104	132
-0.087300913374609	0.411111580992174	89
-0.038036464163298	0.171991450715647	89
0.112530116613437	0.795106751315353	109
0.02128750833272	0.755368631246302	109
-0.059137129664578	0.414097643200737	167
0.080571873886124	0.519490592086472	167
-0.029928224541521	0.16689211770785	109
0.124214008916153	0.206232457822621	867
-0.05894197768526	0.296221192655347	867
-0.062005457278784	0.407243309734756	30
0.044745574123882	1.30912262401002	4
0.00942907341979904	0.843696993702681	4
0.123306574284859	0.741266178419851	642
-0.065188970355596	0.494948729240604	4
0.00698368691532303	0.28730882889431	4
-0.066496214528568	0.283222569166173	4
0.0475721583500151	0.296057759291339	403
-0.124447794903251	0.154887241397544	4
-0.007041485566468	0.272172869971728	274
-0.002868450604466	0.28162132572952	4
-0.03717949931565	0.295708853488068	4
0.124908855652447	0.431700534261112	4
-0.015316437483967	0.396596373972093	747
-0.034678251545453	0.403671288019884	747
0.00150513374197803	0.294085578657271	1
0.0515074904719221	0.294546960149973	45
0.04671383291068	0.288061043605768	45
-0.094261256883854	0.276003829727222	2203
0.041646104767098	0.285067724747238	78
-0.00243220263210597	0.296265481080456	78
-0.124751377390408	0.155544577577489	78
-0.045243712360649	0.415327976274359	196
-0.019895167704828	0.424560236243409	196
-0.07780889911846	0.30361640829337	196
-0.091434544975403	0.305378218612207	132
-0.086076692022025	0.476117496655301	132
-0.00117327916563498	0.414992511356371	18
-0.05423110644098	0.418909310604403	18
0.026310864100303	0.534137982383503	18
0.020311307724206	0.418080848149267	18
-0.00596572203578299	0.288302758945459	18
-0.044218597272212	0.167900327425104	89
0.124310399004356	0.303370466158071	89
-0.122235131003812	0.155816693801671	109
0.078544902047633	0.515481467740016	109
0.0771434150417381	0.430896904383276	109
-0.000951565715062996	0.395394309579027	109
-0.121251368722623	0.313147248705226	109
-0.00105965025601501	0.293033071523416	109
-0.00192111869096201	0.285146801646028	109
-0.040235063503099	0.428207307507274	167
-0.088645164566699	0.296411666932111	167
0.00258794219041103	0.294475311721082	223
0.122964300445271	0.200951799928207	109
-0.124751377390408	0.155544577577489	30
0.050197529322027	0.280037415283491	867
-0.007746815234566	0.274548532104111	30
0.110595257499478	1.68683706480389	4
-0.080260774993003	0.844686014154506	4
0.048886237448457	0.868911488482929	4
-0.043764917871403	0.50113402297041	4
0.09458931609483	0.552308807058381	4
-0.118858781350849	0.153389820971964	134
-0.118326325624625	0.501411379319254	4
0.109405818774023	0.418949326680042	4
0.050287171645517	0.295536108625749	4
-0.123067314757596	0.155900786767803	4
-0.043608775397191	0.287144774984848	23
0.086992996846738	0.723519178154881	23
-0.124889650282361	0.488330102099537	23
0.047482578368232	0.294494542243722	4
-0.045318133297596	0.163671020678652	4
-0.042361047359974	0.287304659463488	4
-0.062801487862622	0.29332421340623	4
0.071673597682308	0.431536820462145	4
-0.033410001156471	0.419664565955646	4
-0.104124233960741	0.301917291055789	45
0.046633630235187	0.284866857044243	4
0.036824064574612	0.525047753586736	4
-0.062407191202817	0.413403134638318	476
-0.118310047532852	0.15490869408327	78
0.111991319142416	0.262141634517744	18
0.00955871931359598	0.416408566055519	18
0.0768836535859579	0.426779429876675	18
0.01521318830596	0.430821795219286	18
0.124544532866297	0.19581541349256	296
-0.121703694457951	0.153402494024623	199
0.063652055699098	0.522023431566439	109
0.00122809214265995	0.290117041445158	109
-0.106034930893584	0.468520712447406	167
-0.018334847483314	0.399924941581113	167
0.12191577670558	0.301862011357239	30
-0.045889823782064	0.163746990319039	30
-0.072749889279548	0.276494504078922	30
0.025231226611467	0.53761581869803	30
0.021317032996654	0.897629892000941	4
0.114357701297671	0.922003981444929	4
0.113489955263664	0.852715223995105	4
0.047768478597252	0.284011199203157	4
-0.038602253259392	0.171369029815336	134
0.117233083838482	0.417295817429598	4
-0.105324986351976	0.514438906328131	4
0.040510794875021	0.281970420902511	4
0.078131012264498	0.439792776582679	4
0.121282456265337	0.198645955133022	4
0.040390004989263	0.521910462872289	771
0.028917774261586	0.635917551028425	4
-0.00324409591503599	0.285098489678341	274
0.050203275779937	0.278529251615577	274
-0.046357459320099	0.156691092776326	274
-0.121684263163148	0.157995342139036	4
-0.062538636919809	0.407247923788779	747
-0.041452459608294	0.166540477166596	45
-0.035311468706226	0.414011676437965	4
0.041383464841875	0.402150544594406	4
-0.024926449181755	0.419321836238807	4
0.062160033007587	0.543515199071076	4
-0.07156776901688	0.289533172161326	2203
0.122288460411843	0.295224960085863	78
0.047930667183356	0.288135495770916	476
0.015324375009703	0.421596187947089	196
-0.061513934477334	0.2984716351106	196
0.074076529941296	0.712253701758713	132
-0.122813648865981	0.154116786086016	132
0.119802741753016	0.293862137503125	132
-0.030454692488584	0.446972932922313	132
0.026650476813513	0.620795508664926	132
-0.124751377390408	0.155544577577489	132
-0.029603512613379	0.492625495648475	132
-0.048854482230573	0.604334614596928	132
-0.085305890185468	0.561540100212419	18
-0.120366718499963	0.309552913395802	18
-0.097188369940444	0.294110258783976	18
-0.063512426037855	0.42717851250729	18
-0.049796486745872	0.486672515124263	18
-0.04092336366848	0.286615430470525	89
0.072672845598903	0.441867779635228	89
0.124214008916153	0.206232457822621	89
0.122964300445271	0.200951799928207	89
-0.037497036647594	0.170193407126297	109
0.082668203724151	0.650162384048262	109
-0.058243508607271	0.60779514903836	109
0.121873073330364	0.618940031296856	109
0.012146973723574	0.526704706228348	109
-0.105860266945012	0.291913929624837	109
0.035204888613005	0.429466933504606	167
0.124214008916153	0.206232457822621	223
0.122404875111649	0.199001544034778	109
-0.042026535294929	0.167618117264498	109
0.104107394925574	0.63965000235686	30
-0.044218597272212	0.167900327425104	30
-0.104833317780535	2.24274365938521	23
0.121347447491367	2.48742097730627	4
-0.06190879862354	1.03107182899341	4
0.00474412809634495	0.795334732338602	4
-0.117361282340675	0.567689447624764	4
0.012915295242261	0.428044004490227	4
-0.079368840823206	0.407799935305751	134
0.05786765037957	0.529898860978782	134
-0.106391875044442	0.412225696421683	4
0.062925721529358	0.541851550675769	4
0.107036584805903	0.636203058867712	23
0.064297616677677	0.543147919948927	192
0.00990533595587195	0.497534364625269	4
0.015401346981721	0.277145767226723	4
0.119863425083992	0.545429088713753	4
0.016020085035533	0.425205283578268	4
0.044356629278135	0.425771866694745	4
-0.047333960159546	0.276652733785513	4
-0.051778046245155	0.397542138295642	4
-0.028537895635046	0.285902380673074	4
0.014057975173163	0.41425863182288	4
0.0357911187648891	0.431631986555382	4
-0.03281331266187	0.405641905470512	4
0.041149943265944	0.416581193803728	45
-0.006938250534892	0.285857786287888	4
-0.076940172576987	0.291422645533844	4
0.07264305944424	0.418397420679312	4
0.062767764922558	0.408391904884986	476
0.021520598939974	0.527887589925965	476
0.12366226574232	0.434810974715084	78
-0.052128665127403	0.403697995741573	196
0.070728850174409	0.425345211369067	196
0.074208970145784	0.42724834515118	196
0.0663970153850439	0.396630152298711	132
-0.000122729996854976	0.294850086524792	132
-0.121251368722623	0.313147248705226	132
-0.00877887773542202	0.430087461259777	1558
0.074760816179488	0.417157564676297	18
0.12318349270671	0.303437764606221	18
0.064150055651951	0.407143482825423	18
0.045218035338362	0.286672636531447	18
-0.033509656882453	0.294108154909603	89
0.00150513374197803	0.294085578657271	34
-0.113734173980033	0.307317793428186	109
-0.072563454821566	0.289187596479796	109
0.071009053725188	0.427751689465522	109
0.028192982250193	0.405993217334847	109
-0.101642777486684	0.301401354155719	109
-0.032299138036549	0.290102561341157	573
-0.040139436012625	0.288931684366736	573
-0.031221456115087	0.295808315210186	223
-0.082463220786016	0.299373770260788	223
0.019949496686975	0.409798669488737	223
-0.123067314757596	0.155900786767803	109
0.032634756342509	0.407718419547367	30
-0.07156776901688	0.289533172161326	30
0.023912799230391	2.06407926902597	4
0.068058574375836	1.4030663734682	4
-0.055426081342653	0.294238182753406	134
0.094187766269325	0.538738439400188	4
-0.049620887886002	0.417763597528969	4
-0.00698473680063599	0.424286402014539	23
0.04008551692558	0.79141588692234	4
-0.124447794903251	0.154887241397544	4
0.011212553683919	0.424499002444823	4
-0.061198257220438	0.296368002074111	4
0.053314551863924	0.279141839291843	403
-0.112095389753668	0.310756177498136	4
-0.010730491472558	0.273791375555281	4
-0.103554811016793	0.304209686701552	4
0.111266567433776	0.421793255544126	4
0.106333874207422	0.660929869629656	4
0.117942423594939	0.638507451865385	4
-0.085003158822903	0.405753769551971	45
0.057443481660048	0.381263310895919	4
0.00109295478136495	0.278865397823666	476
-0.034311469035427	0.293806699648678	476
-0.087342003207883	0.288842024709094	476
-0.028110806023614	0.429046046586524	196
-0.121961790841959	0.152634652157744	132
0.052681849967686	0.541187051144861	1558
0.121173712999249	0.432055577028319	18
0.03660047479504	0.430036108239494	18
0.0451304781636121	0.291244447307084	176
-0.00367127504230003	0.428669856579601	18
-0.019661149868758	0.407427969323385	109
0.023096350533266	0.422335696854138	109
-0.039285167295042	0.285880763738075	109
-0.042540942703549	0.41425167166758	109
-0.037967020081279	0.167801448279283	286
0.119946110419846	0.296494470925561	30
0.050117658796076	0.290904537151996	30
0.111707850166514	0.442330039776423	30
-0.121125145314286	1.80460189514594	4
-0.12398985485888	0.424261331455383	4
-0.015157303776696	0.573406989532006	4
-0.071591348521767	0.41936816643301	4
-0.00800029025930199	0.545996024051031	4
-0.07940483954196	0.491680663169183	23
0.00791063960194005	0.522774658718341	23
-0.095445829128528	0.300509542257556	23
-0.000290110259239973	0.422013433445174	23
0.067388799446524	0.407234917553525	23
-0.119774829042732	0.303622391938832	23
0.00489371265111804	0.290494819047355	4
0.038688561623012	0.434498025574074	4
-0.091699715052129	0.288338591290934	403
0.039941785171191	0.437899662522131	4
-0.069881587663016	0.262983845520949	4
-0.092510676469195	0.294627764145673	4
-0.094110732295233	0.415005718126083	4
-0.12142905501827	0.154302968807591	4
-0.041384192196994	0.164918991607186	747
0.0530468832327931	0.274790404750248	4
-0.035639537940514	0.170348743224255	4
-0.083873935453774	0.301438588813405	4
-0.082000272668404	0.30457043819746	1117
0.0451304781636121	0.291244447307084	993
0.089298095886576	0.542941986295245	476
-0.106688443578527	0.305383261452676	476
0.116344996683972	0.43134225501402	196
0.00423502391711705	0.287920246513198	196
-0.07516385729376	0.413111134538379	132
-0.091299304072047	0.280423754393194	132
0.000990067111595994	0.294943632410782	1558
0.019619727967163	0.426511640702554	18
-0.038539097308975	0.166538731783549	18
0.01013776897716	0.426528924646259	18
0.04399881562396	0.286587788786377	89
-0.12419177462442	0.156618549124342	89
0.117686345264328	0.292214007231907	109
-0.124751377390408	0.155544577577489	339
-0.123934631489088	0.153105344726263	34
0.124544532866297	0.19581541349256	34
0.042009667805936	0.276736116546124	109
-0.027147422297985	0.418137999302815	109
0.012831073858855	0.419512910022936	573
0.0451304781636121	0.291244447307084	223
0.042840773355619	0.436857915344358	286
-0.030844902454522	0.423209542752331	4
-0.062851167893969	0.410583564224459	4
0.044622243604915	0.544588824987592	4
0.00765088416354498	0.523996615766184	23
-0.046885874959661	0.414745759974386	4
0.044766777983599	0.27605304969632	4
-0.124751377390408	0.155544577577489	4
0.049925046407139	0.294673712239491	4
0.00978432657689898	0.427102103311456	4
0.00721131607069703	0.529402723695487	4
0.064583608963467	0.53904704775204	274
-0.022873497681149	0.430768856880848	274
-0.031221456115087	0.295808315210186	274
-0.035098331674015	0.172681502759963	274
0.110973285424004	0.42343016386851	4
0.000023063115486055	0.294536775951651	4
0.01409778115751	0.429918550014425	4
-0.119984649775975	0.153305357422704	4
-0.035639537940514	0.170348743224255	993
-0.121120346232233	0.153093217450726	993
0.078398891190023	0.430778806133947	476
-0.123611458434758	0.311544531852712	476
-0.037453999763726	0.296732847966233	476
0.115498092358786	0.543631680129301	196
0.014489295082717	0.428967013185551	196
0.078184633844295	0.511045128236484	132
-0.124751377390408	0.155544577577489	18
0.000383069701856975	0.28247559071469	18
-0.010532081397808	0.396937923018537	18
0.00709561252621604	0.293587477840319	89
-0.089983795559354	0.295063317328672	89
-0.05498879172887	0.247554441047136	89
-0.124198576558148	0.152128418034435	89
-0.006938250534892	0.285857786287888	109
-0.122487946192157	0.152114454916293	34
-0.036202117766367	0.172742420349666	34
0.122964300445271	0.200951799928207	34
-0.038602253259392	0.171369029815336	34
-0.063914593905217	0.294001032464516	109
-0.067692205447064	0.288746828221459	109
0.026781876470789	0.39540493845161	109
-0.102943946884417	0.297377819764299	167
0.050963818405619	0.290252063589736	286
-0.087355197036444	0.285717920895987	30
-0.08528789582853	0.290056367664597	30
0.079419703220035	2.46226930415716	4
-0.095866752999906	0.302194916533713	4
-0.058510857033901	0.420094441315317	4
0.0534090280618	0.293188798766209	4
0.00661214186647496	0.524309342119077	4
-0.010255561400096	0.639822921947108	23
0.028462934120984	0.628971156547059	23
-0.107013255202483	0.294301170393579	23
0.00207232918540701	0.296454728338625	23
0.010737930454355	0.417029433538228	23
-0.075621619832634	0.425076265800387	23
-0.043803643066156	0.285923467735746	4
0.052729051320752	0.291217402877117	403
0.00109724647342202	0.395917987643076	192
-0.010700232904119	0.404466249708096	4
0.074350859602345	0.435861301852283	4
-0.084811170592282	0.297065245509511	4
-0.00158668613667201	0.525085935571664	274
-0.036989386486281	0.297353071283701	274
-0.099150950801793	0.273778805608775	274
0.022178272580315	0.428570543474442	4
-0.084601309423646	0.304495762323978	4
0.108669482429908	0.417833688552787	4
0.066243969438324	0.426735269955326	4
0.051419481314169	0.29712546877219	4
0.045273346715458	0.427732461489223	993
0.018388762673049	0.422731539562492	476
0.006519012609007	0.498544195371053	476
-0.094939680686145	0.307155366054158	231
-0.097902656383548	0.298473141129141	132
-0.112295184719726	0.306067712043015	132
0.041281244587336	0.425223265777103	132
-0.101785976305837	0.302119805713778	1558
-0.039657265556681	0.291936493536595	955
-0.058539615868493	0.297547038423329	18
-0.000485219583401975	0.283010377588075	18
-0.035098331674015	0.172681502759963	339
0.123044328046606	0.301801827558271	109
0.000436241273870985	0.58268810900426	109
-0.090997050502972	0.297565129588244	167
0.04671383291068	0.288061043605768	286
0.022129638404904	0.531347174697442	30
0.0925265161741839	1.04798052099458	4
-0.00832744622105203	0.522107064361384	4
-0.038314518057951	0.162667445751292	4
-0.036930131428388	0.172876337095916	4
0.0452582191422219	0.537225675837721	4
-0.011642502297176	0.424707056736743	4
0.122296667219348	0.726564421162652	4
0.059905338135015	0.415916782718554	274
0.0701124458758931	0.551236169952405	4
0.054181297122174	0.553176941781302	4
-0.087822906162739	0.399668735464917	4
0.003303755292693	0.260932903335743	45
-0.105234624344314	0.463435671715204	4
0.035292574462607	0.421695517837386	4
0.093036381804106	0.628761137914164	1117
-0.10046247640379	0.378502792503663	1117
-0.075226433544547	0.421307586381838	993
-0.042548465285908	0.165709173447527	476
-0.00299326778029702	0.507363431428016	196
-0.01876997257191	0.557883890986983	196
-0.07282119095049	0.409097555866478	196
0.066325996531153	0.662276917901739	132
-0.032331775181086	0.170519727060441	132
-0.034534618313873	0.174260018652835	132
0.123887440061245	0.432719551179353	132
-0.023454145246894	0.381582672294189	18
0.018824328536664	0.603696565637568	176
0.00278600307910204	0.415670065259227	176
0.123347961896809	0.561881681218157	955
-0.093695614136361	0.405565117689509	18
0.118642954943477	0.263023548197111	18
0.124771021919602	0.197435251980405	18
-0.040202026878875	0.162555049702019	109
-0.035826103360814	0.17167260536398	199
0.052644653281698	0.288515676885007	199
0.056223755867757	0.795683181099124	109
-0.075383176345814	0.426718716662669	109
-0.071857196802676	0.280003324684404	109
-0.018794697795712	0.582952890614453	109
0.112414444534995	0.540966259799183	167
0.123044328046606	0.301801827558271	167
-0.063769657358865	0.300580875399166	286
0.00225391530584995	0.78233912292618	4
0.107658255231848	0.953156798540034	4
-0.026680552627326	0.576177048076206	4
-0.096472044776651	0.498833961404533	4
0.051554649963197	0.527154315353475	23
0.0137525765082061	0.429476911782103	4
-0.123712136500169	0.290354904307247	4
-0.045601108802157	0.379089301324362	4
0.119927024902292	0.648214400417315	4
-0.07568271560202	0.423281011978178	301
-0.055646690174051	0.423577261095259	301
-0.124567418644001	0.304941568799873	274
0.014621227307814	0.422226298382051	4
0.117734778175025	0.564251434890683	4
0.120961365645458	0.284127449256184	4
-0.051676758484443	0.408046821519591	4
-0.110893141240093	0.305597437037052	4
-0.121120346232233	0.153093217450726	4
0.12191577670558	0.301862011357239	4
-0.036371829195643	0.385105859680725	993
-0.120301540210331	0.158166969036568	993
-0.018974099330958	0.420708249204133	476
0.067665025288421	0.539829057825556	476
0.114267391274275	0.436188609056221	476
0.0286416828873251	0.530162726123953	196
0.092751171964604	0.544368799576034	196
-0.118998710891982	0.296716324640244	132
0.0333617365398861	0.422628106761701	1558
0.0440849948422169	0.287005216812903	1558
0.124310399004356	0.303370466158071	176
0.04399881562396	0.286587788786377	176
-0.043485757240214	0.162324796016004	955
-0.106848529450298	0.385370830617742	18
-0.069961663535397	0.405146654100812	18
-0.034376352568893	0.161191015392137	34
-0.031221456115087	0.295808315210186	34
0.119946110419846	0.296494470925561	109
-0.00484334732234998	0.279020569351227	109
0.045578696259824	0.286545141472743	109
0.06769253982461	0.405120528481994	167
-0.044053417759758	0.286149918840033	167
0.121252973652092	0.548433692211067	167
-0.037612173201	0.416847028184511	30
0.085404370883833	0.40566039503908	30
-0.062678119152383	0.547091626892866	4
0.026102830331401	0.777332874346531	23
0.098359513329877	0.549047949329556	4
0.020000480027395	0.520085580676054	4
-0.00659615112289402	0.625586150356973	192
0.043572336663617	0.423132196458669	4
-0.072680750228406	0.258823353336784	4
-0.116712706619043	0.148290241656794	4
-0.12362237401623	0.155634201329785	4
0.124214008916153	0.206232457822621	2082
0.053058524959125	0.544989604562738	45
0.090890187067164	0.782892125413469	4
-0.108468580915163	0.311187477621123	993
-0.034534618313873	0.174260018652835	993
0.036801950620068	0.515032342674909	476
0.072375999813554	0.426630014499197	196
-0.035098331674015	0.172681502759963	132
-0.021845345062956	0.413325382583591	18
0.122055310155024	0.300691344772246	1558
0.049925046407139	0.294673712239491	955
0.04671383291068	0.288061043605768	955
-0.057770153319407	0.419880687580315	18
-0.043175485547413	0.409305603885992	18
0.006839084263776	0.287045580992557	109
0.043294622678372	0.428202289061173	109
0.061496156148613	0.413386716577929	109
0.124555066495811	0.29954513242504	109
0.0548203262734021	0.536598976470213	109
-0.070034250663016	0.291110368034704	167
-0.084123249599605	0.299689363385541	167
-0.054852231812708	0.415703084467802	30
-0.094963966006624	0.404755714033459	30
0.041730465828144	0.283788865318709	30
-0.055767598307485	0.648504179161307	4
-0.068934797689137	0.661673055985796	4
0.077616357322197	0.92761302034909	4
0.057003755440094	0.68809610265076	4
0.0899217157596	0.535006817326524	23
-0.117403216395523	0.460461036113638	23
0.082037912675912	0.823084817253607	23
0.098872595752246	0.970405677497994	23
-0.040548528155797	0.427831934170286	4
0.123347961896809	0.561881681218157	4
-0.104427485095514	0.409009147691217	4
-0.030213705677343	0.409312953089902	192
0.00231084533199699	0.282779450942869	4
-0.051170961559909	0.412988106527868	4
0.020633311058319	0.70217708299506	301
-0.042388807021321	0.165863228462716	301
-0.037471701831022	0.164473276431771	4
-0.039279849277239	0.297733229378102	4
-0.038602253259392	0.171369029815336	4
-0.118053473987344	0.158440404544565	4
0.047930667183356	0.288135495770916	993
-0.087381837381073	0.298241696489265	993
-0.117703357122028	0.311119632083906	4
0.06023759504065	0.504406108938856	4
0.067388799446524	0.407234917553525	196
-0.09001212871255	0.407547623376285	1558
-0.005714667646605	0.286761851796316	1558
0.047572505855247	0.279113074818578	18
0.00272988644278305	0.292312527569806	955
0.0143340530473141	0.434192840214861	18
-0.041043355598843	0.427226629555006	109
0.00367013676018901	0.292212391396416	109
-0.043608775397191	0.287144774984848	109
0.052412031219623	0.432017616865132	109
-0.00460062358783903	0.290276719033849	167
0.118431038906736	0.553116286081735	580
-0.021703477020893	0.415246661636684	286
-0.021351566280018	0.485807324403756	286
-0.098977501072395	0.293967357060778	30
0.067562081518372	0.539044796245259	30
-0.12362237401623	0.155634201329785	30
-0.012737563588296	0.815035129474146	4
-0.033817785885076	0.737937162999545	4
0.120809689558136	1.03248752419467	4
-0.119378388463458	0.46249635998275	4
-0.107035256780649	0.548866058911535	4
0.120039240703886	0.912211735704422	4
-0.0486555367856	0.381287021080056	23
-0.102322698384012	0.411625430467865	23
0.00578654881352103	0.527407611035086	23
0.0887301921229921	0.525582145370601	4
-0.013666881240008	0.513455558676072	4
0.079377327375646	0.519691333016861	4
-0.044222912788865	0.416903831092964	4
0.080592600011755	0.520184215392891	301
0.0638737794795981	0.406993079581112	4
0.0879265314032221	0.549510450606761	4
0.121621790026386	0.738637198766466	4
0.00786504637010199	0.517118628379236	4
-0.024463439521538	0.407455751354379	4
-0.05754489286303	0.409903191240716	4
-0.107270686146466	0.300064212626874	4
-0.094554378603861	0.28612938009829	4
0.013794525645893	0.432576331623992	45
-0.037870708469347	0.167051134176967	4
-0.023866022481521	0.390783804720089	1117
0.072429368666626	0.533164544257057	993
-0.032128145953359	0.166483758321827	993
0.065567674517672	0.528740339505895	476
0.101670101162399	0.407358977965798	773
-0.033128351648046	0.283500034619695	1878
-0.100227912472136	0.412105763202044	1878
-0.092259354131596	0.295135189862861	4
-0.038895306285529	0.286573158258327	476
0.00358322881116402	0.410742530649998	196
0.072400623435903	0.544149779189711	196
0.074898658330393	0.440436827110355	196
0.076634835610927	0.514613830366652	132
-0.069393760227989	0.283099212849654	132
-0.12362237401623	0.155634201329785	4
0.053314551863924	0.279141839291843	955
0.095007778441489	0.541535712520985	18
0.038591014578424	0.427173407987101	109
0.112733444907937	0.442553951890558	109
0.048948638841782	0.427329396053516	109
-0.035935983233958	0.421856701078145	109
-0.02408778932103	0.4135891799623	109
0.060258290031152	0.53521077435207	109
-0.00568619769534801	0.429159104255525	109
0.09158704705626	0.558510170137368	30
-0.022070090264536	0.428435771874594	30
-0.117983106148613	0.146736837258458	30
-0.068402103835335	1.215055936874	4
0.029321728547598	1.03645568993811	4
-0.083259017435236	0.494421945327223	4
-0.042461944547912	0.710880976094892	4
-0.052543241895265	0.549429692464792	23
-0.117113170856565	0.403949804723777	23
-0.080338153865465	0.296448267089204	4
-0.023828186450876	0.417506073314622	4
-0.10066025676364	0.402029730526007	4
-0.104305112908677	0.414085612346115	4
0.098816887664344	0.694299760603462	4
-0.023711699447851	0.506301638487218	4
-0.061243755171073	0.300898382156824	301
0.044356629278135	0.425771866694745	301
0.079415754479815	0.552123022476657	4
-0.06151295220043	0.299637675792605	4
-0.034601877002778	0.287839731122917	4
-0.008023699198278	0.520215338787241	4
0.00110710210012699	0.426616704261641	1117
-0.061996369863523	0.409493314153695	773
-0.077813576593814	0.392922746671512	1878
-0.119792405845859	0.392973956973638	4
0.000409926375547043	0.416230899263479	196
-0.000122729996854976	0.294850086524792	18
-0.010965631423109	0.259190667508798	685
-0.010956855746217	0.422225937670792	109
-0.066973962500672	0.276059319177038	109
-0.039094753388491	0.289242523452116	109
0.017999329288825	0.431630132897643	109
-0.034704613294945	0.290198510092374	109
-0.118162754174176	0.304548653239446	109
-0.108972662118762	0.308325090185542	109
0.086763823082637	0.648650188210703	109
-0.00901851663127201	0.413677649263528	109
-0.113963244443368	0.3019187682947	580
0.04498362264414	0.540411257992723	286
-0.00924626277222701	0.281874578604982	30
-0.123362269041447	0.155728468588177	30
-0.043804313801758	0.920124964249689	4
0.020507251416497	0.843182378010131	4
0.067094234277634	0.852121183449103	4
0.12127953124853	0.8311643310613	23
-0.08538676400155	0.296182633100752	23
0.038108503574161	0.520723532820776	4
0.089404090055865	0.781824747709878	4
-0.034367842021506	0.405343611664945	4
-0.018458945895422	0.576060631772134	4
-0.083449090250717	0.385448140012695	4
-0.10490538695505	0.385171205733867	4
0.036124266154229	0.432933118070329	301
0.011838950961735	0.426228354898558	4
-0.030059013000606	0.419961417262148	4
-0.043002234954359	0.28878233143458	4
-0.066461870457411	0.397008282025836	4
-0.035098331674015	0.172681502759963	4
-0.039059188666403	0.167843938439159	1117
-0.035259112539413	0.169475933261589	993
-0.027067519933171	0.417851817172804	773
0.055911953504644	0.578112295991284	1878
-0.05019137020019	0.289952142096205	1878
-0.014756037235264	0.418814299318121	4
0.119713851501106	0.199126209354249	4
-0.014887621916952	0.417650390026925	196
-0.033262433844625	0.51378966411619	4
0.12003735869917	0.64739700495296	132
0.124902548666279	0.193317041380957	685
0.00720101310260701	0.591956787864878	18
-0.00463033443369698	0.285381492200676	109
0.113123480355602	0.433779124358335	109
-0.00969634592823398	0.413913290533568	109
0.111707850166514	0.442330039776423	109
0.0953736238046829	0.555042872242786	109
0.033698154965373	0.425755425171885	109
-0.063500722050671	0.302222693860932	109
0.075610002722339	0.440106645813969	109
0.035007135671695	0.419698504320936	109
0.08944338068085	0.552028981193129	109
-0.013284404893716	0.258454218806148	109
0.067792280998755	0.412890351895543	109
-0.058215682154025	0.411950768820775	580
-0.097869759979991	0.397637893117389	580
-0.078115008525038	0.483931695771492	1147
0.058739485823341	1.28488901262951	1315
0.106124995598906	1.28773901502842	4
-0.121427909081929	0.476700928760688	4
0.029000778511393	0.887838830320404	4
0.00723761073381302	0.596815804973427	23
-0.08667487050761	0.560521501829215	23
-0.066139193363208	0.283568943975451	23
0.109308068970787	0.70773463498344	23
-0.050868027132092	0.409021328279191	4
0.121079030339548	0.552813878252005	4
0.03704338971948	0.433582190591182	4
-0.00951828204476202	0.412684069592312	4
-0.00851538624676301	0.518068980751257	4
-0.089962029691204	0.417753209216078	4
0.122168049171874	0.742289146008164	4
0.1107738850274	0.666566734542441	4
0.113123480355602	0.433779124358335	301
0.124902548666279	0.193317041380957	4
-0.108737093989584	0.286482205147593	4
0.031526210412928	0.42185042424372	4
0.015552237332597	0.434074949626927	4
0.090075063586065	0.533325973791751	4
-0.09159889468693	0.411330577677126	4
-0.035639537940514	0.170348743224255	993
0.065664071742456	0.418931885329877	773
0.120956729636381	0.198581629955028	1878
-0.119176342498063	0.159173674782741	1878
0.009443972424233	0.52280844884283	1878
-0.00673251345307502	0.429919445087172	4
0.000282085998768999	0.293976534692586	196
0.058581530615592	0.281630048817255	196
0.0174377311305151	0.500526721829677	231
0.00724235636499904	0.289900433387682	4
0.124899094250924	0.55605962134137	132
-0.00105965025601501	0.293033071523416	43
0.124214008916153	0.206232457822621	18
0.117814162608635	0.417497866029589	109
0.017963551914762	0.519130886638822	18
-0.064646561526729	0.414769565005381	109
-0.087591546877338	0.29375444535802	109
0.0659606443840201	0.40690410700701	109
-0.038608374487007	0.284403939414138	109
-0.106395967852136	0.294022547690387	109
0.029121668580064	0.612449115999057	109
-0.00553102214757201	0.426994872217959	109
0.076203279172118	0.432448459338435	167
0.0704458942949741	0.437350470395065	167
0.072417825490825	0.42857662855355	109
0.053834447085521	0.624463932664717	580
-0.121719197920589	0.310324251318739	580
0.117560688197689	0.425968466170207	1147
-0.103456079930054	0.30387005583301	1147
0.062496793531916	0.388763744642187	286
-0.044791416747412	0.164568994135686	30
-0.036364261704742	0.168630626525818	30
-0.028193826447345	2.07619971530402	1315
0.106509864639925	2.41312225344749	1315
0.014903573639897	1.56812645558683	1315
-0.047389322917033	0.95665096994357	4
0.048340761239853	1.01267278893341	4
-0.122750598588822	0.697061009489051	4
-0.123638705222855	0.39750374669391	4
-0.054338120556717	0.732213581588086	4
-0.102446529340279	0.277987831038596	23
-0.031137613295017	0.488412440827768	23
0.12136780681041	0.566835328653026	23
-0.102543553519988	0.508360676560645	23
0.045005816096688	0.74362529123882	23
-0.032621792017412	0.499648132103122	4
0.04159636444159	0.619440678252753	4
0.121182884497728	0.728624708289563	4
-0.096137651453829	0.387413601156614	4
-0.040851551034571	0.618910374255103	4
-0.07383682282854	0.411120457625085	4
-0.081095326205045	0.465005343999334	4
-0.086787405646699	0.450676931447755	4
-0.092935124152536	0.41118764208769	301
0.111488530592523	0.442756498275577	4
0.110462115617152	0.442532579489486	4
-0.1194324503778	0.158271878821346	4
0.124214008916153	0.206232457822621	4
0.05263895780017	0.296119387926464	4
-0.098011029481858	0.275222870047819	4
-0.036930131428388	0.172876337095916	4
-0.038036464163298	0.171991450715647	4
0.095978571164446	0.558793784653375	773
0.052467855963387	0.284000791363336	773
-0.079813487936485	0.483166099560346	476
-0.120037054310629	0.410753081220031	4
-0.115562799519383	0.298023458715447	4
0.123096620587683	0.199573646617747	231
-0.067341965104397	0.280575945663798	196
0.000700409597563012	0.290000287718491	196
0.04671383291068	0.288061043605768	18
-0.00986757093129198	0.411836570120044	43
-0.089907868788994	0.292826512656521	43
0.087429599311353	0.522317340989645	1529
0.081236078657275	0.645787302923719	109
-0.121850465146965	0.306376648362287	109
0.123592383289951	0.423822430208346	109
0.032697820646707	0.423476479791208	109
-0.037016071437528	0.430980650259451	109
0.0803327670506871	0.697077602461216	109
0.102261427319161	0.656692435283322	109
0.060922692282348	0.523624857330471	109
-0.063769657358865	0.300580875399166	109
-0.093450918240387	0.29310066296328	1147
-0.059621205087494	1.02771478474305	4
-0.048523028380539	0.991948664530847	4
-0.028888090040982	0.793862556341476	4
0.060662559044932	0.891564416785183	4
0.119779970608963	0.867802408610293	23
0.08364392013523	0.924806900099705	23
-0.023036215164562	0.622326780333814	23
0.124541707258404	0.729952643534787	23
-0.120938145474029	0.300857516695142	4
-0.106422575942479	0.298739812098868	4
0.0906404693917811	0.538746729668245	23
0.015146028843593	0.53730511771565	4
-0.031861208552187	0.501935227710164	4
-0.124751377390408	0.155544577577489	4
-0.054755083063938	0.39816074162976	4
0.053859675340066	0.292748013713682	1117
-0.123148322082331	0.313362332093124	773
0.121533213566916	0.564434098240343	773
-0.041951627464237	0.289163070104526	4
-0.083789955371168	0.29749127639037	4
0.124108393817335	0.300273357864464	4
-0.071645707412988	0.278754556563152	4
0.117900015159401	0.198196728181155	4
0.035292574462607	0.421695517837386	43
-0.016396087371984	0.400118977031053	109
-0.011898308056996	0.417871740175519	109
-0.120557192965985	0.159006819090808	109
-0.036877236007408	0.164452989693651	109
-0.08492601428679	0.304964965521466	109
-0.008500367608826	0.415512890898859	109
0.120207900261237	0.536532033622207	109
-0.00448937630445401	0.286116541919628	109
-0.074881495648953	0.404622185361929	1147
-0.103944065298805	0.300643815121126	1147
-0.119755414970687	0.737733698976042	4
0.080222419789434	1.26128705495948	4
0.122827924028998	0.929112317103125	4
-0.021325187502901	0.715238819417632	4
0.109878309113807	0.412332797999426	23
-0.00708078618643998	0.593051701469273	23
-0.023572256260268	0.518529132082931	23
-0.114788958021346	0.406615672245073	23
-0.022667386317866	0.516246877039269	23
0.040818764789518	0.534005768889313	4
0.041115794323085	0.526823672112547	4
-0.042650409791613	0.506537913358092	23
-0.067201860966853	0.476634613641445	23
0.109221359648616	0.735761394632952	4
0.115392994617375	0.435733400111967	4
-0.040202026878875	0.162555049702019	4
-0.034156268667084	0.168359077789132	4
0.034770760075018	0.422838012374438	4
-0.101278413893739	0.293398043975757	4
-0.121335983933	0.152336628344534	4
-0.100749711908961	0.41411549473071	45
0.057785562901875	0.692295033481474	4
-0.048754621856038	0.157954061374204	4
-0.085865072216833	0.304316946305161	4
0.119204258519534	0.431509629846876	4
-0.030800106309122	0.405551089913975	4
0.107809528469215	0.428547685039468	18
0.114355193256024	0.274352178549203	43
0.120956729636381	0.198581629955028	43
0.095040351881349	0.539026868847687	109
-0.038901896279637	0.28847183104225	109
-0.123690403654271	0.298057484918583	109
0.099460872287488	0.537706030166816	109
-0.025599318837806	0.511571028435013	109
0.098273912458987	0.680172957865694	109
-0.01543614413855	0.408371815153823	109
-0.034534618313873	0.174260018652835	109
0.107809528469215	0.428547685039468	109
-0.092758359873856	0.302796248355933	286
-0.115521168756881	0.299190692983226	580
-0.059767695330341	0.420954612001531	580
-0.082782820649965	0.297512840293348	1147
0.015778119910293	0.582263461540487	1147
-0.019311584513396	0.408391645718773	286
-0.00460062358783903	0.290276719033849	286
0.0496184773305171	2.24913673694468	1315
-0.094725253525733	1.11641572530999	4
-0.07754950661161	0.776064125266	4
-0.097135828898626	0.563207367603406	4
-0.018688535475626	0.56831961839233	23
-0.000846196673537025	0.74602360050143	23
-0.030417122701673	0.420225618150779	23
-0.086012830109214	0.291143891801326	4
-0.116596825516133	0.30505290638706	23
-0.08471403159424	0.441594590426188	4
0.036302388941708	0.530451059905416	4
0.076750156985442	0.423007405207618	4
-0.11540151213088	0.388153650705326	4
-0.121947111513806	0.313585972502659	301
-0.104124233960741	0.301917291055789	301
-0.120301540210331	0.158166969036568	4
0.00896184206643702	0.408169356735219	4
-0.050273105893599	0.406800233867376	4
-0.085703034306327	0.295224489376937	4
-0.00624248061364002	0.425332067093025	4
-0.039059188666403	0.167843938439159	4
-0.033432025892266	0.174191346332386	4
-0.042548465285908	0.165709173447527	4
-0.095071881902422	0.410861704940078	45
-0.049160330747132	0.426880156288119	45
-0.00679961717383698	0.285307802232951	4
-0.00938030433709303	0.278749100548822	4
-0.109080027031095	0.403844995432358	476
0.124214008916153	0.206232457822621	4
-0.00327297206465899	0.279769233297695	231
0.012764484555827	0.42759547477276	4
0.050201243922896	0.295961740279646	4
0.120785950601736	0.299137841386854	4
-0.058717323915485	0.420119875168899	4
0.049154288281363	0.291019345415956	685
0.123096620587683	0.199573646617747	43
-0.036202117766367	0.172742420349666	43
0.00823209891533305	0.425518120896841	109
-0.000972211333966022	0.275336826952136	109
-0.038503766818014	0.293991419800997	109
-0.090520624364019	0.295472854389934	109
0.064311683207007	0.402927710367106	109
0.043147062881032	0.28081237265328	109
-0.021703477020893	0.415246661636684	109
-0.037366840710558	0.287028227659817	109
0.050963818405619	0.290252063589736	109
-0.091451800629796	0.281180859030287	109
-0.013043366984447	0.268671727396146	109
0.00695114618732495	0.292288307415712	109
-0.00875411194621201	0.410259174292029	109
0.034222101668923	0.406550022822056	109
-0.047995599773801	0.408768077556509	286
-0.110878624200741	0.310182494199491	580
-0.028955738267621	0.425582974335397	1147
0.109512690936509	0.423947548084147	286
-0.064015850995099	0.693285348020731	4
0.082016226808762	0.877755178404176	4
-0.02494548458236	0.703537295643843	23
-0.03976565418234	0.732170045482442	23
-0.101758799232668	0.302063893175718	23
-0.066434616517316	0.292116949033346	4
0.116234678417888	0.432988661724295	4
-0.029165896913064	0.410462336883421	4
-0.046952208606125	0.431838676463744	4
0.085208702227519	0.625721573502139	4
-0.011285942627915	0.426134063777681	4
0.124141981417183	0.570353090273141	4
-0.021921539276416	0.418377436024487	4
-0.061461561305402	0.411004238024864	4
-0.094411866884038	0.278952778109796	4
0.070745985057795	0.424202749107216	45
0.11001180313165	0.539437685750627	4
0.066442504865278	0.529978733840796	476
-0.075536005346203	0.288389599247867	476
0.079020325488112	0.641832402160852	476
0.013516782518326	0.418932824982957	4
-0.040656004804933	0.411326742691963	4
-0.098851421278221	0.304030420338081	4
-0.017188032447596	0.499589448281386	231
-0.106936221721789	0.298425044062628	4
0.017698581999	0.412319669254006	4
-0.03113884292048	0.423742457569503	4
0.118396106468632	0.438695135399067	4
-0.100929757705772	0.297223051998689	4
0.108919525592075	0.41948955739515	43
0.038475925157534	0.251603980711674	43
0.119421033496369	0.43760162736484	109
-0.036654934267281	0.160739851129601	109
-0.068589202027905	0.290319032917505	109
-0.040723459300082	0.170099779410914	109
-0.10538025532868	0.292685278637982	109
-0.081201209283632	0.299575270525854	109
-0.116432936156205	0.301956999141245	109
-0.081818257798756	0.293664269358198	286
0.00156582427038698	0.509251952143214	286
0.030608071801546	0.416765127291899	4
-0.015048096689383	0.507099731959333	23
-0.099308166653654	0.305510863126058	23
-0.045125061574327	0.491120817193378	23
0.00296014997536398	0.689990213186919	23
-0.044218597272212	0.167900327425104	23
-0.118609155270804	0.15218243102061	4
0.015903546534749	0.43158886007408	4
-0.034812608447561	0.72906678587363	4
0.075748401354182	0.424943777629503	4
-0.000408344338074018	0.525096246687867	4
0.095672667824053	0.842856523044658	4
-0.050544251687011	0.646347611208198	4
0.057265985776258	0.601306405967777	4
0.063733419238364	0.410214581392073	1573
0.102748302970393	0.649819993110767	4
-0.075762564690697	0.40711782478018	4
0.02574507052883	0.488951674571335	4
0.093759048418427	0.789141823573224	476
-0.00419840802389398	0.654945445931305	476
-0.063914593905217	0.294001032464516	476
0.118990222695795	0.415305442054933	476
0.028623123025982	0.4081579238124	476
0.089881442549439	0.846362514885269	476
0.04185555045598	0.835201456122657	4
0.119142597747633	0.197658774394258	4
-0.030861491823731	0.29747717126704	4
0.051056781746162	0.293419649553655	4
-0.105415789261239	0.286280958112812	4
0.043524943764326	0.435075069729875	4
-0.056894084300246	0.596564973996954	231
0.023205409738579	0.525254464259504	4
-0.118180026293461	0.2665729691094	4
0.028731391714959	0.536892233655635	4
-0.089676998841699	0.465940015062022	43
0.000522709043006997	0.585421756782974	43
-0.117990852253439	0.433976944575783	43
-0.122203486899969	0.29577946333001	109
-0.066382132692134	0.279617503199036	109
-0.079253039013856	0.460988339230872	109
0.123276751534072	0.299808404948194	109
0.122288460411843	0.295224960085863	109
-0.041452459608294	0.166540477166596	109
-0.039709773909628	0.170493638317434	109
-0.042761372505904	0.157096850520106	109
0.061865153466902	0.280572016651419	109
0.032751203754309	0.398914440655949	404
-0.076390091067114	0.265315205714349	404
-0.022543777829749	0.566877494291351	109
-0.102176573124763	0.290322109265128	109
-0.036930131428388	0.172876337095916	580
0.044213154475921	0.425116998995645	286
-0.098394401601545	2.29125020826016	1315
-0.111478559684525	1.03649975601457	4
-0.072198651383598	0.482221302420936	23
-0.02513518227742	0.578743559826332	23
-0.059942062141633	0.289390952553597	4
-0.033610030771982	0.404953037200743	4
-0.100125654969599	0.408532073502575	4
0.079300928881843	0.694564249004278	4
0.082445379350675	0.620377782701294	4
-0.123640723027031	0.29061269413726	4
-0.10597074924686	0.298191183148774	4
0.042450047669492	0.437632262781979	4
0.057255622342449	0.29310803454068	4
0.00330227735649602	0.295482362715796	45
-0.008814182932527	0.402754839210835	45
0.019623435357926	0.527073760432665	45
0.117900015159401	0.198196728181155	4
0.044173541193808	0.282281415160287	1117
-0.096546764440495	0.276425357149102	476
0.01244573728975	0.53121436486208	476
-0.074732759961127	0.399612877811996	4
0.044218244436812	0.541876135267038	4
-0.047293275861876	0.498205271774503	4
0.119348301657371	0.542421057837623	4
-0.058407654358112	0.293572049283755	4
-0.045931169196082	0.413693509491158	4
0.0548495975258551	0.538637987482643	4
-0.061278432194844	0.407523094280197	4
-0.067776584815956	0.42094059363855	4
0.001605151262696	0.280358198265591	4
0.0723832031123281	0.438230356174679	4
-0.00070015366248799	0.284524758365186	43
-0.043121393112504	0.168759010980697	43
0.045218035338362	0.286672636531447	43
0.116462082267298	0.280652474664773	43
0.050963818405619	0.290252063589736	43
0.026867113782388	0.598461571823173	109
0.022943796964046	0.414101907232767	109
0.109217925700476	0.440235442383915	109
-0.113734173980033	0.307317793428186	109
-0.060211398987863	0.291316139790766	109
-0.064375644788711	0.278776606997355	109
-0.095235563504875	0.299840058127029	109
-0.116786453802159	0.304401684310985	109
0.00207232918540701	0.296454728338625	109
-0.039630086376085	0.170045180043861	109
-0.046112756686333	0.421561283845121	404
0.044919459367094	0.534487673024733	404
0.03801074722664	0.497126272856047	109
-0.00877887773542202	0.430087461259777	109
0.06458805880323	0.537820127674895	109
0.016832686486008	0.425681257887573	580
0.059145501350395	0.616475248199303	580
-0.076204176213439	0.40770347810042	286
0.042505067630749	0.27961010743104	286
-0.097342762465137	0.410211684572851	23
0.033392180450049	0.533723770713923	4
-0.03139055723092	0.562056714102471	301
-0.0412942253505	0.165829202991859	4
0.124902548666279	0.193317041380957	4
0.120956729636381	0.198581629955028	4
0.015676122192942	0.534638057757048	4
0.079806214609586	0.437089018720166	4
-0.094586072030006	0.306848660798934	4
-0.042571204205899	0.274435539454511	4
-0.036877236007408	0.164452989693651	152
-0.055396578806256	0.415940752635646	476
0.083999522081562	0.519043932257069	4
0.070991852032937	0.436710677868153	4
-0.096462469997384	0.301824550934028	4
-0.044649941268012	0.389564006872481	4
-0.120301540210331	0.158166969036568	786
0.120909333142997	0.533503770704823	4
0.011973331355474	0.532793395849346	4
0.079869449624157	0.616646209671171	4
-0.014484553897488	0.420916777828118	4
0.0499558627054431	0.549855836416407	4
-0.06900525485977	0.297445504667509	4
-0.038044581065895	0.29078001766456	4
-0.044179278580465	0.270713511305207	109
0.122488394814776	0.565401086506672	83
0.111153718312694	0.666219593430823	83
-0.049294918828745	0.43006436918701	109
0.043538775999475	0.539820026226094	83
-0.074201846413248	0.293703578990208	83
0.00217881218946203	0.506241850356071	109
-0.110022019515444	0.310963442874827	109
-0.025265222931167	0.425624723279149	487
-0.051969950705151	0.508681233841358	404
-0.09280053526727	0.284167857812331	109
0.122142447057631	0.298846379400737	109
-0.067743876988421	0.299228657127456	109
0.037635958050465	0.418241312243435	580
-0.102371858951031	0.295174960579474	580
0.086763823082637	0.648650188210703	286
0.046157380218819	0.974877485180916	23
-0.00742114258188098	0.59094332971882	4
0.060741459723529	0.634471890644022	4
0.05263895780017	0.296119387926464	4
-0.078069371805161	0.274391637929756	805
-0.048722078769779	0.410371599398185	4
0.094374576682229	0.830669903681985	4
0.085171554977723	0.542361124704505	4
-0.074976350694231	0.400618762108401	4
-0.108166623054476	0.296869412561098	4
0.09166647309084	0.898465248962357	45
0.122964300445271	0.200951799928207	4
0.124214008916153	0.206232457822621	4
-0.084386904678739	0.297755232128802	4
-0.102328469237417	0.306766338724632	1117
-0.00948533854908801	0.425789115617434	152
0.116702117701433	0.548723856396013	476
-0.065751554570651	0.499810328574343	4
-0.051320253286446	0.421744025992422	4
-0.079522665040772	0.420919926904692	4
-0.084369116068501	0.286846336653465	4
0.041730465828144	0.283788865318709	4
0.024139530508469	0.533219195313653	4
-0.06386704188958	0.418516945385275	4
0.122345157818419	0.289694887794186	4
-0.102717228154693	0.301592798545264	18
0.043456393692159	0.519085384999569	18
-0.035098331674015	0.172681502759963	43
-0.123362269041447	0.155728468588177	43
0.061187666403888	0.52364031127595	83
-0.012593110209871	0.408835196755736	109
0.017122192024157	0.434985288105949	109
-0.071243081521721	0.282464544394864	435
-0.042998908442052	0.422431420536482	109
-0.088536227912418	0.290712990855988	109
0.05391972404155	0.51212195236065	109
-0.096809807697948	0.30161715734338	109
-0.087529670263793	0.300447295878501	109
-0.038539097308975	0.166538731783549	109
-0.117248491570291	0.2949766474912	109
0.069185359328063	0.430566156256591	109
0.079881436567482	0.630855138504995	109
0.047930667183356	0.288135495770916	109
0.00620109973237104	0.525100479101645	109
-0.073595456941797	0.428498264492037	286
0.049148740979258	0.286474310977976	172
0.00183171906118096	0.279720491664844	172
-0.037243443193799	0.549047350328053	23
0.011023620725131	0.595368493046016	4
0.016893064717262	0.528562181541641	4
-0.114652914473929	0.396539193919934	4
0.102607910496146	0.784137367431078	4
0.120956729636381	0.198581629955028	4
0.124214008916153	0.206232457822621	4
-0.032228064109563	0.494001634770823	4
0.015552237332597	0.434074949626927	4
0.121852570339308	0.195889917983624	45
-0.072318683993041	0.419282326162947	1573
-0.064913266684112	0.291614786604033	152
-0.100741315468282	0.298363399124885	152
0.0876699146547581	0.555112660179552	4
0.106734168175892	0.426866328055753	4
0.124899094250924	0.55605962134137	4
-0.070034250663016	0.291110368034704	4
0.124214008916153	0.206232457822621	18
-0.087904982294705	0.292924855736338	109
-0.067087851405687	0.490774407981556	109
-0.081352368915309	0.486192012117427	109
-0.059472776041515	0.413495061841447	109
-0.018451101792334	0.424161782604533	109
-0.064754230277077	0.287259284007782	109
-0.035557735799052	0.294503426690252	109
-0.040723459300082	0.170099779410914	109
-0.023479657068948	0.392545333505683	109
0.067116006137306	0.636911226611786	286
0.0817317593368611	0.541013409649379	172
0.0650738907491411	0.531420927914145	172
0.0479799458590881	0.522357293218496	172
0.119387179171221	0.848670569688151	23
-0.026060857013516	0.577365563849611	23
0.051172701562905	0.691906832108663	23
0.016832686486008	0.425681257887573	4
0.050597094574747	0.42815295460171	4
0.103779615458407	0.412580973011523	4
0.060499764477805	0.40660681599785	45
-0.029183846892061	0.418580498603092	1573
-0.112163763559544	0.148727415602458	4
-0.040723459300082	0.170099779410914	4
0.116636012107522	0.433222066462811	152
0.101845711038643	0.649006249486676	4
-0.091699715052129	0.288338591290934	4
0.00832295348960099	0.290286962061599	4
0.119713851501106	0.199126209354249	43
-0.123362269041447	0.155728468588177	109
0.016341825035486	0.507340138001553	109
0.04815205932457	0.527542574197419	109
-0.014586057931971	0.409206874396687	109
0.043452759643743	0.540848517345051	109
-0.039119562345747	0.484651052460285	109
-0.039243030400512	0.420837403025071	109
-0.031619520767643	0.404592435684511	109
0.118577656313143	0.287843334038703	109
0.124214008916153	0.206232457822621	404
0.112911574633651	0.433702900331632	404
0.070991852032937	0.436710677868153	404
-0.033923072382839	0.299418503931208	109
-0.029846207315031	0.506004698589134	580
-0.00698473680063599	0.424286402014539	580
-0.00624248061364002	0.425332067093025	172
-0.01235772889936	0.420435074105391	275
0.07525200982619	0.53374856985198	275
0.00873609932221397	0.526920746358373	275
-0.0965911642601	0.47807757318226	23
0.102841564912344	0.951520868029132	23
-0.074372408919394	0.483715896511067	4
-0.056245263637986	0.607308930905938	4
0.073356107538334	0.668327912830164	4
0.083251655273857	0.539441630175633	4
0.088903469992062	0.635936183229777	4
-0.124751377390408	0.155544577577489	4
-0.06908695587611	0.416088834876395	805
-0.04609825496976	0.264794767078062	1060
-0.071724843001977	0.287274041910105	4
-0.040358800921977	0.165458043284872	4
0.116267256417787	0.285994400379842	4
-0.029366421068431	0.166108309450669	45
-0.090099340556398	0.284830621147468	45
0.095695324590621	0.539702495540364	1573
0.124214008916153	0.206232457822621	4
-0.045703515000871	0.273446306040968	4
0.124450906498706	0.297342190041494	152
0.00270410979697899	0.408869696311391	4
0.016832686486008	0.425681257887573	4
0.122972248346987	0.292469126697239	43
0.124214008916153	0.206232457822621	952
-0.032331775181086	0.170519727060441	109
0.00000961675394295369	0.285937832066162	109
-0.041067142835993	0.567000931219718	109
-0.015719255597769	0.584073156675192	109
0.014895681846416	0.644086113951432	109
-0.106553486511347	0.457178758832522	109
-0.013557292815518	0.420466224049268	109
0.117900015159401	0.198196728181155	109
0.0472140558272221	0.276351997070502	404
-0.00300554568133099	0.284750699506686	404
0.085522419034918	0.426584112684956	404
-0.00367127504230003	0.428669856579601	404
-0.120811745002696	0.156191821969848	82
-0.039285167295042	0.285880763738075	109
0.036208089642038	0.423652339399667	109
-0.0370673719509	0.290965604791833	109
-0.033876088974718	0.558605501162023	580
-0.063610943987529	0.421378751960043	580
0.069447573390487	0.435804512350571	921
0.114964956518419	0.55884751598483	275
0.0449394616255711	0.925714365368746	275
0.109136861269005	0.79330195811332	23
0.046089710055664	0.542167098712874	23
0.122856509512199	0.734061202811579	23
-0.072374215774633	0.489723569418336	275
0.120604787136222	0.980681234931591	23
0.038632388198492	0.85590498612683	23
-0.100192780424326	0.417526525663542	23
0.099892552261145	0.862296361535305	23
0.0857842800618071	0.633634333142183	4
-0.043961113047271	0.160025787548024	4
0.0421113649171601	0.436475940553235	1060
0.119713851501106	0.199126209354249	4
0.121601402740881	0.545782878462827	1573
0.0521858018549291	0.293049827069017	4
0.075888843617124	0.428645001811945	152
-0.110744374926844	0.282602779164739	152
-0.120557192965985	0.159006819090808	476
-0.122495676028919	0.154381087768881	4
-0.121938366872206	0.156892679811585	4
0.107587435980741	0.423792140803657	4
0.12298158143032	0.54498656713985	4
-0.00271229680200802	0.281590464355736	4
-0.039145087233473	0.167586294800877	4
0.118470563051444	0.194253316345752	4
-0.034534618313873	0.174260018652835	109
0.124214008916153	0.206232457822621	109
0.12297311500624	0.730178451584695	109
-0.019727024320687	0.639205492700965	109
0.0593735501029961	0.80471106825325	109
0.01753536633352	0.606148799559855	109
-0.072121905144724	0.414218637036048	109
0.019026034316299	0.529671893755344	109
0.084019196455602	0.529423861177319	109
-0.036394138458796	0.166042032522055	404
0.017999329288825	0.431630132897643	404
-0.033305840649993	0.417916321223742	404
-0.041146632096738	0.282748600765765	109
0.078432094728387	0.42867369635205	109
-0.074719682467509	0.481225203538937	580
-0.102598221262847	0.412066158112413	580
0.104951785911275	0.729304958187913	580
-0.124671746736076	0.292941731387261	921
0.016055446083085	0.421717950621055	921
0.063428628821916	0.54213114672932	172
0.06722041324034	0.433743059702801	172
-0.116361282930557	0.155562675795945	172
0.044327459658391	0.967676403679182	23
-0.078946193638495	0.660330888678098	275
-0.118344675278641	0.62146190978848	275
-0.120540758632586	0.396610703778619	275
-0.047135081503836	0.46962500046174	275
0.041597690119745	0.872625617863197	23
0.016395344206853	0.686620358036247	23
-0.02181654506295	0.569634038723478	4
0.036086491477161	0.588318464321214	301
0.073351422852428	0.432982559394504	4
-0.066747004864236	0.298670036963559	4
-0.124491702030657	0.154250432471742	4
-0.013098003617158	0.402861352660643	4
-0.006938250534892	0.285857786287888	4
0.12343342039701	0.189697997129271	45
-0.069149609036556	0.281677395724354	45
-0.122999727671547	0.304595008329173	45
-0.059600963000974	0.415431835785273	1573
0.00644577225148801	0.399538713727498	4
0.069185359328063	0.430566156256591	1117
0.124902548666279	0.193317041380957	152
-0.032270698582055	0.294255219125734	476
-0.041310744584335	0.392497669574595	4
-0.024480699246283	0.428971328199494	4
-0.036930131428388	0.172876337095916	4
0.109728273486068	0.426619742967812	4
-0.067010064133183	0.293801904583833	4
0.124555066495811	0.29954513242504	4
-0.036930131428388	0.172876337095916	18
0.118816854838249	0.295541229153146	109
0.041943261105298	0.715567006303792	109
0.0294655490285211	0.719181542055818	109
-0.012905164243501	0.507252909953774	109
0.013183242918857	0.413528798443264	109
-0.034534618313873	0.174260018652835	487
0.12365390775712	0.198464355288851	109
0.12365390775712	0.198464355288851	404
0.049668653676326	0.276658123161105	404
0.05490017797435	0.287481874199726	404
-0.064715399206994	0.28775191486109	404
-0.103620683674456	0.294920793190798	404
-0.036202117766367	0.172742420349666	82
-0.036202117766367	0.172742420349666	82
0.121155457408384	0.194170392898925	82
0.0490680928816279	0.294378869374499	109
0.121074104902742	0.295366886895893	109
-0.094714219621797	0.29071404131538	921
-0.072525085519002	0.286668038493955	921
-0.118609155270804	0.15218243102061	172
-0.049209711354998	0.857821993065777	275
0.122518212151841	0.639945359849279	275
-0.089087727305445	0.406449045763074	275
-0.040723459300082	0.170099779410914	275
0.010493329486145	0.536893679265964	275
0.090947541364686	0.971861279467134	275
-0.013273885550421	0.801929681599152	23
0.076512920511966	0.689626637872412	4
-0.101033535800889	0.271079509671888	4
-0.041452459608294	0.166540477166596	4
-0.116721360313441	0.402538652204361	301
-0.124412521875113	0.306887283590372	301
0.124108393817335	0.300273357864464	4
-0.119505695228958	0.296433499210569	4
-0.098425635688166	0.278188030572276	4
-0.115453573943145	0.302634712652096	1060
-0.023576046662094	0.272723079548776	1060
0.00272988644278305	0.292312527569806	1060
-0.036394138458796	0.166042032522055	45
0.057255622342449	0.29310803454068	45
-0.097062349486139	0.308837472624245	4
-0.04280945426861	0.291156772887083	4
-0.036930131428388	0.172876337095916	4
0.123324363445674	0.294734458944055	4
-0.12419177462442	0.156618549124342	4
-0.00853858433403798	0.27849320617067	476
0.051419481314169	0.29712546877219	476
-0.00340563572757902	0.284754857996633	476
0.011665277553022	0.588093374182002	4
-0.038855764242909	0.283916991808358	4
-0.03176680579702	0.170755366799563	4
0.045420104826192	0.280985538518635	4
-0.107534926116425	0.281172495611753	4
-0.119418019123373	0.303709322823049	4
0.063725064355475	0.422609178312348	4
-0.035098331674015	0.172681502759963	4
0.095385249194419	0.547910515050139	109
0.049958578298596	0.736256388792592	109
0.017765992414286	0.714772249659432	109
-0.045662260063757	0.520044339765207	109
-0.072449315793456	0.458562269523842	109
0.092119206909991	0.696190718229966	109
0.02483877975913	0.674000465214246	109
0.085746122118284	0.536400181646212	109
-0.036930131428388	0.172876337095916	404
0.122404875111649	0.199001544034778	404
0.124555066495811	0.29954513242504	82
0.053859675340066	0.292748013713682	109
-0.108936496466124	0.448533253595435	109
-0.00747084934074599	0.419083444003394	921
-0.073826661091198	0.285798971618422	921
0.112733444907937	0.442553951890558	172
0.075622984633301	1.11759902056639	275
-0.000964242635786983	0.823655054029278	275
-0.097183376791815	0.469577214501055	275
-0.116047626096325	0.408702955413416	275
0.00651707594895301	0.600871331891116	275
-0.086268546070184	0.559106138446644	275
-0.040723459300082	0.170099779410914	275
-0.032865027647646	0.511033690268371	275
-0.115155470796664	0.53718987020832	275
-0.102741827343619	0.600123095108311	275
-0.036679090410182	0.560244125103782	4
-0.019517129148848	0.679988524231632	4
-0.089797558625293	0.288416558063457	4
-0.108904092138839	0.285617128675747	4
0.042043145368443	0.424991342358448	4
-0.041008119897147	0.423668037910543	4
0.110681837255933	0.438273966172864	4
0.010475568347731	0.426180819621151	4
-0.117484044081415	0.155362987319923	1060
-0.122235131003812	0.155816693801671	4
0.120956729636381	0.198581629955028	4
-0.035826103360814	0.17167260536398	4
0.122972248346987	0.292469126697239	4
-0.064494591865301	0.300622542467815	4
0.00783394821120198	0.419920706094392	4
0.119654856899834	0.291335967587848	191
-0.040358800921977	0.165458043284872	18
-0.063650534657308	0.533391031655321	109
0.000257596120427972	0.68456509967625	109
0.124490142310457	0.776689767785308	109
-0.063209700172455	0.416779967671008	109
0.03634725749492	0.593068921818343	109
-0.076176499087253	0.415389264067215	109
-0.074347817976276	0.407424427890775	109
-0.072692651033243	0.415830188673253	109
-0.008544986338478	0.40218294587974	109
-0.039714231145589	0.416058806018589	109
0.010916662355791	0.533596883309496	109
0.04671383291068	0.288061043605768	109
-0.121120346232233	0.153093217450726	553
0.124544532866297	0.19581541349256	404
0.112133584305521	0.184002757761964	404
0.085574637425735	0.421770243154368	404
-0.041452459608294	0.166540477166596	82
0.122972248346987	0.292469126697239	109
0.05473275567648	0.283975323864222	109
-0.00120542601780699	0.296372187007938	921
-0.060658588639998	0.292205978396276	172
-0.030862163393005	0.414769893582944	172
-0.104921069103404	0.798911445673148	275
-0.035218481582888	0.948148494437008	275
0.108316018569495	1.6281923118725	275
-0.084553848584471	0.798116940080178	275
0.054438721088295	0.927462785781205	275
-0.04442839594507	0.417863258941632	275
-0.089540157287867	0.552617015586881	275
0.00972788722308304	0.803055764055075	275
-0.109359688787723	0.469654101715639	275
-0.066489216100887	0.488273026699582	275
-0.06696287296331	0.520319470430692	275
0.045891736508599	0.270421911872975	275
-0.00826656492261402	0.511394252520124	275
0.120618280375007	0.789071301422249	275
-0.036636800864016	0.620656257977167	275
0.0146215205858931	0.701597875317765	4
0.0728377020894711	0.41346570481879	4
-0.121703694457951	0.153402494024623	4
-0.037308230429795	0.168894757905337	4
-0.124198576558148	0.152128418034435	4
0.122964300445271	0.200951799928207	4
-0.042844875594239	0.15563184087337	4
0.119142597747633	0.197658774394258	4
0.121282456265337	0.198645955133022	4
-0.032679917405846	0.297523351501338	4
0.00315398124371702	0.294950863477462	4
0.115004262870731	0.435818087906956	4
-0.120301540210331	0.158166969036568	191
-0.124548642960193	0.399195865279978	109
-0.00689911916367603	0.593410944815988	109
-0.045502543471545	0.555694597249821	109
0.098033196914418	0.749671479806702	109
-0.00286506518785101	0.530381331267716	109
-0.085253613795947	0.457212989050018	109
0.064362534122873	0.706662482783616	109
-0.113498312830086	0.298538289294048	109
0.102701712261166	0.414631476580588	404
-0.035164658607345	0.299287240872406	82
-0.035098331674015	0.172681502759963	109
-0.084844805612552	0.282703088114455	109
-0.030012754981076	0.286467828546992	109
-0.096908500131047	0.456978908663564	286
0.014489295082717	0.428967013185551	921
-0.034724394345072	0.167441011085194	921
-0.036355581313068	0.419902505980702	921
0.121006908071277	0.295460890512761	172
0.06372909241151	1.23231996397498	275
0.054892572408922	0.769512593281312	275
0.019085842936197	0.795829413411282	275
0.105037036540212	1.08995585598503	275
-0.108863582077942	0.580282389448793	275
0.00525162127526402	0.51516189996305	275
-0.049428104715268	0.553098003622496	275
0.00766488796106302	0.79225257979479	275
0.016778129424051	0.806924785809857	275
-0.022563223098834	0.720985434505793	275
-0.042806513085179	0.5502320264321	23
0.0633591284742781	0.541216816487499	4
-0.093295296048577	0.288907588983793	4
-0.087591546877338	0.29375444535802	4
-0.067596287685721	0.288054301655082	805
0.000144723872523955	0.292349613140484	4
-0.028610934299511	0.160231212088632	4
0.066243969438324	0.426735269955326	45
-0.030444650620241	0.291176206776755	4
0.112384960848834	0.420508642968183	4
0.06117050940835	0.621548126394376	4
-0.08255525462462	0.409666173579558	4
-0.027340854799199	0.42317553994067	4
0.0549972427409841	0.293014016712296	4
-0.123362269041447	0.155728468588177	4
0.0475721583500151	0.296057759291339	4
-0.106210822784495	0.290418149055108	4
0.124214008916153	0.206232457822621	4
-0.036930131428388	0.172876337095916	4
0.124544532866297	0.19581541349256	191
0.119142597747633	0.197658774394258	1370
-0.065404665811908	0.491985522245346	109
-0.079555650629829	0.376196165317287	109
0.100006235662823	0.639264429141842	109
0.0504558585923151	0.549685848875237	109
0.07495310443389	0.687827529260206	109
-0.118093943150358	0.403943248233505	109
0.115733607915394	0.445655977478467	109
0.059708719767513	0.285653332151198	404
-0.038602253259392	0.171369029815336	109
-0.03450926709356	0.294045381892758	109
0.0802360563903351	0.630187528313881	286
0.041106317440286	0.429482938376422	921
-0.030365558635588	0.292317209634406	172
0.113685799880649	0.441358034348033	921
-0.016568789768596	1.0581265622383	275
0.0332765038396961	0.904435122920817	275
-0.013501861601429	0.39800975211645	275
0.089462460385045	1.02860746536868	275
0.097922936418946	0.71384289890623	275
-0.032270698582055	0.294255219125734	275
0.011448588098774	0.628338866273686	275
-0.00634576417286598	0.686657043748257	275
0.064198920404185	0.837562404836084	275
-0.061078878532123	0.48579831470587	4
-0.072891037324865	0.401924206206828	4
0.0805328454319369	0.644616792641879	4
-0.010199477083103	0.413674682497694	4
-0.07285674486166	0.278133818764762	4
0.117900015159401	0.198196728181155	4
-0.06548877910274	0.296919221139649	4
-0.10881994586284	0.28262083980248	4
-0.090159771881817	0.277522622595002	4
-0.045889823782064	0.163746990319039	4
-0.03176680579702	0.170755366799563	4
-0.043214991065305	0.287034216015747	45
0.120956729636381	0.198581629955028	4
-0.040723459300082	0.170099779410914	4
0.052796987265029	0.251062207330857	4
0.052280860059946	0.293557551308311	4
-0.116109614751704	0.15553924319242	4
0.117211852623712	0.536751977137774	4
-0.036805368658977	0.507925123165534	4
-0.00718864724676999	0.273893808491764	4
-0.040819584266134	0.166160604374828	4
-0.124751377390408	0.155544577577489	4
-0.038602253259392	0.171369029815336	4
-0.034534618313873	0.174260018652835	4
0.034839557663097	0.23878549011271	4
0.053686238739729	0.291624498502172	4
0.054905858135453	0.294421889010528	4
0.119713851501106	0.199126209354249	18
-0.024013418770206	0.561647007372386	854
0.067720497413561	0.699998305224161	109
-0.120905144329635	0.430995294696877	109
0.0742179392928271	0.624087318676956	109
-0.068473980820693	0.525582032589952	109
-0.054477528839113	0.426040334483245	109
-0.054023280974148	0.394015600580825	109
0.117153196572844	0.437530222323671	109
-0.06548877910274	0.296919221139649	109
-0.090196575570607	0.281440306435817	109
0.052093123988726	0.284074222189826	109
-0.081622692461837	0.262795712563075	404
-0.041819201429834	0.166345325053339	404
0.045989793078195	0.277114944431047	404
0.058383961959277	0.286141731954215	404
0.046716368831028	0.42498921076771	920
-0.119176342498063	0.159173674782741	82
-0.028610934299511	0.160231212088632	109
-0.088068337485929	0.299925740166337	109
0.110677966664369	0.724801774169294	109
-0.0000548761415439802	0.535508517235044	286
-0.082725054248322	0.303765573288752	921
-0.063192215097582	0.293289222259898	921
0.119802741753016	0.293862137503125	172
-0.098232114108287	0.297067675599013	172
0.119946110419846	0.296494470925561	775
-0.12223687615801	0.149982574623984	775
0.00968014313094001	2.19915150678805	275
-0.051516925992078	0.672979490950843	275
-0.045609529977136	0.829087093886293	275
-0.06900525485977	0.297445504667509	275
0.119766349461123	0.798040861533321	275
-0.044866970875089	0.409922337128153	275
-0.124084356763749	0.489135900121312	275
-0.109237187927715	0.458059709154088	4
0.034738011832685	0.409770426932253	4
-0.112525930641092	0.306766246944851	4
0.11407345473726	0.421502540910946	4
-0.00178399354916298	0.284129172807576	4
-0.038036464163298	0.171991450715647	74
-0.034804373108305	0.285237746870242	4
-0.097987373736171	0.302423357725886	4
-0.00295212476485901	0.28262975145687	4
-0.038539097308975	0.166538731783549	4
0.121155457408384	0.194170392898925	4
0.0415640998599019	0.280812677421613	4
-0.059530415135519	0.300650026881437	4
-0.123362269041447	0.155728468588177	4
-0.077188315938379	0.411102267828885	4
0.032697820646707	0.423476479791208	4
0.122964300445271	0.200951799928207	4
-0.006938250534892	0.285857786287888	4
-0.049334599774227	0.158170183686056	4
0.119713851501106	0.199126209354249	457
-0.00340563572757902	0.284754857996633	457
0.115808482493869	0.745464790187547	109
0.024716476134551	0.535329356891953	109
-0.093526099916036	0.29641564149456	109
0.052551217772382	0.295614499308593	109
-0.118053473987344	0.158440404544565	920
0.04671383291068	0.288061043605768	920
-0.041452459608294	0.166540477166596	82
-0.033352871544875	0.286989632404462	82
-0.114988734886196	0.155737204611114	109
0.00374299297283798	0.388351562654431	109
0.0620838519306201	0.520990742748226	109
-0.029204183596655	0.29243634980308	172
-0.107611798694842	0.310371301587536	172
0.048902731610357	0.282705665353628	172
-0.109142417659061	1.08595215382706	275
-0.108476359509558	1.39854705365063	275
0.052362445021795	1.18625090047008	275
-0.068505457268246	0.41100309877844	275
-0.044024048014229	0.494111416241383	275
-0.039002099056942	0.652705919055529	275
0.042658868481433	1.15681200425207	275
-0.031382536626204	0.606288737014438	275
0.032022906946674	0.615023847262517	275
0.047896173324265	0.688273882652284	275
0.111929941741257	0.435679388990044	275
-0.037497036647594	0.170193407126297	275
0.109036964000325	0.744719181743221	4
0.1039178916786	0.739286267057854	4
0.104442259652713	0.659656286944367	4
0.057676865068102	0.619262180059508	4
-0.032868208908604	0.170805479480064	4
0.00395634744240803	0.288372652442285	4
0.066669669144274	0.552403962765508	805
0.069733796076073	0.437990961256578	45
-0.014756581178552	0.429060375988009	45
0.049154288281363	0.291019345415956	4
-0.068465586979888	0.287858295261014	4
0.118178937309728	0.436443548993034	4
-0.052349791087173	0.147607555053936	4
0.033276206753477	0.534335882094891	4
-0.112013977574133	0.399032679149344	4
0.013859426526824	0.399430796275059	4
0.043636205856983	0.280861777021532	4
0.123422381438193	0.298589421519288	4
0.12365390775712	0.198464355288851	4
-0.034534618313873	0.174260018652835	4
0.050201243922896	0.295961740279646	4
-0.11968746128075	0.152940293112242	4
0.116657021139255	0.193360272717834	4
-0.061243755171073	0.300898382156824	4
-0.120301540210331	0.158166969036568	4
-0.034273455383116	0.273293426346758	4
-0.042026535294929	0.167618117264498	854
-0.062236418090029	0.301461884978506	457
0.08233098682252	0.433666506054052	457
-0.044529514268315	0.564956542155917	109
-0.034421099961729	0.486305132208739	109
0.065699859625262	0.748984082470972	109
-0.111245962854778	0.413778263338884	109
-0.091574378455667	0.41676072401285	109
0.060783864881249	0.410017381784381	82
0.118816854838249	0.295541229153146	82
-0.02857236666784	0.294230525950118	109
-0.116582141208608	0.398964485249254	109
-0.00521760805705002	0.529457799439156	286
-0.033509656882453	0.294108154909603	2295
-0.038966538962539	0.401345551687771	172
-0.07152523138771	0.288177448737514	172
-0.08022662994246	0.281521039937356	172
-0.070458862924881	0.580516408331275	275
-0.055195953620353	0.419396006371267	275
-0.090080482067277	0.540511046369439	275
-0.086668642508063	0.471792376843942	23
-0.048942383423896	0.556549571397307	4
-0.071295661347447	0.553135968801063	4
-0.107075735902007	0.402547037195529	4
-0.035577986924968	0.655704905588398	4
-0.086593622790418	0.528542816726672	4
-0.035826103360814	0.17167260536398	23
0.116777204645619	0.789715276853289	4
-0.080271604042091	0.418723758058241	4
-0.035570795484928	0.281477681433063	4
-0.057217345442551	0.494977266328228	4
-0.060489029767165	0.396061482619348	4
0.124555066495811	0.29954513242504	4
-0.118310047532852	0.15490869408327	4
0.070022390395637	0.434611279311982	4
-0.079924603791139	0.298017421117126	4
0.043147062881032	0.28081237265328	4
-0.059937590345668	0.297407354114569	4
-0.124820485078393	0.306692867705982	4
0.110729570574673	0.261556490665225	4
0.0487031907093241	0.295664408857857	4
0.0556657414658121	0.285414376250831	4
0.121282456265337	0.198645955133022	754
-0.076544522526087	0.277622846990728	457
-0.021404945036411	0.516649731799633	457
0.05349909062535	0.683051873706236	109
-0.081191770535465	0.399975906140111	109
-0.069233322945452	0.492731274192541	109
0.039031503378676	0.612156097415571	109
0.097393328138171	0.708642563226234	109
0.066116748827529	0.405139104066552	109
0.010956986849348	0.401203467195796	109
-0.114685047402622	0.29763164840898	212
-0.076650223712536	0.292788722727935	212
0.12365390775712	0.198464355288851	203
-0.029733591204832	0.404102653375699	82
0.109217925700476	0.440235442383915	920
-0.119753032762926	0.1507510687914	82
0.043147062881032	0.28081237265328	82
0.108582908211383	0.41337379765696	109
0.047320473521335	0.545804247596891	172
0.057795580641541	0.616847180304951	172
-0.05474385842313	0.147590332950428	775
0.120809768691764	1.66933337056313	275
0.043851530076451	0.820042507913082	275
-0.113029994177735	0.65234140316211	275
0.082261172989281	1.05747014529236	23
-0.044996690463462	0.489785773758235	23
0.116492812852929	0.723539409399584	23
0.03162071734396	0.615295378698718	4
-0.118442214380845	0.272775358046913	4
-0.043488840346315	0.423882594592527	4
0.0118837570521	0.42809289996242	4
-0.080849886387324	0.291025213061628	4
0.059391435935376	0.535571949518863	4
-0.037497036647594	0.170193407126297	4
0.042780837787786	0.284744936845755	4
-0.067683411569889	0.426423745614982	4
-0.082463220786016	0.299373770260788	4
-0.09111048950812	0.281425184109572	4
-0.100385935300684	0.295679869250667	4
0.028953711056212	0.481947606918908	4
-0.079321054713586	0.297687512344633	4
-0.111685841976788	0.292125009226561	4
0.040858320580714	0.435466500558127	40
-0.00349826982631901	0.261505815197993	4
-0.035940265259919	0.294988946145596	4
0.124902548666279	0.193317041380957	854
0.037786714429296	0.413613784594641	457
-0.00471504942972401	0.425589423350647	457
-0.0992170174295	0.299346412935916	109
-0.103910585538787	0.303411739522079	109
-0.00195924934071401	0.264826001914031	109
-0.036018828201849	0.296287645195761	109
0.076460801499688	0.432256978192414	212
0.052555077346165	0.290106847673752	109
0.042864928378153	0.286921752938685	212
-0.055010340187721	0.297686519932886	203
0.06371644397314	0.546836279997668	203
-0.033923072382839	0.299418503931208	920
0.0388894200841829	0.418205232777907	82
-0.033662653420076	0.41643172994521	82
-0.085928228722373	0.292537627970752	109
-0.034396305295815	0.420478974364714	109
-0.107701295308719	0.301265103276593	109
0.0767188219609241	0.422885769722492	2295
0.021777573264199	1.31694370132173	275
0.092324699239776	1.12233882423491	275
0.048766915891014	0.867738805393271	275
0.102282976509382	0.954220076702186	275
0.017696453650514	0.594315955251498	23
-0.027694943862898	0.417498784364098	23
-0.00315829240299198	0.532456581354311	23
-0.048767085486807	0.407001142589072	4
-0.00324409591503599	0.285098489678341	23
-0.039709773909628	0.170493638317434	23
-0.112192273606872	0.275944700651805	4
-0.12419177462442	0.156618549124342	4
-0.109674034985702	0.279714830656097	4
-0.035454931146576	0.160093767329829	4
-0.040763362720063	0.279725721876716	4
0.122404875111649	0.199001544034778	4
-0.111397820041092	0.287978076647755	4
-0.038968824008675	0.425642345241458	4
0.022584890199305	0.412212837703776	4
-0.047514788962486	0.408518872962348	4
-0.08528789582853	0.290056367664597	40
0.118816854838249	0.295541229153146	4
-0.119176342498063	0.159173674782741	854
-0.032868208908604	0.170805479480064	854
-0.00243220263210597	0.296265481080456	854
0.03941702983245	0.422307893063087	457
-0.015071663738272	0.404556612786529	109
0.104972558633505	0.423615612142212	109
-0.121120346232233	0.153093217450726	109
-0.039481780291267	0.285062727363624	315
0.053859675340066	0.292748013713682	82
0.115841765451381	0.183332241461202	82
0.00385021585896295	0.285580829336459	82
0.106561858302716	0.426352779247198	82
0.039112307821751	0.429860973703725	82
-0.035945962695896	0.287537233748166	109
-0.095437816818363	0.284607756394213	2295
-0.063176948097939	0.293344195914198	172
-0.036202117766367	0.172742420349666	172
0.048015283712899	0.284986606497739	172
-0.008853859065031	0.955402973254698	275
-0.098277336162318	0.6048950319272	275
-0.115255660578278	0.40574155686568	23
-0.047896213790659	0.542975262837088	23
-0.090665512182126	0.468443621089903	23
0.074654220369163	0.60843692868082	23
-0.084338082319634	0.405053077382425	23
0.105312191651147	0.653383728343753	23
0.051041993804817	0.534991183333676	4
-0.064353127995239	0.414668559475253	4
-0.03074658057558	0.396870531064231	4
-0.041381995530733	0.289596883166052	4
0.074238144761484	0.414786505955161	45
-0.030172661596343	0.295351967575752	4
0.117639324592677	0.526244525782526	4
0.04824426584794	0.272703838299366	4
0.042863302288273	0.279511779210984	4
-0.0017469812882	0.276704557123901	4
-0.113508012434106	0.28558692468859	4
-0.036489655842563	0.284320748760734	4
-0.034324974604846	0.279959248891555	4
0.034145627287863	0.418252993167275	4
-0.087498487673752	0.289343592639098	4
-0.053734855805598	0.422946659165336	4
0.054905858135453	0.294421889010528	4
0.038936554544419	0.424408730597791	4
-0.064764098535929	0.3011496161243	4
0.065569946080952	0.414236105492931	40
0.122742279404161	0.565264918205402	40
-0.066434616517316	0.292116949033346	40
0.124141981417183	0.570353090273141	4
0.111271973866327	0.436324784720825	4
-0.041756944528972	0.293884596287239	4
-0.108598462777967	0.289192392609643	854
-0.039059188666403	0.167843938439159	854
0.091508068742254	0.535775218679374	854
-0.069962458286512	0.412443172830967	854
0.118248634365808	0.56282529383861	109
0.12069850531851	0.435375517406906	109
0.069856807370659	0.424450172054799	109
0.123152636400651	0.55708701593959	212
-0.060933525908966	0.296727743158278	212
0.078432094728387	0.42867369635205	203
0.119627645119917	0.528454615149896	203
-0.05192832703459	0.429363424431428	220
0.078398891190023	0.430778806133947	82
0.121909847171753	0.431935819563548	82
0.046633630235187	0.284866857044243	82
0.045611215041657	0.428094866076688	82
0.065255794102222	0.419491841062044	109
0.036841896413057	0.535243121048951	2295
-0.109493764966783	0.28775232560696	172
-0.034497469540694	1.38356255174309	275
-0.108378551349986	0.766755200228053	275
0.114411160323468	1.32391534935641	275
0.077648248611086	0.86120370822125	275
0.081485884236542	0.769692879844751	249
-0.023636188595406	0.55553629420035	4
-0.087015202505396	0.287646351853483	4
0.079108623431733	0.431487218900106	4
-0.08538676400155	0.296182633100752	4
0.119713851501106	0.199126209354249	4
-0.033432025892266	0.174191346332386	4
0.122288460411843	0.295224960085863	4
-0.105170311868794	0.298170096775756	45
-0.051592406538798	0.41673218460494	4
-0.114402885283139	0.14808174851726	4
-0.124198576558148	0.152128418034435	343
-0.121703694457951	0.153402494024623	4
-0.082936969484532	0.303930633133994	4
-0.120557192965985	0.159006819090808	4
-0.035803978494023	0.288554291469883	4
-0.114353814201475	0.390735040114935	4
0.054905858135453	0.294421889010528	40
-0.005808374212322	0.268469149544432	4
0.059033110862463	0.535433031129707	4
-0.113734173980033	0.307317793428186	4
0.045218035338362	0.286672636531447	4
-0.102371858951031	0.295174960579474	4
0.00534371901885899	0.292063261798948	4
-0.036364261704742	0.168630626525818	466
-0.100819684538502	0.296082180018245	854
-0.110999487978796	0.293385874266854	854
-0.059343712570874	0.419738413817227	854
-0.050145987585421	0.42269652510414	109
-0.030535376952609	0.42052518570534	109
0.124023810229995	0.65355910049086	212
-0.029340243065361	0.421466151536683	212
0.043452759643743	0.540848517345051	203
-0.03288663490087	0.401702884702086	220
0.11694830955076	0.521691630338142	220
0.048020830736603	0.281583371712983	82
-0.042558385852201	0.287527081270355	82
-0.096707937506897	0.303846721601489	82
-0.063356749297609	0.423956776604109	109
0.042017090788714	0.431468099468602	172
-0.038602253259392	0.171369029815336	172
-0.033432025892266	0.174191346332386	172
0.121852570339308	0.195889917983624	172
0.0143434503605741	1.24161274780974	275
-0.00332689170057099	1.12172549572708	275
-0.036684095925713	0.823962293181671	275
-0.00877542774443002	0.266339864601509	23
-0.067387714697766	0.496186522302419	249
0.036027869981614	0.609107342013741	23
0.101731396014507	0.64482197611573	23
0.016964336315753	0.665050424080339	23
0.100958827846643	0.550488798665496	4
0.00754656480718696	0.41306410643008	4
0.00315398124371702	0.294950863477462	4
-0.08904542415564	0.294490255302337	4
-0.036930131428388	0.172876337095916	454
-0.10445322108681	0.302643363991076	45
-0.071216495858759	0.421385079298231	4
-0.037967020081279	0.167801448279283	4
-0.043214991065305	0.287034216015747	4
-0.089255695273956	0.297306391861473	4
-0.032868208908604	0.170805479480064	4
0.106213759099225	0.426615711519526	40
-0.030667745026449	0.167317070122133	4
0.122634121076334	0.553165904189267	4
-0.00324409591503599	0.285098489678341	4
0.000383069701856975	0.28247559071469	4
-0.121684263163148	0.157995342139036	4
0.047848390263436	0.286682900292138	4
0.0415640998599019	0.280812677421613	4
0.124544532866297	0.19581541349256	854
0.117900015159401	0.198196728181155	854
0.013722356568537	0.537231099421528	854
0.0158587080787	0.564774854148054	854
-0.1136686690198	0.30793418814113	854
0.075326361807039	0.397190675145978	109
0.033030633723192	0.421249330852921	109
0.042070990300549	0.5422229960055	73
0.066878136870104	0.538955864646769	73
-0.018571419294721	0.409239599401911	73
-0.000801926031329003	0.291284707966694	109
0.017816022055992	0.427365733981079	212
0.050913100129962	0.413540562542418	212
-0.065068528805338	0.291919550322135	212
-0.100888080778312	0.300163717797792	315
-0.044218597272212	0.167900327425104	212
-0.021641502978206	0.429816117467506	203
0.029745083808109	0.388108003007397	82
0.107456500194352	0.427506209511774	82
0.121282456265337	0.198645955133022	220
0.113433680090497	0.411809760504904	82
0.051333820198618	0.294464644725253	82
-0.037262081301864	0.296145191658899	82
-0.115799640813188	0.306517036227275	109
-0.120745082422769	0.312370358136196	172
-0.032733004657242	0.28419672653744	172
-0.096269024775071	0.29380593987366	172
0.122964300445271	0.200951799928207	172
-0.04265936392354	1.07066114417542	275
0.06149944052692	1.54826403569682	275
0.00142340618316805	1.25124415687964	275
0.049647002125946	0.805040483439358	23
-0.00956868037342701	0.514909874789307	23
0.01855039844433	0.520708148027565	23
-0.035408214469024	0.510611288455163	23
-0.110876255862535	0.404714373737176	4
0.00794692126583296	0.527975747795888	4
0.062782719526877	0.639960363831292	4
-0.063228460560508	0.294329347197874	4
0.096242571409818	0.541008166440343	4
-0.118053473987344	0.158440404544565	4
-0.038602253259392	0.171369029815336	4
-0.033971939855861	0.167115678051664	4
-0.037967020081279	0.167801448279283	4
-0.033706004354477	0.293553233700462	4
-0.118858781350849	0.153389820971964	4
0.067505432683676	0.434910203803505	4
-0.115449244741058	0.305957765468065	4
-0.00264349201392899	0.524666121508228	4
-0.070525704898028	0.287709279974405	4
-0.034156268667084	0.168359077789132	4
-0.124568874065549	0.309414515338685	40
-0.041914817032301	0.38329763961467	40
0.042864928378153	0.286921752938685	4
0.052280860059946	0.293557551308311	4
-0.063637473409613	0.281502031253262	854
0.069163715076816	0.427426402019531	854
0.12050597492634	0.560950737840728	109
-0.100929757705772	0.297223051998689	73
0.056890316041778	0.287130333220935	707
0.090759757978087	0.556103404759131	212
-0.00070015366248799	0.284524758365186	212
-0.035826103360814	0.17167260536398	203
0.015552237332597	0.434074949626927	203
0.00586997978347204	0.294523949616992	82
-0.069267063520925	0.293379209361192	82
-0.060803552967967	0.275169573810715	82
-0.00934980469698499	0.415535202301568	286
0.059678842248058	1.63306548007247	275
-0.036471192451971	1.29640269108652	275
-0.016310792994925	0.834151307468998	275
0.0982156558942821	1.27210147874919	23
-0.07891806877688	0.424086329296515	249
-0.020595768448559	0.522674009115525	249
-0.054509424695351	0.491100384203913	23
-0.061035853407922	0.470703199822047	23
-0.062352327175885	0.601273533809228	4
0.0803547115672451	0.684491988817414	4
-0.116696594502366	0.408604152190281	4
-0.00384283838122501	0.421594725306602	4
0.07338241147727	0.415826258200864	4
-0.041459916371166	0.424583115105931	4
0.104071162552091	0.413830435745114	4
-0.068985960175372	0.277053229839522	454
-0.00622417992276397	0.283380712937043	4
0.000282085998768999	0.293976534692586	4
0.111707850166514	0.442330039776423	4
-0.119813694649161	0.310043508527452	4
-0.090191703388096	0.414388109678258	4
-0.09536153719064	0.27467311142316	4
0.124450906498706	0.297342190041494	4
-0.038602253259392	0.171369029815336	4
0.048982368814764	0.279935428935906	266
-0.00841771558110099	0.2744099411465	4
-0.117795816182034	0.156005932657227	4
-0.036930131428388	0.172876337095916	4
0.077173007604952	0.427468421828421	4
-0.039267397834728	0.426886038162346	4
0.121367503921455	0.565468504367042	4
0.068181083962908	0.551532552184743	40
0.0223796036330201	0.612337986240633	40
-0.118053473987344	0.158440404544565	4
0.061070348036289	0.408229804960127	4
0.071704926074638	0.439732427603786	4
-0.118350646991639	0.303151160651889	4
0.017464683289794	0.436551422722792	4
-0.092186990978228	0.294029037026814	4
0.020355599323186	0.522142076782649	186
-0.002023860484547	0.289296858507463	4
0.124266234532458	0.291663955327353	854
0.124771021919602	0.197435251980405	854
-0.114977733087196	0.307041894364117	707
-0.013431507017265	0.414709790993844	707
-0.067898277258127	0.281277996774127	212
0.090029191339961	0.547903003892136	212
0.079610282105154	0.547043663124321	315
-0.044072658501255	0.420471202310221	315
0.079377327375646	0.519691333016861	203
0.100130779108163	0.550794070818235	203
0.0928557245678689	0.644311887743864	220
0.013116443909843	0.43221188943791	220
0.00876208302044201	0.413054589371397	82
-0.00585332542185002	0.28448551986313	82
0.039478934093983	0.424499909986757	82
-0.048664610270344	0.417551499355539	286
0.041281585425014	0.276362674819822	172
0.079260842008784	2.38135128909911	275
-0.11165047267181	1.42564620078135	275
-0.07546107130846	0.92129962318554	275
0.00223105287559799	1.039774885714	23
0.031049822148435	0.912655166133733	23
-0.040951914041078	0.614862601702226	23
-0.123347570037767	0.473933129962786	23
0.065233672471545	0.526978710997842	249
-0.046283233971894	0.417975555738827	249
-0.067435049064105	0.28974001622548	4
0.064491804330296	0.632838295221154	4
-0.053307702641406	0.426867486507908	4
-0.03762906833976	0.399008469867613	4
0.040279613890017	0.438273577575726	4
-0.088565513515919	0.286632977593491	4
0.121689182310475	0.278163162711748	4
-0.08785102061757	0.301646595518235	4
-0.034198170904618	0.293128121594033	4
-0.063500722050671	0.302222693860932	4
0.114151516423899	0.435904738344132	4
0.0572613501959121	0.285232598630906	4
-0.071645707412988	0.278754556563152	4
0.116428534167952	0.52677668640016	1301
-0.032657876221573	0.293107286808737	4
-0.014151385746246	0.412998141149611	186
-0.00243220263210597	0.296265481080456	4
-0.066139193363208	0.283568943975451	4
0.057168692437129	0.280122398000424	854
0.0587350182102691	0.52955629175428	854
0.065990946374042	0.416744308949645	109
0.030271971667806	0.417867471799398	707
-0.036930131428388	0.172876337095916	707
-0.123075596254438	0.155909238850789	707
0.106260422750661	0.411197445375459	212
0.082229320202724	0.49708269155115	315
-0.035557735799052	0.294503426690252	220
-0.034555726361172	0.411657042531302	220
0.038632196281449	0.430673655397043	109
0.0690215493308201	0.419282122998082	109
0.012236403655404	0.432740220208815	172
-0.080860317992001	1.88923278138635	275
-0.037058231534282	1.62531082696359	275
0.070918340260236	2.41687618971122	275
-0.056002702870902	1.86521163296476	275
-0.070472186938386	1.49569694533072	275
-0.054452656475661	1.12744920496243	275
-0.064263507823272	0.935596889738508	275
-0.120996454230894	0.616090049072945	23
-0.050743557691337	1.00816959308267	23
0.01850461909831	0.744277884216221	23
0.074918204916075	0.430807165704511	23
0.00258794219041103	0.294475311721082	23
-0.104283684054605	0.39576692600958	23
-0.111723452477589	0.291424227119612	4
-0.012044645326033	0.517104820696584	4
0.100555657521591	0.640319777347776	4
0.0439646790000911	0.426491259927692	4
-0.0703984218266	0.280851352473043	4
0.0143340530473141	0.434192840214861	4
0.06991914753533	0.412202360389993	4
0.108534116204527	0.424449556705848	4
-0.12362237401623	0.155634201329785	4
-0.117232846258792	0.152370130318612	266
0.00438333396282098	0.294003858592518	4
-0.023084548834306	0.418296823048893	4
0.0358688774699401	0.424471763935381	4
-0.036606778487432	0.292940778553231	4
-0.014586057931971	0.409206874396687	4
-0.065218337370409	0.29792769139046	4
-0.084811170592282	0.297065245509511	1301
0.0358688774699401	0.424471763935381	1301
-0.115275684204934	0.304146127993457	4
0.121956753864515	0.272766929397083	4
0.03660047479504	0.430036108239494	186
-0.111916041099031	0.150488377368749	306
0.116182348189842	0.39944485316363	109
-0.083336923034337	0.302991737483017	109
0.041626562714951	0.420571341992491	109
-0.106148390369063	0.27393473864933	212
0.044860077548492	0.281958344974066	212
0.066533921100051	0.429550840565418	188
0.040936033924708	0.412896883259969	220
0.109512690936509	0.423947548084147	220
0.062177831922641	0.403980497688105	220
-0.085388989021978	0.298572845904862	220
0.036317961136092	0.41525552633246	82
-0.117734133706562	0.153594378069888	172
-0.026649674976031	1.25331742066758	275
0.068470016095047	1.37003484683134	23
-0.104586535171719	0.872954283543962	23
-0.019819302775253	0.903987358547576	23
-0.115657510606232	0.602458021337031	23
-0.00520184636083199	0.433196420636105	249
-0.110365458887627	0.289492340795464	23
-0.116947496989592	0.306178838502968	4
-0.071439997366879	0.412948715772497	4
0.03981212073315	0.675088539433653	4
-0.034111828304922	0.413352174622045	4
-0.072106355765995	0.426771528844361	23
-0.115449244741058	0.305957765468065	4
-0.035369721989096	0.286402669993916	4
-0.024823926063258	0.289866209291376	4
-0.00233693280338398	0.422121023871919	4
0.070862916970304	0.425010322510203	4
0.011002776777009	0.426098611239309	4
0.013794525645893	0.432576331623992	4
-0.030444650620241	0.291176206776755	745
0.099090533951946	0.537662721690755	4
-0.094714219621797	0.29071404131538	40
0.122178270446407	0.655877670978398	4
0.00696969670467695	0.404482511905167	4
-0.114412019399582	0.394591660749839	186
-0.034699464698318	0.292508386502416	276
0.0233861172070941	0.374999096575179	109
-0.042197711710016	0.281276850703391	707
-0.040723459300082	0.170099779410914	707
-0.00243220263210597	0.296265481080456	707
0.080106859620363	0.43493181686608	188
-0.057544064575399	0.297292485830121	203
-0.000647815313783995	0.42395109463425	203
-0.042420590612859	0.408147474674594	220
0.036650070937524	0.414764337617369	82
-0.080681433818416	1.6347568485477	275
-0.00932576175420002	0.585233408957888	23
0.017956164044504	0.539491365494052	23
-0.120044795707522	0.151397281125971	249
-0.077102022480408	0.268245263164832	23
0.100790619711988	0.723951463578307	4
-0.014058794729117	0.513216297511463	23
-0.082000272668404	0.30457043819746	4
-0.071985510636032	0.287926914570199	4
-0.062195073956648	0.295687601136766	4
-0.060201764824214	0.29519026279682	4
-0.00840743742140898	0.523609072548918	4
-0.086647149020843	0.295273630100601	4
0.021616702098193	0.638631249500673	4
-0.051512978533224	0.153746934889762	4
-0.036369353799126	0.28290228000509	40
-0.112991044426497	0.281547702051422	4
-0.011509917737493	0.423468124128679	4
-0.027513642330081	0.160639388440737	4
0.0487948639640981	0.295057396433596	4
0.122972248346987	0.292469126697239	4
-0.056684421163528	0.423427470888828	4
-0.048845067763884	0.427694460934077	40
-0.021694760825704	0.487321950015249	4
0.101426510907769	0.632502021557327	4
-0.055426101828873	0.289783297861713	186
-0.12362237401623	0.155634201329785	73
-0.121684263163148	0.157995342139036	73
-0.0412942253505	0.165829202991859	707
-0.03176680579702	0.170755366799563	188
-0.094249341495463	0.386866429217736	188
-0.00793318344989902	0.430946687588037	203
-0.00578447408204302	0.539142321332782	203
0.097396539435409	0.621114854809575	203
0.015263673630171	0.419433843179334	220
0.039137943838736	0.60870006844555	220
-0.03843589134688	0.405786542520597	220
0.120956729636381	0.198581629955028	109
0.120785950601736	0.299137841386854	172
0.0490643868790091	0.286762351433191	172
-0.057805926769417	0.426857945551628	172
0.0167765071520311	1.84862538466446	275
0.053837572252415	1.54786705137656	275
-0.117875483011488	0.686579702398156	275
-0.036944660233013	0.499681382751115	23
-0.045918113480943	0.512236602705578	23
0.124555066495811	0.29954513242504	23
0.00906642593191098	0.525195139353759	23
-0.00686749289631999	0.424510833757488	4
-0.109359688787723	0.469654101715639	23
0.095620673715712	0.892444501569398	23
0.123044328046606	0.301801827558271	23
-0.005714667646605	0.286761851796316	4
0.112733444907937	0.442553951890558	4
-0.00827287331637799	0.274143676835269	4
-0.11759773953211	0.296865407416551	4
0.120647758989107	0.293386804585141	4
-0.040723459300082	0.170099779410914	4
0.119142597747633	0.197658774394258	4
-0.048966527883093	0.264201112122155	4
-0.113093701907729	0.406189876752439	4
-0.073215111574427	0.483980788104614	4
-0.053734855805598	0.422946659165336	238
0.028164678242377	0.417524311845354	854
0.121282456265337	0.198645955133022	854
0.123044328046606	0.301801827558271	854
-0.039630086376085	0.170045180043861	73
-0.03176680579702	0.170755366799563	73
-0.121703694457951	0.153402494024623	707
-0.035826103360814	0.17167260536398	707
-0.038602253259392	0.171369029815336	212
-0.037662408836445	0.289457608695985	203
-0.002158907948627	0.28768167558039	203
-0.123362269041447	0.155728468588177	82
-0.082522167030235	0.294958140641616	82
-0.095274331008666	0.306641545635162	220
-0.099963864866814	0.288543975019457	220
-0.00484334732234998	0.279020569351227	109
0.121155457408384	0.194170392898925	286
0.0487948639640981	0.295057396433596	172
0.106056840231985	0.642540225367735	23
-0.005714667646605	0.286761851796316	249
-0.046799202124715	0.15944382517923	23
-0.114515271959321	0.305233095783572	23
0.069004978472944	0.628418550502273	23
-0.048366569744628	0.406922058476431	23
0.006402354931759	0.591814291060732	23
-0.053521905370472	0.396960217836363	40
-0.016977128880347	0.406232787432427	4
0.123276751534072	0.299808404948194	4
-0.1194324503778	0.158271878821346	40
-0.063803255781908	0.291284592479645	4
0.089805229769486	0.558678122770404	4
-0.123416962395348	0.289005957951011	4
-0.12362237401623	0.155634201329785	4
-0.031588679685835	0.165529144279848	4
0.00423502391711705	0.287920246513198	186
0.105112068300908	0.650671628683993	1301
-0.12362237401623	0.155634201329785	1301
-0.037220369522181	0.279184572576853	1301
-0.124751377390408	0.155544577577489	40
-0.089255695273956	0.297306391861473	186
0.049085564528952	0.422475640402359	238
-0.037409438683911	0.418144193778427	238
-0.076543342528884	0.303811835891974	186
0.09158704705626	0.558510170137368	276
-0.104236951550407	0.303081235687727	854
-0.124491702030657	0.154250432471742	276
-0.045163453526303	0.159987596642005	73
-0.038036464163298	0.171991450715647	73
0.122055310155024	0.300691344772246	73
0.124310399004356	0.303370466158071	188
0.064437339094834	0.526591105032419	220
-0.121684263163148	0.157995342139036	220
-0.033250204332461	0.160514861683826	109
0.00300797735566105	0.286729158944251	109
-0.03176680579702	0.170755366799563	172
-0.06720475837642	0.398390879835737	172
0.000524448688846047	0.417790665471356	172
0.116982850237114	0.555850752821736	172
-0.071520618323865	1.88275855792701	275
-0.010467030151745	0.277356124287055	23
-0.041390224053843	0.275027511515555	4
-0.039606178080653	0.41140699759468	4
-0.066896201388205	0.28350968238906	23
0.081119631211278	0.632174908665578	4
-0.054501821319364	0.502856133187749	4
-0.031221456115087	0.295808315210186	40
0.124450906498706	0.297342190041494	4
-0.080127686429773	0.299416660628304	4
-0.112749830829294	0.303502025190322	4
-0.064558547619219	0.422723845046378	40
-0.102328469237417	0.306766338724632	186
-0.029340243065361	0.421466151536683	238
0.051154209204567	0.432105866349194	238
-0.117138344885156	0.304011231460081	854
-0.033432025892266	0.174191346332386	276
-0.121973505477099	0.152710361725204	707
-0.000523815983127007	0.281582650534637	707
0.0440849948422169	0.287005216812903	707
-0.035098331674015	0.172681502759963	188
-0.124491702030657	0.154250432471742	188
-0.00126357154449203	0.532766402068182	220
-0.066725219753279	0.49363299975195	220
-0.120867665968048	0.1477790917129	265
-0.035098331674015	0.172681502759963	265
-0.120557192965985	0.159006819090808	109
0.121855447281081	0.28578555678722	109
-0.014756581178552	0.429060375988009	172
-0.085248782230416	0.301724878687548	172
-0.119595953850475	0.539855524953524	23
-0.040153727111663	0.164240216099442	1176
0.118962299494205	0.286662290451126	1176
0.104587961638982	0.411219495067561	23
0.0672570390934441	0.531663650601964	4
-0.033263565391579	0.293358350162886	4
-0.037861467012292	0.287879116373484	23
-0.07780889911846	0.30361640829337	23
0.105069591359848	0.65364540201523	4
0.116814521041304	0.548961454876273	23
0.0556657414658121	0.285414376250831	4
-0.066174620762339	0.291429540787974	4
-0.041334609157508	0.279330347154431	4
-0.103817504142456	0.299035098483727	4
-0.046558535397296	0.278778094063989	4
-0.039301713196921	0.397462036290864	4
0.021692277448717	0.508773141929966	4
-0.021601739732589	0.449473686415118	4
-0.012123940358173	0.484808248282061	40
-0.120811745002696	0.156191821969848	4
0.121718785464604	0.716235397878918	4
-0.049084174058057	0.544516645535047	186
-0.121493101680114	0.298876633370872	186
0.00626555974589604	0.280561227410496	186
-0.00271952635306999	0.405551840643606	238
0.087418601964429	0.521120757239205	238
-0.068284610735213	0.291254894097033	101
-0.01366502896525	0.392107145424596	276
-0.063514420109287	0.537021353368627	854
-0.048754621856038	0.157954061374204	276
-0.057681267278798	0.295550597675374	707
-0.036930131428388	0.172876337095916	188
0.124214008916153	0.206232457822621	188
-0.113611415671283	0.302005651095172	188
0.116554588784663	0.284274113484632	212
-0.026761390553328	0.290507244388665	131
0.121852570339308	0.195889917983624	203
-0.026195262458393	0.506948752381045	220
-0.00120542601780699	0.296372187007938	220
0.12365390775712	0.198464355288851	109
-0.120301540210331	0.158166969036568	109
0.013164486059572	0.587302295923713	109
0.121018485096684	0.571115383743039	109
-0.100203830564475	0.398609412165046	172
-0.00809233507593599	0.427236901243662	172
0.06722041324034	0.433743059702801	23
0.044766777983599	0.27605304969632	23
0.039054457046875	0.522567220957588	23
-0.052592254848436	0.500639677119623	23
-0.053792372800296	0.496097642467376	4
0.025075541301521	0.608373747947805	4
0.06975465743011	0.424636365929498	4
-0.008500367608826	0.415512890898859	23
-0.106036193294977	0.3016452487456	4
-0.021641502978206	0.429816117467506	1347
0.082529090172347	0.517540254348409	4
0.123276751534072	0.299808404948194	4
0.0114524146152311	0.288315579611824	4
-0.030634556912266	0.288969389642721	4
0.080075997002789	0.429342232493539	4
-0.003657270070063	0.294187521809399	4
-0.071724843001977	0.287274041910105	40
-0.083100506711763	0.292248549611804	186
-0.10583054304047	0.296524917788096	238
0.010920322189755	0.284948249361443	238
0.001365482584615	0.294366975706195	276
-0.043695355402452	0.163516081274639	927
0.122964300445271	0.200951799928207	188
-0.124491702030657	0.154250432471742	188
0.053314257880333	0.286725498945269	188
-0.067341965104397	0.280575945663798	188
-0.020205542421317	0.416666465665434	131
-0.068216796427657	0.274874939010551	82
0.000844094122064987	0.29519696080701	220
-0.120634290106719	0.309303665063718	220
0.075610002722339	0.440106645813969	109
-0.067221783087354	0.292312319586603	172
-0.051676758484443	0.408046821519591	1176
-0.116249623988132	0.298712049182661	1176
0.014673506329295	0.434609333582724	1176
0.08534534046302	0.516047295349037	1176
0.0619729394258241	0.522756689223004	1176
-0.124520745947693	0.297211044805097	4
0.124310399004356	0.303370466158071	4
-0.078275922227164	0.300162613635631	4
-0.046091834024471	0.276851990582391	4
0.06711475345895	0.548293577233057	4
0.063720207147156	0.528825741880976	23
0.064205479080053	0.546032048066317	4
0.00616114923322197	0.287355721888802	4
-0.003657270070063	0.294187521809399	4
0.06722041324034	0.433743059702801	4
0.070747365681177	0.416002250736247	40
0.042780837787786	0.284744936845755	40
-0.030365558635588	0.292317209634406	40
0.00258794219041103	0.294475311721082	186
-0.000382431163695018	0.291430825040389	186
0.089239790810679	0.536243414536883	186
-0.118919146602222	0.155044448829606	186
-0.049334599774227	0.158170183686056	186
-0.042548465285908	0.165709173447527	238
0.120091176778594	0.289822762465679	276
-0.118154762824194	0.296037181147282	276
0.080405988525053	0.418997858761457	276
0.111191369755182	0.436060564945609	73
0.10900333032921	0.435459018234486	73
0.00258794219041103	0.294475311721082	188
-0.045163453526303	0.159987596642005	188
0.000144723872523955	0.292349613140484	188
0.00258794219041103	0.294475311721082	188
-0.106726566037704	0.298456094053534	212
-0.039046206210363	0.279765905858461	212
0.111332623065335	0.423505600550489	131
-0.040152683580874	0.28720138898763	188
0.0660878934092291	0.545471564475081	188
-0.028914873071761	0.415554642396999	82
0.052551217772382	0.295614499308593	220
-0.046950736939406	0.272505636623032	220
0.041730465828144	0.283788865318709	109
0.07141173331802	0.430623583749779	109
0.05368238150438	0.288365822012361	109
0.04399881562396	0.286587788786377	109
0.093715770707726	0.563152856755519	109
-0.00243220263210597	0.296265481080456	109
0.047212716047717	0.278608116146907	109
-0.063192215097582	0.293289222259898	109
-0.078431196315163	0.487727738145076	1176
-0.070758657231863	0.279276046590304	1176
0.082814056464953	0.813465733828443	1176
0.00605160082225598	0.575719257755305	23
-0.082111923211878	0.458416302939072	23
0.030245322611181	0.49699910804147	4
-0.063124249092036	0.41867306358936	4
0.124771021919602	0.197435251980405	4
0.107679604067526	0.650025091434122	4
-0.03427773496475	0.54385558841162	4
0.063871232033081	0.539773593236004	4
-0.05327181056298	0.390067462279122	4
-0.028789526188423	0.501571097206989	2106
-0.00165062022059598	0.56984586001068	2106
0.00489407213481197	0.520973213563281	2106
0.00218665518917005	0.286102011657767	4
-0.036930131428388	0.172876337095916	4
-0.035639537940514	0.170348743224255	4
-0.071975267044698	0.416623256749034	186
-0.005942651408194	0.524742931911744	186
0.042144572899845	0.256181834781627	186
0.118470563051444	0.194253316345752	186
0.0927360702486521	0.54950610335055	186
0.118470563051444	0.194253316345752	276
-0.044218597272212	0.167900327425104	276
-0.037471701831022	0.164473276431771	276
0.00617389657571399	0.395827903452876	276
-0.121022192048201	0.305992975802874	276
-0.048876532300908	0.413823107871991	73
0.103779615458407	0.412580973011523	188
-0.123410449737114	0.298390642043806	188
0.036577947572618	0.267219436123698	188
-0.034198170904618	0.293128121594033	212
-0.120811745002696	0.156191821969848	188
0.030267564002197	0.407227953067057	188
0.0464979536379591	0.543931090423084	188
-0.033444564925914	0.431631464712744	188
-0.011396702424344	0.412076349985503	220
0.00113833627823801	0.28964862915253	220
0.00356368514031802	0.292913821702789	220
-0.086566953650131	0.289643802634263	265
0.098938009815747	0.5449587126067	109
-0.088470565421144	0.297967127182139	109
0.014047085162093	0.420343849343067	109
-0.114988734886196	0.155737204611114	230
-0.00944379273901203	0.958821363745029	23
-0.061954004203006	0.596692863147866	1176
0.00140388334869501	0.603581584446029	1176
0.018188272775769	0.608369150378242	23
0.061049819137842	0.689165451983192	23
-0.044552229882609	0.496538309583694	23
0.0134740329948529	0.5930569437603	273
-0.103938953499126	0.397938766398082	23
0.034952818646248	0.425686335960614	23
0.00978432657689898	0.427102103311456	4
0.000282085998768999	0.293976534692586	4
-0.038499416438366	0.498182120515685	4
-0.026690738932217	0.49491414221665	4
-0.033996886658204	0.169081222919269	4
-0.041986451753129	0.488473795435696	2106
0.122525783752164	0.19495039522302	4
0.072095932649986	0.428001271262931	4
0.123422381438193	0.298589421519288	40
0.073931906360208	0.441690881826848	40
0.037246234686892	0.403579552756652	1986
0.037770991080433	0.43385333674401	734
-0.035098331674015	0.172681502759963	734
0.00423502391711705	0.287920246513198	186
0.041646104767098	0.285067724747238	186
-0.060511908992134	0.286614770700634	186
0.12365390775712	0.198464355288851	238
-0.119176342498063	0.159173674782741	101
-0.017151070871891	0.410184936537742	854
-0.008551828523996	0.428402977037717	276
0.013185883321402	0.415416027668337	707
-0.053510253228068	0.414175539336189	707
0.049148740979258	0.286474310977976	188
-0.029396476661788	0.292686173916188	131
-0.036989386486281	0.297353071283701	82
-0.066048463209252	0.28540743016569	109
0.094008619166055	0.535140040804265	109
0.06233033610239	0.537664062019693	109
-0.112095389753668	0.310756177498136	109
-0.118559646750397	0.305256707886254	109
0.013644959332497	0.424361974111039	109
-0.066579926679176	0.426404408419651	109
-0.035826103360814	0.17167260536398	230
-0.066006387349818	0.80046455020146	23
-0.050653236699167	0.69783486240795	1176
-0.071145366497876	0.651351880015976	1176
0.015310187214307	0.641771516207156	23
0.093910295579443	0.762504014333838	23
-0.095477811061802	0.461687775026299	23
-0.052034404233614	0.549289370329326	23
-0.040166637505347	0.415249430697494	4
0.124214008916153	0.206232457822621	4
0.12136780681041	0.566835328653026	4
0.0794380970333281	0.623665851803802	4
-0.120060380126722	0.403219703275413	4
-0.013205771476113	0.415228400049488	4
0.116127036062711	0.435409508981877	40
-0.05647194566892	0.412455763520002	2106
0.102686263643509	0.649410013476213	2106
0.123410473619818	0.655071523873607	1986
-0.096342186316551	0.296900941680269	40
-0.045150157718187	0.422731404500729	734
-0.034671171311098	0.40208206951971	734
-0.045297558157259	0.276656255772559	186
0.052465822196099	0.287266400588582	186
0.0912161105024351	0.556634349376975	186
0.048015283712899	0.284986606497739	186
-0.035826103360814	0.17167260536398	238
-0.034534618313873	0.174260018652835	238
-0.124751377390408	0.155544577577489	276
0.084446995789393	0.54637954695922	276
0.080024714969672	0.50437402409842	276
0.070494294736063	0.524655620908751	73
-0.097396146174255	0.308504062756746	188
-0.065686152466668	0.288327326243822	188
-0.00133253680836998	0.416185563269248	188
-0.119176342498063	0.159173674782741	188
0.062628204189205	0.635270992034555	220
0.041534833824068	0.436992928427335	220
-0.023018222485527	0.396315358166102	220
0.00244826436873402	0.292095302311965	220
-0.044454711214804	0.272965005909483	109
0.00858506684858895	0.412132232832077	109
0.040132189369027	0.425062569373438	109
-0.033730773979839	0.617583140331634	1176
0.096621886426872	0.766147165705279	273
-0.015017259667616	0.630227433186445	273
0.079074160830038	0.814600821770558	273
0.00876073272383204	0.284860820752889	4
-0.124213539957636	0.313996613688796	4
0.064511788795348	0.540178526321899	4
0.12365390775712	0.198464355288851	4
0.025011301120157	0.610052172549079	2106
-0.098726752588139	0.399138378604176	2106
0.049148740979258	0.286474310977976	40
0.015552237332597	0.434074949626927	1986
-0.065511586710225	0.421032601964752	1986
-0.027591304384623	0.423759873297409	1986
0.045337459367317	0.530505667997437	1986
0.000343843356788054	0.493679591163278	4
-0.051069058750752	0.400467330809771	186
0.066955610438839	0.552920162202377	186
-0.045889823782064	0.163746990319039	186
0.064335906232151	0.640363464934269	276
-0.074485115247776	0.409243757180001	276
0.04390916576851	0.523213082243353	276
-0.071243081521721	0.282464544394864	188
-0.103970936138329	0.295570421404356	188
0.017999329288825	0.431630132897643	188
0.013400669099958	0.426418189689889	188
0.045839561276299	0.501522339760668	188
-0.108267649343659	0.400746622251456	188
0.091721473277601	0.546428068154777	109
0.015615629197801	0.423777716555368	109
0.120856263529629	0.562514086450054	109
-0.095206051567813	0.408690001422847	109
0.00607300912527997	0.421636178251912	109
0.046908163240351	0.540904078213058	109
-0.073031876016402	0.534838020127701	23
0.111750225453445	1.0218032707224	1176
0.00148931464654301	0.518369646727006	273
0.051542110332964	0.913237916049391	273
-0.075383549310623	0.624901407800794	273
0.084521108313652	0.716875423534228	23
0.00806504359743099	0.289843113841656	23
-0.118057494878261	0.456253821340391	23
0.0503680562716849	0.282815041811937	4
0.043373972564946	0.258346409562855	4
-0.040723459300082	0.170099779410914	4
0.021578442494619	0.502522132407923	40
-0.033432025892266	0.174191346332386	4
-0.03450926709356	0.294045381892758	4
-0.00950254083086299	0.274665652769882	4
0.10249476799598	0.410038441511544	40
-0.032604534114598	0.408916698695203	40
0.083192170203688	0.530781689427328	1986
0.122808801689874	0.551708384127624	1986
-0.108805333311635	0.308793086106314	1986
0.082526873558077	0.703097061724235	1986
0.118716536270966	0.28175321478844	186
0.0521858018549291	0.293049827069017	186
0.052248686003936	0.552502665516589	276
-0.037737014769176	0.395008880671931	188
0.094913823561264	0.715171064750869	188
0.00246051856539598	0.402742117215366	188
0.111144933733342	0.421575684480403	188
0.049920520069103	0.532645197455269	188
0.0440849948422169	0.287005216812903	188
0.0866250718650839	0.721798706098865	188
0.042790659357552	0.433391573611275	188
-0.030251974403061	0.289039776716597	220
0.116867078766501	0.542770210082008	109
-0.115207614328573	0.306042769806006	109
-0.018302092464367	0.574649282765394	273
0.048198667722373	0.619633438152327	273
-0.111118477704004	0.460173437067463	273
-0.011452482645341	0.552570697840958	273
-0.066366666534891	0.593842174008865	273
0.087165371782545	0.793964408835337	23
-0.087567403559159	0.513228028425065	23
-0.117484044081415	0.155362987319923	4
0.044161960126735	0.533810443413832	4
0.065869663638912	0.547728519876473	4
0.124555066495811	0.29954513242504	4
-0.123362269041447	0.155728468588177	4
-0.035259112539413	0.169475933261589	4
0.122199190662619	0.193384296072582	162
-0.037453999763726	0.296732847966233	478
0.067924445407485	0.428244973260732	734
0.119713851501106	0.199126209354249	1005
0.106561858302716	0.426352779247198	186
0.039434993700744	0.534101922139287	186
-0.092662983221884	0.281655606308077	186
-0.000560737241397991	0.281950151471805	186
0.037506087040411	0.409699003529895	170
0.05223693946033	0.414205057279214	276
-0.042842807191337	0.272653483676359	276
-0.086461626224844	0.39302022673729	276
-0.075013454877379	0.406113224906885	276
-0.110381110539664	0.310706847921229	73
-0.115385987931706	0.304856095610339	73
-0.06365098589667	0.29031197672269	334
0.115830485795448	0.561323467800433	188
-0.092292898087713	0.281574592096609	188
0.117900015159401	0.198196728181155	188
0.09158704705626	0.558510170137368	188
0.090741313610939	0.53436341976913	188
0.0884284027861621	0.670091036988994	188
-0.040819584266134	0.166160604374828	188
-0.111054421036455	0.289930696154586	220
-0.063769657358865	0.300580875399166	220
-0.00544355079757097	0.281386122787325	220
0.00817618996665903	0.291386061462305	109
0.062926534802937	0.634863566904729	109
0.0420662443488981	0.510135546608204	172
0.00792042192144105	0.287431060496318	172
-0.066691648011343	0.745008762517148	23
0.059990793821213	1.00727896840236	23
-0.117301978127325	0.556018436548262	23
0.040805620213744	0.667721525131067	273
-0.122833712948393	0.453794656192271	273
-0.032424344967334	0.504065084665126	273
0.00487595009274	0.63892065180874	273
-0.035663080635624	0.163738497192423	23
0.122964300445271	0.200951799928207	23
0.010537233000585	0.532877659269843	4
0.12365390775712	0.198464355288851	4
-0.034534618313873	0.174260018652835	4
-0.041532112483479	0.410999774429907	40
0.050281622052099	0.285135254986271	4
-0.036930131428388	0.172876337095916	4
-0.00070015366248799	0.284524758365186	4
0.042840773355619	0.436857915344358	40
0.124214008916153	0.206232457822621	162
0.045527098687486	0.533584472744633	1986
-0.106726566037704	0.298456094053534	1986
-0.015954379068794	0.496652802296253	40
-0.025138391214704	0.513388122149689	478
-0.065627736713026	0.390222076392226	40
0.00110516471908095	0.29305581332726	186
-0.035023547109465	0.428293744825889	186
0.119142597747633	0.197658774394258	424
-0.037308230429795	0.168894757905337	238
-0.052878580173984	0.427109393213536	276
0.123347961896809	0.561881681218157	276
0.045881768268441	0.548006747380002	73
0.066248319058819	0.431646323018838	334
-0.088170440578037	0.299377056628373	188
-0.119261047647461	0.300258049995304	188
0.00603172523675299	0.518196579859565	188
-0.057683489031775	0.293662394803821	188
0.123385854605388	0.657496957769412	188
0.121218798589396	0.290741038995305	220
-0.08640860776583	0.284117042094466	109
-0.056144829706952	0.419474249713698	109
-0.035753072127521	0.293075009307179	109
0.032050164052267	0.410054197436179	109
0.043516021601717	0.689408215706047	273
-0.042994376305307	0.827016815552761	23
-0.05166769224091	0.5624460106022	273
0.026233378002706	0.723148639646798	273
0.095195044384127	0.863319487601101	4
-0.031801264154159	0.416238962344332	23
-0.02252360894136	0.578317673369269	23
-0.089836385891527	0.492276850741169	23
-0.056329653479887	0.641453966636426	4
-0.123640723027031	0.29061269413726	4
0.051802012915168	0.407026217981755	4
-0.052878580173984	0.427109393213536	4
-0.110047493790756	0.404761557614325	4
0.072375999813554	0.426630014499197	4
-0.036930131428388	0.172876337095916	4
-0.00500679104297203	0.643215234853774	40
-0.012150696090984	0.511372791779891	40
-0.01167269526594	0.420764854292599	40
-0.03528443786644	0.428629101297782	1986
0.036824064574612	0.525047753586736	478
-0.061874474825192	0.480868582683092	478
0.114378719660147	0.711341091861896	478
0.00264840266117095	0.520392305474773	478
-0.021270994927314	0.404825196443335	478
-0.00134891292892397	0.294737089433561	40
0.111191369755182	0.436060564945609	186
0.068192211901701	0.432547377383966	238
-0.032868208908604	0.170805479480064	423
-0.035826103360814	0.17167260536398	170
0.122404875111649	0.199001544034778	276
-0.120557192965985	0.159006819090808	276
0.088963341937502	0.538707296916123	276
-0.019778297276924	0.419756598244364	276
0.09002626012966	0.722783534646375	276
-0.013524501759686	0.415868518175064	276
-0.041459916371166	0.424583115105931	940
-0.025617356708798	0.420979353941256	276
-0.061650837437451	0.415172042271595	73
-0.034396305295815	0.420478974364714	73
0.112724706997043	0.538889015753503	334
-0.11653150615588	0.276629484822467	334
-0.03870176481372	0.414969572170479	188
0.06779282349226	0.430505205252383	188
0.12366226574232	0.434810974715084	188
0.089805229769486	0.558678122770404	188
-0.036921060714242	0.422608403585639	188
-0.00194699191996001	0.509571456638439	220
-0.116947496989592	0.306178838502968	265
-0.041951627464237	0.289163070104526	109
0.069732635522297	0.422481633696523	109
-0.035098331674015	0.172681502759963	183
-0.047354313777589	1.01094591152622	23
-0.039299434257958	0.812123735905874	23
0.097283997659116	0.840644184946196	273
0.059735152368827	0.675409230442047	273
-0.107152156202429	0.40547308423404	273
0.111634306567088	0.762701280650939	273
-0.073815189417983	0.546509314010665	4
0.072340167324922	0.691961917407893	4
-0.020985015884012	0.635026869035218	23
0.014967332206432	0.644446334091894	23
-0.029553727400931	0.509024090073038	23
-0.036364261704742	0.168630626525818	4
0.123907583278598	0.647352767146573	4
0.000524448688846047	0.417790665471356	4
-0.115990641158333	0.277656186968466	4
-0.07640777287275	0.424034567296404	40
-0.070932002705961	0.487269483523566	40
-0.04743537069139	0.490334068514406	40
0.0585995498437391	0.537442025449932	40
-0.034534618313873	0.174260018652835	4
-0.03995564024174	0.287821179587485	522
0.118577656313143	0.287843334038703	522
-0.017501350306686	0.401332632586555	40
-0.045163453526303	0.159987596642005	162
-0.050613262666108	0.3984313100978	1986
0.061842936029109	0.543678693509999	1986
-0.049784104958583	0.409000813588147	478
-0.038602253259392	0.171369029815336	40
0.031250127872407	0.605314826021175	40
-0.035259112539413	0.169475933261589	186
0.019510793738922	0.417735588804451	186
-0.00827287331637799	0.274143676835269	276
-0.030465231570194	0.420759290901688	276
-0.115028063548111	0.303581538147885	276
0.119349489293105	0.530533408571139	276
0.06774455891732	0.552505397813804	276
0.11407345473726	0.421502540910946	73
0.041926333080728	0.436221818550342	73
-0.08206306914027	0.290901242707066	73
-0.064617122701349	0.423035197843738	188
-0.053065035834313	0.394649548312221	188
-0.062718572987999	0.28734868656355	188
0.079837232570536	0.704653765550492	188
0.082947947314314	0.649058300223611	188
0.033698154965373	0.425755425171885	188
0.00125730148397996	0.286684438263802	188
0.080658289509562	0.43057520653204	220
-0.00229092172475198	0.515061412809492	265
0.041308181754049	0.539970097189573	109
0.011631145930078	0.532609642358633	109
0.043628696102162	0.429622333166824	109
0.042375835968022	0.428627756525986	109
-0.052466989976938	0.413848316957895	109
-0.012749375337925	0.562958031963226	109
0.060677824259203	0.610827087140767	109
-0.065783251066606	0.940944127152001	23
0.030492140184851	0.908594585051838	273
-0.050910732809587	0.497598903488989	273
0.04284414582644	0.73323485993276	273
-0.051028641032201	0.536168029807196	273
-0.073633837685881	0.573438273355944	273
0.057884439135075	0.759346765904033	273
0.02777516780318	0.740031399428344	4
0.119034820488923	0.61254912211489	4
-0.096899406324958	0.568228033453656	4
-0.043442782369709	0.606271732597045	4
-0.052162525016682	0.639302228671306	4
-0.082431638866327	0.420246146481109	4
0.113077389393259	0.643076222234499	4
0.0879265314032221	0.549510450606761	4
-0.118053473987344	0.158440404544565	4
-0.119176342498063	0.159173674782741	40
0.00944874157232101	0.428272341206289	40
-0.02269735710487	0.504197437242957	1986
-0.00948533854908801	0.425789115617434	478
0.028286273927648	0.532849161690465	478
-0.031752211921546	0.279538890517258	40
-0.059681645526959	0.417656676158618	186
-0.031963294368507	0.502818656653134	186
0.0834051851952	0.535524658045338	186
0.122964300445271	0.200951799928207	276
-0.034508357026296	0.428012521602056	276
0.060922692282348	0.523624857330471	276
-0.035747755639979	0.294793963330122	334
-0.079538926001508	0.299071038936313	334
-0.049998302846372	0.408945424628082	334
-0.094554378603861	0.28612938009829	188
0.073931906360208	0.441690881826848	188
0.053775540277902	0.292880691481071	188
0.120931108800624	0.290521287646775	188
-0.078206536227601	0.302236984855995	131
-0.091184143288686	0.420539564203001	131
-0.113384772393681	0.311248619349927	188
-0.010631113473679	0.504456405326437	188
-0.070003337315191	0.295858100952837	109
-0.109579176502019	0.301439691844347	109
-0.122195638007771	0.299257981843211	109
0.003526014790461	0.639877649931209	109
0.078911698063062	0.542896109057997	877
-0.061085272963683	1.26290604749578	273
-0.0114106545333	0.963667873088693	273
-0.086830471505279	0.784122362407561	273
0.074859746074419	1.37173381805582	273
-0.119418019123373	0.303709322823049	273
0.073823900123367	0.76858635018171	273
0.0548310938961341	0.688742786376652	273
0.00661834752595403	0.496143829450097	4
-0.068376451334806	0.58361903314469	23
0.119279046457779	0.847761965171889	4
-0.119602619222062	0.311854160704385	4
0.111679811287124	0.829101829046123	4
-0.074893851513133	0.415045493108645	4
-0.103970936138329	0.295570421404356	4
0.105604124581998	0.65839311882939	4
-0.089369480403934	0.291876040782237	4
0.094084282138986	0.563109040496071	4
0.115392994617375	0.435733400111967	4
-0.087206384020137	0.295970290813343	452
-0.017746528638555	0.276793209739684	452
-0.072670158276228	0.416114364158412	452
-0.055400234758498	0.406931074361819	40
0.053859675340066	0.292748013713682	4
-0.091405473634363	0.284319552394502	522
0.118849645849425	0.524709028801072	1986
-0.103226217328054	0.305183113823008	478
0.031306174142542	0.394786050525242	478
-0.079093771781725	0.268088638514083	40
-0.01559016465844	0.397453466493343	40
0.048982368814764	0.279935428935906	186
0.094879418451036	0.528529307735338	186
0.017415623662401	0.425818230579888	186
-0.024559322091946	0.506384201342474	186
0.119458550124674	0.560056385875922	186
0.109784042284986	0.428356163352302	186
-0.043196599554717	0.409578714063851	170
0.038090569298504	0.407841560275484	170
0.037712825962694	0.268390841319448	170
0.01452713202997	0.409381575671213	276
0.12050274822509	0.427922472261816	276
0.113079942150589	0.428901137635389	276
-0.036994984359906	0.290345760749416	276
0.030864108798575	0.399020494727669	188
0.052280860059946	0.293557551308311	188
-0.063770909406187	0.29379321327496	188
0.048015283712899	0.284986606497739	220
0.048643515524408	0.541622780149346	109
-0.00815238535782198	0.415535914191064	109
0.083669196278337	0.514115549788246	109
-0.063494579552253	0.287460862211134	109
-0.011865657644471	1.37789689760348	273
0.115511369072387	0.440255473983601	273
0.045218035338362	0.286672636531447	273
0.056890316041778	0.287130333220935	273
-0.086295794927764	0.453670320517564	273
0.123792626837132	0.555473664294558	273
-0.04868961822094	0.55798628739577	23
-0.080525376262256	0.46685212171298	4
-0.104507747025574	0.302384407326857	4
-0.082372749858684	0.731342429996736	4
0.039378071797738	0.777589488368934	4
0.0582429406610619	0.528846429434981	4
0.067481325224732	0.5076724075994	4
-0.037949297563908	0.409587463081459	4
0.065132986263898	0.762909160270692	40
-0.072891468620271	0.27525357627318	40
-0.109524308674094	0.308065187807804	40
0.07229254667744	0.422677408213155	40
-0.075598247273094	0.531963079723072	40
-0.121120346232233	0.153093217450726	186
-0.066387887549334	0.384713959660665	186
-0.11810340706612	0.303918530167936	186
0.036259650029119	0.61615339254743	186
-0.06900525485977	0.297445504667509	170
-0.002615532755743	0.499139274575281	170
0.104503523179366	0.543918497001229	423
0.00495585284405897	0.531792513954727	276
0.082081842958305	0.633969785042785	276
-0.120557192965985	0.159006819090808	276
0.117900015159401	0.198196728181155	276
0.121282456265337	0.198645955133022	276
-0.070532715105866	0.423273860369801	188
0.061008681143463	0.827788300388519	131
0.025968976086557	0.679561796111285	188
-0.00391332585849002	0.650835824702008	1766
0.08538459116187	0.6292137762083	1766
0.111135853634092	0.744646174754924	188
-0.06969619558169	0.282415054936857	109
0.09140019334825	0.691228740650235	109
0.037962259315134	0.431202642599458	109
-0.045163453526303	0.159987596642005	109
-0.119753032762926	0.1507510687914	270
0.060393546544382	0.901164175241964	109
0.030370570045325	0.673182136607163	183
-0.121311872214229	0.447667127444461	183
0.1100309613574	0.431443356763414	183
0.090636764026075	0.556423690175512	183
0.093594692190336	1.18264643639735	273
-0.101122433723135	0.294169074339564	273
0.068476650103215	0.437029997624901	273
0.00441413834936799	0.519385708341875	273
-0.035989307989821	0.400768026704086	273
-0.10798236162544	0.44784252064825	23
-0.00612503212703403	0.416198030579425	4
-0.108137506672531	0.280953822489052	4
-0.021463607926961	0.483563511670404	4
-0.104687046253518	0.390552666522178	4
0.122579936766082	0.562487346310991	4
-0.113242856903546	0.269867024021226	4
-0.121840701113709	0.307349346124351	4
-0.053017357090913	0.292526679610346	452
-0.119212913551039	0.303937984892186	4
-0.030507563197072	0.621100801028202	40
-0.063982864003087	0.409567923799936	40
-0.115275684204934	0.304146127993457	40
0.012280738280453	0.416532251354547	40
-0.048106778156188	0.415249464496274	40
0.000612384343806949	0.642887543538462	186
-0.075666315725802	0.477262441255141	186
-0.046952208606125	0.431838676463744	170
0.037405498399933	0.613949385505705	276
-0.113034905913204	0.148276850605415	276
-0.122235131003812	0.155816693801671	188
-0.124491702030657	0.154250432471742	276
0.04535091656191	0.439171111933075	276
-0.068839204573461	0.49340864666518	131
0.09740577276635	0.641861218448017	131
0.0638163435820031	0.711735750736033	188
0.07133734738055	0.553254265744797	188
-0.002573387419328	0.292688647312342	188
0.070862916970304	0.425010322510203	109
-0.027237860617339	0.573345770026386	109
-0.00499303655535999	0.283540125381193	109
-0.068046775428967	0.289154395542477	109
0.124214008916153	0.206232457822621	270
-0.062787946665651	0.428177095266711	270
-0.036989386486281	0.297353071283701	109
0.070035429459798	0.424398108654827	109
-0.097005247536272	0.300663823541277	183
-0.098422141171268	1.08671204668094	273
0.094156252946217	1.63875014955371	273
0.07501821891367	0.772796963124196	273
0.024063231052684	0.690204976678912	273
-0.03596004117108	0.711056989454776	273
-0.071345935241347	0.544723481740989	273
0.0745442250231631	0.893931609728685	4
0.024924593894508	0.724680228269465	4
0.063132879733879	0.79494369113779	4
0.0241501540683931	0.728913540196089	4
-0.051958605084493	0.550807921069532	4
0.016480839248058	0.416780444814469	4
-0.112357808034696	0.305874993207026	40
-0.017445123485895	0.400557303149409	452
0.116465675410864	0.653668241059141	40
-0.058539615868493	0.297547038423329	4
-0.036989386486281	0.297353071283701	4
-0.038504398231589	0.428746887921415	40
-0.06714227358936	0.284602061208907	162
-0.111888478559629	0.303667854642828	40
0.043691010272371	0.593043427821533	40
0.116695776269596	0.560381279258485	40
0.03788081513041	0.611674619333581	478
0.119814833586942	0.733050331079448	40
0.0864535813688621	0.654192824755356	186
0.031584995373796	0.396344469374874	186
-0.00629264972849802	0.411809210355266	186
0.04399881562396	0.286587788786377	276
-0.10538025532868	0.292685278637982	276
-0.103689213550884	0.29521655743061	188
0.117591079920602	0.429933180662779	188
0.00370581265784697	0.291485455457976	276
0.076750317291598	0.426440199238065	188
-0.00507084986497702	0.419048831903255	188
-0.0691043921419	0.420447170428709	188
-0.00802379289376998	0.284406957736315	131
-0.078317451313592	0.405917848600172	188
0.07370278594642	0.539087358192863	188
-0.058489842546423	0.407567863980542	188
0.103435025682968	0.653300905604824	188
-0.045245989915249	0.51126947768735	109
-0.071681375889845	0.413089872291504	109
0.075842972636745	0.553853670865091	109
0.053483346238642	0.517096270380903	109
0.00759540403352899	0.416946714113298	183
0.02247477733424	1.26698604378806	273
0.043863044324083	1.84378085575587	273
-0.068875148704833	0.745441050258633	273
0.057609470728582	0.858201182879009	273
0.105220659835036	0.993327073936171	273
0.072337409345004	0.746808972917151	273
-0.05871159463198	0.680513559296849	4
0.064868825534927	0.92980682479085	4
-0.024325573498525	0.570278572027986	4
0.013158543870444	0.51110389889209	4
-0.115050195387427	0.51442257113095	4
-0.038985628718592	0.396506012220852	4
0.074225719047498	0.436886253511654	4
0.0854832093897771	0.647079966111678	4
0.058363378562985	0.613516297699502	4
0.122983819660705	0.54800410813483	4
-0.115629126913247	0.303240094201865	4
0.054087141931946	0.53863604251398	4
-0.034534618313873	0.174260018652835	40
0.00593370168089702	0.524687626899767	452
0.110760094921179	0.541097149761256	55
0.060560625377598	0.749953984657182	55
0.101509708800736	0.706073538205512	55
-0.036930131428388	0.172876337095916	40
0.123096620587683	0.199573646617747	915
-0.118858781350849	0.153389820971964	162
0.030479961284734	0.597770500916113	40
-0.045381393666637	0.414280649887472	40
0.103633425477046	0.85930207007676	40
-0.045798724476547	0.420776824070516	478
-0.067932175092569	0.38983388154049	186
-0.00950011779153898	0.403026312729028	186
-0.056141656691299	0.407130306334172	186
-0.044218597272212	0.167900327425104	170
-0.123606378073119	0.14903420129382	63
-0.0000928056091820118	0.290551958631203	170
-0.045509387527889	0.417068960832988	276
0.00456202360593605	0.41001445096996	276
0.05905481852826	0.545517990417224	188
0.010731299738487	0.416023017048035	188
0.077718926958022	0.429753988922535	276
-0.00978530219007101	0.266017610246643	276
0.124214008916153	0.206232457822621	188
-0.114988734886196	0.155737204611114	188
-0.118350646991639	0.303151160651889	188
-0.028533242790005	0.425408527137779	188
0.069052637373675	0.429304998599784	109
-0.055859472439132	0.418359676933902	109
-0.025988516842116	0.42758523902981	183
-0.00990731826730401	0.269224303497914	183
-0.030241201001228	0.980302608190222	273
0.117206798379214	1.58000696644279	273
-0.01014023840137	1.21360570703651	273
-0.092980103798526	0.519109821060202	273
0.083457826355022	0.804547174447408	273
0.055292953719554	0.869859116311552	4
-0.068419232934261	0.6526089748644	4
0.107572754216988	1.06643699789615	4
-0.114290116158119	0.462852946110296	4
0.053224124426268	0.781779289740272	4
0.080470466477675	0.427909002511009	4
0.109299859108733	0.411459646934068	4
0.102320747775846	0.729930454544714	4
-0.056165682070529	0.390177212889075	4
0.0451304781636121	0.291244447307084	40
0.124214008916153	0.206232457822621	915
0.046350697069353	0.294881252751306	40
0.124214008916153	0.206232457822621	162
-0.06632215457101	0.424507288124926	478
-0.024148286814827	0.417806915948204	478
0.104142568415907	0.407148983422529	40
0.060741459723529	0.634471890644022	186
0.056643138284798	0.522497414486121	170
-0.040235063503099	0.428207307507274	170
-0.029208704481518	0.404177788400743	383
-0.0000885607355209928	0.395237731640815	383
0.11890706441924	0.42659536815548	276
0.121998106062309	0.296124575620203	188
0.078977960365776	0.42473148240881	188
-0.028848592506684	0.292304315790504	188
0.118046082739549	0.7175746836944	188
-0.024011075987079	0.479487624113359	188
-0.036796492699311	0.29442031096746	188
0.000196401262571033	0.421853167207261	109
-0.013171789995063	0.419051641609758	109
-0.067494363665988	0.412165858014196	109
-0.107293093598888	0.295322834254062	109
-0.043528285640025	0.409123128556062	109
-0.041384192196994	0.164918991607186	270
0.000600539401277023	1.92683008702701	273
0.067798351480271	2.35656666685154	273
0.0499974713118611	2.25944990397854	273
-0.027226967031362	1.39010482955511	273
0.104044482678232	0.943494225259681	273
0.076819073724805	1.10309876970694	273
-0.031408872411994	0.676019494646852	4
-0.083065524354741	0.652231216066627	4
0.099380397930303	0.979616928941642	4
0.047954642506559	0.698609720102255	4
0.048227434701884	0.54736097813683	4
0.108300723086132	0.657255709491784	4
0.080857062562297	0.721316359826422	4
0.083408058859829	0.648647273370706	4
-0.087206384020137	0.295970290813343	915
0.010083355029423	0.428028516884925	915
0.121909847171753	0.431935819563548	915
-0.053900352279025	0.401836738300781	40
0.00803814746403297	0.415613865195573	478
-0.014280285634585	0.579153913555711	226
0.075864642081378	0.634523254712574	186
0.109789102629469	0.659964599841285	170
-0.038908333394864	0.289278754297356	170
0.122066552228667	0.544155299799078	360
-0.039467948911689	0.297110761516601	360
-0.112644602032419	0.294844946222454	63
-0.049332593656456	0.408316223422069	188
-0.101284323235385	0.290527101863711	188
0.015044078290655	0.490671419188796	276
0.00222061167151999	0.293986664023388	276
0.074233226345053	0.428996459253263	276
-0.069526505981375	0.28487132995576	276
-0.039213311049331	0.278436592304839	276
-0.057332445668148	0.386099464205783	188
0.041728541022293	0.627415800095067	188
-0.077550513518607	0.294577874221967	188
-0.014635260429447	0.415601148636408	188
0.00910698933234999	0.532776882710567	188
0.00407747065115904	0.526740864232341	188
0.072832671372968	0.602847442003559	188
-0.117426417531184	0.291988850892577	188
-0.094107891400328	0.406083095122952	109
0.088822499851658	0.54694816607639	183
-0.018597767585093	1.72085935003701	273
0.0879463678932	2.22158226430346	273
-0.091190386993768	1.2988083387946	273
0.012975086063983	1.98170365589055	273
-0.078596062716523	0.415022657745657	273
0.027991916255095	0.74224443026773	273
0.098871643123733	0.763729640428083	273
-0.069440033493579	0.511373339148237	4
0.102263666553989	0.845601419279538	4
-0.101874264143116	0.452256516479248	4
-0.091092901832861	0.304086312069843	4
0.118396106468632	0.438695135399067	4
-0.00612503212703403	0.416198030579425	4
-0.02555556103214	0.425857771465501	4
0.079094456877368	0.438574650803274	4
-0.063131393688524	0.427021534561231	55
0.020934408194662	0.611884924078284	55
0.109512690936509	0.423947548084147	915
0.044309555951204	0.625727054132578	40
0.05803588941879	0.715258628709203	40
0.040595427486534	0.275534157266439	478
0.00789937047331701	0.420278853137495	478
0.082041667307537	0.425815183516153	478
0.107139453896475	0.408991168071216	186
0.073180264023494	0.547814226369876	170
0.093667138181205	0.784427414328216	170
0.085156574243484	0.41540958698082	276
-0.073244874369622	0.285698054574342	276
-0.116956765426554	0.296183269867479	276
-0.099846402577427	0.300576926279003	276
-0.040723459300082	0.170099779410914	276
0.115511369072387	0.440255473983601	188
0.0651147495747481	0.404824468877684	188
-0.121696322475266	0.309706593450726	188
0.085098801600815	0.525614151286581	188
-0.075091526286295	0.404292248285079	188
-0.000356599285827985	0.586517581608033	109
-0.111308686466558	0.399815379887791	109
-0.109416006933137	0.293897383845723	109
0.015710487058638	0.42998909246114	109
0.0837587290349761	0.546209407135896	109
0.010425917980736	0.424575691708983	183
0.104141748946197	2.21677621293804	273
-0.070026058544802	1.71783079173571	273
-0.00890385549445399	1.39589216258136	273
0.100306444809747	1.16508852708818	273
0.00690401629593596	0.94825662104713	273
-0.050819826876517	0.672623939343312	273
-0.043319854087136	0.771258456185488	273
-0.019791507974649	0.661101943414461	273
0.031626573597753	0.911513551275001	4
-0.089385003994995	0.674568061278883	4
0.00329852595762603	0.662565544385444	4
0.064894725988953	0.706909957231624	4
-0.062195073956648	0.295687601136766	4
0.00350848066985499	0.514518048393915	4
-0.062903956711266	0.533870335755369	14
-0.010682920952296	0.420964315192655	4
-0.036930131428388	0.172876337095916	4
0.117452935387548	0.285386754519038	55
-0.121120346232233	0.153093217450726	55
-0.069725923109232	0.288314743468824	40
-0.042495194195047	0.160921442639662	915
0.040992481322892	0.413008097737019	915
-0.117734133706562	0.153594378069888	40
-0.061572606540939	0.41474091289052	40
0.069052637373675	0.429304998599784	478
-0.00734808137227	0.428331514776281	478
0.101941976671672	0.385016894678249	40
0.072955403551896	0.426318544733292	226
-0.107724786585992	0.407310900981853	186
0.112835054879474	0.551031008208146	186
-0.083484644828953	0.286065987395906	186
-0.038036464163298	0.171991450715647	186
-0.060251408123156	0.297764898444069	170
-0.036930131428388	0.172876337095916	63
0.069847660243426	0.540081701837084	276
-0.118162754174176	0.304548653239446	276
0.118178937309728	0.436443548993034	276
-0.036930131428388	0.172876337095916	188
-0.041508571786643	0.285355056892787	188
-0.077720394028124	0.412035594782261	188
-0.067536936752617	0.422102987284531	188
-0.00652976974070102	0.278902194129381	188
0.00397362789062905	0.415643896685901	188
-0.058717272012854	0.410896228285955	188
-0.039336014730377	0.487306930131586	188
0.044835260701776	0.62693757042967	975
-0.051042939966124	0.480846493494873	270
-0.120557192965985	0.159006819090808	183
0.015442819279214	1.90627682029478	273
0.103701645856563	1.45701020193293	273
-0.071519664857902	0.841109632154446	273
0.016411240493629	0.823545951972226	4
-0.006922520881954	0.83054254024558	4
0.046896975987576	0.874902803377076	4
0.120887493930231	0.844105217005711	4
0.065260919404209	0.887957174332375	14
-0.090457257860523	0.288977699127726	4
0.106381168294792	0.739701698024454	4
0.072746681727485	0.623422784454217	4
0.036845568440631	0.389107176301076	40
0.052644653281698	0.288515676885007	673
0.115337536061923	0.281599700050298	673
0.120647758989107	0.293386804585141	915
0.00913004842710097	0.60850488078837	40
-0.070689295980281	0.395242132294344	478
-0.103517305658683	0.414361834228622	478
0.0503327425589311	0.256257807485242	40
-0.094087593659625	0.407413493206549	226
-0.028048101728583	0.51172566476004	226
0.057829468619076	0.604038653899771	186
0.079655272926619	0.428321089084598	186
-0.120301540210331	0.158166969036568	63
-0.044482501575743	0.402732504438968	276
-0.098597419059602	0.301533327974055	1113
-0.116446618427629	0.389991942096501	276
-0.048386420708741	0.272716708483807	276
0.032585727537084	0.403473546171243	276
-0.067626236946955	0.277571252864488	276
-0.015953962979775	0.415423705112474	188
-0.085569618746653	0.294355618720683	188
-0.044791416747412	0.164568994135686	139
0.060402282650082	0.521509293516891	188
-0.033004351722664	0.404258889657814	188
-0.0378064019048	0.281279979859762	109
-0.118201616823863	0.303943176707413	109
-0.031580501072168	0.548668219652587	109
-0.024679762191748	0.546009662995499	109
-0.122860275680275	0.297732479546236	109
-0.004594676071775	0.598257069216253	270
-0.00232685441344899	0.587825286591294	270
0.103416313524718	0.622904493841889	270
-0.116674816555427	0.15533460632198	87
-0.042338640401941	2.45402004432074	273
-0.048778173343693	2.20177359400874	273
0.031860257033008	1.40518744262927	273
0.0228090698872691	1.17877136104513	273
0.022885460047317	1.32515808037734	273
0.019959542167317	1.13349858433256	273
0.11313904426779	1.16338406713715	273
-0.024154708822359	0.751277464275624	4
-0.120640794533694	0.678444961934427	4
-0.12095430885971	0.480392358107536	4
-0.107652987869628	0.290524169702566	14
-0.045040660180391	0.278238308279224	14
-0.01909808919803	0.427073620836246	4
-0.123067314757596	0.155900786767803	55
-0.108575280845579	0.280867701967128	55
-0.036930131428388	0.172876337095916	673
-0.107973037854752	0.293824931209677	55
-0.116611846718139	0.151065069990532	162
-0.083935603401691	0.478607578683015	478
0.02563958819405	0.671172954369658	478
-0.030059013000606	0.419961417262148	276
0.051790793748185	0.6013473139307	170
0.05490017797435	0.287481874199726	276
0.120091176778594	0.289822762465679	276
0.117568659854891	0.543242565526235	276
-0.101502135139972	0.415368982527095	276
-0.00452487368261101	0.526226988360539	276
0.0655780334682819	0.595692871234915	383
-0.022614377723371	0.371186196973252	276
0.090442651163916	0.599953392515589	276
-0.099571446409996	0.304171925765658	1113
0.082486645934997	0.515193121517137	276
-0.117293734369328	0.299723555598619	276
-0.065943551952168	0.289735500315024	276
-0.090520624364019	0.295472854389934	276
0.00626465811465404	0.405726097416236	276
0.067505432683676	0.434910203803505	276
0.000173118186443055	0.281788081788987	188
0.039801542814235	0.681987718510659	188
0.075350796218533	0.636300486304863	188
0.0154050012065861	0.506089954382299	975
-0.018571419294721	0.409239599401911	183
-0.118053473987344	0.158440404544565	183
0.112325168221399	1.8890205237902	273
0.114779175659598	1.30840393616217	273
0.114811374094158	1.36035414734438	273
0.123621122116102	1.22673574225586	4
-0.091163534450017	0.734602274142499	14
0.074444332740142	0.541361018558822	14
0.028433504780512	0.518933863297234	4
-0.016766939816655	0.414050532995605	4
-0.110539873615378	0.291129058798819	4
-0.00324409591503599	0.285098489678341	14
0.121282456265337	0.198645955133022	40
0.106189066032779	0.39781253128246	40
0.108512500486353	0.720114219734577	40
-0.108404885590087	0.303743638221979	40
0.069521546208742	0.743435249722849	226
0.035656443848499	0.545967399130482	186
-0.1194324503778	0.158271878821346	276
0.114270287381887	0.403703717544763	276
-0.037497036647594	0.170193407126297	276
0.050217892943986	0.674910994085901	276
-0.080312368875639	0.391918452299097	276
0.059708719767513	0.285653332151198	59
-0.034393512217501	0.291934938215409	188
0.100943456386257	0.693654891461026	188
-0.038012454007058	0.40629761238325	188
-0.100793625957811	0.270432863561758	109
-0.012978445988473	0.514477835244278	270
-0.061259449904047	0.41365694072371	270
-0.052815288659721	2.2484720219462	273
0.08897054295106	1.06014719566192	273
0.05578460846547	0.749001383050666	273
-0.043115227742118	0.65550985109831	4
-0.087339462111325	0.527219434664975	14
0.066363820100897	0.817439441735592	4
0.039283053930271	0.524933197674458	14
-0.053811467352599	0.420201528223315	14
-0.048657023459706	0.398580856541899	55
0.041195613874317	0.438916196415021	55
0.114298489706524	0.546420522079062	40
0.110909200941661	0.405449045126921	40
-0.090676086718986	0.294107816754167	55
0.086102797130832	0.657008956887896	55
-0.091843165779788	0.398823052228454	40
-0.07574524517847	0.423492598354112	40
0.042427973000855	0.534792881810376	40
0.046199718267391	0.542507048939196	40
-0.067390210978854	0.391579784762383	40
0.025231226611467	0.53761581869803	40
0.00244826436873402	0.292095302311965	226
0.0479070715561361	0.433503559119021	226
-0.112239494565407	0.30085190003823	276
-0.109621099431392	0.304234230798724	276
-0.014600795660042	0.412620453277159	276
-0.056686856547621	0.292112323903094	276
0.068471785562276	0.425764454647517	276
0.064992114422314	0.425846407130344	276
-0.034535097283764	0.412480495357365	276
-0.073501367940542	0.281536521123876	276
0.066921301132678	0.422014388469971	276
-0.063440796321512	0.483478704430412	276
0.044085221835632	0.28282799778293	276
0.124450906498706	0.297342190041494	276
-0.027109934406824	0.293517443125259	59
-0.050335477476116	0.427183417641528	139
0.112988605334666	0.527591710146555	815
0.121925287371074	0.86642787411103	188
-0.102215375310976	0.462208538933563	188
0.120163251145154	0.763479221359488	188
0.07013271805552	0.630905927658931	189
0.085865214914438	0.541025038886736	109
0.066815706502581	0.412189319799806	975
0.112174414016139	0.420623068178249	975
-0.119928574302398	2.19503237496161	23
-0.041538602421586	0.831051339872886	273
0.0714270796550131	0.757686683035911	273
-0.068717135231508	0.465440177123302	273
-0.092303243247506	0.533965284653979	14
0.062925721529358	0.541851550675769	4
-0.056363666588292	0.41934017505625	4
0.111264566186351	0.661717280502468	55
0.045748894158096	0.536286749497593	40
-0.003999632248954	0.433103865669494	55
-0.114169712066009	0.307438599349321	55
0.00905949549918195	0.516813998563675	40
0.097876871208047	0.546831315134888	40
0.122288273798303	0.556147174235641	226
-0.091633181263145	0.294107256316016	40
0.092237167405227	0.532962378532532	226
-0.054090007176122	0.487387924742359	226
-0.00327297206465899	0.279769233297695	186
0.071777388967985	0.556300942404524	276
-0.038241747781154	0.430951559923304	276
0.052644653281698	0.288515676885007	276
0.041195613874317	0.438916196415021	276
0.122972248346987	0.292469126697239	59
0.040116290292195	0.686956835102407	139
0.08323607399464	0.639727710625713	815
-0.061858350859812	0.544761951227115	188
-0.079793401980073	0.487258970538419	270
-0.018114204904927	0.419126356376822	87
0.00276549507181101	0.590730080352843	270
-0.114308352873908	0.394329275512313	87
0.059275508603198	0.398690533823086	273
-0.044320650587929	0.426246787124199	4
-0.056194299421804	0.961715792549912	117
-0.081522218428727	0.299308150132506	117
0.077718926958022	0.429753988922535	14
-0.098586403585911	0.278400902151187	14
-0.102113205489982	0.301285928780997	4
-0.090689677196473	0.292857401465942	4
0.111340003870413	0.537696051255932	55
-0.033208943726117	0.400420005459866	40
0.08480973593478	0.805660968249572	40
0.084476600281001	0.720826602608451	40
-0.069006911348119	0.397889162074163	226
0.05713364005941	0.811445643384124	226
-0.075638671800615	0.667846735801689	226
0.068863008727082	0.793609244647417	276
-0.052968645074085	0.68368293182919	276
-0.00210887829084	0.638006461907511	276
0.0454644596039801	0.426099835404111	276
-0.118609155270804	0.15218243102061	276
-0.034534618313873	0.174260018652835	139
0.015848013526227	0.428113229724752	188
-0.066354067819362	0.425560867326112	188
-0.020062166858171	0.562447651265098	188
0.048984243668976	0.292344867987126	188
-0.034376352568893	0.161191015392137	270
-0.002322509891166	0.278240872869863	270
0.010088356529141	0.742284258573941	270
-0.041146632096738	0.282748600765765	270
0.017668054269907	0.508605305202586	87
-0.062846723237207	2.12316660120474	273
0.047107226469983	1.51206459019881	273
-0.047675387124141	0.770693370401468	14
0.054308643675305	0.893332101616594	273
0.094629182067715	0.902355809559316	273
-0.001450072369304	0.684010166902087	14
-0.00561441801009199	0.902091428567676	14
0.0621429293937	0.826602577179353	4
-0.11153498428647	0.402301261811558	4
0.00657085871171004	0.655782910042081	14
0.017403882814201	0.598911115639607	77
-0.059539077018766	0.583451156624922	55
-0.049373799955866	0.398161499023819	55
0.022751449810835	0.42530848959582	55
-0.00331024521034901	0.431228516957197	55
0.013350642034875	0.587099454155282	186
0.046677657743235	0.679249286888174	276
0.00944874157232101	0.428272341206289	276
-0.071253089616784	0.41930609666278	276
-0.103992552929499	0.410711317479526	170
-0.109218910197985	0.287194189895629	276
-0.036815040826451	0.281272244744047	276
-0.116361282930557	0.155562675795945	276
-0.037851713046316	0.291969310205147	98
-0.120848227587612	0.152809673167249	276
-0.118053473987344	0.158440404544565	139
0.110115025964696	0.419569876268935	59
-0.029692553549828	0.57036470773385	139
0.010502233259797	0.518699070671719	189
-0.104177740469391	0.4120386242735	189
0.075865123303798	0.435156147570782	109
0.071497970792699	0.554277544065857	109
-0.075811990635628	0.298670300263889	270
0.07247796676656	0.537316643775518	87
-0.029728387465256	0.504335416631269	270
0.066100318909623	0.520002909308876	87
0.00823009383832996	0.880035280917219	14
-0.122381381380935	0.653636581344435	14
0.11997793391237	0.442658577729542	14
0.0400252128772221	0.428618704938459	14
-0.111010105838385	0.405731262323732	14
0.082797536574682	0.709355259607702	77
0.096589929059165	0.547516534074612	4
-0.074283012588733	0.280965979429333	55
-0.045889823782064	0.163746990319039	55
-0.105082693893855	0.296351956637542	55
-0.045032091432902	0.420163772795662	55
0.117900015159401	0.198196728181155	70
0.059999156468209	0.691508201799794	40
-0.070304527156744	0.291257267323645	226
-0.037471701831022	0.164473276431771	226
-0.122453913335729	0.310502525620662	276
-0.00705142854911001	0.28404458134146	276
0.049925046407139	0.294673712239491	276
-0.079045089037173	0.403335517359769	276
-0.00203303404436	0.585058360179979	276
-0.058276219397041	0.405427538902194	276
-0.00962480063948201	0.426981838284194	276
0.00587116234479101	0.402973845591368	276
0.074208970145784	0.42724834515118	276
-0.026496203986011	0.427349568365793	59
-0.062926365994738	0.290168675469685	59
-0.089411736432422	0.293625702355653	59
0.0400252128772221	0.428618704938459	59
0.064089746091998	0.505890125536945	59
-0.086804403264515	0.301785028867959	59
0.00220329762232896	0.281344459956343	139
0.016545271972472	0.426690683260575	188
0.021250449111833	0.526378360128113	188
-0.066544183755355	0.424719698766728	189
-0.003863768258413	0.520259682909939	109
0.014489295082717	0.428967013185551	975
-0.06151295220043	0.299637675792605	87
-0.043695355402452	0.163516081274639	87
0.065837808489046	2.40437415876471	273
-0.051129241797959	1.37755923529191	14
-0.087128211375845	0.302436746547127	14
0.071414693601725	0.439471454506274	55
0.0573488145585011	0.29206045996874	55
0.072673583616938	0.428122629516366	70
0.038512999504893	0.514106223556008	226
0.042623724210306	0.619612867611163	40
0.053775540277902	0.292880691481071	226
0.024458562210715	0.413733600197893	226
0.033698154965373	0.425755425171885	226
-0.002221341851254	0.532362401047432	276
0.115337536061923	0.281599700050298	276
-0.036802105186926	0.29352846357503	276
-0.120044795707522	0.151397281125971	276
-0.122817981791757	0.154061143804624	276
-0.037866309542198	0.501690713839624	276
0.07617364601467	0.433087754943438	59
-0.087327265958855	0.283908417701338	59
0.120951145052163	0.634498884967896	59
0.034395699267038	0.601293693248303	59
-0.102371858951031	0.295174960579474	139
0.00642432775597401	0.290654929828682	139
-0.037613506648779	0.284088680944501	139
-0.086011688377644	0.291171873366569	139
0.016840841231467	0.49695213011848	189
-0.057204537645253	0.484839099189011	189
0.0649419497194	0.543125099587791	975
0.041730465828144	0.283788865318709	270
0.096256993416632	0.537914984191084	270
0.117677927575064	0.536018744808429	87
0.06324258453733	1.28163504137615	14
-0.013690921963208	0.50583017297327	14
-0.038036464163298	0.171991450715647	55
-0.123075596254438	0.155909238850789	55
0.054832540225758	0.502673651913157	55
-0.120771049383234	0.293549404269363	55
0.0467963697414731	0.286624627317254	55
-0.124447794903251	0.154887241397544	55
-0.068480499867894	0.418339415277511	70
0.037606201068077	0.513748478153186	70
0.078707690527588	0.640259765666426	226
0.016337311733897	0.412009136606804	40
-0.121493101680114	0.298876633370872	226
0.124555066495811	0.29954513242504	276
-0.090689677196473	0.292857401465942	170
0.056126716093621	0.294550678371805	276
0.120956729636381	0.198581629955028	276
-0.093469437058097	0.400772982790597	276
-0.110315209158381	0.286123202057635	59
-0.120938145474029	0.300857516695142	59
0.039871931641645	0.419714734120325	59
0.0515074904719221	0.294546960149973	139
0.084121827923794	0.5445531595608	139
-0.065175067705572	0.293824866900018	139
-0.043528285640025	0.409123128556062	139
-0.095117512179858	0.283420986561268	139
-0.059767695330341	0.420954612001531	188
-0.030417122701673	0.420225618150779	188
0.038199159877463	0.42786885702584	188
0.04238912163203	0.533716380207574	975
-0.100199336079206	0.298915714326492	975
-0.08444343329493	0.29613051362994	975
-0.093837226660784	0.287230029768872	975
-0.041508571786643	0.285355056892787	87
-0.037870708469347	0.167051134176967	87
0.114555951936446	0.695781767837295	14
0.066201304732925	0.748964300183646	14
0.011113549887915	0.53789560455458	14
0.030162494586776	0.492840225668976	55
0.048761012326648	0.692584572753072	55
-0.035790964819874	0.410411491153772	55
0.054538737707902	0.28572683927769	262
-0.070307012080334	0.276528032559364	55
-0.062778277521625	0.297375073099998	55
0.036577947572618	0.267219436123698	40
-0.056960550107842	0.296492149695112	70
0.00332681045522498	0.522362217607366	70
-0.090689677196473	0.292857401465942	40
0.0000928895186800283	0.472655515135072	226
-0.115521168756881	0.299190692983226	226
-0.00640323892217998	0.43118140427947	226
-0.030465231570194	0.420759290901688	276
-0.095814488013113	0.303721878035456	170
-0.068007497153889	0.296899741198705	276
-0.030884194111901	0.57185843208868	59
0.110681837255933	0.438273966172864	59
-0.110878624200741	0.310182494199491	139
-0.070640248664233	0.28097682129511	139
-0.08444343329493	0.29613051362994	139
-0.013611118610249	0.398377006175597	188
-0.00730357181581598	0.415514558889258	188
0.115608766616332	0.535505915113948	188
-0.09020136278958	0.399335964399325	975
0.120612939350274	0.737294180332567	270
-0.031349221753037	0.418622509247629	270
0.027475946405812	0.533031636868645	87
0.071281957607501	0.539335272790825	87
0.12365390775712	0.198464355288851	14
-0.116591361185917	0.302546923987203	14
-0.000176950837028012	0.509186747514156	77
-0.00474176729120401	0.292669722643279	55
0.1244098144478	0.298646442964005	55
0.00337109531703494	0.597027590626797	226
-0.058690181809428	0.598079625440873	226
-0.034389117871383	0.413838560559088	226
-0.117484044081415	0.155362987319923	226
-0.004329901820805	0.280190050009925	170
-0.122220277976482	0.302960075089343	170
-0.120557192965985	0.159006819090808	276
-0.035826103360814	0.17167260536398	276
-0.036654934267281	0.160739851129601	276
-0.000837309143854992	0.283072189161891	276
-0.117080790954654	0.296462324726683	276
0.075203583126647	0.432383774886985	276
0.028751690612664	0.815842815099349	276
-0.088159878181261	0.530587921803932	558
0.00826574650479905	0.663449537626098	558
-0.058371716285321	0.490235536184848	59
0.055457876593643	0.686204959803943	558
0.045832292321125	0.631478435351651	558
-0.054776688553607	0.501653985539613	558
-0.071724843001977	0.287274041910105	139
0.0439971766113511	0.288022370867594	139
0.037177659487298	0.523690580572239	188
0.069642385892385	0.542428615556544	270
0.00264840266117095	0.520392305474773	270
0.037712825962694	0.268390841319448	270
0.011356111815508	0.430707134813122	87
-0.034311469035427	0.293806699648678	87
0.124677918104653	0.190131943836032	87
0.065432856660391	0.920384586076842	117
-0.085703034306327	0.295224489376937	14
0.078140960307885	0.430793536731657	77
0.073976760543064	0.711317282669334	14
0.0478502522220911	0.290794872296727	14
0.00478820215204001	0.294137905232951	55
0.094811767753899	0.70123467188914	55
-0.034534618313873	0.174260018652835	55
-0.041200831127417	0.285757127693547	55
0.12365390775712	0.198464355288851	326
-0.036930131428388	0.172876337095916	70
-0.005714667646605	0.286761851796316	70
0.046633630235187	0.284866857044243	70
0.042357068155751	0.613640664250272	226
-0.108799530444908	0.408654705249251	1775
-0.035098331674015	0.172681502759963	226
0.062801128965432	0.386908755126897	170
0.124544532866297	0.19581541349256	276
-0.00598971329144599	0.275548022113753	276
-0.089762857960258	0.564529257122673	276
-0.092184935904601	0.471076943968982	98
-0.050062758929265	0.641414280099088	59
-0.106120551609495	0.469727584097876	59
0.024656272002731	0.604785596587744	59
-0.014904226302176	0.580294650362522	59
0.011436655164228	0.527385197081816	558
0.086840096055725	0.552703247713721	139
-0.037308230429795	0.168894757905337	139
0.118460708422782	0.431470508825508	130
-0.00279659576596097	0.430931342886549	130
0.064992114422314	0.425846407130344	188
-0.037308230429795	0.168894757905337	188
-0.034351386084695	0.162597685068854	764
0.119713851501106	0.199126209354249	87
0.12191577670558	0.301862011357239	14
-0.124751377390408	0.155544577577489	77
0.00749813682175204	0.411468740863868	77
-0.086101632693322	0.284806304951032	77
0.061836733923088	0.539726467250934	55
-0.076743401923309	0.296346234645693	55
0.045306306131949	0.285348854064574	55
-0.064494591865301	0.300622542467815	70
0.046413071516876	0.656344170592166	226
-0.050410620486209	0.410211060177973	226
0.00534371901885899	0.292063261798948	170
0.115841765451381	0.183332241461202	170
0.116410068650884	0.290723112847163	276
-0.037471701831022	0.164473276431771	276
-0.040153727111663	0.164240216099442	276
-0.052501932870421	0.627848065046772	98
0.060276441360832	0.886564331367781	558
0.078270916803643	0.620728630074917	59
0.0130104264034659	0.534107456327953	139
0.040537497774654	0.422299392894181	139
0.113462746203412	0.444236102606401	139
0.0838481057327	0.42504458692543	130
0.124214008916153	0.206232457822621	189
-0.040819584266134	0.166160604374828	189
-0.062653194183432	0.29266234361997	189
0.077039311052415	0.410664205730973	81
-0.075963542511012	0.492344652542849	270
-0.025492980087931	0.553774943278271	270
0.044669426097246	0.52324652971084	270
0.0487031907093241	0.295664408857857	270
-0.092397161938657	0.285961978337239	87
-0.00870407004389301	0.265407987035802	87
0.00709561252621604	0.293587477840319	87
-0.057369516712351	1.18181856015439	14
0.089516938435059	0.77278281995623	117
0.096711894512488	0.554589154094168	14
-0.089555570921199	0.285477472774164	14
0.013164040378285	0.419469912976946	77
0.113040860355259	0.580874507106081	77
-0.094240632464882	0.288264735875427	77
-0.116374748244448	0.30923730483924	77
-0.015352216647029	0.410343603547868	77
-0.037851713046316	0.291969310205147	77
0.119713851501106	0.199126209354249	77
-0.105860266945012	0.291913929624837	55
0.014862025870316	0.421581150918037	55
0.088264768315182	0.545263947305968	55
0.049567440450136	0.280009965850722	55
0.122404875111649	0.199001544034778	55
-0.12223687615801	0.149982574623984	55
-0.000266236224560013	0.287602493232976	55
-0.123712136500169	0.290354904307247	226
-0.113894445204531	0.397838237423296	226
-0.035259112539413	0.169475933261589	276
0.121852570339308	0.195889917983624	659
0.053007634396899	0.553520129643534	276
-0.04343846648066	0.566335795639166	558
0.060954380721568	0.637086923735738	558
-0.04630340731928	0.596657944391416	59
-0.078364475961065	0.486495827869008	558
-0.063769657358865	0.300580875399166	139
0.0451304781636121	0.291244447307084	130
0.094237103118047	0.786627498588799	270
-0.054345801795747	0.413252470797578	87
-0.090997050502972	0.297565129588244	87
0.120931108800624	0.290521287646775	87
0.073976760543064	0.711317282669334	117
-0.118072213493913	0.504850385239507	117
-0.110331524971421	0.302428146643046	14
-0.052466989976938	0.413848316957895	77
0.061545949689365	0.538659268070506	77
0.090274167051831	0.524479137367857	55
0.039754558159339	0.526275607556374	55
-0.035639537940514	0.170348743224255	55
-0.106066772015617	0.299531016877336	226
-0.030571158183623	0.419730557976878	226
0.122404875111649	0.199001544034778	226
-0.044218597272212	0.167900327425104	226
0.12365390775712	0.198464355288851	213
-0.043121393112504	0.168759010980697	276
-0.00243220263210597	0.296265481080456	276
0.124340245880256	0.195846510231883	276
0.098265891773071	1.02404744851226	558
0.026777731715149	0.707399703154818	558
0.103187196308711	0.838556900597334	558
-0.115677324112548	0.311713268587046	139
0.115511369072387	0.440255473983601	139
0.060969671539189	0.540103585742807	130
0.120091176778594	0.289822762465679	764
0.117734778175025	0.564251434890683	81
0.107892014263811	0.412144585884706	81
0.071282236229898	0.431110757872104	81
-0.023661863943039	0.493208673850219	1393
-0.093773179029339	0.29222554465513	87
-0.116932946815042	0.155087982835398	87
0.078331793252358	0.70545084216357	117
0.113939997953615	0.432640308343254	14
0.049611802349707	0.523220186292399	77
0.06396893450038	0.516432550424924	77
-0.115255660578278	0.40574155686568	77
-0.039179006018919	0.380670150736365	77
-0.124758694736537	0.149738172350101	77
0.124214008916153	0.206232457822621	77
0.119713851501106	0.199126209354249	55
0.057316893624273	0.516527728106893	55
-0.037471701831022	0.164473276431771	55
0.121218798589396	0.290741038995305	262
-0.042548465285908	0.165709173447527	55
-0.032104581442273	0.296170677400673	55
-0.104665755028355	0.28845659673537	226
-0.00382357350293999	0.410859065836658	226
0.033174745030755	0.418922519472984	226
-0.123129824494713	0.295672041642631	170
0.045578696259824	0.286545141472743	170
0.124214008916153	0.206232457822621	276
-0.047521670779907	0.276511082624297	276
-0.037835196487678	0.557172966780884	558
-0.093585434423573	0.411581981132957	558
-0.038330469081029	0.417297340073213	558
0.034920398308407	0.548209770934842	558
0.00450804424215401	0.509580559246884	558
0.05368238150438	0.288365822012361	139
0.045218035338362	0.286672636531447	139
0.077173007604952	0.427468421828421	139
0.0768836535859579	0.426779429876675	130
0.121998106062309	0.296124575620203	189
0.073931906360208	0.441690881826848	81
0.0490643868790091	0.286762351433191	81
-0.064223238788949	0.29738945036501	81
-0.057986122977999	0.551971457765925	1393
0.111278975090733	0.549083814126859	1393
0.014489295082717	0.428967013185551	87
-0.114872206138103	0.308727684901221	117
-0.091784929276072	0.291884240354277	117
-0.100508842967056	0.550875570053274	117
-0.067596287685721	0.288054301655082	55
0.119142597747633	0.197658774394258	55
0.107809528469215	0.428547685039468	70
0.122345157818419	0.289694887794186	226
0.030832214352564	0.537400964284145	226
0.0704458942949741	0.437350470395065	213
0.119713851501106	0.199126209354249	213
0.12365390775712	0.198464355288851	213
0.119713851501106	0.199126209354249	612
0.12365390775712	0.198464355288851	612
-0.00093926012177098	0.291957594115593	276
0.124214008916153	0.206232457822621	276
0.107637955117755	0.41584896168964	276
0.031089687875116	0.950533755357721	276
-0.030500207525399	0.656897060106631	276
0.010316752961876	0.79428524448401	276
-0.08790965167139	0.652165620381019	98
-0.023158415760587	0.631575981551275	558
-0.053079719690711	0.591227102526729	558
-0.099899712348727	0.456298397061029	558
-0.00857988574653301	0.648097963153104	558
-0.014835799744843	0.544024583029492	558
-0.014012370773063	0.494939862430278	139
-0.027864881638904	0.418264216931687	139
0.00412357955086795	0.402342146903914	130
0.116982850237114	0.555850752821736	130
0.124214008916153	0.206232457822621	225
-0.035369721989096	0.286402669993916	81
-0.030571158183623	0.419730557976878	81
0.06774455891732	0.552505397813804	81
-0.119176342498063	0.159173674782741	270
-0.066688983789435	0.289428996749642	270
0.089951773081475	0.544596856512619	81
0.052551217772382	0.295614499308593	87
0.122964300445271	0.200951799928207	87
-0.095332222102706	0.283651372057905	77
-0.038602253259392	0.171369029815336	77
0.059611889922583	0.288386323429616	77
0.00774504145381405	0.403828388281279	77
-0.072294427217857	0.288254607083546	55
-0.035826103360814	0.17167260536398	226
-0.039059188666403	0.167843938439159	213
-0.040202026878875	0.162555049702019	213
0.118470563051444	0.194253316345752	414
0.00133010900135599	0.527681640335693	276
-0.036779465502348	0.554253339600271	558
-0.063918820995874	0.42366254774086	558
-0.00132223291948003	0.289327563659805	139
-0.031027002951988	0.169220794241098	130
0.119713851501106	0.199126209354249	225
-0.07026570601532	0.293895681753634	81
-0.048319313549575	0.477344805510147	1393
-0.013524501759686	0.415868518175064	1393
-0.010693008114538	0.417851350402911	87
-0.040723459300082	0.170099779410914	87
-0.037967020081279	0.167801448279283	87
-0.091746088180853	0.527556341257882	117
-0.037830615008544	0.503378578883631	77
-0.123049168199324	0.303324248131123	77
0.057255622342449	0.29310803454068	77
0.122964300445271	0.200951799928207	55
-0.01869960261372	0.472314316133727	55
0.124902548666279	0.193317041380957	49
0.053686238739729	0.291624498502172	55
0.124340245880256	0.195846510231883	55
-0.123934631489088	0.153105344726263	70
0.016778706378363	0.654241417321946	226
-0.061356818766754	0.414136894363887	226
-0.062775534943576	0.297421560333815	226
-0.109824098031269	0.294413152607444	213
-0.030634556912266	0.288969389642721	213
-0.042558385852201	0.287527081270355	13
0.123044328046606	0.301801827558271	276
-0.121938366872206	0.156892679811585	276
0.0855223428461111	0.977090635959754	276
0.014420619335853	0.69315777938372	558
-0.117974493876714	0.440262395893254	558
0.113794531924262	0.927775188968647	558
-0.089782611832852	0.478565518893386	59
-0.119346537687253	0.437802072654199	558
-0.068317948332535	0.495767480314296	139
0.120038702691823	0.194989234813248	225
-0.040934038348302	0.163572685659026	81
0.00602361851154498	0.421649558488653	81
-0.038110986088509	0.400226934727995	81
0.044412450898773	0.543611300676609	87
0.074439970341717	0.539256397844137	87
0.117900015159401	0.198196728181155	87
-0.073651878987582	0.623243134142574	117
-0.029300324557651	0.704079085247767	117
0.123096620587683	0.199573646617747	643
-0.088176200061556	0.408547345077917	77
-0.094230989640394	0.28318450928266	77
0.12318349270671	0.303437764606221	55
-0.020263610035621	0.522626954743325	55
-0.0382294499015	0.298105676758091	55
-0.070867033016607	0.281389289459277	226
0.123096620587683	0.199573646617747	170
-0.122487946192157	0.152114454916293	213
-0.034534618313873	0.174260018652835	213
0.122404875111649	0.199001544034778	276
-0.040723459300082	0.170099779410914	966
-0.00093926012177098	0.291957594115593	276
-0.107554786503166	0.547678008243491	276
0.096430572080772	1.0076147280304	98
0.124025411550343	0.966399048094555	558
-0.0000734353648230157	0.657635621174269	558
-0.118193450606827	0.500532290547451	558
0.0625444354533971	0.704475178363536	139
-0.069938407171991	0.489358376177604	139
-0.086909886050586	0.300300061068011	139
0.124214008916153	0.206232457822621	210
0.022255469903067	0.414476701728049	139
0.122200831160806	0.291985878804526	225
-0.044218597272212	0.167900327425104	225
-0.033706004354477	0.293553233700462	81
-0.102191494121353	0.460969641118466	270
0.00045946112662798	0.702326788592406	1393
-0.027109934406824	0.293517443125259	1393
-0.037497036647594	0.170193407126297	87
-0.00474176729120401	0.292669722643279	87
-0.040934038348302	0.163572685659026	87
-0.087437446246576	0.573396643933742	117
0.00891187384118797	0.844036695664049	117
0.020058099623405	0.52742789863473	117
-0.052647599596703	0.6907261316361	117
0.124214008916153	0.206232457822621	643
-0.035826103360814	0.17167260536398	1011
0.05385581962277	0.584116237180361	77
0.124902548666279	0.193317041380957	49
-0.038978018539722	0.163501934089353	49
0.0440849948422169	0.287005216812903	70
-0.039467948911689	0.297110761516601	226
-0.092131085561009	0.275567847186947	226
-0.034534618313873	0.174260018652835	226
0.120384762104518	0.192504381822851	226
-0.045318133297596	0.163671020678652	213
0.113758621722551	0.43838868258041	13
-0.036994984359906	0.290345760749416	276
-0.039094753388491	0.289242523452116	276
0.062450106044348	0.635773839527698	276
-0.049020429456969	0.458422536306029	558
0.08614579266719	0.647034863156652	558
-0.022269386964535	0.512878135266524	558
-0.026718556606934	0.288257461957199	139
0.117900015159401	0.198196728181155	210
0.124214008916153	0.206232457822621	210
0.073219111495728	0.431999519049028	225
-0.039709773909628	0.170493638317434	225
-0.090457257860523	0.288977699127726	225
-0.050422602272935	0.15740068715785	225
0.036664199356637	0.264325925424543	81
0.123789666146363	0.573348325109477	81
-0.00700536293336201	0.590990596000862	270
-0.091477025906956	0.299322227938507	1393
-0.117138344885156	0.304011231460081	87
0.094707406129791	0.7908100683791	117
0.043030875975647	0.532277307760668	1011
0.00936352656425399	0.592260847755716	77
-0.094959651760956	0.284542878119475	77
-0.00799872008360197	0.525327361650036	77
-0.039094753388491	0.289242523452116	77
-0.00773393204602202	0.423876337094791	55
0.124214008916153	0.206232457822621	322
-0.036202117766367	0.172742420349666	41
0.124544532866297	0.19581541349256	1070
-0.064346938488677	0.291255634000848	70
-0.039709773909628	0.170493638317434	344
-0.049803098824377	0.418312923658954	226
-0.085969028504573	0.296510950630687	226
0.033281249034442	0.535514907289466	226
-0.036930131428388	0.172876337095916	213
-0.061198257220438	0.296368002074111	213
-0.031058447970951	0.293883088498124	13
-0.00326237315405498	0.283867770174682	13
0.045051514079886	0.26243469121714	276
-0.12419177462442	0.156618549124342	276
-0.023390803907323	0.70170805815578	558
-0.040304227226932	0.562971066673798	558
0.082081842958305	0.633969785042785	558
0.068821759810592	0.622431028989448	558
-0.01565050369177	0.623007897571087	558
-0.069985481220798	0.284624764677297	139
0.118816854838249	0.295541229153146	210
0.000383069701856975	0.28247559071469	225
-0.041577347215072	0.279568526156619	225
0.04671383291068	0.288061043605768	270
-0.00686078859535899	0.413329571573145	270
0.080493828694481	0.64919464924324	1393
-0.05192832703459	0.429363424431428	1393
-0.036507674419058	0.407557230275411	1393
-0.123763025845154	0.297779523502051	87
0.112955132252113	0.43966422718141	87
0.121155457408384	0.194170392898925	87
-0.052877678193309	0.806699915901193	117
-0.104705128463818	0.599153718167585	117
0.075834328564918	0.63700857132724	77
0.047482578368232	0.294494542243722	77
-0.054307072213788	0.41709207169172	77
0.119713851501106	0.199126209354249	55
-0.060044404990423	0.499237213794905	55
-0.036364261704742	0.168630626525818	322
0.110683711252086	0.26568760545827	49
0.06552996541353	0.410179620307316	70
-0.07516385729376	0.413111134538379	226
0.00164705326707404	0.289677531271216	213
0.069447573390487	0.435804512350571	213
-0.085703034306327	0.295224489376937	13
0.046952186324841	0.430481189416638	664
-0.044062568518127	0.259761444371936	13
-0.123606378073119	0.14903420129382	13
0.124771021919602	0.197435251980405	276
-0.06518152962859	0.633189324765964	558
0.072406100884704	0.622513459827817	59
-0.0595863491839	0.518193190904254	558
-0.060936154289352	0.417892871597904	558
0.051695870450542	0.534128197797158	139
-0.096462469997384	0.301824550934028	139
-0.003140383620093	0.284265392532068	139
0.118470563051444	0.194253316345752	139
-0.067576653545667	0.393864899563498	139
-0.042548465285908	0.165709173447527	225
0.066229697624895	0.414766110398397	81
-0.083336923034337	0.302991737483017	81
-0.069267063520925	0.293379209361192	270
-0.00413270453888798	0.515494584596162	1393
0.0439646790000911	0.426491259927692	87
0.034952818646248	0.425686335960614	87
0.115609081254205	0.557881165285051	87
-0.033996886658204	0.169081222919269	87
-0.114988734886196	0.155737204611114	87
0.037472550425787	1.08854103775008	117
0.083674909815278	0.649579090388394	14
0.067388638101894	0.536831556369536	14
-0.094958298874319	0.410876387421876	77
-0.03853116452855	0.418040198147015	77
0.036459334679923	0.429372121176101	77
-0.017599234137571	0.502403470273798	55
-0.084762389924094	0.474613670278879	55
-0.120848227587612	0.152809673167249	49
-0.101826502017783	0.297900494144639	49
0.003423825651237	0.289648069057852	344
-0.119643414440744	0.400555871647987	226
0.100353668468902	0.559598711252507	226
-0.08263907777352	0.412765422854145	226
0.124677918104653	0.190131943836032	226
0.123096620587683	0.199573646617747	213
-0.00829419762936501	0.2774829849439	13
0.060368780354759	0.27808542758927	13
0.00122809214265995	0.290117041445158	13
0.124214008916153	0.206232457822621	276
-0.039657265556681	0.291936493536595	276
0.08746153777691	0.775022641722246	276
0.102054417586623	0.944265619862405	98
-0.005355870469191	0.746446905509215	98
0.041029660101757	0.744772348454773	98
-0.102112305562687	0.455290492554389	558
-0.044853081420943	0.54668847158612	59
0.055897697511431	0.595709984930151	558
0.100414538042892	0.729452856185827	558
-0.105428088134197	0.293522105345341	139
-0.033432025892266	0.174191346332386	210
0.114654385942371	0.416576801994231	139
0.074317783024046	0.552397085641106	225
0.074350859602345	0.435861301852283	225
-0.035999266525391	0.287624798639793	81
-0.075088938062713	0.280367358208363	81
0.071009053725188	0.427751689465522	81
-0.03450926709356	0.294045381892758	270
0.031710227059818	0.594683325783917	51
-0.000238763606191017	0.293692498200707	87
0.036745429610113	0.589517491473966	87
0.124214008916153	0.206232457822621	87
-0.058086958814266	0.724422991253122	117
0.120785950601736	0.299137841386854	14
-0.093315694132694	0.469938731936368	14
0.104319187613618	0.761382589526198	77
0.107474786140105	0.73084061757418	77
-0.016285011387198	0.507178038496363	77
0.036908443626527	0.398113578239435	77
0.050375451007168	0.290085398640271	651
-0.094322257584236	0.468200321192546	55
0.0388416783325281	0.494530718348946	55
0.122199190662619	0.193384296072582	49
-0.037497036647594	0.170193407126297	49
0.041791917688814	0.423288428596355	70
-0.111899505476543	0.505923573077769	226
-0.124758694736537	0.149738172350101	226
0.032366927076512	0.42034115929501	13
0.123044328046606	0.301801827558271	468
-0.032104581442273	0.296170677400673	468
-0.118509109413872	0.301344476739806	468
0.118396106468632	0.438695135399067	276
0.122964300445271	0.200951799928207	276
0.11121423169896	0.641402504898667	558
-0.057878419288923	0.481708212035416	139
0.016641910564431	0.419476532148276	139
-0.120970998559333	0.303868247540719	139
-0.087591546877338	0.29375444535802	225
-0.00337797873286799	0.420882039071805	225
-0.036930131428388	0.172876337095916	225
0.050896266998678	0.610816165726548	81
0.027115439118151	0.418301236255797	883
-0.079113692489263	0.520621574448208	1393
0.070298199005427	0.414570513864302	87
-0.07791995632473	0.293666508140587	87
-0.049603237270074	0.82030563737084	117
-0.044382310964775	0.416539186739186	77
-0.027726375528696	0.427343056977189	55
0.043181890660786	0.438671235608082	55
-0.0538367926127	0.530332753521565	55
-0.105195559340359	0.297631117963821	55
0.10215678269617	0.550137806774784	55
-0.033263565391579	0.293358350162886	49
-0.038602253259392	0.171369029815336	1526
0.00192634089855004	0.293707588912575	70
0.0711268366564149	0.433092692775722	70
0.049999455977686	0.419575096111271	13
0.104071162552091	0.413830435745114	13
0.00642432775597401	0.290654929828682	13
-0.068589202027905	0.290319032917505	276
0.122404875111649	0.199001544034778	276
0.121440939182798	0.805228533803465	558
0.100263107705299	0.643829967851689	59
-0.057221913049202	0.422229045306376	558
0.046952186324841	0.430481189416638	139
-0.00758262027171402	0.413829747067538	139
0.074918204916075	0.430807165704511	139
0.047866063781408	0.535161717258757	1647
0.045799391418251	0.428043021300059	1647
0.10207595369973	0.535083035278261	81
-0.011924786466025	0.426931550978382	1393
0.041308181754049	0.539970097189573	51
0.118389078032361	0.731174146900142	87
0.06695783803241	0.424442768643685	87
0.113685799880649	0.441358034348033	87
-0.076338948783629	0.83878581804366	117
-0.113312722388428	0.589202925100265	117
0.082913939425023	0.650589518608252	77
-0.120803916335738	0.309250395218819	77
0.00359734528378397	0.394929007478524	77
0.101573585348901	0.53413207049882	77
0.05350198303261	0.621038361405932	77
0.01013776897716	0.426528924646259	77
-0.071985510636032	0.287926914570199	55
-0.094881307484652	0.303289431833512	55
0.060550601239324	0.5290235145902	55
-0.005714667646605	0.286761851796316	1526
0.115773689037021	0.549714114576025	70
0.072672845598903	0.441867779635228	70
-0.068317223178894	0.292864244912987	70
-0.101122433723135	0.294169074339564	70
-0.083522027395581	0.416653298531369	226
-0.018294134017858	0.403452425864549	13
-0.084309479147858	0.297909797404421	13
-0.054974467742786	0.291929294474453	276
-0.066747004864236	0.298670036963559	276
-0.093807614635969	0.408436502901374	529
-0.081054406896115	0.496536992974066	558
-0.080499323003756	0.422047316234692	558
0.022978934825365	0.598586465157166	59
-0.103268529211518	0.29160905311928	139
0.067933267285772	0.527931690501025	139
-0.032048805509506	0.415787383108999	139
0.061076229964566	0.409937378106755	139
-0.115372919680462	0.30477227260678	139
-0.09205990256826	0.281413510968035	139
0.00463783839854604	0.500983374990044	139
-0.041570857614349	0.293961367705141	1647
-0.118350646991639	0.303151160651889	1647
-0.114657860647594	0.299368753645865	81
-0.065784016525854	0.2932584012496	81
-0.03717949931565	0.295708853488068	51
0.067152320874554	0.536894950213732	51
-0.107680921151141	0.518466873888561	77
-0.061031139452059	0.547349634546989	77
-0.015274901470724	0.420845649697403	77
-0.03652935189389	0.510063222292973	77
0.036655506765627	0.675359466144254	77
-0.119999446713801	0.399693209612794	77
-0.074560792505436	0.410270751472423	55
-0.015598916244716	0.515584759890319	55
-0.020778886873322	0.517104373116478	55
-0.00916616696512801	0.591237063988659	55
-0.016196146369549	0.412589006097265	55
0.040510794875021	0.281970420902511	49
0.0487948639640981	0.295057396433596	49
-0.095284674160905	0.280104468562569	49
0.105166022415112	0.406436707221071	70
-0.117701499883627	0.305077823678969	70
-0.00424344706847701	0.425307281174106	226
0.041011646503571	0.432769779615244	226
-0.054286604672035	0.292298662296743	13
-0.082256294668513	0.295961044522528	13
0.033881675194972	0.404092133147623	468
0.121006908071277	0.295460890512761	13
-0.050845076486846	0.380523933323941	276
0.124108393817335	0.300273357864464	79
-0.035245627433582	0.287983883039679	529
-0.124072209023457	0.275554746149036	529
-0.062025538831175	0.427807615217304	276
-0.026247591062462	0.506711737725405	276
-0.052137143397463	0.408681164482814	276
0.0677505204776701	0.552674184549278	558
0.040759354419506	0.667101415871604	59
-0.019450413805121	0.491767764807445	558
0.122983819660705	0.54800410813483	558
0.0881415120421471	0.553834164722119	558
0.023352526866935	0.666306305005984	558
0.075755746601666	0.536192858061698	139
-0.014756037235264	0.418814299318121	139
-0.029544322739431	0.514604539276211	139
0.025723706899957	0.424791787525189	139
-0.00105965025601501	0.293033071523416	139
0.013745289395553	0.421640219309348	139
0.031565551384398	0.534149672042693	139
-0.043037310357933	0.425426338958616	139
0.014399148002317	0.419803234047483	139
-0.03491991964736	0.404801111279732	81
-0.00679104648815199	0.524814726191277	51
0.100958827846643	0.550488798665496	51
0.06774455891732	0.552505397813804	87
0.076087877205238	0.852481903106751	117
0.024313923053078	0.640932382673296	77
0.118816854838249	0.295541229153146	77
0.051423345252569	0.285826253255186	55
0.073678734111005	0.432690182648376	322
0.00122809214265995	0.290117041445158	49
-0.036765724332803	0.167018423711184	49
0.120785950601736	0.299137841386854	70
0.044172143100219	0.621483398481735	70
0.058476876892776	0.290666560825291	344
0.042283943359784	0.534975471183702	226
-0.034393512217501	0.291934938215409	226
0.029108802233937	0.409522993847266	226
-0.00557382653225602	0.277354682307086	226
-0.002573387419328	0.292688647312342	13
-0.044659740996032	0.284540179534652	468
0.043147062881032	0.28081237265328	276
0.116744929467645	0.188741793507657	276
0.103942191909694	0.41986892850585	276
0.0227230966833401	0.514577928382283	558
-0.107637419667045	0.410234186170222	558
-0.011860643696396	0.424371586153374	558
0.012074363501144	0.651970216578026	558
0.06882069588288	0.644332148312031	558
-0.030499662141006	0.398490501974794	139
0.0711268366564149	0.433092692775722	139
-0.036404679099769	0.297103323646125	139
-0.101758799232668	0.302063893175718	139
0.015496921106654	0.41997957398765	81
-0.100584293605392	0.404383412086412	51
-0.009109588504569	0.418298971346894	51
-0.034857885125288	0.400516045587419	87
0.0582429406610619	0.528846429434981	87
-0.109970493401358	0.999239589386743	117
-0.067522816035869	1.06731268202	117
-0.082109322883944	0.650425389946705	117
-0.108765716762765	0.503855321962667	14
-0.038045330273929	0.621853398971106	77
-0.021249327255929	0.711077786865995	77
-0.100800613092588	0.303970699720169	77
-0.065110545048239	0.480302380275233	55
0.10617775011002	0.88515619664938	55
-0.069920878346139	0.543650695813316	55
-0.033432025892266	0.174191346332386	322
0.124214008916153	0.206232457822621	49
-0.06602654846634	0.29813562563181	41
0.00886386040724296	0.426062814284204	70
0.020498559677799	0.425173018104959	226
-0.035124149128918	0.492600928171438	226
0.074928953464167	0.5467418839685	226
0.069676183087181	0.540310457598054	226
0.103811558972832	0.646839106776109	226
-0.123075596254438	0.155909238850789	226
-0.121703694457951	0.153402494024623	226
0.111966591824081	0.415262985879948	226
0.123276751534072	0.299808404948194	226
-0.071560606126915	0.495591855641096	13
-0.112952867128783	0.308428284281758	226
0.042571230630541	0.421023974479318	468
-0.035098331674015	0.172681502759963	276
-0.039145087233473	0.167586294800877	276
-0.002691296831762	0.281478060483796	276
-0.078183431994628	0.522174774229828	558
0.121551287724068	0.859570289039333	558
-0.090521391098984	0.537030499601129	558
-0.025942579625932	0.50879737010361	558
-0.027627450374747	0.411090970027301	558
0.103876544311688	0.621564943156431	558
-0.015863551989465	0.523587584453671	139
0.123276751534072	0.299808404948194	139
0.061414651591853	0.52865539333728	139
-0.019767206795489	0.568530394780722	883
-0.050875913054619	0.417701836974435	51
0.00118327706174004	0.402540254617327	51
-0.119984649775975	0.153305357422704	51
-0.096376724409134	1.25839797631593	117
-0.013319979583758	1.42604849886458	117
-0.106946497692179	0.973143574825713	117
0.010972328794289	0.40907353502995	117
-0.108369823137263	0.464130516223837	14
0.070372576164542	0.710051447952623	77
0.0874298439851	0.618845835643359	77
0.0292644646679699	0.60738482347105	77
-0.039059188666403	0.167843938439159	461
0.00628280739842202	0.407025027337076	41
0.124214008916153	0.206232457822621	443
-0.108468580915163	0.311187477621123	70
-0.114088093915889	0.311813505624841	70
0.123398441582367	0.735231694008492	70
0.097955714991449	0.767161250686052	226
-0.116361282930557	0.155562675795945	226
-0.025858922795994	0.158031827271573	226
0.04844005940889	0.278789683317974	226
0.124214008916153	0.206232457822621	13
-0.099636835647639	0.300147189743974	276
0.063094351213729	0.279232053832131	276
0.124214008916153	0.206232457822621	276
-0.038036464163298	0.171991450715647	79
-0.116003105602591	0.446906683668967	558
0.037214474561284	0.73501749445513	558
0.046513194290024	0.685200979233519	558
-0.012247234913854	0.408395271926772	558
0.040730840424683	0.424434961928448	139
0.0504558585923151	0.549685848875237	139
0.122055310155024	0.300691344772246	139
0.076872145718895	0.631362022753717	139
0.035726857316829	0.412568061320355	883
0.124555066495811	0.29954513242504	51
-0.086349058081895	1.22189664372153	117
-0.053582123335323	0.672917103277951	117
-0.011956728598146	0.271432446188381	14
-0.073121124630543	0.57811772481992	14
0.019375430901549	0.604106898369249	14
-0.100054776397863	0.465848303632927	77
-0.080170808072377	0.426159419809924	77
-0.077258262837621	0.405018560274445	77
0.056070522553144	0.629913944885519	77
-0.081641950847735	0.41647082923975	923
0.116515215859864	0.973272093331571	55
0.027702626862237	0.403408732362876	49
0.116702117701433	0.548723856396013	41
-0.003140383620093	0.284265392532068	70
0.055672516181362	0.514606633230935	226
-0.10991502734711	0.497380806230014	226
0.027043314042192	0.538516055187641	226
-0.0382294499015	0.298105676758091	226
-0.121684263163148	0.157995342139036	226
-0.119984649775975	0.153305357422704	226
0.0534090280618	0.293188798766209	226
-0.038549990255361	0.427241701061792	226
-0.032868208908604	0.170805479480064	276
0.124340245880256	0.195846510231883	276
0.119713851501106	0.199126209354249	32
-0.082725054248322	0.303765573288752	529
-0.084804845160473	0.572854954228669	558
-0.076557870922637	0.527991981031267	558
-0.017462576480661	0.672175053900807	558
-0.09015952873804	0.466385684529156	558
-0.082309166381216	0.481409857220171	558
-0.00913303295953299	0.430075311106504	558
-0.049705171077439	0.418527402463875	558
-0.03764314516949	0.559598386660315	558
-0.085573519547538	0.41206973929245	139
-0.040153727111663	0.164240216099442	485
0.103291482961488	0.650691207973916	139
-0.00335724961738398	0.524246865858452	139
0.039292365779128	0.278101790944287	51
0.01095027552989	0.414105294416441	51
0.080898577301887	0.535467595556853	812
-0.122549433248094	0.299914808587931	87
0.00608706521722902	2.1487612240571	117
0.044782498985119	0.432456365049478	14
0.000694360933804039	0.629048385684851	14
-0.041334400193692	0.769695668783984	77
-0.059736655875773	0.414967852379559	77
0.117686345264328	0.292214007231907	461
0.117542214563695	0.294022384445441	49
-0.121684263163148	0.157995342139036	49
0.053032378864395	0.609241630486315	49
0.075507553971308	0.684194230772767	226
-0.08444343329493	0.29613051362994	226
-0.121938366872206	0.156892679811585	226
0.044767120688501	0.622826459254738	226
0.111673166358232	0.428918843090766	13
0.124214008916153	0.206232457822621	13
0.122964300445271	0.200951799928207	13
0.118470563051444	0.194253316345752	276
-0.122549433248094	0.299914808587931	529
-0.101094787810379	0.298126549150992	276
-0.030137839507817	0.627217407313055	558
0.062673455290443	0.598016015391714	558
0.095718178544691	0.828986771603573	558
-0.06114687153337	0.416451528952763	139
-0.036930131428388	0.172876337095916	139
-0.076686745518771	0.401957828111151	139
0.03581698382321	0.605165383195983	139
0.041622604772436	0.527986126823779	139
0.00734915764740796	0.423521923093506	139
-0.066434616517316	0.292116949033346	139
-0.097906151661998	0.378381900658461	139
0.00223221318181999	0.518094106669161	883
0.039070446282726	0.531463238630452	883
-0.088169304548262	0.414440055989037	883
0.0819660113992971	0.641558175531148	883
-0.052894391642203	0.281687071093824	812
-0.105479494797169	0.301491121390495	51
-0.068787673226952	0.47020703691418	87
-0.034525541314756	0.480805388935228	87
-0.050868027132092	0.409021328279191	51
-0.042026535294929	0.167618117264498	51
-0.088159317991111	1.96335143487925	117
-0.069775812242225	1.74184265526052	117
-0.110840581514384	0.614005531880824	14
0.018103231924108	0.589947693822268	77
-0.075160879178484	0.405188284504477	55
0.121880499213975	0.570117479208251	55
0.055452654537641	0.547275362486363	41
-0.011530273803289	0.422378566914583	70
0.080110258878087	0.729144055832418	70
-0.101746036438643	0.441948095220021	70
-0.095916341403712	0.29923197804289	226
-0.056706049167601	0.423398519980469	226
-0.083090289166913	0.399579230898353	13
0.120832361232636	0.642746797966867	276
-0.095818222420038	0.41196841054155	529
-0.08127529599853	0.418342760927353	558
-0.013419746453074	0.517065756268306	558
-0.003048396150862	0.422063179882209	558
0.058242178051377	0.51852524516487	558
0.028004567433454	0.531157807077689	558
-0.046410172318997	0.402162284015125	558
-0.071645707412988	0.278754556563152	139
0.030626821291514	0.527977345660694	139
-0.017828467711477	0.405397680464162	139
0.021966891833704	0.518052402763283	139
-0.091799178222728	0.418394066606311	139
-0.053978070058847	0.393555531416964	139
0.111829918646003	0.648673750609731	883
-0.119732413834622	0.409202235472562	812
-0.024530096985565	0.424646517134532	87
-0.055146045945182	0.499400632083704	51
0.023685326951698	0.524347882907065	2248
-0.034576612855228	0.75752195975207	77
-0.10698950143989	0.408784323464755	77
0.028890905109148	0.674934975731051	77
0.0780377796830351	0.639740887704418	77
0.113799847126053	0.42621114783116	77
-0.117343895598167	0.305484601638504	55
-0.09910200228919	0.516293896858402	55
-0.124113966196487	0.294179099028554	55
-0.062975367604456	0.416999053502507	70
0.00695114618732495	0.292288307415712	70
-0.111788917799482	0.459141086046885	70
-0.072288848232998	0.279237933468236	226
0.052244771562845	0.420644101038919	226
0.00248070555824198	0.290275654813841	226
-0.088851458836238	0.29141943305948	226
0.038296267566498	0.433467707308289	226
-0.085171209760819	0.415294281737925	13
0.00150513374197803	0.294085578657271	276
0.012313554422144	0.413569166615252	98
-0.113445538935377	0.299034024640464	558
0.06458805880323	0.537820127674895	558
0.037506087040411	0.409699003529895	558
-0.117461342739247	0.296831644738671	558
0.0612098057410621	0.408443833119888	558
-0.085865072216833	0.304316946305161	558
0.112955132252113	0.43966422718141	558
-0.112525930641092	0.306766246944851	558
-0.036213147429356	0.298919662794129	139
-0.095235563504875	0.299840058127029	139
-0.042376131096031	0.417909493638214	139
0.045578696259824	0.286545141472743	139
0.000215181055708946	0.262350907183817	139
0.022066549517703	0.417683247581623	139
-0.05894197768526	0.296221192655347	139
-0.02715431408093	0.415622940985467	139
-0.070462737382881	0.286821863726006	139
-0.04290706544084	0.403900113661088	139
-0.047674827584294	0.425331418403198	51
0.000100347253971012	0.494340671285328	51
-0.045507169212941	0.282903989876874	883
-0.106936221721789	0.298425044062628	883
0.0919476840930909	0.541392221936484	883
0.039032327487881	0.531238050062679	883
-0.026418202079159	0.507210124359644	51
-0.021428352453513	0.504283944928099	51
-0.036989386486281	0.297353071283701	2248
0.063300728953802	0.411751281926565	51
-0.120765152876142	0.439979821145179	77
-0.00273273121300899	0.639264717879251	77
-0.059682112417966	0.470959525120443	77
0.034036511869183	0.423702488810082	55
-0.093752946513727	0.471230885354805	55
0.122142447057631	0.298846379400737	49
-0.00435795178943899	0.281784641884283	49
-0.06021635626156	0.42538951067557	70
0.112016276960949	0.723225170473639	70
-0.07528639057237	0.413829516110904	70
0.023610194358192	0.628784494117522	31
0.124708443011138	0.555376065895623	31
-0.038212420029282	0.478913295906517	226
-0.087274271157233	0.291615833725586	226
-0.100492210701672	0.293439903463739	226
0.007016033006218	0.42074113517361	226
-0.014041533357498	0.417144412581424	226
-0.016663755422521	0.518960034410988	226
-0.106371332789598	0.39895578160225	13
-0.040358800921977	0.165458043284872	276
0.124214008916153	0.206232457822621	276
0.0440849948422169	0.287005216812903	529
0.011204958181247	0.648268059846231	98
0.108169559069573	0.528034797028729	558
0.024369705621013	0.368704994075921	558
0.065441737526717	0.5503606372311	558
0.00489373075756305	0.407427660422656	558
0.072410035674939	0.417794836523344	558
0.068890768514733	0.428416252794271	558
-0.035164658607345	0.299287240872406	558
-0.069738591209134	0.293948591789875	558
0.0843077646847	0.417884888955456	558
-0.123194311723596	0.291923326664005	139
-0.06172782800589	0.402467554824781	139
-0.02573190270037	0.519031128116141	139
-0.092980134569883	0.289738996644205	139
-0.064229349206565	0.410156577107434	139
0.072512105598131	0.539902558813968	51
0.038932455686619	0.620853923900605	883
-0.100800613092588	0.303970699720169	883
-0.044303870047841	0.405845825183539	883
0.0643541814952781	0.60301685726518	812
0.012575637580036	0.532208825411077	812
-0.070530978529479	0.420164902227354	51
0.00493262610632395	0.290579388612639	2248
0.082041667307537	0.425815183516153	2248
0.018326136043407	0.713272497779451	14
0.021179773063574	1.00742149709431	77
0.047709577720585	0.881326964010776	77
0.096763424776355	0.922917639476544	77
0.00713881415832596	0.645428345867924	77
-0.082819975015768	0.516556252994791	461
0.013702777250194	0.635918036891164	77
-0.060454248704105	0.376609834865172	77
0.008566453526476	0.426259317834684	77
0.033236165652749	0.68007926866375	55
-0.122453913335729	0.310502525620662	55
0.047934366586696	0.289887776227564	55
-0.033432025892266	0.174191346332386	55
-0.038036464163298	0.171991450715647	49
0.050201243922896	0.295961740279646	49
-0.017231046780374	0.417680400599829	49
-0.025988516842116	0.42758523902981	70
0.105184210164244	0.422821859847967	226
-0.068630513639715	0.280645009462176	226
-0.034237846047975	0.404385231144847	226
-0.111397820041092	0.287978076647755	13
0.119713851501106	0.199126209354249	276
-0.00178399354916298	0.284129172807576	276
-0.038036464163298	0.171991450715647	276
0.122142447057631	0.298846379400737	276
-0.123881385837328	0.15238732523622	276
-0.028684513281344	0.420340113727623	558
-0.090373085804695	0.298254535889233	558
0.0886112238318481	0.55423373060584	558
0.063283955434329	0.543882012763986	558
0.101659951164752	0.657872306109435	558
0.110936731107283	0.419760354468386	558
-0.00841771558110099	0.2744099411465	558
-0.00577547477481599	0.420930941835438	558
0.034770760075018	0.422838012374438	558
-0.080152496335943	0.295604453666233	139
0.050201243922896	0.295961740279646	139
-0.096380428258863	0.283158856707528	139
-0.091247548635315	0.295557305229631	139
-0.117999968938423	0.30480168137796	139
0.048897402126596	0.544708253477041	139
-0.119176342498063	0.159173674782741	51
0.114151516423899	0.435904738344132	883
-0.00680219916990899	0.409209915184656	883
-0.113451060755328	0.297905036479312	51
-0.040588730088091	0.425532212915251	51
-0.042306838011302	0.409255832484829	51
-0.104809681548305	0.301849775515775	51
-0.051069058750752	0.400467330809771	51
0.00914579108092195	0.290226842937471	51
0.012504193059617	0.89606223142987	14
0.093983985964715	0.829521733297664	77
0.037087988241075	0.415030151079832	55
0.072417825490825	0.42857662855355	55
0.081702924456458	0.623720776247962	55
-0.030365558635588	0.292317209634406	49
0.033840357598721	0.408803699105028	70
0.123090771423139	0.568349933402185	70
-0.010837878305157	0.407991942120717	226
0.041281244587336	0.425223265777103	2113
0.0705509232217461	0.556629868549236	226
0.054441344689804	0.537654606756881	276
0.00401083485033005	0.278130926987617	276
0.062116762523321	0.632151769466015	98
0.038936554544419	0.424408730597791	558
-0.003140383620093	0.284265392532068	558
-0.090775251793086	0.290612975277279	558
-0.097238810649038	0.291790224670727	558
-0.095400149359711	0.287727549549469	558
0.03975590461571	0.427601304267445	558
0.070745985057795	0.424202749107216	558
-0.08785102061757	0.301646595518235	139
0.119516285271966	0.290829048702316	139
-0.049440447444211	0.265776950179835	139
-0.00650643905214698	0.427773441042965	139
-0.107279115499896	0.299372922065127	139
0.045284615369542	0.628910776313327	139
0.070467459478238	0.534433776440151	51
0.031032846434314	0.602293293626388	812
0.037123358073599	0.422465743032568	51
-0.11078083815987	0.285903165735441	51
-0.087337286438032	0.273442683839792	51
0.00978849164248796	1.19895861583233	14
0.00345864884690095	0.726525869796413	77
0.107258805337935	0.862986167157586	77
-0.049049250722281	0.49199429457291	77
-0.07087608057213	0.526833951440585	55
-0.101895972241142	0.452441194353273	55
0.090312689070585	0.548799361712646	55
-0.07480551556395	0.488451902234241	55
-0.061370746903105	0.286111661268849	49
-0.031597402418471	0.42124673140117	70
-0.01733124561758	0.520731353184085	70
0.047664113945125	0.291773372429919	70
-0.100339929229388	0.404318989515063	226
-0.04435329409749	0.49189181464736	226
-0.028848592506684	0.292304315790504	2113
0.124108393817335	0.300273357864464	2113
-0.020783369321216	0.488877449560315	226
-0.09750413134137	0.416006642924077	226
-0.038241747781154	0.430951559923304	226
-0.121398645367021	0.291702315184196	226
-0.00759635346100102	0.277156284012699	226
-0.047693486220892	0.431745288763648	222
0.057248620688513	0.52230402039024	222
0.067027784092069	0.542705700643316	276
-0.00531102936162198	0.281344721634824	1015
0.05370050013845	0.610179827558478	98
0.011303424761089	0.427941525249279	98
-0.040723459300082	0.170099779410914	558
-0.11553288034238	0.146789301174414	558
0.122404875111649	0.199001544034778	558
-0.042558385852201	0.287527081270355	558
-0.043121393112504	0.168759010980697	558
-0.120557192965985	0.159006819090808	1116
-0.120557192965985	0.159006819090808	139
0.042450047669492	0.437632262781979	139
-0.120075413037698	0.303147639294372	139
0.027773459150656	0.537603987003774	139
0.037027457622015	0.604190481188329	139
0.095187844686048	0.545756020479787	139
0.12191577670558	0.301862011357239	139
0.110309527925596	0.426028851992227	139
0.064311683207007	0.402927710367106	883
-0.040358800921977	0.165458043284872	883
-0.042558385852201	0.287527081270355	883
-0.08515961586767	0.415196103150847	51
0.094824467759247	0.736818814814879	51
-0.063389349546428	0.428421333769658	51
0.00358322881116402	0.410742530649998	51
-0.084219744787852	0.414159294061316	77
-0.065441071355726	0.424024735185068	77
-0.061990822945407	0.513390307092	77
0.099283194332297	0.837429949584884	461
0.00436427109619597	0.755002356425475	55
-0.088030900381659	0.556562595973427	55
0.041905934332123	0.515736108815222	55
0.115744132602076	0.517268032189574	55
-0.118053473987344	0.158440404544565	55
-0.111726971149656	0.290419823300698	55
0.124226730729631	0.917461674379197	55
-0.03912194450121	0.544925647747136	49
-0.069131921180529	0.410803743590486	49
-0.121519957937241	0.40498145225356	49
-0.067760017285931	0.4153284048964	49
0.068238179632424	0.550913361752965	70
-0.020126130374058	0.523340067707152	70
-0.072011859751751	0.414690309433237	70
-0.084176716849894	0.419969231003861	70
-0.090359079435548	0.418852402381972	70
-0.000637427427086001	0.283518289753201	2113
-0.071314194210706	0.278557744520496	2113
-0.000837309143854992	0.283072189161891	2113
-0.105955107694075	0.455722116731508	226
0.015440021778272	0.537531121113573	226
-0.075116224597056	0.410359573484479	226
0.0416963130469969	0.517536946616645	226
0.037928823111213	0.620496543839523	226
-0.085530756676197	0.408937937447086	226
0.095679726080709	0.644197428911279	222
-0.00679961717383698	0.285307802232951	222
0.072676332948371	0.417698777845818	222
-0.111669375545822	0.37278257927514	276
0.124016760620407	0.555010695371225	276
0.059746657186417	0.532448108272744	1015
-0.012055598151615	0.588454981061543	558
-0.044393572729617	0.156565905704876	558
0.035089885341423	0.255532248118482	558
-0.040358800921977	0.165458043284872	558
-0.043121393112504	0.168759010980697	1116
-0.062350825018583	0.537549039004008	139
0.103349183446941	0.721773827283945	139
-0.076280316670376	0.602171187580807	51
0.116419795295568	0.434660090803903	51
0.016063215498187	0.421117029676974	51
0.003423825651237	0.289648069057852	51
-0.079214072869944	0.298650072375288	51
-0.04023107476742	0.498468119667001	51
-0.103670860900807	0.456138532150256	51
-0.00385757547180399	0.966759555631623	77
0.068768550283285	0.410970802004977	55
-0.106608685837174	0.293717562626899	55
-0.069126689902225	0.483768589469225	55
0.00593370168089702	0.524687626899767	55
-0.023301599797628	0.517187613318453	55
0.0478502522220911	0.290794872296727	49
0.0425082929331601	0.269288212640307	70
0.0478502522220911	0.290794872296727	70
0.121282456265337	0.198645955133022	70
-0.022518213217318	0.417968100096214	70
-0.029515684127556	0.511775256101522	70
0.038592217318585	0.736268272438821	226
0.042375835968022	0.428627756525986	226
-0.030674954953512	0.496655262459678	226
-0.124577075465363	0.286829944011922	2113
0.028291459270581	0.542481718304973	226
-0.052287100738633	0.397153709169985	226
-0.118919146602222	0.155044448829606	222
-0.00351610597211699	0.294732712752393	222
-0.077289469845609	0.41369812878526	98
0.067175634756661	0.521150445705848	558
-0.097703500257428	0.302325227880231	558
0.0192537356007511	0.50748514350524	558
-0.100204717358343	0.307572633011224	558
0.042710433762931	0.427631776643988	558
0.110643506837879	0.42684616648992	558
0.109435281184819	0.438456965463525	558
0.045257421531805	0.608548987310024	139
0.117542214563695	0.294022384445441	139
0.043386133605653	0.613989423933971	139
0.065377360263843	0.545562686169405	139
0.078844041587961	0.435052083319526	139
0.010709487460024	0.400612790994106	139
0.00971965456364898	0.402924533500117	51
-0.025478892216649	0.511225431789952	51
-0.123935404045736	0.31806794752419	51
-0.085969028504573	0.296510950630687	51
-0.061215868341313	0.463344262723362	51
-0.00888071655220102	0.42228663061004	506
0.124340245880256	0.195846510231883	51
0.04671383291068	0.288061043605768	55
0.078961661913469	0.76877822767559	75
-0.095564919059299	0.30113126363092	41
0.100931443399321	0.653807644689229	70
0.118768330972824	0.557590096371144	226
-0.096433590780613	0.411654173149638	226
-0.00826326742164202	0.419136698877652	226
-0.037016595986858	0.417356462760511	2113
-0.067644920962159	0.414535336829352	2113
-0.043121393112504	0.168759010980697	31
0.118343611809626	0.415820715249847	31
0.0549972427409841	0.293014016712296	226
0.069146746716967	0.411145169599749	222
-0.039332688275495	0.511200025031142	98
0.085785035005815	0.545970121528279	558
0.076018413754236	0.536182041945884	558
-0.065556310957139	0.418455767292077	558
0.034099070489409	0.507136435359068	558
-0.123737293020164	0.304561357572408	558
-0.107427254983993	0.305778135411969	558
0.065838826745574	0.409060269437816	558
-0.025284493167113	0.425018064822092	558
-0.088107323638143	0.291426528469444	139
-0.033432025892266	0.174191346332386	139
-0.037967020081279	0.167801448279283	139
-0.003973006310587	0.641690406472203	139
0.086010064940786	0.546969554847977	139
-0.06544172776469	0.399004422884522	139
0.0537698534739231	0.294632895769422	51
-0.049784104958583	0.409000813588147	51
-0.123410449737114	0.298390642043806	51
0.00697818866274502	0.531232178220157	51
-0.119212913551039	0.303937984892186	51
0.078430038805399	0.433285094571785	51
-0.032552977068336	0.495775536441619	506
0.063283955434329	0.543882012763986	51
0.100958827846643	0.550488798665496	51
-0.05804472931211	0.930188247380323	117
-0.112855487219222	0.470848455109208	77
-0.027706716918851	0.600325829125676	77
-0.123835936896751	0.489693212331443	77
-0.10049834948114	0.455174710681686	77
0.124310399004356	0.303370466158071	55
0.045420104826192	0.280985538518635	55
0.0490643868790091	0.286762351433191	55
-0.083324394839257	0.558045323314739	75
-0.116432936156205	0.301956999141245	70
0.069596654312217	0.408674750755609	70
0.024318512180647	0.419964582897898	70
0.116267256417787	0.285994400379842	41
0.007593319134369	0.533912199328629	70
0.112889662058403	0.548765522849775	70
-0.000512677963906028	0.408288241863939	70
-0.091458758421458	0.291881962945274	226
0.11324503363808	0.665550162827124	222
-0.030861491823731	0.29747717126704	222
-0.031027002951988	0.169220794241098	151
0.0467963697414731	0.286624627317254	276
0.122404875111649	0.199001544034778	358
-0.063500722050671	0.302222693860932	98
-0.002868450604466	0.28162132572952	98
0.113586562793095	0.616342786273957	558
0.0506379927342751	0.533016820540258	558
0.077449319095623	0.633871867573029	558
0.040369132572589	0.426422195962724	558
-0.024908995703234	0.42995835089597	558
-0.07855856757733	0.288086523600758	558
0.0801108689298971	0.421941399107652	558
-0.051868162042865	0.410392401724029	139
-0.114107297907925	0.457190384957591	139
-0.037497036647594	0.170193407126297	139
0.118728634441224	0.442824977224989	51
0.094084282138986	0.563109040496071	51
0.026478627004588	0.526271982611752	51
-0.00962480063948201	0.426981838284194	51
0.017773898151446	0.590187661304118	506
-0.072318683993041	0.419282326162947	51
0.041495370000127	1.01775225038279	117
-0.11059992343268	0.44119735663173	117
0.00860555891551096	0.928246529605736	117
-0.079194563662214	0.826021165500469	117
-0.090762325372841	0.521775967299173	77
0.000437971192838949	0.646181779724952	77
-0.11646954651769	0.545493153105948	77
-0.090146123508767	0.528124633822295	75
-0.028472744192801	0.623040340310959	75
0.030798242003128	0.720558774635895	75
-0.111855404534569	0.507629235301632	75
0.109784042284986	0.428356163352302	70
0.049148740979258	0.286474310977976	70
-0.069199701348776	0.285040948409149	70
-0.113600413786213	0.413703801610319	41
-0.034534618313873	0.174260018652835	41
0.114897830977549	0.729330526016255	70
-0.105186105269488	0.412582122626551	226
-0.049782043109676	0.501951188689433	226
-0.041756944528972	0.293884596287239	226
-0.10504672910807	0.286157674934548	31
0.063523507175246	0.6141870124784	226
-0.077477304688588	0.393189895594543	226
0.00907222695057597	0.534889955875135	226
-0.00409059076304902	0.282219780564294	226
-0.062637230250083	0.484763938494151	226
0.060408133656826	0.631373964518021	222
0.041143968099698	0.529259029829362	222
0.047570119987141	0.279078200114767	222
0.117900015159401	0.198196728181155	276
0.124214008916153	0.206232457822621	358
0.060025365593375	0.628524139457429	98
0.0843502315750559	0.648788256453424	558
0.109784042284986	0.428356163352302	558
0.067924445407485	0.428244973260732	558
-0.039185341172574	0.417582932124887	558
0.012137982902511	0.411841302137423	558
0.073236812433332	0.429397520410596	558
0.0717197632761461	0.421918909133372	558
0.11861602704258	0.435100347194201	558
-0.093295296048577	0.288907588983793	558
-0.101430989631918	0.306618119577859	558
-0.065218337370409	0.29792769139046	558
0.00356368514031802	0.292913821702789	558
-0.032868208908604	0.170805479480064	2114
-0.124620604229199	0.394400099237453	139
-0.03635456414979	0.402412045976948	139
0.050500838722177	0.596297623834623	139
-0.088637341378031	0.4108547372543	139
0.116387499589872	0.267553368369748	51
0.029449660751931	0.407817518525037	51
0.060912548443024	0.539767863895552	1601
-0.116952362929271	0.40638162642094	1601
0.106369243042432	0.719394568111256	506
-0.079612498964033	0.421550131161675	506
0.083038988503272	0.539024844374262	506
0.122578305700471	0.5709346420847	51
0.00806504359743099	0.289843113841656	94
-0.069641045833139	1.17573931340759	117
-0.063614863857985	1.02429644360436	117
-0.037798145954913	0.658933597583948	77
-0.051013783580273	0.557445925559861	77
0.108648979600817	1.00901427063879	77
0.01800598762265	0.837241947507591	77
-0.036018828201849	0.296287645195761	55
0.047930667183356	0.288135495770916	55
-0.123320251600439	0.144376611971265	55
0.119946110419846	0.296494470925561	55
-0.070153864667192	0.277823998287283	70
0.024281590157989	0.526294160583823	226
-0.069393760227989	0.283099212849654	226
0.075929509708236	0.637317591074863	226
-0.017502715278244	0.510280852445165	226
-0.045889823782064	0.163746990319039	31
-0.066434616517316	0.292116949033346	31
0.121777959435079	0.293359438785955	31
-0.094093493399807	0.287679730173194	31
-0.105709048294494	0.29864234006255	226
0.0751808297350251	0.421596624393399	226
-0.11742413094727	0.397776661705879	226
0.104587623316021	0.726220449663633	226
-0.087450081911248	0.299360147949754	226
-0.122329440043477	0.291251294594123	226
0.0978248701133399	0.624347262803883	226
-0.033638013088216	0.483334838512185	358
-0.01678644631799	0.523947469810212	98
-0.066440968683284	0.415963262379849	558
-0.048462101873339	0.411088396730647	558
-0.011012667435877	0.42293194258815	558
-0.021653494691574	0.394741377015198	558
0.01581240299014	0.415335701550593	558
-0.034111828304922	0.413352174622045	558
0.072672845598903	0.441867779635228	558
0.115211235832504	0.432753658610796	558
-0.094505555515641	0.27122145708276	558
-0.037826264472682	0.4231876049055	139
0.121852570339308	0.195889917983624	2114
-0.01084670247935	0.580612423385035	139
-0.013389296621785	0.408516615666528	139
-0.119984649775975	0.153305357422704	139
-0.016681928555752	0.411514576663271	139
0.100864362189839	0.646861115841752	1079
0.099542251845121	0.722857746531004	1601
-0.102274942037776	0.455619714021021	506
-0.120014852255525	0.269979847244089	51
0.020591710098209	1.38638571232242	117
-0.090763305616013	0.599836578918735	77
-0.04837511434098	0.755862851645648	77
-0.088072540166298	0.520452295616249	75
-0.036171548311024	0.280611725688833	70
0.084021318510122	0.512977602460859	41
-0.08380200670855	0.412375297920328	226
0.102473138099618	0.717764952807059	226
0.059708719767513	0.285653332151198	226
-0.098522149752991	0.420512335875592	1128
0.0128915297421029	0.579382091411318	226
-0.00070015366248799	0.284524758365186	226
-0.00828693775644901	0.428580555293945	222
0.124544532866297	0.19581541349256	151
-0.033432025892266	0.174191346332386	276
-0.038036464163298	0.171991450715647	276
-0.011256679999191	0.522998659380836	358
-0.034504554330901	0.290093443401769	98
-0.01270885214482	0.423513621525545	558
-0.067477879075865	0.297791572367391	558
0.076155640260097	0.547675049478034	139
0.104664755839678	0.853410190400252	139
-0.093808139869002	0.477314392198862	139
0.012393148320286	0.526972088593017	139
-0.081522218428727	0.299308150132506	139
0.012798717560895	0.495178671799448	1079
-0.110130689103315	0.287025721565248	1079
-0.022905976963772	0.50823468970622	1601
-0.00596572203578299	0.288302758945459	94
-0.046544581625813	1.76328811331045	117
0.048203836760257	1.66374692898262	117
0.052864782540464	1.21871508963496	117
-0.044002685139439	0.911339325501717	117
-0.063218725353985	1.13937019179591	117
-0.108821733441565	0.530073904334655	77
-0.109122352865317	0.454309345649439	55
-0.066747004864236	0.298670036963559	55
-0.10327898433167	0.301842749181743	55
-0.115581176822772	0.306844329427075	41
-0.039322150905932	0.427872290719103	226
0.00131098225411397	0.529741066640445	31
0.093160742586384	0.550262883632457	226
-0.116216445004524	0.295284426716189	226
-0.109406150360131	0.399853218996358	222
-0.00990731826730401	0.269224303497914	222
-0.00543051155282198	0.278426310792328	222
0.123276751534072	0.299808404948194	151
0.050287171645517	0.295536108625749	276
-0.117232846258792	0.152370130318612	358
0.0369421469222579	0.429046156959112	558
-0.032657876221573	0.293107286808737	558
0.069733796076073	0.437990961256578	558
-0.000485219583401975	0.283010377588075	558
0.117542214563695	0.294022384445441	139
-0.045974323614834	0.415486242488926	139
-0.106887343481043	0.410315724064255	139
-0.053474091293611	0.423783308252769	51
0.032611681019081	0.511634614141722	865
-0.108258572512471	0.303662914160754	865
-0.047667832998029	0.158724477540728	94
0.046350697069353	0.294881252751306	94
0.118355971664281	1.08192630688171	77
-0.095511372506316	0.538691195626947	77
-0.087883233761441	0.654347185467184	77
-0.044120181626181	0.565634669913834	75
-0.108404885590087	0.303743638221979	70
0.0686336330203931	0.541601894568056	70
0.0497686868346911	0.426221973108504	70
-0.009037626614258	0.498269568238709	70
0.00977290849436896	0.575818444028921	70
0.069871376484144	0.424570226322428	226
0.015719323067665	0.416900365909145	31
0.022606571590907	0.519921015154287	31
-0.06116469104168	0.412123403715506	31
0.109613420874712	0.421788972814484	226
-0.00877887773542202	0.430087461259777	226
0.06107931833706	0.632302106253935	226
-0.077555772076399	0.394223497699034	226
0.072278958355816	0.551979381423616	222
-0.072735142282853	0.415688105737021	222
-0.117701499883627	0.305077823678969	222
0.065241070214799	0.408385815582814	222
0.048984243668976	0.292344867987126	558
0.111355864158293	0.418520195856448	558
0.042780837787786	0.284744936845755	558
0.069185359328063	0.430566156256591	139
-0.037613506648779	0.284088680944501	139
-0.021683084605757	0.500824782688219	139
-0.042400965207019	0.429413264540302	139
0.098693608472417	0.705500262636459	139
0.025876576120742	0.527334383687466	139
0.122865790497292	0.635055477521158	139
0.04628825218407	0.63256325946507	2330
-0.097718645156373	0.4108472406482	1079
0.038631618053693	0.523833685393967	1079
0.022388559365799	0.527033868957568	865
0.071008348071166	0.549795777700975	94
-0.089815476480465	0.277115120158319	94
-0.063928993917446	1.75407978345024	117
0.113152718488635	1.01231463313478	77
-0.048876324653487	0.409410603630731	55
0.084113986667073	0.523486596207243	55
0.038199159877463	0.42786885702584	75
-0.039297964898388	0.60601460341307	75
-0.113490757096937	0.407061937669162	75
-0.099660391208717	0.4059739644759	75
0.074753062597716	0.402420387526195	70
-0.103838525497475	0.293136280003387	70
-0.013175572099089	0.517400508859448	41
-0.123362269041447	0.155728468588177	70
-0.041492551758954	0.412402273719623	31
0.113644198393144	0.424123700766967	226
-0.063192215097582	0.293289222259898	31
0.057266233896586	0.516465325678957	1128
0.00150513374197803	0.294085578657271	222
-0.00243220263210597	0.296265481080456	222
-0.12419177462442	0.156618549124342	151
0.049927197089177	0.290204783160795	151
0.073520566805697	0.427528717054829	886
0.038591014578424	0.427173407987101	886
0.050339521385288	0.426491283368453	709
-0.061383920016914	0.278870513515984	558
0.054816829911984	0.290219200801873	558
0.00832295348960099	0.290286962061599	558
-0.098081963836666	0.304954395882145	139
-0.028809444097158	0.424034342860773	139
0.044781883620465	0.58245322692706	139
-0.00490752450098803	0.410764223332895	139
0.040537497774654	0.422299392894181	139
-0.121335270608512	0.300782352868862	139
0.088452957229324	0.42127234877978	2330
-0.043488840346315	0.423882594592527	2330
0.104806697847803	0.414453893788372	51
0.032781057165973	0.423762387149977	865
-0.040090251789459	0.382903003865335	865
0.06927202018922	0.528422593688223	94
0.024559573816452	0.853808841840867	117
-0.084762372427499	0.618333559683308	77
-0.055010023550818	0.637649589584362	77
-0.034137562060825	0.645030433251471	77
-0.016267569050411	0.63858343349392	55
0.00580386042520198	0.605752136790298	75
0.075437224840385	0.838049067071813	75
-0.012209527213846	0.421280080987468	75
0.060280099286105	0.703282305598369	75
0.100915169452583	0.797897539543143	70
0.00770776373027604	0.521451019051616	70
0.0399275975189211	0.533926041229868	344
-0.123362269041447	0.155728468588177	226
0.116206317912245	0.429901015753538	226
-0.05979226791432	0.412308329150763	31
0.065869663638912	0.547728519876473	226
0.095887778183108	0.552255978069792	226
-0.124425793507116	0.414186430381028	226
-0.072294427217857	0.288254607083546	226
-0.005714667646605	0.286761851796316	886
-0.041452459608294	0.166540477166596	98
0.116206317912245	0.429901015753538	558
-0.039709773909628	0.170493638317434	558
0.00695114618732495	0.292288307415712	139
-0.123934631489088	0.153105344726263	139
-0.115562799519383	0.298023458715447	139
0.081332461970928	0.430542852681676	139
0.116938377706627	0.432492797351602	139
-0.101094787810379	0.298126549150992	139
-0.074503311308766	0.281957782437528	2330
-0.039267503755639	0.161589453454028	51
0.118100869471351	0.425991999747586	865
-0.111888478559629	0.303667854642828	865
0.044356629278135	0.425771866694745	94
-0.108767799555349	0.400361260907792	94
0.040263830553539	0.608320476503055	77
-0.023300498206515	0.427496309293806	77
-0.03033744705088	0.784056791432818	55
0.035569133919634	0.903822653195077	55
-0.120729907784227	0.292497663321161	75
-0.066289793712463	0.498310333282991	75
-0.092102267730118	0.398695532547649	70
-0.04551702688703	0.691888671849636	70
-0.007041485566468	0.272172869971728	31
-0.033971939855861	0.167115678051664	226
0.067453979613592	0.553226701163863	226
0.03005189680651	0.531510943967683	151
0.056938904601705	0.921285430160045	358
0.121852570339308	0.195889917983624	558
0.122964300445271	0.200951799928207	469
-0.033923072382839	0.299418503931208	139
-0.082868403544775	0.543196704920774	139
0.112942479771691	0.275275718612432	139
-0.057657173212527	0.504727654902981	139
-0.038602253259392	0.171369029815336	2330
0.113462746203412	0.444236102606401	2330
-0.042548465285908	0.165709173447527	865
-0.091931102510992	0.400100280095023	865
-0.036930131428388	0.172876337095916	865
0.043911499676239	0.282880199565337	865
0.099959806617951	1.18419801273419	117
-0.050478866808353	0.661946111327319	77
-0.114294157792241	0.557377109085783	55
-0.052333993245292	0.776139396122919	55
0.122964300445271	0.200951799928207	75
0.121282456265337	0.198645955133022	70
0.041697995395611	0.419041938374877	344
0.042184897114625	0.416671738140833	344
-0.037870708469347	0.167051134176967	226
-0.024831597618117	0.420316562686719	226
0.077257858125609	0.761120043946249	226
0.003423825651237	0.289648069057852	222
0.0475721583500151	0.296057759291339	222
-0.106291127962371	0.284243800510489	211
0.043069781434391	0.654211147726885	358
-0.120557192965985	0.159006819090808	177
0.0225175959924649	0.667937017283614	139
0.06905201209109	0.727735601241941	51
-0.068741072416052	0.297630938000213	51
-0.040723459300082	0.170099779410914	319
-0.095519497123594	0.41014198745217	94
-0.036202117766367	0.172742420349666	94
0.017862150283344	1.076215007489	117
-0.096273636944128	0.560778937575174	77
0.104926303680766	0.793094175808178	77
0.117972264490249	0.544449248652683	55
-0.040690726331807	0.425521365422471	75
-0.049903209339178	0.425082575614599	75
0.122142447057631	0.298846379400737	70
0.00642432775597401	0.290654929828682	70
0.000750178266570978	0.279994294100815	70
-0.063059889023603	0.471033757125817	70
0.100257908802964	0.402999038174414	226
0.112414444534995	0.540966259799183	226
0.075244367229002	0.622706992678885	226
-0.089652618650929	0.292740642556943	226
-0.12362237401623	0.155634201329785	226
-0.032270698582055	0.294255219125734	226
0.00192634089855004	0.293707588912575	222
0.108190270624134	0.436193463552618	211
-0.049066305445298	0.427843546976992	211
-0.039301713196921	0.397462036290864	151
-0.063686758636009	0.415164589660768	151
0.107939803483208	0.775022579299768	358
-0.121251368722623	0.313147248705226	358
-0.1194324503778	0.158271878821346	358
0.00669675488561405	0.27994051350654	1149
-0.055011766814648	0.422580078205686	139
0.05592621205699	0.618175257200687	139
-0.043121393112504	0.168759010980697	139
-0.038417169891076	0.294726908407448	2330
0.0521858018549291	0.293049827069017	319
-0.034534618313873	0.174260018652835	319
-0.00679961717383698	0.285307802232951	94
-0.08673120359903	0.576009605549237	77
-0.095332222102706	0.283651372057905	55
0.081776975166621	1.26579501975748	55
0.0478502522220911	0.290794872296727	75
-0.023258301166904	0.570455729692616	75
-0.022369881656912	0.597495150709206	75
-0.118609155270804	0.15218243102061	70
0.099485173977805	0.699920298539232	226
-0.043121393112504	0.168759010980697	226
-0.119171238504139	0.298539995081463	226
-0.026729975718012	0.552900120017477	226
0.11983959900332	0.284126775367065	1128
-0.12223687615801	0.149982574623984	226
-0.12362237401623	0.155634201329785	226
-0.040723459300082	0.170099779410914	226
0.046263207426088	0.290882531900132	226
0.107557705204722	0.781043946099572	151
-0.109156483498478	0.456955825465098	151
-0.038050656976411	0.548446548621947	151
-0.039495903332741	0.401326284440229	151
0.122404875111649	0.199001544034778	709
0.119713851501106	0.199126209354249	709
-0.031027002951988	0.169220794241098	558
-0.080704476659675	0.418508256710895	1149
0.027100727742928	0.798203424592222	139
-0.036930131428388	0.172876337095916	51
-0.033790999412016	0.16511620817836	51
-0.036994984359906	0.290345760749416	319
0.124214008916153	0.206232457822621	319
-0.105528352859474	0.472055404653778	77
0.075202385929675	0.631418147533188	77
-0.083655213755847	0.403133319312899	55
-0.017685414594948	0.527176844955887	55
-0.074444194792157	0.558974323847019	55
-0.119168512546977	0.405541016802922	75
0.00244826436873402	0.292095302311965	75
-0.034534618313873	0.174260018652835	75
-0.063769657358865	0.300580875399166	75
0.124266234532458	0.291663955327353	75
-0.038662882137143	0.284472605762457	75
-0.046288469465778	0.277629275854914	70
0.118332208044642	0.828260787178562	70
-0.069393760227989	0.283099212849654	344
0.017906627942579	0.52282833356406	226
-0.109914336758301	0.598639388777675	226
0.116734738592617	0.809088667141301	1128
0.088143206204212	0.728363149412848	1067
0.047115724477688	0.277280188455637	222
-0.115268250863457	0.40031689033396	151
0.090158881308399	0.640718009796226	151
0.12365390775712	0.198464355288851	709
-0.039059188666403	0.167843938439159	51
-0.036930131428388	0.172876337095916	51
0.038632196281449	0.430673655397043	51
-0.044854601539908	0.285539485817271	51
-0.058222274375986	0.294316730579933	319
0.076624001050274	0.556132818914452	94
0.0412086026901271	1.33902071528593	77
0.046884073863857	0.800594605884166	77
-0.051785275411188	0.912610029862113	77
-0.067120628015682	0.511521395572452	55
-0.003372656804773	0.290403481544135	75
0.069236272362328	0.795470330477377	75
-0.051186050968236	0.403201444709063	75
-0.123308359425202	0.393262153302894	70
0.052276913435715	0.285089492140999	70
-0.079745292005804	0.553065615695685	70
-0.00522009417084801	0.598852394750897	1067
-0.025869559351648	0.292609881805797	1067
0.0512504980937321	0.283922804137405	226
-0.023775573293971	0.496160227065773	222
0.102186129339464	0.798490376441422	222
0.119947423120722	0.68759574066014	222
0.084022029852017	0.755915046263846	222
0.050490836912459	0.61229013492276	151
-0.00683272051224099	0.561700822268832	211
-0.104680088800637	0.456915221423733	151
-0.045318133297596	0.163671020678652	709
0.119142597747633	0.197658774394258	558
0.120956729636381	0.198581629955028	558
-0.100979650389963	0.498679280866591	51
-0.021190137392091	0.39986218562724	139
-0.086802187321229	0.300611397291252	51
0.087568576466741	0.534250336154064	319
-0.00924626277222701	0.281874578604982	319
0.124771021919602	0.197435251980405	51
-0.038036464163298	0.171991450715647	865
0.110755340334712	0.422854299834915	865
0.04132738307576	0.422864091705974	94
0.09067177340174	1.3262676634674	77
0.083649000934839	1.42150898472629	77
-0.026537112950379	0.500156232890028	75
0.120215532774297	0.632854437012776	70
0.066674805066252	0.413915808986483	70
0.0552230483207971	0.737749380177025	70
0.057534959022127	0.694664996664661	70
-0.115799640813188	0.306517036227275	344
0.02727311924956	0.783815351643604	226
-0.040275479272948	0.165743596737603	70
-0.124751377390408	0.155544577577489	70
0.110082674241911	0.425849901323292	1128
0.114747886775066	0.40965946968241	1128
0.044798930250566	0.534647913342927	1067
-0.08492601428679	0.304964965521466	151
-0.011012667435877	0.42293194258815	886
0.109895572135625	0.528667705078111	886
-0.037471701831022	0.164473276431771	886
0.119142597747633	0.197658774394258	886
0.122964300445271	0.200951799928207	709
0.124214008916153	0.206232457822621	545
-0.124447794903251	0.154887241397544	545
-0.044218597272212	0.167900327425104	558
0.120038702691823	0.194989234813248	558
0.117365334815851	0.700207485664189	177
0.111955842480424	0.797956190327703	139
0.017710535493786	0.671254298394842	139
-0.027109934406824	0.293517443125259	139
-0.039929685508536	0.504615232555852	177
0.0487031907093241	0.295664408857857	51
0.012575030714885	0.432688380440182	319
0.047689549273644	0.431646997853952	319
0.045218035338362	0.286672636531447	94
0.00112201197455397	1.85981006766325	77
-0.02733219727572	1.31494625341624	77
-0.104780287270407	0.672843466593198	77
-0.056956755097236	0.827819036041829	77
0.0208568965785439	0.983250774512109	55
-0.05871159463198	0.680513559296849	55
0.010990522763432	0.984437045364034	55
-0.121067577177066	0.303605995811902	75
0.019036355468857	0.432572473394225	75
-0.024027493972552	0.664321308927883	75
-0.025808440399815	0.501068251856324	70
0.109715864632364	0.663839921808112	344
0.064583608963467	0.53904704775204	344
-0.036394138458796	0.166042032522055	344
0.055907022245977	0.537152128622163	855
-0.122678949678412	0.305508903865789	211
-0.041384192196994	0.164918991607186	151
0.124214008916153	0.206232457822621	709
-0.038602253259392	0.171369029815336	709
-0.041452459608294	0.166540477166596	545
-0.036930131428388	0.172876337095916	558
0.050375451007168	0.290085398640271	1149
-0.110737736746182	0.439108098955583	139
-0.075677596148793	0.295994332898056	139
-0.103972639963558	0.402420986636153	51
-0.074787502039509	0.414320126395188	177
0.008630548761979	0.408667280210752	177
0.00510616269659803	0.520212632695329	51
-0.042033117284064	0.5683934388578	51
-0.067051085332305	0.293924385587692	51
0.05490017797435	0.287481874199726	94
-0.064296011651544	1.191481560267	77
-0.081714768794916	1.13641648648203	55
0.01998856043768	0.714302453467832	55
-0.059485558150872	0.457680129814483	55
0.083455722906001	0.623293564690676	55
-0.071986626857868	0.482154427200141	55
0.099463082626386	0.65260376099179	75
-0.067324891243344	0.293200826502166	294
-0.118840948232326	0.440568740452716	70
-0.071985510636032	0.287926914570199	344
-0.023163764595799	0.428081311803623	344
0.070610330040152	0.670126101238604	344
0.1036775612127	0.546880585270407	70
-0.12362237401623	0.155634201329785	543
-0.08131337677136	0.419309382591835	1128
-0.038693288455921	0.292129876105226	1128
0.0576412202579521	0.684433702336242	1128
0.099058436335856	0.554420540262772	222
0.016541712246378	0.425236883250549	222
-0.112644893087717	0.28474685335637	222
-0.008551828523996	0.428402977037717	211
-0.045318133297596	0.163671020678652	211
0.116695776269596	0.560381279258485	886
-0.099120673241194	0.408928501036266	886
0.062471589672512	0.409255621326347	341
-0.08640860776583	0.284117042094466	177
-0.00218861097253498	0.273041836291162	177
0.118253039087709	0.559443081597317	177
0.102021004255929	0.647343071405447	177
0.108700784823497	0.426365910291357	51
-0.048462101873339	0.411088396730647	51
-0.107350079883626	0.40391598772337	51
0.039503378852398	0.42915454803915	319
0.068743894934433	0.602441996376934	51
-0.063982864003087	0.409567923799936	51
-0.00901851663127201	0.413677649263528	251
-0.038503766818014	0.293991419800997	94
-0.051180404604896	2.48411040904597	77
-0.044669136455169	0.602483519374188	55
0.019959968952827	0.426648107656184	75
0.091465506638196	0.797825915418681	75
0.01013776897716	0.426528924646259	344
-0.00120542601780699	0.296372187007938	344
0.0590929558721131	0.534973632425459	344
-0.049643529563154	0.413081527735015	70
-0.110722712275367	0.288728267033437	70
-0.05128212649732	0.419737331954516	1128
-0.084121745770894	0.278929862826824	543
0.00671898496950496	0.415046787990103	543
-0.065374966630328	0.276648109811699	543
-0.100081352834552	0.303830461289228	226
-0.117654869406464	0.304514067437735	226
0.066226823412847	0.551184447437364	226
0.068049967593167	0.420334895221017	855
-0.00557382653225602	0.277354682307086	855
-0.07620909688635	0.301269518174676	211
0.047768478597252	0.284011199203157	211
0.105213419579143	0.63722146447544	886
-0.105987059308164	0.305481033218633	341
-0.00134891292892397	0.294737089433561	341
-0.065434514267433	0.292801184040961	341
-0.055289894951906	0.298131124981624	545
0.00601442478390901	0.293201657117152	177
-0.100412661506606	0.283376535003243	177
0.115211235832504	0.432753658610796	177
-0.09020322270604	0.305577830140639	51
-0.04905256780892	0.411317681698443	51
0.068238179632424	0.550913361752965	177
-0.047078277940951	0.393231492937023	177
-0.01251970837073	0.413044001569088	177
-0.123410449737114	0.298390642043806	51
-0.101457104373371	0.299666994676382	51
-0.032221232935547	0.414653595857866	51
0.0704458942949741	0.437350470395065	319
-0.058525217129485	1.80646994471966	77
0.084572165189599	1.95731007645193	55
-0.012571145332048	0.615357759396119	75
0.032842604024752	0.681584514177298	75
-0.107539761944171	0.416441055287256	75
0.025000230919336	0.644372286395178	75
0.022473241498465	0.529337737505321	75
-0.020731779594045	0.517760662995609	70
-0.012318290705423	0.583607944420818	70
0.01967788222051	0.540015644360765	344
-0.108760361248014	0.463621072199867	344
0.0393633649645	0.434762903640345	70
-0.027650320521916	0.422251968037147	70
0.063871232033081	0.539773593236004	70
0.066453922024726	0.679319996202472	70
-0.077961954068465	0.40332446751133	1128
0.071461411301173	0.691659303415879	222
-0.079342321319328	0.296519286802885	222
0.043391208459602	0.525534025017893	222
0.020592284372309	0.518646913545357	855
-0.121110299935226	0.154566749667274	341
0.122142447057631	0.298846379400737	545
-0.043695355402452	0.163516081274639	1149
0.036507184101947	0.539402550188942	139
-0.072396616679082	0.518316078581933	139
0.119204258519534	0.431509629846876	319
-0.117199118198622	0.297015860709044	94
-0.023704346349547	0.819912829471467	75
-0.062480038910319	0.400772234177936	75
-0.034923027734135	0.276170318267694	1648
0.036821907561902	0.612078495054173	70
-0.120301540210331	0.158166969036568	344
-0.094573535558933	0.50703216307676	344
0.06481348675244	0.700105748691623	70
0.00150513374197803	0.294085578657271	70
-0.00226218417576102	0.589024299866784	70
-0.085571481253603	0.298831637390626	543
-0.106756512964066	0.291991534489249	543
-0.100579207988657	0.298143667334398	543
0.093235286453191	0.60869957114254	226
-0.087962731850089	0.478265766447838	128
-0.039145087233473	0.167586294800877	226
0.070698458644969	0.41869185062534	226
-0.013405569680614	0.417879701795204	226
-0.034116614559958	0.296890188083449	222
-0.033971939855861	0.167115678051664	211
0.123847090899069	0.55173189831819	341
-0.063500722050671	0.302222693860932	341
-0.045798724476547	0.420776824070516	341
-0.117426417531184	0.291988850892577	177
-0.109515009744366	0.283530405674324	177
0.0431693769982861	0.625549393873678	177
-0.038417169891076	0.294726908407448	177
-0.088218447675932	0.286974824326839	177
0.027990419991201	0.52655924532161	51
-0.096108107686294	0.301451725815221	319
0.115392994617375	0.435733400111967	319
0.033178249587359	0.660993426529947	412
0.019017312797315	0.596045621269981	412
-0.000461197924099988	0.587072026757636	412
-0.08206306914027	0.290901242707066	94
-0.065485585719844	0.298826975185176	94
0.109860950790536	0.665981103644885	55
0.057439679217875	0.620749854743393	55
0.119713851501106	0.199126209354249	75
-0.00788518365989899	0.281144799184288	75
-0.049230422125402	0.409683337594185	75
0.080528044245353	0.421065739772517	70
0.105535864373223	0.424383228114415	70
-0.065064500787188	0.420968135004548	344
-0.102723477346289	0.297108399839398	70
-0.099220411548662	0.276348801022824	543
-0.00241536739897502	0.262606788995888	226
-0.123997436386191	0.311682610162461	226
0.0738066738886159	0.420994377714613	226
0.11630551571118	0.429002663047869	226
-0.120044795707522	0.151397281125971	211
-0.123410449737114	0.298390642043806	341
-0.048573114542168	0.26110657004987	545
-0.062653194183432	0.29266234361997	341
0.000780412915465045	0.430438303523505	177
-0.121420693533616	0.396745005085921	177
-0.120811745002696	0.156191821969848	177
-0.00901851663127201	0.413677649263528	177
-0.092468841916668	0.274233730602383	177
-0.040330697725827	0.294950006188703	51
-0.093428444688306	0.418171355482117	412
0.018372009647779	0.524495064460492	94
-0.109255182351441	1.23736565818635	55
0.109605999401243	1.41216634637384	294
0.1244098144478	0.298646442964005	75
-0.124491702030657	0.154250432471742	75
0.103699112463083	0.632871958865842	70
-0.006893579647402	0.511329411988202	70
0.00836158552634303	0.530546749422577	70
0.00315398124371702	0.294950863477462	70
0.00901674208829195	0.531336676780919	70
-0.079161702836099	0.3960056036003	70
-0.106431744060085	0.395254795396437	70
-0.002501956706154	0.398047447690557	70
0.122178270446407	0.655877670978398	1128
-0.105525403362331	0.405661091896581	226
0.001365482584615	0.294366975706195	128
-0.102250287150887	0.296777780025051	226
-0.073643674285663	0.414123467886512	128
-0.043121393112504	0.168759010980697	211
-0.031027002951988	0.169220794241098	211
-0.046958249700231	0.278021541021097	211
-0.121756943345463	0.288348974475031	341
0.043524943764326	0.435075069729875	341
0.109878309113807	0.412332797999426	341
0.071982378408927	0.428461447999489	177
0.065901475692848	0.641224691857427	177
0.016496413623729	0.49944068113843	177
0.067737506128029	0.760031583009459	177
-0.101998621152562	0.306139582834025	177
-0.072563454821566	0.289187596479796	177
0.098950770999619	0.625035114489091	177
0.119946110419846	0.296494470925561	177
-0.00784230670410901	0.263204279516229	177
0.121617386404749	0.433795841902949	51
0.0864535813688621	0.654192824755356	51
-0.07843270995344	0.420958378891767	51
-0.103257176757513	0.298366082424813	51
-0.111899172997953	0.290998751455911	412
-0.074947174992506	0.369689813605412	94
0.023646126373174	2.29961833204918	55
-0.107793102195342	0.778654061255535	294
-0.105759023797285	0.488656757391465	294
-0.00120542601780699	0.296372187007938	75
-0.113382704169807	0.306943614311444	75
0.060342134623273	0.622352379707749	75
0.074304743149523	0.690503005597384	70
0.124771021919602	0.197435251980405	70
0.053775540277902	0.292880691481071	70
-0.047405029134176	0.490483262345016	70
0.115511489189349	0.795108707934568	70
0.025195111870753	0.396743830886003	70
-0.114337156590486	0.386168198017444	226
0.06975465743011	0.424636365929498	226
-0.027352819282553	0.413444143109001	226
0.12365390775712	0.198464355288851	211
-0.121110299935226	0.154566749667274	211
-0.108354347251983	0.291379845336854	211
-0.104700753115111	0.287560899954539	341
0.1173843990506	0.560354562266394	341
0.114967996618566	0.427769513293016	341
0.078037485685698	0.525602123272227	341
0.123668559957998	0.545600493606719	177
-0.046359470253076	0.591238432879788	177
-0.07891806877688	0.424086329296515	177
-0.043729281753307	0.405492590231058	177
-0.034535097283764	0.412480495357365	412
-0.117445841260477	0.410189851472364	94
0.075929509708236	0.637317591074863	55
-0.113239257078042	0.751182060749001	294
-0.061950638101256	0.700682263623273	294
0.047934366586696	0.289887776227564	75
-0.066174620762339	0.291429540787974	75
0.038446867098236	0.428339098336628	75
-0.050138214114763	0.413209402752719	70
-0.089410020019041	0.462526339184812	70
0.124108393817335	0.300273357864464	70
-0.06771422838426	0.421693197848034	344
0.030540662485107	0.676318641008765	344
0.107535497439728	0.656298235727116	70
0.050583049473659	0.611630095840992	70
0.116814754873231	0.558721262911769	70
-0.056749468909517	0.418700553220431	226
-0.00962480063948201	0.426981838284194	226
-0.104612325290559	0.290463720445132	226
-0.00217922594953901	0.282551708344734	222
-0.094290606152248	0.39228636609517	211
0.081159183718831	0.639388573921179	211
-0.11067260214781	0.293921908718189	341
0.065786211100649	0.544460424109716	341
0.033119957141288	0.418608812103276	341
-0.070304527156744	0.291257267323645	341
0.117496969700076	0.550409432714648	1149
-0.050467894981448	0.292177362180995	177
0.124214008916153	0.206232457822621	177
0.098368994572078	0.596842166431847	51
0.062808175154672	0.696739444604297	177
0.053506184054117	0.291066685502554	177
-0.090997050502972	0.297565129588244	177
0.117399791698194	0.286904925883121	51
0.112615987943445	0.419189979020283	51
-0.031221456115087	0.295808315210186	51
0.031445198846082	0.417055144773965	1097
-0.029406797603937	0.413006318505584	412
-0.105972450114015	0.409913965092182	412
0.076382454104561	0.667040503292662	412
-0.00875406113402999	0.415551430075035	94
0.05707839091269	0.53906169291208	55
-0.103944065298805	0.300643815121126	75
0.116127036062711	0.435409508981877	75
-0.01066233795702	0.424322746395437	75
0.108018647124552	0.660935257858174	70
0.122944372567356	0.283598189296977	70
0.120038702691823	0.194989234813248	70
-0.118979369460512	0.402421265216554	70
-0.00736268205579699	0.472960566199142	70
-0.03604581387008	0.428821023393853	1128
0.013454667197459	0.43473118552739	70
-0.020783471791083	0.417746462332184	226
-0.00743479241649603	0.521793118691384	226
-0.066382132692134	0.279617503199036	226
-0.032184624942453	0.282028470494195	222
0.048984243668976	0.292344867987126	222
-0.040358800921977	0.165458043284872	151
0.124108393817335	0.300273357864464	211
-0.00900143336135001	0.413683334818018	211
0.043869399438998	0.644912907031778	151
0.044302576600399	0.418989876256095	151
-0.013557292815518	0.420466224049268	165
0.041353850066596	0.428817686549973	165
0.0210273055568621	0.418565207766104	341
-0.057681267278798	0.295550597675374	341
0.0704509846122801	0.417805234553547	1149
0.042505067630749	0.27961010743104	177
0.118663617426995	0.707394104290893	177
-0.00093926012177098	0.291957594115593	177
-0.046304235136966	0.400779330074747	177
-0.021220499965089	0.425554967633375	177
-0.117187779387086	0.29671950719579	51
-0.111181595571282	0.301173933933811	51
-0.109655270727581	0.285690089621946	1097
-0.00896787240623997	0.418918277283231	412
0.110414270874114	0.544881753087826	94
0.059749666315206	0.5118832536403	94
0.082370862054738	0.711473499318012	55
0.123422381438193	0.298589421519288	75
-0.124491702030657	0.154250432471742	75
-0.037639623154379	0.159395230456291	70
-0.013557292815518	0.420466224049268	344
-0.01002780896467	0.400643594203707	70
-0.018334847483314	0.399924941581113	70
-0.039630086376085	0.170045180043861	70
-0.066728511406559	0.390233335750512	70
0.051056781746162	0.293419649553655	70
-0.090808186571386	0.28406092223441	226
0.018944118988378	0.412740893402821	128
-0.040019541372364	0.154309052463525	165
0.048703509807067	0.287449209590803	165
-0.043002234954359	0.28878233143458	165
-0.039481780291267	0.285062727363624	341
-0.113616490328955	0.152836039309331	341
0.110436288714214	0.420952846818607	341
-0.031610319955086	0.290267369687921	1149
0.047482578368232	0.294494542243722	1149
-0.036394138458796	0.166042032522055	177
-0.117080790954654	0.296462324726683	177
-0.056893172210772	0.421114234188503	177
0.0820571201333929	0.529625147624238	1097
0.113123480355602	0.433779124358335	412
0.09526522712756	0.541903864750309	94
-0.103910585538787	0.303411739522079	94
-0.040723459300082	0.170099779410914	94
-0.029685552633315	0.797796756767184	75
-0.05583990074721	0.555113260146335	75
-0.030217712810198	0.654735422279904	75
-0.00813499306142002	0.388897587072668	75
0.013309341944029	0.4186401758489	75
-0.028789526188423	0.501571097206989	70
0.00573638636903295	0.419530860411382	70
0.070995292440546	0.40749756156947	70
-0.121176178260086	0.312332021594291	70
-0.059017332043969	0.40535323087632	70
0.00201058625508099	0.39707495099948	70
0.108484807114362	0.427758620799022	70
-0.050867640143073	0.268341725244795	226
0.08745342254206	0.55147888242712	222
-0.00816012831771301	0.283306082126709	222
0.119725017165948	0.291878461742693	165
0.00192634089855004	0.293707588912575	165
0.00356368514031802	0.292913821702789	165
-0.08618835963183	0.303084672160642	341
-0.010927516190607	0.42319667633239	177
0.033759228333236	0.402237344981395	177
-0.081522218428727	0.299308150132506	177
-0.066774862310943	0.290611920086871	177
-0.091316080182633	0.297603742344735	177
-0.010441756711493	0.425581109528456	51
-0.121493101680114	0.298876633370872	51
0.087303824071131	0.552164338032984	51
0.037435943290334	0.428476018368696	94
0.00944874157232101	0.428272341206289	94
-0.031221456115087	0.295808315210186	94
0.00400935848967099	0.644484089538537	75
-0.056679168608263	0.642588457124409	75
0.087935489761896	0.934881025492335	75
0.0154400412538011	0.68828491474883	75
-0.051716455051924	0.611169938487518	75
-0.040099058726365	0.614743400213528	75
-0.086789591348723	0.403320126185803	75
0.069523467175571	0.608700181004832	75
-0.118569929066337	0.289090873560086	75
-0.077258262837621	0.405018560274445	70
-0.087491785698394	0.396846126835383	70
-0.113550942262535	0.302489493134517	70
0.093140196725781	0.545578435043137	344
-0.121801110882397	0.297073142553099	70
0.07199754134232	0.434168137444889	70
0.0556657414658121	0.285414376250831	70
-0.086517641797216	0.289114958731864	70
0.115911824131927	0.433545141542006	226
-0.093597414408131	0.300589610431242	226
0.042780837787786	0.284744936845755	226
0.112175501852095	0.661382258394795	226
0.0900189016566571	0.553167510808428	226
0.00150513374197803	0.294085578657271	226
-0.11001385487333	0.284957683690072	226
-0.105130279944151	0.305640966022771	165
0.0537698534739231	0.294632895769422	165
0.09548925799368	0.53769394792132	165
-0.108217681238881	0.295697244738467	165
0.122063669325997	0.65123572574448	165
-0.066775778558697	0.274317242751417	165
0.043147062881032	0.28081237265328	165
-0.120557192965985	0.159006819090808	165
-0.035803978494023	0.288554291469883	341
-0.000266236224560013	0.287602493232976	600
0.12318349270671	0.303437764606221	341
-0.032015963147383	0.290955241490848	177
0.014973018797832	0.430505641356307	177
0.082271409108144	0.49528493573579	177
-0.114239713212106	0.305413617038689	177
-0.093570423809781	0.300082674830978	51
-0.066332872466891	0.290875296561654	51
0.00164705326707404	0.289677531271216	94
0.000596283823961041	0.282713134013126	94
-0.094261256883854	0.276003829727222	94
0.04824426584794	0.272703838299366	94
0.017378296655718	0.418666322586876	94
-0.036935778684301	0.789048652628719	75
0.060291783267581	1.04137961746683	75
0.064303162447539	0.72500179285849	75
0.115392994617375	0.435733400111967	75
-0.027322715332806	0.418076458210292	75
-0.117740963295435	0.396649931704884	75
-0.00472715373959998	0.523525606151902	70
-0.010441756711493	0.425581109528456	70
0.040279613890017	0.438273577575726	70
-0.030054865294703	0.505571705347737	70
-0.079423804013248	0.405590016094147	70
-0.039185341172574	0.417582932124887	70
0.00984670053364101	0.41311307928426	70
-0.111593711176519	0.28552192274463	70
0.041646104767098	0.285067724747238	70
0.012048637138236	0.419772035876626	70
-0.117945374207733	0.296276996329559	70
-0.002158907948627	0.28768167558039	1128
-0.025690245081863	0.427226955041553	226
-0.029832392580375	0.495682173934971	226
-0.113734173980033	0.307317793428186	226
0.044709938074789	0.545054609045549	222
0.078112890240686	0.4251586194105	222
0.044256621195411	0.591042008844659	222
-0.033063301021465	0.291379587193482	165
0.070899522978476	0.544612578177174	165
0.108484807114362	0.427758620799022	165
0.00258794219041103	0.294475311721082	165
-0.041951627464237	0.289163070104526	341
-0.035259112539413	0.169475933261589	341
0.00698368691532303	0.28730882889431	341
-0.010870707214501	0.271193794137788	341
-0.000122729996854976	0.294850086524792	177
0.018692057231727	0.426882531845388	177
0.077855567953952	0.555809634634817	177
-0.080330767099677	0.266729293215883	177
-0.122040386471592	0.295670102181682	177
-0.0140178765417	0.419566615805227	177
0.085270008842911	0.420965356353007	250
0.015086126116953	0.408017835221097	250
-0.046469276120496	0.275277911810485	1097
-0.119014498731963	0.287680632324486	94
0.046263537104041	0.436761188641686	94
0.024228050324918	1.13265535792124	55
-0.051212786868959	0.881726962973508	55
0.088968456211719	0.922253473669112	75
0.103611860935967	1.01244666254995	75
-0.015398471295989	0.914262481892882	75
0.0343041198306731	1.08813284249309	75
-0.045064731437015	0.725046559432241	75
0.087164350080822	0.545549351902542	75
0.00944191176928699	0.285174456687223	70
0.111488530592523	0.442756498275577	70
0.044287478639932	0.532018000597728	70
-0.062585464042604	0.413826282802833	70
-0.01237785776429	0.421526900124177	70
0.092886524834446	0.562247246389843	70
0.00944191176928699	0.285174456687223	1128
0.039814318240877	0.523320127789176	70
-0.119418019123373	0.303709322823049	70
0.079212111894831	0.421348139913492	70
-0.117343895598167	0.305484601638504	1139
0.090759757978087	0.556103404759131	226
0.0534090280618	0.293188798766209	226
0.049341663791958	0.414753397398968	222
-0.118919146602222	0.155044448829606	222
-0.120301540210331	0.158166969036568	222
0.124701980855033	0.291681288803111	222
-0.037215731423186	0.165303678085409	165
-0.00730855804340902	0.280387358494925	165
-0.083987229452559	0.303582964085192	165
-0.069040354934621	0.291451785923221	165
0.121531731357254	0.554058549922399	165
0.0389513331375591	0.417789174224489	165
0.040595427486534	0.275534157266439	165
-0.00964506778497098	0.273539227178458	341
0.0412866598592611	0.269145918383789	260
-0.036989386486281	0.297353071283701	341
-0.045315599248226	0.281373356067289	341
0.069307916077991	0.416479533977156	177
-0.081446996680916	0.285732356455513	177
0.00426250296098596	0.290612606903837	177
-0.064961598060234	0.420488872845659	177
0.09477867106524	0.556417410430525	177
-0.00278093631668802	0.373852397436117	51
0.099528831679352	0.558719839056081	250
0.035726857316829	0.412568061320355	250
0.032444098658881	0.423834320699183	51
-0.006938250534892	0.285857786287888	1097
-0.103914341776773	0.305874153599868	51
0.097736048053526	0.543423290056468	94
-0.04515818558759	0.412825485680262	94
-0.041396087109856	0.415437217873988	94
-0.109638014859428	0.740549058012648	55
-0.066778647877286	0.542250042811278	75
-0.028771918857448	0.463462998606563	75
0.046080502130622	0.658983392897925	75
-0.050068163536809	0.647523725477222	75
0.074353102610351	1.05292575442761	75
-0.101616371639619	0.735862731533924	75
-0.034264176045427	0.948400424976715	75
-0.101661862345856	0.602562495094384	75
-0.049052737277609	0.768623317275825	75
-0.089112365582248	0.300717222969802	75
0.124710125797764	0.552657963833813	70
0.00792042192144105	0.287431060496318	70
-0.061198257220438	0.296368002074111	70
0.081879997230121	0.526292487800695	70
-0.040706729973779	0.294260806153763	70
-0.030059013000606	0.419961417262148	70
0.079059579601202	0.696165649629995	70
-0.106490969751484	0.40426270285839	70
-0.111571890418369	0.289648580310941	1128
0.123438978977618	0.569940912117481	70
-0.008551828523996	0.428402977037717	70
0.00601442478390901	0.293201657117152	70
-0.070985331350631	0.287460313673373	226
0.056132463603795	0.281192032506087	226
-0.065306150490851	0.283128973362192	226
-0.042548465285908	0.165709173447527	165
-0.0745613103142	0.391104048366087	151
0.0322942714867031	0.545568330327864	165
-0.064715399206994	0.28775191486109	165
-0.037851713046316	0.291969310205147	391
0.00558789750856004	0.280444533303765	260
0.124555066495811	0.29954513242504	260
-0.084486567408209	0.414480044307044	177
0.121074104902742	0.295366886895893	177
0.015281257396157	0.418515298901515	250
-0.092295061414572	0.295802834811927	250
-0.00962480063948201	0.426981838284194	51
0.0900649867208611	0.552003525393412	51
0.040871689324204	0.268250004890419	94
-0.048608991943483	0.773684867422563	75
-0.090107327470872	0.63863010838948	75
-0.028464642056547	1.20314924737635	75
0.010273808697736	1.04987797303449	75
-0.086958772719639	0.29288699736289	75
-0.111593711176519	0.28552192274463	436
-0.01050544829938	0.527013629395388	70
0.043147062881032	0.28081237265328	344
0.077415020263839	0.630725752037109	70
0.055672516181362	0.514606633230935	70
-0.116109614751704	0.15553924319242	70
0.093501109683484	0.547762515433072	70
0.079692088422211	0.427280894977943	70
-0.017660472018435	0.392573955532195	1128
-0.096132155896747	0.281884903396532	70
-0.063500722050671	0.302222693860932	70
-0.026095307531596	0.412980688736775	70
0.121531731357254	0.554058549922399	70
-0.102415285122468	0.291684846484538	226
-0.124497084371396	0.144131579821011	226
-0.00093926012177098	0.291957594115593	165
0.122142447057631	0.298846379400737	165
0.124555066495811	0.29954513242504	165
0.048619275143299	0.535900025517022	165
-0.120598427653666	0.300144441901834	165
-0.100464133681157	0.303570765451226	165
-0.000419052214066018	0.275549095829536	165
0.050201243922896	0.295961740279646	260
0.0451321280524	0.280490759203909	260
0.012236403655404	0.432740220208815	260
0.040428522038365	0.281109833321813	600
-0.073986856958336	0.282993652020965	177
-0.00150294698793502	0.271084205834948	177
-0.061206441265438	0.287293963326626	51
-0.120075413037698	0.303147639294372	177
-0.040731465849003	0.415625321510901	177
-0.00985696301140698	0.498768447497042	177
0.0705785444753681	0.412080335001371	177
0.078140960307885	0.430793536731657	177
0.012209155151636	0.539570913300495	51
-0.107649000417909	0.29852105142596	250
0.014973018797832	0.430505641356307	1743
0.078140960307885	0.430793536731657	51
0.041456794336254	0.426637858567217	51
-0.120239073295213	0.297672577700169	51
-0.108822787235387	0.273418935318628	51
-0.11952261007283	0.296633685275827	94
-0.036743213433244	0.409081175204558	94
0.028362220781842	2.48667800693139	247
0.00410834179203601	1.02420021537652	55
-0.052347011557457	0.632414100313536	75
-0.069284435336504	0.686169521831917	75
-0.022032060994178	1.19830989824288	75
-0.00762845266690798	1.0089544693122	75
0.013881646156641	1.34879917353351	75
-0.00159719211709902	1.09636469465766	75
-0.013021030335293	0.932502134668132	75
0.0444896464215629	1.0107133334096	75
0.048015283712899	0.284986606497739	436
-0.068480226223419	0.377187020732952	70
0.030625485500399	0.536047285010433	70
-0.101579921419416	0.463965194873293	70
0.053834447085521	0.624463932664717	70
-0.123067314757596	0.155900786767803	70
-0.114988734886196	0.155737204611114	70
-0.121799486738363	0.303011094861895	70
-0.108264225506743	0.285502417815844	70
-0.114395345825591	0.389453553520969	70
-0.118668236072905	0.399712761869731	226
-0.034156268667084	0.168359077789132	226
0.120998495101703	0.438579096735983	165
0.119713851501106	0.199126209354249	165
-0.00379615680428402	0.288354312269328	165
-0.086415091199227	0.275252303159357	165
0.042840773355619	0.436857915344358	165
-0.000122729996854976	0.294850086524792	165
-0.110312944463011	0.289084679749948	165
0.07394727097462	0.430103014534611	341
-0.071264674705316	0.292336547170188	177
-0.090303119580291	0.298315251791839	177
-0.108874832760243	0.296961566901799	177
-0.116361282930557	0.155562675795945	177
-0.035826103360814	0.17167260536398	177
0.029797326682507	0.41100081823335	51
-0.110738567067602	0.307087897584982	177
-0.000560737241397991	0.281950151471805	177
0.036117430573979	0.524338170059382	177
0.033951050585028	0.427535722436803	177
-0.043686620766725	0.271986364023849	177
0.118673107965924	0.29497201272278	250
0.00519525742332705	0.287816589354755	51
-0.102328469237417	0.306766338724632	51
-0.030095114371366	0.417451645810369	51
0.017122192024157	0.434985288105949	51
0.031972083086343	0.416781561669785	51
0.041281585425014	0.276362674819822	94
-0.011034527626747	1.34592160788857	55
-0.074189131345035	1.10144396665162	75
-0.042243135006329	1.00946077192279	75
0.12014668252172	1.13655204369834	75
-0.089629827278632	0.828446649654288	75
-0.078244281361701	0.839067906870086	75
-0.072121905144724	0.414218637036048	436
-0.047051912950778	0.490605090063897	70
-0.090360675985658	0.479751268036571	70
0.053949703284545	0.674620629035267	70
0.085098801600815	0.525614151286581	70
-0.00934980469698499	0.415535202301568	70
0.113853253306276	0.651304632482997	70
-0.054023464819613	0.297176216286046	70
0.049139302284832	0.595048550733858	226
0.047888961605523	0.583535007200687	165
-0.034198170904618	0.293128121594033	165
-0.00499303655535999	0.283540125381193	165
0.062041840084673	0.411775320613526	165
-0.010083740790068	0.425143568794997	165
-0.063229396931283	0.299877284115983	165
0.081332461970928	0.430542852681676	165
0.032837267499037	0.411884887581857	165
-0.06702219784635	0.296561158321547	165
-0.057954068931753	0.295822514006146	341
-0.12419177462442	0.156618549124342	341
0.071704926074638	0.439732427603786	341
-0.084601309423646	0.304495762323978	341
-0.106238803095	0.300739103684128	341
0.116127036062711	0.435409508981877	341
-0.071035281312246	0.274630426891601	260
0.108805624022468	0.535326057959966	177
-0.082957426610182	0.422170736335669	177
0.123272116528854	0.637311185799223	177
-0.092980134569883	0.289738996644205	177
-0.008556452095559	0.524875796382966	177
0.00851048988420999	0.421523792875199	51
0.015710487058638	0.42998909246114	94
-0.122495676028919	0.154381087768881	94
0.063185081676157	0.405351372110383	94
0.0116441209599401	1.20758332675845	55
-0.111196578994211	1.17181489732319	75
-0.081327678184235	1.09294288873222	75
0.061909805391673	1.41470747707378	75
0.106597548977706	1.48091181457517	75
-0.088450689282696	0.638978722578939	75
0.00591772074542696	1.07033446126097	75
0.0629722839135221	1.34304019933028	75
-0.037409245772498	0.402073205045707	70
0.066945627614254	0.680903169013121	70
-0.032460113317071	0.295666215390788	70
-0.122817981791757	0.154061143804624	344
-0.00318771832713699	0.417463900420847	70
-0.114875365813135	0.387074891790746	70
0.017323194785677	0.597704402271694	70
0.11697958723733	0.518009300631997	70
-0.046086697728361	0.424743895594454	70
-0.104507747025574	0.302384407326857	70
0.088250801594246	0.545038457986918	70
0.118482578230652	0.532784824988275	226
-0.083048717692033	0.299719128994185	226
-0.105709048294494	0.29864234006255	226
-0.102076895481484	0.294986103369671	165
0.05368238150438	0.288365822012361	165
-0.117795816182034	0.156005932657227	165
0.104071162552091	0.413830435745114	165
-0.050730705730297	0.419097355059481	165
-0.046045934342154	0.40986137614495	151
-0.077348975152597	0.268359104932621	165
0.047482578368232	0.294494542243722	165
-0.112847978122358	0.285028311815184	165
0.069733796076073	0.437990961256578	165
0.0367107700984271	0.429276259749039	341
0.00315398124371702	0.294950863477462	260
0.067524407642734	0.401330266192487	260
-0.038311460501172	0.290803773418275	177
-0.031588679685835	0.165529144279848	177
0.08745342254206	0.55147888242712	177
0.00553083798396603	0.413075862015017	177
-0.024051983757351	0.288950125600193	51
0.120956729636381	0.198581629955028	51
0.09693862390875	0.560028232755106	51
0.116346116093522	0.54098083061177	51
-0.012593110209871	0.408835196755736	250
-0.041570857614349	0.293961367705141	51
0.0660878934092291	0.545471564475081	51
-0.010355461425704	1.61634622207052	75
-0.029499900539034	1.43705229940291	75
0.021756539488921	1.18532743556071	75
-0.062880069056705	0.668724702149278	75
0.119268822226825	1.06857516160896	75
-0.078976169979751	0.603291030234909	75
-0.097000362246047	0.463301282509154	75
-0.069523733981	0.415992762819224	436
0.081655875432276	0.720106575341021	436
-0.069736870056519	0.419609279463242	70
0.050287171645517	0.295536108625749	70
0.038296267566498	0.433467707308289	70
-0.115005901835208	0.297319841667402	70
0.000144723872523955	0.292349613140484	70
0.070728850174409	0.425345211369067	399
-0.09371056242647	0.303807139569188	226
0.115159594619167	0.548766844689173	165
-0.049932588097752	0.425427575789595	165
-0.108870058713698	0.293916416226615	151
-0.117795816182034	0.156005932657227	165
-0.122813648865981	0.154116786086016	165
-0.121110299935226	0.154566749667274	165
0.123422381438193	0.298589421519288	341
0.122525783752164	0.19495039522302	341
-0.121973505477099	0.152710361725204	341
-0.041452459608294	0.166540477166596	177
-0.10445322108681	0.302643363991076	177
0.093934790294992	0.554791049121509	177
0.110973050611829	0.432300060055343	177
0.040428522038365	0.281109833321813	177
0.094026078992038	0.712269896807564	177
-0.088565513515919	0.286632977593491	51
-0.038693288455921	0.292129876105226	51
0.123044328046606	0.301801827558271	51
0.063636629585592	1.94768361408734	247
0.00285910893486796	1.94266587133846	55
0.102718572497164	1.59674075004245	75
-0.028266777985497	1.19451093095826	75
0.019700562982598	1.13875951320368	75
-0.035189043109509	0.837438046079862	75
-0.044083175661809	0.73124133435779	75
-0.064409085983611	0.486641646664744	75
0.03783892251291	0.78548847888843	75
-0.105946513794149	0.286736292138377	75
-0.098290950728252	0.30865696484195	436
-0.117301998418072	0.306869269586886	70
0.0604221659048671	0.521142891000203	70
0.026852470824835	0.5179728610822	70
-0.121448785555632	0.292553846679287	70
0.000282085998768999	0.293976534692586	204
-0.044854601539908	0.285539485817271	70
-0.08538676400155	0.296182633100752	70
0.00258794219041103	0.294475311721082	70
-0.033923072382839	0.299418503931208	70
-0.039712833968508	0.282995975381268	70
-0.105106257511738	0.293336229611168	70
-0.044659740996032	0.284540179534652	226
0.070728850174409	0.425345211369067	399
0.0573488145585011	0.29206045996874	165
0.076157748818752	0.437757166729746	165
-0.037453999763726	0.296732847966233	165
0.124310399004356	0.303370466158071	341
0.117686345264328	0.292214007231907	177
-0.090054568880905	0.300065330689731	177
0.124555066495811	0.29954513242504	298
-0.00105965025601501	0.293033071523416	177
0.124214008916153	0.206232457822621	177
-0.104124233960741	0.301917291055789	177
0.068348212289852	0.410740753959387	1045
-0.018444272005463	0.398183042713909	51
-0.039046206210363	0.279765905858461	51
-0.032331775181086	0.170519727060441	51
-0.070003337315191	0.295858100952837	51
0.0244801548261659	1.89982425852658	75
0.047567733071201	1.3499300069875	75
0.119041576317517	1.46495497274179	75
-0.094449369709278	0.776726884845875	75
-0.099379895136001	0.667435604934203	75
0.054652406121611	1.24935135083242	75
0.118687567376581	0.42737842712209	436
0.08339747283347	0.542435584980414	436
0.022467826446492	0.523154528336263	70
-0.00708891682105001	0.525378427353337	70
0.00588571087061196	0.412576486391797	70
-0.109117733294866	0.304915565657242	70
-0.116087387184911	0.308513495802885	70
0.0771434150417381	0.430896904383276	399
0.0475721583500151	0.296057759291339	399
-0.121684263163148	0.157995342139036	165
-0.041508571786643	0.285355056892787	165
0.049567440450136	0.280009965850722	165
-0.109600485813775	0.289375130092413	165
-0.082608383512739	0.302556056752103	165
0.054909790860487	0.274906599619508	341
-0.122495676028919	0.154381087768881	341
-0.124447794903251	0.154887241397544	341
0.119802741753016	0.293862137503125	177
-0.039279849277239	0.297733229378102	298
0.076460801499688	0.432256978192414	298
0.00139711254838204	0.285246937402432	177
0.046633630235187	0.284866857044243	177
-0.004225396984119	0.283868306234901	1045
0.032366927076512	0.42034115929501	177
-0.082399454543445	0.303632499361233	177
-0.039279849277239	0.297733229378102	51
0.010043635792727	0.413519457416223	51
0.00207232918540701	0.296454728338625	51
-0.0378064019048	0.281279979859762	51
-0.027726375528696	0.427343056977189	51
-0.000296069977983982	1.87968377844669	1175
-0.074075324665669	1.52330675598714	1175
-0.109428158144526	0.602139930436397	75
-0.055713244614541	0.882079017223986	75
0.050619994568768	1.08227681694056	75
-0.064787612604041	0.419396103024613	70
-0.115671466713637	0.4023853390001	70
0.024795321650023	0.537244525493436	344
-0.038968824008675	0.425642345241458	344
-0.111435383751933	0.412629990125449	70
-0.016616320686549	0.512606471293069	70
-0.109445438226271	0.295467059905441	70
0.076750317291598	0.426440199238065	70
-0.038434659702494	0.283734048461906	226
-0.060765544682684	0.408717460477328	399
0.123422381438193	0.298589421519288	165
-0.124230938858691	0.147488607239414	341
0.121074104902742	0.295366886895893	260
-0.122817981791757	0.154061143804624	341
0.108271583318256	0.423067759706276	298
0.121533213566916	0.564434098240343	177
-0.00770954938638702	0.427840946763992	177
-0.101713331346765	0.29375501198195	177
-0.064175843507985	0.294509684450921	1045
-0.020510118254334	0.413706665164729	177
-0.102328469237417	0.306766338724632	177
-0.040851948293804	0.409799006341888	177
0.113535121224602	0.546306488369372	51
0.030137269168889	0.385247229095933	51
-0.103484121333561	0.301828167936195	1419
-0.021653494691574	0.394741377015198	1419
0.073644692534469	2.49703774062469	1175
-0.036539960260858	1.42258475886805	75
-0.112107660862095	0.405134517325529	75
-0.040113472453478	0.512720289165569	75
0.00595854265437101	0.777128056496311	75
-0.044904926062554	0.618843252866392	436
0.063240803731732	0.533346561888419	70
0.024580869164085	0.674163902571558	70
0.080103879550893	0.935360433176874	70
0.063276304974428	0.635414489818515	70
0.008508480462458	0.714215491011512	344
0.03119064978415	0.419823022943784	344
-0.036930131428388	0.172876337095916	70
-0.110499036775197	0.289444770729516	70
0.075689745413784	0.811099101960029	70
0.046482431274492	0.622970516089465	70
0.0171352659397021	0.506813464403844	70
-0.119176342498063	0.159173674782741	399
-0.011509917737493	0.423468124128679	165
-0.068389491643816	0.283773671094431	298
-0.091091321885936	0.28918905161736	298
-0.117225774024964	0.388978625311094	298
-0.123934631489088	0.153105344726263	1045
-0.065932006901621	0.494563384481339	51
0.066669669144274	0.552403962765508	51
-0.031435190650351	0.293297505095681	51
0.068350401588256	0.409016588003812	51
0.081074916679019	0.717320100473771	1419
-0.035359945844589	0.292257658355394	1419
0.124902548666279	0.193317041380957	1419
-0.092730612815624	1.25442095482529	75
0.081164573055877	0.632379054870166	75
-0.012678240293944	0.409337106762325	75
-0.00734154605533199	0.938962859013338	75
0.122509912915787	1.16306142720392	436
0.021349280016784	0.806838871644922	436
0.086977494588119	0.774525587408638	436
0.116692835948455	0.872575211466566	70
0.053058524959125	0.544989604562738	70
0.124245021234047	0.403834354212296	344
-0.036930131428388	0.172876337095916	70
0.117592184668805	0.275028152240589	70
-0.089876144913573	0.564672464569665	165
-0.106374976719926	0.301620600554377	165
-0.038602253259392	0.171369029815336	298
-0.031412040168838	0.416520821251838	177
-0.078600259324754	0.299008908925716	177
0.019081287532065	0.42367394919807	51
0.048683890646529	0.607667478429383	177
0.059611889922583	0.288386323429616	177
0.122404875111649	0.199001544034778	184
-0.036364261704742	0.168630626525818	51
-0.021928758676755	2.39344253673011	1175
0.07821760002336	2.40078893217355	75
-0.033039832657746	1.38164320832287	75
-0.028162908026846	0.761766015786185	75
0.065374313068038	0.541300644976171	70
-0.041150577319918	0.675109546473701	344
0.053356335017653	0.512333845155784	70
0.01379535868436	0.282921826784273	70
0.114211710593283	0.2807156101438	70
0.124214008916153	0.206232457822621	204
0.058476876892776	0.290666560825291	70
-0.122306005537575	0.450087096596798	70
-0.087990142049091	0.297518657362211	70
-0.102522984913086	0.290583730485951	399
-0.110402248346225	0.460070923086127	165
-0.098697619992528	0.446960286516714	165
0.00280905700488099	0.645689864237032	165
-0.00938030433709303	0.278749100548822	177
0.016345317512543	0.51490070293972	298
-0.05258413692696	0.427789371957473	177
-0.037870708469347	0.167051134176967	177
0.110870595379721	0.261351669737064	177
-0.068317223178894	0.292864244912987	177
-0.10967853772225	0.309241384645821	531
0.121155457408384	0.194170392898925	51
0.123969567046325	0.293177523766052	1419
0.049833654394866	0.289101664978889	1419
0.052323495267099	0.884057973007239	75
-0.057976165722595	0.493803731418236	75
0.030628308426032	0.679959931672764	75
-0.037280784811053	0.698518518990087	70
0.037811023168746	0.611781458505798	70
-0.00353888896869903	0.422151757980965	70
-0.00745360576854498	0.281451569903852	70
0.1100332884413	0.783370928924986	70
-0.08127529599853	0.418342760927353	70
0.026044199184932	0.391157479037802	399
0.003423825651237	0.289648069057852	399
0.124310399004356	0.303370466158071	399
-0.041756944528972	0.293884596287239	165
0.056035607330033	0.292975017746907	165
0.123096620587683	0.199573646617747	215
0.124771021919602	0.197435251980405	215
0.120925858515873	0.292815007401042	177
0.052551217772382	0.295614499308593	177
0.046881249761659	0.280826606517703	177
-0.00463033443369698	0.285381492200676	531
0.118816854838249	0.295541229153146	184
0.035805733789293	0.599460620304948	1419
0.049896986668569	0.429029869474904	1419
-0.09280128617281	0.300575087310826	1419
-0.085678822948326	1.05842717502111	75
0.102559491233711	1.05845323402346	295
-0.071412091732246	0.622136729522035	70
-0.037687216142785	0.531404016025703	70
-0.078286858994546	0.492230480419813	70
-0.052423614384284	0.596483238167785	70
0.109715864632364	0.663839921808112	70
-0.036202117766367	0.172742420349666	70
-0.043121393112504	0.168759010980697	70
0.026667301950015	0.591385224353705	70
-0.059942062141633	0.289390952553597	70
-0.05553413971086	0.424231662845485	165
-0.00389409505260002	0.422106956904546	165
-0.043121393112504	0.168759010980697	215
-0.029586003105129	0.288569291935758	215
-0.037497036647594	0.170193407126297	215
-0.12362237401623	0.155634201329785	341
0.121852570339308	0.195889917983624	260
-0.112556672597923	0.296389788656841	177
0.123044328046606	0.301801827558271	177
0.119142597747633	0.197658774394258	177
-0.10978298916871	0.40588318820441	177
0.05012543098113	0.528298652072288	177
-0.059216676710614	0.293648488882933	177
0.001365482584615	0.294366975706195	531
-0.034156268667084	0.168359077789132	51
0.124902548666279	0.193317041380957	184
0.0584844145694991	0.286931927020181	184
-0.118965597081207	0.308609071152532	1576
-0.119774829042732	0.303622391938832	1419
-0.073959310993322	0.394507403089817	1419
0.019098546020086	1.3446369498931	75
0.00742484009795896	0.718099773869477	70
-0.00368291789897801	0.651524472383528	70
-0.050465119925437	0.775868001081108	70
0.115179128858511	0.434825154500893	70
-0.016790860627349	0.430302822146905	70
-0.032128145953359	0.166483758321827	70
-0.00129041389676898	0.581203734556386	70
0.087996962098813	0.652205830774832	70
-0.044027255542423	0.511824376891713	70
0.106304401146895	0.552786806178089	70
-0.07827755452214	0.416851507729182	70
0.04617807880212	0.276742432384338	399
-0.032953410263778	0.294422321109717	399
-0.118256083772794	0.406879729168945	399
-0.018496415978077	0.559749315782907	399
-0.037613506648779	0.284088680944501	399
-0.035596100984849	0.404518293582774	165
-0.060569101961284	0.598561760685757	165
-0.021285910841991	0.429162437226648	165
-0.044854601539908	0.285539485817271	165
-0.04092336366848	0.286615430470525	165
-0.123362269041447	0.155728468588177	165
0.113370085128858	0.18828109250909	215
0.124214008916153	0.206232457822621	215
-0.043485757240214	0.162324796016004	177
0.124214008916153	0.206232457822621	177
0.112702399692821	0.427898091816809	177
-0.112394826524906	0.268708782982237	531
0.119713851501106	0.199126209354249	184
0.00192634089855004	0.293707588912575	51
0.124214008916153	0.206232457822621	1576
-0.0521071775811	0.605629541430396	75
-0.118104372498959	0.463369297829919	69
-0.101703837888388	0.573635228628892	70
-0.062653194183432	0.29266234361997	70
0.08569084802703	0.988437406835619	70
-0.080643367938713	0.529637185260947	70
-0.073943709293123	0.531654652557868	70
-0.091299187105935	0.523113250664838	70
-0.038044581065895	0.29078001766456	70
-0.033996886658204	0.169081222919269	70
-0.120301540210331	0.158166969036568	70
-0.122235131003812	0.155816693801671	439
-0.039630086376085	0.170045180043861	399
-0.037215731423186	0.165303678085409	359
-0.069725923109232	0.288314743468824	399
-0.124886679602081	0.394376240793716	399
0.049555396348274	0.541123636716005	165
-0.045139993092833	0.487295799684174	165
0.0573488145585011	0.29206045996874	165
-0.036930131428388	0.172876337095916	341
-0.039709773909628	0.170493638317434	177
-0.039499840624599	0.611348877607785	177
0.037865396289827	0.52692920512112	177
-0.00697299453705402	0.418256224199075	51
0.040960436562511	0.914532315006373	75
-0.082800227510889	0.635817937099057	70
-0.085571481253603	0.298831637390626	70
-0.04382292074123	0.641890698514335	70
-0.085093137280311	0.452138436847077	70
-0.032128145953359	0.166483758321827	70
-0.019783863128849	0.510395103794683	70
0.117452935387548	0.285386754519038	70
-0.087744007451479	0.297341320596573	399
-0.016790860627349	0.430302822146905	165
-0.063059950843443	0.413144650989194	165
0.121187544752528	0.551518723623435	165
-0.096679014277557	0.408944348055971	165
-0.064758585182859	0.419440957970028	165
-0.1194324503778	0.158271878821346	1058
-0.033971939855861	0.167115678051664	439
0.121998106062309	0.296124575620203	215
-0.100579207988657	0.298143667334398	177
-0.043671485772329	0.41096735595656	298
-0.122235131003812	0.155816693801671	177
-0.030267913881177	0.158983613470312	177
-0.024398250179097	0.426013456944608	177
-0.108190486096688	0.294716338122541	531
0.119713851501106	0.199126209354249	1576
-0.036930131428388	0.172876337095916	560
0.028146072281828	0.53614955790929	51
-0.043411442490481	0.284708743842004	51
0.090766973586266	0.897919182087852	75
-0.083661321286492	0.567921570704156	75
-0.08779331827101	0.530341554158761	70
0.04671383291068	0.288061043605768	70
-0.11126099366827	0.286049157031057	70
-0.038792768094628	0.394031089607772	70
-0.031027002951988	0.169220794241098	70
0.119142597747633	0.197658774394258	70
-0.032279633157643	0.281693051411534	70
-0.07798142649997	0.52216811753549	70
0.0653777017591211	0.402251248218187	70
0.038688561623012	0.434498025574074	399
-0.060825664901272	0.291375139989604	399
0.124214008916153	0.206232457822621	165
0.119740049489834	0.554728617931013	165
-0.124447794903251	0.154887241397544	439
0.03065823167022	0.394571272377098	1058
0.121601402740881	0.545782878462827	1058
-0.040723459300082	0.170099779410914	215
-0.10877468872212	0.294328790513331	177
0.022539563528602	0.520627070495406	177
-0.046098529668239	0.282361117040276	177
0.043673071744092	0.528075302351085	177
-0.030844902454522	0.423209542752331	51
-0.040723459300082	0.170099779410914	531
-0.037471701831022	0.164473276431771	51
-0.081608172668361	0.474299636109221	51
0.097072936531913	0.723113429689158	51
-0.00124375567240698	0.807062031403737	75
0.091639435096501	0.88833123934169	75
-0.113493464548068	0.572843365643958	75
0.044630199890668	1.16793966060896	75
0.048880096100946	0.839833977361769	70
-0.046426273769262	0.510049119401728	70
0.040665993390599	0.668478262203628	70
0.083615705737858	0.540755252939747	70
0.103351917101099	0.863850483903154	70
-0.067683411569889	0.426423745614982	70
0.024952833837908	0.527607970837167	70
0.121852570339308	0.195889917983624	70
0.056827663599183	0.552607800188003	70
-0.024004138634144	0.582295606019383	70
-0.00732306546369099	0.522868101013198	70
-0.083987229452559	0.303582964085192	70
0.053867201811905	0.288661465968092	399
0.058742123448857	0.696618422422258	399
-0.064434742240742	0.291654275120337	399
-0.033639259331813	0.514696825341455	399
0.0771434150417381	0.430896904383276	165
0.00626496936980403	0.531341382581068	165
0.106689695915959	0.720653434926587	439
0.111271973866327	0.436324784720825	1058
0.122199190662619	0.193384296072582	215
-0.042601654276002	0.159731490977318	215
-0.039059188666403	0.167843938439159	215
-0.023778734854776	0.282448810625858	177
-0.021232201571963	0.393520771983555	177
-0.100722155178305	0.471738737050756	177
0.045986621647789	0.276073047745228	177
-0.105507801914082	0.290532233980722	51
-0.096852536512148	0.420928178887187	177
-0.048093560852541	0.385628320519022	177
0.12318349270671	0.303437764606221	51
0.015552237332597	0.434074949626927	51
-0.033432025892266	0.174191346332386	531
0.122228826326671	0.564510344231845	531
0.119931744400709	0.425616810789239	331
0.0549972427409841	0.293014016712296	184
0.121218798589396	0.290741038995305	51
-0.027471365484723	0.574196539533726	51
0.121905349989957	1.27137983099449	75
0.118982018260781	1.30077810605942	75
0.076137499433394	0.874607214625312	75
0.11899137045076	1.09569548480929	70
0.091379973866203	0.807803531381535	70
-0.002756269979658	0.687116046646248	70
0.00582525669669898	0.595120190268834	70
-0.090992780319262	0.397844359348512	70
0.123438024234157	0.91393200171684	70
-0.121105313866011	0.305302997363939	70
-0.055088589174239	0.5782880655948	70
-0.123227191802824	0.288544701466901	70
-0.083545332540463	0.414163354413362	70
-0.06445372104621	0.290462429058483	70
0.122964300445271	0.200951799928207	70
0.049767091478865	0.52567059424412	70
0.0858447745116731	0.501594440829819	439
-0.034460266200886	0.156830784086126	399
-0.082141701657382	0.298049128105068	399
0.025146435570562	0.533462771697868	399
-0.101446357312509	0.294815576896243	439
0.077049793865733	0.634673522641896	439
-0.032833562181631	0.155141674345763	215
-0.123075596254438	0.155909238850789	215
0.118470563051444	0.194253316345752	215
0.084003200693672	0.431158184820067	177
0.00535980966879901	0.497265641849521	298
-0.107746790508912	0.283911428441323	51
-0.116361282930557	0.155562675795945	531
-0.066481571469204	0.299382957984242	531
-0.00126458277368802	0.43312195489412	331
-0.040723459300082	0.170099779410914	51
0.122199190662619	0.193384296072582	184
-0.123362269041447	0.155728468588177	184
0.096582126820673	0.548768911989313	184
0.050287171645517	0.295536108625749	560
-0.122662515632909	1.26769155181734	69
0.018994826114983	1.77814475013156	69
-0.097495175144632	0.461608485913744	70
-0.061311414525831	0.420858017713309	70
-0.00143047829932302	0.53331377725248	70
-0.097320551563391	0.506628728454503	70
-0.066572592414946	0.457450790303873	70
-0.024853303558934	0.41817914142213	70
-0.034313930969859	0.50326619444204	204
0.032819540949237	0.616537335749508	204
-0.06151295220043	0.299637675792605	70
-0.10041469420109	0.305173593376974	70
0.08351480610426	0.537748442574527	70
0.098552997824379	0.639917030337481	70
-0.047470859970042	0.509284881188596	70
-0.083634050454542	0.288058012498205	399
0.017456466307371	0.419519359016166	399
0.064281590771326	0.420561450983374	165
0.115435233370158	0.435629770919178	439
0.106734168175892	0.426866328055753	47
-0.032270698582055	0.294255219125734	439
-0.123362269041447	0.155728468588177	215
0.072691864178597	0.425207735211876	177
-0.032104581442273	0.296170677400673	51
-0.115925472672993	0.303622017123885	51
0.106143010761331	0.661459735990062	177
0.115259450224182	0.558772810535341	51
-0.065175067705572	0.293824866900018	331
-0.067435049064105	0.28974001622548	1121
-0.042026535294929	0.167618117264498	42
0.077429992585629	0.432958130388277	70
-0.042371570274659	0.649892943216443	70
0.070649318982851	0.546795825262763	204
0.121006908071277	0.295460890512761	204
0.085336670386837	0.648213664915444	204
-0.120044795707522	0.151397281125971	70
-0.026419220148402	0.425102774089124	399
-0.037782982857688	0.430040968392478	399
-0.091159073442859	0.414191612512695	399
-0.100261782203615	0.299045613783585	399
0.0549972427409841	0.293014016712296	165
-0.039145087233473	0.167586294800877	165
0.088937472836901	0.656742473177692	1058
-0.061180143351868	0.281777086162784	215
-0.049423057246481	0.256942154894023	324
-0.00484334732234998	0.279020569351227	20
-0.099308166653654	0.305510863126058	177
-0.00476901690915399	0.277927913180685	177
0.107242883399499	0.426870092519522	177
0.063865010450416	0.531913489338373	51
-0.122100096060442	0.306681745654079	51
0.010104011280108	0.529469501091123	51
-0.098977501072395	0.293967357060778	331
-0.039921635134185	0.424567059499931	51
0.124390213181445	0.656506922224635	1121
-0.089666516033578	0.29949244393889	560
0.111144933733342	0.421575684480403	42
0.076832339435845	0.872105320293611	70
-0.071217107131409	0.41399489729449	70
-0.017543041452824	0.497967300398058	204
-0.00855484341702501	0.558145462838576	70
-0.01389180477509	0.509768098278203	70
0.11502905047718	0.533348268267423	70
0.078140960307885	0.430793536731657	70
0.045053885566906	0.270357853140518	70
0.050018815871982	0.291684291827244	70
0.076575210923986	0.438874425730117	70
0.041824908899546	0.628381655638017	70
0.00764494093161305	0.421942986204385	439
0.013746338795823	0.57070648165106	399
-0.00744847045451802	0.503891427768808	399
0.014717088208713	0.413062579109982	399
0.08339747283347	0.542435584980414	399
-0.09985968334167	0.399103606933452	399
0.0487031907093241	0.295664408857857	165
-0.062775534943576	0.297421560333815	324
-0.00159565321191302	0.276058123157498	215
0.116458264295605	0.43956624086051	177
-0.092072315084146	0.301797500687087	177
0.067211849079012	0.426912442454516	177
-0.112295184719726	0.306067712043015	51
0.045028199487105	0.542797548487855	51
-0.030444650620241	0.291176206776755	177
0.00699508778107505	0.411578274210708	51
-0.029363587347427	0.405809190230878	51
-0.01237785776429	0.421526900124177	1121
-0.072234424255671	0.424603267669248	1121
-0.010532081397808	0.396937923018537	70
-0.030884961962909	0.817116255362353	70
0.124771021919602	0.197435251980405	70
0.020094128348476	0.425792771148613	70
-0.053230074426003	0.419137478369056	204
-0.103942768568847	0.365390525253984	204
0.108834279518003	0.425955222503093	204
0.052795630634575	0.485918006093363	204
0.073047498630863	0.538977639716336	70
-0.04675154759752	0.27064043447993	70
-0.104770477671703	0.305714515294267	70
0.0475721583500151	0.296057759291339	399
0.063871232033081	0.539773593236004	399
0.025544319510068	0.421193559947801	165
-0.00499303655535999	0.283540125381193	165
0.089951773081475	0.544596856512619	1058
-0.039905703161474	0.28430294251306	215
0.041063550144895	0.420522180137862	215
-0.085326456560845	0.299041505547611	215
-0.091891921819066	0.288638033539166	215
-0.076723748000005	0.293243691756324	20
-0.044218597272212	0.167900327425104	177
-0.055426081342653	0.294238182753406	177
0.115392994617375	0.435733400111967	177
-0.039709773909628	0.170493638317434	51
-0.069393760227989	0.283099212849654	177
-0.013833554945899	0.493766283467403	51
0.11502905047718	0.533348268267423	1121
-0.091451800629796	0.281180859030287	42
-0.095141565131726	0.306585452044407	26
0.040105319517174	0.526817607416581	26
-0.094182524299875	0.561443961866975	70
-0.066612957678523	0.419570700118217	70
-0.033320389279889	0.290766124339421	204
0.00367013676018901	0.292212391396416	70
-0.074678670054765	0.298827861022003	399
0.046350697069353	0.294881252751306	165
0.00248070555824198	0.290275654813841	165
0.093036381804106	0.628761137914164	215
0.070867156235806	0.41101451257048	20
-0.085509052127483	0.286837897670773	177
-0.089313799535611	0.305452863346527	177
0.124266234532458	0.291663955327353	177
-0.042388807021321	0.165863228462716	177
-0.109041613350413	0.396984168333132	177
0.085871783828377	0.41232783270349	177
0.0912273943516429	0.551303792505036	177
-0.044644636105531	0.278306345045558	177
-0.11526928814639	0.302159232115998	177
-0.117413546112798	0.288094913625447	177
0.097632243341958	0.563595141224517	177
-0.03176680579702	0.170755366799563	177
0.046084716785525	0.435217232574653	177
-0.039679799276036	0.285997064180304	177
0.056285546291618	0.528077410159747	177
0.110542284466831	0.663839612295791	177
0.037569706399427	0.412707117364673	51
0.05382484155594	2.15061987296244	69
-0.123512537357239	0.3964531819373	70
-0.045526306191362	0.500747220530055	70
0.112456902158575	0.781649980568693	70
0.054816829911984	0.290219200801873	70
0.074918204916075	0.430807165704511	70
-0.066196028709168	0.421124883116477	204
0.121289447881403	0.550224008378663	399
0.00900115008290103	0.285382234157503	165
0.05368238150438	0.288365822012361	215
-0.009294170897239	0.423069090744492	20
-0.111324721028821	0.289475058500613	177
0.00984102904709006	0.28623482983692	177
0.054146246846295	0.526895512018711	51
0.0490643868790091	0.286762351433191	51
0.00273637085077905	0.398486475259654	51
-0.032953410263778	0.294422321109717	51
-0.082725054248322	0.303765573288752	51
-0.00997935759142299	0.429214566927924	42
-0.0412942253505	0.165829202991859	42
-0.108943678142571	1.79951451374337	69
-0.03386466258116	0.418225930386063	26
0.11331703959181	1.02756318602763	26
0.120489977637662	1.41418573946671	26
-0.124751377390408	0.155544577577489	113
-0.112902935736654	0.548765633017898	107
0.016545271972472	0.426690683260575	204
0.065275929323406	0.426360763577262	70
0.123276751534072	0.299808404948194	70
0.041534833824068	0.436992928427335	399
0.0662598273541371	0.406345954445245	165
0.046606893037496	0.436486003345242	165
-0.120301540210331	0.158166969036568	47
0.070991620280942	0.556730011538662	518
0.020440369451882	0.606367923213887	215
-0.068972835459741	0.404803281500616	20
-0.00924018999814702	0.424600786647526	177
0.051333820198618	0.294464644725253	177
-0.04798666264874	0.26924322925702	177
-0.031956727818105	0.572465652451516	177
0.032697820646707	0.423476479791208	177
0.117880571792913	0.428229523728294	177
-0.037220369522181	0.279184572576853	177
0.11732476589067	0.42646853974182	177
-0.05569790292211	0.296679569911454	177
0.020657131137292	0.601547565345424	177
-0.12466589367453	0.145727962102985	177
0.122400086053619	0.632245765721206	177
-0.07863379368869	0.475504860293883	177
0.099438623551018	0.549211455185998	177
0.0134158376801981	0.610302194954552	177
0.036821907561902	0.612078495054173	177
-0.124801238983292	0.311701783841894	42
-0.124491702030657	0.154250432471742	42
-0.075840548336744	2.19481266407643	69
-0.063273650229571	1.75464458549109	69
0.039904879426571	0.807847204213173	26
-0.016511953385838	0.57932647567713	26
-0.099862479190874	0.726669314855445	70
-0.0432299490402	0.551695039631253	70
0.071767963424434	1.03297370394984	204
0.105270211898859	0.900899222158298	204
-0.043598025304171	0.493622931007037	70
-0.011846264012184	0.637946230865388	70
-0.000847703986954995	0.503074859157922	70
0.038107963928991	0.433747700140353	70
-0.04900570659934	0.49258716758923	399
0.039056924386679	0.509415329703501	399
-0.047667832998029	0.158724477540728	165
-0.12362237401623	0.155634201329785	47
-0.079580389313968	0.4204417532469	47
-0.085702030519441	0.404826179594306	215
0.110873483911503	0.648474864569368	215
-0.065434514267433	0.292801184040961	177
-0.067174502749657	0.287299877894779	177
-0.11985652517137	0.29807926798975	177
0.0587298690413201	0.809218638544223	177
0.109643518559805	0.630731481428832	177
0.068901112446094	0.425676699947873	177
-0.071886152458265	0.296666397541652	177
0.047607074981224	0.625173110142863	177
-0.074291160366949	0.428238884660686	42
0.078414138886107	0.638367237894972	42
-0.099963083982511	1.89908067862078	69
-0.07428774038583	0.406958403372183	26
0.110455790595802	0.940746881929398	26
-0.123436776826229	0.714247847117166	70
-0.028848592506684	0.292304315790504	204
0.00200767901232002	0.700831327834106	204
-0.03997069984658	0.552885535112938	1273
0.012831073858855	0.419512910022936	70
0.027125426894964	0.542750921518169	70
-0.034156268667084	0.168359077789132	439
-0.038602253259392	0.171369029815336	47
-0.042495194195047	0.160921442639662	47
0.094912902108244	0.56401268288339	215
-0.121464805134257	0.288969421594878	215
-0.068488928821167	0.469553286117095	1215
-0.01066233795702	0.424322746395437	215
0.109730514069288	0.417264672791543	177
-0.06900525485977	0.297445504667509	177
-0.035639537940514	0.170348743224255	177
-0.02151210729291	0.608070299140655	177
-0.00122001566670499	0.580618251581341	177
0.00315398124371702	0.294950863477462	177
0.032231921285408	0.400944111207443	177
0.0173089504605281	0.423886352796428	177
-0.094794159166148	0.415963663656677	177
-0.094641624491025	0.413385245719961	51
-0.09037523488137	0.379550918807925	51
-0.047831241765535	0.41431202751969	42
-0.067409033690328	0.410171258475497	42
0.060909482690194	0.529161559443946	26
0.124416164098169	0.868521132814212	26
0.110232689103822	0.928182584177635	70
0.010709487460024	0.400612790994106	113
0.04295138060994	0.283882715607558	113
-0.066481571469204	0.299382957984242	113
-0.017461038390353	0.739336691950912	204
0.025370404665981	0.576844231943088	70
0.077285070323117	0.427186393549966	70
-0.08956723509035	0.516869572605929	399
-0.023163764595799	0.428081311803623	399
-0.032868208908604	0.170805479480064	47
-0.098217721858674	0.404758065854166	215
0.042861907219836	0.40736269461484	215
-0.064764098535929	0.3011496161243	215
0.011002776777009	0.426098611239309	215
-0.086647149020843	0.295273630100601	215
-0.035945962695896	0.287537233748166	215
-0.055733184211289	0.416129177586173	177
0.014408598562084	0.417731788819831	177
0.083058868762918	0.642316588418767	177
-0.032328739953925	0.42163518704017	51
0.031045977380095	0.528738744404005	51
-0.058533037623267	0.295780784203677	51
-0.00624248061364002	0.425332067093025	42
-0.00756403733621303	0.688863608082041	26
0.0349945629054	1.11313720646592	26
-0.060595169733508	0.421163996274047	113
0.066492202363687	1.13721141683309	70
-0.05332475546416	0.426895316820952	204
0.020813733831017	0.719935246691592	107
-0.101290289598722	0.546993948011673	1273
-0.049034925952993	0.561759715512796	70
-0.00986757093129198	0.411836570120044	70
-0.081922358619709	0.293762849395682	70
-0.012023952139437	0.501718164668542	399
0.116787075524351	0.417316559588892	399
-0.043409257825947	0.502025728899673	165
-0.010870707214501	0.271193794137788	47
-0.124751377390408	0.155544577577489	47
0.0655368058240831	0.422362932584167	47
-0.090693215369101	0.573594773520168	215
-0.010539160035163	0.584335368510966	215
-0.010332062803583	0.427256274295803	215
-0.084346059456615	0.294758996379556	215
-0.117961618739636	0.299514106967901	215
0.065168350967874	0.537288421094455	215
-0.070143443244872	0.274309466405627	215
0.075725270343062	0.391111570817803	177
0.089198678776386	0.537797774789173	177
0.036083755695054	0.509649343191059	177
0.012415205515751	0.28280984657339	177
0.017143633228309	0.645101527883193	177
-0.082671104196014	0.418025727684603	177
0.116213120872082	0.637218928859088	177
0.123398441582367	0.735231694008492	177
0.122552079363802	0.651012673432888	177
-0.028880611772285	0.417387384262146	51
0.034046352062771	0.537053686017674	51
0.117731138644824	0.55190646103838	42
-0.038241747781154	0.430951559923304	42
0.124544083793489	0.525788529499524	42
-0.071308674948534	0.476585923918261	26
-0.119103779414843	0.521487468758637	204
-0.012598821160661	0.687799199592189	107
-0.053514914269381	0.643423533045107	107
0.042369986591647	0.772973230254247	107
0.090034235683779	0.713056302289257	204
-0.106726566037704	0.298456094053534	70
0.00885122842731601	0.415526136407096	70
-0.106433551418929	0.460089188411992	70
0.07237126969971	0.631215772759275	399
-0.021210677257802	0.427085205106408	399
-0.036018828201849	0.296287645195761	399
-0.09027284364132	0.291962130948807	399
0.064563177143505	0.420362122032575	399
0.071704926074638	0.439732427603786	399
-0.00198085656556102	0.586295830338973	439
0.041195613874317	0.438916196415021	47
-0.040819584266134	0.166160604374828	47
0.0487948639640981	0.295057396433596	47
-0.078140467892016	0.400961844849821	215
0.060912548443024	0.539767863895552	215
-0.082522167030235	0.294958140641616	215
0.053887601605813	0.616414196772494	215
0.118768330972824	0.557590096371144	215
0.110435414793823	0.400714979538049	215
-0.094527470200717	0.293558055448006	215
0.077582131290894	0.431999023471068	215
-0.123369428310592	0.305817530544215	215
-0.042361047359974	0.287304659463488	215
0.116458264295605	0.43956624086051	215
-0.092576966116245	0.293460296506572	177
0.1244098144478	0.298646442964005	177
-0.083267944178202	0.416220122050165	177
-0.122299959112234	0.373859491073824	177
-0.073986856958336	0.282993652020965	177
0.110973050611829	0.432300060055343	177
-0.098870924305553	0.419587002879147	51
0.11038536390149	0.532977846692692	51
-0.091628295474849	0.400872264931502	51
-0.107694861472248	0.403320045376858	51
-0.120070814715668	0.288065434269562	51
-0.077550513518607	0.294577874221967	42
0.124705914444437	2.49172662405233	26
-0.111511100813839	0.504074533109361	26
0.117213967007508	1.26689576034349	26
0.08571423196718	1.4534834721441	26
0.014421146948984	1.34927952282915	70
0.046572173088577	0.765722736299027	113
-0.065529638494457	0.413932977625884	70
0.112702399692821	0.427898091816809	70
0.015194937937923	0.648513340352556	70
-0.015509547384351	0.583092242748845	1273
-0.106534547942412	0.275187425348231	70
0.054441344689804	0.537654606756881	70
-0.120557192965985	0.159006819090808	70
0.013702777250194	0.635918036891164	70
0.119112632718754	0.561879981068567	135
-0.112051818284661	0.300785510581972	47
0.00761980551751595	0.401008707760671	47
-0.124751377390408	0.155544577577489	47
-0.038036464163298	0.171991450715647	47
-0.00243220263210597	0.296265481080456	47
-0.002573387419328	0.292688647312342	47
0.0711268366564149	0.433092692775722	215
-0.029898998643645	0.417261202031563	215
0.121950020459002	0.437020650443013	215
-0.092679120608961	0.303148531541451	215
-0.00415237329171197	0.428170147230416	215
0.044546704713486	0.429193301301976	177
-0.110923544117309	0.271223342926201	177
0.0636656188896439	0.625556304311491	177
0.105871289728019	0.621587127965671	177
0.00620109973237104	0.525100479101645	177
0.047664113945125	0.291773372429919	177
0.045173754646803	0.543157277389379	177
-0.073420599814975	0.415734830822165	177
0.085122572235841	0.654374282397778	42
0.124214008916153	0.206232457822621	42
-0.090063593717032	1.82823148144454	26
-0.022612191384979	1.49538180517611	26
0.114383250932651	2.01958536493134	26
-0.067289183658661	1.7548824940149	70
-0.094358250338049	1.07341778532614	70
-0.122218670930271	0.40095491875405	113
0.026238633314105	1.16317231872221	70
-0.066211282992074	0.679292875967422	70
-0.00543243990498199	0.921307440249743	107
-0.089456056611343	0.414291010761354	70
-0.03863683127504	0.546831503306125	47
0.112263804133455	0.519342359133308	47
-0.030444650620241	0.291176206776755	47
-0.033063301021465	0.291379587193482	47
0.122964300445271	0.200951799928207	47
-0.015023142535935	0.411896433929018	215
0.072238895966228	0.550742717403005	215
0.11861602704258	0.435100347194201	215
0.00534371901885899	0.292063261798948	177
-0.065612303429267	0.286734856378645	177
-0.119725258248774	0.151650607923492	177
0.115163554283838	0.427559014089859	177
0.045218245051131	0.291575551432465	177
0.046633630235187	0.284866857044243	38
-0.087311369386375	0.397245317798415	177
-0.112905486950632	0.285140707155742	20
0.09800351947251	0.64158719048218	177
0.110815677901719	0.668252173015396	42
0.091654399977858	2.21446105699096	312
0.026380445720845	2.17386109615898	26
0.025966922173697	1.73515538425263	312
-0.010882215534413	1.31652575502161	70
-0.106158698951112	0.573617607150612	70
-0.025641204085363	0.569156535202059	107
-0.110558325872182	0.402565003689842	204
-0.085600151691542	0.403439095644811	70
-0.061937805621796	0.421885828846526	70
-0.064389638213855	0.417106651717765	135
-0.080477866720443	0.297561267547591	439
0.121897921084256	0.64518734918334	399
0.0245355632030529	0.510348304357436	399
0.08099619519374	0.636265551436565	47
-0.058809538698159	0.293326501820096	47
0.115392994617375	0.435733400111967	215
0.112217127027498	0.44006041665282	215
0.044362261296242	0.284717797384015	215
0.118816854838249	0.295541229153146	215
-0.03477400449666	0.294443970728441	215
-0.087990142049091	0.297518657362211	177
-0.084369116068501	0.286846336653465	38
-0.119057649322836	0.370026298789698	20
0.122085922799725	0.73412692689624	716
0.0456948173608031	0.435857431354038	177
-0.07873786855148	0.404000368290434	42
-0.091212540148376	1.88118767629116	26
-0.017792764743898	1.76145559851043	312
-0.042163713152087	0.283476508679378	1273
0.047725062541206	0.62524822131559	70
0.052272835832216	0.678296845251069	70
-0.0558719236974	0.420865397358047	70
-0.030487843673531	0.418044192849963	70
-0.041847475185729	0.417341322665035	135
-0.01556937524223	0.417427964611072	399
-0.113885941703141	0.300197018194108	399
-0.107709711941634	0.281993822562421	399
-0.123049168199324	0.303324248131123	47
-0.089430370967159	0.296946040478264	47
-0.090308378450452	0.294974824856276	47
-0.013557292815518	0.420466224049268	47
-0.029204183596655	0.29243634980308	47
0.025586291947353	0.522963083433332	47
-0.046322309443645	0.422674436813813	47
-0.000662327355139991	0.286286505380626	215
-0.035355804548029	0.294750103289234	215
0.050287171645517	0.295536108625749	215
-0.00310907786127301	0.284228529023814	215
-0.106215483993096	0.306926105312776	28
0.051056781746162	0.293419649553655	215
-0.038602253259392	0.171369029815336	20
0.0463505025820981	0.280595987272501	20
0.122343486739774	0.422265145173845	177
-0.039657265556681	0.291936493536595	716
-0.06365098589667	0.29031197672269	177
0.028212911253225	0.52534978490677	51
-0.07026570601532	0.293895681753634	51
-0.00409209181895598	0.498544844360589	42
-0.096360744088235	1.96501866095251	312
-0.116562150699838	1.39036346421079	312
-0.12422776079313	0.282152895556889	107
-0.058835157463298	0.291229908081854	107
-0.038314518057951	0.162667445751292	70
0.115421394691178	0.526596235362766	70
0.017218338795942	0.731638895188733	70
0.016145229378653	0.60678036119024	70
-0.076703876285687	0.511345648633013	135
-0.013867531112444	0.508732141219389	47
-0.048005899008057	0.156151545212418	177
-0.091195879321311	0.417385254161449	177
0.00252403161838199	0.521886026851571	716
-0.123319863499905	0.152001597929328	411
-0.037967020081279	0.167801448279283	51
0.103942191909694	0.41986892850585	51
-0.031610319955086	0.290267369687921	42
-0.063907954428864	0.407217049828085	42
0.019115334195158	0.513638101087992	70
0.06976438437425	0.557062258172664	107
0.121998106062309	0.296124575620203	107
-0.042291218535369	0.501905519046021	204
-0.057624798049361	0.477831854798748	70
0.00315398124371702	0.294950863477462	135
-0.037870708469347	0.167051134176967	439
0.107618536968974	0.666703649150749	47
-0.117197569268539	0.312314640344951	47
-0.031286040153624	0.415117579910477	439
0.124771021919602	0.197435251980405	47
-0.035826103360814	0.17167260536398	215
0.122199190662619	0.193384296072582	215
0.052551217772382	0.295614499308593	177
0.120956729636381	0.198581629955028	20
-0.008500367608826	0.415512890898859	20
-0.041605484824987	0.42081090353814	38
-0.08212674474362	0.416973200293974	38
0.12018228586643	0.623778396062702	716
0.035145118143029	0.401171123376088	716
-0.120867665968048	0.1477790917129	716
-0.117795816182034	0.156005932657227	51
0.12191577670558	0.301862011357239	353
-0.00757757693817202	0.429065515406599	51
0.124214008916153	0.206232457822621	51
0.064446693014796	0.527523921397968	42
0.031141687362041	0.683160845839922	204
0.003423825651237	0.289648069057852	107
0.118603211293514	0.538984080981798	107
-0.105735918227515	0.301427643857533	204
-0.119725258248774	0.151650607923492	439
0.104660017578049	0.645152703469885	399
0.076635346418597	0.611061079559769	47
-0.00105965025601501	0.293033071523416	47
-0.037497036647594	0.170193407126297	47
0.119661080743044	0.282814638947783	47
0.119713851501106	0.199126209354249	177
-0.124491702030657	0.154250432471742	177
-0.113508432112908	0.30584112422794	38
-0.084123249599605	0.299689363385541	716
-0.013906967509935	0.42184891707126	716
0.11861602704258	0.435100347194201	716
0.119908245423067	0.552313989725031	716
0.124555066495811	0.29954513242504	353
0.124310399004356	0.303370466158071	42
-0.021641502978206	0.429816117467506	42
0.0676564668245741	1.97774283265216	449
-0.122084591770256	1.02408737814157	449
-0.01736987696229	1.71937721498251	449
-0.012793046127805	1.30470010296391	449
0.078081276139059	1.43636747814156	449
0.022532642288033	2.20272141976053	449
0.082968277669411	1.01372215030695	107
0.11635388518667	0.551420727484235	107
0.007633898818868	0.529282999646262	107
-0.119639089123321	0.379379372941297	107
-0.089602845175536	0.532591987096097	107
-0.032569751085957	0.419585807386294	107
-0.097014894806728	0.39675957987629	70
-0.119725258248774	0.151650607923492	70
-0.120052357516649	0.402797196220102	439
-0.118310047532852	0.15490869408327	439
-0.012302214426341	0.644640499020582	439
-0.00686749289631999	0.424510833757488	439
-0.123067314757596	0.155900786767803	399
0.095288654524069	0.637039345079138	47
-0.030865169149457	0.567596767605433	47
-0.084601309423646	0.304495762323978	47
0.124677918104653	0.190131943836032	47
0.119713851501106	0.199126209354249	510
0.108790007845148	0.915750660334472	177
0.058820901992782	0.73958172759507	177
-0.044218597272212	0.167900327425104	20
0.092430670001331	0.502917432656182	177
-0.037287816903781	0.273605344764846	51
-0.036202117766367	0.172742420349666	42
-0.009561151043112	0.616747895387973	42
0.124749212764652	1.82932708465149	449
0.013229803386994	0.959971702656765	70
-0.101202966703017	0.414904852280461	107
-0.005714667646605	0.286761851796316	107
-0.035639537940514	0.170348743224255	107
-0.124447794903251	0.154887241397544	107
-0.123362269041447	0.155728468588177	107
0.054905858135453	0.294421889010528	107
0.04295138060994	0.283882715607558	204
-0.035753072127521	0.293075009307179	70
-0.1194324503778	0.158271878821346	135
-0.047333960159546	0.276652733785513	135
-0.043695355402452	0.163516081274639	616
-0.069199701348776	0.285040948409149	47
-0.09599980891103	0.41131469248484	47
0.05368238150438	0.288365822012361	47
0.116657021139255	0.193360272717834	28
-0.00351610597211699	0.294732712752393	20
-0.122772843222053	0.31347711359653	177
-0.101998621152562	0.306139582834025	38
-0.040062163996494	0.286418539027355	20
-0.123362269041447	0.155728468588177	716
-0.116674816555427	0.15533460632198	288
-0.00134891292892397	0.294737089433561	42
0.078507005055579	0.902076254485102	70
0.072959045425768	0.872606808727812	70
-0.065485585719844	0.298826975185176	107
-0.100264806001973	0.460464660113701	107
0.122964300445271	0.200951799928207	107
-0.03959980407576	0.403800598412778	204
0.118577656313143	0.287843334038703	135
-0.089831774883915	0.289425002136396	439
0.038030477313254	0.413622723655504	616
0.0475721583500151	0.296057759291339	616
-0.000877799956384984	0.260964215746681	616
0.124214008916153	0.206232457822621	28
-0.032331775181086	0.170519727060441	716
-0.039169069755149	0.164689225911664	716
0.123044328046606	0.301801827558271	716
-0.042388807021321	0.165863228462716	716
-0.040275479272948	0.165743596737603	288
0.119713851501106	0.199126209354249	288
-0.121110299935226	0.154566749667274	177
0.119142597747633	0.197658774394258	353
0.086191418636243	0.408814018626721	42
-0.035098331674015	0.172681502759963	42
-0.00126505756032702	1.57265603969273	449
0.110696928643825	1.73052322793492	449
0.0352488995992321	1.30351516263836	449
0.012577340213768	0.912409193456099	70
0.048512562173146	0.424973654252212	107
-0.00120542601780699	0.296372187007938	107
-0.120557192965985	0.159006819090808	204
0.116214579902875	0.257295533340239	107
-0.078162665160857	0.421025511170341	439
0.042780837787786	0.284744936845755	135
0.124771021919602	0.197435251980405	135
0.02316260722894	0.503376425193909	439
0.00150513374197803	0.294085578657271	439
0.123347961896809	0.561881681218157	47
-0.097728290850982	0.304568748910123	47
-0.109524308674094	0.308065187807804	47
-0.039709773909628	0.170493638317434	47
-0.035639537940514	0.170348743224255	47
0.117900015159401	0.198196728181155	47
0.122404875111649	0.199001544034778	510
-0.044791416747412	0.164568994135686	246
-0.034534618313873	0.174260018652835	246
-0.033055744472006	0.164388539662387	716
0.017334552416402	0.40264104842922	716
0.113123480355602	0.433779124358335	716
-0.035259112539413	0.169475933261589	288
-0.039145087233473	0.167586294800877	353
0.122964300445271	0.200951799928207	353
0.03361876588791	0.426863535026744	42
0.12322884847775	2.28551246429683	449
0.032998026152411	2.06192672000826	449
0.0896909897959301	1.53020108938847	449
0.078943134095704	1.55922120480605	449
-0.036947082701334	0.681109616076757	70
-0.105166549424368	0.286447613602508	107
0.012682630257874	0.532680528566307	107
0.08593244349386	0.928536688239655	107
0.051605637624899	0.610368715265224	204
-0.036202117766367	0.172742420349666	107
-0.12362237401623	0.155634201329785	107
0.0467963697414731	0.286624627317254	107
-0.037215731423186	0.165303678085409	107
0.068977730958674	0.554716772587846	70
-0.00938030433709303	0.278749100548822	70
-0.010543964091874	0.410398593489705	70
-0.033432025892266	0.174191346332386	135
-0.034534618313873	0.174260018652835	439
-0.000662327355139991	0.286286505380626	439
-0.075811990635628	0.298670300263889	439
-0.00463033443369698	0.285381492200676	47
0.044526039641156	0.273555394515464	47
0.047848390263436	0.286682900292138	47
-0.121961790841959	0.152634652157744	243
0.116744929467645	0.188741793507657	510
0.00322916339803203	0.395701648612762	38
-0.034704613294945	0.290198510092374	38
-0.065758858530173	0.299552461779054	38
0.098242181511666	0.550762811087436	716
0.077834380109638	0.440121050515978	716
-0.041200831127417	0.285757127693547	716
-0.119176342498063	0.159173674782741	716
-0.043121393112504	0.168759010980697	288
-0.119176342498063	0.159173674782741	288
-0.038036464163298	0.171991450715647	288
-0.034534618313873	0.174260018652835	353
-0.03717949931565	0.295708853488068	353
-0.00964506778497098	0.273539227178458	51
-0.035259112539413	0.169475933261589	51
0.116410068650884	0.290723112847163	51
-0.026533614504055	0.418452966443196	42
0.052116364592903	1.34484218377959	449
0.0761888055321121	1.71876490806687	449
0.018757703871609	0.655028200414151	107
-0.108394376067841	0.500151992330967	107
0.04801686456708	0.622473851459793	107
-0.00448287374363598	0.522597808108067	107
0.114869632503771	0.412339457771009	107
-0.102983228984235	0.297857160086472	107
-0.045482730168757	0.41875397884788	107
-0.123067314757596	0.155900786767803	107
-0.045889823782064	0.163746990319039	107
0.118782139891516	0.547903753956334	70
-0.035826103360814	0.17167260536398	135
0.105535864373223	0.424383228114415	47
0.115285861053464	0.427068129727341	439
-0.018512585092776	0.395943745126347	47
-0.027513642330081	0.160639388440737	47
-0.034534618313873	0.174260018652835	47
-0.117484044081415	0.155362987319923	246
0.043225705052546	0.280517143168055	246
0.119750019404961	0.438724878164433	38
-0.123067314757596	0.155900786767803	38
0.120956729636381	0.198581629955028	38
-0.063507672198553	0.284032208048763	716
0.122142447057631	0.298846379400737	716
-0.033996886658204	0.169081222919269	288
0.118673107965924	0.29497201272278	288
-0.036202117766367	0.172742420349666	288
-0.00282731643018103	0.277512418725735	288
0.116410068650884	0.290723112847163	288
-0.047667832998029	0.158724477540728	288
0.041774605851138	0.429284799049937	42
-0.037497036647594	0.170193407126297	42
-0.063982600373782	1.50139424374943	449
0.015014121199203	1.50307072497004	449
0.057382727611349	1.19287295389104	70
0.095068973150629	0.673349204342122	107
-0.070562066370528	0.410673626852934	107
-0.025392385959181	0.411054970133968	107
-0.043608775397191	0.287144774984848	204
0.0553265631347321	0.534967857584535	204
0.00371233343447797	0.519165565698667	70
0.115733607915394	0.445655977478467	70
0.070022390395637	0.434611279311982	70
0.120445542273239	0.432648446222167	47
0.066664442740668	0.423287681193008	439
-0.121065187320958	0.148407667966801	47
-0.059205596702941	0.291725910204399	47
0.124214008916153	0.206232457822621	47
0.12086217813941	0.295177503066108	47
0.122964300445271	0.200951799928207	47
0.119581575111605	0.285876510106544	47
-0.122235131003812	0.155816693801671	28
-0.118803808534462	0.150791409356138	28
-0.03176680579702	0.170755366799563	243
-0.116932946815042	0.155087982835398	20
-0.029204183596655	0.29243634980308	246
-0.085865072216833	0.304316946305161	38
0.050114971929436	0.280898279403582	288
0.050201243922896	0.295961740279646	51
-0.035611141457188	0.284918349013646	42
-0.087215344246107	1.6054781737928	449
-0.073032067119188	1.46678007867735	449
0.017097876000388	1.49043468981215	449
-0.044291785925262	0.87320975171174	70
-0.053519372873416	0.421055229655719	70
-0.016637260881705	0.523849885767243	107
-0.00450235498863	0.51232390806962	107
-0.112749830829294	0.303502025190322	107
0.110936731107283	0.419760354468386	107
0.001824743326727	0.404050094061802	70
-0.083404501118826	0.297841795875626	70
-0.097005247536272	0.300663823541277	70
0.107975277517939	0.435220827697494	616
-0.11533528316293	0.295108346714757	616
-0.059802267904251	0.295341969151119	616
-0.1067511834908	0.297165983220237	47
0.086225625253351	0.537140105333324	70
-0.020052936054469	0.431233337186304	47
-0.096835842166724	0.281694536706769	47
-0.063769657358865	0.300580875399166	47
-0.123101079897197	0.151305120618178	47
0.05263895780017	0.296119387926464	47
0.122288460411843	0.295224960085863	243
-0.06602654846634	0.29813562563181	38
0.112288559173844	0.428137158616776	716
0.119713851501106	0.199126209354249	716
-0.00192111869096201	0.285146801646028	288
-0.036202117766367	0.172742420349666	284
-0.00243220263210597	0.296265481080456	51
0.045578696259824	0.286545141472743	51
-0.122813648865981	0.154116786086016	42
-0.064022384192606	1.64028335302918	449
-0.056232121241222	0.739535769772293	107
0.069267890005896	0.714088693309563	107
0.122363016877501	0.852861523946052	107
0.055133709675757	0.797179139934011	107
0.082895163896876	0.907462135564557	107
-0.05730887440273	0.40638688756607	107
-0.064787785062457	0.415126165223275	107
-0.06594539611411	0.426548587039421	107
-0.049381932876995	0.421201111131651	70
0.054230024203858	0.541570171357444	70
0.061405191453856	0.544510182362045	70
-0.070034250663016	0.291110368034704	70
0.013794525645893	0.432576331623992	135
-0.106179685565827	0.287959974967468	616
-0.039712833968508	0.282995975381268	439
-0.101736823464806	0.294249423791473	70
-0.041200831127417	0.285757127693547	47
-0.034560174246728	0.290606697148642	47
0.121228784881163	0.439326737718258	47
0.124214008916153	0.206232457822621	47
-0.037497036647594	0.170193407126297	47
-0.037308230429795	0.168894757905337	243
-0.005140414206046	0.28307068892467	20
0.00986398239587605	0.412126417853034	246
-0.097062349486139	0.308837472624245	246
-0.1194324503778	0.158271878821346	38
0.041730465828144	0.283788865318709	20
-0.033996886658204	0.169081222919269	20
-0.111696593307892	0.300482360058805	20
0.119252577440141	0.435574627350649	20
0.045308385712308	0.283932086709606	288
-0.124447794903251	0.154887241397544	154
0.124171597440276	0.2990350820534	154
-0.089249180934632	0.284282472996493	42
-0.042912548414467	0.580495213183582	107
-0.026523833593908	0.575374081852602	107
0.00455332708415801	0.523530756151611	107
-0.099846402577427	0.300576926279003	107
-0.119176342498063	0.159173674782741	107
0.009389767327592	0.422119986062213	70
-0.030861491823731	0.29747717126704	70
0.018289294080974	0.423532102696853	70
0.11997793391237	0.442658577729542	135
0.037699511471464	0.409119814356917	135
0.034345398875762	0.41534973004746	135
0.060525041161455	0.406041544090584	135
-0.123394917270686	0.284814305618906	439
0.083046913282666	0.620556148844083	47
0.08698002447897	0.544592798606161	47
0.114161979609369	0.650344138880166	47
0.00507555141987903	0.382416736580259	47
0.045218245051131	0.291575551432465	47
-0.070575974604206	0.287357189165465	47
-0.083806159824454	0.292318703284744	47
-0.040819584266134	0.166160604374828	47
-0.124198576558148	0.152128418034435	47
0.00207232918540701	0.296454728338625	47
-0.121120346232233	0.153093217450726	28
-0.111888478559629	0.303667854642828	246
0.070878952111316	0.414011680927945	38
0.011647224923039	0.42251443493802	716
-0.116657938441674	0.304975172621682	20
-0.031980490478011	0.403656087846784	20
-0.00877887773542202	0.430087461259777	284
0.048902731610357	0.282705665353628	284
0.04671383291068	0.288061043605768	284
-0.036930131428388	0.172876337095916	284
-0.026220446911442	0.406069044165271	51
0.011947381248766	0.418637546637124	51
-0.123680562552186	0.429841730082131	107
-0.117647666042312	0.30361695549784	107
-0.040145501903138	0.285806092884855	135
0.00164705326707404	0.289677531271216	1071
0.0649419497194	0.543125099587791	47
-0.048876324653487	0.409410603630731	47
0.070157449505375	0.434283692670595	47
0.050201243922896	0.295961740279646	243
0.05263895780017	0.296119387926464	243
-0.00622417992276397	0.283380712937043	243
0.070318550166288	0.419289166116248	246
-0.121570190742924	0.312256741514854	246
-0.124125623344132	0.306716956940728	38
-0.040235063503099	0.428207307507274	38
-0.072830081446062	0.286149404394063	20
-0.062653194183432	0.29266234361997	284
0.108310645722712	0.41913661945068	284
-0.042670742173831	2.17258066778814	312
-0.036224616122464	0.972547578381306	312
-0.03286242157328	0.402034967518938	107
0.01521318830596	0.430821795219286	204
-0.069428496406233	0.4201692761068	70
-0.046921549605959	0.416668384671112	70
0.124141981417183	0.570353090273141	70
-0.003140383620093	0.284265392532068	70
-0.111339740964197	0.297346376711492	70
0.110414270874114	0.544881753087826	439
-0.051502903842427	0.430088749363679	47
-0.105946513794149	0.286736292138377	47
0.10522712599914	0.51672743508323	47
0.000844094122064987	0.29519696080701	1035
-0.034116614559958	0.296890188083449	1035
-0.109773944950023	0.307222455260658	28
-0.00146588381240098	0.289957678494949	20
0.00248070555824198	0.290275654813841	246
-0.039285167295042	0.285880763738075	246
0.044438052113061	0.438538469573231	246
0.00279138819730196	0.399393521521968	38
-0.022170650989233	0.399336322217416	38
-0.068741072416052	0.297630938000213	38
0.07735151229824	0.513945300205164	20
-0.050145987585421	0.42269652510414	20
0.0572613501959121	0.285232598630906	284
-0.070530978529479	0.420164902227354	70
-0.082329132249503	0.404961040537558	70
-0.085569618746653	0.294355618720683	70
0.068219640548836	0.426732314712412	70
0.092307173754455	0.545869751217624	47
0.00544695313877897	0.411907130135706	47
0.0487031907093241	0.295664408857857	47
0.077429992585629	0.432958130388277	246
-0.108518824117669	0.289006137317422	38
-0.00743479241649603	0.521793118691384	38
-0.019574105015225	0.394034002151049	38
-0.093988347876465	0.282779869382289	20
-0.064036210442584	0.294511835743061	20
-0.071281906587934	0.292845975325281	20
0.071961022313551	0.435499496251934	284
0.124555066495811	0.29954513242504	284
0.063094351213729	0.279232053832131	284
-0.00192111869096201	0.285146801646028	154
-0.108190486096688	0.294716338122541	154
-0.083724609125341	0.297571066225702	154
-0.094865278200821	0.299550778407368	42
-0.109752866796788	0.402341628493325	204
0.0807797777797969	0.706575137785686	70
0.123305601955872	0.663592858150716	70
-0.0384469788148	0.49831408659765	70
-0.028809444097158	0.424034342860773	70
0.0411235811299721	0.42540007635313	439
0.08873235043473	0.549490765013622	439
0.035076255599779	0.537077111092829	70
-0.066487110584426	0.412806258543116	72
0.033583385113844	0.602266439128873	72
0.122404875111649	0.199001544034778	60
0.117900015159401	0.198196728181155	28
-0.056258329118591	0.421090780292731	246
0.095040351881349	0.539026868847687	38
-0.027591304384623	0.423759873297409	38
-0.114988734886196	0.155737204611114	38
0.039020891747749	0.272448580758941	20
0.051419481314169	0.29712546877219	284
-0.120301540210331	0.158166969036568	198
-0.033775301239732	0.500160316478643	42
-0.045168665753752	0.526937269447789	107
-0.056758783162343	0.546180460706449	107
-0.044512075735828	0.425073464285624	107
-0.036606778487432	0.292940778553231	107
-0.088792432233107	0.30099598283379	107
0.026254119142877	0.536665509711245	70
-0.06931005366816	0.28895111123166	439
-0.124751377390408	0.155544577577489	47
-0.036930131428388	0.172876337095916	60
-0.028610934299511	0.160231212088632	20
-0.069154865972563	0.275633143931233	20
-0.122977470834593	0.311025591521461	38
-0.075615675819014	0.356482347167949	38
-0.016159813020391	0.489581413747912	38
0.034539454752616	0.427513249996951	284
-0.096108107686294	0.301451725815221	198
-0.00935771356053899	0.271354222869084	42
-0.120011130614796	0.49498594502018	312
0.085871783828377	0.41232783270349	204
-0.070420937648534	0.534584718067993	70
-0.050940906472724	0.401305639260317	204
-0.06702219784635	0.296561158321547	70
-0.111054421036455	0.289930696154586	70
0.049833947167705	0.290603519042703	70
0.120925858515873	0.292815007401042	70
-0.025464918044719	0.473388886737588	72
-0.042640549122391	0.274789844412617	72
0.122969082786527	0.437243967741519	47
-0.062458000961194	0.293499539396128	1035
0.04079227283696	0.419336694431459	60
0.064459869826282	0.512310987223765	60
0.0475721583500151	0.296057759291339	60
-0.004225396984119	0.283868306234901	60
-0.082110478982904	0.290792251987541	20
-0.066434616517316	0.292116949033346	20
-0.036802105186926	0.29352846357503	20
-0.003140383620093	0.284265392532068	20
0.0106659609583299	0.429114300993392	38
0.106859606227962	0.402073815842688	38
0.043699506441167	0.612823927001906	20
0.048278921868608	0.52365692875115	2159
0.040858320580714	0.435466500558127	284
-0.081388975548331	0.285994560760383	284
0.010142937981437	0.476166177340105	198
-0.050331950689749	0.429291449347834	198
0.029669549784286	0.54374401306717	154
-0.038094981378327	0.426180107409144	42
-0.110936704560749	0.452761847726132	107
-0.083097540390268	0.425243404214414	107
-0.048414858111278	0.507888368361896	107
-0.077465206137389	0.529991749985236	777
-0.119887064144873	0.397011442574194	70
0.099153512438124	0.55536423098682	70
-0.088937293934613	0.420740817934135	70
-0.041884324121524	0.391724775519137	1235
-0.079214072869944	0.298650072375288	70
0.115958624408596	0.44384640435857	70
-0.025719900387207	0.417110784650484	70
-0.00488804407729798	0.596831618462739	72
-0.002158907948627	0.28768167558039	60
0.122417219153015	0.434942283349074	60
0.123044328046606	0.301801827558271	60
0.0490680928816279	0.294378869374499	20
-0.067341965104397	0.280575945663798	20
-0.045230389379229	0.276792069521479	20
0.116938377706627	0.432492797351602	20
-0.110122238899928	0.296919591814973	20
-0.118465321455519	0.265552931333864	38
-0.00877887773542202	0.430087461259777	38
0.104389907618417	0.655004730365185	38
-0.062398790126033	0.414272697863398	20
-0.06325924196824	0.417088667433634	20
-0.037613506648779	0.284088680944501	2159
-0.037286131404868	0.398258569552929	2159
-0.058675999414947	0.296718947653673	284
-0.12419177462442	0.156618549124342	284
-0.06000693831165	0.374517918909528	198
-0.123326699188515	0.475555063124685	107
0.020592284372309	0.518646913545357	107
-0.04535683187075	1.0019260771834	107
-0.07312521509114	0.277335853968164	107
0.113413631328221	0.419570021884281	70
-0.032868208908604	0.170805479480064	70
-0.0954032333439	0.27512107077933	70
0.017939788082315	0.748058481408159	70
-0.02817648771378	0.420212470233341	70
0.066102958162254	0.529452632837775	70
0.052594191627144	0.549989508732235	439
0.042501586597134	0.429301285526588	1235
-0.093773179029339	0.29222554465513	1235
-0.024548515537967	0.389124510143155	70
-0.10316404380008	0.414450463755157	70
-0.059654108222577	0.751953232809575	70
-0.040723459300082	0.170099779410914	20
-0.065241708506589	0.548416492956777	38
-0.0382294499015	0.298105676758091	38
0.107227496324001	0.743142374714059	38
0.110385403857952	0.742540603710014	20
-0.000972211333966022	0.275336826952136	284
-0.09243073804274	0.285067285879504	42
-0.050470349715926	1.57755417023729	107
-0.080912719340836	0.562452922212285	107
-0.00985023369403998	1.16017876983802	107
-0.037308230429795	0.168894757905337	107
-0.029366421068431	0.166108309450669	107
0.124214008916153	0.206232457822621	107
-0.123934631489088	0.153105344726263	70
-0.073142389590695	0.694648637573717	70
-0.082395195317896	0.549402080193634	70
-0.036578302236998	0.510354232985605	70
0.0537698534739231	0.294632895769422	70
-0.040819584266134	0.166160604374828	70
0.05263895780017	0.296119387926464	70
-0.00474002376152499	0.420228619548807	1235
0.036382016530748	0.618939081545067	1235
-0.053247242219963	0.4961820711154	70
0.081972953163806	0.749225457764927	70
0.053825447912666	0.614670525534243	70
0.1086855947114	0.79621704484462	70
-0.085422736082565	0.559774913659562	70
0.09885259755617	0.509478470152614	72
-0.121684263163148	0.157995342139036	20
-0.025818651324371	0.505266299551783	20
0.046484855961467	0.78930578267993	20
-0.09877514685233	0.404280913423093	38
0.06791013430527	0.421812929959543	38
-0.118916032360511	0.303450723288363	38
0.043147062881032	0.28081237265328	20
0.12365390775712	0.198464355288851	2159
-0.03268865757297	0.167812585654534	284
0.107302449058948	0.527464428410365	198
0.050117658796076	0.290904537151996	51
0.025448372674896	0.674356446545036	107
0.018758579840475	0.602327850130662	107
0.121282456265337	0.198645955133022	107
-0.003657270070063	0.294187521809399	107
-0.042746022584743	0.41044446593872	70
0.102911399010153	0.412395479693561	70
0.087513890484725	0.65442278188371	70
0.027417470781856	0.540414406608331	70
0.044776477006046	0.533892438777724	70
-0.04004874884899	0.399885108312201	70
0.047482578368232	0.294494542243722	70
-0.091331526772045	0.408560480818916	70
0.0337012773834769	0.617520625563196	1235
-0.059474065869729	0.43055651648335	1235
0.053423050081049	0.552164398187697	1235
0.047320473521335	0.545804247596891	70
0.113758621722551	0.43838868258041	70
-0.034534618313873	0.174260018652835	72
-0.037870708469347	0.167051134176967	72
-0.034534618313873	0.174260018652835	60
0.124214008916153	0.206232457822621	60
-0.117701499883627	0.305077823678969	20
0.017122192024157	0.434985288105949	20
0.018811238872129	0.51285328325221	38
-0.111899172997953	0.290998751455911	20
-0.038602253259392	0.171369029815336	340
0.124771021919602	0.197435251980405	198
0.047482578368232	0.294494542243722	42
0.035130858472167	0.41260583724269	42
-0.025197914991055	0.425224117109278	42
-0.015411546316347	2.08114957736124	107
-0.030056890777979	0.847559038415972	107
-0.097041367396172	0.605646375136424	107
0.116661354041874	1.26047632932389	107
0.049454521810688	0.90870672045849	107
-0.049045654832315	1.06508244401485	107
-0.051768994943631	0.406379609271542	107
0.121006908071277	0.295460890512761	107
-0.034534618313873	0.174260018652835	107
-0.122487946192157	0.152114454916293	107
-0.106252780604098	0.505982316978237	70
-0.115584788474916	0.505093201183028	70
-0.108437387042136	0.504054963330753	70
-0.039467948911689	0.297110761516601	70
-0.013672580583074	0.719771627213117	1235
0.062244866487539	0.6383710287397	70
-0.048997438986067	0.60901377767912	70
-0.095102811843196	0.456937851591567	70
-0.032128145953359	0.166483758321827	20
0.124771021919602	0.197435251980405	20
-0.032640955260121	0.487489404121639	42
-0.043646803478321	0.161648474248048	20
0.117900015159401	0.198196728181155	38
0.12272011122527	0.5481912468176	38
0.042840773355619	0.436857915344358	284
0.075203583126647	0.432383774886985	284
-0.121938366872206	0.156892679811585	284
0.011203790349345	0.534412191785209	42
-0.076835060522868	0.421990830474455	42
0.097964701162803	1.57333550953987	107
0.111709877801665	1.51517774137293	107
-0.054009471575496	0.961392651486197	107
-0.116582141208608	0.398964485249254	107
0.00601442478390901	0.293201657117152	107
0.118470563051444	0.194253316345752	107
-0.120353132182859	0.522231459528961	70
0.078016151473462	0.800530042394368	70
-0.057805926769417	0.426857945551628	1235
0.041986814151145	0.536466341888399	1235
-0.037656395731145	0.289431987025174	1235
0.0702072923206	0.789039611066528	1235
-0.112239494565407	0.30085190003823	70
-0.019577731732149	0.561464134976732	70
-0.040819584266134	0.166160604374828	20
-0.03648202409168	0.418899481814595	42
-0.051856863563204	0.420155825911231	42
0.051425969698725	0.736443560146461	42
-0.014238755834579	0.407686117773145	38
0.040344769008397	0.414392858382214	38
0.051056781746162	0.293419649553655	20
-0.0378064019048	0.281279979859762	284
0.119713851501106	0.199126209354249	284
-0.036930131428388	0.172876337095916	284
0.120038702691823	0.194989234813248	198
-0.076808182715346	0.277962989777005	42
0.118757420702131	0.518498514205787	42
0.00106354014177601	1.26188678316975	107
-0.070825340086638	1.03459760215279	107
-0.039168324636371	0.862660590826787	107
-0.029169417222156	0.159390464750108	107
-0.040723459300082	0.170099779410914	107
-0.064713543470396	0.594041636199055	70
0.055828951004703	0.71549498431246	70
-0.053842811479252	0.426779639962899	70
-0.045755594838218	0.687974859952163	70
-0.092259354131596	0.295135189862861	70
-0.045163453526303	0.159987596642005	20
0.00301531377834896	0.399884157885819	42
-0.119665006411783	0.405333160111411	42
0.058126102151348	0.727299500134795	42
0.122200371447973	0.537049967355862	20
-0.040934190617863	0.428501147573865	284
0.117900015159401	0.198196728181155	198
-0.036930131428388	0.172876337095916	198
-0.124949177700163	0.307543330720283	42
-0.032104581442273	0.296170677400673	42
-0.008367143067191	1.41575359163598	107
-0.037308230429795	0.168894757905337	107
0.071009053725188	0.427751689465522	70
0.068046651294878	0.792721833602703	70
0.01240297059885	0.574849605085216	70
0.117900015159401	0.198196728181155	20
0.116657021139255	0.193360272717834	38
0.124065335006313	0.282262974316193	38
-0.077069454142633	0.274757425688365	38
-0.116361282930557	0.155562675795945	20
-0.070348437220193	0.478711048489324	42
-0.038036464163298	0.171991450715647	284
0.118531068847462	0.28589958677396	198
0.121155457408384	0.194170392898925	51
0.118470563051444	0.194253316345752	51
-0.038417169891076	0.294726908407448	42
-0.120867665968048	0.1477790917129	312
-0.015252982719243	0.603629683817576	70
-0.015396825333617	0.672127256351808	439
-0.114401302920331	0.407249077612201	439
0.039020891747749	0.272448580758941	72
0.082491466045054	0.51864359114637	20
0.055788450387838	0.656323777843613	42
0.101989767788291	0.683652163056135	42
-0.116350623097369	0.422794071168711	38
-0.038044581065895	0.29078001766456	198
-0.060595169733508	0.421163996274047	42
0.12423405040378	1.99067117266902	107
-0.015135376768602	0.579454042355706	107
0.107844576918364	0.413848375761746	107
-0.106040231995068	0.530578190242303	70
0.075056182124804	0.766763112305352	70
0.07743786688368	0.970094184222075	1427
-0.105879720565596	0.686454961651918	70
-0.073377613289272	0.485274395643576	70
0.115224472557855	0.623908628133223	439
0.043102647626314	0.420847880676147	439
-0.061653837037504	0.483553101286361	70
0.057922135440401	0.538803272361713	70
-0.000835898621435016	0.58947367086673	72
-0.036007583108567	0.163129904806706	205
0.087069591696418	0.637437922958975	42
0.027224734470827	0.655196777344747	42
-0.084309738909759	0.42326275747537	42
0.050077235229702	0.764069874688028	42
0.103218862884017	0.643326350574225	20
-0.112569051271808	0.406539132267093	42
-0.086958772719639	0.29288699736289	42
0.047540555826185	0.720383087702602	284
-0.021590115525214	0.812680383853772	107
0.017909195059406	0.701479373482795	107
0.087878973055401	0.829154931003389	107
0.048960496751123	0.728183323886975	70
0.00408171826989801	0.706972723455177	70
-0.097619779189079	0.404836945193312	70
-0.062653194183432	0.29266234361997	70
-0.086427348526034	0.474154021397538	72
0.049154288281363	0.291019345415956	852
0.0723832031123281	0.438230356174679	1641
0.107242883399499	0.426870092519522	1641
0.107587435980741	0.423792140803657	20
0.116419795295568	0.434660090803903	20
-0.016525241774432	0.40981908874538	959
-0.00134891292892397	0.294737089433561	42
-0.083962066745561	0.423807668401528	38
0.000254347618619977	0.577111489471856	38
0.015070298416382	0.421814884035543	20
0.119725017165948	0.291878461742693	42
-0.086647149020843	0.295273630100601	284
-0.115677324112548	0.311713268587046	284
-0.040827996351388	0.40409697796726	51
-0.089895356887259	1.71790850856921	107
0.061609204252301	1.34749225218259	107
0.00835463969899997	1.06088016669927	107
-0.114203527237066	0.569819651320933	107
-0.106885804603653	0.495984097016029	107
0.00513974386767002	0.648838307715634	70
0.053770577828985	0.609776483639128	70
0.090402895303663	0.960999351191026	70
-0.077167612330671	0.533033349830293	70
0.068517876430522	0.810621859889918	70
0.028581474558898	0.542131755822071	70
-0.101289087261609	0.401234472709528	70
0.098421326598421	0.385868146934391	70
0.118358557458549	0.558608093621041	72
0.122932728468346	0.42720517155163	852
-0.005714667646605	0.286761851796316	1641
0.076870053325832	0.441361280409067	20
-0.035487689042343	0.267512780690741	42
0.053004640620991	0.524460780923854	42
0.05263895780017	0.296119387926464	42
-0.040334057362192	0.543461910844427	20
-0.00968593156134601	0.565119871183335	38
-0.036227835699361	0.506991965067859	38
0.016497090474229	0.422450333518462	20
-0.116786453802159	0.304401684310985	42
-0.100511278935423	0.414715463958835	42
-0.032433480152653	0.475250059434927	42
0.0427129418647541	0.688046986147865	42
-0.103612355701231	0.302993024777591	42
-0.068694552522535	0.28641695955083	284
0.00150513374197803	0.294085578657271	51
0.04834060575104	0.533072242999956	284
-0.000804334319764011	0.421227048498627	51
0.05263895780017	0.296119387926464	42
-0.058255328420096	1.02462901277502	107
-0.013020673151769	0.823266375347052	107
0.096505497227067	0.938620566124366	70
-0.078174064882069	0.615997384372248	70
0.014054031032616	0.713621544646327	70
-0.084197776050871	0.789192613212171	70
-0.100313973594547	0.508916122710536	70
-0.00373516911995603	0.248960332892162	70
0.118987440032707	1.04838418028597	70
0.048515686257124	0.631641389633357	70
-0.081632058627538	0.476492832814158	70
-0.077108167700886	0.417327404758643	70
-0.123934631489088	0.153105344726263	70
-0.098270746527571	0.491228804669209	72
0.075748401354182	0.424943777629503	72
0.112702399692821	0.427898091816809	1455
0.0584844145694991	0.286931927020181	20
0.07394727097462	0.430103014534611	42
-0.121110299935226	0.154566749667274	42
0.12318349270671	0.303437764606221	42
-0.014609523704954	0.503052780514668	38
0.030463352692065	0.408965489064117	38
-0.104198255980555	0.295345711060514	284
0.078462493049106	0.638698950033151	284
0.082889451592326	0.531872634456494	284
-0.045344284071523	0.499424022667533	51
-0.070745438183786	2.10435096369353	107
0.071779558392438	1.32136796628588	107
-0.001787817675794	0.74024082730412	70
0.036968936751963	0.860323811889584	70
0.055800608821042	0.682653427731765	70
0.109071782763118	0.780702677530846	70
0.054330331253411	0.405635355225159	70
-0.035557735799052	0.294503426690252	70
0.033816294565982	0.415296226331903	72
-0.059937590345668	0.297407354114569	1965
-0.040145501903138	0.285806092884855	1455
0.110082674241911	0.425849901323292	20
0.016878472583355	0.502005083964707	42
-0.023677034046296	0.43090502889836	42
-0.0140178765417	0.419566615805227	42
-0.093570423809781	0.300082674830978	42
0.071982378408927	0.428461447999489	42
-0.117079182364691	0.287821207196699	42
0.027208735965116	0.53706430420143	42
-0.04082502809255	0.40378906659119	38
0.112255279605371	0.664213301596543	38
0.00324429319498998	0.407014845931488	284
0.116684633901319	0.438623873369752	51
-0.094586072030006	0.306848660798934	284
0.083251655273857	0.539441630175633	284
-0.031626549688749	0.416518767599966	284
0.070189995639191	0.412563419355001	42
-0.119652802690203	1.18047389788036	107
0.077001622942738	1.51717249214869	107
-0.081722967861405	0.786290873565934	107
-0.097180917254187	0.396098580496207	107
0.016462051713953	0.73871477470588	890
-0.062969833068911	0.636604399732823	70
-0.115900104030137	0.542085978906468	70
0.074435204286712	0.880683436624196	70
0.115563676679796	0.784364501880313	439
-0.00816500998707198	0.663832258651547	70
0.0585995498437391	0.537442025449932	70
0.029029162765159	0.540957234690028	70
-0.045476440902985	0.403825483558569	70
0.077676262111011	0.519005147038264	72
0.011647224923039	0.42251443493802	72
-0.00460062358783903	0.290276719033849	1965
-0.120557192965985	0.159006819090808	72
-0.044265072083534	0.285574205558509	72
-0.064764098535929	0.3011496161243	20
-0.117647666042312	0.30361695549784	20
-0.054434331907635	0.294899371212854	20
0.064697327984657	0.535160846182171	42
0.00545772314051496	0.520951937269036	42
-0.038545241621604	0.500362479351885	42
-0.064496269531929	0.392974320683067	20
-0.042210574192539	0.411454060479514	284
0.00661738757725805	0.417252168216889	284
-0.092100884647558	0.283030286718313	284
0.086585025553599	0.546259852912376	284
-0.121905448817607	0.39113904717269	284
0.01409778115751	0.429918550014425	284
0.06233033610239	0.537664062019693	51
0.0399808912713	0.522589725967179	42
-0.017707816190592	1.57120924044238	107
0.096220650579281	1.61112336506247	107
-0.032570953264844	0.384758555636685	107
0.00982894711822502	0.98000819534223	890
-0.114153367949827	0.554956686294501	70
-0.100846549782964	0.41408710552156	439
0.0750618371642769	0.548933480131232	70
-0.041849743754275	0.654204679814335	70
0.031596448855001	0.591610896157101	70
-0.03365672811615	0.28245681615711	72
0.014967084215161	0.415195662039911	72
0.06596508461277	0.427895703284955	1965
0.075612566201417	0.429064202772336	1965
0.083350820448903	0.422534466556348	1455
-0.118053473987344	0.158440404544565	20
-0.041452459608294	0.166540477166596	277
0.00794031044480703	0.415026809305376	20
-0.032679917405846	0.297523351501338	42
-0.00711866901321101	0.41617569975936	42
0.121541639846386	0.627003183899689	42
0.080955892851864	0.619640164371669	42
-0.093743804547782	0.407966024342037	284
-0.050138214114763	0.413209402752719	284
0.011960862456995	0.415960666435902	284
-0.034393512217501	0.291934938215409	284
-0.108519298004865	0.297035776237408	284
0.024203900517683	0.52727820266494	284
-0.117553853787989	0.308110651858488	284
-0.10380172958772	0.286978834752816	284
0.11448726529733	0.444453510940854	42
-0.048228026914741	0.922846112318291	107
-0.045530392609046	0.615013234195893	70
-0.059228047465681	0.533606077496256	70
0.00174811097305305	0.584839910169343	890
0.00839816931858095	0.762921590896542	890
-0.044574075264841	0.553484013976857	70
-0.123588055795471	0.488681681987575	70
0.108089716151916	0.648087347840244	439
-0.055861910671812	0.408320608400728	70
-0.017366096005908	0.417164564546317	70
-0.050331950689749	0.429291449347834	72
0.12365390775712	0.198464355288851	20
-0.042548465285908	0.165709173447527	20
0.00642432775597401	0.290654929828682	20
0.045420104826192	0.280985538518635	20
0.123569935574181	0.656347082380239	20
-0.116653066367137	0.30092942618252	20
-0.049531803414097	0.507208664884122	42
-0.002221341851254	0.532362401047432	42
-0.08785102061757	0.301646595518235	20
0.072672845598903	0.441867779635228	20
-0.069203300605308	0.53269498400167	42
-0.106920169785109	0.51266805987695	42
-0.061572606540939	0.41474091289052	42
-0.084042800280796	0.293990948365403	284
0.12283303641449	0.290647948989501	284
-0.07021345729679	0.492352050296528	42
-0.000952427931322997	0.507930920036527	42
-0.093466592606888	0.525844491438871	72
0.045745521614793	0.625384663673464	72
-0.045551575845008	0.4054899873778	72
0.00780543856117399	0.458536286309883	72
-0.111181595571282	0.301173933933811	72
0.013714508258862	0.418221180260449	72
-0.028023324109226	0.425836148798947	72
0.116251452707967	0.430715096524502	72
-0.040529342705593	0.283640636681353	277
-0.090689677196473	0.292857401465942	42
0.074253037924734	0.554170621732479	284
0.093571406050446	2.37712972508679	70
0.040350098769144	1.80607214368634	70
-0.051546391442624	1.06259431314643	70
-0.024607874366013	0.571487388989065	439
-0.120104117908394	0.39809189138789	70
-0.108785167160685	0.384012109694348	70
0.056126716093621	0.294550678371805	70
-0.042026535294929	0.167618117264498	72
-0.014956535520335	0.525564834073462	72
-0.041394442235993	0.505370701178383	72
-0.030056158391234	0.408014480152465	72
0.074208970145784	0.42724834515118	72
-0.00499303655535999	0.283540125381193	145
-0.120557192965985	0.159006819090808	42
0.05304951311117	0.797773994467902	42
-0.055567043555884	0.293837079457601	42
0.000990067111595994	0.294943632410782	42
-0.042622987867271	0.288626817200061	20
-0.095496448048977	0.302422113211076	284
-0.056906669063455	0.418404174084469	42
0.028031671736116	0.591240682681695	51
0.048888918319711	0.288501915819139	42
-0.095167624825479	0.280691182612534	42
0.011305460969626	0.281161685144073	70
-0.098384387672173	0.420836435132226	439
0.0121565769144431	0.658587355328366	70
0.053295006529582	0.684209731335082	70
-0.102522984913086	0.290583730485951	70
0.074492153123338	0.428232832189495	70
-0.057989881835122	0.299460740100756	70
-0.035826103360814	0.17167260536398	70
-0.117484044081415	0.155362987319923	72
0.051419481314169	0.29712546877219	72
-0.013015191188618	0.589235405193497	72
0.069039333535706	0.549791885790234	72
-0.05404976567637	0.427899700581404	72
-0.00231396673789902	0.427488506086065	1967
-0.00506412839458997	0.528207940776808	491
-0.104770477671703	0.305714515294267	20
-0.039013488284202	0.284298868027386	145
0.032109961670063	0.411657844116379	145
-0.091268266259414	0.397143993700828	145
0.040059348928672	0.268950536237407	42
0.014929872682477	0.419049152729122	42
0.010241678200633	0.513746628437731	42
-0.113470217444739	1.1457728969981	70
-0.121054721772676	0.846329211936174	70
0.0729056130425541	0.87026507640037	70
0.009939163041782	0.98584973507939	70
0.047812548939836	0.893857945950827	70
0.07614253974122	1.01524634432728	70
0.012399437839328	0.727179405459696	439
-0.120470672363738	0.496683323609835	439
-0.090082189030122	0.479847545566518	439
-0.030184292911457	0.422012632199775	70
0.030068355182061	0.401935524337265	70
-0.038693288455921	0.292129876105226	20
-0.093861538041712	0.298863332662614	145
-0.013937266377864	0.587851293361461	42
0.083649117654257	0.650226574157073	20
-0.036764647916717	0.405866248418533	20
0.073872617276644	0.625688880783975	20
-0.11586961132542	0.298520562064221	42
-0.032847357016761	0.401231664961999	42
-0.002573387419328	0.292688647312342	42
0.037962259315134	0.431202642599458	42
-0.076783674910981	0.419307232940936	51
0.005825764611189	0.674666685765294	51
0.064675601350317	0.606729051767017	70
-0.046921549605959	0.416668384671112	70
0.089049525404058	0.638207241730114	70
-0.039562625008153	0.617214262221232	314
0.04376286964029	0.874327303004257	72
-0.116674816555427	0.15533460632198	72
-0.0412942253505	0.165829202991859	145
-0.037497036647594	0.170193407126297	20
-0.062824151844913	0.492077628387443	42
0.000522514811044039	0.282345629423766	42
-0.092717724670513	0.41335556940666	42
-0.00622417992276397	0.283380712937043	42
-0.076508194469044	0.277198842742219	42
-0.042548465285908	0.165709173447527	42
-0.1194324503778	0.158271878821346	42
-0.039059188666403	0.167843938439159	42
-0.12223687615801	0.149982574623984	42
0.097502373008161	0.550726802029281	51
-0.102692780684893	0.288670542281271	51
-0.026323464245639	0.969081509031064	70
-0.056299372609057	0.731276394876303	70
-0.03954187821568	0.736116984358583	70
0.113853157081113	0.798056509256601	70
0.033977326450304	0.528991360109827	70
0.040681341450799	0.503177420024861	70
-0.08134220911633	0.301830975007539	70
0.011823924632737	0.516797807986276	70
-0.037662408836445	0.289457608695985	72
0.112514526355387	0.438569014956961	72
-0.042558385852201	0.287527081270355	20
0.00411405294261702	0.289183063067929	145
0.123276751534072	0.299808404948194	145
0.00978432657689898	0.427102103311456	145
0.049282630204318	0.547685734537912	145
-0.077312020017263	0.410382571522351	42
-0.103295004085353	0.309183033120886	42
0.0295635370349761	0.407315152158017	42
-0.118861825010751	0.304012425804329	42
0.051499873987955	0.511311830147297	42
-0.119370783937108	0.297589013109805	42
-0.080610279561838	0.296295902595851	42
-0.08303493925387	0.390228074838049	42
0.070157449505375	0.434283692670595	870
-0.103892430267372	0.459638012958425	870
0.120768536620559	0.56051929254281	42
-0.00666001045544501	0.276954393034063	42
-0.067324891243344	0.293200826502166	42
-0.111040348228068	0.304308861377241	42
-0.016433462451219	0.406786981041506	42
-0.064217147634418	0.56669608121778	42
0.00881051381414599	0.781446145340537	42
0.068298320378692	0.848853637327992	70
-0.023122815599678	0.890232490059155	70
-0.109445438226271	0.295467059905441	70
0.109311166570823	1.27270857651399	70
-0.014107364799615	0.514075868044912	70
0.041347228220626	0.769771276756915	70
-0.010174774749003	0.52357113027105	70
-0.074742081011027	0.491664766570172	70
0.117233083838482	0.417295817429598	70
-0.045318133297596	0.163671020678652	70
-0.124751377390408	0.155544577577489	70
0.051056781746162	0.293419649553655	70
-0.043695355402452	0.163516081274639	70
0.00478638439476897	0.615358869859163	72
0.0519087453492429	0.805638936310384	72
-0.08492601428679	0.304964965521466	72
0.071050018046973	0.55103517647045	72
0.068324429815836	0.538616381978261	72
0.065838826745574	0.409060269437816	145
-0.111596014206287	0.309719702369819	145
-0.081201209283632	0.299575270525854	145
-0.040548528155797	0.427831934170286	145
0.116543152054194	0.525744245140081	145
-0.059021948374807	0.421859818125398	145
0.0422805348603	0.62398822186889	145
-0.112225873552841	0.401497823066698	42
0.09924289337708	0.62108943754121	42
-0.10583054304047	0.296524917788096	42
-0.031683557336303	0.287489560588584	870
-0.032846945322351	0.425096887173338	20
0.00639907096930104	0.601900175473759	51
-0.098584648681965	0.405872833681006	42
-0.089054337724297	0.472233187498314	70
0.104534114118523	0.649291190612523	70
0.016554639641997	0.761514315106563	70
-0.106210358756716	0.513983079062684	70
0.019959968952827	0.426648107656184	70
0.0229029838478591	0.535259076571946	70
-0.011686098370233	0.268747434722685	70
0.124771021919602	0.197435251980405	70
0.122964300445271	0.200951799928207	70
-0.034156268667084	0.168359077789132	72
0.116344996683972	0.43134225501402	72
0.082234780278918	0.706974962914011	72
0.046235098762151	0.52434135707354	72
0.020579182063444	0.547680605797007	72
0.00199384931442803	0.523588714855828	72
-0.085388989021978	0.298572845904862	72
-0.120891414492278	0.262642956091439	72
-0.034754704922227	0.292011365377517	145
0.087075461345086	0.526881525309442	145
-0.084019140886601	0.38757806308441	20
0.108191050691265	0.73786058695532	20
0.056263532373609	0.616275455193106	42
0.12349807803668	0.556978950022754	20
0.041195613874317	0.438916196415021	20
0.013656997543421	0.604986072560629	42
-0.095176190155117	0.409814752801782	42
-0.123785265899664	0.286283258541668	42
-0.04891538986076	0.414743783868323	51
-0.106996871817345	0.716494937822785	142
-0.050678802952686	1.10084139439648	70
0.050887575694534	1.18123105147618	70
-0.037566793088046	0.492783341458052	70
0.115911824131927	0.433545141542006	70
0.00789937047331701	0.420278853137495	70
-0.113394261553371	0.458193434580081	70
0.095377738489094	0.634717916937239	70
-0.086403171772564	0.292968860801476	70
-0.033162649957736	0.505210069092605	70
0.057164788336486	0.28598924694573	72
-0.06151295220043	0.299637675792605	72
-0.092980134569883	0.289738996644205	72
-0.056815187068105	0.419418262712933	72
0.115958624408596	0.44384640435857	145
0.044860077548492	0.281958344974066	145
-0.119176342498063	0.159173674782741	29
0.124555066495811	0.29954513242504	42
-0.041819201429834	0.166345325053339	42
-0.001562827105001	0.506883736909306	42
0.094589964339138	0.644714503183503	20
0.077718926958022	0.429753988922535	20
-0.114608190767026	0.295320828880571	20
0.055052337402846	0.62552966305611	42
0.095606240202108	0.560302786298277	42
-0.071028462664523	0.288460145673249	70
-0.03176680579702	0.170755366799563	70
-0.070462737382881	0.286821863726006	70
0.123276751534072	0.299808404948194	70
-0.104839859378759	0.302037485143258	72
0.04671383291068	0.288061043605768	145
0.049833947167705	0.290603519042703	145
0.0467963697414731	0.286624627317254	145
0.045218245051131	0.291575551432465	42
0.12349807803668	0.556978950022754	42
-0.035639537940514	0.170348743224255	42
-0.041819201429834	0.166345325053339	42
-0.041452459608294	0.166540477166596	42
-0.041384192196994	0.164918991607186	20
-0.118858781350849	0.153389820971964	20
-0.038602253259392	0.171369029815336	42
0.101191922887573	1.34502666581796	684
0.042697396511835	0.740790822865107	70
0.020753135705317	0.714381947630565	70
0.049240593789857	0.536580337296704	70
0.095555232835756	0.752553325279641	70
0.116744929467645	0.188741793507657	70
0.124771021919602	0.197435251980405	70
0.0860451875623221	0.599408995599092	72
-0.109649621740591	0.40774802080105	145
0.00810066301541001	0.553951752611797	145
-0.008687323277903	0.499244630173381	145
-0.031934003528609	0.412071948037666	145
-0.069840552450136	0.423535014874943	145
-0.123191826203506	0.311349824360732	145
-0.035165824469339	0.283896287899351	145
0.040400034019236	0.424095113252822	42
-0.091291618093207	0.396001324097428	42
0.0529632053533961	0.543823876568667	20
0.089806787949514	0.531356705486284	20
-0.090351731266728	0.397207919346851	42
-0.096191909845123	0.411006170195159	42
-0.085703034306327	0.295224489376937	51
-0.033151155663914	0.295804380293639	42
0.021716581185639	0.426173079657887	42
-0.105046829663197	0.295374743167418	42
0.057515479737404	1.14072718097684	684
0.033722531538871	1.3403543706146	684
0.093322526459051	1.85834157137117	684
-0.094146304911982	0.467922228448125	684
0.042132315612138	0.531137571609666	70
0.027515178767398	0.838692884577496	70
0.074307811152343	0.87647734850769	70
-0.034891591206682	0.287348206816428	70
0.110807287877613	0.43033666560403	72
-0.069088307333836	0.465995379699028	72
-0.090665748085819	0.419946181635461	72
0.02866587008068	0.662254612753656	72
0.072789742548426	0.679576257997589	145
-0.044848158150683	0.497128675584371	145
-0.024166247048131	0.518525589856237	145
0.028277753301027	0.601058117493361	145
0.0812629444770711	0.64275832825381	29
0.051500097755116	0.281542098899246	42
-0.093321097111449	0.301307318446476	42
0.015464320147897	0.52633031282973	42
0.00487721248987205	0.64094514474961	42
-0.029900939389637	0.511524515605628	42
0.109435281184819	0.438456965463525	42
0.074777685341788	0.42424607183626	42
0.068947043766925	0.757468938931379	42
-0.034890637120017	0.563200060034931	51
-0.102399977235209	0.366627310740756	42
0.035730180078241	0.414127450532274	42
-0.049262211678098	0.506362631227188	142
0.099513745040123	0.622993579321879	684
0.104413357731841	0.778060567427216	684
0.088484895112308	0.813418890100722	684
0.050545109510524	0.730554708430815	70
-0.02526269169163	0.409961933054252	70
0.122964300445271	0.200951799928207	70
-0.040819584266134	0.166160604374828	72
-0.108258572512471	0.303662914160754	1935
0.028623123025982	0.4081579238124	72
0.093140196725781	0.545578435043137	145
-0.116109614751704	0.15553924319242	42
-0.017319713168021	0.40126965326295	20
-0.121052131823628	0.303591558016317	42
0.073351422852428	0.432982559394504	42
0.065885248350162	0.548584250273725	42
0.0479296552531831	0.530911419706484	42
0.062041840084673	0.411775320613526	42
-0.00351309178736497	0.408343489198619	70
-0.096972506046262	0.476159744785325	70
0.117342195864649	0.863737070108231	70
-0.08448238858508	0.412801924805116	70
-0.021764949419942	0.484766339873973	70
-0.082463220786016	0.299373770260788	70
-0.086955076565012	0.286573798836586	1935
0.062655111674867	0.607267235760442	1935
0.0726097599972541	0.632554001275069	1935
0.00807171959228703	0.530962328162772	1935
0.050849808339536	0.411227191445004	145
-0.029928224541521	0.16689211770785	1278
0.12086217813941	0.295177503066108	42
0.085171554977723	0.542361124704505	42
-0.00379615680428402	0.288354312269328	42
0.034952818646248	0.425686335960614	42
-0.00788518365989899	0.281144799184288	42
0.0625113310873821	0.514949678749364	42
0.110973285424004	0.42343016386851	20
0.084383150191692	0.532352902056964	20
-0.074876720387663	0.410565646947727	42
0.121006908071277	0.295460890512761	42
-0.105987059308164	0.305481033218633	20
-0.080561192874717	0.40901286704055	42
0.057080818663843	0.527693911642637	42
0.075393233486557	0.553687499544078	42
-0.123247393793414	0.289597879470037	42
-0.085182160253974	0.295300006757353	42
-0.085478328257128	0.411044529689522	42
0.095841347681087	0.712206951079395	42
0.026447168817379	1.16854996746423	142
-0.085778624939798	0.73406769256529	684
-0.115088403541316	0.394206000141032	684
0.039162178396184	0.545158051333347	70
-0.00506412839458997	0.528207940776808	70
-0.00171953286594401	0.283823795743161	70
0.000421710774074047	0.291402675722984	1847
-0.039709773909628	0.170493638317434	70
-0.12362237401623	0.155634201329785	15
0.00367013676018901	0.292212391396416	15
-0.120301540210331	0.158166969036568	15
-0.07936198880984	0.405928268110089	207
-0.036877843532608	0.413508943818322	207
-0.106657330842048	0.289982898888159	72
-0.124741279422517	0.315052983595432	145
-0.099186019597839	0.307083059181983	145
-0.022299909820176	0.419113297428764	145
0.051419481314169	0.29712546877219	145
0.122196549816227	0.287280861484584	2257
0.110755340334712	0.422854299834915	42
0.124090558456308	0.628041115823753	42
0.124918672741171	0.857802699966542	42
0.116462082267298	0.280652474664773	42
-0.033923072382839	0.299418503931208	42
0.118531068847462	0.28589958677396	42
-0.041008119897147	0.423668037910543	42
-0.08785102061757	0.301646595518235	42
0.0697785985384271	0.546307723176477	42
0.027043332335559	0.393351254881476	42
0.00412493196679398	0.518452646428286	42
-0.077340451196857	0.405207724250647	42
0.014499478435177	0.40143806779881	42
-0.00184851596521901	0.423989010037104	42
-0.007744292900421	0.271851973997423	42
0.041503296698082	0.625587229754495	70
0.122220410802726	0.864613253766925	70
-0.124352567071568	0.493308680148939	70
-0.11108078236636	0.468261440054575	70
-0.041787421639639	0.552169367222012	70
0.035139475550554	0.402108290416163	70
0.118642954943477	0.263023548197111	15
-0.123763025845154	0.297779523502051	72
0.0874589206427701	0.595560986291378	1935
-0.08549328131847	0.387076536328533	72
0.113245276112423	0.414513935388737	207
-0.042558385852201	0.287527081270355	72
-0.040690726331807	0.425521365422471	145
-0.018680043204202	0.402575097294521	145
0.076282751900658	0.429592213212873	145
-0.030172661596343	0.295351967575752	145
-0.123067314757596	0.155900786767803	2257
0.124555066495811	0.29954513242504	2257
-0.018901617352073	0.417738543611918	42
-0.01235772889936	0.420435074105391	42
0.097393438263924	0.386439781801429	42
0.014242398137095	0.403515595753153	42
0.054909790860487	0.274906599619508	42
0.01252406956337	0.425828392742389	20
0.010436188789384	0.41963800285197	42
0.00259901289710496	0.416022631037934	42
0.012626231153111	0.538434600584598	42
-0.002868450604466	0.28162132572952	42
0.00330026476252499	2.31182540178744	142
0.097396539435409	0.621114854809575	684
-0.097898361543056	0.404708896066679	70
-0.048353401224492	0.689349305917885	70
0.00454213248810698	0.642329762815609	70
-0.025270032148756	0.50298911468549	70
0.012111263699549	0.587187099768622	70
0.000990067111595994	0.294943632410782	15
0.0511481474212721	0.291327423472949	70
-0.034534618313873	0.174260018652835	102
0.065836765261691	0.735012301059878	72
0.024279881515665	0.520083839648957	72
0.0974068286488849	0.638071826401046	72
-0.109526794526257	0.404609179851513	72
-0.044575676319491	0.42325547257806	145
0.064214601862529	0.545882664032506	72
-0.021278449253483	0.520527541402661	145
-0.116249623988132	0.298712049182661	145
-0.063494579552253	0.287460862211134	145
-0.107836521933025	0.293481140789433	145
-0.043121393112504	0.168759010980697	29
-0.059216676710614	0.293648488882933	2257
-0.044659740996032	0.284540179534652	42
0.056190711893181	0.69400244804689	42
0.00396789661380104	0.280220840401766	42
0.042017090788714	0.431468099468602	42
-0.096941221500568	0.404870108169118	42
0.116127036062711	0.435409508981877	42
0.124108393817335	0.300273357864464	42
0.064992764087386	0.540315520265907	42
-0.078889217116973	0.420464602069697	42
0.0707250248736781	0.639801360821396	42
-0.060170169551716	0.413347487962945	42
-0.058385671899489	0.408946609064107	42
-0.120239073295213	0.297672577700169	42
0.00698385173614002	1.07281359033457	684
0.069310084512371	0.640892392530132	684
-0.069343182469359	0.707146780593414	684
-0.084762152222305	0.609412423536957	70
-0.026237761651412	0.714912507055611	70
0.0425951585265	1.00907960135515	70
0.016424515641786	0.879401831064227	70
-0.035778208044893	0.568278185111491	70
-0.089249180934632	0.284282472996493	70
0.124214008916153	0.206232457822621	70
-0.014426827403471	0.486712236626281	72
-0.083215670896599	0.411891213635117	72
0.059468893039998	0.528658487714818	72
0.094309142582086	0.558161912989449	207
-0.074949853143327	0.425093875105364	207
-0.093924964306227	0.287394184693964	207
0.0433650137724591	0.43522626686361	207
0.067248580951054	0.410611066215971	145
-0.104628538549557	0.293649368440593	72
-0.040330697725827	0.294950006188703	145
-0.090594333073193	0.290378180201719	145
-0.100464133681157	0.303570765451226	145
0.0975133897187041	0.537446540963554	145
-0.09716302811984	0.298290465833892	1042
0.091039482307758	0.610692413202239	145
0.02536003890751	0.513351689589536	145
-0.093773179029339	0.29222554465513	145
0.041646104767098	0.285067724747238	2257
-0.036202117766367	0.172742420349666	42
-0.010825911683173	0.426108994495863	42
0.123726850636059	0.742555167898332	42
-0.103481466090253	0.296547904591644	42
0.068626238204481	0.404086473273827	42
-0.094524482607785	0.416535846907945	42
-0.022518213217318	0.417968100096214	42
0.00924005773649905	0.414723610874562	20
0.106105915810702	0.507123811890689	42
-0.122453913335729	0.310502525620662	42
-0.012635259698114	0.417269100968483	42
-0.038037735086473	0.427869588473463	42
-0.051669169650783	2.33943178165322	142
0.0512276337274949	1.98567047216707	684
0.089503439536304	1.89431751090246	684
-0.039479606953285	0.813615285417331	70
-0.112589039949027	0.458989264956758	70
0.00113833627823801	0.28964862915253	142
0.023952469137739	0.659941383141242	72
0.117257708297381	0.429125776358792	207
0.04671383291068	0.288061043605768	72
0.117331638389231	0.562793126553866	145
0.12224852141807	0.435355491299027	145
-0.101998621152562	0.306139582834025	145
-0.068741072416052	0.297630938000213	29
-0.00178399354916298	0.284129172807576	29
-0.053824244993895	0.415546462775093	42
0.115895994911608	0.712349675440475	42
0.041812969867087	0.534319193839776	42
0.058301809726161	0.628784862717564	42
-0.036202117766367	0.172742420349666	42
0.017723044108829	2.22315543176779	684
0.110386078739221	1.92400836529073	684
-0.10277910067051	0.843135258025635	70
-0.03005966764727	0.834776879930941	70
-0.025623972556749	0.789811694212137	70
0.0644924609766821	0.63752622506549	70
-0.049064933872229	0.404601820085815	142
-0.030691845446032	0.414030701873136	142
0.118470563051444	0.194253316345752	145
0.047482578368232	0.294494542243722	145
0.120229160449024	0.418887403001596	42
0.00601442478390901	0.293201657117152	42
-0.036928695892007	0.410278743255958	42
-0.096707937506897	0.303846721601489	42
-0.061662124860204	0.289552783485552	42
-0.084123249599605	0.299689363385541	42
0.035440078211015	0.416663051778982	42
-0.104994015322738	1.35649912625156	142
0.020763800479908	2.35607815422397	684
0.0420333218951769	1.67313324796561	684
-0.096876028263187	1.1636658263823	142
0.075809760392949	1.87675003345453	684
0.0323095573347461	0.528713951447392	70
0.115830485795448	0.561323467800433	70
-0.068741072416052	0.297630938000213	70
-0.058265947936312	0.300821671796715	70
-0.026310296977807	0.564112711846521	142
0.051152129085223	0.290351869612137	70
0.026519741761058	0.611306128261955	70
-0.068280408896406	0.583742989002709	70
0.069697092375811	0.784254076757633	70
-0.11193950374364	0.307504273933697	72
-0.105550989483773	0.484145421021304	72
-0.124447794903251	0.154887241397544	207
0.122964300445271	0.200951799928207	72
0.12365390775712	0.198464355288851	145
0.124214008916153	0.206232457822621	145
-0.027513642330081	0.160639388440737	42
-0.022439128862005	0.674822293035838	42
-0.091247548635315	0.295557305229631	42
0.0207868658153471	0.428806609604848	42
-0.037497036647594	0.170193407126297	42
-0.051242030345193	0.2601273887291	42
0.114575758376311	0.651055043818353	42
-0.041384192196994	0.164918991607186	42
-0.044224174467368	0.411872617501617	42
-0.091536324385178	0.286262533101976	42
0.021250822811748	1.49570773994724	684
-0.021119213129032	1.60456458833016	684
0.098894082022445	2.18549500753588	684
-0.077020114928404	0.555023712254386	70
0.117789172959225	1.39689788896241	70
0.00764494093161305	0.421942986204385	70
-0.076041384886717	0.426576111291405	70
-0.100227912472136	0.412105763202044	142
-0.080767972878337	0.477455599860831	70
-0.061443669844389	0.549614654292518	70
-0.115301650373059	0.400664677144948	72
0.108196656233427	0.645777906497996	72
0.124544532866297	0.19581541349256	72
-0.040153727111663	0.164240216099442	145
-0.036930131428388	0.172876337095916	145
-0.117488613336819	0.30060618593793	145
0.117321475036121	0.72969445709063	29
-0.07928795894874	0.285785628298616	42
0.056563785993947	0.741423397792653	42
-0.092412310293823	1.31538601409103	142
-0.105428480480731	0.810248123254992	142
-0.10894159424072	0.672991168144326	70
-0.102726296488632	0.470791590691382	70
-0.086776994836978	0.618211252168373	142
-0.020217124623325	0.54801973854849	142
0.124379595120562	0.829917240646864	142
0.00169531261700095	0.526425700441188	70
-0.063059950843443	0.413144650989194	70
-0.024553418982264	0.632597458710963	70
0.0836313474817521	0.82822810431458	102
-0.117232846258792	0.152370130318612	145
-0.035639537940514	0.170348743224255	145
-0.064346938488677	0.291255634000848	145
-0.034311469035427	0.293806699648678	145
0.00909400937480298	0.574387985963422	29
-0.008911837543156	0.425849786834698	29
0.046438498902845	0.285029867460556	42
-0.060196704699566	0.429563703592157	42
-0.069889571193693	0.421873271098213	42
-0.046952208606125	0.431838676463744	42
0.013164040378285	0.419469912976946	42
0.120925858515873	0.292815007401042	42
0.077308249174086	0.638606442454706	96
-0.099201566105235	0.599214645610041	70
0.067230903947885	0.74929927892273	70
-0.103881759712613	0.299785027114891	70
-0.114883082355432	0.303539287932814	70
-0.048965730481701	0.551616200144236	70
0.099761681011724	0.548202990760757	142
-0.115333947132954	0.453393528938156	70
0.102801660152962	0.763657100532293	70
-0.037613506648779	0.284088680944501	72
0.040336804218877	0.264801146975216	596
-0.038978018539722	0.163501934089353	72
-0.118053473987344	0.158440404544565	72
0.124544532866297	0.19581541349256	72
-0.035564270037194	0.163275939128894	145
0.115507725607824	0.185500878348038	145
0.038702850973846	0.739216237500543	29
-0.020692355403304	0.426045085756046	42
0.011547341616353	0.428607226935813	42
0.069002845973788	0.748272774033513	42
0.112519896414653	0.634108290590129	42
-0.119450609247767	0.308244881230818	42
0.00164705326707404	0.289677531271216	42
-0.121938366872206	0.156892679811585	42
-0.00351610597211699	0.294732712752393	42
0.049833654394866	0.289101664978889	96
-0.087559726399239	0.386022980907796	42
-0.086223122334769	0.52137197838989	42
-0.078714682310899	1.53717316422982	142
0.035967445575507	2.36005561269959	142
-0.114894145302575	1.0418799698751	142
0.065064735808732	1.00423109980968	70
0.011694175645884	0.657570369939208	142
0.102304714679513	0.792143697316819	142
0.115861163809408	0.837731462982943	142
0.01153036733811	0.537814099450372	142
0.016101889469044	0.410295640201703	142
0.055052337402846	0.62552966305611	102
-0.02052378469269	0.284260293348861	596
-0.064602078871856	0.540736190017976	596
-0.117795816182034	0.156005932657227	145
-0.033432025892266	0.174191346332386	145
-0.06786414553772	0.267029039549582	145
-0.025364213223565	0.50154695408255	29
-0.040077649784711	0.406598867548245	42
-0.015116639464806	0.405671132426866	42
-0.00276095518820202	0.498334178769805	42
0.008762924473249	0.657424913877984	42
0.011862089376683	1.56905322147669	70
0.123113725370023	1.88815535277752	70
0.119993246224124	0.980169534491661	142
-0.073889140026282	0.496108319802439	142
-0.036894670986151	0.285158191102183	142
0.046189084325785	0.826356576913265	102
-0.04675154759752	0.27064043447993	596
-0.112905486950632	0.285140707155742	596
0.0475721583500151	0.296057759291339	145
0.050201243922896	0.295961740279646	145
-0.042385672810893	0.279686046272928	145
-0.043121393112504	0.168759010980697	145
-0.096416292900133	0.302250918325941	145
-0.066374617540261	0.273017765347277	29
-0.036989386486281	0.297353071283701	29
-0.04208106892211	0.496216873735829	42
0.00206679072508797	0.405628883317888	42
-0.027729041955676	0.412794516000152	746
-0.032855663342588	0.417234820957863	42
-0.011533534202033	0.414652369617635	42
-0.083142233137934	0.408008930492926	42
-0.085539844805176	0.301974210755628	42
0.015903546534749	0.43158886007408	42
0.00328361715307501	0.407188151814315	42
-0.077388728931023	0.412522321150294	42
-0.015992915236415	0.422760636693459	42
-0.115618700544456	0.295743703327781	42
0.0215671540086591	1.93726603244562	70
-0.044686331383743	0.860428610506323	70
-0.09891695136204	0.778491277934435	142
0.043349375241919	0.416181591529517	70
-0.058265947936312	0.300821671796715	596
-0.035619923245312	0.410399988814593	596
-0.060933525908966	0.296727743158278	145
0.106017957141274	0.640693643762042	145
-0.00243220263210597	0.296265481080456	29
0.00315398124371702	0.294950863477462	29
0.00298347423601997	0.647696549514892	42
-0.040834941804344	0.421550499623676	42
0.059703082870664	0.52294419405114	42
-0.084359080049176	0.286710389830511	42
-0.076723377775709	0.488843419391555	42
0.028291459270581	0.542481718304973	42
0.049428137830928	1.48552520162862	142
-0.109809337435815	0.42961253759291	142
-0.065175067705572	0.293824866900018	142
-0.044994421568251	0.405625541685778	70
-0.035355804548029	0.294750103289234	70
-0.00519700183533001	0.56459315396603	596
-0.035940265259919	0.294988946145596	596
0.071414693601725	0.439471454506274	157
-0.103454391268321	0.287306605123097	72
0.043225705052546	0.280517143168055	145
0.00802029646300395	0.415612658649947	145
0.092195658852188	0.560227116307456	145
0.043730037195317	0.739278027664741	42
0.042450047669492	0.437632262781979	746
0.0498085294734359	0.534191976083962	42
0.062928281254874	0.639482236621834	42
0.049794883856074	0.539285663773194	42
-0.013944595674089	0.412732523309925	42
0.039908145709318	0.491764716582557	42
0.102305477114195	0.653790011798587	42
-0.056927076102235	0.414787005010856	42
-0.046602726625937	0.414178845771896	42
-0.037845676154826	0.291732338481111	42
-0.048945263774978	1.16274568903472	70
0.101851516408687	0.793216710034003	70
0.0894418685637161	0.886521282492456	70
-0.089956981147632	0.48315978914481	596
0.068619825230315	0.545724501062391	596
0.0545366335526281	0.286882054419224	157
-0.036930131428388	0.172876337095916	157
0.124214008916153	0.206232457822621	72
-0.079524216959852	0.480457049303244	99
-0.07791995632473	0.293666508140587	42
0.058964557799792	0.389392804336322	746
0.0117512830841811	0.411033341599553	42
-0.00379891155713102	0.670322424501753	42
-0.043121393112504	0.168759010980697	42
0.04671383291068	0.288061043605768	42
0.046831118748249	2.29069850570501	142
-0.087067664243052	0.878566307999205	70
0.1140993848725	0.961688961641549	142
-0.043132175622939	0.542165591030566	142
0.050365648692734	0.552137078296386	70
-0.014118312251634	0.419949391220598	70
0.055128585433971	0.757798076350276	596
0.00667654707009602	0.641183211510858	596
-0.114068179206564	0.301557889080963	596
0.034476871949379	0.416724655337449	596
-0.033996886658204	0.169081222919269	596
-0.033432025892266	0.174191346332386	72
-0.044218597272212	0.167900327425104	526
-0.124491702030657	0.154250432471742	72
0.123324363445674	0.294734458944055	72
0.00698368691532303	0.28730882889431	145
-0.00267760782316701	0.281658605623417	99
0.01521318830596	0.430821795219286	42
0.086909625028011	0.654938775845948	42
-0.121570190742924	0.312256741514854	42
-0.0689345138801	0.495452539462762	142
-0.098584648681965	0.405872833681006	142
-0.07271888449884	0.410390390117071	70
-0.055847684436094	0.504348846063905	70
-0.08551309236232	0.413226452018495	70
0.105865739263459	0.859809037994933	70
-0.090836825829867	0.481714448722949	70
0.124214008916153	0.206232457822621	596
-0.050422602272935	0.15740068715785	72
0.121852570339308	0.195889917983624	72
-0.041142655361541	0.564635530905553	99
-0.112899409162132	0.401256376773389	99
-0.044218597272212	0.167900327425104	42
0.066252793998843	0.633503054324779	746
0.118396106468632	0.438695135399067	746
0.100721658106556	0.607114969427977	42
-0.115712148219506	0.298968760999981	42
0.118944159757233	0.638334084552015	42
0.049925046407139	0.294673712239491	42
-0.098290950728252	0.30865696484195	42
-0.084488245082184	2.09535127612	142
0.059432245413403	1.03161995792838	70
-0.013079959153501	0.862429094891773	70
-0.027437272432508	0.562964236191054	70
-0.08618835963183	0.303084672160642	596
-0.043961113047271	0.160025787548024	72
-0.028268837758878	0.163924152992278	656
-0.040723459300082	0.170099779410914	656
-0.038602253259392	0.171369029815336	656
-0.046001978293733	0.393285208485786	29
0.068768550283285	0.410970802004977	99
0.014449838947341	0.421014693997466	99
-0.00785449015360401	0.514992161106929	99
-0.117080790954654	0.296462324726683	42
-0.032368199989422	0.413523032510534	42
-0.042197711710016	0.281276850703391	42
-0.124271695651743	0.295232780625835	42
0.087780510916465	0.645733488814425	42
-0.100353793453234	1.45789225509237	70
-0.00845492348632199	1.90993363608352	70
-0.096017491803845	1.03249239977673	70
-0.100999660760641	0.829531840256249	70
0.096402915717285	1.36947620104787	70
-0.034513549139964	0.611782565755616	142
-0.098084372246183	0.681461592583255	142
-0.000827993737141986	0.588194018999795	142
0.037377927511177	0.432821196923344	70
-0.076052972928292	0.385942041496944	142
-0.054346907866957	0.502938090278514	596
-0.10997712367542	0.304753577505265	596
-0.002573387419328	0.292688647312342	596
-0.000637427427086001	0.283518289753201	157
-0.122495676028919	0.154381087768881	72
0.051419481314169	0.29712546877219	1056
0.120038702691823	0.194989234813248	29
0.045420104826192	0.280985538518635	656
0.072672845598903	0.441867779635228	99
-0.117079182364691	0.287821207196699	99
-0.121684263163148	0.157995342139036	99
-0.03145353936575	0.427708825536878	42
-0.070304381700318	0.402622960045892	42
-0.076378206540635	0.416218418358732	42
0.042777349565984	0.279862103322081	42
0.104133429495183	0.398491399560217	42
-0.075890531453675	0.397808740715463	42
0.072635712200792	0.542480704048469	42
0.036824064574612	0.525047753586736	42
-0.00208801047931201	0.517974316596388	42
-0.0280226490746	1.53090098496888	70
-0.049174459803275	1.52347770634386	70
-0.018729443172558	1.20156760397408	70
0.081114687410514	0.973039844030639	70
0.00900304598631396	0.841232096186934	142
-0.046004428742982	0.519723083229252	70
-0.05697178469174	0.532130102023287	70
-0.097086080354997	0.550517697401638	142
-0.078273088662539	0.40220451070664	596
-0.043488840346315	0.423882594592527	596
-0.043989934907567	0.276991220624626	596
-0.043121393112504	0.168759010980697	157
-0.039285167295042	0.285880763738075	99
-0.084238418775974	0.410821539924262	37
-0.024595785958497	0.41054453694212	42
-0.075115128263265	0.277803164824581	42
-0.089430370967159	0.296946040478264	42
0.121852570339308	0.195889917983624	42
-0.044791416747412	0.164568994135686	42
-0.102328469237417	0.306766338724632	42
0.00450616779961099	0.287509794827881	42
0.115480639954933	0.277226973541926	42
0.076725916953099	0.999832423978206	70
-0.00731598903000902	1.24529729183228	70
-0.117676909659047	1.24651653095957	70
-0.027824006328315	0.427864340426984	70
0.011198532469937	1.39684192594728	142
0.042609493169161	0.662635565135132	142
-0.026703042308155	0.377063311804497	142
-0.120349207527804	0.565414277547231	70
0.072532161864731	1.14923517505648	142
-0.105401840961632	0.769682449530664	102
-0.10967853772225	0.309241384645821	37
0.029449660751931	0.407817518525037	42
-0.013924242552931	0.40514153084077	42
-0.036654934267281	0.160739851129601	42
0.124771021919602	0.197435251980405	42
-0.038036464163298	0.171991450715647	42
0.051504680397196	0.431406949586585	42
-0.013419746453074	0.517065756268306	42
-0.120175732888064	1.59535834382287	70
0.0347352255330849	1.98310936062422	70
-0.033755298547796	1.70683916718667	70
-0.115640874918863	0.628507988585526	142
0.010117198892566	0.655097632330264	142
-0.064069461543702	0.498025723295281	596
0.081165261620754	0.526446591444778	596
-0.032128145953359	0.166483758321827	596
0.122142447057631	0.298846379400737	157
-0.119985777430136	0.150290879089864	853
-0.116932946815042	0.155087982835398	99
0.0515074904719221	0.294546960149973	99
0.113296945772129	0.886513867643796	37
0.078798424235057	0.434900046829548	37
0.00464605193270895	0.293301085447937	37
-0.065218337370409	0.29792769139046	37
0.071294773350537	0.523558637880181	37
-0.019571855346412	0.523501330089617	42
-0.039059188666403	0.167843938439159	42
0.035204888613005	0.429466933504606	42
0.071414693601725	0.439471454506274	42
-0.096300281379554	0.274344424616506	42
-0.019920439493196	2.36791607867325	70
0.048781391033394	1.56061283826123	70
0.043326557341689	1.07640288264293	70
-0.124237585358685	0.701365730837904	142
-0.070036339020059	0.796569400580964	142
0.074857407552226	0.6950847585301	142
0.11176081736025	0.801783582940238	596
-0.035259112539413	0.169475933261589	596
0.048982368814764	0.279935428935906	72
-0.120557192965985	0.159006819090808	72
-0.121684263163148	0.157995342139036	72
0.124771021919602	0.197435251980405	99
-0.035564270037194	0.163275939128894	29
0.0929232888653569	0.627121943369962	37
0.00150513374197803	0.294085578657271	37
-0.00761660927164598	0.274200030491176	42
0.122288460411843	0.295224960085863	42
0.046263207426088	0.290882531900132	42
-0.00585332542185002	0.28448551986313	42
0.046440556842592	0.292733794279044	42
-0.065434514267433	0.292801184040961	42
-0.045906136892227	0.282955828252925	42
-0.102373319175223	1.17864239493003	142
-0.028216336411296	0.949654734637745	142
-0.07762725589444	0.536095875365143	142
-0.082476564718866	0.531373201998132	142
-0.00677155248207501	0.562792694195823	70
0.0974063165429579	1.02451966713662	142
0.045578696259824	0.286545141472743	596
-0.119176342498063	0.159173674782741	72
-0.124491702030657	0.154250432471742	99
-0.122817981791757	0.154061143804624	99
0.099285078014554	0.555565910056184	99
-0.037930917614355	0.418336098933371	37
-0.05529781972051	0.553528308969166	37
-0.061094862263575	0.405467713417309	875
-0.080314707799519	0.410653376755368	42
0.054905858135453	0.294421889010528	884
0.051819062179577	0.273199579218492	884
-0.039380546569267	0.563048667948331	42
-0.032207546009629	0.407302476376901	70
-0.119224152324487	0.314267827060635	596
-0.000252797532242999	0.589787153747812	596
0.095268709324303	0.679920917801312	596
-0.033237137035459	0.405059381261681	596
-0.075505586793188	0.280491734535339	72
0.059611889922583	0.288386323429616	99
-0.019606844060421	0.424724146370278	99
0.036445298354036	0.526725969370028	99
-0.036796492699311	0.29442031096746	29
-0.12161761301394	0.398522911629248	37
-0.095111031573288	0.436083544155123	37
-0.035255047191052	0.514130617910556	37
-0.014002635110579	0.498903101668867	29
-0.082782820649965	0.297512840293348	875
0.037806566261638	0.601829857311594	875
0.047726610318615	0.546996102637938	42
-0.083724609125341	0.297571066225702	42
0.124023810229995	0.65355910049086	42
0.025744801097463	0.535193960159994	42
-0.091530981911782	0.407901261357784	42
0.00836727635934098	1.85350076954923	142
0.0617738879038831	0.410782108300849	142
-0.123737293020164	0.304561357572408	70
-0.031633537143623	0.295197599952076	1221
-0.029396476661788	0.292686173916188	1221
-0.013791043888926	0.583939298012355	596
0.012300228811438	0.412669191157477	72
0.067505432683676	0.434910203803505	72
0.00356368514031802	0.292913821702789	72
-0.016416727295164	0.417938718979938	72
-0.122495676028919	0.154381087768881	1749
-0.066059651217154	0.29425873181127	99
0.049154288281363	0.291019345415956	99
-0.032868208908604	0.170805479480064	37
-0.037702239328209	0.568740774502981	37
0.0677505204776701	0.552674184549278	37
0.116565715097564	0.421318424372026	304
-0.115739818915426	0.270182803917964	42
-0.018112121194095	0.411704296410583	42
-0.008169696560207	0.413660817330278	42
-0.045655314898552	0.418553838283768	42
-0.035639537940514	0.170348743224255	42
-0.090817390701316	1.00056151143683	142
-0.00556988726170799	1.42219261585405	142
0.033698154965373	0.425755425171885	1221
-0.036018828201849	0.296287645195761	1221
-0.111669392593683	0.304712458505632	1221
0.046710415485888	0.540223136124567	1221
0.074898658330393	0.440436827110355	596
-0.05569790292211	0.296679569911454	596
0.00491629747888001	0.411801063767646	596
-0.043437315251823	0.278238594399614	99
-0.013524501759686	0.415868518175064	29
-0.120421743882691	0.292000519414587	29
0.124708443011138	0.555376065895623	29
0.031854708641349	0.583211581277672	37
0.104318389962471	0.653329194048526	37
0.00060689561344196	0.521023912613633	37
-0.065588645947932	0.423484390365962	875
0.108061104305245	0.40870574115323	304
-0.000523815983127007	0.281582650534637	304
0.070906978773596	0.54684927879511	884
0.00826534864119499	0.53048894722481	42
-0.088655118683665	1.23548574421182	142
-0.112107701013118	0.897190964718737	142
-0.108837610099268	0.594936852884937	142
0.00411375231686695	1.04297624632353	142
-0.079719056819077	0.523107498237594	111
-0.029778306898914	0.561813986084299	142
0.115276677312293	0.282857017245327	596
-0.03176680579702	0.170755366799563	72
-0.039709773909628	0.170493638317434	99
0.12086217813941	0.295177503066108	99
-0.051261022010481	0.262949780528552	29
0.014201789983647	0.522768907725939	29
0.08554358988315	0.541597964889003	37
0.0411540472759711	0.664608883184911	37
-0.014272165231222	0.500149831772355	37
-0.106954985510359	0.440403357503762	875
-0.00718545574906698	0.579394393706105	875
0.071009053725188	0.427751689465522	875
0.023923920374999	0.430011746601237	304
-0.114988734886196	0.155737204611114	304
0.072264356558527	0.428689391904978	884
0.039478934093983	0.424499909986757	42
0.118192569998868	0.559264998357731	42
0.035594135920307	0.59622086742678	142
-0.082488981148235	0.807554161155929	142
-0.064717355741671	0.594046495779024	111
0.0158311418584171	0.69445250242529	111
-0.064579477576944	0.417144523916248	111
-0.063805207392677	0.387304483869969	70
0.119295516732266	0.424184337557318	1221
0.114799315100015	0.416879679046885	1221
0.00295921767932195	0.411862075373334	1221
-0.102378605947975	0.400279389054239	596
-0.065511586710225	0.421032601964752	596
0.0886481482661941	0.550050931600944	596
-0.040330697725827	0.294950006188703	99
0.07868724549342	0.430449736135533	99
-0.068610037351075	0.28109221233056	29
-0.077826440913874	0.42561032225979	37
0.034735081441749	0.404170142509665	37
0.06573579537194	0.543225964843533	37
-0.025568765516372	0.509038943096858	37
-0.117236468796874	0.397943344577601	875
0.061830895590468	0.633107952677617	42
-0.070442666212224	0.852477527953603	111
-0.076452482858544	0.470862769686194	111
0.099799234759075	0.728123703074152	1221
-0.120557192965985	0.159006819090808	99
-0.035355804548029	0.294750103289234	29
0.016235243476028	0.426107420110048	29
0.010083355029423	0.428028516884925	37
-0.076783674910981	0.419307232940936	875
-0.102717228154693	0.301592798545264	875
-0.020971726542922	0.404356946737808	875
0.052555077346165	0.290106847673752	304
-0.041813415611082	0.426280906779151	42
-0.115539862816042	0.297064527366097	42
-0.099122106453766	0.396557634648486	42
0.093289610593366	1.25829720195741	111
-0.108948383190169	0.779443561369107	111
-0.101423727612158	0.816616689245682	111
-0.078095321090041	0.485124635992785	111
-0.06378368824229	0.633880175082035	111
0.04509409283046	0.422721388998415	111
-0.079641047521114	0.293446986889458	1221
-0.00577547477481599	0.420930941835438	1221
-0.119176342498063	0.159173674782741	1221
-0.037460529521858	0.286329347081229	1221
-0.108354347251983	0.291379845336854	72
0.110670887701743	0.408263201075414	99
0.11548013963301	0.541788005758987	1751
0.111999211493355	0.432540133746159	1751
-0.041043355598843	0.427226629555006	37
-0.116125698762473	0.498813605773479	37
0.108105731844658	0.401210904893018	37
0.072576924416888	0.557127437285353	37
0.00876179522297804	0.418259618839153	875
-0.082123417036772	0.296310666226151	304
0.078140960307885	0.430793536731657	304
-0.032941201331891	0.426427153273072	884
0.0918184754754769	0.607517886912152	42
0.065241204440443	0.530807296947242	42
0.061414651591853	0.52865539333728	42
-0.107585317741721	1.08730844536246	142
0.068936460194024	2.25093432038091	111
0.048994165553382	1.01478003832292	111
0.067588274285658	1.24290895783588	111
-0.058745845592686	0.864921044649307	111
0.060907023655293	1.42868594604011	111
0.062623600662119	0.745494832942774	111
-0.115394767971823	0.456543328987535	111
-0.012814021933943	0.514407166760628	111
0.050117658796076	0.290904537151996	70
0.123900105952806	0.287318348885081	70
-0.037308230429795	0.168894757905337	142
-0.105936680241748	0.499071212191905	1221
0.121767387286307	0.647975397965768	1221
-0.013592557313791	0.577061853140611	142
-0.047652012030017	0.416256476160611	142
0.115004262870731	0.435818087906956	72
-0.054702245653114	0.291214203518273	72
-0.046281949810869	0.278043392793376	99
0.070298199005427	0.414570513864302	99
-0.107456795245878	0.289586269710089	99
0.119946110419846	0.296494470925561	29
0.109217925700476	0.440235442383915	37
0.080739128858823	0.637567326812132	37
-0.065094380509847	0.420129708378038	29
-0.090520624364019	0.295472854389934	304
0.037500961965648	0.529443154899355	42
-0.055178621925013	0.410569556012328	42
-0.037016071437528	0.430980650259451	42
-0.050519645311475	1.69175349798218	111
-0.100237919478419	1.32034458916755	111
-0.00406515555151099	1.12191294443566	111
-0.076824073884514	0.901458439976209	111
-0.089817887770213	0.520640265665256	111
0.0487031907093241	0.295664408857857	142
-0.104635200175147	0.463519885866749	1221
-0.041508571786643	0.285355056892787	1221
-0.085543815060374	0.41392484671164	142
-0.116350548151248	0.307623712462768	142
0.079415754479815	0.552123022476657	142
-0.039276041844391	0.392996608875567	596
0.093614306142012	0.532396995834004	596
-0.086509712546902	0.298052745904718	72
-0.090775251793086	0.290612975277279	72
-0.060521527230662	0.30120745123433	72
0.087303824071131	0.552164338032984	29
0.114967996618566	0.427769513293016	99
-0.124491702030657	0.154250432471742	37
-0.116486398965348	0.305306865131492	37
-0.00310907786127301	0.284228529023814	29
0.066820363906667	0.539986469175547	29
0.119946110419846	0.296494470925561	304
0.054538737707902	0.28572683927769	884
-0.089099832291624	0.285706546688239	884
0.075905443868081	0.43926207983191	42
0.112482416466278	1.34739920045065	111
-0.015550496668837	0.422817843849777	111
-0.053452370985133	1.03720403314839	111
-0.116218206113744	0.461650861086593	142
-0.024045533638248	0.521271951681172	1221
0.094454642995933	0.557478190215914	1221
-0.037613506648779	0.284088680944501	142
-0.071555103721653	0.402157824582826	142
-0.116882522058615	0.398797834375812	142
0.054383848644403	0.539383409039272	596
-0.055778711975361	0.397183794153641	596
-0.00349563414674697	0.528610574082255	596
-0.078536899793064	0.303593970143412	72
-0.107746790508912	0.283911428441323	72
-0.060658588639998	0.292205978396276	29
-0.100199336079206	0.298915714326492	99
0.00601442478390901	0.293201657117152	99
-0.123362269041447	0.155728468588177	37
0.117542214563695	0.294022384445441	37
-0.038908333394864	0.289278754297356	37
0.001365482584615	0.294366975706195	304
0.07225081884731	0.433167950808595	304
-0.030596403856905	0.416444638274671	884
0.092668486904855	0.545457930147245	304
-0.061056386653944	0.406144603930053	42
0.00435351352556101	0.508727343344303	42
-0.035083326063816	0.418787770115136	42
-0.070962093323508	0.415582721829226	42
-0.033084703271881	0.41193262978668	42
-0.073986856958336	0.282993652020965	42
-0.042197711710016	0.281276850703391	42
-0.035721224127134	0.542341213604561	142
0.063492715504326	0.856218787220783	1221
0.110021795800536	0.743741186348834	1221
0.00489371265111804	0.290494819047355	1221
0.055864989449731	0.283189882381539	142
-0.08184131135926	0.295708844175755	596
-0.064891243299012	0.283159674742401	72
0.108700784823497	0.426365910291357	72
-0.021562347471046	0.390996237073869	29
0.119295516732266	0.424184337557318	304
-0.067477879075865	0.297791572367391	884
-0.067209495824514	0.292751994395689	304
-0.02527874441036	0.410320247234484	304
0.114671986263529	0.426149724444452	304
0.048953803518401	0.631126449993656	42
-0.028304324232699	0.415835951529538	42
0.085494276480919	0.535536709257457	42
-0.044865389363126	2.48706782816709	111
0.00705341315926999	2.21263664496616	111
0.011245010635856	2.3157386114008	111
-0.037877624538296	1.33061316742255	111
0.037405030255289	0.900874731462193	111
-0.05719814157533	1.0119031352476	111
-0.00951065568589699	1.22339421528741	111
0.057895078614009	1.48060361958509	111
0.065838917650079	0.890370972544062	1221
0.00149215024482197	0.630572232265483	1221
-0.02685236206336	0.413632155407948	142
0.105092570991832	0.651030072465247	178
-0.107652987869628	0.290524169702566	142
-0.0382294499015	0.298105676758091	596
-0.119176342498063	0.159173674782741	72
-0.035557735799052	0.294503426690252	99
0.00642432775597401	0.290654929828682	99
-0.042558385852201	0.287527081270355	29
-0.040261982212042	0.285522912558104	29
-0.011642502297176	0.424707056736743	37
0.053720719098742	0.547216033932076	37
-0.064189680707779	0.289148501351737	37
0.113001871174384	0.534908081727947	37
-0.080406839358103	0.304303098437217	304
0.050933544035999	0.529232751540084	304
-0.046469276120496	0.275277911810485	304
0.037714388732941	0.427277878733091	42
0.026310864100303	0.534137982383503	42
-0.055433127449909	0.416684898554759	42
-0.115572368165526	0.302733806215281	42
0.078432094728387	0.42867369635205	42
-0.031925000364574	1.81233257343784	142
-0.084687729223851	1.14026696273309	142
-0.025669706922766	0.91914832893318	1221
0.00994285483944601	0.822313448051215	142
0.029125349674832	0.807947109142947	142
-0.036759743784619	0.62105055335751	178
-0.040819584266134	0.166160604374828	596
0.120785950601736	0.299137841386854	99
0.069039333535706	0.549791885790234	29
0.0834614157300539	0.703453627700139	37
0.04670170199875	0.518014744014159	37
0.09837470620897	0.778874273606746	37
-0.043608775397191	0.287144774984848	304
0.105868657452856	0.520506399909481	304
-0.033971939855861	0.167115678051664	304
-0.00566571181837	0.266877450453067	42
-0.10967853772225	0.309241384645821	42
0.01055455729674	0.526480686966267	42
-0.037029027259873	0.412772606766269	42
-0.077798898032414	1.51520760354289	111
0.089127520603606	1.40269091263848	1221
-0.092686677588742	0.637288847108599	1221
0.103149667575136	0.733447163225128	142
0.054334485317975	0.673590027323869	142
0.053701574217972	0.823835354005668	178
-0.037977220044981	0.512602673227857	178
0.045520074285334	0.426910617441156	596
-0.03365672811615	0.28245681615711	1312
-0.039285167295042	0.285880763738075	67
-0.036930131428388	0.172876337095916	67
0.047482578368232	0.294494542243722	67
-0.035639537940514	0.170348743224255	67
-0.122235131003812	0.155816693801671	29
0.051054661745454	0.288200841716495	99
-0.031139095146607	0.286844862632875	29
0.121111194452832	0.423499302015543	29
-0.054919014978125	0.421784911020982	37
0.119393341769603	0.628701674132723	42
-0.030861491823731	0.29747717126704	42
0.040803843727288	0.427078862284042	42
-0.024104261749205	1.99782421579427	142
0.116664634972404	1.34972623927168	1221
0.0501906758493	1.1725463521259	1221
-0.07723907482873	0.735688237986751	142
0.00769951136866998	0.601619242128271	178
-0.055331437841963	0.588712514304215	178
-0.039709773909628	0.170493638317434	596
0.042780837787786	0.284744936845755	596
0.049833654394866	0.289101664978889	1312
-0.035639537940514	0.170348743224255	67
-0.060280515165815	0.478573432355939	37
-0.080490626467483	0.51117174943829	37
0.03082021474689	0.388689360214716	37
-0.036606778487432	0.292940778553231	37
0.04684877398454	0.534793454295269	37
0.068471785562276	0.425764454647517	29
-0.032724774475456	0.512519980361532	304
-0.062778277521625	0.297375073099998	304
0.019081287532065	0.42367394919807	42
-0.056167284702426	0.420190487691981	303
-0.00497666856390699	1.70049703755335	142
-0.122594939108514	1.07901126043403	142
0.059352342855984	2.12230233958283	142
-0.069363301587722	0.731365271307699	1221
0.108535753699307	1.32999043811931	1221
0.082846526650594	1.41422570211051	1221
-0.076496461591068	0.916018262061402	142
0.089726396887705	1.10828465767924	142
0.096197594090676	0.787182139270233	178
0.033612246665753	0.524367224917673	178
0.124310399004356	0.303370466158071	1312
0.12191577670558	0.301862011357239	67
-0.124751377390408	0.155544577577489	67
-0.040819584266134	0.166160604374828	99
-0.039709773909628	0.170493638317434	99
0.00234087042561404	0.289258581759801	99
-0.077338044385271	0.30009660780066	99
-0.116674816555427	0.15533460632198	29
-0.06224499902927	0.480496868211494	37
0.054736322817374	0.533006063702232	37
-0.084508270779215	0.537662972961547	37
0.085393604853835	0.655562251953921	37
-0.022897008060866	0.504543111936669	29
-0.010356001298396	0.506725258093568	304
0.00911478455544001	0.42502828170288	304
0.113338125938521	0.428424415119817	304
-0.042435445094329	0.27223183563765	304
-0.040346918271004	0.281583680986869	42
-0.087688252266965	0.457752289951586	42
-0.088697775849381	2.00229671105483	142
-0.00259095016255001	1.46697379536698	1221
0.080016277426152	0.624071613577966	142
0.0958290409241051	0.794205165828144	142
-0.089297981129413	0.420622988092355	142
0.099626003339428	0.533761757188331	142
0.0412924441493	0.745829293410116	178
0.099469582057087	0.53526083072768	178
-0.068145745412166	0.283928424686747	1312
0.112911574633651	0.433702900331632	1312
0.081780581149787	0.427541575481914	1312
-0.039059188666403	0.167843938439159	99
-0.041877209578986	0.38094067132493	37
0.077609559062369	0.631857359123664	37
0.090139837876788	0.688017862320542	29
-0.013205771476113	0.415228400049488	304
0.117935584791638	0.438473096025324	228
-0.032368199989422	0.413523032510534	228
0.0458560209189151	0.535557412509848	42
0.014973018797832	0.430505641356307	42
-0.045200600280957	0.416435830990464	42
0.037435943290334	0.428476018368696	42
-0.054413871745828	2.49242406387135	1125
0.00954076482816202	1.38527294821841	1221
-0.034597333018094	0.511680890960581	142
-0.05732314828292	0.412689260610812	142
0.0657117003172401	1.00080990168243	142
0.0264222046761	0.617108755749564	178
-0.032922469275833	0.428153473429667	178
-0.102297026289374	0.268559040188911	1312
-0.022002674565045	0.390649550662872	149
-0.047330826196094	0.254414414162642	1312
0.00792042192144105	0.287431060496318	67
-0.034534618313873	0.174260018652835	99
0.014012830728408	0.539128508146397	37
0.027417470781856	0.540414406608331	29
-0.113625040014875	0.380457886532921	29
0.0345348179487121	0.671746371816518	304
-0.057228191926003	0.293185224462454	42
0.121502123607691	0.740883264434218	42
-0.115176087687063	0.298926830929134	42
0.099247062618026	1.98864237409086	1125
-0.017306164170466	1.7970047785509	1125
-0.024284569464051	1.72630408878278	1221
-0.073986856958336	0.282993652020965	178
-0.036394138458796	0.166042032522055	178
-0.037870708469347	0.167051134176967	1312
0.052644653281698	0.288515676885007	67
0.0593488328962271	0.275876093192848	37
0.045485155052453	0.614575973731908	37
-0.100595602641638	0.297260225348304	29
0.042780837787786	0.284744936845755	42
-0.121973505477099	0.152710361725204	42
0.036387596907119	1.84720237085933	1125
-0.015385873676842	1.2387948918021	142
-0.043121393112504	0.168759010980697	149
0.124771021919602	0.197435251980405	67
-0.045318133297596	0.163671020678652	67
-0.119984649775975	0.153305357422704	29
-0.074547927757527	0.280468231129165	29
0.120956729636381	0.198581629955028	29
-0.026095307531596	0.412980688736775	37
0.0692826830258541	0.757836583008162	37
-0.033983269739704	0.49409113253188	37
0.119713851501106	0.199126209354249	37
-0.045318133297596	0.163671020678652	37
0.0959592894208861	0.552462993700296	29
0.119142597747633	0.197658774394258	304
0.119713851501106	0.199126209354249	304
0.124771021919602	0.197435251980405	42
-0.042621030395638	0.401020646768416	893
-0.124012125319403	1.93930764630374	142
-0.0345862611676	0.890995759715385	142
-0.01802761533771	1.70853869342142	142
0.099726988710481	1.08027667690533	142
-0.079748706502569	0.993664022256364	142
0.016728192521191	0.393685796137897	149
-0.124491702030657	0.154250432471742	149
0.064992114422314	0.425846407130344	29
-0.014478357706253	0.609464333412278	37
0.00411011425397101	0.777493144695241	37
-0.037215731423186	0.165303678085409	37
0.12365390775712	0.198464355288851	29
-0.118053473987344	0.158440404544565	304
-0.03268865757297	0.167812585654534	303
-0.119176342498063	0.159173674782741	303
-0.011437331176445	1.14084247083457	142
0.070780771663511	1.26291138346832	142
-0.028623860755011	0.573741160429172	178
-0.111550343277774	0.464694966501603	178
0.028410342340624	0.662521911361244	149
-0.116877174148645	0.145911738519945	178
0.117900015159401	0.198196728181155	8
0.122288460411843	0.295224960085863	67
0.120038702691823	0.194989234813248	67
-0.038602253259392	0.171369029815336	67
-0.043121393112504	0.168759010980697	534
0.056035607330033	0.292975017746907	29
-0.114367854764501	0.308476848049758	37
-0.045809482589345	0.387725518231773	29
-0.049872960089724	0.51031511794352	29
0.046136232032725	0.42512502149621	29
-0.032216234342872	0.290504681711073	304
-0.045047002979714	0.28274781393433	304
-0.124447794903251	0.154887241397544	42
-0.044218597272212	0.167900327425104	42
-0.054705585405956	0.295527165568168	42
0.012048637138236	0.419772035876626	303
-0.096416292900133	0.302250918325941	303
0.053047390959751	0.617849248920226	303
-0.106128604283314	0.678482576015908	142
-0.048141264190812	0.690923010807651	178
-0.017408743280372	0.559227983704353	178
-0.098816583320418	0.41541205426525	149
-0.00217922594953901	0.282551708344734	149
0.051419481314169	0.29712546877219	149
-0.041452459608294	0.166540477166596	8
0.118470563051444	0.194253316345752	8
0.123276751534072	0.299808404948194	67
-0.114648509959797	0.148509643524479	29
0.081020306103717	0.523792095037536	29
-0.087770020369134	0.292159103307219	37
-0.09050355089137	0.284032830352214	29
-0.062398790126033	0.414272697863398	29
-0.081522218428727	0.299308150132506	304
0.053686238739729	0.291624498502172	42
-0.049334599774227	0.158170183686056	42
-0.069635184142647	0.281649388022331	42
-0.086032594904306	0.424259957742224	303
0.069424887975427	0.847168804945243	142
0.0662304020465539	0.835245750573022	178
0.12086217813941	0.295177503066108	178
-0.03287585976514	0.29703105749379	149
0.121852570339308	0.195889917983624	8
0.119713851501106	0.199126209354249	67
0.073520566805697	0.427528717054829	29
0.12193870925595	0.546634449502631	29
0.067068412007443	0.643551673210948	304
-0.078465835261853	0.398183123752221	304
-0.0281568370231	0.293952260749558	42
-0.038036464163298	0.171991450715647	42
-0.058580378625469	0.492657543435135	142
0.090122946433468	0.822254106217203	178
-0.102810467565687	0.458588472896985	178
-0.000751055503209974	0.425224295255998	149
0.0771434150417381	0.430896904383276	149
-0.066688983789435	0.289428996749642	67
-0.064948703346084	0.293234373679792	29
0.043628696102162	0.429622333166824	1048
-0.014864191320209	0.417640593910133	1048
-0.044518260109363	0.585466733855882	29
-0.092252135544656	0.407042022641132	304
0.0521858018549291	0.293049827069017	303
-0.064494591865301	0.300622542467815	303
-0.113345896438998	1.86715435962792	142
-0.024708740196024	0.933047866145602	142
-0.114700768988606	0.575961537725045	142
-0.002867439797056	0.866667708074655	178
0.037969480575046	0.514881112293034	178
-0.053097258808104	0.426887110449219	178
-0.023680243103337	0.5156100319399	149
-0.024761644597439	0.424292363194271	149
-0.023711379367351	0.417948754750742	149
0.082298674723511	0.424894434553105	67
-0.030661735827677	0.296137437875675	67
-0.038901896279637	0.28847183104225	67
0.04377859308135	0.417033999939215	42
-0.03176680579702	0.170755366799563	42
-0.044393572729617	0.156565905704876	29
-0.00070015366248799	0.284524758365186	1048
-0.019286093236572	0.398488539491399	42
0.021950745054988	2.10066101606783	142
0.00800776168117401	1.11628481821943	142
-0.08083062881758	0.920416325224945	142
-0.098946598652037	0.882189324606892	178
-0.083530977228884	0.778728765880666	178
-0.055938255228277	0.554271202431619	178
-0.074990625851123	0.490866853980638	178
-0.059132494810651	0.489262040729028	178
0.122454437491424	0.515495963113091	149
0.117153196572844	0.437530222323671	149
0.049833654394866	0.289101664978889	8
-0.039709773909628	0.170493638317434	67
-0.00351610597211699	0.294732712752393	67
-0.042548465285908	0.165709173447527	67
0.047848390263436	0.286682900292138	67
-0.04092336366848	0.286615430470525	42
0.101504236446277	0.405751838861844	29
-0.120368603027094	0.286829225406628	29
-0.050940906472724	0.401305639260317	29
0.00254248004120206	0.535655621121543	42
0.058663688657805	0.538618384430772	29
0.070994399830325	0.416896938552277	42
0.041882670833757	0.527827995402131	42
-0.03711521831868	0.508045498750949	42
0.066633140442741	0.407319948470209	42
-0.012011734643667	0.577562588129332	303
-0.098672225017062	2.05139522246809	142
-0.08546038687906	1.76482054577634	142
-0.059509328263244	1.81404656741472	178
0.064447006432712	2.04309747045247	178
-0.114473772730904	0.981977591348259	178
-0.054727946502723	1.20734590663215	178
0.115605160072375	1.74443233418288	178
-0.026321070157989	1.85147335907456	178
-0.046727752266085	0.567259527169825	178
0.012415205515751	0.28280984657339	80
0.124214008916153	0.206232457822621	149
-0.038539097308975	0.166538731783549	67
-0.019241823533676	0.573508978405352	42
0.047394597951165	0.741419733583359	29
-0.006869064505717	0.712321976870594	29
0.00391037366194502	0.270075074354229	29
0.018259247791487	0.411795775286047	42
0.119289744920442	0.646636267821525	42
0.084080136290938	0.689114235998549	29
0.092262105390536	0.524702103163317	29
-0.067010064133183	0.293801904583833	304
0.119713851501106	0.199126209354249	42
0.0415640998599019	0.280812677421613	42
-0.089555570921199	0.285477472774164	303
0.061676642908179	0.766659051064825	303
-0.088168022188024	1.68872123937216	178
-0.093388817770542	1.05413096276037	178
-0.076832294366471	1.02990496274911	178
-0.060191979440171	1.17135874349134	178
-0.046907678445798	0.698440354551351	178
0.09856863693519	0.969300227080962	178
0.01108387782487	0.800429568891789	178
0.0988509163983769	1.07891603614543	178
0.028921131400057	0.768863380391143	178
0.11660481304424	0.278089184589675	80
0.12318349270671	0.303437764606221	80
0.124771021919602	0.197435251980405	67
-0.039975165849984	0.158916622561157	42
-0.019364154167139	0.556622068722665	29
0.00986470520799399	0.629619664509498	29
-0.00448937630445401	0.286116541919628	29
0.107375596014286	0.893815683778738	1048
0.0886481482661941	0.550050931600944	42
0.068890768514733	0.428416252794271	304
-0.00474176729120401	0.292669722643279	304
0.00231084533199699	0.282779450942869	42
-0.097416437267553	0.40891449974604	42
0.088175820584083	0.541149773652224	303
-0.046422403271674	1.60260614261843	178
0.0849787073370391	1.68087550985471	178
-0.024576062402893	0.835153079586212	178
0.032363399165384	0.955458447046888	178
0.024725346908725	1.11539970469165	178
0.054313411893579	1.06399335835915	178
0.000282085998768999	0.293976534692586	80
-0.040019541372364	0.154309052463525	80
-0.068899689303842	0.277459553382375	29
-0.112453687409296	0.310549814969726	29
0.118082095657845	0.561805811313682	1048
-0.091477025906956	0.299322227938507	42
-0.087454413819801	0.289627794464612	42
-0.12466589367453	0.145727962102985	303
-0.062083210950371	1.69957873616234	178
0.004586166803766	1.62420133594482	178
0.097966969314039	1.41752273749736	178
-0.00522032717896898	0.920189082697808	178
-0.053502098605444	0.480432151505077	178
-0.031829090310366	0.289333052039213	178
-0.057750375946417	0.409364121156089	178
0.053686238739729	0.291624498502172	149
-0.036930131428388	0.172876337095916	80
0.122636915965159	0.512504275949113	42
0.108282875320356	0.530807585303918	42
0.08923642715445	0.549639038695249	42
-0.049675354404677	0.416419448592916	29
-0.120742104425978	0.399022616171228	29
0.01521318830596	0.430821795219286	1048
-0.03275893580302	0.484954507228044	42
-0.111277871473353	0.305280366696888	304
-0.109963420675573	0.40487977432683	304
0.083192170203688	0.530781689427328	42
0.033879221013652	0.406616445027418	42
0.121006908071277	0.295460890512761	148
0.046189813042084	0.427315732587958	42
0.064698791910068	0.407836678703634	303
-0.031934003528609	0.412071948037666	303
-0.071113466047446	1.60901919108807	178
-0.107055063241257	0.707914312768355	155
0.039615824161467	0.65527435514151	178
-0.101489800450997	0.30106699661662	178
0.048613889425142	0.287978886506885	178
-0.036930131428388	0.172876337095916	80
-0.044218597272212	0.167900327425104	149
-0.036930131428388	0.172876337095916	80
-0.036930131428388	0.172876337095916	108
0.115507725607824	0.185500878348038	67
0.075905443868081	0.43926207983191	42
0.111191369755182	0.436060564945609	29
-0.111650632560685	0.406807575763212	42
0.063069878451988	0.544465897619275	304
0.00122809214265995	0.290117041445158	42
0.00491629747888001	0.411801063767646	42
-0.035639537940514	0.170348743224255	148
0.001365482584615	0.294366975706195	671
-0.041703454451168	0.276743400467327	671
-0.109650374518695	1.15586430676333	178
0.009266440562398	1.5065229358963	178
-0.1127072711298	0.859054374514167	178
-0.01744359674307	1.13815550048315	155
-0.038602253259392	0.171369029815336	178
-0.026955014463342	0.157633771420698	80
0.118894837892372	0.180898026797421	149
-0.00585332542185002	0.28448551986313	42
-0.039975165849984	0.158916622561157	42
0.036098615079548	0.667144615688501	42
-0.078317451313592	0.405917848600172	42
-0.039145087233473	0.167586294800877	148
-0.040819584266134	0.166160604374828	42
-0.085416164810414	1.75829680753365	178
-0.011099572952194	2.32527650910968	178
-0.005561686810588	2.277070805297	178
-0.094697180543054	1.35164439826598	178
0.034152796682729	1.77203647689598	178
-0.041873486548298	0.777216900189	178
0.088083522375041	0.934078521800938	178
0.120487009208578	0.847633545308473	178
-0.034534618313873	0.174260018652835	80
0.116657021139255	0.193360272717834	108
0.124450906498706	0.297342190041494	42
0.124771021919602	0.197435251980405	42
-0.093335341928973	0.473410044342867	42
0.105731241731271	0.771529400760823	42
-0.115799640813188	0.306517036227275	29
0.00427608399685997	0.524300940005552	42
-0.034393512217501	0.291934938215409	42
-0.00975475304346002	0.426401631232361	42
-0.124198576558148	0.152128418034435	42
0.049154288281363	0.291019345415956	42
0.044860077548492	0.281958344974066	42
0.120956729636381	0.198581629955028	148
0.12136780681041	0.566835328653026	148
0.124450906498706	0.297342190041494	671
-0.032331775181086	0.170519727060441	671
-0.066434616517316	0.292116949033346	438
-0.082642108798111	1.82906141319415	178
-0.106572362622288	1.72671182565641	178
-0.0693461514381	1.26451219903721	178
0.014037135026122	1.56130997225396	178
0.07686777928417	1.7490988656445	178
0.059618778893117	0.89030274655375	178
-0.00616131556947003	0.485871278902682	178
-0.075753217441222	0.533473866248127	178
0.122404875111649	0.199001544034778	144
0.120956729636381	0.198581629955028	42
-0.033790999412016	0.16511620817836	42
-0.064572426394399	0.398778479118873	42
0.119946110419846	0.296494470925561	42
0.065405350465937	0.415095779837837	42
-0.044218597272212	0.167900327425104	42
-0.035454931146576	0.160093767329829	42
0.124552251346485	0.558708507117991	42
0.113370085128858	0.18828109250909	42
0.00423502391711705	0.287920246513198	42
-0.036364261704742	0.168630626525818	148
-0.039104977848488	0.285830000942543	148
-0.113616490328955	0.152836039309331	671
0.046633630235187	0.284866857044243	303
-0.035972768297985	1.33744452014091	178
0.120756044530603	2.43409055824743	155
0.00168478654962401	0.885294568202108	178
0.100928862669414	0.83616892449878	178
0.118470563051444	0.194253316345752	178
-0.03268865757297	0.167812585654534	144
-0.00134891292892397	0.294737089433561	42
0.007923606154423	0.527000610392588	42
-0.051103142209621	0.423688615680575	42
0.12299227965343	0.645108507546203	42
-0.035098331674015	0.172681502759963	42
0.038698139829427	0.405784692845549	42
-0.036802105186926	0.29352846357503	42
-0.058222274375986	0.294316730579933	42
-0.038036464163298	0.171991450715647	42
0.00519525742332705	0.287816589354755	438
-0.04007284607137	1.02137813525409	178
0.103067661851097	1.8620134492405	178
0.105149595497774	1.23382833045845	178
-0.103368874337416	0.448980805340054	178
-0.119753032762926	0.1507510687914	80
0.119713851501106	0.199126209354249	42
-0.067743876988421	0.299228657127456	42
-0.112095389753668	0.310756177498136	42
-0.019339236922158	0.401482223672486	42
-0.007041485566468	0.272172869971728	19
0.122964300445271	0.200951799928207	148
-0.121938366872206	0.156892679811585	42
-0.038036464163298	0.171991450715647	42
0.073931906360208	0.441690881826848	42
0.000750178266570978	0.279994294100815	42
0.054029027091729	1.98517258724465	155
-0.035619923245312	0.410399988814593	178
0.119713851501106	0.199126209354249	178
-0.042548465285908	0.165709173447527	80
0.123096620587683	0.199573646617747	80
0.123096620587683	0.199573646617747	108
0.121852570339308	0.195889917983624	290
0.117981680191838	0.18552229993411	108
0.124771021919602	0.197435251980405	108
-0.00120542601780699	0.296372187007938	42
0.00493806045505896	0.520693378120388	42
0.03005189680651	0.531510943967683	42
0.090636764026075	0.556423690175512	42
-0.00354661689151198	0.278795341765468	42
-0.040723459300082	0.170099779410914	42
0.100155205796718	0.547854692988287	42
-0.10358976318913	0.287904355884433	42
0.00951579585873996	0.41152079806635	42
-0.042548465285908	0.165709173447527	148
-0.009066845827775	0.256812613623217	42
-0.107433178097316	0.283058725166352	42
0.119400964094959	0.538308836139443	303
0.043186207480489	1.18877466874271	155
0.121852570339308	0.195889917983624	178
-0.017791110019217	0.392506239293033	42
-0.038602253259392	0.171369029815336	42
0.109700579707756	0.416907412240201	42
0.035540489068086	0.423075415831073	42
0.041011646503571	0.432769779615244	42
0.122964300445271	0.200951799928207	42
0.116744929467645	0.188741793507657	291
0.120956729636381	0.198581629955028	438
-0.121684263163148	0.157995342139036	438
-0.087040493246901	2.0670453642512	178
0.050752140002211	2.31717834877884	155
-0.081675261429895	1.73773571819908	155
0.043591298062132	1.02100631850125	178
0.00438333396282098	0.294003858592518	178
-0.037967020081279	0.167801448279283	42
-0.098597419059602	0.301533327974055	42
-0.08134220911633	0.301830975007539	42
-0.124198576558148	0.152128418034435	148
0.042250617612372	0.263744059228372	42
-0.038036464163298	0.171991450715647	291
0.096359203152146	0.544086612393649	438
-0.03320422817657	0.514699502495432	438
0.00125730148397996	0.286684438263802	42
-0.076061968947479	0.420801500920544	42
0.02015258658911	0.514485081638234	42
0.060744473827568	0.272690589602373	42
-0.000801926031329003	0.291284707966694	42
0.119713851501106	0.199126209354249	42
-0.121684263163148	0.157995342139036	42
-0.099406294876343	0.389245413407963	42
0.110165195396846	0.428034630257393	42
-0.107351792395741	0.302479200782681	42
0.117677382842484	0.563083079638455	291
-0.033055744472006	0.164388539662387	291
0.11001180313165	0.539437685750627	438
0.080533053169961	0.515509866475328	178
0.121852570339308	0.195889917983624	385
0.121282456265337	0.198645955133022	80
0.124544532866297	0.19581541349256	108
-0.041970135791032	0.503393664236802	42
-0.00182181982978702	0.534720315394459	42
0.065723511238629	0.704833316170619	42
-0.114579517217581	0.386639067962244	181
0.016932254318384	0.428783944270722	42
0.037714388732941	0.427277878733091	42
0.07280314033762	0.411913298973055	42
-0.042014566784007	0.410655347841021	42
0.0487031907093241	0.295664408857857	148
-0.069471460100154	0.288117635140465	438
-0.109575268654164	1.063681035426	155
-0.120557192965985	0.159006819090808	385
0.103344109126473	0.408413952124571	2350
-0.039059188666403	0.167843938439159	2350
-0.066291856503467	0.29228480580397	2350
-0.119984649775975	0.153305357422704	42
0.00944874157232101	0.428272341206289	42
-0.123669353731899	0.396948792730448	42
0.063595066946328	0.526686049185438	42
-0.038036464163298	0.171991450715647	19
0.056035607330033	0.292975017746907	148
-0.03176680579702	0.170755366799563	148
0.122964300445271	0.200951799928207	291
0.0572613501959121	0.285232598630906	438
-0.016623497850209	0.677660241443573	178
0.0165882732932851	1.13566863557111	178
-0.031027002951988	0.169220794241098	178
0.00248070555824198	0.290275654813841	2350
-0.062641381412025	0.652695022821051	42
-0.110799562891442	0.148918590516079	42
-0.019023615281588	0.643760656584631	42
0.060919451745863	0.625953331794115	42
0.118470563051444	0.194253316345752	291
0.0490680928816279	0.294378869374499	2350
0.124214008916153	0.206232457822621	2350
-0.055758096785008	0.420774663495418	42
0.122404875111649	0.199001544034778	42
0.033514165693057	0.419611484971225	42
-0.028370599588279	0.29302582453575	148
-0.043808228812121	0.422631340152545	438
0.00896184206643702	0.408169356735219	438
-0.023482949846037	0.81171420163295	178
0.00461756370855504	0.569801532283262	178
0.119713851501106	0.199126209354249	385
-0.033790999412016	0.16511620817836	385
-0.122817981791757	0.154061143804624	564
0.12191577670558	0.301862011357239	385
0.005877179834469	0.756948537744699	42
-0.038602253259392	0.171369029815336	42
-0.036202117766367	0.172742420349666	42
0.117900015159401	0.198196728181155	42
-0.074713380493388	0.475097736679639	42
0.00115782011216803	0.582124650543643	42
-0.036765724332803	0.167018423711184	19
-0.118919146602222	0.155044448829606	19
-0.121938366872206	0.156892679811585	19
-0.037386769314059	0.919112985658549	178
0.103682302393024	0.856209274104783	178
-0.037471701831022	0.164473276431771	385
-0.033432025892266	0.174191346332386	385
-0.117484044081415	0.155362987319923	385
-0.041756944528972	0.293884596287239	42
-0.00678205165512003	0.521409843422553	42
-0.123539573704304	0.288815760985945	219
0.051597856724782	0.286896812129498	19
-0.030251974403061	0.289039776716597	148
-0.056072822716857	1.06773314181892	178
0.056818299656937	1.86613918941973	178
-0.025887530386529	0.719019679184511	178
0.095820252149786	0.912138782456582	178
-0.030824154369968	0.50417334340953	2350
-0.083812501430675	0.605922771683109	42
0.051419481314169	0.29712546877219	181
-0.03235703755074	0.392125258820124	219
0.053867201811905	0.288661465968092	19
0.1100309613574	0.431443356763414	148
-0.027145155918128	2.40943105104314	178
0.00710569481729895	1.22289427415013	178
-0.031221456115087	0.295808315210186	385
-0.038036464163298	0.171991450715647	385
-0.041452459608294	0.166540477166596	619
-0.066346423515787	0.46733395859544	2350
-0.062557828298315	0.591795236354848	219
0.0534090280618	0.293188798766209	19
-0.043121393112504	0.168759010980697	19
-0.034314925726865	0.497466261022752	19
-0.116430647128643	0.394220721401255	438
-0.052712087355223	1.570948619082	178
0.063915056120234	1.07015274574249	178
-0.115199355720616	0.391741124972853	385
-0.033100985518337	0.50114178757264	385
-0.113153963727902	0.308692127751026	385
0.00832677101811896	0.418425985368474	385
-0.105679632423529	0.29836680712532	385
-0.065943551952168	0.289735500315024	619
0.11191597811859	0.407908371542467	619
-0.08444343329493	0.29613051362994	385
0.049298606301756	0.630981954902192	385
-0.00351404467298999	0.670954081784626	42
0.091989274383746	0.766395250028053	42
-0.116511253276572	0.512114821333564	19
-0.030820469883453	0.415088267762879	438
0.075610002722339	0.440106645813969	438
-0.036315341603344	2.21399725408231	385
-0.097107913865437	0.940979933918486	178
0.074140993608709	1.34690787919415	722
-0.112903244489995	0.271995355087055	1061
-0.117105504809437	0.300087710713173	219
0.083887450274471	0.727466632031857	19
-0.048084673861225	0.413103934771678	19
-0.069855863749203	0.415888213177474	19
0.051214951543882	1.3332263214479	385
-0.096648990504705	0.452412370260917	385
-0.063803255781908	0.291284592479645	1061
-0.114879935749603	0.448819739564227	219
0.046269488804183	0.77068655630042	219
0.08273186319769	0.502098893986911	219
-0.11248409069587	0.446470033494049	219
0.09238750526699	0.6021005975133	19
0.064623408550377	0.635524530631614	385
0.049833500794147	0.660311981683159	385
-0.01149237875858	0.590441452283967	1061
-0.099369230452731	0.519537999537613	56
0.013557553515864	0.756472177022856	56
-0.070576769451496	0.58241731938385	219
-0.113094677502265	0.297326760942965	19
-0.058210865735843	0.600055063407598	19
-0.084526255364701	0.447865074384499	438
0.00798503067499001	0.422700629600565	108
0.018728831778338	0.415870958729151	385
0.00515580903891599	0.411113352707569	19
-0.084125754158102	0.295698474017274	19
-0.120301540210331	0.158166969036568	1755
-0.046288469465778	0.277629275854914	438
0.122781416155194	1.87700994297653	385
-0.039633770587195	1.13916714259605	385
0.102195676986541	0.727594800841417	1061
0.064608936518091	0.739939655795916	56
-0.050005965744365	0.55176544605442	56
-0.068713780476963	0.493991323510671	219
0.097013456144403	0.64233302968364	19
0.115309276647582	0.554943363677336	19
-0.053988036812395	0.397638597733125	19
0.091765788684157	0.604378163594718	1755
-0.041690045137629	0.483763420489828	19
0.0982313905076579	0.701168054486119	19
-0.050778387512847	1.24061941353872	385
0.00881146795396204	0.610680182180121	385
-0.050781876019641	0.377047702678739	385
-0.029214717657224	0.568703751984481	385
0.116492812852929	0.723539409399584	385
-0.02573190270037	0.519031128116141	385
-0.119270777598634	0.298363422480647	56
-0.107649000417909	0.29852105142596	219
0.0841831419758871	0.716070031329331	219
-0.05011052542525	0.506577343383527	56
0.012393148320286	0.526972088593017	219
-0.077405779742172	0.474388504641668	219
0.076575620170507	0.630704905738321	219
-0.051467949429378	0.548881876871375	219
-0.101159207525383	0.472764148273341	1755
-0.09549360981355	0.416774692761337	1755
-0.10066907095355	0.463584675478167	1755
-0.088759493871842	0.465889735090223	56
-0.03047852567186	0.491782299370653	219
0.00677218717616301	0.598476645838644	1755
0.043178460326951	0.373364023576678	1061
-0.078985843500158	0.482833716050917	56
0.100541580897013	0.762072003494278	56
0.00565275277884803	0.520619840860889	56
0.115655217408985	0.545276110371348	56
-0.065631542625315	0.425626998956004	1491
-0.075009581514698	0.635670583110773	19
0.086061200407731	0.820926462715824	19
-0.069654415554056	0.498783369029511	19
0.05856216047527	0.681681600647273	19
0.02590251632436	0.60248600565561	1755
0.068476650103215	0.437029997624901	438
-0.12362237401623	0.155634201329785	438
0.042852969665946	0.698029583575892	385
-0.025096990518832	0.289342275296737	1061
-0.097560289495468	0.475558770105154	56
0.068181083962908	0.551532552184743	56
-0.067934534029966	0.284011663145797	56
-0.106413577966174	0.406098798784118	219
-0.027966469996015	0.51418378320299	219
-0.050213471518942	0.505477066990762	19
-0.070530978529479	0.420164902227354	1755
0.061961414216289	0.285791982576643	56
0.101826341831795	0.725597463737022	56
0.00426076526166097	0.542974574710643	56
0.021531091651783	0.422987106812501	1491
0.021554327702217	0.95618941177086	1491
-0.120800920069555	0.575376131414303	1491
0.10856507975272	0.960902883532212	801
0.115088763295123	0.537712833140539	1755
-0.122495676028919	0.154381087768881	19
-0.03575032959748	0.781813644559635	385
0.015926884168031	0.832927073524085	385
-0.058154014665403	0.589701950121754	385
-0.019951884558397	0.61720127983614	385
-0.068864461886747	0.39352201669689	385
-0.096364616595097	0.510818210741425	181
-0.102384260997799	0.302448435262217	56
-0.045032091432902	0.420163772795662	56
0.116458264295605	0.43956624086051	219
0.11861602704258	0.435100347194201	1491
-0.12269538564671	0.307157308816771	1491
0.044124344145371	0.649585483847397	19
0.087429599311353	0.522317340989645	1755
-0.024599438795561	0.865744679180847	385
0.057221063037506	1.03041907813197	385
0.072128224229023	1.24122376025168	385
-0.0696871170973	0.631586351757011	385
0.120156237024638	0.56859460183184	385
0.07444829974469	0.772866684072101	56
-0.039769211960754	0.407788657781059	56
0.042450047669492	0.437632262781979	1491
0.00345195490786598	0.488081219457411	1491
0.031667198877024	0.600266553253956	1491
-0.070018685147405	0.404710244866477	1491
-0.072355924911579	0.417823781478812	1491
0.00432892395431905	0.748161358852118	1491
-0.10102866695979	0.608695030753072	1491
-0.042527108188116	0.683062170768893	19
-0.112323421547388	0.398754055606123	1755
-0.023571963549137	0.985887259516033	385
0.114812782210118	1.66414728192437	385
0.101574239028775	1.11804967220428	385
0.097309589776257	0.557975058238343	385
-0.079399036866939	0.410524978874494	385
0.036862886875689	0.485572756181677	56
-0.071570838730942	0.42507571628903	56
0.118157489370467	0.523077515868342	219
-0.042276541042344	0.498549731415395	1491
0.075491317901479	0.428885751937151	1491
0.121082929588693	0.64706551240082	1491
-0.024398250179097	0.426013456944608	1491
-0.090568778283936	0.403261616908605	1491
0.071637665880699	0.542589568496971	1491
-0.104958613543439	0.59029805007663	1491
-0.102870269440901	0.29535241645383	801
-0.020648353773248	0.729547275167069	385
-0.05165703120092	0.872310449838738	385
0.01598420520425	1.00871099728982	385
-0.072329984916497	0.625713747672982	385
0.063186363316631	0.657415651788175	385
0.120911369635447	0.872898602423294	219
-0.069582575098681	0.414304896032926	1491
-0.095624871304704	0.421979251347049	1491
0.025855938019913	0.619527878189358	801
0.087541737873639	0.657062346471566	801
-0.025187309949259	0.426047755663114	801
-0.087886211872756	0.448467329225627	801
-0.101401578972959	0.887626179283049	385
-0.078244812848617	0.881200974633233	385
0.00320080898096997	0.499320686345351	385
-0.032331775181086	0.170519727060441	181
-0.01794678881758	0.423264302955619	56
-0.068656540378516	0.396515320033429	56
-0.010634899452834	0.395984601430882	219
-0.029009114431691	0.288177793678637	219
-0.071967381273964	0.418221296553486	1491
0.062927679482768	0.543759557851012	1491
-0.029553429028684	0.654183463424171	1491
0.00626784235779498	0.655641520229503	19
0.073259275697137	0.43158880260359	19
-0.12350764565563	0.303437544425174	19
0.117922466667387	1.38725373640392	385
0.000599197239103955	0.959848124230766	385
-0.076548481614769	0.567466457770835	385
0.088042931853094	0.837220610647389	385
-0.099389625957397	0.496825616339068	385
0.00586997978347204	0.294523949616992	56
0.049154288281363	0.291019345415956	56
0.034251094417079	0.606789415332015	56
0.049743075770894	0.282646773845575	219
0.015892921020092	0.432403060673073	219
0.0507304945201	0.543090807841026	219
0.047482578368232	0.294494542243722	1491
-0.077106085338638	0.425300641240905	1491
-0.123974265823604	0.570334155012784	1491
0.017452291860976	0.935203825379372	1491
-0.106448832373954	0.457345139048825	19
0.068099723205354	0.54181543011285	801
-0.041311227458137	0.287686348818913	19
-0.089732918610466	0.799253321943504	385
0.00295551503935598	1.02371416919974	385
-0.012205545967755	0.996938518012353	385
-0.026265567940029	0.516373345686953	385
-0.030836127456877	0.285198641092829	56
0.049697776770861	0.609550981143836	56
0.010700274461008	0.610231515739087	219
0.039419658359489	0.499497654606412	219
-0.041819201429834	0.166345325053339	1491
-0.071403476646378	0.277005278028983	1491
0.047519875699941	0.625067521267641	2
-0.025390788000404	0.519140533039823	1491
0.044113639947297	0.819641987817951	1491
0.00956842701596505	0.883060868108679	1491
-0.064330163867402	0.698918621458692	1491
0.061206098621088	0.529798450170331	801
0.0440131772815791	0.609945010835788	801
-0.111230995180614	0.839453444397944	385
0.08726748706245	1.107854187906	385
0.090728641711245	0.987819772351211	385
-0.034398746693301	0.600898342256741	385
0.04884319795113	0.5476111605955	385
-0.039466632525819	0.429150833965607	56
-0.051718113159793	0.425937997205447	56
-0.039467948911689	0.297110761516601	219
0.069935676989869	0.549686267170705	219
0.104135736387253	0.660067229570932	219
-0.039604461080261	0.61204675824728	1491
-0.107946665123593	0.407031579392514	19
0.074918204916075	0.430807165704511	1491
0.092963333610368	0.621773751891308	801
-0.059975336287631	1.0002224755651	385
0.09937679318826	1.21938884774199	385
0.02478518975966	1.1846425969784	385
-0.103239435972176	0.812296238336049	385
-0.00799223832567503	0.779142454755405	385
0.040066273026771	0.267511361411731	56
0.122081828957206	0.28181758033285	219
0.109607175585016	0.260766518726071	219
0.04238912163203	0.533716380207574	219
0.091365156311771	0.559319936594326	219
-0.03287585976514	0.29703105749379	1491
0.030502220140518	0.705342648218603	1491
-0.054978672004503	0.42250220026145	1491
0.012904629324054	0.588082856931801	19
-0.02032142560577	0.519062477970617	801
-0.04568674801573	0.427838352865076	801
0.075805122627092	1.64924415011999	385
-0.08111231986881	0.658182464803764	385
-0.045439508765434	1.03451891040184	385
0.049148828741041	1.36129603851405	385
-0.08064453236445	0.423346940795045	385
0.104986446074628	0.685671434996301	385
-0.01091341841302	0.505222339813393	56
-0.100313485884812	0.394842490202044	56
-0.069023515989167	0.486381835833202	56
-0.072724794690327	0.283844987583498	219
-0.120557192965985	0.159006819090808	1491
-0.000513217920033005	0.782209684687928	1491
-0.032291403544208	0.59866434181891	1491
-0.029923301276264	0.632029647680473	1491
0.0886481482661941	0.550050931600944	1491
-0.030054865294703	0.505571705347737	1491
0.116826758742934	1.57127075074041	385
-0.09491321607106	0.949377192060255	385
-0.08022662994246	0.281521039937356	56
-0.065374966630328	0.276648109811699	56
-0.082791931623701	0.290306079210174	219
0.010933390969193	0.404429953228376	1491
-0.124933852567898	0.302438059828173	1491
-0.120276617015332	0.300481788997104	1491
-0.008702686562857	0.417780663849438	801
-0.002562192000581	0.570142327833032	801
0.116127036062711	0.435409508981877	801
-0.044462413423758	0.279746533664649	2
-0.060428637588541	1.02227665277961	385
-0.069140575891033	0.973067949582018	519
0.063279444352217	0.615034879637676	385
-0.00884652184213702	0.411903967327572	56
-0.040769610868781	0.504612421198978	56
0.077285698811477	0.4266286817385	56
-0.123067314757596	0.155900786767803	219
-0.048462636479975	0.408247957190189	219
-0.00715779334256	0.778275620935186	1491
-0.092832413102755	0.291666449158247	1491
0.044218244436812	0.541876135267038	801
-0.059256168142647	0.30137668344023	801
0.017630544084035	0.588954324249246	801
-0.091247548635315	0.295557305229631	2
0.039549752253887	0.431316214375898	2
-0.117052181815214	0.738330219871137	519
0.101164122814869	1.53258572697803	519
-0.00658388043651698	0.785341668567408	385
-0.034047797579966	0.715812885607721	385
0.00330227735649602	0.295482362715796	56
0.122404875111649	0.199001544034778	56
-0.038036464163298	0.171991450715647	56
-0.037830465943053	0.410434508525334	2
-0.028914873071761	0.415554642396999	2
0.043253655954373	0.408577220924329	1491
-0.085124226061231	0.475200086595184	1491
0.0124796122465201	0.607227995227245	801
0.048185096732885	0.542990149473709	801
0.066116748827529	0.405139104066552	2
-0.087189404738714	1.22365126836303	519
0.068313957759478	1.9170633328012	519
-0.09768659604007	1.22416432006866	519
-0.078483144048893	1.20613744574278	519
-0.052346245419503	1.07120161808743	519
-0.108524889991635	0.909983827500256	385
-0.030778831564635	0.648680051822687	385
-0.081135240223857	0.300335277693522	56
-0.00463033443369698	0.285381492200676	56
0.121998106062309	0.296124575620203	56
-0.122375798614711	0.435531550681007	56
-0.093008208598226	0.510877092256634	56
0.022467826446492	0.523154528336263	56
0.036041447316047	0.596229698793556	56
-0.019657239334251	0.483696324086346	56
-0.016153234704628	0.417496497972195	219
0.050960176704796	0.528088987136838	2
-0.087910809174466	0.411095796590801	2
0.091112119319639	0.65553391773311	1491
0.0179903312233179	0.427578046453907	801
0.030555956758098	0.514686480749267	2
0.086418677361773	2.04485137247002	519
-0.01183728048537	1.42962237742936	519
-0.069358187587955	1.18293117191725	519
0.047606444810043	1.44073647165668	519
0.108773082045835	1.70990119717293	519
-0.072803984641846	0.773071611999187	385
-0.090078443770982	0.472086337152195	385
0.00246051856539598	0.402742117215366	56
0.021786904021981	0.518134720844995	56
0.00693403457128095	0.529603254008855	56
0.010815005686568	0.420956857634823	56
-0.015051885708303	0.400687098622935	56
0.00642432775597401	0.290654929828682	1491
-0.050804838398543	0.149562014823581	1491
0.110853453009117	0.426417785410173	1491
-0.015899635789589	0.403555281115178	2
-0.006410470258155	2.28207888028913	519
-0.11352490868202	1.23684878759456	519
0.051241987320397	2.01506097826148	519
0.0814538842468861	1.81769880145779	519
-0.06089445019673	0.636922174515529	385
0.068476650103215	0.437029997624901	56
-0.00645162160801599	0.513996222130765	56
0.025825400744213	0.765634003436624	56
0.0118176347212901	0.637575945805116	56
0.106919156280724	0.673396479190211	56
-0.042444449734602	0.281478750669863	1491
-0.033128351648046	0.283500034619695	1491
0.026117185474042	0.401346827914938	1491
0.050365648692734	0.552137078296386	1491
-0.030067993075613	0.496074818558971	2
-0.021315849091503	0.733642826666501	2
-0.069036549536464	0.416125798736636	2
-0.05835917738735	0.399005431796669	2
0.00118641180130796	0.598757570723493	801
0.017654378290573	0.51982840705205	801
-0.081256706751456	0.456441889257344	801
0.037011766564463	0.602349410502637	801
-0.068360114014795	0.410378233121918	2
0.025243178212279	1.85489658647838	519
0.090002109249361	1.80598486195769	519
0.028525515103475	0.573968862080519	56
0.0289147933266251	0.660237661760846	56
-0.010539160035163	0.584335368510966	56
-0.11759773953211	0.296865407416551	56
0.122865612406389	0.430688264988435	56
0.041373362837799	0.272732718669623	1491
0.072264356558527	0.428689391904978	1491
-0.028380726335462	0.421546357026625	1491
-0.027106281653058	0.665677546213021	2
-0.069362172734233	0.418944557998437	801
0.0574870053214131	0.672358466810164	801
0.061293678201808	2.49848230292285	519
-0.105364114576052	1.25141225718673	519
0.0813749377131891	2.16355584658146	519
0.016973224996551	1.78752366513796	519
0.116157923299173	0.901220232538194	385
-0.036087768170952	0.153469236389138	56
0.067504791586571	0.425585216622865	56
0.105491817590863	0.775923226244056	56
-0.00700159772495501	0.504843549467223	56
0.124701980855033	0.291681288803111	1491
0.00916232699908803	0.4047260282307	1491
-0.034560174246728	0.290606697148642	1491
-0.033790999412016	0.16511620817836	1491
-0.051069058750752	0.400467330809771	1491
-0.047224217368104	0.408199854154821	2
0.036783174587525	0.663540291377981	2
0.068501166797166	0.419119750774349	2
-0.117868886687963	0.406136258082917	2
-0.00985497898092602	2.05408509584405	519
-0.067398354997323	1.78139597279001	519
-0.03213966830005	0.559795856284868	385
-0.066216720641156	0.494929474534692	56
-0.011937244927776	0.571173513293567	56
0.016726823296592	0.586869978832819	56
-0.00365786724227801	0.503237169446849	385
-0.090054568880905	0.300065330689731	385
-0.051642351693004	0.246572243221034	1491
-0.065758858530173	0.299552461779054	1491
0.000596283823961041	0.282713134013126	1491
-0.123737293020164	0.304561357572408	1491
0.058959560975132	0.532451910349369	1491
0.117542214563695	0.294022384445441	1491
0.074317783024046	0.552397085641106	1491
-0.058951403971114	0.592581824705627	2
0.069618748675594	0.757737452042123	2
-0.065175067705572	0.293824866900018	2
-0.093355562474657	2.08737207314342	519
0.010083355029423	0.428028516884925	56
-0.041395462420978	0.282888690038225	1491
0.00453394197135504	0.292070897743253	1491
-0.00067092786777001	0.638761478095794	2
0.094685877935101	0.542062879754903	801
0.112475319390459	0.918565747836398	56
0.046756559901218	0.791657174402226	385
0.061676232914322	0.763929946721409	385
-0.00938597942581298	0.566344331711393	385
-0.109328403571355	0.399286579804799	385
-0.119048578628131	0.369902789034088	1491
0.042833696824202	0.541771838890887	1491
-0.072040045616458	0.476583950809497	1491
-0.027095069566808	0.605068888105834	1491
-0.072977456821234	0.540025032497153	1491
-0.101358630039243	0.529720426955827	2
-0.015636010085827	0.7102762144095	2
0.106908348286862	0.404728013989925	2
-0.120811745002696	0.156191821969848	2
0.048707424563485	0.586251470972186	56
-0.119562378971026	0.301012933290409	56
-0.114386693965557	0.499034837300841	125
-0.022760070943548	0.579805110588111	125
-0.023711699447851	0.506301638487218	125
0.095554483427897	0.705637286014431	1491
-0.054442462816102	0.496169353729256	1491
-0.058141004026145	0.532918916897834	2
-0.017013650171235	0.52651675421888	2
0.05922748551902	0.757152075761138	1491
-0.041769787671007	0.501404175519724	801
-0.041518175566504	0.507169817976557	801
-0.039279849277239	0.297733229378102	2
0.115828963034422	0.421254931638668	56
-0.115439838561995	0.391578423579831	385
0.07364047671581	0.440606255901069	1491
-0.030992711036494	0.42010654561338	1491
0.097412261747838	0.551070938322061	1491
0.110904334108667	0.427686706883384	1491
0.114397401859945	0.554456601958323	1491
0.044291822534028	0.610099065133657	1491
-0.050263287728104	0.58868448669107	2
-0.065856530888633	0.426469876335145	2
-0.020828112477082	0.493939393246628	1491
0.0891905617371	0.554153797844426	56
0.0403373364758	0.402733973623087	56
0.124902548666279	0.193317041380957	56
-0.108608785741814	0.400616751529282	385
0.054916789860967	0.679583397356837	385
-0.064438051019681	0.549605094844639	385
-0.040310626892848	0.409776276239189	1491
-0.035359945844589	0.292257658355394	1491
-0.027274763241668	0.417410554835189	1491
0.032074616597612	0.520085546081274	1491
-0.118291399523422	0.293124786956158	2
-0.039630086376085	0.170045180043861	2
0.045401765042001	0.631063647522024	125
-0.090196575570607	0.281440306435817	1491
0.117208889236783	0.439363645355197	1491
-0.117232846258792	0.152370130318612	1491
0.124701980855033	0.291681288803111	1491
0.121423672779789	0.552332666697814	1491
-0.103306642156188	0.294745758432659	1491
0.058297488382855	0.528811214947327	1491
0.00294271760567799	0.521306111094922	1491
-0.04224965525901	0.494928931836706	2
-0.046958249700231	0.278021541021097	56
0.051419481314169	0.29712546877219	385
-0.067683411569889	0.426423745614982	385
0.112891659056531	0.849983595107896	125
0.068226492688079	0.786284072018224	125
0.108582908211383	0.41337379765696	1491
-0.011956728598146	0.271432446188381	1491
0.112835054879474	0.551031008208146	1491
-0.118389283013652	0.381759430277143	1491
0.096747000897251	0.632233064102385	2
0.081478326487651	0.423892248939077	2
0.118720875012837	0.857161540935409	125
-0.015654886390619	0.525000933588509	125
-0.039630086376085	0.170045180043861	125
0.044095543309174	0.439306403490893	1491
0.021225563668139	0.700276095145205	1491
-0.08127529599853	0.418342760927353	1491
-0.060189715461493	0.418794542130378	1491
0.00993461705857901	0.41066103965353	1491
0.00198518377458701	0.42697250755228	1491
-0.116402332826441	0.67758452761252	385
-0.092545687019167	0.292545829661085	385
-0.03548141253688	0.55227962776227	125
-0.070682136790138	0.539671546831525	125
0.076048913928519	0.537948783301005	125
0.105885998296193	0.405423985976424	125
0.071345012088328	0.677908755873936	125
-0.067984645188308	0.575549294690625	1491
0.034284459801343	0.53519004538021	1491
-0.089255695273956	0.297306391861473	1491
0.039871931641645	0.419714734120325	1491
0.12343985429602	0.430119038438429	233
-0.012325931650911	0.415860197483599	125
-0.088832389633905	0.481171893671854	125
-0.05724309397401	0.496964784492807	125
0.12191577670558	0.301862011357239	1491
-0.060112834707893	0.278163995631683	125
-0.00673251345307502	0.429919445087172	125
-0.047407909730846	0.488315737228543	125
-0.071824767769385	0.633567645285201	1491
-0.029274270528187	0.503101639651092	1491
0.01677406918319	0.53749130065714	1491
-0.10553323373191	0.414283044001396	1491
-0.098951717041477	0.30136965036256	1491
0.0490680928816279	0.294378869374499	233
-0.016286465325493	0.405529207636917	125
-0.123363230379475	0.28712856996554	125
-0.083987229452559	0.303582964085192	125
0.029840716233305	0.705069072068707	125
-0.113452116372435	0.26673199857136	1491
-0.012864008562092	0.672209266698484	1491
0.108738413284106	0.966127243359148	1491
-0.052315675193318	0.293277853409229	1491
-0.097563165434371	0.412180541331569	1491
0.026069019910798	0.423670662759806	1491
-0.037928937383974	0.489019709991927	2
-0.045339829520858	0.408415805352981	233
0.049148740979258	0.286474310977976	233
-0.000206328929569011	0.426638787720686	125
0.101640064408114	0.400872734427352	125
-0.029396476661788	0.292686173916188	125
-0.063129674890454	0.585941230214444	125
0.074833655374946	0.782288575669853	125
-0.070864086824296	0.417678658711844	125
-0.06714227358936	0.284602061208907	887
-0.110285959877192	0.399000385566988	1491
-0.088890547203203	0.693340665406888	1491
-0.030541698306671	0.795944583267422	1491
-0.12135376063128	0.456726478990174	1491
-0.100229474263856	0.295556798915694	2
0.10069580510777	0.64521798639869	125
-0.068082140509831	0.63590478873877	125
-0.100049664152861	0.419139489257147	125
0.062272771261168	0.536744622360828	125
0.028548768974907	0.619755632516024	125
-0.111048390294511	0.286988562701331	125
0.089295522579901	0.656251101370032	125
0.041618174333631	0.928744363869032	1491
-0.022968111518868	0.517441472493657	233
-0.026587831690956	0.496411553532051	385
0.048015283712899	0.284986606497739	125
-0.022714495445461	0.633612335036507	125
-0.028056109568815	0.546566491159927	125
0.044959504917335	0.740818561190492	125
-0.023478760367972	0.571154554268362	125
0.015129588275734	0.591048494196184	125
0.119946110419846	0.296494470925561	125
-0.123934631489088	0.153105344726263	125
-0.059949694984287	0.420135316831141	125
-0.094307446664149	0.418775712185601	125
-0.035999266525391	0.287624798639793	125
-0.087128211375845	0.302436746547127	125
-0.041972161562385	0.288011363173052	125
0.00726548790771098	0.529914421972419	1491
-0.06051352921396	0.418213760479881	1491
0.014875769833011	0.422056997695486	125
-0.097736380579829	0.478448917418601	125
0.083211882637789	0.830442791316594	125
0.0995175202591519	0.845108872419507	125
0.119911137313502	0.865327371738028	125
0.116186427719915	0.435437474522083	125
-0.023454145246894	0.381582672294189	125
0.054699493546776	0.547738811289583	125
-0.074550806391906	0.593880622213082	1491
-0.064306887753406	0.547194068875225	1491
0.060484216692742	0.538339749699061	1491
-0.025342674064173	0.417788496475461	2
-0.059862824252356	0.410312149106183	2
0.119142597747633	0.197658774394258	233
-0.098098645971141	0.386489242516255	125
-0.054680518618727	0.3881931075582	125
0.021016536436541	0.812546776555886	125
0.059723303102291	0.838004101584999	125
-0.038756450513138	0.505638616020786	125
-0.039951113963937	0.415941729678959	125
-0.052913753717809	0.507451313635142	887
0.051377127547339	0.604332665958345	125
-0.097756548213334	0.409083237165408	1491
-0.017475993584761	0.813594913287388	1491
-0.081365908153356	0.402664367271011	1491
0.049819724794074	0.60223719406927	125
-0.069917989233345	0.474959034994214	125
0.02225245589762	0.667000994715133	125
0.039616988388843	0.623954919188462	125
-0.04675666619145	0.496139859895559	125
0.073510697392205	0.427192763839228	125
0.0890117077403561	0.542765719721152	125
0.044095543309174	0.439306403490893	125
-0.035259112539413	0.169475933261589	125
-0.038504398231589	0.428746887921415	1491
-0.032160272722029	0.430898549067366	1491
-0.089887243006572	0.398534372592197	2
-0.03996585861472	0.569572191070843	125
0.107387645357467	0.788117407749279	125
0.036860995210687	0.542763426318495	125
-0.053897530792509	0.558063378276249	125
-0.078665318900869	0.564352947833222	125
-0.031557881554359	0.555352168083415	125
-0.039466632525819	0.429150833965607	125
0.041791917688814	0.423288428596355	125
0.036383104165303	0.416406744052874	1491
-0.04071404382944	0.488964131384052	1491
0.101975178603256	0.90422415415289	1491
0.00347590857088798	0.408933363444334	2
-0.104236951550407	0.303081235687727	2
0.119713851501106	0.199126209354249	2
-0.038748488380381	0.664185754688032	125
-0.110194640805779	0.376100562161931	125
-0.101637230891412	0.302365475866731	125
0.119998153408798	0.968630139991097	125
0.030967641878435	0.699464262847723	125
-0.096522351689583	0.30102935920257	125
-0.111928644202624	0.29876238134951	887
0.00268561679109602	0.513844109259564	887
-0.07298601914827	0.286416647286615	1491
0.043092350193173	0.535229194959772	1491
-0.041043355598843	0.427226629555006	1491
-0.014239042127279	0.620101157492708	1491
-0.049393400868487	0.488670365224797	2
-0.005715211924058	0.527567463821939	2
-0.00186941803451202	0.282330138887572	407
-0.021754774517486	0.837177553252585	125
0.00424314203585097	0.705499617514736	125
-0.02555556103214	0.425857771465501	125
0.113840687998562	1.04203991675166	125
-0.045621657752309	0.642400649118662	125
0.042017090788714	0.431468099468602	125
-0.105993849064766	0.403285108631461	1491
-0.034358269785408	0.419830302566373	1491
-0.037275503065227	0.429729559390206	1491
-0.056319302292911	0.500186675256065	1491
0.00349443844550601	0.594162468079101	1491
-0.003479612225333	0.575775341051714	2
-0.074562377165132	0.501034541878891	2
0.099285078014554	0.555565910056184	2
0.087119262301644	1.30778900495623	125
0.085552529776597	1.03422538633894	125
0.085096427278747	0.835329896884972	125
0.0918280334053	0.93894300347551	125
0.038399677554494	0.68552354774873	125
-0.014944958460269	0.401695568239834	1491
-0.038574150393485	0.403428314835406	1491
-0.048006069934179	0.408421240719237	1491
0.055443412329187	0.612285651025124	1491
-0.109290238760639	0.414364020322094	1491
-0.10661735910627	0.468137835471526	1491
-0.070662504502554	0.416892195719559	1491
-0.111533884647745	0.44550669321854	2
0.114674676023768	1.72098002771972	125
0.098795235116917	0.95558400907543	125
0.075402546169712	0.720038323572028	125
-0.010119263368052	0.621145073182704	125
0.051136568111407	0.797903622710662	887
0.024907197089881	0.618250350247978	1491
0.08466665131504	0.535028942882348	1491
0.075348386097418	2.4507375674964	125
0.055273350101881	2.16343182739217	125
-0.049977918644766	1.02425707681478	125
0.071288155363719	1.38043838279354	125
0.085537234979154	0.81629229093822	125
0.066946071980734	0.949081455858788	125
-0.00525130217351499	0.720217500073371	1491
0.121018485096684	0.571115383743039	1091
-0.062916248547679	0.294683378148879	1491
0.07501821891367	0.772796963124196	1491
0.0262071669987	0.782564897800187	2
-0.00290552503929398	0.532223389605305	2
-0.061006029078796	0.486160032518233	407
0.0512586792980551	2.44563617250955	125
0.089349849048826	1.01285131203628	125
-0.074371282767172	0.680422660944837	125
-0.066399036389647	0.587130400918672	125
0.014173675920512	0.926986087821969	125
0.026467480627141	0.705357634459287	887
0.077076551394907	0.809534351452929	887
0.112428466032826	0.786348325784154	887
-0.103361615017439	0.47141739237155	887
-0.096933901882241	0.515775759972921	1091
-0.066173293187943	0.505689833577962	1491
0.068312077074466	0.683230630612786	2
-0.027591304384623	0.423759873297409	2
-0.048015450678899	0.510609885462781	2
0.021149370146922	0.606189161662672	2
0.044037663043094	0.618642200993322	2
-0.001699193539071	0.586706124231141	407
0.057154190949216	1.72341078430274	125
-0.083657691422712	0.702865554787933	125
-0.030785207182622	0.845461049895319	125
-0.017992443679083	0.921707296407313	125
0.098402525041098	1.00618953749936	125
0.025838806592014	0.759474146440536	125
-0.110603702002942	0.556880996783308	125
0.074243224908139	0.69682456256348	125
0.104857216445093	0.71457132599088	887
-0.041275574414133	0.417222820716138	1491
-0.021465339406881	0.546270609497739	1491
-0.07390521874594	0.42343517005945	1491
-0.036284872626771	0.548299105196542	1491
0.082296711230839	0.758874575524824	1091
0.026018236529334	0.690092560649784	2
0.00790392483534896	1.55691558309251	125
0.048182688375586	0.72912370996963	887
-0.075402064338126	0.476671092007478	1491
-0.124443004586839	0.30960593775722	1491
0.0798628272520741	0.646295636573277	1491
0.070368406110667	0.751299747991402	1491
-0.095935313344363	0.406040988371511	1091
0.025763462146323	0.692363186936626	1091
0.111533456664772	0.878989302758104	1491
0.0778301369933661	0.714501124698208	1491
0.0632638057409251	0.798014934060304	1491
-0.026220061455035	0.703813419750274	2
0.06491921311213	0.711911905383892	2
0.12375534232909	0.772336325333462	2
0.085247364438568	0.620792078112464	2
-0.065187605034736	0.421294438232316	2
0.111620440626838	0.628920185161699	179
-0.121118735154696	0.292592037192711	179
0.047611301276718	1.05034566787484	125
0.065241204440443	0.530807296947242	125
-0.062195073956648	0.295687601136766	1491
0.090839153302653	0.638031044445589	1491
0.00794133520444396	0.594066072189757	1491
0.033050663681951	0.534557442899803	1091
-0.00470476121393798	0.57623192400801	1091
0.011805847202362	0.635829970042473	1091
0.028026587408863	0.616030563998772	1491
-0.099522311078318	0.535118635974269	887
0.033022819030921	0.762770216588153	887
-0.08431697841479	0.559298413985107	1491
0.025217110711847	0.65749845347957	1491
-0.123585623170995	0.439930664545729	1091
-0.089174250242329	0.477258208849945	1091
0.015674794227728	0.842859502497636	2
0.033329674806063	0.733051811844354	1491
-0.109920222392422	0.494651632997263	2
0.073567956638276	0.762901221411629	887
0.0772696369008961	0.626555319313589	1091
-0.038094981378327	0.426180107409144	2
-0.037100203082284	0.558709107775158	2
-0.071222240269767	1.67466436483411	887
0.096074812035799	0.721190235368062	125
0.105014462824435	0.622160650690113	125
-0.03762906833976	0.399008469867613	1491
-0.041972161562385	0.288011363173052	1491
0.117285691832309	0.52953447547515	758
-0.014660926703282	0.256626795462042	2
0.074774336331623	0.408412915330183	2
-0.111337469161888	0.685855891663012	2
-0.046491983183159	0.284066080033412	407
-0.096704028529673	1.62110148085444	887
0.1002002073522	0.775673712130112	125
0.091180817980074	0.800607352730303	125
0.117191005806834	0.654846857665427	125
0.100263107705299	0.643829967851689	125
0.061060040573645	1.0069734394298	887
0.097779812336071	0.54723097624189	1491
-0.114038847139978	1.84409554022219	887
-0.023564790873106	1.78616419236274	125
-0.123362269041447	0.155728468588177	2
-0.097758054379998	0.47178180582555	2
-0.058148954378052	0.725072497622506	407
0.062201513077605	0.53515879798822	407
-0.111694426363221	0.614842635658321	887
0.00380004920687205	0.522841693181027	53
0.067011797892111	0.548889272619166	53
-0.116109614751704	0.15553924319242	53
0.115498092358786	0.543631680129301	2
-0.056165806987684	1.74391772256224	887
-0.076161019647853	1.71073718815299	887
-0.016808627615043	1.58140232420439	887
-0.113297439603207	0.413934644490688	1491
0.053859675340066	0.292748013713682	53
-0.113249550579661	0.282878752143915	53
0.110681837255933	0.438273966172864	53
0.093536365961191	0.700956284163576	407
-0.050942669779117	2.46005969685595	887
0.105974992665246	0.650401826875289	1491
0.054139039909507	0.547263969523234	1491
-0.106036193294977	0.3016452487456	53
0.00759540403352899	0.416946714113298	53
0.041376548621857	0.273783211398278	53
-0.10538025532868	0.292685278637982	53
0.082588806372816	0.833434572780025	53
-0.010467030151745	0.277356124287055	53
0.035730180078241	0.414127450532274	53
-0.100770432567686	0.305564911866829	2
0.100752843825358	0.6872146418795	2
0.011587851046013	0.535688965235653	2
0.114700400537783	0.710146348787109	2
-0.094391433444595	0.289530646899267	283
-0.123320251600439	0.144376611971265	53
0.107817713289864	0.742704551439817	53
0.01050734060206	0.702206321669629	53
-0.00327297206465899	0.279769233297695	53
0.010608712578843	0.419344195133854	53
-0.110271003099825	0.550079381392199	407
-0.00704741499343398	0.575322656851654	407
-0.045236953223702	0.275662185049491	283
-0.065893527150928	0.284179924458453	283
0.117727705364014	0.2771889722772	53
-0.018822622724208	0.68307126501291	53
0.12318349270671	0.303437764606221	53
-0.078715015230878	0.74169052934751	407
0.034036511869183	0.423702488810082	53
-0.050939906243179	0.798569437920154	407
-0.040791046344022	0.611619335348036	283
0.051580300553684	0.797641285516059	283
0.067011797892111	0.548889272619166	53
-0.05934317245804	0.62313796009146	53
0.016863928602761	0.92629724698163	407
-0.078320000895957	0.65123409992999	283
0.025370560891671	0.524475256453002	53
-0.100632841070498	0.64046301520952	53
-0.080403072406054	0.799337696689565	53
0.1185648819151	1.00625279371015	53
-0.00463505062175701	0.837796459242651	53
-0.030613118439981	0.505568520475671	53
0.101345894453737	0.734243714060167	53
-0.024573327749453	0.628224952667434	53
0.00815176293874098	0.686594165303302	53
-0.108818179608015	0.54053524664119	53
0.0147862788701389	0.706301375128796	2
-0.121871987795296	0.647294685226853	53
0.073616781857354	0.821580825714287	53
-0.122992879244391	0.450596999889371	53
-0.029406797603937	0.413006318505584	2
0.093114698081712	0.987046418681786	53
-0.057271874089707	0.927671485123612	283
-0.107806599497478	0.627698210347279	53
0.00633226638518802	0.925520038261635	53
0.039993772447492	1.01866337664285	53
-0.079149139787511	0.652652929379959	53
0.0147566307218679	0.740444514927273	53
0.103116739581829	0.656779705885511	2
0.060067832847413	0.625350182903401	2
-0.084567027162859	0.5773391239803	53
0.0228766140718309	0.721694638508772	53
0.085074642306891	0.915144799977392	53
0.015782485335569	0.742682015981661	53
-0.019636392494906	0.58771521024539	53
-0.037093468950229	0.679998968055713	53
-0.088327107562381	0.532294771697827	53
0.109041517228699	0.984350282086243	53
0.047004701252341	0.57271222830432	53
-0.088235860818073	0.565135172454219	53
0.083773941887997	0.913279756710455	53
0.06530835432009	0.856022911384166	53
-0.00308644446867901	0.788632063480998	53
0.00783363912667601	0.625491255412999	53
0.046436655041402	0.995020231650103	53
-0.092993422652201	0.561075063822165	53
-0.020876326934978	0.661845063799165	53
0.022473228598184	0.608242563837799	53
0.112414444534995	0.540966259799183	2
-0.05780406102567	1.12704461313255	887
-0.10607484667918	0.930132847916965	887
0.0465181955858091	1.43273694558496	887
-0.073117510095553	0.613152425752877	53
0.014155487121684	1.31831232800494	53
0.035717289867694	0.668889221027797	53
0.088007118010145	1.090077178804	53
-0.071051865717981	0.69600754657406	53
0.092051067227814	1.17241173570486	53
0.03665776268931	0.715621622934989	53
-0.064453118734392	0.608830678333433	53
-0.00040391733102102	1.38140288590109	887
0.030951085281502	1.45084212096538	887
0.029609962758046	0.646038599986798	53
0.107571232960681	1.02793565673344	53
0.029720129856586	1.38293265032046	53
-0.088515334843608	0.85568240041484	53
-0.052416591461003	0.727320467362249	53
0.083460624148783	0.925161343460365	53
0.077745875851326	0.970495716063695	53
-0.072374045456316	0.536120006832458	53
0.070278622446741	0.415469607452936	2
-0.068782758154163	1.11591054509802	887
0.087329520056516	1.79148194621813	887
-0.018071417020624	1.44237770622047	887
0.00969801539274195	1.38137119535013	53
-0.121081536674156	0.576717675209827	53
-0.105761820692869	0.471234565658914	53
0.071794852748677	0.857780060946289	53
-0.055317099179581	0.637739688081503	53
0.037665981831924	0.728598518377521	53
0.114203964782532	0.434392065577796	2
-0.02173980362813	1.31561585614478	53
0.00628696405353002	1.69998714217182	53
-0.033178799879516	1.33563022389328	53
0.011161322470005	1.19380858863149	53
-0.00413352951196699	1.18519743208077	53
0.034866371096026	1.30389832837223	53
-0.089923781356518	0.759570528660766	53
-0.107955797156165	0.830297181942532	53
0.018145550125497	0.78130214066833	53
-0.05611250233424	1.98914059460652	887
-0.073352740034337	1.70810429479053	887
-0.00365507954220701	1.46053132551079	53
-0.054217035531254	1.12534587371751	53
-0.061812718149101	1.02148913573079	53
-0.104844946447401	0.676190193485373	53
-0.100761189698935	0.465758025830536	53
0.062229350657284	0.740090935555875	53
0.085860304616223	0.710776111815334	53
0.096774697243644	1.04077165906387	53
0.06383886352992	1.12884892541922	53
-0.116918064665705	0.40793877025525	53
0.025997008755959	0.598421872325239	53
-0.10520329725787	2.44211734504265	887
-0.121996972291418	1.10064378865837	53
-0.00126610233243002	2.0307114329553	53
-0.066073657834631	1.20616149412147	53
0.062905539942428	0.987921379252646	53
-0.070615424482201	0.982027905103626	53
0.121037109741754	1.169536481472	53
-0.0638418047984	0.472898539914342	53
-0.044260414990052	0.422937138953712	53
-0.00962480063948201	0.426981838284194	53
-0.063424573412414	0.428843939954779	53
0.037500961965648	0.529443154899355	53
0.0507316892918091	0.728334042484206	53
-0.010927516190607	0.42319667633239	53
0.120595249662951	1.11153289973599	53
0.071696422459573	0.619787509413908	53
-0.082395183072467	1.16432017882488	53
0.04397620146461	2.0837727885101	53
0.086251291888084	2.02201003942276	53
0.062466979675889	0.417030902340162	53
-0.057135175664064	0.278425162581158	53
-0.090468421424279	0.388751227822546	53
-0.074386843842934	1.2443113642082	53
-0.072018620068912	1.08633787180968	53
-0.088050548762292	0.784384230956786	53
0.027049131551334	1.10437754578459	53
-0.029152790593017	0.647986717748365	53
0.060428905733563	0.696153723709714	53
-0.123096595108184	0.406155841842996	53
0.04706527748115	0.627617672641259	53
-0.08888660781889	0.471739733726473	53
0.05219375577696	0.848587518561003	53
0.017083242466247	0.597360410375585	53
0.058208516287485	2.01178428270142	53
-0.058672338195654	1.42899774017447	53
-0.118680817376555	0.831659011261766	53
-0.021786261006566	0.756464373017272	53
-0.105248883152627	0.687905102945611	53
-0.105311641926109	0.469750193957007	53
0.0747925414852521	0.700965444283416	53
-0.05945384077979	0.542948868773743	53
-0.077009828513323	0.494606722701986	53
0.028251543692605	1.92184094325309	53
0.029889152721382	1.79478929148329	53
-0.019330322485745	1.77518128985571	53
-0.062969253602585	1.40844086551585	53
0.017765549488038	1.78066686614559	53
-0.095862230158036	1.14384946730437	53
0.102084576719484	1.52060784444086	53
0.017656884771972	0.707119140064843	53
0.078145610953156	0.762804164344973	53
0.071861012473299	0.659028691447031	53
-0.00620652583994502	0.731283210129698	53
0.00494135020819397	0.720243100505216	53
-0.038387697571071	0.615128522346722	53
0.02181326557827	1.7469033669723	53
-0.046644121229912	1.35408308328413	53
0.046940202858455	1.44026516109687	53
-0.035366028461158	1.16060611840797	53
0.086554021440744	1.37019071120454	53
0.028548086524441	0.831048259739364	53
-0.014368055571528	0.693380779198193	53
0.105511465708392	0.862171862243751	53
0.078036879722862	0.705997989457407	53
0.01996487361238	0.839042487635171	53
0.083047582205759	2.48392825294318	53
-0.096477245844154	1.4007092034587	53
0.055146705910971	2.01849739382996	53
-0.08613181759052	0.925811248946988	53
0.076606350996748	0.63890999746715	53
-0.006189048337637	0.591146842805618	53
-0.115279205029114	0.7145112792056	53
-0.07964153467875	0.889666550189092	53
0.00896788417109895	0.639917981973336	2
-0.054591453585089	1.55265083921948	53
0.055792535057991	2.1741186508449	53
0.110654629749025	2.33268175586106	53
0.035236954756294	1.61755264868398	53
0.040525208629496	1.37891666982833	53
-0.084211047391656	0.533905884292962	53
-0.084149672913803	0.612058800388997	53
0.071208985036573	0.695677979009031	53
0.0667408025478961	0.647372385217381	53
0.071636141753345	0.679320861861606	53
0.025028300063041	0.671970002214696	53
-0.049969281877035	0.602383646964231	53
0.059549297013605	2.14622294886044	53
0.099579901544015	2.24491002702931	53
-0.01774302270906	2.12357916772338	53
-0.000686708611190023	1.06814935153694	53
0.109820801858549	1.42866117873864	53
0.00603977015007395	0.68203414309279	53
0.119100765402733	1.03060563704621	53
0.060289642988988	1.1328287299284	53
-0.055297644844256	0.855117162567579	53
0.102386684549854	1.22515254764728	53
-0.093783220539396	0.690441642693427	53
0.039429979068906	0.774889585571415	53
0.000172255316002956	0.780190720547546	53
-0.10567605530832	0.543333239808748	53
-0.057650871163633	0.403381839285154	53
-0.025207156669004	2.21366943180275	53
0.060389345021667	2.32227551373191	53
0.002603465569324	1.86656585219424	53
0.075045457999028	2.30529580651751	53
-0.026933326216059	1.061316295299	53
-0.101171176615448	0.580285441744495	53
-0.11613088005003	0.678266901302853	53
0.00195060984062501	0.984893412513373	53
-0.121675566468359	0.551590502179048	53
-0.068351600910935	0.75918455850487	53
-0.041761049394489	0.619678461797065	53
0.05897908507341	0.777283002351778	53
0.0677703946625841	0.878273522452098	53
0.041279597678854	0.609720296602125	53
-0.028183281272411	1.84890757599836	53
0.068085298717222	1.00177295523677	53
0.032677234496863	0.911856760522234	53
0.079175188685914	1.22978478385711	53
-0.115780430373275	0.64829938811343	53
0.119488247467185	1.05449490558508	53
0.058168204814368	0.534581917327787	53
0.110359699577106	0.739349153439208	53
-0.051429240239904	0.729663877732138	53
0.054097622030998	0.881780648799765	53
0.104380088031902	1.13233104625766	53
0.032932267021235	0.682596069963594	53
-0.037453999763726	0.296732847966233	718
0.078410455060326	0.63042987394624	53
-0.080319283397774	0.406804290570524	53
0.000948317675285026	0.512794966724046	53
0.091049577047302	0.77676786202526	53
0.043050124223712	0.535994061964808	53
-0.00957703892756301	0.590006476972973	53
-0.100349084922192	0.99089160150081	53
-0.099187062085661	1.44796954682909	53
-0.000285186222379996	0.739832333138005	53
-0.053418141254178	0.427419354960576	53
-0.025404710580033	0.407012415191757	53
0.058182323655694	0.61334390153812	53
0.025048470359707	0.382248810964861	53
0.073678734111005	0.432690182648376	53
-0.112475784841833	1.47700363664406	53
-0.012504163456463	1.00182271342652	53
-0.041451306834829	0.734426431984399	53
0.021701303646643	0.950074064907493	53
0.037183021786574	0.862631025482896	53
-0.079408166808186	0.667703181647949	53
0.050315692986499	0.830962378455621	53
0.117244820429477	1.09928674884744	53
-0.123138695317482	0.541155721456401	53
-0.082619314245119	0.633280917097683	53
-0.022325261961432	2.43248264701636	53
-0.073315226700965	1.62412925179975	53
0.102116759369093	1.22166729264733	53
0.00280721688966101	0.620282046095453	53
0.0997886996024599	0.646260290791642	53
-0.01717881592588	1.27188728296718	53
0.015451622616501	0.721396533913996	53
-0.100150731777141	0.489873980966346	53
0.023340553853359	0.992905975333158	53
-0.068143334060461	0.766655819491476	53
0.037699697776447	0.670131275022645	718
-0.103874253381962	0.993062192218996	283
0.110521700534824	1.04914190646172	53
-0.091974506064449	0.689411999909404	53
0.022297942141235	0.609352869070788	718
-0.021791151386239	0.421225633775359	718
-0.083183208059573	0.295650133120992	718
0.031663081796857	1.05722872799659	53
0.0705174604468169	0.711306947481496	718
-0.066067519440486	1.35533529561366	53
0.052165696089345	1.02792735388804	53
-0.103292027585364	0.544507749523955	53
-0.090206381209584	0.757819847130482	53
0.042889542476074	0.536481485778788	718
-0.07857754272934	1.80863976367986	53
0.050369717777236	1.72605398159064	53
-0.10029944991556	1.0213240494566	53
-0.081533394798606	0.514338693587116	718
0.047956682962817	1.63842012692221	53
-0.050523957420691	2.15517023165693	53
-0.103617993432993	1.47014340086459	53
0.012393557206434	1.03643428211952	53
0.010678324485153	0.873597070354792	53
-0.068065438770573	0.708623460419217	53
-0.010130738108599	0.814296207708278	53
-0.020014530738397	0.510016775883624	53
0.09397300025791	0.542538445882012	53
-0.076596732791903	0.482367818344049	53
-0.089137058664296	0.547853094426304	53
0.069202352218631	1.13679180752554	53
0.106192135076154	0.790498821177804	53
-0.080516623378872	0.291344719792233	53
-0.014325675419863	0.99566519813808	53
-0.065791035871046	0.689561893536109	283
-0.035369516503324	1.10637389847897	53
-0.092701532993983	0.781177230430631	53
0.00102798976619201	1.45413771376719	53
-0.014527867951147	1.27938420245609	53
0.00498301235907595	1.04559869985957	53
-0.038967516008838	0.872334127687694	53
0.070619003231726	1.12270013785878	53
0.048863099499103	0.836930035697765	53
-0.032460113317071	0.295666215390788	53
0.00688151522153702	0.531786706105607	53
-0.09761933423233	1.41425265204284	283
0.010271324056135	1.424031464538	53
-0.067472385986639	0.748428298244459	53
-0.101005523133568	1.07401125630462	53
-0.085978028578147	0.578585385908065	53
-0.098363619322615	0.464082086262765	53
-0.00107433727434197	0.288076102969178	53
0.00407315803805997	2.25868447700062	283
-0.00805661136178598	1.77097082279294	53
-0.082576711760099	1.2079615006635	53
0.024333948999638	1.24289309490223	53
0.096615329334087	0.64369136978558	53
-0.10140179439569	1.53886875458661	283
-0.048208261661577	1.09290219116265	53
-0.060981797918974	1.17067725085138	53
-0.022844574819613	2.06343224114864	53
-0.053430538820583	1.88230890135353	53
-0.094045143042505	1.52865129127673	53
-0.011015997740389	1.35594466017155	53
-0.097761860369953	0.738711002952638	1908
-0.080058349869381	0.577707116277007	53
0.063015791837856	2.33319110887321	53
0.116055486796477	2.33088122817377	53
0.053578549252998	1.979433702417	53
-0.039975371594362	1.17267147096301	1908
-0.112707606328784	0.722641336328629	53
0.112829660040587	1.15283168042969	53
-0.108277141436053	1.53062357193361	53
-0.051777611185265	0.489380379013073	53
0.116981498204344	0.444063801750119	53
-0.108600588516119	1.48105082676359	53
0.00398577387764598	0.676775593521821	53
0.071029928251464	0.425086361265664	53
0.054153383487166	0.855827578426195	53
0.016670015314501	0.600294853867013	53
-0.010661284700521	0.716337793689544	53
-0.107377800030064	0.302740148535746	53
0.051235335000233	0.886372770549693	53
-0.122316681717759	0.489978612853961	53
0.048405171292605	1.1492600478288	53
-0.106766320026657	1.53815499219623	1908
0.041545823399418	2.12445993617419	53
-0.079771602624309	0.771462655280978	53
-0.013495836452863	0.85611850727144	53
-0.054626458061231	1.4933160811589	53
0.120637041917714	0.919954634105257	53
0.058685485523484	0.936202638119932	53
-0.111343031496668	1.68468552896868	53
-0.044343210666602	1.16702667514274	53
0.05138091060279	0.914939535896633	53
-0.086513545254411	1.02036510278924	53
-0.00948632219753498	2.47592856136466	53
0.029267811702521	1.71818298325587	53
0.075787751854324	1.25286177472034	53
