x	y	clickSelects
-0.0742034158667699	0.4776411587918	44
-0.0780875691596301	0.481329111904226	279
-0.00199097483451993	0.751497749017312	218
-0.0742034158667699	0.4776411587918	218
-0.000312311941840004	0.760236576750953	218
-0.0776612011748901	0.474017755843339	66
-0.0737123449561501	0.469700478767455	66
-0.07940182796794	0.468873201627584	46
-0.0810363027198799	0.470929844585795	46
-0.0780875691596301	0.481329111904226	10
-0.08234829235793	0.472953466281888	46
-0.08234829235793	0.472953466281888	7
-0.0728842221881301	0.48718262978292	116
-0.07502950551518	0.484627447675102	515
-0.0780875691596301	0.481329111904226	256
-0.0728842221881301	0.48718262978292	256
-0.07462993977538	0.481691620263563	3
-0.07502950551518	0.484627447675102	357
-0.0767724370979599	0.479205258087904	357
0.0629699755014701	1.10708390800341	44
-0.0737123449561501	0.469700478767455	329
0.11761891699721	1.50865628540433	256
-0.0763252700231301	1.52172656908796	279
-0.0575767993215599	1.44221613164158	309
-0.01603097510956	1.18570114569565	309
-0.0879722618786101	1.56625706479494	71
-0.10586942534825	0.866774395552438	7
-0.00467812871318007	1.27308858138413	57
0.06763974827047	1.10769933912574	809
0.11941268909203	1.51952976074153	441
-0.10692625788222	0.84425739244978	373
-0.0102891831888501	1.28148884357941	373
-0.10649460902405	0.873742612776647	57
0.11378198923811	1.42920179417127	809
-0.10347545907713	0.908036554025269	106
-0.12333214209416	2.18927201360132	218
-0.11106458207635	0.87184519926244	57
-0.0707279545057	0.461658385978542	57
-0.0767389633695701	0.449420396697844	116
-0.0780875691596301	0.481329111904226	441
0.04161456872815	1.58361424828638	150
-0.07634579098725	0.486816559821607	309
-0.10586942534825	0.866774395552438	542
0.00613339149235004	1.7844103205861	1441
0.000640010982279948	1.6472503874036	116
0.00203441173832997	0.781095917610704	809
-0.0589090787920501	1.45030621769984	3
-0.0967965623957601	1.58663123221241	217
0.0840001869634599	1.01130499312311	218
0.11712875422422	1.5253121078294	1782
-0.10080107584176	0.870170601606188	1782
-0.00990946621725008	1.22308493869638	218
-0.11122495157395	1.66819159750883	618
-0.0737123449561501	0.469700478767455	57
-0.0925816008687399	1.58812203063434	71
0.00592840417108009	0.79577269509704	57
0.11153143998967	1.50584275593555	57
-0.09321205888565	0.854073443568947	33
0.000502077624719988	0.749812474050644	542
0.00329171332424005	0.764583470104149	116
0.00203441173832997	0.781095917610704	373
-0.10350994631282	0.907513408517296	373
-0.01228750105126	1.23033194914555	217
-0.09658579684847	0.875662712097782	106
-0.09995940479184	0.883112131949007	150
-0.07462993977538	0.481691620263563	150
-0.0754564319865101	0.464683528225666	57
-0.0742034158667699	0.4776411587918	57
-0.07502950551518	0.484627447675102	57
-0.0128424838330701	1.27662115154845	57
-0.0733110279007201	0.471072512706836	46
0.07085952174928	1.0933994807604	200
0.00745216601577003	0.774408020936589	752
-0.08365941961665	0.460984603377066	542
0.00592840417108009	0.79577269509704	1441
-0.07502950551518	0.484627447675102	116
-0.0754564319865101	0.464683528225666	441
0.00272819593065998	0.73553875718138	441
-0.0737123449561501	0.469700478767455	116
0.00720151757966003	0.745800976163375	16
-0.08234829235793	0.472953466281888	441
-0.07634579098725	0.486816559821607	441
0.00329171332424005	0.764583470104149	256
-0.07502950551518	0.484627447675102	3
0.00356610978947991	0.760662938461372	3
-0.01244016094222	1.26812179645183	217
-0.0827569879911401	1.58171635900294	217
-0.10569112016837	0.886765123503836	106
-0.07634579098725	0.486816559821607	150
-0.00338679126005004	1.25433220246764	891
0.00440402810550999	0.763219342678577	579
0.00203441173832997	0.781095917610704	61
0.0571561411866801	1.06129152470271	65
-0.07462993977538	0.481691620263563	57
-0.07634579098725	0.486816559821607	879
-0.0767724370979599	0.479205258087904	879
0.00217674175728999	0.758510452502241	57
-0.1077194973188	0.87268662809685	429
0.000511041279839919	0.762798401702195	33
-0.07634579098725	0.486816559821607	441
-0.0797234509586899	0.456995301630212	441
-0.07594797515957	0.472405810643601	441
-0.0715641499665101	0.476261696112282	106
-0.0624805455834301	1.37986647899992	891
0.11136551157543	1.51603239857968	891
-0.10536551216001	0.897591564670742	218
-0.08020801702625	0.464363302230039	309
0.00467701799234011	0.756325342569762	618
-0.00925610749422989	2.31489077255415	57
-0.0754202934658901	0.450022311934965	57
-0.07462993977538	0.481691620263563	429
-0.0989670027559699	0.898135553077962	3
0.0583596628160199	1.08020534576751	3
-0.0742034158667699	0.4776411587918	3
-0.07502950551518	0.484627447675102	3
-0.10314996905123	0.88749404221869	44
-0.07634579098725	0.486816559821607	891
-0.07634579098725	0.486816559821607	618
-0.0810363027198799	0.470929844585795	57
-0.07634579098725	0.486816559821607	879
-0.0728842221881301	0.48718262978292	57
0.00481783637797006	0.797345043041251	638
-0.0776612011748901	0.474017755843339	115
-0.0996408203104899	0.865810872885809	115
-0.0810363027198799	0.470929844585795	115
0.00203441173832997	0.781095917610704	200
-0.11218712951953	0.834045826779392	116
-0.10501354836578	0.828659998149865	441
-0.0733110279007201	0.471072512706836	441
-0.07594797515957	0.472405810643601	256
-0.06490721514708	1.42029656536665	373
-0.07502950551518	0.484627447675102	150
-0.0645256743856499	1.32339732477686	150
0.01136033083349	0.750939430297664	150
-0.10111932417922	0.884327582552011	618
-0.0767724370979599	0.479205258087904	57
-0.0715641499665101	0.476261696112282	879
-0.10533459228175	0.878534955424785	57
-0.07594797515957	0.472405810643601	1172
0.10806570573992	1.91989410833296	57
-0.0364892371378001	2.31850435271184	71
-0.07634579098725	0.486816559821607	200
0.0629699755014701	1.10708390800341	200
0.00356610978947991	0.760662938461372	1426
0.00855831828454989	0.76555347889899	39
-0.0715641499665101	0.476261696112282	370
0.0699857922419001	1.08714572234182	6
0.09972458874362	2.02166750432818	6
0.11440829737869	1.52309060071349	116
-0.07247647027697	0.456849225359474	116
-0.0602983148687399	1.41628365721202	3
0.0388859683340199	1.55148241017889	3
-0.07594797515957	0.472405810643601	3
-0.0728842221881301	0.48718262978292	1452
-0.07940182796794	0.468873201627584	546
-0.10080107584176	0.870170601606188	106
-0.0728842221881301	0.48718262978292	218
0.00467701799234011	0.756325342569762	618
-0.0754564319865101	0.464683528225666	65
-0.07594797515957	0.472405810643601	57
-0.00749627382002993	1.70401343107721	39
-0.000312311941840004	0.760236576750953	39
-0.07634579098725	0.486816559821607	39
-0.0780875691596301	0.481329111904226	16
-0.0728842221881301	0.48718262978292	441
-0.000198759656929948	0.771174129168954	150
0.0492441304797999	1.63362558869488	150
0.000502077624719988	0.749812474050644	65
0.0665893018369299	1.13712072747197	579
-0.0621650837288401	1.44091454641573	65
-0.12398159340962	2.09261190168523	61
-0.0966148463710299	0.89881840461451	57
-0.0183111473437501	1.2327526992046	57
-0.01938847162573	1.19024340085993	429
0.00634333969714995	0.775850955573081	441
-0.10115327679054	0.911864718179937	441
-0.07634579098725	0.486816559821607	441
-0.00749115322008009	1.24383322328777	373
-0.1023144050994	0.913229219308446	373
-0.0844520143744001	1.48356786148668	217
-0.0767724370979599	0.479205258087904	150
0.11712875422422	1.5253121078294	309
-0.0625541036160799	1.39640691806312	309
0.11408296144756	1.51857530131558	218
0.0701295049649999	1.12211097627701	65
0.00467701799234011	0.756325342569762	57
0.11590591806537	1.51534222716613	57
0.0678699194766701	1.11193373638319	429
0.0391361324756201	1.56459491843545	39
0.00440402810550999	0.763219342678577	516
0.00745216601577003	0.774408020936589	516
0.0607081261234299	1.09761971425617	256
-0.0122194430459399	1.19911153607858	256
-0.0175944587330199	1.26743657889736	3
-0.000312311941840004	0.760236576750953	3
0.06777985320759	1.07777691885893	546
0.0736906985756201	1.09959127823932	44
0.11751255343853	1.41734489639681	106
0.10776792295221	1.38383538471068	106
-0.10870774560648	0.854207348005323	61
0.00467701799234011	0.756325342569762	57
-0.00419602780016004	1.21439416860905	57
0.050597840237	1.61402111173993	57
-0.10460055945399	1.47539232686054	429
0.11636736589727	1.50861816966016	638
-0.000614937002209937	0.74845946276558	115
0.06264569592662	1.09149662205381	115
-0.12013917039844	1.60755731594151	6
0.11530586690406	1.51521789846684	441
0.00703629928620009	0.786246714670945	441
-0.10350994631282	0.907513408517296	3
-0.01658310165779	1.86624151945997	106
-0.10539436403583	0.864601378710289	1589
0.0642407668604901	1.12829915637605	824
-0.0570379369671199	1.39663423078678	218
-0.10801281060796	0.878557877944574	65
-0.0788931319101101	0.473285696777816	394
-0.0158934668630799	1.23607132150717	638
0.00300082346304009	1.71103061649322	39
-0.0560844522411901	1.42138630138538	39
-0.0867328763501001	1.57453220874007	39
-0.08365941961665	0.460984603377066	16
-0.0810363027198799	0.470929844585795	441
0.0694310706746799	0.998170708086391	202
-0.0780875691596301	0.481329111904226	150
0.00761117472285999	0.772890458325536	824
0.00370461042777004	0.790657654950952	121
-0.0715641499665101	0.476261696112282	218
0.00200918824688001	0.765065738255205	61
-0.07502950551518	0.484627447675102	394
-0.0797234509586899	0.456995301630212	441
-0.0733110279007201	0.471072512706836	441
-0.0780875691596301	0.481329111904226	441
-0.0780875691596301	0.481329111904226	256
0.000919135625240042	0.779651307038813	106
-0.0810363027198799	0.470929844585795	22
0.00592840417108009	0.79577269509704	638
0.11759095920537	1.49766570908349	46
0.0677086397240101	1.11732005588883	39
-0.0780875691596301	0.481329111904226	116
0.000919135625240042	0.779651307038813	116
-0.0733110279007201	0.471072512706836	516
-0.0737123449561501	0.469700478767455	16
-0.07634579098725	0.486816559821607	16
-0.07634579098725	0.486816559821607	16
0.00578527688052999	0.745857698933634	256
-0.09878078087703	1.49965757966643	137
-0.0707279545057	0.461658385978542	1589
0.00203441173832997	0.781095917610704	535
-0.01244016094222	1.26812179645183	824
-0.000614937002209937	0.74845946276558	579
-0.0728842221881301	0.48718262978292	261
-0.0742034158667699	0.4776411587918	638
-0.10617391516304	0.826567834549918	837
-0.06621464025517	1.35689694886214	39
-0.0776612011748901	0.474017755843339	39
-0.1077194973188	0.87268662809685	370
-0.07634579098725	0.486816559821607	373
-0.07502950551518	0.484627447675102	535
-0.0733110279007201	0.471072512706836	121
-0.07502950551518	0.484627447675102	512
-0.0754564319865101	0.464683528225666	512
-0.07634579098725	0.486816559821607	579
0.00602556343138994	1.82896637639273	388
-0.07634579098725	0.486816559821607	261
-0.00845271881435994	1.274462184831	638
-0.10115327679054	0.911864718179937	837
-0.07247647027697	0.456849225359474	39
-0.09780445772292	0.893373862567747	24
-0.0754564319865101	0.464683528225666	256
0.10748294834144	1.43859464193548	126
-0.10420413734929	0.890090934380007	3
0.0639290251437901	1.11490675216942	3
-0.08234829235793	0.472953466281888	36
-0.1141131112901	0.813298117694581	1226
0.00425704893030998	0.765196981871479	1226
-0.0707279545057	0.461658385978542	701
-0.0767724370979599	0.479205258087904	106
-0.07502950551518	0.484627447675102	486
-0.07462993977538	0.481691620263563	440
-0.07462993977538	0.481691620263563	1589
-0.07462993977538	0.481691620263563	428
-0.07502950551518	0.484627447675102	61
-0.0707279545057	0.461658385978542	61
-0.0780875691596301	0.481329111904226	57
-0.0728842221881301	0.48718262978292	263
0.00481783637797006	0.797345043041251	46
0.00634333969714995	0.775850955573081	39
-0.07634579098725	0.486816559821607	16
-0.0788931319101101	0.473285696777816	418
-0.0767724370979599	0.479205258087904	256
-0.07634579098725	0.486816559821607	3
-0.08020801702625	0.464363302230039	361
0.01560578818034	0.709664546939863	121
-0.07594797515957	0.472405810643601	437
-0.07462993977538	0.481691620263563	263
-0.07634579098725	0.486816559821607	39
-0.07502950551518	0.484627447675102	444
-0.07634579098725	0.486816559821607	444
-0.0715641499665101	0.476261696112282	1171
-0.000198759656929948	0.771174129168954	364
-0.0776612011748901	0.474017755843339	36
0.0655358019988099	1.07869151715519	36
0.00745216601577003	0.774408020936589	1226
-0.00547709535737995	0.715251157195879	44
-0.0776612011748901	0.474017755843339	428
-0.0742034158667699	0.4776411587918	61
-0.07634579098725	0.486816559821607	263
-0.0728842221881301	0.48718262978292	263
-0.0694049500910901	0.462286444117799	33
-0.0715641499665101	0.476261696112282	46
-0.06433029801672	1.28032141290268	185
-0.07594797515957	0.472405810643601	39
0.000919135625240042	0.779651307038813	6
-0.10927029576244	1.59149662494078	6
-0.0737123449561501	0.469700478767455	159
-0.08234829235793	0.472953466281888	120
-0.0767724370979599	0.479205258087904	256
-0.00983739565087993	1.24862034445438	1486
-0.0728842221881301	0.48718262978292	3
0.0673190266999	1.08777972198016	486
-0.0754564319865101	0.464683528225666	440
-0.0780875691596301	0.481329111904226	61
-0.0728842221881301	0.48718262978292	437
-0.0742034158667699	0.4776411587918	1318
0.00267730631766994	0.727345503140923	185
-0.10768805729777	0.893819566190561	39
0.00387076505710993	0.744433006391536	528
0.11696716525274	1.50873607321107	370
-0.0733110279007201	0.471072512706836	120
-0.08365941961665	0.460984603377066	444
0.00203441173832997	0.781095917610704	256
0.00425704893030998	0.765196981871479	84
-0.00573369490655007	0.740184473522216	3
-0.0715641499665101	0.476261696112282	740
-0.07634579098725	0.486816559821607	3
-0.07940182796794	0.468873201627584	114
-0.10223495314102	1.47151006226311	202
-0.07594797515957	0.472405810643601	202
-0.07502950551518	0.484627447675102	44
0.12351039868372	1.45628088460116	44
-0.07634579098725	0.486816559821607	22
-0.0742034158667699	0.4776411587918	22
-0.0788931319101101	0.473285696777816	440
-0.0742034158667699	0.4776411587918	440
0.06779816939623	1.13164867364138	1295
-0.07634579098725	0.486816559821607	121
-0.0728842221881301	0.48718262978292	121
-0.0780875691596301	0.481329111904226	121
-0.0742034158667699	0.4776411587918	61
-0.07594797515957	0.472405810643601	261
-0.07462993977538	0.481691620263563	33
0.00913045357424003	0.7530989741179	429
-0.0767724370979599	0.479205258087904	120
-0.0776612011748901	0.474017755843339	444
-0.07462993977538	0.481691620263563	444
-0.07594797515957	0.472405810643601	1486
-0.0523670967015499	1.42393311403316	3
-0.000614937002209937	0.74845946276558	740
-0.0728842221881301	0.48718262978292	740
-0.0776612011748901	0.474017755843339	44
-0.00626927460186999	1.26603524861789	577
0.00761117472285999	0.772890458325536	861
-0.07634579098725	0.486816559821607	1565
-0.0810363027198799	0.470929844585795	1610
-0.07940182796794	0.468873201627584	473
0.00913045357424003	0.7530989741179	388
-0.07634579098725	0.486816559821607	388
0.06891846521764	1.12384045716814	437
-0.0780875691596301	0.481329111904226	46
-0.0767724370979599	0.479205258087904	6
-0.0715641499665101	0.476261696112282	120
-0.0737123449561501	0.469700478767455	740
-0.07502950551518	0.484627447675102	44
-0.0767724370979599	0.479205258087904	861
-0.0694049500910901	0.462286444117799	861
-0.01228750105126	1.23033194914555	861
-0.10216083563268	1.52742656021487	61
-0.07462993977538	0.481691620263563	61
-0.07634579098725	0.486816559821607	61
-0.0780875691596301	0.481329111904226	1753
-0.0715641499665101	0.476261696112282	93
-0.0776612011748901	0.474017755843339	447
-0.0767724370979599	0.479205258087904	444
-0.0780875691596301	0.481329111904226	740
-0.0733110279007201	0.471072512706836	1597
-0.07634579098725	0.486816559821607	577
-0.00285680535771005	0.720619704162261	44
-0.07502950551518	0.484627447675102	61
-0.08234829235793	0.472953466281888	300
0.00492418132292993	1.77167322407078	33
-0.0754564319865101	0.464683528225666	263
-0.07594797515957	0.472405810643601	751
-0.07634579098725	0.486816559821607	483
0.0125536840406	0.732502887590332	256
-0.07940182796794	0.468873201627584	126
-0.07462993977538	0.481691620263563	3
-0.0728842221881301	0.48718262978292	114
0.000511041279839919	0.762798401702195	1801
-0.07940182796794	0.468873201627584	1701
-0.0776612011748901	0.474017755843339	1367
-0.0742034158667699	0.4776411587918	119
-0.0776612011748901	0.474017755843339	528
0.00387076505710993	0.744433006391536	528
-0.07634579098725	0.486816559821607	12
-0.07940182796794	0.468873201627584	126
-0.00573369490655007	0.740184473522216	3
-0.07634579098725	0.486816559821607	1513
-0.08914173200783	1.93060509374551	202
0.05684827826471	2.0700425953098	202
-0.12312424484743	1.85239470764891	44
-0.01845787805082	1.24033594932746	44
-0.0715641499665101	0.476261696112282	1701
-0.0891777568615499	1.59861723282516	121
-0.07940182796794	0.468873201627584	880
-0.0723972442529399	1.28123346179074	282
0.06531633770487	1.08853798890434	194
-0.01421870691634	1.2431504670211	1036
-0.07115463114773	0.45746536315437	444
0.06531633770487	1.08853798890434	444
-0.0767724370979599	0.479205258087904	444
0.00871964564949002	0.776327112503275	3
0.00634333969714995	0.775850955573081	3
-0.09630642232202	1.49897915417918	202
0.00370461042777004	0.790657654950952	486
-0.0733110279007201	0.471072512706836	218
-0.07634579098725	0.486816559821607	874
0.0665000266211999	1.10104366825479	261
-0.07462993977538	0.481691620263563	574
-0.0742034158667699	0.4776411587918	33
-0.07634579098725	0.486816559821607	1153
-0.0715641499665101	0.476261696112282	208
0.000816129409920041	0.766376539395625	194
-0.0173812239590601	1.20480688629207	2205
-0.0742034158667699	0.4776411587918	483
-0.07940182796794	0.468873201627584	3
0.05216507940071	1.6558202518957	202
-0.07594797515957	0.472405810643601	486
-0.09439893178447	0.880170903362353	22
-0.0776612011748901	0.474017755843339	121
-0.0810363027198799	0.470929844585795	880
-0.07115463114773	0.45746536315437	1153
-0.000683947662220019	0.764094896100563	33
-0.07634579098725	0.486816559821607	62
-0.06201892048319	1.40858314435126	159
-0.0788931319101101	0.473285696777816	483
-0.07940182796794	0.468873201627584	444
-0.0715641499665101	0.476261696112282	126
-0.0742034158667699	0.4776411587918	944
-0.10917352887333	0.864909471796226	121
-0.0780875691596301	0.481329111904226	121
-0.0728842221881301	0.48718262978292	121
-0.10801281060796	0.878557877944574	264
-0.10115327679054	0.911864718179937	372
-0.0780875691596301	0.481329111904226	93
-0.07502950551518	0.484627447675102	483
-0.08020801702625	0.464363302230039	120
0.00481783637797006	0.797345043041251	3
0.11835310969405	1.52625157710668	2139
0.0454580840875201	1.65998706088978	22
0.0677086397240101	1.11732005588883	22
-0.11073642663233	0.835081163458389	121
-0.11153800779605	0.832508858779873	525
0.06747471381532	1.0704002622694	264
0.0638557042188601	1.09317187019506	490
-0.0788931319101101	0.473285696777816	490
0.00481783637797006	0.797345043041251	490
-0.06015849481359	1.45359744015352	1021
-0.00173456943899009	0.740755123279827	12
0.10977343880372	1.46644475556871	12
0.000502077624719988	0.749812474050644	84
-0.00784339855013005	1.26268877042857	121
-0.07594797515957	0.472405810643601	574
-0.0767724370979599	0.479205258087904	490
0.03595228868238	1.46670854555871	692
0.11636736589727	1.50861816966016	46
-0.0728842221881301	0.48718262978292	120
-0.0767724370979599	0.479205258087904	120
-0.0780875691596301	0.481329111904226	202
-0.07940182796794	0.468873201627584	2139
-0.07502950551518	0.484627447675102	525
-0.07502950551518	0.484627447675102	261
-0.07462993977538	0.481691620263563	372
-0.0767724370979599	0.479205258087904	93
-0.0754564319865101	0.464683528225666	6
-0.0737123449561501	0.469700478767455	159
-0.07462993977538	0.481691620263563	126
-0.0330702749187299	2.4207824210183	202
0.00237725788108989	0.742293676079689	44
-0.0742034158667699	0.4776411587918	876
-0.0767724370979599	0.479205258087904	121
-0.08020801702625	0.464363302230039	64
0.06271694162241	1.12016202946392	261
-0.07594797515957	0.472405810643601	490
0.00481783637797006	0.797345043041251	490
-0.07940182796794	0.468873201627584	136
0.00481783637797006	0.797345043041251	33
0.0607081261234299	1.09761971425617	1365
-0.0636939640726799	2.41562666085725	129
-0.0767724370979599	0.479205258087904	93
-0.0728842221881301	0.48718262978292	1779
-0.0157535626519001	1.24455227573051	84
-0.0767724370979599	0.479205258087904	84
-0.07502950551518	0.484627447675102	442
0.01023717586849	0.756327146509791	876
-0.0728842221881301	0.48718262978292	876
-0.07634579098725	0.486816559821607	876
0.000816129409920041	0.766376539395625	261
-0.0776612011748901	0.474017755843339	954
-0.0715641499665101	0.476261696112282	569
0.0677086397240101	1.11732005588883	6
-0.07634579098725	0.486816559821607	1779
-0.07634579098725	0.486816559821607	12
0.00609129249894003	0.742645696879666	689
-0.0780875691596301	0.481329111904226	442
-0.10009863471566	0.890551535240699	121
-0.10689014827304	0.881377200252118	46
0.11223407523355	1.46054146727435	93
-0.0104341203934599	1.23580453237778	6
0.0701295049649999	1.12211097627701	121
0.05756213733164	1.02862374348988	118
-0.113386524372	0.851921299688305	85
0.0057615599871399	1.77399485914223	1767
-0.07634579098725	0.486816559821607	840
0.00743731065982001	0.724493110334309	427
-0.05475889645313	1.30290384903033	44
-0.0728842221881301	0.48718262978292	1948
-0.0974191145633001	1.57122507530663	261
-0.07462993977538	0.481691620263563	91
0.0407007982466201	1.58368450266467	1365
-0.0780875691596301	0.481329111904226	569
-0.07462993977538	0.481691620263563	93
-0.0767724370979599	0.479205258087904	159
0.0125536840406	0.732502887590332	1074
-0.07634579098725	0.486816559821607	1074
-0.10539436403583	0.864601378710289	36
-0.06148077123506	1.34315541236406	442
-0.0136613847731299	1.26712553249865	442
0.0525964252919999	1.65846587351169	118
-0.06723466133714	0.435058532904394	85
-0.0707279545057	0.461658385978542	85
0.0595643943187401	1.09102014331435	84
-0.10350994631282	0.907513408517296	689
0.06305550986817	1.06643078644395	3
-0.0615457887537001	1.42274827835227	22
0.00411772296205992	0.749226431294898	121
-0.07502950551518	0.484627447675102	121
-0.07594797515957	0.472405810643601	121
-0.07502950551518	0.484627447675102	427
-0.10685200706093	0.885431887155317	3
0.06891846521764	1.12384045716814	159
-0.01136435942684	1.28673177831712	84
-0.10467221068019	0.902380061706877	372
-0.0148807282346399	1.2590865935573	93
-0.10652681948021	0.89887408203719	1146
-0.0728842221881301	0.48718262978292	6
-0.0737123449561501	0.469700478767455	6
-0.10354239377692	0.870327085838606	84
0.11742838583635	1.45404305478637	3
-0.0996408203104899	0.865810872885809	121
-0.0742034158667699	0.4776411587918	259
0.00387076505710993	0.744433006391536	259
0.00986421978618002	0.770555075359283	372
-0.0733110279007201	0.471072512706836	352
-0.0929848944898599	1.61362331566087	93
-0.07634579098725	0.486816559821607	1146
-0.07594797515957	0.472405810643601	610
0.000919135625240042	0.779651307038813	159
0.01735113410315	2.16597273247479	12
0.00578527688052999	0.745857698933634	84
-0.10923981101147	1.63643801487739	389
0.00720151757966003	0.745800976163375	46
-0.07634579098725	0.486816559821607	259
-0.0715641499665101	0.476261696112282	146
-0.0733110279007201	0.471072512706836	6
0.0661822963541501	1.11432274937683	3
0.0654492688214301	1.13004354604165	121
-0.0073797157251001	1.23694711802867	639
-0.0263182068065799	1.8519441703898	6
-0.0691954341373999	1.36319671425105	427
-0.00575120983768995	1.27820823205899	12
0.04074956395776	1.65636442346593	3
-0.10569112016837	0.886765123503836	2335
0.06185125542208	1.06238499314805	146
-0.07502950551518	0.484627447675102	129
-0.0767724370979599	0.479205258087904	352
0.0818746546285301	2.43005294951059	129
-0.0962672563576901	0.848148910843817	281
-0.07502950551518	0.484627447675102	610
-0.0788931319101101	0.473285696777816	610
-0.000683947662220019	0.764094896100563	3
0.00114419353038997	1.73276287200273	3
0.10149034441967	2.00868360290654	442
-0.07502950551518	0.484627447675102	121
-0.10234760641927	0.906181837696579	389
0.04225566241931	1.64970553555584	129
-0.00241284223046989	0.745087409846883	1146
-0.10689014827304	0.881377200252118	174
0.00481469573131999	1.83385268061435	12
0.11399040457203	1.47623430640954	537
-0.02544729806471	1.94398492939569	118
0.00467701799234011	0.756325342569762	261
-0.00191815376939997	0.712287415065459	640
-0.0999920761383299	0.904069127132183	1146
0.07247807823318	1.11902547084178	639
0.00745216601577003	0.774408020936589	174
-0.0715641499665101	0.476261696112282	667
0.04650203541571	1.62890214978492	3
0.05216507940071	1.6558202518957	118
-0.0715641499665101	0.476261696112282	169
0.00855831828454989	0.76555347889899	640
-0.0733110279007201	0.471072512706836	24
-0.0767724370979599	0.479205258087904	667
-0.0780875691596301	0.481329111904226	667
-0.0728842221881301	0.48718262978292	254
0.00745216601577003	0.774408020936589	254
-0.12001267577499	1.60170443788539	347
0.00370461042777004	0.790657654950952	640
0.11056159621658	1.47912908214208	129
-0.0767724370979599	0.479205258087904	129
0.00245256668645011	0.759295676893683	12
-0.0157535626519001	1.24455227573051	12
-0.0842523870841301	1.56710123117967	169
-0.01228750105126	1.23033194914555	33
0.01815132574547	1.7395830221111	33
-0.10115327679054	0.911864718179937	425
-0.08234829235793	0.472953466281888	12
0.11669409103379	1.47633485003993	442
-0.12105999126414	1.65516663548401	477
-0.07634579098725	0.486816559821607	433
-0.07594797515957	0.472405810643601	248
0.00200918824688001	0.765065738255205	22
0.06843137000036	1.07752671459879	408
-0.07502950551518	0.484627447675102	118
0.00523185385184011	0.76960328507403	257
-0.07634579098725	0.486816559821607	257
-0.07940182796794	0.468873201627584	257
-0.0742034158667699	0.4776411587918	648
-0.0767724370979599	0.479205258087904	93
-0.07940182796794	0.468873201627584	425
-0.07462993977538	0.481691620263563	433
-0.0788931319101101	0.473285696777816	668
0.0697251097677301	1.06155841180102	3
-0.04701664606462	1.88463202166463	248
0.000816129409920041	0.766376539395625	22
-0.07462993977538	0.481691620263563	258
-0.0742034158667699	0.4776411587918	258
-0.07502950551518	0.484627447675102	119
-0.09780445772292	0.893373862567747	119
-0.07634579098725	0.486816559821607	387
-0.0733110279007201	0.471072512706836	1917
0.0696448370946501	1.0904403136655	477
-0.10347545907713	0.908036554025269	129
0.00986421978618002	0.770555075359283	648
-0.0733110279007201	0.471072512706836	93
-0.0728842221881301	0.48718262978292	425
0.00440402810550999	0.763219342678577	3
-0.0715641499665101	0.476261696112282	190
-0.0946622908986099	1.55628980612557	608
-0.000198759656929948	0.771174129168954	450
-0.0754202934658901	0.450022311934965	258
-0.0728842221881301	0.48718262978292	118
-0.00573369490655007	0.740184473522216	118
-0.07462993977538	0.481691620263563	118
-0.10652681948021	0.89887408203719	118
0.0630334779731701	1.1189590174303	261
-0.10649460902405	0.873742612776647	6
-0.0900178835155701	1.53433514930733	76
-0.0742034158667699	0.4776411587918	425
-0.000683947662220019	0.764094896100563	3
-0.0374137094698299	2.38820036503792	22
0.10827066832468	1.39705705292509	442
-0.0775773813073299	0.463106294453253	258
-0.07634579098725	0.486816559821607	1064
-0.02089907571199	1.22660968537382	118
-0.0728842221881301	0.48718262978292	119
-0.0767724370979599	0.479205258087904	119
-0.07502950551518	0.484627447675102	1165
-0.0780875691596301	0.481329111904226	425
-0.07462993977538	0.481691620263563	425
-0.0728842221881301	0.48718262978292	433
-0.0767724370979599	0.479205258087904	433
-0.0788931319101101	0.473285696777816	433
0.07126667489608	1.12901769988199	105
-0.10467221068019	0.902380061706877	668
-0.00428847054331993	0.720643293845171	668
-0.07634579098725	0.486816559821607	3
-0.10569112016837	0.886765123503836	3
-0.07634579098725	0.486816559821607	190
0.00481783637797006	0.797345043041251	1603
-0.10012948147861	0.895715957930713	433
-0.10115327679054	0.911864718179937	12
0.00222148989520998	1.21932618217269	307
0.08184093955939	1.03338096331687	258
-0.10467221068019	0.902380061706877	119
-0.0767724370979599	0.479205258087904	477
-0.00462408142391002	0.747911691559923	129
-0.10467221068019	0.902380061706877	24
0.11302014939416	1.49597323431395	6
0.000511041279839919	0.762798401702195	433
-0.10467221068019	0.902380061706877	12
0.00855831828454989	0.76555347889899	307
0.059319121535	1.04585439241972	258
0.00761117472285999	0.772890458325536	169
0.00440402810550999	0.763219342678577	257
-0.07634579098725	0.486816559821607	477
-0.07462993977538	0.481691620263563	477
-0.00420403674655989	0.742374655865165	477
0.00720151757966003	0.745800976163375	1432
-0.07462993977538	0.481691620263563	1432
-0.10888195889722	0.867945416873049	76
-0.07940182796794	0.468873201627584	425
-0.07502950551518	0.484627447675102	307
-0.0780875691596301	0.481329111904226	307
0.0724032564379999	1.09168580047351	118
-0.10132197704886	0.860963742175707	24
-0.0932375007683399	0.879173521649301	97
-0.0694049500910901	0.462286444117799	609
-0.0767724370979599	0.479205258087904	105
-0.07462993977538	0.481691620263563	22
0.00523185385184011	0.76960328507403	138
-0.0776612011748901	0.474017755843339	1711
-0.0737123449561501	0.469700478767455	232
-0.07634579098725	0.486816559821607	477
-0.07502950551518	0.484627447675102	477
-0.10431132945554	0.87713579064658	271
-0.07940182796794	0.468873201627584	6
-0.0728842221881301	0.48718262978292	1740
0.00161646007236005	0.745644772682445	86
-0.02100284542002	1.16660708402057	272
0.00133640305696003	0.75136502602786	48
-0.01926449823535	1.21392707941165	1
-0.0742034158667699	0.4776411587918	477
0.00592840417108009	0.79577269509704	271
-0.07940182796794	0.468873201627584	271
-0.0767724370979599	0.479205258087904	97
-0.0344534568091199	1.89465698941009	377
0.00578527688052999	0.745857698933634	232
-0.0788931319101101	0.473285696777816	477
0.00319996082384	0.756516310487819	6
-0.0580437687750699	1.40977329868842	6
0.0120245813303099	0.711012093163088	6
0.00761117472285999	0.772890458325536	6
-0.0175944587330199	1.26743657889736	362
0.0031470543107901	0.776425298654531	5
-0.0192232231943901	1.17333592406183	1
-0.1023144050994	0.913229219308446	914
-0.0780875691596301	0.481329111904226	971
-0.0767724370979599	0.479205258087904	5
-0.0707279545057	0.461658385978542	5
-0.10449256023768	0.859817110418525	1
-0.0780875691596301	0.481329111904226	433
0.06884751177777	1.1241865944985	549
0.00551367158243998	0.754683947724502	971
0.00913045357424003	0.7530989741179	5
-0.0175944587330199	1.26743657889736	1
-0.07594797515957	0.472405810643601	1
-0.0767724370979599	0.479205258087904	305
0.00903720918442996	0.701941262711096	433
-0.08020801702625	0.464363302230039	1887
-0.0742034158667699	0.4776411587918	971
0.00200918824688001	0.765065738255205	971
-0.0145295667223	1.17799805605763	5
-0.0715641499665101	0.476261696112282	5
-0.0780875691596301	0.481329111904226	362
-0.0780875691596301	0.481329111904226	305
-0.00538176412113001	1.69402539816962	118
0.0590879987208699	1.09094701732561	33
-0.10453015187505	0.882913643356425	1
0.0653816482523699	1.13536516765943	433
-0.01939945187476	1.21385335043928	377
0.04447958349925	1.66790019461403	118
-0.10129189186917	0.885180265412723	5
-0.0685737769233601	1.3879515951141	1
-0.000614937002209937	0.74845946276558	1
0.05797355704859	1.0567820351358	1
0.0630334779731701	1.1189590174303	305
-0.07462993977538	0.481691620263563	86
-0.0728842221881301	0.48718262978292	118
-0.12235735982424	2.41488351247637	118
-0.07502950551518	0.484627447675102	5
0.00486487809753999	1.69958034440832	953
0.11744622002018	1.50911935047117	817
0.06271694162241	1.12016202946392	76
-0.0754202934658901	0.450022311934965	118
0.00913045357424003	0.7530989741179	123
-0.07462993977538	0.481691620263563	433
-0.10245423191487	0.859078202965732	2140
-0.1022791704297	0.879506006751101	241
-0.07634579098725	0.486816559821607	377
-0.0140693952645199	1.28253604075182	118
0.00745216601577003	0.774408020936589	118
-0.0604524792433301	1.42606095323019	4
-0.00174241653236007	1.23996331414287	1
-0.07502950551518	0.484627447675102	76
-0.0776612011748901	0.474017755843339	305
-0.06723466133714	0.435058532904394	86
-0.07325210310246	0.424436452489601	86
0.11818916798082	1.51859474074989	33
-0.10652681948021	0.89887408203719	76
0.00720151757966003	0.745800976163375	4
0.0595643943187401	1.09102014331435	118
0.0110594907086401	0.750826552878151	1574
0.0677086397240101	1.11732005588883	1574
-0.05697930206004	2.4833782467479	118
0.12053079658898	2.25207946680903	48
-0.0224579688590401	2.36091530095747	1
-0.0716024715832799	2.09209441459188	1
-0.01228750105126	1.23033194914555	76
0.10663184310291	1.46982593075999	1063
-0.0684606413040001	1.35359605342651	4
-0.01046856752164	1.17516111837665	1
-0.0767724370979599	0.479205258087904	6
-0.1023144050994	0.913229219308446	89
0.06506693072112	1.08826808564085	89
0.0895705905214701	2.0216887743068	118
-0.0780875691596301	0.481329111904226	6
-0.07462993977538	0.481691620263563	480
-0.07634579098725	0.486816559821607	12
-0.08082117348322	2.46858240826389	118
-0.0776612011748901	0.474017755843339	1
0.01747632156419	0.689796234494302	6
-0.00199097483451993	0.751497749017312	89
0.11329470996358	1.45455004564771	289
0.00481783637797006	0.797345043041251	1
0.00411772296205992	0.749226431294898	89
-0.0707279545057	0.461658385978542	89
0.00467701799234011	0.756325342569762	89
0.00523185385184011	0.76960328507403	76
-0.1092142509715	0.873256061557106	1
-0.01136435942684	1.28673177831712	4
-0.09780445772292	0.893373862567747	5
-0.1080522418902	0.880049252230713	1
-0.0932375007683399	0.879173521649301	1541
-0.10471550461168	1.37103372398201	1
-0.04424081986249	1.36762252124126	1
-0.0104341203934599	1.23580453237778	89
-0.01907193549299	1.20430511944055	89
-0.0733110279007201	0.471072512706836	86
0.12262286734454	1.51396009031395	5
-0.0728842221881301	0.48718262978292	305
-0.0780875691596301	0.481329111904226	88
-0.07634579098725	0.486816559821607	86
-0.10198854644548	0.889889510288778	143
-0.10999444528228	1.67143848459111	118
-0.0558652057482201	1.42719183774522	4
0.00245256668645011	0.759295676893683	4
-0.07634579098725	0.486816559821607	5
0.00634333969714995	0.775850955573081	1480
-0.0295273555213	1.92152037946999	6
0.08062453129397	1.06394366228071	76
0.11206403419446	1.46070330979568	1480
-0.0125850040578399	1.28573088907255	1
-0.10768805729777	0.893819566190561	1
0.11744622002018	1.50911935047117	221
0.0474018044095501	1.6878991329614	221
-0.11275170050982	1.68332600695268	89
-0.00189717235406994	1.24987127297999	89
0.11179117110561	1.49156957778994	143
-0.0780875691596301	0.481329111904226	76
-0.07502950551518	0.484627447675102	86
-0.0967965623957601	1.58663123221241	5
-0.0910216344434001	0.846695373997864	1
-0.000198759656929948	0.771174129168954	1
-0.0776612011748901	0.474017755843339	1
-0.00199097483451993	0.751497749017312	342
0.0169428663628	2.16770012481302	4
-0.0767724370979599	0.479205258087904	1
-0.07462993977538	0.481691620263563	1
-0.06010120405557	2.03919087293873	335
-0.0903658396062501	2.22292125480176	4
-0.07502950551518	0.484627447675102	1
0.00871964564949002	0.776327112503275	548
-0.01053972292544	1.2268147513239	112
-0.0511579424972901	1.3884680876918	6
-0.07462993977538	0.481691620263563	241
0.00357035784107995	0.745536905550795	1
0.00855831828454989	0.76555347889899	548
-0.07634579098725	0.486816559821607	548
-0.12479355310836	1.78057157769049	9
0.0615775883913201	1.08608436948735	335
0.11268504050435	1.49474036910786	6
-0.10768805729777	0.893819566190561	88
-0.0742034158667699	0.4776411587918	289
-0.05765424633087	1.93922112115372	1
-0.1008509723543	0.848748816884462	1
0.11408296144756	1.51857530131558	335
-0.0944235953144801	0.874035786149618	89
0.0604596511154201	1.07696375551141	552
0.11285262597629	1.51404821872914	5
-0.0879368314254001	1.59881322343597	1
0.0607296031887501	2.06330963082312	1155
0.11818916798082	1.51859474074989	109
0.0031470543107901	0.776425298654531	9
-0.0742034158667699	0.4776411587918	335
0.00871964564949002	0.776327112503275	89
0.00329171332424005	0.764583470104149	289
0.0630334779731701	1.1189590174303	5
0.05953946221813	2.44256009319898	1
-0.10347545907713	0.908036554025269	9
0.00245256668645011	0.759295676893683	34
0.11381973074892	1.50172076168247	227
0.0413737750555701	1.48325352804846	253
0.05421121718531	1.66423542700347	1
0.12106368816378	1.43519258570788	476
0.11195729041687	1.49306254647504	9
-0.10685200706093	0.885431887155317	9
-0.0780875691596301	0.481329111904226	89
-0.0767724370979599	0.479205258087904	89
-0.10417450724577	0.87735540864633	89
0.0122515658163	1.77758751791858	89
0.11563608977503	1.52409241658486	86
-0.0540993379944701	2.04811699594501	5
0.0643954568677001	1.0723913900936	253
-0.10185414035405	0.856526930722037	112
-0.11045403140001	1.73457755819852	9
0.00578527688052999	0.745857698933634	9
0.00592840417108009	0.79577269509704	89
-0.0715641499665101	0.476261696112282	89
-0.10459863560882	0.841153215999207	109
0.0618274002833299	1.1003808197157	109
0.0525416595867301	1.67536111631205	1
-0.00463066094668996	1.62294875969861	253
-0.10501354836578	0.828659998149865	6
-0.09879941425632	0.875970525833921	1225
-0.10572797206382	0.877591022496864	89
-0.10874232521916	0.869476971881574	89
-0.10420413734929	0.890090934380007	89
-0.11743888255802	1.7904917531929	4
0.11285262597629	1.51404821872914	9
0.00440402810550999	0.763219342678577	335
-0.0169707318885299	1.24083826398866	6
0.11802793476773	1.45417859447616	89
0.00440402810550999	0.763219342678577	4
0.0665219333865501	1.09727185167514	1
0.10831799005938	1.46411415265345	164
0.00871964564949002	0.776327112503275	89
0.00411470630543009	1.19348202098029	34
-0.0735079284934901	2.42419484120159	88
0.12312275815557	1.47966205035741	241
0.06150607729666	1.11841957573546	495
0.11868915638122	1.41813944022919	118
-0.0780875691596301	0.481329111904226	476
-0.0742034158667699	0.4776411587918	335
-0.00310215240047995	0.719583171728415	335
-0.0767724370979599	0.479205258087904	1275
-0.0675642759845501	1.34379847318968	241
-0.0728842221881301	0.48718262978292	241
-0.10689014827304	0.881377200252118	241
0.11183031500781	1.40298992729698	86
-0.09145593005522	2.17993689232483	253
-0.0707279545057	0.461658385978542	173
-0.07502950551518	0.484627447675102	173
-0.0742034158667699	0.4776411587918	161
-0.07940182796794	0.468873201627584	161
-0.00199097483451993	0.751497749017312	335
-0.10579733613204	0.866581872793645	335
-0.0776612011748901	0.474017755843339	901
-0.1092142509715	0.873256061557106	241
-0.0254398704952401	1.8638816546115	241
-0.07502950551518	0.484627447675102	957
-0.07502950551518	0.484627447675102	957
0.00300216453508995	1.79299249632933	118
-0.07634579098725	0.486816559821607	1
0.000816129409920041	0.766376539395625	161
-0.0742034158667699	0.4776411587918	335
-0.0879368314254001	1.59881322343597	147
-0.10652681948021	0.89887408203719	241
-0.09731782388599	1.56272244884304	241
-0.07462993977538	0.481691620263563	241
-0.05926094219825	1.36798886863272	1
-0.07634579098725	0.486816559821607	901
0.00356610978947991	0.760662938461372	1275
-0.0780875691596301	0.481329111904226	1922
0.0701295049649999	1.12211097627701	86
-0.07502950551518	0.484627447675102	92
-0.0767724370979599	0.479205258087904	1
0.00855831828454989	0.76555347889899	161
-0.0461303360110501	1.97202618882613	6
0.000816129409920041	0.766376539395625	88
-0.07634579098725	0.486816559821607	495
-0.07502950551518	0.484627447675102	153
0.0474575142837601	1.64746264502608	9
-0.0959000949231901	1.54988494736628	241
0.000816129409920041	0.766376539395625	88
-0.07502950551518	0.484627447675102	88
0.07126667489608	1.12901769988199	241
-0.0172344499642501	1.23817646682927	4
0.00855831828454989	0.76555347889899	4
-0.0754564319865101	0.464683528225666	1
-0.0728842221881301	0.48718262978292	89
0.06779816939623	1.13164867364138	241
-0.0788931319101101	0.473285696777816	88
-0.08234829235793	0.472953466281888	88
0.0454580840875201	1.65998706088978	241
0.0110594907086401	0.750826552878151	495
0.05950423885281	1.08667060316372	164
-0.0788931319101101	0.473285696777816	2267
0.0697251097677301	1.06155841180102	92
-0.10655696502794	0.871536610513005	426
-0.07462993977538	0.481691620263563	335
-0.0707279545057	0.461658385978542	292
-0.00727449723678997	1.23588424110236	88
-0.07634579098725	0.486816559821607	88
-0.07502950551518	0.484627447675102	88
-0.0175944587330199	1.26743657889736	241
-0.07115463114773	0.45746536315437	86
-0.08234829235793	0.472953466281888	253
-0.0737123449561501	0.469700478767455	1
-0.0780875691596301	0.481329111904226	17
0.00503968681139	2.13990410727337	88
0.00203441173832997	0.781095917610704	1
0.11669409103379	1.47633485003993	476
-0.0127965264341201	1.20233949798343	92
0.01087985773302	2.45545130847049	89
0.000211392488949969	0.737085059008914	88
-0.02100284542002	1.16660708402057	4
-0.10432239089118	1.66325948194925	4
-0.0315832012911299	1.8791546698981	86
-0.0984431043224701	1.51751009489098	109
0.11957898733851	1.51852605468707	4
0.0921319104040701	1.99432007170624	164
-0.00712705891982002	1.28579105448224	1
0.0781953641049999	1.07716299692123	88
-0.02868485694773	1.87539812714828	88
0.00467701799234011	0.756325342569762	109
-0.05679740073621	1.94905304352958	426
0.06531633770487	1.08853798890434	335
0.01136033083349	0.750939430297664	335
-0.02075728289998	1.23116499438598	585
0.00133640305696003	0.75136502602786	89
-0.07172379542927	1.81935027100397	89
-0.0623224310508399	1.39709074149978	88
0.00481783637797006	0.797345043041251	4
-0.0147383923392099	1.21458913806083	4
-0.07462993977538	0.481691620263563	4
-0.0728842221881301	0.48718262978292	4
-0.000888447092250111	0.747286307307152	17
0.00523185385184011	0.76960328507403	585
-0.10533459228175	0.878534955424785	89
-0.0144388132054301	1.26191400746368	4
0.0909127256342599	2.36195250692583	426
0.0871719187478399	1.988598514196	54
-0.07634579098725	0.486816559821607	4
-0.11186578210444	1.68849899978757	45
-0.0728842221881301	0.48718262978292	171
0.000816129409920041	0.766376539395625	1324
0.00481783637797006	0.797345043041251	1324
0.00481783637797006	0.797345043041251	88
0.04386660713945	2.12928230547199	4
-0.0742034158667699	0.4776411587918	4
-0.12246124609042	1.66358053063611	4
0.00523185385184011	0.76960328507403	1
-0.0767724370979599	0.479205258087904	335
0.0104940766731101	0.702220818961577	585
-0.0742034158667699	0.4776411587918	836
-0.0607688865731899	1.32952587061549	89
-0.0283335471008599	2.36673835676321	34
-0.0494110970564801	1.41036839684126	34
0.00111455126242999	1.81988197098406	34
-0.0666207706976001	1.43915223654956	109
0.00329171332424005	0.764583470104149	4
-0.0767724370979599	0.479205258087904	4
-0.10111932417922	0.884327582552011	4
0.00506192726337007	0.747687766816941	4
0.00425704893030998	0.765196981871479	494
-0.0728842221881301	0.48718262978292	335
-0.00420403674655989	0.742374655865165	89
0.000816129409920041	0.766376539395625	89
-0.11273169531417	2.0012271284305	34
0.1110028295001	1.46677295147434	34
-0.07594797515957	0.472405810643601	1213
0.0783742030252901	1.05191138184926	109
0.0678699194766701	1.11193373638319	109
-0.0999920761383299	0.904069127132183	4
0.08722051939997	1.72581107607172	4
-0.00891871248399001	2.34575368210013	4
-0.08713537605478	1.55880584876494	4
0.00133640305696003	0.75136502602786	335
-0.11452622977957	1.67985380256038	335
-0.0694049500910901	0.462286444117799	335
-0.11638069649424	1.65935441716691	163
0.12490768269289	1.49473571508403	109
0.0604596511154201	1.07696375551141	109
-0.08427136461718	1.52158836069052	4
-0.0742034158667699	0.4776411587918	494
-0.0977275569338301	1.5025741595801	476
-0.0728842221881301	0.48718262978292	17
-0.0900998723233599	1.61487651093511	426
-0.0144388132054301	1.26191400746368	89
-0.07462993977538	0.481691620263563	109
0.00663764767731001	0.714794978938233	45
0.00161646007236005	0.745644772682445	494
-0.0737123449561501	0.469700478767455	21
-0.0742034158667699	0.4776411587918	1522
-0.0742034158667699	0.4776411587918	90
-0.07634579098725	0.486816559821607	494
-0.0797234509586899	0.456995301630212	335
-0.0164286724734399	1.88100827514414	585
-0.07634579098725	0.486816559821607	419
0.000919135625240042	0.779651307038813	419
-0.07940182796794	0.468873201627584	21
-0.09501894220118	1.51986583289496	34
-0.0754564319865101	0.464683528225666	88
0.00319996082384	0.756516310487819	88
0.04234891176585	2.10834650575944	109
0.00720151757966003	0.745800976163375	4
-0.06498402147796	1.37838458652108	1
-0.10990349198469	0.873168868526109	335
-0.11286480735483	1.74420780402147	585
-0.07634579098725	0.486816559821607	419
0.00481783637797006	0.797345043041251	21
-0.07940182796794	0.468873201627584	89
-0.0788931319101101	0.473285696777816	30
-0.0504473911238299	1.97423564148164	4
0.00425704893030998	0.765196981871479	4
-0.11222559352543	0.86516194520958	17
-0.10350994631282	0.907513408517296	88
-0.07502950551518	0.484627447675102	30
-0.10047384887471	1.5308198240085	4
0.000919135625240042	0.779651307038813	4
0.00481783637797006	0.797345043041251	4
-0.05933704982516	1.92276299474127	17
0.0677287401912301	1.09893457793408	302
-0.10470594792363	0.871473995086099	89
-0.00175258546821011	1.63742200307487	642
0.06891846521764	1.12384045716814	89
0.01119127668994	0.674165521651948	476
0.0583596628160199	1.08020534576751	4
-0.07634579098725	0.486816559821607	1448
-0.07634579098725	0.486816559821607	109
-0.0780875691596301	0.481329111904226	30
-0.07594797515957	0.472405810643601	4
-0.10917352887333	0.864909471796226	4
-0.0015201821617099	1.26730573674381	89
0.03950797639429	1.63586522244006	134
-0.0149336430431899	1.19549169472786	4
-0.0534105699366001	1.33409584324521	132
-0.00338679126005004	1.25433220246764	30
-0.0102891831888501	1.28148884357941	4
0.00592840417108009	0.79577269509704	4
0.10977343880372	1.46644475556871	4
0.0618274002833299	1.1003808197157	45
0.0631195349212901	1.10026503378841	4
0.00411772296205992	0.749226431294898	89
0.00523185385184011	0.76960328507403	89
0.0604596511154201	1.07696375551141	109
-0.10080107584176	0.870170601606188	972
0.00523185385184011	0.76960328507403	4
-0.0543091418847299	1.32940436130076	476
-0.07502950551518	0.484627447675102	78
-0.08365941961665	0.460984603377066	89
-0.0767724370979599	0.479205258087904	89
-0.0728842221881301	0.48718262978292	1106
-0.10093448458139	0.837364177195823	192
-0.0907015694305	1.57931974380931	476
-0.0780875691596301	0.481329111904226	476
0.0627905305459999	1.08125789057203	132
0.05064190145407	2.09556633551054	18
-0.00199097483451993	0.751497749017312	89
-0.07462993977538	0.481691620263563	296
-0.08365941961665	0.460984603377066	1106
0.00986421978618002	0.770555075359283	1106
-0.0810363027198799	0.470929844585795	34
-0.0561011316928299	2.05831161686584	109
-0.09321205888565	0.854073443568947	4
-0.0767724370979599	0.479205258087904	4
-0.05537359178165	1.40441695521878	771
-0.0742034158667699	0.4776411587918	78
-0.00285680535771005	0.720619704162261	476
0.00592840417108009	0.79577269509704	109
0.11287377758206	1.40439802771123	867
-0.0015201821617099	1.26730573674381	4
0.05918101607772	1.06081880901603	134
-0.0908525828103799	1.56979793482142	45
-0.07115463114773	0.45746536315437	45
0.0035430640740699	1.2212831084129	4
-0.0754564319865101	0.464683528225666	2328
0.00200918824688001	0.765065738255205	653
-0.0780875691596301	0.481329111904226	653
-0.0715641499665101	0.476261696112282	867
-0.11041616495574	0.840161634312669	4
-0.0742034158667699	0.4776411587918	34
0.00592840417108009	0.79577269509704	30
-0.0636595755628899	1.44261615008606	134
0.0626201240637301	1.05985160631918	4
-0.0737123449561501	0.469700478767455	78
-0.08234829235793	0.472953466281888	109
-0.10234760641927	0.906181837696579	109
0.000511041279839919	0.762798401702195	517
-0.0564747618110699	2.03396151696692	134
0.06777985320759	1.07777691885893	4
0.12063773144965	1.51190220033943	476
-0.00605343890492005	1.24088699802538	18
0.00761117472285999	0.772890458325536	34
-0.10467221068019	0.902380061706877	109
-0.0737123449561501	0.469700478767455	4
0.0618274002833299	1.1003808197157	4
0.0132206204119101	0.724552073668633	109
0.11408296144756	1.51857530131558	1742
-0.0662938515606599	1.37510733106489	167
0.06271694162241	1.12016202946392	4
0.000511041279839919	0.762798401702195	476
-0.05594911945377	1.44922033515734	955
0.0642407668604901	1.12829915637605	4
-0.0842523870841301	1.56710123117967	4
-0.0728842221881301	0.48718262978292	34
-0.10565224306407	0.858547898109617	109
0.0507639458512401	2.03040725115106	30
0.00357035784107995	0.745536905550795	1818
-0.000198759656929948	0.771174129168954	993
0.06893675999498	1.09396372079733	109
-0.1023144050994	0.913229219308446	4
0.01292478732005	0.741599213358194	4
-0.0900166509468701	1.50862403524623	4
0.0144143603242499	0.723879206291969	4
-0.10234760641927	0.906181837696579	4
0.000211392488949969	0.737085059008914	4
0.00802104689899008	0.735713330175354	196
-0.0767724370979599	0.479205258087904	109
-0.11102741362749	0.846590163726625	167
0.11885051399239	1.50542619136984	4
-0.0728842221881301	0.48718262978292	993
0.06417520676568	1.12590691686656	196
-0.10115327679054	0.911864718179937	132
0.00161646007236005	0.745644772682445	955
-0.07634579098725	0.486816559821607	955
-0.00635275014443004	1.64331935747274	18
-0.10453015187505	0.882913643356425	109
-0.09321205888565	0.854073443568947	2082
0.05383979121023	1.663493583886	196
-0.07634579098725	0.486816559821607	955
-0.0186701813327499	1.66449858255485	4
-0.10336910413449	0.873720536735916	4
0.06383194330367	1.07478921373479	4
-0.00183395703030009	0.757967737362639	2071
-0.11955988486523	2.22477587678016	4
-0.1117924399201	1.67743312978116	196
0.00633221601062006	1.80781473094791	231
-0.01832103603826	1.20936018289339	18
-0.0590623568431199	1.41171682921152	109
0.00428054849662995	1.78725500296554	109
0.000502077624719988	0.749812474050644	1475
0.0528168181826501	1.66999153139799	167
-0.07502950551518	0.484627447675102	4
-0.0776612011748901	0.474017755843339	993
-0.11680097551228	1.73783018189888	4
-0.10514495067091	1.63521758691111	196
0.00481783637797006	0.797345043041251	196
0.0677086397240101	1.11732005588883	685
-0.0776612011748901	0.474017755843339	685
-0.0776612011748901	0.474017755843339	2173
-0.0614070178690001	1.44903831532736	109
-0.0754564319865101	0.464683528225666	1475
0.00481783637797006	0.797345043041251	167
-0.0742034158667699	0.4776411587918	4
0.07126667489608	1.12901769988199	4
-0.06062152617502	1.42030869622047	132
0.00243299787658002	1.76567733361253	23
-0.0767724370979599	0.479205258087904	4
-0.07634579098725	0.486816559821607	4
-0.0687031440711901	1.32179618694155	1529
-0.00167804707008989	1.7932617359296	109
-0.0949425584385499	1.57752944262842	109
-0.0707279545057	0.461658385978542	30
-0.0780875691596301	0.481329111904226	4
-0.0737123449561501	0.469700478767455	1043
-0.07634579098725	0.486816559821607	685
-0.10467221068019	0.902380061706877	925
-0.07502950551518	0.484627447675102	43
-0.0826103666365901	1.56698949220166	109
-0.10153543210285	1.5106487300998	806
-0.1012150632694	0.849943087004937	109
-0.09390965685913	1.60677176978729	109
-0.0776612011748901	0.474017755843339	43
-0.06498402147796	1.37838458652108	43
-0.10350994631282	0.907513408517296	806
0.000816129409920041	0.766376539395625	4
-0.09893743839319	0.901219777787475	4
0.11925005202064	1.45286714189047	4
-0.0375016381374	1.79078259824226	4
0.01023717586849	0.756327146509791	4
-0.0397448367337501	2.36993230362267	4
-0.07462993977538	0.481691620263563	4
-0.07502950551518	0.484627447675102	4
0.00200918824688001	0.765065738255205	4
-0.07502950551518	0.484627447675102	152
0.10977343880372	1.46644475556871	1551
0.00986421978618002	0.770555075359283	172
0.0759451505998701	1.10271846066857	696
-0.07634579098725	0.486816559821607	4
0.06185125542208	1.06238499314805	1551
-0.0810363027198799	0.470929844585795	43
-0.07634579098725	0.486816559821607	862
-0.07247647027697	0.456849225359474	18
-0.07462993977538	0.481691620263563	952
-0.11275170050982	1.68332600695268	435
0.0880992117003201	2.00076842142225	109
0.06779816939623	1.13164867364138	404
0.00203441173832997	0.781095917610704	109
-0.09453875416087	1.58204396823753	109
0.00592840417108009	0.79577269509704	696
-0.0754564319865101	0.464683528225666	4
-0.07634579098725	0.486816559821607	43
-0.0754564319865101	0.464683528225666	952
-0.02459594604583	1.91668100269103	109
-0.0728842221881301	0.48718262978292	172
-0.09837397120367	1.5155863935526	23
-0.07940182796794	0.468873201627584	4
-0.0754564319865101	0.464683528225666	4
0.0571470578423201	1.53575986101064	4
0.00356610978947991	0.760662938461372	4
-0.0728842221881301	0.48718262978292	1551
0.00356610978947991	0.760662938461372	43
-0.08234829235793	0.472953466281888	952
-0.10463643674472	0.895065612522282	109
-0.07634579098725	0.486816559821607	404
-0.00183395703030009	0.757967737362639	109
-0.09555582915871	1.57942099493805	109
-0.1023144050994	0.913229219308446	4
-0.0733110279007201	0.471072512706836	696
-0.07247647027697	0.456849225359474	1117
-0.0728842221881301	0.48718262978292	152
-0.0776612011748901	0.474017755843339	1551
-0.10768805729777	0.893819566190561	1625
-0.09218495157971	1.54915807966591	109
-0.0268282180408399	1.89683560569194	23
-0.07634579098725	0.486816559821607	4
0.01013545277657	1.77977495827211	4
-0.11734636542389	1.62730238791614	4
-0.0728842221881301	0.48718262978292	952
-0.0728842221881301	0.48718262978292	404
-0.0784667926970899	2.13210058794393	275
0.00703629928620009	0.786246714670945	1060
-0.07634579098725	0.486816559821607	152
0.00551367158243998	0.754683947724502	4
-0.0780875691596301	0.481329111904226	4
-0.0780875691596301	0.481329111904226	1370
-0.0788931319101101	0.473285696777816	109
-0.0609008040601899	2.03164868317645	109
0.06884751177777	1.1241865944985	109
-0.0842523870841301	1.56710123117967	4
-0.0788931319101101	0.473285696777816	4
0.0735972974859001	1.10222535159804	4
-0.0767724370979599	0.479205258087904	4
-0.07634579098725	0.486816559821607	4
0.00578527688052999	0.745857698933634	4
-0.0694049500910901	0.462286444117799	109
0.0975133738210801	2.02665220779367	404
-0.0111631463056601	1.18908280941846	82
-0.10350994631282	0.907513408517296	921
-0.0767724370979599	0.479205258087904	172
-0.00420403674655989	0.742374655865165	1060
-0.07059383569366	1.37625069661199	1060
0.0580393716290799	1.08592901076115	4
-0.0788931319101101	0.473285696777816	4
-0.07634579098725	0.486816559821607	951
0.00133640305696003	0.75136502602786	275
-0.07502950551518	0.484627447675102	4
0.00761117472285999	0.772890458325536	969
-0.08365941961665	0.460984603377066	951
-0.07634579098725	0.486816559821607	400
-0.07462993977538	0.481691620263563	404
0.00986421978618002	0.770555075359283	109
0.00203441173832997	0.781095917610704	172
0.00203441173832997	0.781095917610704	275
-0.0728842221881301	0.48718262978292	624
-0.0728842221881301	0.48718262978292	624
-0.0728842221881301	0.48718262978292	788
-0.0694049500910901	0.462286444117799	1006
-0.0715641499665101	0.476261696112282	4
-0.07594797515957	0.472405810643601	1370
-0.08020801702625	0.464363302230039	400
-0.10115327679054	0.911864718179937	404
-0.10198854644548	0.889889510288778	404
0.000919135625240042	0.779651307038813	920
-0.06709415543213	1.21320797482792	4
0.00357035784107995	0.745536905550795	969
-0.0788931319101101	0.473285696777816	1006
0.0031470543107901	0.776425298654531	1006
-0.0605378242799199	1.4296310384079	2196
-0.0694049500910901	0.462286444117799	4
-0.07940182796794	0.468873201627584	191
-0.0694049500910901	0.462286444117799	109
0.00481783637797006	0.797345043041251	109
-0.000683947662220019	0.764094896100563	969
-0.0707279545057	0.461658385978542	969
-0.0767724370979599	0.479205258087904	4
-0.0537775095172299	2.39859598201221	4
-0.0767724370979599	0.479205258087904	457
-0.11625671815067	1.7083648513184	275
-0.08234829235793	0.472953466281888	1164
0.00634333969714995	0.775850955573081	4
-0.10569112016837	0.886765123503836	4
-0.0728842221881301	0.48718262978292	623
0.00481783637797006	0.797345043041251	82
-0.08365941961665	0.460984603377066	775
-0.07502950551518	0.484627447675102	4
-0.0067647318534001	1.19891660654689	4
-0.0788931319101101	0.473285696777816	4
-0.07634579098725	0.486816559821607	4
0.00161646007236005	0.745644772682445	4
-0.0780875691596301	0.481329111904226	623
-0.07502950551518	0.484627447675102	212
-0.0584280497982901	1.9826105903526	4
-0.0776612011748901	0.474017755843339	4
0.0150847955759099	2.20821063140126	4
-0.07115463114773	0.45746536315437	4
-0.0715641499665101	0.476261696112282	854
-0.0701392915650001	2.10388913536536	82
-0.12195043577307	1.70688793531557	2295
-0.07594797515957	0.472405810643601	4
-0.0767724370979599	0.479205258087904	4
0.01560578818034	0.709664546939863	1739
-0.10420413734929	0.890090934380007	40
-0.0094235171536301	1.28562485691274	4
0.0661822963541501	1.11432274937683	4
-0.07462993977538	0.481691620263563	466
-0.0776612011748901	0.474017755843339	854
-0.10649460902405	0.873742612776647	203
-0.02833943522081	1.92972422121199	4
0.06779816939623	1.13164867364138	4
-0.09089157736539	0.844433773470526	343
0.01023717586849	0.756327146509791	343
-0.0156112544428699	1.22511552243919	4
0.11941268909203	1.51952976074153	82
-0.03200168080572	2.41799302622975	23
-0.0989670027559699	0.898135553077962	4
0.06531633770487	1.08853798890434	759
-0.1164728579332	1.71709878456956	4
-0.000824795996970051	1.24506559130269	4
0.0117291237861801	0.742336728526926	4
0.0934861371826601	2.00385751313316	82
-0.0728842221881301	0.48718262978292	1038
-0.08234829235793	0.472953466281888	4
-0.0694049500910901	0.462286444117799	4
0.07545217360616	1.03961750964024	4
0.06884751177777	1.1241865944985	4
-0.0955603050535501	0.872519594949141	109
0.09887415469646	2.37340403915044	109
0.118096266772	1.50005821152994	23
-0.07634579098725	0.486816559821607	4
-0.0157535626519001	1.24455227573051	40
0.00655982300170011	1.75886859996039	40
0.00592840417108009	0.79577269509704	4
-0.07815956025398	1.54308104015657	4
0.00425704893030998	0.765196981871479	4
-0.0996408203104899	0.865810872885809	4
0.01136033083349	0.750939430297664	4
-0.10572797206382	0.877591022496864	4
-0.0780875691596301	0.481329111904226	4
-0.0989670027559699	0.898135553077962	4
-0.0742034158667699	0.4776411587918	854
-0.0154665341834199	1.16950181318275	707
0.0103668523314799	1.75724604078864	707
0.000511041279839919	0.762798401702195	203
0.0449123550720001	1.6788669246501	4
-0.00312245150439994	1.2309786407844	4
-0.10539436403583	0.864601378710289	707
-0.00891741588171002	1.2677033999686	707
0.0643270602288499	1.0926285512882	4
0.06185125542208	1.06238499314805	4
0.11835310969405	1.52625157710668	109
0.00745216601577003	0.774408020936589	707
-0.0529910309628401	1.43519059023062	109
0.1025671702882	2.27144326846278	4
-0.10685200706093	0.885431887155317	4
-0.03085846221491	1.88846001230388	220
0.00133640305696003	0.75136502602786	249
0.000919135625240042	0.779651307038813	23
-0.10533459228175	0.878534955424785	4
-0.000198759656929948	0.771174129168954	109
0.0631858669660399	1.08613264847785	707
-0.00189717235406994	1.24987127297999	203
-0.0036650921941801	1.25443889178454	23
0.0541702296596101	1.00834559610883	249
-0.10198854644548	0.889889510288778	249
-0.0097233108755399	0.699397148044449	23
-0.05882350037246	1.43779182678712	23
-0.0966148463710299	0.89881840461451	4
-0.0737123449561501	0.469700478767455	4
0.0572144821128799	1.03775055449088	40
0.00245256668645011	0.759295676893683	4
-0.0942655054339401	0.859475546590676	1301
-0.10689014827304	0.881377200252118	854
-0.00769110923130989	1.24711136138215	212
0.00634333969714995	0.775850955573081	172
-0.07634579098725	0.486816559821607	276
-0.0035171257048201	0.749268663041849	276
0.00356610978947991	0.760662938461372	707
0.00523185385184011	0.76960328507403	203
0.00481783637797006	0.797345043041251	186
0.00425704893030998	0.765196981871479	276
-0.07634579098725	0.486816559821607	188
0.00203441173832997	0.781095917610704	109
0.00203441173832997	0.781095917610704	109
-0.06296664538613	1.92554011487548	4
-0.0780875691596301	0.481329111904226	276
-0.00462408142391002	0.747911691559923	276
0.00650002079496992	0.754316627811017	707
-0.10579733613204	0.866581872793645	707
0.00634333969714995	0.775850955573081	109
0.0525964252919999	1.65846587351169	4
0.0584200594426401	1.04760761518981	40
-0.10118519298633	0.898508466409902	73
0.000502077624719988	0.749812474050644	220
-0.07634579098725	0.486816559821607	276
-0.0728842221881301	0.48718262978292	4
0.00592840417108009	0.79577269509704	162
0.0567673131059401	1.04670769735875	40
0.00551367158243998	0.754683947724502	186
-0.0679460486989001	1.37002400437268	186
-0.11982082925665	1.59795478688923	276
0.06779816939623	1.13164867364138	707
-0.0137070128305401	1.18258007228177	188
0.00411772296205992	0.749226431294898	188
0.00203441173832997	0.781095917610704	961
-0.0757262089570601	2.1270853891177	4
-0.0776612011748901	0.474017755843339	4
-0.0754564319865101	0.464683528225666	162
-0.10340337968786	0.853220599487057	238
-0.0728842221881301	0.48718262978292	276
-0.0320663503296901	1.93600970918575	212
-0.0742034158667699	0.4776411587918	188
-0.0897229550488201	1.52951609360861	220
-0.0728842221881301	0.48718262978292	186
-0.0754564319865101	0.464683528225666	238
0.01151781744151	2.19151812174431	276
-0.0626546487928601	1.43619682091762	707
-0.10741899277204	1.68025574369537	707
0.11941268909203	1.51952976074153	707
0.09999802186864	2.21483821370438	188
-0.0776612011748901	0.474017755843339	4
-0.0776612011748901	0.474017755843339	4
0.00356610978947991	0.760662938461372	644
0.00387076505710993	0.744433006391536	1005
-0.11037617358182	0.859778724202656	186
-0.07462993977538	0.481691620263563	238
-0.07594797515957	0.472405810643601	276
-0.07634579098725	0.486816559821607	188
-0.0742034158667699	0.4776411587918	230
0.00871964564949002	0.776327112503275	4
-0.07502950551518	0.484627447675102	644
-0.0810363027198799	0.470929844585795	162
-0.0715641499665101	0.476261696112282	162
-0.000312311941840004	0.760236576750953	734
-0.07940182796794	0.468873201627584	238
0.00481783637797006	0.797345043041251	220
-0.09658579684847	0.875662712097782	172
-0.07502950551518	0.484627447675102	230
-0.07502950551518	0.484627447675102	162
-0.0102891831888501	1.28148884357941	478
-0.10343894156325	0.867511127110715	186
-0.00197611281952992	1.80532397841584	109
0.00133640305696003	0.75136502602786	522
0.0654492688214301	1.13004354604165	1005
-0.08234829235793	0.472953466281888	183
-0.00350787571961009	1.19020425738798	188
0.0607081261234299	1.09761971425617	220
-0.00175258546821011	1.63742200307487	109
-0.07462993977538	0.481691620263563	877
-0.08234829235793	0.472953466281888	183
-0.07594797515957	0.472405810643601	4
0.000511041279839919	0.762798401702195	4
-0.000614937002209937	0.74845946276558	276
0.0607703375844	1.09531620195166	334
0.03915140233077	1.44954370182899	188
-0.0916154289626401	1.49641492328415	188
0.067395691709	1.11265280548129	220
0.00467701799234011	0.756325342569762	4
0.0643954568677001	1.0723913900936	4
-0.0595302100722399	1.41597555190304	276
-0.0513656106167699	1.37283345671328	334
-0.10583439754332	0.8895761889178	334
0.00578527688052999	0.745857698933634	334
0.000919135625240042	0.779651307038813	188
0.00634333969714995	0.775850955573081	109
0.0050840706717401	1.74637815777723	273
-0.05507380770103	2.35300601401401	4
-0.0989649244748201	1.55856122740898	4
0.00203441173832997	0.781095917610704	478
0.00802104689899008	0.735713330175354	334
0.0596268495096901	1.05155830886168	188
-0.00167502915811002	1.23024871102669	188
-0.0814246090797801	2.35348020694246	4
-0.0955924666772301	1.54134920954257	915
-0.02274929612024	1.83942183209097	478
-0.05889314493593	2.04479886235276	276
-0.00293351535701003	1.66937240584355	276
0.0834470763027999	1.93063653676648	276
0.00523185385184011	0.76960328507403	4
0.11911080740257	1.48882204609413	40
-0.10583439754332	0.8895761889178	170
0.07119391819038	1.09325779984018	188
0.11835310969405	1.52625157710668	188
-0.0169042078247801	2.13466262783332	109
-0.00420403674655989	0.742374655865165	4
-0.07594797515957	0.472405810643601	40
-0.0922117342937601	1.55167521323105	188
-0.00199097483451993	0.751497749017312	188
-0.0737123449561501	0.469700478767455	188
0.07320839578835	1.06270472332659	1766
0.00912964307926001	1.80768907955943	109
0.0442147567926201	1.66398244566488	276
-0.11220660011129	1.66654727156801	109
-0.10831866937528	2.16599671600497	40
0.0905785050012899	2.45925836868517	188
-0.10808964467187	0.847640352270563	915
0.00986421978618002	0.770555075359283	188
0.00871964564949002	0.776327112503275	14
-0.02986071720033	1.92170114423552	4
0.06884751177777	1.1241865944985	55
-0.0767724370979599	0.479205258087904	673
0.0584200594426401	1.04760761518981	276
-0.11107829478048	1.56442170943577	276
-0.11222559352543	0.86516194520958	188
-0.10569112016837	0.886765123503836	162
-0.0742034158667699	0.4776411587918	276
-0.10347545907713	0.908036554025269	40
-0.07634579098725	0.486816559821607	162
-0.0767724370979599	0.479205258087904	276
-0.00531454199066994	0.722077597396156	276
0.0615775883913201	1.08608436948735	276
0.0272824984665501	2.17228811478751	276
0.0702954449811899	1.05138465847343	276
-0.0788931319101101	0.473285696777816	276
-0.03153107241196	1.85226601103355	273
-0.00575120983768995	1.27820823205899	55
-0.0797234509586899	0.456995301630212	276
0.00133640305696003	0.75136502602786	276
-0.07462993977538	0.481691620263563	276
-0.00462408142391002	0.747911691559923	59
-0.07634579098725	0.486816559821607	139
-0.10689014827304	0.881377200252118	188
-0.0307249802471401	1.88654697519854	55
0.0886796911813801	2.04335966202543	40
-0.10572797206382	0.877591022496864	59
-0.0733110279007201	0.471072512706836	70
-0.06466484538893	1.423775627757	276
0.07119391819038	1.09325779984018	276
-0.100158280387	0.863211490254292	276
0.00356610978947991	0.760662938461372	276
0.00872950537888007	2.1153105223453	188
-0.0500336614219199	2.00088790649896	55
-0.0553249299974301	1.42513962997446	70
0.04319256652458	2.07875081018141	59
-0.07215815926331	1.32278148775278	14
-0.057817436806	1.42395671559373	14
-0.10990349198469	0.873168868526109	40
-0.06738727967821	1.37149730465243	276
-0.0776612011748901	0.474017755843339	276
0.00200918824688001	0.765065738255205	276
-0.0525651248205099	1.99633507442447	926
-0.0728842221881301	0.48718262978292	55
-0.07502950551518	0.484627447675102	1040
-0.0337788066754801	1.9209100870052	70
0.00703629928620009	0.786246714670945	226
-0.07634579098725	0.486816559821607	276
-0.07502950551518	0.484627447675102	139
-0.07940182796794	0.468873201627584	139
0.0893194594652	1.96480130069978	188
-0.1080522418902	0.880049252230713	189
0.00329171332424005	0.764583470104149	87
-0.08365941961665	0.460984603377066	539
-0.0797234509586899	0.456995301630212	2013
-0.07462993977538	0.481691620263563	2013
-0.10115327679054	0.911864718179937	70
-0.07115463114773	0.45746536315437	2013
-0.10533459228175	0.878534955424785	55
0.0638557042188601	1.09317187019506	226
-0.0914837592050399	1.52177752516446	226
-0.08234829235793	0.472953466281888	170
-0.07634579098725	0.486816559821607	276
-0.07502950551518	0.484627447675102	276
-0.0742034158667699	0.4776411587918	139
0.09386978855324	1.88534178343144	130
0.0661822963541501	1.11432274937683	130
-0.10082706368569	0.885239548756338	81
-0.07634579098725	0.486816559821607	539
0.00133640305696003	0.75136502602786	539
-0.07502950551518	0.484627447675102	2013
-0.0737123449561501	0.469700478767455	262
0.06779816939623	1.13164867364138	262
-0.0906194825389799	1.55509286172374	226
-0.0728842221881301	0.48718262978292	130
0.09574309598317	1.96252038733477	130
-0.07634579098725	0.486816559821607	643
-0.10347545907713	0.908036554025269	77
-0.0914837592050399	1.52177752516446	77
-0.0780875691596301	0.481329111904226	55
-0.10990349198469	0.873168868526109	170
0.00467701799234011	0.756325342569762	276
-0.07594797515957	0.472405810643601	659
-0.01244016094222	1.26812179645183	139
-0.0715641499665101	0.476261696112282	130
-0.07634579098725	0.486816559821607	87
-0.0010822576662699	1.21647728967101	77
0.000816129409920041	0.766376539395625	55
-0.0754564319865101	0.464683528225666	210
0.0653816482523699	1.13536516765943	130
-0.11106458207635	0.87184519926244	225
-0.10198854644548	0.889889510288778	14
0.0560588876402599	1.64285801492066	77
0.04827326416761	2.09792320817162	77
0.0642609760191599	1.06491703285713	49
-0.0733110279007201	0.471072512706836	326
-0.0788931319101101	0.473285696777816	276
-0.00420403674655989	0.742374655865165	276
-0.07502950551518	0.484627447675102	276
0.00745216601577003	0.774408020936589	276
-0.07502950551518	0.484627447675102	87
-0.07502950551518	0.484627447675102	14
-0.0788844293603601	1.53068402885261	77
-0.07634579098725	0.486816559821607	481
-0.0133628456885699	1.267578435436	55
-0.0715641499665101	0.476261696112282	55
-0.0780875691596301	0.481329111904226	226
-0.03243353737939	2.38420042301356	226
0.01384986759447	2.17596880482124	139
-0.0728842221881301	0.48718262978292	81
0.0571561411866801	1.06129152470271	81
0.05453696979533	1.62981867201017	81
0.0125536840406	0.732502887590332	1393
-0.10463643674472	0.895065612522282	1393
0.01023717586849	0.756327146509791	643
-0.108258734753	1.71060935163562	77
0.00481783637797006	0.797345043041251	49
0.00871964564949002	0.776327112503275	49
0.00986421978618002	0.770555075359283	55
-0.07462993977538	0.481691620263563	70
-0.0776612011748901	0.474017755843339	213
-0.08234829235793	0.472953466281888	210
-0.07634579098725	0.486816559821607	130
-0.0335555139772401	1.75121464242353	225
-0.0728842221881301	0.48718262978292	81
0.00387076505710993	0.744433006391536	1011
-0.09146788106365	1.55982648818859	55
-0.0516600290967999	1.41773574075764	322
-0.07634579098725	0.486816559821607	1185
-0.0776612011748901	0.474017755843339	276
-0.07594797515957	0.472405810643601	225
-0.07940182796794	0.468873201627584	225
-0.0604524792433301	1.42606095323019	55
0.00245256668645011	0.759295676893683	49
-0.0989670027559699	0.898135553077962	1220
-0.12061060240345	0.739192417478792	213
-0.0715641499665101	0.476261696112282	276
-0.07502950551518	0.484627447675102	210
-0.0780875691596301	0.481329111904226	130
-0.0694049500910901	0.462286444117799	1070
-0.07594797515957	0.472405810643601	664
0.00745216601577003	0.774408020936589	468
-0.07247647027697	0.456849225359474	139
-0.10768805729777	0.893819566190561	225
-0.10093448458139	0.837364177195823	270
-0.12173142343688	1.6520745541345	14
0.0666589857336599	1.1246607141742	70
0.00440402810550999	0.763219342678577	213
0.00481783637797006	0.797345043041251	213
-0.0707279545057	0.461658385978542	468
-0.07634579098725	0.486816559821607	276
-0.0934488209140401	2.34465370137505	139
-0.08234829235793	0.472953466281888	210
0.07119391819038	1.09325779984018	225
-0.0133628456885699	1.267578435436	81
0.045778472107	1.6410120550034	270
-0.1095749155336	0.834098378480724	87
-0.0715641499665101	0.476261696112282	55
-0.07502950551518	0.484627447675102	55
-0.09555582915871	1.57942099493805	226
-0.0694049500910901	0.462286444117799	276
-0.0733110279007201	0.471072512706836	276
-0.10080107584176	0.870170601606188	139
-0.07594797515957	0.472405810643601	81
0.00370461042777004	0.790657654950952	49
-0.05483418159415	1.40313688728031	344
-0.000357477525710026	1.74452945642958	13
-0.10754779740812	0.850747328030258	13
-0.0560844522411901	1.42138630138538	468
0.06411195127155	1.07118551878635	276
-0.10652681948021	0.89887408203719	1647
-0.00999205673586001	1.24978479274692	49
0.0653597112378399	1.05704541823529	49
-0.09780445772292	0.893373862567747	49
-0.00281096288878002	1.73187981621305	226
-0.00365425590737001	2.1563826516218	558
0.06150607729666	1.11841957573546	883
-0.06148077123506	1.34315541236406	226
0.11334898211905	1.51611923880348	529
0.00546180389901996	1.7801307430479	276
0.01165422954107	1.75406156116177	49
-0.10340337968786	0.853220599487057	49
-0.0605378242799199	1.4296310384079	13
-0.0320663503296901	1.93600970918575	139
-0.1183606605958	1.70423048792794	226
0.00634333969714995	0.775850955573081	79
0.11580778423629	1.50954910433012	139
-0.05510333914445	1.34614348710445	139
-0.01060058365448	1.2237660253088	139
-0.0728842221881301	0.48718262978292	1706
0.07940934008757	1.07584688240591	226
-0.06178351439755	1.42937338855853	139
0.00761117472285999	0.772890458325536	974
0.0462159414105801	1.63002414797504	139
-0.06094540354261	1.38724180229218	77
-0.1042814806089	0.83381075055713	322
0.00245256668645011	0.759295676893683	49
-0.0728842221881301	0.48718262978292	443
0.000816129409920041	0.766376539395625	443
-0.11226200709557	0.847370885484406	226
0.00745216601577003	0.774408020936589	226
-0.0742034158667699	0.4776411587918	49
-0.07634579098725	0.486816559821607	443
0.0653816482523699	1.13536516765943	226
0.00370461042777004	0.790657654950952	139
0.00552725527516995	1.7331069056119	117
-0.0715641499665101	0.476261696112282	49
-0.0788931319101101	0.473285696777816	443
-0.0966418484101099	0.880782520533355	226
0.00481783637797006	0.797345043041251	226
0.0630992886587101	1.08153586404558	139
-0.10234760641927	0.906181837696579	139
-0.0548615899229199	1.41365290152587	276
-0.09620585032699	1.5349428025277	558
-0.0869844777227899	2.22427562065008	41
-0.00199097483451993	0.751497749017312	485
0.05032200508716	1.68762862823193	51
-0.00661767248387002	1.24232885008884	49
-0.00531454199066994	0.722077597396156	70
-0.09777617493744	0.903659615550407	276
-0.000683947662220019	0.764094896100563	529
-0.10652729240875	1.72400086662639	883
0.00703629928620009	0.786246714670945	2310
-0.0648111380713099	1.33749357540476	226
-0.0305514792581001	1.91340919613323	13
-0.0695836301180801	1.39381677253704	139
-0.05022605409041	1.40360911243515	139
-0.00983739565087993	1.24862034445438	2310
0.04199202713456	1.66821167806849	226
-0.10470594792363	0.871473995086099	226
-0.0357746958909999	1.8688597734221	226
-0.10569112016837	0.886765123503836	558
0.00592840417108009	0.79577269509704	558
-0.0689504764615301	1.36497860115162	51
0.10854589944036	1.45935054399754	139
0.0882755991161099	2.35949298737814	812
0.11696716525274	1.50873607321107	506
0.00913045357424003	0.7530989741179	55
-0.09004919834533	1.53751053619413	226
0.0629699755014701	1.10708390800341	276
0.00871964564949002	0.776327112503275	558
-0.0780875691596301	0.481329111904226	558
0.0672952328321701	1.04668934580476	55
0.00481783637797006	0.797345043041251	70
0.00319996082384	0.756516310487819	98
0.0069333701913199	0.703490503146448	98
0.00745216601577003	0.774408020936589	276
-0.00381986580844007	1.27905607230808	558
0.0560499681189099	2.44462443628384	1601
0.11468459835874	1.49539355979769	226
-0.11106458207635	0.87184519926244	222
0.01023717586849	0.756327146509791	276
-0.0788931319101101	0.473285696777816	1328
-0.0927079561564801	1.55628442240749	558
0.00217674175728999	0.758510452502241	2114
-0.0788931319101101	0.473285696777816	557
-0.1032969280198	1.47697951370418	51
0.00634333969714995	0.775850955573081	41
-0.0605378242799199	1.4296310384079	70
0.06891846521764	1.12384045716814	70
-0.11292025662562	0.813950572085992	226
-0.0553249299974301	1.42513962997446	558
0.0522402148753101	1.5735833907438	558
-0.10533459228175	0.878534955424785	70
-0.05332445235844	1.89324639960209	70
-0.10347545907713	0.908036554025269	222
-0.0780875691596301	0.481329111904226	276
-0.09153868986744	1.50239821137112	2330
0.00720151757966003	0.745800976163375	2114
-0.00783150178455006	1.18156492941886	139
-0.0536993162988899	1.39416208639897	226
0.0664331943159899	1.07156702709939	151
0.00592840417108009	0.79577269509704	709
0.00745216601577003	0.774408020936589	558
-0.0541610742240499	1.95111767001598	139
-0.07634579098725	0.486816559821607	226
-0.09102225172341	1.60805645701267	358
0.00133640305696003	0.75136502602786	709
0.0665893018369299	1.13712072747197	2329
-0.0301947940924801	2.30867736872631	139
-0.0519075466689201	1.3888808425288	358
-0.1022791704297	0.879506006751101	709
-0.0715641499665101	0.476261696112282	2329
-0.07634579098725	0.486816559821607	139
-0.00338679126005004	1.25433220246764	865
-0.05857452239448	1.96143748125915	75
-0.0559997931285801	2.00450078432596	222
-0.0728842221881301	0.48718262978292	1149
-0.07940182796794	0.468873201627584	319
0.02301063223481	2.48317839061783	77
-0.0988308051393301	0.88890484220896	75
-0.05361907594158	1.99994269698389	70
-0.10453015187505	0.882913643356425	344
0.000919135625240042	0.779651307038813	226
-0.07634579098725	0.486816559821607	886
0.00523185385184011	0.76960328507403	709
-0.0733110279007201	0.471072512706836	709
0.00203441173832997	0.781095917610704	865
-0.07502950551518	0.484627447675102	709
-0.0767724370979599	0.479205258087904	1149
-0.07940182796794	0.468873201627584	1149
-0.01421870691634	1.2431504670211	75
-0.00519538546404008	1.26103797914193	344
-0.10550169623285	0.85253708466635	177
-0.10198854644548	0.889889510288778	139
0.05797355704859	1.0567820351358	51
0.00871964564949002	0.776327112503275	709
-0.0715641499665101	0.476261696112282	1149
0.00467701799234011	0.756325342569762	1149
0.0759451505998701	1.10271846066857	51
0.0654492688214301	1.13004354604165	1128
-0.0128424838330701	1.27662115154845	222
0.0643954568677001	1.0723913900936	709
-0.0908525828103799	1.56979793482142	177
-0.10009863471566	0.890551535240699	319
-0.00697719984631995	1.28855372202105	51
-0.09784775722445	1.49825623331125	70
0.0105311627747999	0.727931590908688	855
0.0507469625518	1.63773042933595	545
-0.05407734155528	1.41463857745066	1149
-0.05483418159415	1.40313688728031	70
0.0881213925261899	1.95855277420301	177
-0.09995940479184	0.883112131949007	341
-0.09777617493744	0.903659615550407	177
-0.0357746958909999	1.8688597734221	412
0.00720151757966003	0.745800976163375	70
-0.08641652798246	1.57644292519702	341
0.01214704545453	1.7780787641087	177
-0.10801281060796	0.878557877944574	94
0.0607703375844	1.09531620195166	128
-0.08020801702625	0.464363302230039	1793
-0.10115327679054	0.911864718179937	94
-0.10759946844131	2.2608450741399	226
-0.10310117683599	1.39559581820727	128
-0.1010831812674	1.45768286738549	177
0.00217674175728999	0.758510452502241	855
-0.07462993977538	0.481691620263563	1793
-0.0715641499665101	0.476261696112282	211
-0.10449256023768	0.859817110418525	70
0.00481783637797006	0.797345043041251	177
0.00720151757966003	0.745800976163375	51
-0.0128424838330701	1.27662115154845	1097
0.0557367461417999	1.66403679692866	75
0.07126667489608	1.12901769988199	70
0.00467701799234011	0.756325342569762	70
-0.0119863675137499	1.28133925864843	70
-0.0707279545057	0.461658385978542	165
-0.0158934668630799	1.23607132150717	600
-0.10703282407371	0.855124757529885	177
-0.10363902568803	2.09204988578657	226
-0.09777617493744	0.903659615550407	165
0.00200918824688001	0.765065738255205	1149
0.00329105906158	1.18607757012323	51
0.0620440754210601	1.04336705520914	1097
0.05950423885281	1.08667060316372	1097
0.12106368816378	1.43519258570788	165
-0.0913410233032601	1.60607635852608	250
-0.05087969101335	1.99618525779191	70
-0.0918734313644101	1.47750272130397	70
0.0690820719315499	1.09051287512862	165
-0.10453015187505	0.882913643356425	341
-0.10347545907713	0.908036554025269	600
0.09023822727806	1.88304721670004	177
0.12309239138089	1.47020452800126	177
0.03925020401718	1.59844627206008	1097
-0.0604524792433301	1.42606095323019	1139
0.00258874080052007	0.768834945598374	226
-0.000683947662220019	0.764094896100563	165
0.0464072544883001	2.07975402917387	165
-0.11106458207635	0.87184519926244	177
0.00592840417108009	0.79577269509704	226
-0.0997958718658401	0.84365737088165	165
-0.00504551341088999	1.27713355704603	341
0.00161646007236005	0.745644772682445	177
-0.0985098002501299	1.52765771975269	177
0.00440402810550999	0.763219342678577	94
-0.0602983148687399	1.41628365721202	391
-0.0178419068533799	1.20534131572761	600
-0.01609819517624	1.24325219978569	177
0.0673190266999	1.08777972198016	177
-0.09777617493744	0.903659615550407	436
0.0133141257098199	0.672846544811632	165
0.04551966677548	1.64527480681514	600
-0.10134063054173	1.42856724213339	341
0.0375265476748701	2.14329239668538	177
-0.03598453851602	1.7979846063763	177
0.0475619155248901	2.0829892499322	51
0.00245256668645011	0.759295676893683	94
-0.00489321280425004	1.26089517936781	436
-0.0773172762440799	2.14884150193934	70
-0.10467221068019	0.902380061706877	260
-0.10830983832019	2.33772777319021	436
-0.00191815376939997	0.712287415065459	177
0.00662062919527995	0.733769088154721	341
-0.03647306308397	1.9191117746252	70
-0.06010120405557	2.03919087293873	70
0.06779816939623	1.13164867364138	177
0.00802104689899008	0.735713330175354	51
0.00481783637797006	0.797345043041251	51
-0.08032153257974	1.5367132102564	436
-0.0874493215063501	1.54873965632437	70
0.0989156727384299	2.29891563928235	70
-0.00688452719571009	1.73158194717512	70
-0.0582001727641199	1.45477176025868	165
-0.10009863471566	0.890551535240699	177
-0.0624110438752701	1.45560855773872	1045
0.0685315628116301	1.0862454787969	51
-0.0737123449561501	0.469700478767455	204
-0.07634579098725	0.486816559821607	341
-0.0999920761383299	0.904069127132183	260
-0.0776612011748901	0.474017755843339	260
0.00476115013755996	0.740388753335841	825
0.000511041279839919	0.762798401702195	51
-0.07462993977538	0.481691620263563	215
-0.0780875691596301	0.481329111904226	825
-0.000683947662220019	0.764094896100563	51
-0.08020801702625	0.464363302230039	51
-0.0776612011748901	0.474017755843339	215
-0.07462993977538	0.481691620263563	260
-0.00199097483451993	0.751497749017312	51
0.04772026633149	1.62457070578193	70
-0.0776612011748901	0.474017755843339	215
-0.0810363027198799	0.470929844585795	341
-0.07634579098725	0.486816559821607	341
-0.0694049500910901	0.462286444117799	260
-0.07115463114773	0.45746536315437	260
-0.0504855883223401	1.41970161212783	70
-0.09542568208077	0.871236545771719	70
-0.0788931319101101	0.473285696777816	260
-0.0676285119928299	1.42032809142742	70
-0.09658579684847	0.875662712097782	399
0.00203441173832997	0.781095917610704	399
0.00245256668645011	0.759295676893683	1576
0.0493481204948501	1.66513724187223	70
-0.07502950551518	0.484627447675102	70
-0.0780875691596301	0.481329111904226	215
-0.08234829235793	0.472953466281888	215
-0.0728842221881301	0.48718262978292	177
-0.0776612011748901	0.474017755843339	184
-0.00558343972561004	2.34989635959125	70
0.00523185385184011	0.76960328507403	70
-0.10082706368569	0.885239548756338	439
-0.0788931319101101	0.473285696777816	215
-0.07634579098725	0.486816559821607	215
-0.07462993977538	0.481691620263563	215
0.00592840417108009	0.79577269509704	215
-0.0767724370979599	0.479205258087904	20
0.0031470543107901	0.776425298654531	531
-0.0742034158667699	0.4776411587918	184
-0.07940182796794	0.468873201627584	215
-0.07462993977538	0.481691620263563	215
-0.0728842221881301	0.48718262978292	215
-0.07462993977538	0.481691620263563	215
-0.0780875691596301	0.481329111904226	215
-0.10354239377692	0.870327085838606	51
-0.0733110279007201	0.471072512706836	184
0.00245256668645011	0.759295676893683	184
-0.07502950551518	0.484627447675102	215
-0.0728842221881301	0.48718262978292	215
-0.0742034158667699	0.4776411587918	177
-0.10765455546838	0.861854410538051	531
-0.07462993977538	0.481691620263563	331
-0.0754564319865101	0.464683528225666	560
-0.09094541649317	1.53587873454954	70
0.00440402810550999	0.763219342678577	215
0.00200918824688001	0.765065738255205	177
0.00481783637797006	0.797345043041251	177
-0.07594797515957	0.472405810643601	331
-0.10115327679054	0.911864718179937	51
-0.00483049707695993	1.23868236850354	42
0.11696716525274	1.50873607321107	70
-0.0061194424047899	1.25900791535213	439
0.00871964564949002	0.776327112503275	1058
-0.10301435592922	0.870312396716924	1058
0.04873979083534	2.08512698365511	26
0.00245256668645011	0.759295676893683	70
-0.08234829235793	0.472953466281888	47
-0.07594797515957	0.472405810643601	47
-0.0776612011748901	0.474017755843339	421
-0.0737123449561501	0.469700478767455	165
-0.07462993977538	0.481691620263563	421
-0.10417450724577	0.87735540864633	1058
-0.09658579684847	0.875662712097782	177
-0.00789923575673002	1.20861132474038	26
-0.10467221068019	0.902380061706877	26
0.05733986439065	2.08065558613377	26
-0.0776612011748901	0.474017755843339	439
0.11742838583635	1.45404305478637	177
-0.07502950551518	0.484627447675102	177
0.00203441173832997	0.781095917610704	177
-0.07594797515957	0.472405810643601	177
-0.10652681948021	0.89887408203719	177
0.06197749450285	1.09365467212935	1121
-0.0481788893469599	1.98123538072912	26
-0.10115327679054	0.911864718179937	1973
-0.07594797515957	0.472405810643601	47
-0.0776612011748901	0.474017755843339	47
-0.0728842221881301	0.48718262978292	47
0.00745216601577003	0.774408020936589	177
-0.10198854644548	0.889889510288778	42
0.11183031500781	1.40298992729698	26
-0.0625541036160799	1.39640691806312	26
-0.0977458477044499	0.873373590295991	113
-0.0517673530307601	1.99586868254455	70
0.08605336732737	2.35912522540834	399
-0.05794893492575	1.43672519587135	177
-0.09439893178447	0.880170903362353	70
-0.07594797515957	0.472405810643601	47
-0.0893772215322499	1.58033697594552	215
-0.07940182796794	0.468873201627584	177
0.06891846521764	1.12384045716814	177
-0.0150206583197701	1.26109270846801	113
-0.0573330136602199	1.87548876619338	215
-0.00952634123014007	1.26876896379151	215
0.00111455126242999	1.81988197098406	215
0.000919135625240042	0.779651307038813	177
-0.0780875691596301	0.481329111904226	47
-0.0742034158667699	0.4776411587918	47
0.0482430574621899	2.0264919851953	177
-0.08652389496174	1.49122746848175	399
-0.0728842221881301	0.48718262978292	47
-0.10105080256459	1.66485170067306	20
-0.0686366011273001	1.36471333119452	47
0.00133640305696003	0.75136502602786	47
-0.10801281060796	0.878557877944574	42
-0.05524057469338	1.43530305446661	47
-0.1077194973188	0.87268662809685	215
0.000919135625240042	0.779651307038813	215
-0.10649460902405	0.873742612776647	42
0.0551731650536	2.13374467064834	70
-0.01731378943994	1.21767519817497	177
-0.09394745534126	1.54530458050876	38
0.11669409103379	1.47633485003993	20
-0.0913410233032601	1.60607635852608	411
-0.07634579098725	0.486816559821607	243
-0.0541994735745	1.93952681174611	38
-0.0780875691596301	0.481329111904226	28
-0.07634579098725	0.486816559821607	1151
-0.0767724370979599	0.479205258087904	215
-0.0728842221881301	0.48718262978292	38
0.0509217718678101	1.66397578562081	716
-0.0179956836974999	1.18030704961241	51
0.01023717586849	0.756327146509791	107
-0.0171081862056499	1.22618824224534	70
-0.0737123449561501	0.469700478767455	20
-0.0728842221881301	0.48718262978292	1232
0.00523185385184011	0.76960328507403	288
0.00387076505710993	0.744433006391536	20
-0.07502950551518	0.484627447675102	363
-0.0728842221881301	0.48718262978292	363
-0.0767724370979599	0.479205258087904	510
0.0511001430840501	2.07951840362938	716
0.0512793457176299	2.0044149960927	288
-0.07462993977538	0.481691620263563	288
-0.0780875691596301	0.481329111904226	2333
0.000919135625240042	0.779651307038813	135
-0.07502950551518	0.484627447675102	318
-0.07502950551518	0.484627447675102	2217
0.00761117472285999	0.772890458325536	246
-0.0767724370979599	0.479205258087904	38
-0.0733110279007201	0.471072512706836	288
0.0233260339205099	2.16069532864855	107
0.00720151757966003	0.745800976163375	107
-0.0776612011748901	0.474017755843339	47
-0.07634579098725	0.486816559821607	318
-0.07502950551518	0.484627447675102	243
-0.07634579098725	0.486816559821607	1232
-0.07634579098725	0.486816559821607	42
-0.0960234826237301	1.5278831822447	107
-0.10111932417922	0.884327582552011	135
-0.07115463114773	0.45746536315437	135
-0.07502950551518	0.484627447675102	47
-0.0728842221881301	0.48718262978292	318
0.06271694162241	1.12016202946392	1232
0.00481783637797006	0.797345043041251	716
0.00636589771426999	1.60185836170425	716
-0.07634579098725	0.486816559821607	288
0.00592840417108009	0.79577269509704	288
0.00523185385184011	0.76960328507403	288
0.00118186309993007	0.725292915775586	616
0.00245256668645011	0.759295676893683	47
0.00966178193923994	0.743925243579166	47
-0.0776612011748901	0.474017755843339	510
-0.07634579098725	0.486816559821607	510
-0.07462993977538	0.481691620263563	1232
-0.07502950551518	0.484627447675102	51
-0.0737123449561501	0.469700478767455	107
0.0642609760191599	1.06491703285713	70
0.0627905305459999	1.08125789057203	439
0.000816129409920041	0.766376539395625	1232
-0.0776612011748901	0.474017755843339	288
-0.0754564319865101	0.464683528225666	288
-0.0754564319865101	0.464683528225666	353
-0.0216906325889701	1.17233943030485	51
0.00272819593065998	0.73553875718138	107
-0.10234760641927	0.906181837696579	135
-0.10342363838728	1.44291323729492	135
0.00481783637797006	0.797345043041251	47
0.00814150716133999	0.763062298434072	47
0.00200918824688001	0.765065738255205	47
0.00133640305696003	0.75136502602786	1232
-0.0728842221881301	0.48718262978292	51
-0.0780875691596301	0.481329111904226	51
-0.07736166579754	2.07588099596234	107
0.0619132241831899	1.10196187317827	47
-0.10354239377692	0.870327085838606	246
-0.0966148463710299	0.89881840461451	20
-0.10347545907713	0.908036554025269	716
-0.0944235953144801	0.874035786149618	2226
0.0525416595867301	1.67536111631205	107
0.00170374566495002	0.754304004117522	47
0.06891846521764	1.12384045716814	243
-0.0767724370979599	0.479205258087904	20
-0.0125850040578399	1.28573088907255	20
-0.0140161424530401	1.18051860747916	20
0.07005648669892	1.13078447230508	288
-0.00968309404987999	1.28471704083014	135
0.0105794402106401	2.1007655359689	439
0.0454580840875201	1.65998706088978	47
-0.10453015187505	0.882913643356425	47
-0.10569112016837	0.886765123503836	243
0.00871964564949002	0.776327112503275	930
-0.00776115254949006	1.27364768044746	246
-0.11073642663233	0.835081163458389	288
0.00634333969714995	0.775850955573081	284
0.10181289767052	2.01888542592454	47
-0.09542568208077	0.871236545771719	47
0.00370461042777004	0.790657654950952	246
0.11312463263517	1.40994192856751	51
-0.10685200706093	0.885431887155317	70
-0.0179956836974999	1.18030704961241	28
-0.05173606476618	1.93492051663962	42
-0.0138037690724999	1.27744231208343	1035
-0.000198759656929948	0.771174129168954	107
-0.0788931319101101	0.473285696777816	60
-0.10463643674472	0.895065612522282	28
-0.0780875691596301	0.481329111904226	60
-0.07940182796794	0.468873201627584	246
-0.08365941961665	0.460984603377066	154
0.05683105977292	1.08168168076925	42
-0.0876572787179499	1.57624413267788	107
-0.0548615899229199	1.41365290152587	38
0.00425822457804004	2.08362123420825	284
-0.10808964467187	0.847640352270563	70
-0.12024341564423	1.63392864103121	47
-0.00519538546404008	1.26103797914193	60
-0.10009863471566	0.890551535240699	60
-0.09439893178447	0.880170903362353	60
0.05950423885281	1.08667060316372	20
0.0713417608308	1.11226759275636	38
-0.0177387875063999	1.25686245804341	70
-0.0776612011748901	0.474017755843339	72
-0.0767724370979599	0.479205258087904	60
-0.07634579098725	0.486816559821607	38
-0.07462993977538	0.481691620263563	198
-0.0715641499665101	0.476261696112282	60
-0.07634579098725	0.486816559821607	60
-0.07634579098725	0.486816559821607	60
-0.07634579098725	0.486816559821607	60
0.00237725788108989	0.742293676079689	1384
0.00245256668645011	0.759295676893683	20
-0.09879941425632	0.875970525833921	198
-0.07634579098725	0.486816559821607	198
-0.07634579098725	0.486816559821607	70
-0.0767724370979599	0.479205258087904	761
-0.07502950551518	0.484627447675102	60
-0.07502950551518	0.484627447675102	60
0.0619132241831899	1.10196187317827	20
0.0110594907086401	0.750826552878151	38
-0.07940182796794	0.468873201627584	284
-0.10453015187505	0.882913643356425	107
0.0723106886110301	1.09254124494101	70
0.0464769359897099	1.61639278682862	70
-0.07502950551518	0.484627447675102	761
-0.0780875691596301	0.481329111904226	20
-0.07502950551518	0.484627447675102	20
-0.0788931319101101	0.473285696777816	60
-0.0715641499665101	0.476261696112282	686
-0.07594797515957	0.472405810643601	107
-0.07115463114773	0.45746536315437	107
0.00203441173832997	0.781095917610704	70
0.0031470543107901	0.776425298654531	70
-0.07594797515957	0.472405810643601	761
-0.07502950551518	0.484627447675102	60
-0.07634579098725	0.486816559821607	20
-0.0955603050535501	0.872519594949141	284
0.00481783637797006	0.797345043041251	284
-0.09890583262512	0.863490534999425	42
-0.0788931319101101	0.473285696777816	70
-0.10132197704886	0.860963742175707	70
0.000919135625240042	0.779651307038813	20
-0.0742034158667699	0.4776411587918	284
0.06891846521764	1.12384045716814	70
-0.0728842221881301	0.48718262978292	60
-0.07940182796794	0.468873201627584	769
-0.0776612011748901	0.474017755843339	72
-0.07462993977538	0.481691620263563	60
0.0144143603242499	0.723879206291969	60
-0.0780875691596301	0.481329111904226	60
-0.0776612011748901	0.474017755843339	20
-0.00231509623399995	1.21845508687383	42
-0.0055964467426699	1.2420530447143	284
0.1212282641734	1.5044329183227	852
-0.0119863675137499	1.28133925864843	1641
0.07664402724885	2.38571120319518	42
0.05357305505277	1.64186840629363	1965
-0.01845787805082	1.24033594932746	959
-0.0575767993215599	1.44221613164158	42
0.05703343845135	1.58218869302783	284
-0.0659133864352199	1.40208655822229	20
0.0852205795993299	2.3537050907773	72
0.12063773144965	1.51190220033943	277
-0.0767724370979599	0.479205258087904	277
0.00481783637797006	0.797345043041251	42
0.00913045357424003	0.7530989741179	70
-0.0488673192765301	2.04774154555816	70
-0.10463643674472	0.895065612522282	72
0.05271245603674	2.41773041139109	70
-0.0668591064866499	1.41765939716636	277
-0.1120552214131	1.61269715437012	145
-0.00130486386253992	1.81287438049259	42
-0.09893743839319	0.901219777787475	42
-0.00624890263206002	1.71018764289502	42
-0.06738727967821	1.37149730465243	72
-0.07247647027697	0.456849225359474	491
0.000502077624719988	0.749812474050644	145
0.00172198053028994	1.80922923016664	72
0.10954286886827	1.45793678871739	1967
0.00986421978618002	0.770555075359283	145
-0.00328609612564001	2.35387172711159	145
-0.0989670027559699	0.898135553077962	42
0.0537971440087199	2.070938645082	70
0.04853856162419	1.57881501360182	145
0.0060629147231599	1.7414015476027	42
0.000502077624719988	0.749812474050644	70
0.0531529837055	2.15267670078283	70
0.05551146587053	1.63740533950456	72
-0.1023144050994	0.913229219308446	145
-0.0897797273840599	1.60824693519329	145
-0.0767724370979599	0.479205258087904	29
-0.0780875691596301	0.481329111904226	20
-0.07115463114773	0.45746536315437	42
-0.09558624649653	0.875007614229781	42
-0.10685200706093	0.885431887155317	42
-0.0866181116040901	1.51657146966222	70
0.04941772070936	1.6387568663739	70
-0.0602024701616899	1.37933535353674	72
0.00814150716133999	0.763062298434072	42
-0.0330882305890401	1.86652705132775	20
-0.0810363027198799	0.470929844585795	15
-0.07634579098725	0.486816559821607	29
-0.10652681948021	0.89887408203719	42
0.00163026426193991	1.25024807600651	20
-0.02089907571199	1.22660968537382	42
-0.07502950551518	0.484627447675102	818
-0.0767389633695701	0.449420396697844	1847
0.0643270602288499	1.0926285512882	70
-0.09534713933896	1.49477523778232	72
0.00357035784107995	0.745536905550795	15
-0.07502950551518	0.484627447675102	70
-0.10459863560882	0.841153215999207	1935
-0.00874157653778007	1.70226949927866	72
-0.10565224306407	0.858547898109617	145
0.11500649640642	1.43799607363524	145
-0.11886980876257	1.71854744049475	42
0.09122130356035	2.35405711695131	42
-0.000198759656929948	0.771174129168954	15
-0.06451091208666	1.37218243351911	42
-0.0715641499665101	0.476261696112282	402
0.00147296684738008	1.2106941391586	684
0.042855098962	1.58332608671462	1847
0.09897775047806	1.89717630566062	42
0.04713357785019	1.67963515625469	1847
-0.06116161924889	1.46021667884556	70
-0.0659859510982801	1.37330796759914	145
-0.0115092494964899	1.28049157591388	42
-0.10417450724577	0.87735540864633	70
0.10891739557396	1.49857417774643	72
-0.0513656106167699	1.37283345671328	207
-0.10200369359229	2.05146117677916	70
0.04774176941724	1.63241143712353	145
-0.0727957957452601	2.4664739370447	42
-0.07462993977538	0.481691620263563	207
-0.10565224306407	0.858547898109617	1539
-0.0780875691596301	0.481329111904226	1539
-0.08020801702625	0.464363302230039	145
0.0031470543107901	0.776425298654531	145
0.000919135625240042	0.779651307038813	145
0.0110594907086401	0.750826552878151	42
-0.07634579098725	0.486816559821607	72
0.00913045357424003	0.7530989741179	746
0.08904933975736	2.3767341085068	70
-0.0910216344434001	0.846695373997864	596
-0.09630732301283	0.812182664954942	1157
-0.0776612011748901	0.474017755843339	1072
-0.07634579098725	0.486816559821607	145
-0.0179088263406999	1.17832314880989	1157
-0.0298670133396299	1.87653989319282	42
0.00986421978618002	0.770555075359283	850
0.06531633770487	1.08853798890434	72
-0.0531207131960101	1.42357262745383	42
0.0466423779155201	2.46338070525422	596
0.0430410573181901	1.6141605870054	526
0.0685315628116301	1.0862454787969	1072
-0.0767724370979599	0.479205258087904	968
-0.000888447092250111	0.747286307307152	42
-0.0631192400412199	1.44053547994579	596
-0.10078798569905	1.5177690859303	145
-0.10336910413449	0.873720536735916	145
-0.07594797515957	0.472405810643601	157
-0.07940182796794	0.468873201627584	157
-0.05884780554294	1.97588988696528	42
0.0896879131406601	1.95684248244687	42
0.00133640305696003	0.75136502602786	1056
0.00481783637797006	0.797345043041251	1056
0.1049758858396	1.36009022067753	99
0.00440402810550999	0.763219342678577	853
-0.07502950551518	0.484627447675102	853
0.00245256668645011	0.759295676893683	1056
0.0474575142837601	1.64746264502608	746
0.11072911027242	1.42776664014341	42
-0.0035171257048201	0.749268663041849	565
-0.07502950551518	0.484627447675102	565
-0.0715641499665101	0.476261696112282	157
-0.07634579098725	0.486816559821607	99
-0.07634579098725	0.486816559821607	99
-0.0728842221881301	0.48718262978292	99
-0.0694049500910901	0.462286444117799	37
0.11590591806537	1.51534222716613	42
-0.0986115150490301	0.867404139285541	42
-0.0780875691596301	0.481329111904226	72
-0.00462408142391002	0.747911691559923	99
-0.09863307335955	0.842823213478958	42
0.00592840417108009	0.79577269509704	1056
-0.10115327679054	0.911864718179937	99
0.11911080740257	1.48882204609413	99
0.0452302831011999	2.0695282629977	37
0.06531633770487	1.08853798890434	42
0.0713417608308	1.11226759275636	99
0.07247807823318	1.11902547084178	72
-0.01468833329648	1.20983343400319	1749
-0.09390965685913	1.60677176978729	99
0.04756260872365	1.633282909437	596
-0.0148807282346399	1.2590865935573	596
0.01023717586849	0.756327146509791	72
-0.07462993977538	0.481691620263563	1031
0.11120231272912	1.46436347908366	884
-0.0780875691596301	0.481329111904226	29
0.11162362143709	1.50120261565223	884
-0.06723466133714	0.435058532904394	42
0.07077953099291	1.06538536698679	42
0.07005648669892	1.13078447230508	72
-0.06451091208666	1.37218243351911	37
-0.0787999546584	2.41252218391915	37
-0.0923492451784	1.56302329613458	304
0.00329171332424005	0.764583470104149	304
0.0832632686777699	1.88635736012386	1221
0.0446167756046001	2.43424749320019	1221
-0.0103072797499799	1.20050354828002	72
-0.00968309404987999	1.28471704083014	99
0.0654492688214301	1.13004354604165	1445
-0.02615230813435	1.87869751431203	42
0.00114419353038997	1.73276287200273	1221
0.0410114326711399	1.64603726602963	67
0.000919135625240042	0.779651307038813	29
0.0516827190715199	0.980643851845778	99
0.07005648669892	1.13078447230508	242
-0.0707279545057	0.461658385978542	67
-0.1092142509715	0.873256061557106	99
0.0583596628160199	1.08020534576751	37
0.11614381372867	1.42091983828783	304
0.11484419284688	1.49291041289644	142
-0.10754779740812	0.850747328030258	67
0.000919135625240042	0.779651307038813	178
-0.10801281060796	0.878557877944574	1312
-0.0100637064417799	1.2569609733566	67
-0.08365941961665	0.460984603377066	67
-0.0707279545057	0.461658385978542	67
0.000919135625240042	0.779651307038813	1312
-0.11676650536593	1.69374845773311	37
0.01136033083349	0.750939430297664	99
-0.0918291958066999	2.12214607349921	304
-0.0109115710302301	1.28717310117247	67
0.0638557042188601	1.09317187019506	29
0.00745216601577003	0.774408020936589	178
-0.0754202934658901	0.450022311934965	67
0.00592840417108009	0.79577269509704	42
-0.0767724370979599	0.479205258087904	8
-0.0780875691596301	0.481329111904226	37
-0.0788931319101101	0.473285696777816	42
-0.07634579098725	0.486816559821607	42
-0.0728842221881301	0.48718262978292	178
-0.0728842221881301	0.48718262978292	42
-0.07634579098725	0.486816559821607	8
0.0031470543107901	0.776425298654531	534
0.00592840417108009	0.79577269509704	8
-0.0731659830506699	1.31804891614362	29
-0.06062152617502	1.42030869622047	228
-0.06638009191043	1.42769339438067	42
-0.09879941425632	0.875970525833921	67
-0.0196794186764799	1.23659157670552	42
0.00871964564949002	0.776327112503275	80
-0.0780875691596301	0.481329111904226	67
-0.09777617493744	0.903659615550407	80
-0.0742034158667699	0.4776411587918	741
0.00592840417108009	0.79577269509704	80
0.00237228809970991	1.73548221531612	42
0.00481783637797006	0.797345043041251	42
-0.10765455546838	0.861854410538051	80
0.00356610978947991	0.760662938461372	149
-0.07634579098725	0.486816559821607	67
-0.0733110279007201	0.471072512706836	67
-0.08020801702625	0.464363302230039	376
-0.05904994786244	1.40312240763011	304
-0.0102891831888501	1.28148884357941	42
-0.00575120983768995	1.27820823205899	80
-0.07502950551518	0.484627447675102	80
0.00551367158243998	0.754683947724502	67
-0.09858787260775	0.841934909443103	148
-0.07462993977538	0.481691620263563	80
-0.0728842221881301	0.48718262978292	67
-0.08672452311313	2.23791980278264	42
0.07586701794535	1.07323384681181	29
-0.07634579098725	0.486816559821607	80
-0.07502950551518	0.484627447675102	80
-0.0810363027198799	0.470929844585795	178
-0.0776612011748901	0.474017755843339	80
-0.07502950551518	0.484627447675102	729
-0.08234829235793	0.472953466281888	29
-0.0767724370979599	0.479205258087904	148
0.00553427099017001	1.72411680494203	178
-0.0728842221881301	0.48718262978292	80
-0.0728842221881301	0.48718262978292	80
0.00189659676757992	2.26546576471343	155
-0.10347545907713	0.908036554025269	42
-0.10681184373441	0.852160457524503	42
-0.10431132945554	0.87713579064658	671
0.00161646007236005	0.745644772682445	178
0.0742370864000901	1.03089049890563	80
0.00720151757966003	0.745800976163375	80
-0.0737123449561501	0.469700478767455	80
-0.07940182796794	0.468873201627584	108
-0.00605343890492005	1.24088699802538	42
-0.07634579098725	0.486816559821607	42
0.00481783637797006	0.797345043041251	148
-0.1023144050994	0.913229219308446	42
-0.07462993977538	0.481691620263563	80
-0.07634579098725	0.486816559821607	80
-0.0728842221881301	0.48718262978292	290
-0.0029414974595301	0.738162811550007	42
-0.10655696502794	0.871536610513005	148
0.00523185385184011	0.76960328507403	80
-0.10533459228175	0.878534955424785	290
-0.07940182796794	0.468873201627584	290
-0.0788931319101101	0.473285696777816	290
-0.0957770690584701	1.56205080237721	42
0.0563513240964699	1.01329920465304	178
0.00592840417108009	0.79577269509704	178
-0.0728842221881301	0.48718262978292	80
-0.07462993977538	0.481691620263563	178
-0.0737123449561501	0.469700478767455	290
-0.10012948147861	0.895715957930713	290
0.0105311627747999	0.727931590908688	290
-0.00173456943899009	0.740755123279827	2350
-0.0728842221881301	0.48718262978292	42
0.00203441173832997	0.781095917610704	291
-0.1023144050994	0.913229219308446	291
-0.07462993977538	0.481691620263563	80
-0.08365941961665	0.460984603377066	108
-0.07502950551518	0.484627447675102	410
-0.0728842221881301	0.48718262978292	1553
-0.0742034158667699	0.4776411587918	385
-0.0810363027198799	0.470929844585795	108
-0.07462993977538	0.481691620263563	669
-0.0728842221881301	0.48718262978292	291
-0.07634579098725	0.486816559821607	80
-0.07594797515957	0.472405810643601	540
0.00203441173832997	0.781095917610704	42
0.00133640305696003	0.75136502602786	42
-0.0996655228283001	0.872903994864284	42
-0.07634579098725	0.486816559821607	465
-0.10888195889722	0.867945416873049	42
-0.07502950551518	0.484627447675102	291
-0.0776612011748901	0.474017755843339	1102
-0.11408034398802	0.812756389215292	181
0.0583596628160199	1.08020534576751	42
0.00761117472285999	0.772890458325536	1927
-0.0155349051389599	1.17663705368154	722
-0.0810363027198799	0.470929844585795	1102
-0.0689871578327199	0.430906286997695	1124
-0.0780875691596301	0.481329111904226	619
-0.07940182796794	0.468873201627584	2350
-0.0776612011748901	0.474017755843339	148
0.04967933760472	1.66390445719035	722
0.0723106886110301	1.09254124494101	722
-0.07634579098725	0.486816559821607	1124
0.0031470543107901	0.776425298654531	619
-0.07594797515957	0.472405810643601	619
0.0603658664187501	1.08441861475386	385
-0.07115463114773	0.45746536315437	19
-0.0704439234802201	1.34956860691953	619
-0.07426139700605	2.15823794885031	19
-0.0582001727641199	1.45477176025868	56
-0.0966630254752501	1.5391056518042	19
-0.11716300385811	1.69016263042075	1491
-0.03750587586084	2.41538999790683	219
-0.10232595441361	1.45768883871393	56
-0.1023144050994	0.913229219308446	19
0.00370461042777004	0.790657654950952	56
0.0031470543107901	0.776425298654531	56
0.0724032564379999	1.09168580047351	56
-0.0728842221881301	0.48718262978292	56
0.0662793773125001	1.07657186409442	2101
0.05216507940071	1.6558202518957	56
-0.00462408142391002	0.747911691559923	1491
0.0897756506446801	1.94038011383341	56
-0.0954925410723	2.16868281850844	2
0.0811928706840099	2.20941562252128	56
-0.1023144050994	0.913229219308446	1491
-0.05469781924287	1.44174297890694	801
-0.1023144050994	0.913229219308446	2
0.11014069211686	1.51145680379019	56
-0.1023144050994	0.913229219308446	125
-0.00734378484246001	1.24824691033054	1491
0.0556280394205899	1.58761658583774	56
-0.057817436806	1.42395671559373	1491
-0.0661936974955899	1.96987235424261	125
-0.0566958220068099	1.4294100367395	125
-0.00158521824733993	1.18891258245184	1491
-0.10051529619741	1.56615208428344	1491
-0.00820130099975991	1.29107096731323	125
-0.12471842702923	1.84509349232312	125
-0.01288036085376	1.78763488984258	125
-0.00573369490655007	0.740184473522216	233
0.03302985671843	2.11710080656232	125
-0.00965870377371991	2.34717520466234	125
0.0906084823340301	1.93241659324521	125
0.0051201198400499	1.82139862095318	125
-0.0682446814381701	1.36284901545412	125
0.01851416710836	2.18667988294494	1491
-0.00236140634240001	2.20767982709532	125
0.0631858669660399	1.08613264847785	125
0.00745216601577003	0.774408020936589	1491
-0.0920905023935401	1.55864820466302	2
-0.05455694893307	1.97936987612584	1491
-0.03456853485333	2.30961897072103	125
-0.000888447092250111	0.747286307307152	407
-0.10456571521505	0.868534190994594	53
-0.0125850040578399	1.28573088907255	53
0.0530889797946399	1.57554794359245	53
0.04589018215021	1.67081066325482	1491
0.00871964564949002	0.776327112503275	53
-0.11524562192928	1.73723389796033	53
-0.01299427237343	1.24418053239541	53
-0.11518649360317	1.60629228701089	2
-0.09542176371985	1.54269776841381	1810
-0.03139153724856	1.94814638359726	53
0.0468620084065801	2.48798118141965	53
-0.04323753447774	2.32003392807181	53
0.05620473340466	2.43433108137534	53
